student_id,month,attendance_pct,subject_attendance,attendance_pct_missing,subject_attendance_missing
H0001,2025-01,88.0,81.94097149148573,0,0
H0002,2025-01,94.0,83.38501687264012,0,0
H0003,2025-01,89.0,71.44731306747016,0,0
H0004,2025-01,86.0,79.54928803498336,0,0
H0005,2025-01,90.0,89.5242717747511,0,0
H0006,2025-01,89.0,61.96591134859768,0,0
H0007,2025-01,100.0,80.68233367068318,0,0
H0008,2025-01,82.0,71.3454320378938,0,0
H0009,2025-01,85.0,71.55861851214158,0,0
H0010,2025-01,92.0,82.20831888808195,0,0
H0011,2025-01,76.0,74.37906799814287,0,0
H0012,2025-01,66.0,68.36928821396575,0,0
H0013,2025-01,88.0,93.50428386945792,0,0
H0014,2025-01,79.0,88.85779429041956,0,0
H0015,2025-01,66.0,59.39025513491732,0,0
H0016,2025-01,89.0,66.62340261946866,0,0
H0017,2025-01,100.0,86.72540813539862,0,0
H0018,2025-01,62.0,77.509118687069,0,0
H0019,2025-01,94.0,95.45759116744009,0,0
H0020,2025-01,51.0,86.37865109066304,0,0
H0021,2025-01,77.0,83.53226940122887,0,0
H0022,2025-01,100.0,70.41279421652926,0,0
H0023,2025-01,77.0,84.33966471236221,0,0
H0024,2025-01,82.0,65.95730171436833,0,0
H0026,2025-01,63.0,86.18601392467822,0,0
H0027,2025-01,82.0,71.29435122670908,0,0
H0028,2025-01,83.0,88.79236092195276,0,0
H0029,2025-01,100.0,100.0,0,0
H0030,2025-01,68.0,79.13336761890972,0,0
H0031,2025-01,78.0,86.09993140081042,0,0
H0032,2025-01,71.0,76.23452670867155,0,0
H0033,2025-01,71.0,82.87867072400364,0,0
H0034,2025-01,96.0,65.33171983807394,0,0
H0035,2025-01,82.0,79.76657164645312,0,0
H0036,2025-01,76.0,81.58967493813202,0,0
H0037,2025-01,76.0,98.94075320771154,0,0
H0038,2025-01,77.0,64.03871925386605,0,0
H0039,2025-01,78.0,80.22465466787075,0,1
H0040,2025-01,66.0,92.48404583846974,0,0
H0041,2025-01,79.0,77.90071755812048,0,0
H0042,2025-01,77.0,77.46821560340065,0,0
H0043,2025-01,74.0,72.78587992449197,0,0
H0044,2025-01,84.0,71.44492299360093,0,0
H0045,2025-01,85.0,62.08729812478778,0,0
H0046,2025-01,76.0,74.48865029846067,0,0
H0047,2025-01,80.0,70.36272122791661,0,0
H0048,2025-01,100.0,82.53313023027185,0,0
H0049,2025-01,100.0,72.09163558110183,0,0
H0050,2025-01,70.0,76.44063050491187,0,0
H0051,2025-01,71.0,76.31388823294922,0,0
H0052,2025-01,70.0,80.4522459361736,0,0
H0053,2025-01,95.0,75.81406202366281,0,0
H0054,2025-01,77.0,69.25856589346111,0,0
H0055,2025-01,84.0,80.21260131205365,0,0
H0056,2025-01,100.0,90.23728301306276,0,0
H0057,2025-01,82.0,82.09194738204461,0,0
H0058,2025-01,91.0,74.38201272515042,0,0
H0059,2025-01,89.0,80.47998941630259,0,0
H0060,2025-01,76.0,60.57538097327408,0,0
H0061,2025-01,95.0,79.00746160664453,0,0
H0062,2025-01,71.0,75.46091424288326,0,0
H0063,2025-01,97.0,70.42549361579863,0,0
H0064,2025-01,75.0,73.18576593197196,0,0
H0065,2025-01,76.0,76.53084879737122,0,0
H0066,2025-01,68.0,89.1285121786828,0,0
H0067,2025-01,70.0,90.22184879906132,0,0
H0068,2025-01,78.0,72.08244904208823,0,0
H0069,2025-01,55.0,77.42834819606159,0,0
H0070,2025-01,77.0,73.5591152504731,0,0
H0071,2025-01,77.0,89.58977151897054,0,0
H0072,2025-01,90.0,80.35551216100484,0,0
H0073,2025-01,86.0,80.39946376139574,0,0
H0074,2025-01,74.0,86.36201625230242,0,0
H0075,2025-01,77.0,74.99207449144427,0,0
H0076,2025-01,80.0,94.507842870003,0,0
H0077,2025-01,100.0,81.26810286228779,0,0
H0078,2025-01,71.0,70.98872875177531,0,0
H0079,2025-01,72.0,76.5375053756839,0,0
H0080,2025-01,69.0,92.87978284372126,0,0
H0081,2025-01,64.0,76.28829020886691,0,0
H0082,2025-01,86.0,90.10482220916576,0,0
H0083,2025-01,83.0,72.52017651016145,0,0
H0084,2025-01,98.0,73.85353000971674,0,0
H0085,2025-01,96.0,88.39647782491424,0,0
H0086,2025-01,100.0,71.74624880084411,0,0
H0087,2025-01,81.0,88.19246590271719,0,0
H0088,2025-01,78.0,83.3867346733445,0,0
H0089,2025-01,68.0,73.96251666242165,0,0
H0090,2025-01,82.0,80.72743450855634,1,0
H0091,2025-01,83.0,74.51070267154037,0,0
H0092,2025-01,91.0,85.37008936110115,0,0
H0093,2025-01,67.0,98.13325864426614,0,0
H0094,2025-01,87.0,77.0080724077579,0,0
H0095,2025-01,86.0,87.36504618385014,0,0
H0096,2025-01,83.0,79.43772494200697,0,0
H0097,2025-01,74.0,80.58039323188791,0,0
H0098,2025-01,97.0,79.5451478095999,0,0
H0099,2025-01,100.0,73.1326596400514,0,0
H0100,2025-01,68.0,83.48901716565764,0,0
H0101,2025-01,91.0,77.99376390454121,0,0
H0102,2025-01,47.0,70.9700568108352,0,0
H0103,2025-01,91.0,91.29246958902472,0,0
H0104,2025-01,60.0,81.79406568647745,0,0
H0105,2025-01,76.0,78.12591531950874,0,0
H0106,2025-01,66.0,80.22465466787075,0,1
H0107,2025-01,79.0,61.08745290703091,0,0
H0108,2025-01,92.0,93.20335569561406,0,0
H0109,2025-01,60.0,72.04097445833325,0,0
H0110,2025-01,77.0,81.59729292718114,0,0
H0111,2025-01,76.0,74.68473589565563,0,0
H0112,2025-01,100.0,72.80149731420218,0,0
H0113,2025-01,88.0,94.2994149367444,0,0
H0114,2025-01,68.0,99.6239733184476,0,0
H0115,2025-01,78.0,80.12146492668836,0,0
H0116,2025-01,100.0,83.50216418757137,0,0
H0117,2025-01,90.0,79.89705585253685,0,0
H0118,2025-01,72.0,80.22465466787075,0,1
H0119,2025-01,78.0,58.78151216517279,0,0
H0120,2025-01,79.0,83.82838161395405,0,0
H0121,2025-01,75.0,72.42724098884361,0,0
H0122,2025-01,60.0,55.71522123403936,0,0
H0123,2025-01,74.0,76.54384666436482,0,0
H0124,2025-01,99.0,98.92779651824463,0,0
H0125,2025-01,78.0,74.1162892844956,0,0
H0126,2025-01,83.0,90.22349411197366,0,0
H0127,2025-01,84.0,92.43044531202206,0,0
H0128,2025-01,100.0,80.18484746806912,0,0
H0129,2025-01,83.0,82.87736299513527,0,0
H0130,2025-01,96.0,63.9745923133937,0,0
H0131,2025-01,76.0,80.22465466787075,0,1
H0132,2025-01,79.0,89.47070290684417,0,0
H0133,2025-01,80.0,79.14725945892748,0,0
H0135,2025-01,78.0,80.46489168539458,0,0
H0136,2025-01,92.0,100.0,0,0
H0137,2025-01,72.0,75.74487646831238,0,0
H0138,2025-01,80.0,94.28712316122306,0,0
H0139,2025-01,89.0,80.27694132817999,0,0
H0140,2025-01,73.0,97.80835052441763,0,0
H0141,2025-01,94.0,67.07012901373618,0,0
H0142,2025-01,83.0,82.11175662300805,0,0
H0143,2025-01,80.0,76.25842890853022,0,0
H0144,2025-01,58.0,82.0429483928707,0,0
H0145,2025-01,78.0,92.76309810085004,0,0
H0146,2025-01,88.0,85.94652190138771,0,0
H0147,2025-01,100.0,93.4823497322624,0,0
H0149,2025-01,95.0,80.22465466787075,0,1
H0150,2025-01,68.0,81.55012638836375,0,0
H0151,2025-01,80.0,79.267638597453,0,0
H0152,2025-01,96.0,77.84542556031646,0,0
H0153,2025-01,72.0,71.06416277657908,0,0
H0154,2025-01,93.0,92.27116085754946,0,0
H0155,2025-01,92.0,77.57923630961956,0,0
H0156,2025-01,84.0,93.71013743413651,0,0
H0157,2025-01,78.0,80.89750514116065,0,0
H0158,2025-01,69.0,85.5122822877477,0,0
H0159,2025-01,100.0,86.29080426238947,0,0
H0160,2025-01,89.0,71.77778820203096,0,0
H0161,2025-01,86.0,84.28767320045347,0,0
H0163,2025-01,83.0,83.3645769474619,0,0
H0164,2025-01,84.0,80.22465466787075,0,1
H0165,2025-01,87.0,87.67905960862058,0,0
H0166,2025-01,90.0,82.61693190168397,0,0
H0167,2025-01,72.0,81.5099348777867,0,0
H0168,2025-01,64.0,85.46486420688187,0,0
H0169,2025-01,85.0,89.7926191663045,0,0
H0170,2025-01,61.0,66.45378814345634,0,0
H0171,2025-01,78.0,82.82970870383272,0,0
H0173,2025-01,88.0,76.9912894758014,0,0
H0174,2025-01,100.0,94.37334524836344,0,0
H0175,2025-01,59.0,73.94767533342309,0,0
H0176,2025-01,100.0,65.61133206351802,0,0
H0177,2025-01,79.0,80.22465466787075,0,1
H0178,2025-01,87.0,67.25340173450148,0,0
H0179,2025-01,66.0,61.89402784259431,0,0
H0180,2025-01,95.0,90.4525117022422,0,0
H0181,2025-01,81.0,80.76200716288116,0,0
H0182,2025-01,82.0,85.38955361858987,0,0
H0183,2025-01,58.0,74.97978845660651,0,0
H0184,2025-01,84.0,67.60864152146084,0,0
H0185,2025-01,91.0,67.12195449369372,0,0
H0186,2025-01,78.0,76.74188006672748,0,0
H0187,2025-01,95.0,66.7152614638496,0,0
H0188,2025-01,97.0,85.04241663616634,0,0
H0190,2025-01,100.0,83.34351166523778,0,0
H0191,2025-01,81.0,80.47165679036166,0,0
H0192,2025-01,83.0,84.90803318010398,0,0
H0193,2025-01,83.0,85.70031558102409,0,0
H0194,2025-01,83.0,77.19064442486231,0,0
H0195,2025-01,52.0,84.02689500300754,0,0
H0196,2025-01,81.0,84.45349818544553,0,0
H0197,2025-01,65.0,55.08957795611524,0,0
H0198,2025-01,99.0,84.31581695443201,0,0
H0199,2025-01,100.0,81.41886130064238,0,0
H0200,2025-01,94.0,88.01514142555901,0,0
H0201,2025-01,78.0,66.78259774225111,0,0
H0202,2025-01,69.0,76.22421029231194,0,0
H0203,2025-01,75.0,70.30955386029011,0,0
H0204,2025-01,100.0,89.70018692015476,0,0
H0205,2025-01,75.0,67.2476600951933,0,0
H0206,2025-01,54.0,71.76753180065754,0,0
H0207,2025-01,95.0,86.52142334885372,0,0
H0208,2025-01,100.0,73.84117003198587,0,0
H0209,2025-01,100.0,73.22812983872551,0,0
H0210,2025-01,94.0,89.3524942120645,0,0
H0211,2025-01,97.0,89.99615992135881,0,0
H0212,2025-01,83.0,88.08104990939403,0,0
H0213,2025-01,57.0,88.86644621861413,0,0
H0214,2025-01,82.0,78.22545086782445,0,0
H0215,2025-01,89.0,77.6872523125444,0,0
H0216,2025-01,78.0,71.54179391391894,0,0
H0217,2025-01,79.0,81.3186011298307,0,0
H0218,2025-01,71.0,75.21706616587214,0,0
H0219,2025-01,70.0,76.03837982674652,0,0
H0220,2025-01,100.0,86.04663000514103,0,0
H0221,2025-01,100.0,93.26735481966904,0,0
H0222,2025-01,83.0,85.4448290243697,0,0
H0223,2025-01,84.0,96.92595964898362,0,0
H0224,2025-01,70.0,72.88372059695105,0,0
H0225,2025-01,91.0,63.134668960474045,0,0
H0226,2025-01,100.0,86.53934859616103,0,0
H0227,2025-01,64.0,73.58347606724655,0,0
H0228,2025-01,86.0,75.99111659500143,0,0
H0229,2025-01,89.0,63.34766268609053,0,0
H0230,2025-01,89.0,71.7630543210933,0,0
H0231,2025-01,100.0,67.82190396108709,0,0
H0232,2025-01,100.0,75.59196213638052,0,0
H0233,2025-01,80.0,80.22465466787075,0,1
H0234,2025-01,90.0,80.8185609063589,0,0
H0235,2025-01,83.0,92.33355689271114,0,0
H0236,2025-01,74.0,86.27936006239725,0,0
H0237,2025-01,85.0,63.830029063507226,0,0
H0238,2025-01,90.0,86.28501335082737,0,0
H0239,2025-01,85.0,81.7936679225499,0,0
H0240,2025-01,72.0,80.20545147942691,0,0
H0241,2025-01,76.0,79.26322857376375,0,0
H0242,2025-01,78.0,83.77626561446597,0,0
H0243,2025-01,73.0,74.2920393970324,0,0
H0244,2025-01,86.0,79.32632018155995,0,0
H0245,2025-01,86.0,91.64876204419642,0,0
H0246,2025-01,94.0,73.12059363972654,0,0
H0247,2025-01,70.0,68.64366990308218,0,0
H0248,2025-01,74.0,78.99868062552324,0,0
H0249,2025-01,100.0,68.81644712894425,0,0
H0250,2025-01,81.0,63.95339173529571,0,0
H0251,2025-01,82.0,76.68625496806257,0,0
H0252,2025-01,80.0,95.51168352375784,0,0
H0253,2025-01,96.0,80.06732045608732,0,0
H0255,2025-01,96.0,59.93305391116387,0,0
H0256,2025-01,84.0,86.18172641161136,0,0
H0257,2025-01,71.0,80.51990353685405,0,0
H0258,2025-01,100.0,74.04067610727425,0,0
H0259,2025-01,92.0,82.14876401976319,0,0
H0260,2025-01,78.0,83.45610516867931,0,0
H0261,2025-01,100.0,71.31609534733641,0,0
H0262,2025-01,75.0,83.02126430309626,0,0
H0263,2025-01,100.0,94.21310170186412,0,0
H0264,2025-01,100.0,79.53010822780553,0,0
H0265,2025-01,72.0,72.79797612858812,0,0
H0266,2025-01,89.0,78.312368020773,0,0
H0267,2025-01,92.0,89.62180466724232,0,0
H0268,2025-01,100.0,80.22465466787075,0,1
H0269,2025-01,73.0,85.54584692700719,0,0
H0270,2025-01,100.0,75.31630736247556,0,0
H0271,2025-01,83.0,83.49242546582879,0,0
H0272,2025-01,68.0,76.20620327738402,0,0
H0273,2025-01,83.0,77.42685483861818,0,0
H0274,2025-01,81.0,80.22465466787075,0,1
H0275,2025-01,69.0,65.54484629801907,0,0
H0276,2025-01,85.0,84.90503318614293,0,0
H0277,2025-01,95.0,99.3534245710101,0,0
H0278,2025-01,84.0,86.37885023523941,0,0
H0279,2025-01,75.0,66.16318937981643,0,0
H0280,2025-01,81.0,67.9582306489318,0,0
H0281,2025-01,83.0,74.05529851289127,0,0
H0282,2025-01,84.0,81.28463835268504,0,0
H0283,2025-01,95.0,82.5958752552993,0,0
H0284,2025-01,87.0,69.71898607215002,0,0
H0285,2025-01,65.0,71.54191019350102,0,0
H0286,2025-01,74.0,71.25828426330112,0,0
H0287,2025-01,85.0,79.34131648278014,0,0
H0288,2025-01,95.0,99.81714681096804,0,0
H0289,2025-01,98.0,71.19464403118126,0,0
H0291,2025-01,83.0,67.9810662117853,0,0
H0292,2025-01,92.0,87.84562164366713,0,0
H0293,2025-01,64.0,79.4697114094675,0,0
H0294,2025-01,88.0,72.75806608893068,0,0
H0295,2025-01,68.0,75.38532346624979,0,0
H0296,2025-01,81.0,72.31988607115191,0,0
H0297,2025-01,100.0,83.7594321988131,0,0
H0298,2025-01,86.0,100.0,0,0
H0299,2025-01,71.0,85.57576009653879,0,0
H0300,2025-01,86.0,78.95628447495056,0,0
H0301,2025-01,75.0,72.66740973748642,0,0
H0302,2025-01,71.0,67.79056026497285,0,0
H0303,2025-01,100.0,88.26687082074827,0,0
H0304,2025-01,94.0,86.6618898335811,0,0
H0305,2025-01,85.0,74.61384096129366,0,0
H0306,2025-01,77.0,91.71430957107684,0,0
H0307,2025-01,78.0,80.32572411775331,0,0
H0308,2025-01,100.0,87.4200015761221,0,0
H0309,2025-01,87.0,80.22465466787075,0,1
H0310,2025-01,46.0,79.91123089700037,0,0
H0311,2025-01,100.0,71.09567093583671,0,0
H0312,2025-01,85.0,79.60077487001736,0,0
H0313,2025-01,88.0,80.22465466787075,0,1
H0314,2025-01,94.0,74.1592848016118,0,0
H0315,2025-01,87.0,80.22465466787075,0,1
H0316,2025-01,92.0,70.39429714288589,0,0
H0317,2025-01,76.0,87.41317833622924,0,0
H0318,2025-01,66.0,82.21290178513969,0,0
H0319,2025-01,86.0,68.91878973012179,0,0
H0320,2025-01,98.0,77.35447980589723,0,0
H0321,2025-01,73.0,88.75708633356757,0,0
H0322,2025-01,73.0,67.12651668912841,0,0
H0323,2025-01,98.0,71.47790476849578,0,0
H0324,2025-01,76.0,79.41844374389699,0,0
H0325,2025-01,78.0,100.0,0,0
H0326,2025-01,77.0,73.36551046284015,0,0
H0327,2025-01,81.0,84.68938934992327,0,0
H0328,2025-01,63.0,82.56453639565775,0,0
H0329,2025-01,75.0,74.26229982074608,0,0
H0330,2025-01,86.0,83.22647906487046,0,0
H0331,2025-01,86.0,77.0807210999619,0,0
H0332,2025-01,96.0,77.05105534080215,0,0
H0333,2025-01,100.0,64.00874643706553,0,0
H0334,2025-01,100.0,79.87560561149967,0,0
H0335,2025-01,93.0,89.06118980444613,0,0
H0336,2025-01,80.0,81.12769581000981,0,0
H0337,2025-01,76.0,93.16114775004333,0,0
H0338,2025-01,81.0,85.10324862854156,0,0
H0339,2025-01,90.0,80.67770785842097,0,0
H0340,2025-01,90.0,72.35222168818589,0,0
H0341,2025-01,89.0,75.44808187242901,0,0
H0342,2025-01,81.0,66.06187803539407,0,0
H0343,2025-01,91.0,76.93007038939102,0,0
H0344,2025-01,96.0,80.56620929493926,0,0
H0345,2025-01,92.0,97.29089545862531,0,0
H0346,2025-01,81.0,84.84094566058688,0,0
H0347,2025-01,71.0,70.94892752213306,0,0
H0348,2025-01,73.0,67.45559828458161,0,0
H0349,2025-01,73.0,80.22465466787075,0,1
H0350,2025-01,85.0,88.70051325451247,0,0
H0351,2025-01,88.0,77.87247822701075,0,0
H0352,2025-01,67.0,87.44628728893207,0,0
H0353,2025-01,76.0,79.1021289396253,0,0
H0354,2025-01,84.0,86.61790682247755,0,0
H0355,2025-01,71.0,64.70920003747152,0,0
H0356,2025-01,86.0,80.22465466787075,0,1
H0357,2025-01,79.0,70.24134671488113,0,0
H0358,2025-01,72.0,87.02431960772458,0,0
H0359,2025-01,83.0,78.26108873762007,0,0
H0360,2025-01,86.0,78.29622669408057,0,0
H0361,2025-01,73.0,79.09918071049036,0,0
H0362,2025-01,80.0,84.29136281173135,0,0
H0363,2025-01,88.0,85.07291270516463,0,0
H0364,2025-01,73.0,91.46149148898294,0,0
H0365,2025-01,62.0,94.64099835399608,0,0
H0366,2025-01,64.0,84.088751669331,0,0
H0367,2025-01,77.0,97.0422913860552,0,0
H0368,2025-01,66.0,80.92411230456665,0,0
H0369,2025-01,79.0,92.63833545766516,0,0
H0370,2025-01,100.0,84.34868151785982,0,0
H0371,2025-01,64.0,73.4719549440558,0,0
H0372,2025-01,79.0,82.4663515448255,0,0
H0373,2025-01,100.0,85.17276113131804,0,0
H0374,2025-01,89.0,81.89394014667715,0,0
H0375,2025-01,80.0,86.65287164658034,0,0
H0376,2025-01,81.0,90.53386724726296,0,0
H0377,2025-01,87.0,79.94748246603908,0,0
H0378,2025-01,100.0,51.0977100053817,0,0
H0379,2025-01,75.0,96.22930336027444,0,0
H0380,2025-01,72.0,76.86609785839788,0,0
H0381,2025-01,64.0,71.09261713624562,0,0
H0382,2025-01,82.0,67.75736523322688,0,0
H0384,2025-01,76.0,74.47536693290043,0,0
H0385,2025-01,71.0,73.11939777422504,0,0
H0386,2025-01,95.0,73.55924341134144,0,0
H0387,2025-01,76.0,85.4442643295176,0,0
H0388,2025-01,87.0,100.0,0,0
H0389,2025-01,64.0,89.45284999605384,0,0
H0390,2025-01,83.0,91.50390822186696,0,0
H0391,2025-01,67.0,75.62676849546412,0,0
H0392,2025-01,78.0,82.61132721824791,0,0
H0393,2025-01,100.0,84.73950565997309,0,0
H0394,2025-01,92.0,72.8487663639567,0,0
H0395,2025-01,81.0,77.06261001073331,0,0
H0396,2025-01,100.0,88.02534565091617,0,0
H0397,2025-01,70.0,90.45751739468368,0,0
H0398,2025-01,82.0,81.08790709172392,1,0
H0399,2025-01,64.0,68.98307488459099,0,0
H0400,2025-01,79.0,77.82465775235787,0,0
H0401,2025-01,67.0,67.28051272269633,0,0
H0402,2025-01,86.0,82.230614981344,0,0
H0403,2025-01,82.0,82.36831192635653,0,0
H0404,2025-01,81.0,80.90735284925742,0,0
H0405,2025-01,95.0,82.20191457400237,0,0
H0406,2025-01,75.0,84.32551127169052,0,0
H0407,2025-01,86.0,83.54233143533727,0,0
H0408,2025-01,92.0,68.23138775827714,0,0
H0409,2025-01,66.0,79.39078023934547,0,0
H0410,2025-01,73.0,83.97071416001181,0,0
H0411,2025-01,83.0,97.11519199534057,0,0
H0412,2025-01,89.0,77.42488744678079,0,0
H0413,2025-01,100.0,86.99667575178596,0,0
H0414,2025-01,78.0,88.04159089446269,0,0
H0415,2025-01,79.0,79.6359673036782,0,0
H0416,2025-01,72.0,92.6608765148502,0,0
H0417,2025-01,86.0,92.83339372271924,0,0
H0418,2025-01,77.0,93.16596204633768,0,0
H0419,2025-01,81.0,80.22465466787075,0,1
H0420,2025-01,80.0,100.0,0,0
H0421,2025-01,87.0,72.68529009835501,0,0
H0422,2025-01,76.0,100.0,0,0
H0423,2025-01,73.0,88.92328765018765,0,0
H0424,2025-01,88.0,95.10480694538188,0,0
H0425,2025-01,46.0,77.18681577631138,0,0
H0426,2025-01,75.0,88.92574023450555,0,0
H0427,2025-01,69.0,95.05319920053287,0,0
H0428,2025-01,96.0,69.34855270425746,0,0
H0429,2025-01,77.0,78.97217139448067,0,0
H0430,2025-01,74.0,58.07034802076733,0,0
H0431,2025-01,80.0,77.47003432114323,0,0
H0432,2025-01,74.0,70.88485864735847,0,0
H0433,2025-01,78.0,78.60176442675332,0,0
H0434,2025-01,83.0,100.0,0,0
H0435,2025-01,78.0,99.21006740285516,0,0
H0436,2025-01,78.0,66.9157956938324,0,0
H0437,2025-01,71.0,87.43552494412022,0,0
H0438,2025-01,67.0,86.59311802901763,0,0
H0439,2025-01,83.0,77.24560652184903,0,0
H0440,2025-01,85.0,81.87945830068936,0,0
H0441,2025-01,65.0,83.20269646626484,0,0
H0442,2025-01,92.0,68.10650421164883,0,0
H0443,2025-01,90.0,68.88667399014511,0,0
H0444,2025-01,93.0,81.8494765573588,0,0
H0445,2025-01,82.0,81.72574357185678,1,0
H0446,2025-01,90.0,73.30935915240745,0,0
H0447,2025-01,100.0,72.54760899114662,0,0
H0448,2025-01,77.0,78.00889194970391,0,0
H0449,2025-01,70.0,89.3860630168822,0,0
H0450,2025-01,63.0,78.63825081235686,0,0
H0452,2025-01,100.0,71.95301538361785,0,0
H0453,2025-01,70.0,80.79611815462036,0,0
H0454,2025-01,73.0,77.10423253072612,0,0
H0455,2025-01,79.0,87.22602491802436,0,0
H0456,2025-01,97.0,72.55506353613785,0,0
H0457,2025-01,66.0,99.14480883725928,0,0
H0458,2025-01,59.0,63.86896163766914,0,0
H0459,2025-01,100.0,96.11243199899404,0,0
H0460,2025-01,85.0,80.70092145711222,0,0
H0461,2025-01,88.0,86.27330850245723,0,0
H0462,2025-01,80.0,94.30318237033944,0,0
H0463,2025-01,87.0,88.09488928969972,0,0
H0464,2025-01,65.0,74.87562289908536,0,0
H0465,2025-01,71.0,85.72511995181793,0,0
H0466,2025-01,84.0,99.48520089575445,0,0
H0467,2025-01,55.0,80.22465466787075,0,1
H0468,2025-01,78.0,80.22465466787075,0,1
H0469,2025-01,79.0,85.50638656824573,0,0
H0470,2025-01,78.0,75.87446840645887,0,0
H0471,2025-01,76.0,71.81318592608937,0,0
H0472,2025-01,69.0,77.3049031917612,0,0
H0473,2025-01,61.0,61.75894536071689,0,0
H0474,2025-01,84.0,77.08018823611656,0,0
H0475,2025-01,80.0,79.19292163050652,0,0
H0476,2025-01,66.0,69.74647552915378,0,0
H0477,2025-01,83.0,88.22152427618676,0,0
H0478,2025-01,78.0,78.13141027667736,0,0
H0479,2025-01,75.0,72.58802224715836,0,0
H0480,2025-01,57.0,77.63702302493455,0,0
H0481,2025-01,91.0,85.23132640537273,0,0
H0482,2025-01,69.0,82.78362426122298,0,0
H0483,2025-01,83.0,74.04902738988861,0,0
H0484,2025-01,73.0,82.60227070423844,0,0
H0485,2025-01,77.0,79.49388163613878,0,0
H0486,2025-01,94.0,67.14538502111289,0,0
H0487,2025-01,88.0,77.27136623870557,0,0
H0488,2025-01,96.0,86.6175590222568,0,0
H0489,2025-01,85.0,80.22465466787075,0,1
H0490,2025-01,86.0,77.61204172931018,0,0
H0491,2025-01,61.0,87.20172861951296,0,0
H0492,2025-01,77.0,69.04182171914694,0,0
H0493,2025-01,79.0,70.12448585045084,0,0
H0494,2025-01,99.0,79.93005079306583,0,0
H0495,2025-01,75.0,94.1076893081009,0,0
H0496,2025-01,85.0,82.26223237949907,0,0
H0497,2025-01,84.0,76.83309921694956,0,0
H0498,2025-01,96.0,95.82164120715096,0,0
H0499,2025-01,81.0,80.22465466787075,0,1
H0500,2025-01,92.0,100.0,0,0
H0501,2025-01,62.0,75.54722165749723,0,0
H0502,2025-01,61.0,68.95598568676286,0,0
H0503,2025-01,55.0,79.15389822567204,0,0
H0504,2025-01,90.0,76.81258369336102,0,0
H0505,2025-01,90.0,72.08264739599726,0,0
H0506,2025-01,93.0,100.0,0,0
H0507,2025-01,75.0,84.83981004838206,0,0
H0508,2025-01,75.0,84.86195237728218,0,0
H0509,2025-01,80.0,74.69147364516675,0,0
H0510,2025-01,99.0,74.463908245081,0,0
H0511,2025-01,100.0,92.20729204074756,0,0
H0512,2025-01,91.0,63.34467489879196,0,0
H0513,2025-01,88.0,70.73637543963383,0,0
H0514,2025-01,99.0,78.7724705845998,0,0
H0515,2025-01,79.0,93.70849649862186,0,0
H0516,2025-01,79.0,78.27875012467842,0,0
H0517,2025-01,81.0,85.15633020330291,0,0
H0518,2025-01,70.0,80.5006294560951,0,0
H0519,2025-01,80.0,93.74404036943884,0,0
H0520,2025-01,69.0,65.37888213475074,0,0
H0521,2025-01,93.0,86.64467712260671,0,0
H0522,2025-01,88.0,77.71118979191228,0,0
H0523,2025-01,100.0,90.61157744027102,0,0
H0524,2025-01,61.0,70.92619854713989,0,0
H0525,2025-01,100.0,80.22465466787075,0,1
H0526,2025-01,64.0,80.17610395852313,0,0
H0527,2025-01,67.0,69.55798942306171,0,0
H0528,2025-01,74.0,67.46012984118478,0,0
H0529,2025-01,95.0,72.03882113411889,0,0
H0530,2025-01,85.0,82.54933580557667,0,0
H0531,2025-01,78.0,72.1498351967919,0,0
H0532,2025-01,72.0,80.22465466787075,0,1
H0533,2025-01,66.0,61.93474331677826,0,0
H0534,2025-01,95.0,76.00229316031235,0,0
H0535,2025-01,92.0,91.379208801188,0,0
H0536,2025-01,99.0,88.04136474611325,0,0
H0537,2025-01,85.0,77.61483240846945,0,0
H0538,2025-01,50.0,82.84489769128238,0,0
H0539,2025-01,69.0,80.22465466787075,0,1
H0540,2025-01,86.0,94.57972483481645,0,0
H0541,2025-01,77.0,100.0,0,0
H0542,2025-01,75.0,81.30045186371662,0,0
H0543,2025-01,70.0,100.0,0,0
H0544,2025-01,94.0,73.75000118407878,0,0
H0545,2025-01,88.0,68.34018629347959,0,0
H0546,2025-01,89.0,73.8682380058378,0,0
H0547,2025-01,73.0,80.22465466787075,0,1
H0548,2025-01,86.0,100.0,0,0
H0549,2025-01,65.0,76.10207324657968,0,0
H0550,2025-01,81.0,72.18985040243744,0,0
H0551,2025-01,51.0,70.66268849721297,0,0
H0552,2025-01,63.0,80.22465466787075,0,1
H0553,2025-01,79.0,91.0858169010216,0,0
H0554,2025-01,100.0,75.31877315484846,0,0
H0555,2025-01,61.0,62.14120254772365,0,0
H0556,2025-01,68.0,70.42060875252355,0,0
H0558,2025-01,100.0,87.32576558882185,0,0
H0559,2025-01,84.0,80.95512474335123,0,0
H0561,2025-01,78.0,100.0,0,0
H0562,2025-01,77.0,80.22465466787075,0,1
H0563,2025-01,83.0,80.20797777681929,0,0
H0564,2025-01,75.0,75.72711852648257,0,0
H0565,2025-01,91.0,77.83732084993325,0,0
H0566,2025-01,63.0,65.84826250335698,0,0
H0567,2025-01,94.0,67.43429062820182,0,0
H0568,2025-01,84.0,64.45069933805223,0,0
H0569,2025-01,79.0,91.17654557290446,0,0
H0570,2025-01,62.0,64.88806937810203,0,0
H0571,2025-01,70.0,100.0,0,0
H0572,2025-01,96.0,72.3144168279635,0,0
H0574,2025-01,85.0,76.80811933380431,0,0
H0575,2025-01,71.0,64.1640178778849,0,0
H0576,2025-01,81.0,92.90422101826992,0,0
H0577,2025-01,66.0,94.81599633384656,0,0
H0578,2025-01,83.0,71.56411606613207,0,0
H0579,2025-01,86.0,76.51895216168374,0,0
H0580,2025-01,86.0,71.70614440979398,0,0
H0581,2025-01,72.0,79.62889459879577,0,0
H0582,2025-01,78.0,81.63418768370914,0,0
H0583,2025-01,88.0,76.52935165875827,0,0
H0584,2025-01,79.0,61.5299575131321,0,0
H0585,2025-01,78.0,74.27865375485268,0,0
H0586,2025-01,100.0,80.22465466787075,0,1
H0587,2025-01,72.0,79.89178272514447,0,0
H0588,2025-01,96.0,78.22420134528807,0,0
H0589,2025-01,69.0,72.42287514883867,0,0
H0590,2025-01,91.0,75.22887164585502,0,0
H0591,2025-01,90.0,93.53061526592056,0,0
H0592,2025-01,75.0,68.36105385087716,0,0
H0593,2025-01,68.0,88.50285418056518,0,0
H0594,2025-01,58.0,80.40384918652093,0,0
H0596,2025-01,89.0,73.65037502195815,0,0
H0597,2025-01,69.0,76.48550469239949,0,0
H0598,2025-01,83.0,79.68614330451304,0,0
H0599,2025-01,64.0,74.56327603136411,0,0
H0600,2025-01,79.0,83.65007439588503,0,0
C0002,2025-01,80.0,100.0,0,0
C0004,2025-01,68.0,61.425941537048,0,0
C0005,2025-01,75.0,92.88960664879151,0,0
C0006,2025-01,71.0,78.52353232774104,0,0
C0007,2025-01,65.0,98.94869053426952,0,0
C0008,2025-01,96.0,95.81032175073295,0,0
C0009,2025-01,77.0,75.10493463631711,0,0
C0010,2025-01,55.0,87.31577299874291,0,0
C0011,2025-01,74.0,74.43571302828714,0,0
C0012,2025-01,92.0,79.28078057537216,0,0
C0013,2025-01,73.0,86.76985432095361,0,0
C0014,2025-01,100.0,91.41365063939271,0,0
C0015,2025-01,73.0,90.86782492290622,0,0
C0016,2025-01,87.0,80.08949333083643,0,0
C0017,2025-01,94.0,100.0,0,0
C0018,2025-01,86.0,75.54785632107263,0,0
C0019,2025-01,66.0,64.72946796797214,0,0
C0020,2025-01,71.0,66.72920758031906,0,0
C0021,2025-01,95.0,93.9149972299345,0,0
C0022,2025-01,72.0,79.3209921572111,0,0
C0023,2025-01,93.0,81.50749699786607,0,0
C0024,2025-01,75.0,72.79516651502186,0,0
C0025,2025-01,83.0,75.59891634337046,0,0
C0026,2025-01,64.0,71.37423180979951,0,0
C0027,2025-01,75.0,85.04548863187757,0,0
C0028,2025-01,71.0,79.31917536387793,0,0
C0029,2025-01,84.0,84.33315881270283,0,0
C0030,2025-01,83.0,83.13634808993223,0,0
C0031,2025-01,87.0,75.93460111508278,0,0
C0032,2025-01,76.0,65.46871065076367,0,0
C0033,2025-01,71.0,65.6255276252399,0,0
C0035,2025-01,69.0,94.9242843123681,0,0
C0036,2025-01,95.0,94.23223272581112,0,0
C0037,2025-01,80.0,73.20755641950527,0,0
C0038,2025-01,77.0,79.58674641828789,0,0
C0039,2025-01,88.0,72.28778526271448,0,0
C0040,2025-01,80.0,66.62417894054809,0,0
C0041,2025-01,61.0,73.32920499816278,0,0
C0042,2025-01,69.0,93.0077154886951,0,0
C0043,2025-01,96.0,89.86136574320345,0,0
C0044,2025-01,84.0,71.82968121727473,0,0
C0045,2025-01,63.0,78.25819143005995,0,0
C0046,2025-01,85.0,86.93617152756319,0,0
C0047,2025-01,76.0,75.51370747870203,0,0
C0048,2025-01,71.0,81.08397788737825,0,0
C0051,2025-01,57.0,80.22465466787075,0,1
C0052,2025-01,71.0,73.02968565170409,0,0
C0053,2025-01,82.0,73.62350326701913,0,0
C0054,2025-01,100.0,68.61401434032845,0,0
C0055,2025-01,88.0,63.73396135689092,0,0
C0056,2025-01,72.0,79.32625195810753,0,0
C0057,2025-01,100.0,88.57211178574748,0,0
C0058,2025-01,67.0,67.94001677326953,0,0
C0059,2025-01,84.0,81.99374538826531,0,0
C0060,2025-01,87.0,87.60593608830034,0,0
C0061,2025-01,71.0,61.4818154619599,0,0
C0062,2025-01,90.0,76.87354723699714,0,0
C0063,2025-01,77.0,98.04931806812452,0,0
C0064,2025-01,92.0,87.4346123525766,0,0
C0065,2025-01,60.0,62.0263822564748,0,0
C0066,2025-01,86.0,87.3533228667223,0,0
C0067,2025-01,76.0,71.31554927815134,0,0
C0068,2025-01,95.0,85.91239589558687,0,0
C0069,2025-01,83.0,74.92562197053343,0,0
C0070,2025-01,98.0,80.71643890187404,0,0
C0071,2025-01,89.0,76.28451494527195,0,0
C0072,2025-01,80.0,79.96051358975387,0,0
C0073,2025-01,90.0,72.59690677606778,0,0
C0074,2025-01,90.0,76.16733335130175,0,0
C0075,2025-01,87.0,68.30359526030304,0,0
C0076,2025-01,54.0,84.59088769857011,0,0
C0077,2025-01,69.0,80.86135899618212,0,0
C0078,2025-01,98.0,63.84513834619763,0,0
C0079,2025-01,68.0,91.2978177550003,0,0
C0080,2025-01,93.0,78.92432062223105,0,0
C0081,2025-01,91.0,83.00280772027888,0,0
C0082,2025-01,75.0,89.87148038390933,0,0
C0083,2025-01,59.0,84.56857782635242,0,0
C0084,2025-01,75.0,91.52322363860736,0,0
C0085,2025-01,100.0,77.84656516135622,0,0
C0086,2025-01,72.0,90.87089438463848,0,0
C0088,2025-01,70.0,85.32528250325531,0,0
C0089,2025-01,96.0,84.28953025266405,0,0
C0090,2025-01,79.0,92.77162715305415,0,0
C0091,2025-01,77.0,89.9395188215983,0,0
C0092,2025-01,82.0,76.14077590388945,1,0
C0093,2025-01,89.0,73.6314364561685,0,0
C0094,2025-01,73.0,81.86313072032266,0,0
C0095,2025-01,67.0,72.09649522303486,0,0
C0096,2025-01,96.0,69.5205873928228,0,0
C0097,2025-01,81.0,57.69444974844463,0,0
C0098,2025-01,63.0,64.8725479756683,0,0
C0099,2025-01,60.0,99.31250540776324,0,0
C0100,2025-01,69.0,74.79212812495722,0,0
C0101,2025-01,68.0,100.0,0,0
C0102,2025-01,60.0,80.22465466787075,0,1
C0103,2025-01,71.0,82.30876021475106,0,0
C0104,2025-01,71.0,64.98976397285301,0,0
C0105,2025-01,77.0,81.3759517935145,0,0
C0106,2025-01,100.0,98.59428658559318,0,0
C0107,2025-01,79.0,96.38799228462452,0,0
C0108,2025-01,79.0,82.4491182268191,0,0
C0109,2025-01,87.0,80.22465466787075,0,1
C0110,2025-01,79.0,71.14186305253051,0,0
C0111,2025-01,86.0,71.01959126268157,0,0
C0112,2025-01,85.0,92.71247789710164,0,0
C0113,2025-01,82.0,95.05959505932412,0,0
C0114,2025-01,100.0,82.46115491542069,0,0
C0115,2025-01,94.0,78.4236631879385,0,0
C0116,2025-01,70.0,97.32244850366568,0,0
C0117,2025-01,87.0,71.29984995036187,0,0
C0118,2025-01,73.0,81.14673463114711,0,0
C0119,2025-01,87.0,84.77162969262302,0,0
C0120,2025-01,64.0,70.60576078647158,0,0
C0122,2025-01,86.0,73.41722704568541,0,0
C0123,2025-01,95.0,95.5256704319704,0,0
C0124,2025-01,87.0,98.01593918316794,0,0
C0125,2025-01,92.0,81.41535289110153,0,0
C0126,2025-01,86.0,77.53431790232423,0,0
C0127,2025-01,85.0,75.66000774432052,0,0
C0128,2025-01,78.0,82.88666192695892,0,0
C0129,2025-01,92.0,75.50687533351227,0,0
C0130,2025-01,93.0,77.52978897310531,0,0
C0131,2025-01,83.0,86.50655670235297,0,0
C0132,2025-01,82.0,77.94789889319759,0,0
C0133,2025-01,100.0,78.19423841580188,0,0
C0134,2025-01,81.0,77.87198990440987,0,0
C0135,2025-01,84.0,78.94791790959039,0,0
C0136,2025-01,88.0,75.96935503325768,0,0
C0137,2025-01,81.0,87.89396283902931,0,0
C0138,2025-01,73.0,64.04291117019865,0,0
C0139,2025-01,85.0,94.0569231310306,0,0
C0140,2025-01,81.0,81.14372155669692,0,0
C0141,2025-01,100.0,88.2564024723032,0,0
C0142,2025-01,92.0,88.54494137747868,0,0
C0143,2025-01,74.0,72.49522648622359,0,0
C0145,2025-01,86.0,70.38786605107839,0,0
C0146,2025-01,98.0,78.49805026522166,0,0
C0147,2025-01,77.0,88.945290585414,0,0
C0148,2025-01,85.0,74.95503833912336,0,0
C0149,2025-01,81.0,86.60365599100994,0,0
C0150,2025-01,82.0,56.4852448712077,0,0
C0151,2025-01,72.0,80.22465466787075,0,1
C0152,2025-01,90.0,80.22465466787075,0,1
C0153,2025-01,87.0,80.22465466787075,0,1
C0154,2025-01,96.0,70.93297377654709,0,0
C0155,2025-01,81.0,73.17441662753392,0,0
C0156,2025-01,78.0,51.18569253221173,0,0
C0158,2025-01,72.0,90.50022985966169,0,0
C0159,2025-01,97.0,76.2266490750135,0,0
C0160,2025-01,95.0,76.14562943544047,0,0
C0161,2025-01,97.0,56.46366409541555,0,0
C0162,2025-01,88.0,65.42953353162943,0,0
C0163,2025-01,77.0,92.99297519386938,0,0
C0164,2025-01,85.0,88.47098544505604,0,0
C0165,2025-01,87.0,67.47520905607045,0,0
C0166,2025-01,75.0,74.05760359315776,0,0
C0167,2025-01,99.0,81.11265055217063,0,0
C0168,2025-01,91.0,70.58776904303683,0,0
C0169,2025-01,72.0,61.09901326826304,0,0
C0170,2025-01,100.0,78.71263669877885,0,0
C0171,2025-01,84.0,87.42641232679155,0,0
C0172,2025-01,68.0,85.08037356494279,0,0
C0173,2025-01,72.0,89.10561897631587,0,0
C0174,2025-01,98.0,63.3511743151351,0,0
C0176,2025-01,94.0,78.10379304267931,0,0
C0177,2025-01,98.0,79.36249548856551,0,0
C0178,2025-01,97.0,78.9277357516938,0,0
C0179,2025-01,89.0,73.69929318028365,0,0
C0180,2025-01,86.0,80.22465466787075,0,1
C0181,2025-01,89.0,92.90797565251764,0,0
C0182,2025-01,91.0,83.7656519203254,0,0
C0183,2025-01,72.0,64.5570289643274,0,0
C0184,2025-01,90.0,84.72237556220466,0,0
C0185,2025-01,99.0,75.24650542013818,0,0
C0186,2025-01,78.0,74.5493622373805,0,0
C0187,2025-01,77.0,71.5671030527977,0,0
C0188,2025-01,90.0,87.85682369076179,0,0
C0189,2025-01,74.0,72.25800123706865,0,0
C0190,2025-01,65.0,67.97249014701492,0,0
C0191,2025-01,95.0,91.41137523665668,0,0
C0192,2025-01,76.0,78.08481969924759,0,0
C0193,2025-01,84.0,81.00724973062381,0,0
C0194,2025-01,75.0,80.22465466787075,0,1
C0195,2025-01,99.0,75.61052264765932,0,0
C0196,2025-01,93.0,76.8694549670615,0,0
C0198,2025-01,68.0,64.83771918319782,0,0
C0199,2025-01,78.0,82.89288311742946,0,0
C0202,2025-01,84.0,86.11972238236979,0,0
C0203,2025-01,84.0,84.24181156733293,0,0
C0204,2025-01,91.0,64.1614557889864,0,0
C0205,2025-01,82.0,80.1274403944984,0,0
C0206,2025-01,88.0,69.81883419453357,0,0
C0207,2025-01,70.0,79.3862352223315,0,0
C0208,2025-01,100.0,57.62742722126083,0,0
C0209,2025-01,79.0,65.78789952099892,0,0
C0210,2025-01,85.0,92.6580297955002,0,0
C0211,2025-01,89.0,80.22465466787075,0,1
C0212,2025-01,78.0,78.17954364051117,0,0
C0213,2025-01,81.0,70.30070405501789,0,0
C0214,2025-01,82.0,68.20525364850909,1,0
C0215,2025-01,73.0,84.07759082076247,0,0
C0216,2025-01,86.0,75.21152019232804,0,0
C0218,2025-01,100.0,77.91776661921524,0,0
C0219,2025-01,91.0,80.38431403807333,0,0
C0220,2025-01,91.0,67.71047375855622,0,0
C0221,2025-01,62.0,78.12053083346417,0,0
C0222,2025-01,72.0,81.0936298045216,0,0
C0223,2025-01,100.0,78.10479160660567,0,0
C0224,2025-01,100.0,75.1910099785371,0,0
C0225,2025-01,95.0,82.26193406564485,0,0
C0226,2025-01,95.0,96.29742946325352,0,0
C0228,2025-01,74.0,94.01284082938056,0,0
C0229,2025-01,94.0,86.7283820875465,0,0
C0230,2025-01,69.0,91.20696926078884,0,0
C0231,2025-01,67.0,74.24056808142467,0,0
C0232,2025-01,67.0,78.54588794612756,0,0
C0233,2025-01,94.0,80.22465466787075,0,1
C0234,2025-01,81.0,86.02718716792947,0,0
C0235,2025-01,83.0,88.16384079313924,0,0
C0236,2025-01,81.0,81.15480441021938,0,0
C0237,2025-01,68.0,88.25862280191255,0,0
C0238,2025-01,72.0,72.86527488094012,0,0
C0239,2025-01,74.0,89.07529968936053,0,0
C0240,2025-01,65.0,90.26135511147086,0,0
C0241,2025-01,77.0,88.48429685822174,0,0
C0242,2025-01,68.0,80.27178919097659,0,0
C0243,2025-01,89.0,87.58989617482227,0,0
C0244,2025-01,91.0,72.6019550704731,0,0
C0245,2025-01,67.0,83.32402924430109,0,0
C0247,2025-01,100.0,66.90277518267115,0,0
C0248,2025-01,71.0,86.27074203842217,0,0
C0249,2025-01,87.0,68.00360396667293,0,0
C0250,2025-01,83.0,75.83728635961899,0,0
C0251,2025-01,95.0,81.0618733775938,0,0
C0252,2025-01,86.0,73.55144251862129,0,0
C0253,2025-01,76.0,80.7473558491341,0,0
C0254,2025-01,83.0,81.66300880040464,0,0
C0255,2025-01,85.0,74.46494636894192,0,0
C0256,2025-01,81.0,85.98481403960588,0,0
C0257,2025-01,66.0,72.0284570302096,0,0
C0258,2025-01,98.0,100.0,0,0
C0259,2025-01,94.0,78.53599481607023,0,0
C0260,2025-01,69.0,67.80728389604268,0,0
C0261,2025-01,77.0,68.74987619353665,0,0
C0262,2025-01,80.0,92.51079515530148,0,0
C0263,2025-01,68.0,76.61403260894136,0,0
C0264,2025-01,61.0,68.18407218450997,0,0
C0265,2025-01,74.0,88.74719449006972,0,0
C0266,2025-01,78.0,76.92705264397807,0,0
C0267,2025-01,64.0,86.54819946033543,0,0
C0268,2025-01,84.0,80.22465466787075,0,1
C0269,2025-01,96.0,82.755846989435,0,0
C0270,2025-01,94.0,80.22465466787075,0,1
C0272,2025-01,61.0,73.07053852049653,0,0
C0273,2025-01,91.0,77.89723672345949,0,0
C0274,2025-01,83.0,100.0,0,0
C0275,2025-01,86.0,97.4938558351242,0,0
C0276,2025-01,100.0,92.4900563214476,0,0
C0277,2025-01,70.0,70.59216013903938,0,0
C0278,2025-01,49.0,75.1684066428323,0,0
C0279,2025-01,70.0,72.59192673151604,0,0
C0280,2025-01,87.0,71.58569612427422,0,0
C0281,2025-01,82.0,95.15516239503724,0,0
C0282,2025-01,67.0,80.22465466787075,0,1
C0283,2025-01,65.0,79.09778930436298,0,0
C0284,2025-01,77.0,87.22063339350183,0,0
C0285,2025-01,67.0,63.96448288947277,0,0
C0286,2025-01,89.0,81.29655587492968,0,0
C0287,2025-01,77.0,68.94210236272494,0,0
C0288,2025-01,77.0,79.89287468657399,0,0
C0290,2025-01,84.0,72.86711244861755,0,0
C0291,2025-01,84.0,84.48056254191931,0,0
C0292,2025-01,84.0,82.65785015031756,0,0
C0293,2025-01,85.0,79.6414862127064,0,0
C0294,2025-01,83.0,85.90360595263985,0,0
C0295,2025-01,69.0,70.77120144520325,0,0
C0296,2025-01,82.0,86.6778736424756,1,0
C0297,2025-01,78.0,79.08599340817835,0,0
C0298,2025-01,100.0,75.449489545196,0,0
C0299,2025-01,66.0,73.12944746734834,0,0
C0300,2025-01,78.0,78.57503757789833,0,0
C0301,2025-01,83.0,98.84914290838049,0,0
C0302,2025-01,78.0,79.61039507653345,0,0
C0303,2025-01,95.0,68.63796829158362,0,0
C0304,2025-01,79.0,90.43006823308664,0,0
C0305,2025-01,79.0,75.17117000418601,0,0
C0306,2025-01,91.0,82.29908418513446,0,0
C0307,2025-01,100.0,73.69242083676353,0,0
C0308,2025-01,99.0,92.95020619060736,0,0
C0309,2025-01,82.0,76.4681856986643,0,0
C0310,2025-01,82.0,94.95592902383412,0,0
C0311,2025-01,83.0,70.52029333107072,0,0
C0312,2025-01,83.0,77.07070796296964,0,0
C0313,2025-01,72.0,95.06069747948553,0,0
C0314,2025-01,93.0,81.83939701207656,0,0
C0315,2025-01,85.0,100.0,0,0
C0316,2025-01,82.0,77.82229715310785,0,0
C0317,2025-01,68.0,80.22465466787075,0,1
C0318,2025-01,84.0,100.0,0,0
C0319,2025-01,60.0,65.96147278116831,0,0
C0320,2025-01,76.0,65.05738438069574,0,0
C0321,2025-01,75.0,72.62657674938208,0,0
C0322,2025-01,85.0,88.0970437793375,0,0
C0323,2025-01,100.0,63.87295029059045,0,0
C0324,2025-01,89.0,86.24036994569471,0,0
C0325,2025-01,100.0,86.21637300755017,0,0
C0326,2025-01,91.0,100.0,0,0
C0327,2025-01,96.0,91.60484046451744,0,0
C0328,2025-01,100.0,82.38239893655057,0,0
C0329,2025-01,73.0,93.55868461194736,0,0
C0330,2025-01,71.0,84.50160410471545,0,0
C0331,2025-01,90.0,75.34382241664233,0,0
C0332,2025-01,82.0,68.61933468644222,0,0
C0333,2025-01,85.0,74.64201413642427,0,0
C0335,2025-01,75.0,82.1469054979012,0,0
C0336,2025-01,100.0,58.43995047300814,0,0
C0337,2025-01,67.0,76.7164136162713,0,0
C0338,2025-01,92.0,83.08542920184097,0,0
C0339,2025-01,87.0,84.62902370353909,0,0
C0340,2025-01,64.0,98.01835641903877,0,0
C0341,2025-01,72.0,82.60759338577,0,0
C0342,2025-01,74.0,70.92571924675885,0,0
C0343,2025-01,89.0,62.61160042823462,0,0
C0344,2025-01,78.0,87.26249627018095,0,0
C0346,2025-01,65.0,89.60318664590741,0,0
C0347,2025-01,100.0,93.12556898947156,0,0
C0348,2025-01,83.0,64.7254384722775,0,0
C0349,2025-01,87.0,84.56513211232684,0,0
C0350,2025-01,77.0,94.53538450582649,0,0
C0351,2025-01,76.0,92.17278663276124,0,0
C0352,2025-01,100.0,61.3558365703672,0,0
C0353,2025-01,60.0,73.29660742497146,0,0
C0354,2025-01,86.0,68.41227732323509,0,0
C0355,2025-01,66.0,83.7018880286778,0,0
C0356,2025-01,76.0,83.07510571001183,0,0
C0357,2025-01,75.0,53.96883171979283,0,0
C0359,2025-01,82.0,87.42877418782476,0,0
C0360,2025-01,51.0,81.31220904596452,0,0
C0362,2025-01,80.0,75.36545120720814,0,0
C0363,2025-01,66.0,70.65172555321152,0,0
C0364,2025-01,100.0,80.42296408099769,0,0
C0365,2025-01,74.0,79.9103502059215,0,0
C0366,2025-01,78.0,85.51102811319636,0,0
C0367,2025-01,75.0,87.32721660760716,0,0
C0368,2025-01,82.0,81.95987740995099,0,0
C0369,2025-01,97.0,90.77158323057004,0,0
C0370,2025-01,100.0,77.99040165957014,0,0
C0371,2025-01,92.0,66.73038380286332,0,0
C0372,2025-01,96.0,85.83628129247003,0,0
C0373,2025-01,100.0,82.90604231768157,0,0
C0374,2025-01,85.0,85.443827496338,0,0
C0375,2025-01,100.0,68.52223992254909,0,0
C0376,2025-01,91.0,97.93002887333824,0,0
C0377,2025-01,83.0,86.46304565974175,0,0
C0378,2025-01,85.0,76.41730514677205,0,0
C0379,2025-01,60.0,71.19771211686799,0,0
C0380,2025-01,87.0,92.39413949248184,0,0
C0381,2025-01,63.0,69.2928819769422,0,0
C0382,2025-01,62.0,100.0,0,0
C0383,2025-01,84.0,73.86352712338422,0,0
C0384,2025-01,69.0,97.70128930198965,0,0
C0385,2025-01,83.0,80.15529589526038,0,0
C0386,2025-01,84.0,96.46911265219988,0,0
C0387,2025-01,85.0,73.85371593645644,0,0
C0388,2025-01,73.0,82.53634818749681,0,0
C0389,2025-01,94.0,89.50340802663956,0,0
C0390,2025-01,81.0,87.06770103523388,0,0
C0391,2025-01,87.0,91.18482601252168,0,0
C0392,2025-01,67.0,75.27547401674717,0,0
C0393,2025-01,79.0,80.24155469600537,0,0
C0394,2025-01,96.0,94.30392590550623,0,0
C0395,2025-01,95.0,75.09832166688936,0,0
C0396,2025-01,72.0,85.39681840359566,0,0
C0398,2025-01,71.0,82.99516301227867,0,0
C0399,2025-01,73.0,80.4297268399418,0,0
C0400,2025-01,67.0,74.58639459030174,0,0
C0401,2025-01,81.0,78.15488039512537,0,0
C0402,2025-01,89.0,81.04428055627496,0,0
C0403,2025-01,72.0,79.0303905386056,0,0
C0404,2025-01,81.0,96.42399847004486,0,0
C0405,2025-01,78.0,88.74408765058953,0,0
C0406,2025-01,95.0,83.34629460332815,0,0
C0407,2025-01,76.0,74.4843050336197,0,0
C0408,2025-01,76.0,72.75742640990956,0,0
C0409,2025-01,70.0,98.41470674440164,0,0
C0410,2025-01,69.0,70.55414538088895,0,0
C0411,2025-01,87.0,80.53886396312902,0,0
C0412,2025-01,81.0,84.56998428001302,0,0
C0413,2025-01,82.0,76.62960111836868,0,0
C0415,2025-01,99.0,73.29400629201095,0,0
C0416,2025-01,64.0,76.39843808288057,0,0
C0417,2025-01,89.0,72.68995742334035,0,0
C0418,2025-01,84.0,92.85472591065816,0,0
C0419,2025-01,77.0,81.03563973098,0,0
C0420,2025-01,85.0,73.7426604964582,0,0
C0421,2025-01,61.0,81.33529477243842,0,0
C0422,2025-01,98.0,85.26377957568856,0,0
C0423,2025-01,87.0,76.17182941956275,0,0
C0424,2025-01,72.0,89.56453956255882,0,0
C0425,2025-01,75.0,67.4818794342926,0,0
C0426,2025-01,63.0,93.44758316236366,0,0
C0427,2025-01,78.0,79.82039143428432,0,0
C0428,2025-01,77.0,80.38058104184157,0,0
C0429,2025-01,66.0,73.74187513686421,0,0
C0430,2025-01,91.0,68.02502726813657,0,0
C0431,2025-01,98.0,64.00749089037753,0,0
C0432,2025-01,82.0,72.9100594473929,0,0
C0433,2025-01,78.0,80.22465466787075,0,1
C0434,2025-01,86.0,69.31241361495105,0,0
C0435,2025-01,82.0,64.79919697965572,0,0
C0436,2025-01,69.0,71.28983559936233,0,0
C0437,2025-01,76.0,78.27133025813355,0,0
C0438,2025-01,77.0,75.7840203915916,0,0
C0439,2025-01,84.0,77.97311900192894,0,0
C0440,2025-01,83.0,91.96018666557576,0,0
C0441,2025-01,85.0,93.71774579949802,0,0
C0442,2025-01,62.0,98.56258861375343,0,0
C0443,2025-01,90.0,63.99976011910505,0,0
C0444,2025-01,80.0,69.97479515209515,0,0
C0445,2025-01,100.0,87.53700402565504,0,0
C0446,2025-01,79.0,77.78048250185203,0,0
C0447,2025-01,88.0,91.2930215422038,0,0
C0448,2025-01,100.0,81.09507889742487,0,0
C0449,2025-01,84.0,95.49841061656022,0,0
C0450,2025-01,82.0,91.73998048209748,0,0
C0451,2025-01,82.0,91.94171099982762,1,0
C0452,2025-01,100.0,76.78177482323825,0,0
C0453,2025-01,69.0,80.22465466787075,0,1
C0454,2025-01,89.0,79.41998410434284,0,0
C0455,2025-01,77.0,65.93249091590786,0,0
C0456,2025-01,80.0,95.23378787085947,0,0
C0457,2025-01,63.0,86.27647300529554,0,0
C0458,2025-01,99.0,77.69787954623953,0,0
C0459,2025-01,77.0,91.7280355090884,0,0
C0460,2025-01,66.0,72.84363952119254,0,0
C0461,2025-01,97.0,62.22484035891449,0,0
C0462,2025-01,76.0,89.99527037779939,0,0
C0463,2025-01,87.0,68.24868624861423,0,0
C0464,2025-01,91.0,77.42570813329486,0,0
C0465,2025-01,88.0,80.22465466787075,0,1
C0466,2025-01,55.0,84.04651058605515,0,0
C0467,2025-01,91.0,80.22465466787075,0,1
C0468,2025-01,79.0,83.74715131592058,0,0
C0469,2025-01,78.0,86.13846916143791,0,0
C0470,2025-01,80.0,72.17498628592061,0,0
C0471,2025-01,62.0,82.82631097338562,0,0
C0472,2025-01,84.0,65.21510000624453,0,0
C0473,2025-01,65.0,95.78738300484576,0,0
C0474,2025-01,78.0,65.69960350731283,0,0
C0475,2025-01,83.0,76.08992465152643,0,0
C0476,2025-01,96.0,67.90222146263584,0,0
C0477,2025-01,73.0,73.54286875070699,0,0
C0478,2025-01,99.0,79.53063804598311,0,0
C0479,2025-01,93.0,74.62405783801914,0,0
C0480,2025-01,78.0,92.863636086235,0,0
C0481,2025-01,71.0,84.7504803756313,0,0
C0482,2025-01,64.0,75.09966534887211,0,0
C0483,2025-01,86.0,79.36246182538798,0,0
C0484,2025-01,74.0,93.10562871107342,0,0
C0485,2025-01,96.0,80.22465466787075,0,1
C0486,2025-01,73.0,68.41003744595677,0,0
C0487,2025-01,71.0,72.90011153112683,0,0
C0488,2025-01,84.0,84.51091437347692,0,0
C0489,2025-01,74.0,84.15143055291455,0,0
C0490,2025-01,82.0,69.63406226849912,0,0
C0491,2025-01,95.0,88.95243896912704,0,0
C0492,2025-01,82.0,70.18483649514356,0,0
C0493,2025-01,84.0,93.57330037898448,0,0
C0494,2025-01,87.0,88.22494561757449,0,0
C0495,2025-01,61.0,68.5038296850705,0,0
C0496,2025-01,86.0,74.07265854877055,0,0
C0497,2025-01,86.0,76.91734021221751,0,0
C0498,2025-01,93.0,81.77575979550964,0,0
C0499,2025-01,89.0,78.36541030586078,0,0
C0500,2025-01,80.0,69.71881461821539,0,0
C0501,2025-01,95.0,67.09203025803009,0,0
C0502,2025-01,79.0,86.6396518371557,0,0
C0503,2025-01,84.0,81.75766025451169,0,0
C0504,2025-01,78.0,80.947671466797,0,0
C0505,2025-01,89.0,84.21526405892743,0,0
C0506,2025-01,78.0,75.19566521480934,0,0
C0507,2025-01,100.0,83.18614285780545,0,0
C0509,2025-01,92.0,91.63330242422728,0,0
C0510,2025-01,100.0,80.50533367289503,0,0
C0511,2025-01,65.0,76.71338452992609,0,0
C0512,2025-01,64.0,50.73122153835172,0,0
C0513,2025-01,78.0,91.10209354595852,0,0
C0514,2025-01,82.0,87.25470320058302,0,0
C0516,2025-01,63.0,66.69467876153848,0,0
C0517,2025-01,97.0,69.79780092631667,0,0
C0518,2025-01,100.0,82.9624188879205,0,0
C0519,2025-01,97.0,80.22465466787075,0,1
C0520,2025-01,95.0,80.22465466787075,0,1
C0521,2025-01,84.0,80.51013803817034,0,0
C0522,2025-01,73.0,91.25159299994732,0,0
C0523,2025-01,82.0,82.72045679189488,0,0
C0524,2025-01,100.0,90.11782138799283,0,0
C0525,2025-01,77.0,58.151671386044285,0,0
C0526,2025-01,77.0,68.88144970751738,0,0
C0527,2025-01,94.0,74.99534942215243,0,0
C0528,2025-01,95.0,89.91442106080719,0,0
C0529,2025-01,72.0,99.0866727790119,0,0
C0530,2025-01,80.0,79.5991017797844,0,0
C0531,2025-01,76.0,74.08678249892766,0,0
C0532,2025-01,83.0,60.84371515596241,0,0
C0533,2025-01,96.0,89.9291410550199,0,0
C0534,2025-01,71.0,73.66776743838653,0,0
C0535,2025-01,94.0,100.0,0,0
C0536,2025-01,83.0,72.95279031526928,0,0
C0537,2025-01,100.0,100.0,0,0
C0538,2025-01,86.0,87.75302050375088,0,0
C0539,2025-01,81.0,70.1325089605786,0,0
C0540,2025-01,89.0,82.52749447161285,0,0
C0542,2025-01,60.0,77.93569300032406,0,0
C0543,2025-01,78.0,87.96354152742151,0,0
C0544,2025-01,80.0,89.2026655543976,0,0
C0545,2025-01,63.0,86.1726485555372,0,0
C0546,2025-01,83.0,82.06681914713043,0,0
C0547,2025-01,56.0,67.62875113529134,0,0
C0548,2025-01,77.0,79.23537661723567,0,0
C0549,2025-01,84.0,80.9652095254089,0,0
C0550,2025-01,82.0,60.88101525270855,0,0
C0551,2025-01,78.0,82.77053290840007,0,0
C0552,2025-01,80.0,80.22465466787075,0,1
C0553,2025-01,73.0,67.37780209083927,0,0
C0554,2025-01,82.0,76.86152775386988,0,0
C0555,2025-01,81.0,75.03993048256231,0,0
C0556,2025-01,71.0,99.76755855803653,0,0
C0557,2025-01,86.0,83.96435376221099,0,0
C0558,2025-01,85.0,90.40960864349576,0,0
C0559,2025-01,79.0,77.72839236347848,0,0
C0560,2025-01,100.0,62.59982673149851,0,0
C0561,2025-01,81.0,87.51331652983309,0,0
C0562,2025-01,78.0,73.62533813118151,0,0
C0563,2025-01,77.0,77.09858290292627,0,0
C0564,2025-01,72.0,71.26043262877688,0,0
C0565,2025-01,90.0,80.8354966816454,0,0
C0566,2025-01,73.0,90.43386766270191,0,0
C0567,2025-01,74.0,88.04134608721711,0,0
C0568,2025-01,77.0,97.7055598292126,0,0
C0569,2025-01,69.0,96.0115406262491,0,0
C0570,2025-01,61.0,60.014420728888,0,0
C0571,2025-01,75.0,67.22253173248072,0,0
C0572,2025-01,91.0,60.72565564965785,0,0
C0573,2025-01,86.0,88.64080141440844,0,0
C0574,2025-01,100.0,74.89446704584276,0,0
C0575,2025-01,90.0,74.70186985968998,0,0
C0576,2025-01,87.0,76.77729985765525,0,0
C0577,2025-01,100.0,82.06327424688848,0,0
C0578,2025-01,80.0,64.91882580667342,0,0
C0579,2025-01,83.0,68.44776399782481,0,0
C0580,2025-01,82.0,80.79146404801376,0,0
C0581,2025-01,100.0,92.11791830710638,0,0
C0582,2025-01,83.0,81.33030928745707,0,0
C0583,2025-01,75.0,73.61217704479186,0,0
C0584,2025-01,90.0,59.554497045207896,0,0
C0585,2025-01,72.0,89.95850704183061,0,0
C0586,2025-01,88.0,73.11337499140637,0,0
C0587,2025-01,87.0,68.49526643723736,0,0
C0588,2025-01,80.0,63.49078302953488,0,0
C0589,2025-01,90.0,67.49735006167397,0,0
C0590,2025-01,63.0,69.2531010022952,0,0
C0591,2025-01,83.0,76.46716153831613,0,0
C0592,2025-01,76.0,67.29081659896323,0,0
C0593,2025-01,100.0,81.00375601109256,0,0
C0594,2025-01,84.0,78.07706646832058,0,0
C0595,2025-01,75.0,100.0,0,0
C0596,2025-01,67.0,65.08194051128807,0,0
C0597,2025-01,99.0,83.20008915253023,0,0
C0598,2025-01,78.0,81.86071006845206,0,0
C0599,2025-01,74.0,71.89821789163352,0,0
C0600,2025-01,86.0,81.2742140260706,0,0
C0601,2025-01,89.0,87.7083814059142,0,0
C0602,2025-01,90.0,82.06486366170495,0,0
C0603,2025-01,82.0,93.89331812822604,0,0
C0604,2025-01,83.0,57.94878155325981,0,0
C0605,2025-01,85.0,72.21254196271401,0,0
C0606,2025-01,87.0,96.5718900757744,0,0
C0607,2025-01,88.0,90.03279224985721,0,0
C0608,2025-01,95.0,80.22465466787075,0,1
C0609,2025-01,84.0,94.61924909550504,0,0
C0610,2025-01,70.0,59.27750963836419,0,0
C0611,2025-01,80.0,87.87340752862612,0,0
C0612,2025-01,91.0,90.5728285418738,0,0
C0613,2025-01,60.0,72.81321267148897,0,0
C0614,2025-01,62.0,100.0,0,0
C0615,2025-01,94.0,83.19252131345023,0,0
C0616,2025-01,100.0,57.718356880779176,0,0
C0618,2025-01,81.0,71.2192331214411,0,0
C0619,2025-01,76.0,91.0248544367796,0,0
C0620,2025-01,80.0,87.51653511038595,0,0
C0621,2025-01,86.0,74.81649135393985,0,0
C0622,2025-01,67.0,95.66628530727276,0,0
C0623,2025-01,69.0,90.3628477999092,0,0
C0624,2025-01,79.0,72.71279601191189,0,0
C0625,2025-01,81.0,80.22465466787075,0,1
C0626,2025-01,68.0,84.77872756043102,0,0
C0627,2025-01,91.0,76.13297465213422,0,0
C0628,2025-01,76.0,75.99681049111474,0,0
C0629,2025-01,76.0,79.56127498099279,0,0
C0631,2025-01,81.0,58.47644472100572,0,0
C0632,2025-01,91.0,81.55461346049313,0,0
C0633,2025-01,71.0,60.18694756576993,0,0
C0634,2025-01,65.0,70.19855302426329,0,0
C0635,2025-01,79.0,63.74481500780223,0,0
C0636,2025-01,85.0,66.10516594637676,0,0
C0637,2025-01,67.0,85.02893119755979,0,0
C0638,2025-01,65.0,77.96491580340918,0,0
C0639,2025-01,85.0,78.93678413136037,0,0
C0640,2025-01,74.0,67.92552724169325,0,0
C0641,2025-01,65.0,73.97464597495164,0,0
C0642,2025-01,95.0,85.64147806597691,0,0
C0643,2025-01,74.0,79.69123389023709,0,0
C0644,2025-01,96.0,89.30989803753305,0,0
C0645,2025-01,82.0,89.33562193767216,0,0
C0646,2025-01,85.0,77.70463091534415,0,0
C0647,2025-01,78.0,60.81695045125945,0,0
C0648,2025-01,51.0,73.23460521593353,0,0
C0649,2025-01,67.0,78.11764893420242,0,0
C0650,2025-01,80.0,72.53387093430837,0,0
C0651,2025-01,88.0,71.65516134578247,0,0
C0652,2025-01,61.0,81.27831476934142,0,0
C0653,2025-01,82.0,100.0,0,0
C0654,2025-01,67.0,74.28185380219838,0,0
C0655,2025-01,85.0,81.0171514034591,0,0
C0656,2025-01,81.0,66.30808745172322,0,0
C0657,2025-01,91.0,92.8574701998421,0,0
C0658,2025-01,94.0,88.18476353965576,0,0
C0659,2025-01,88.0,88.7963199132133,0,0
C0660,2025-01,92.0,93.36875311732756,0,0
C0661,2025-01,78.0,76.5063915966639,0,0
C0662,2025-01,100.0,75.97077674953802,0,0
C0663,2025-01,68.0,98.57375279179392,0,0
C0664,2025-01,76.0,86.97659919915975,0,0
C0665,2025-01,93.0,57.978239154091774,0,0
C0666,2025-01,92.0,86.2321101395092,0,0
C0667,2025-01,90.0,76.56395573070625,0,0
C0668,2025-01,89.0,88.70492186773447,0,0
C0669,2025-01,56.0,83.7970235701703,0,0
C0670,2025-01,100.0,62.91623883377573,0,0
C0671,2025-01,79.0,82.003026936027,0,0
C0672,2025-01,97.0,82.96431926854609,0,0
C0673,2025-01,57.0,83.87305726646743,0,0
C0674,2025-01,82.0,85.91276188049416,1,0
C0675,2025-01,77.0,96.76861392240085,0,0
C0676,2025-01,91.0,86.74546890633715,0,0
C0677,2025-01,87.0,81.64062022592903,0,0
C0678,2025-01,87.0,92.67263445631129,0,0
C0679,2025-01,70.0,80.22465466787075,0,1
C0680,2025-01,82.0,89.85572136199406,0,0
C0681,2025-01,79.0,81.77490679098543,0,0
C0682,2025-01,88.0,84.28929906315663,0,0
C0683,2025-01,94.0,82.67088089925547,0,0
C0684,2025-01,84.0,80.42378012007912,0,0
C0685,2025-01,65.0,100.0,0,0
C0686,2025-01,82.0,71.28175310882848,0,0
C0687,2025-01,100.0,90.82576796548511,0,0
C0688,2025-01,100.0,79.27858197187552,0,0
C0689,2025-01,45.0,64.66006380785393,0,0
C0690,2025-01,83.0,78.56554975854424,0,0
C0691,2025-01,93.0,74.3621662120908,0,0
C0692,2025-01,80.0,85.88699703003445,0,0
C0693,2025-01,75.0,79.93028860085316,0,0
C0694,2025-01,79.0,70.70426686727119,0,0
C0695,2025-01,90.0,96.44226753444067,0,0
C0696,2025-01,68.0,91.3194534375534,0,0
C0697,2025-01,97.0,96.58263347325932,0,0
C0698,2025-01,82.0,83.77412667819343,0,0
C0699,2025-01,72.0,81.2957821643745,0,0
C0700,2025-01,95.0,86.98205442065938,0,0
C0701,2025-01,64.0,74.9714958422613,0,0
C0702,2025-01,75.0,81.1267985073895,0,0
C0703,2025-01,75.0,78.274197379582,0,0
C0704,2025-01,100.0,66.55325717496908,0,0
C0705,2025-01,73.0,81.21041192886982,0,0
C0706,2025-01,55.0,74.4388770489256,0,0
C0707,2025-01,74.0,76.79325289400079,0,0
C0708,2025-01,87.0,83.4828613239545,0,0
C0709,2025-01,92.0,93.878075002949,0,0
C0710,2025-01,100.0,71.03633335287802,0,0
C0711,2025-01,98.0,76.45811738742758,0,0
C0712,2025-01,84.0,72.35615447507082,0,0
C0713,2025-01,72.0,72.34304248353396,0,0
C0714,2025-01,100.0,75.25791752737821,0,0
C0715,2025-01,79.0,79.6228066399277,0,0
C0716,2025-01,73.0,85.40168433667091,0,0
C0717,2025-01,77.0,83.60497135501922,0,0
C0718,2025-01,68.0,71.00074233832902,0,0
C0719,2025-01,77.0,93.56828233161998,0,0
C0720,2025-01,79.0,89.95348762085264,0,0
C0721,2025-01,91.0,71.40146992352145,0,0
C0722,2025-01,77.0,92.12532751452912,0,0
C0723,2025-01,82.0,80.22465466787075,1,1
C0724,2025-01,63.0,79.21434884565521,0,0
C0725,2025-01,85.0,84.35870302635297,0,0
C0726,2025-01,82.0,79.2184180541482,0,0
C0727,2025-01,75.0,85.55048872123584,0,0
C0728,2025-01,76.0,82.15292059281607,0,0
C0729,2025-01,87.0,77.27117747284468,0,0
C0730,2025-01,99.0,60.964165234557925,0,0
C0731,2025-01,72.0,85.15944635016311,0,0
C0732,2025-01,81.0,74.51768152711799,0,0
C0733,2025-01,93.0,87.57037872472323,0,0
C0734,2025-01,72.0,84.65561589146388,0,0
C0735,2025-01,81.0,76.35993232246618,0,0
C0736,2025-01,82.0,91.28013590219786,0,0
C0737,2025-01,66.0,82.39225192851387,0,0
C0738,2025-01,83.0,80.96146909395331,0,0
C0739,2025-01,80.0,76.5675023676627,0,0
C0740,2025-01,88.0,96.42525128944388,0,0
C0741,2025-01,68.0,73.8426871723664,0,0
C0742,2025-01,81.0,76.34057219963208,0,0
C0743,2025-01,99.0,68.43956010060253,0,0
C0744,2025-01,100.0,87.88998626544452,0,0
C0745,2025-01,97.0,74.1984596141091,0,0
C0746,2025-01,67.0,74.97427213151109,0,0
C0747,2025-01,88.0,75.58079972287047,0,0
C0748,2025-01,76.0,80.57200560855027,0,0
C0749,2025-01,84.0,66.82233622344133,0,0
C0750,2025-01,72.0,57.52603585731429,0,0
C0751,2025-01,61.0,84.19722821362804,0,0
C0752,2025-01,78.0,59.40549852318581,0,0
C0753,2025-01,93.0,91.57431263072196,0,0
C0754,2025-01,86.0,96.91271746191735,0,0
C0756,2025-01,85.0,93.36250625682604,0,0
C0757,2025-01,87.0,80.14244107472312,0,0
C0758,2025-01,87.0,80.22465466787075,0,1
C0759,2025-01,79.0,75.82158720694966,0,0
C0760,2025-01,84.0,58.26081984251122,0,0
C0761,2025-01,100.0,79.49681773792429,0,0
C0762,2025-01,83.0,96.87049244671468,0,0
C0763,2025-01,83.0,85.74468736263523,0,0
C0764,2025-01,84.0,76.25839026039036,0,0
C0765,2025-01,78.0,80.22465466787075,0,1
C0766,2025-01,78.0,91.09606587275432,0,0
C0767,2025-01,85.0,80.1530424885552,0,0
C0768,2025-01,77.0,100.0,0,0
C0769,2025-01,79.0,74.24348743712942,0,0
C0770,2025-01,74.0,92.2879898001888,0,0
C0771,2025-01,85.0,90.03032044820202,0,0
C0772,2025-01,89.0,72.98469776910694,0,0
C0773,2025-01,79.0,76.14585102327135,0,0
C0774,2025-01,58.0,90.57104316463146,0,0
C0775,2025-01,88.0,80.91293552741905,0,0
C0776,2025-01,85.0,85.08200144246102,0,0
C0777,2025-01,69.0,62.97768100115455,0,0
C0778,2025-01,90.0,86.0512437204141,0,0
C0780,2025-01,95.0,80.07138619542764,0,0
C0781,2025-01,80.0,83.0250094939616,0,0
C0782,2025-01,55.0,76.6229691442617,0,0
C0783,2025-01,83.0,73.54386557727284,0,0
C0784,2025-01,77.0,78.10527714978733,0,0
C0785,2025-01,74.0,74.54797993559302,0,0
C0786,2025-01,74.0,100.0,0,0
C0787,2025-01,81.0,89.65377933262431,0,0
C0788,2025-01,77.0,71.52736176355731,0,0
C0789,2025-01,60.0,100.0,0,0
C0790,2025-01,98.0,76.71711505512974,0,0
C0791,2025-01,79.0,80.08988486187752,0,0
C0792,2025-01,72.0,88.18169235134168,0,0
C0793,2025-01,70.0,62.36334111869141,0,0
C0794,2025-01,92.0,78.31952078641658,0,0
C0795,2025-01,66.0,74.49598578996891,0,0
C0796,2025-01,84.0,83.27588742375437,0,0
C0797,2025-01,74.0,82.84985387405844,0,0
C0798,2025-01,75.0,78.71839692593254,0,0
C0799,2025-01,69.0,79.7883386422715,0,0
C0800,2025-01,74.0,90.766590034183,0,0
H0001,2025-02,87.0,80.22465466787075,0,1
H0002,2025-02,82.0,89.55748625937562,0,0
H0003,2025-02,75.0,69.26346477458746,0,0
H0004,2025-02,55.0,73.2412619041111,0,0
H0005,2025-02,80.0,88.53376909986238,0,0
H0006,2025-02,78.0,70.51554281602688,0,0
H0007,2025-02,86.0,76.90359885415111,0,0
H0008,2025-02,100.0,62.3637720698385,0,0
H0009,2025-02,91.0,68.6572775864316,0,0
H0010,2025-02,92.0,92.31930888774664,0,0
H0011,2025-02,77.0,80.307451943165,0,0
H0012,2025-02,66.0,74.14795966258367,0,0
H0013,2025-02,79.0,75.56594065475191,0,0
H0014,2025-02,74.0,98.84823418928616,0,0
H0015,2025-02,81.0,73.40549666355084,0,0
H0016,2025-02,77.0,86.15481953254857,0,0
H0017,2025-02,62.0,89.04311368237774,0,0
H0018,2025-02,99.0,96.51487807277076,0,0
H0019,2025-02,81.0,80.22465466787075,0,1
H0020,2025-02,78.0,66.21103696235141,0,0
H0021,2025-02,68.0,68.89786965886466,0,0
H0022,2025-02,76.0,87.9191561287346,0,0
H0023,2025-02,71.0,99.82161180073528,0,0
H0024,2025-02,66.0,86.62526766601046,0,0
H0026,2025-02,77.0,92.93244245044612,0,0
H0027,2025-02,91.0,75.36141254331017,0,0
H0028,2025-02,80.0,74.8663992096462,0,0
H0029,2025-02,84.0,77.87326942952728,0,0
H0030,2025-02,83.0,74.18464913966662,0,0
H0031,2025-02,86.0,72.62969669872157,0,0
H0032,2025-02,72.0,92.65405621860243,0,0
H0033,2025-02,94.0,76.33812078420205,0,0
H0034,2025-02,67.0,63.59557759374391,0,0
H0035,2025-02,81.0,85.03987918491342,0,0
H0036,2025-02,68.0,80.22465466787075,0,1
H0037,2025-02,81.0,71.40664652892208,0,0
H0038,2025-02,92.0,86.79440751079473,0,0
H0039,2025-02,90.0,74.13466207386583,0,0
H0040,2025-02,94.0,75.04560764707568,0,0
H0041,2025-02,79.0,80.22465466787075,0,1
H0042,2025-02,93.0,77.98931300700794,0,0
H0043,2025-02,73.0,75.49106567557168,0,0
H0044,2025-02,77.0,57.10817808856714,0,0
H0045,2025-02,83.0,78.20843076476311,0,0
H0046,2025-02,92.0,95.99158327378215,0,0
H0047,2025-02,75.0,86.20809799706427,0,0
H0048,2025-02,91.0,77.21850786910046,0,0
H0049,2025-02,84.0,83.85376465716391,0,0
H0050,2025-02,87.0,87.58047544287113,0,0
H0051,2025-02,72.0,72.5892249001925,0,0
H0052,2025-02,78.0,93.65005722291116,0,0
H0053,2025-02,81.0,80.22465466787075,0,1
H0054,2025-02,86.0,76.78329688096606,0,0
H0055,2025-02,72.0,95.91997958378995,0,0
H0056,2025-02,66.0,58.97086124956251,0,0
H0057,2025-02,56.0,68.47921810456137,0,0
H0058,2025-02,90.0,85.82331926966373,0,0
H0059,2025-02,93.0,87.18312447726129,0,0
H0060,2025-02,58.0,97.06261475691116,0,0
H0061,2025-02,82.0,56.879133048940105,0,0
H0062,2025-02,76.0,87.55538448367098,0,0
H0063,2025-02,95.0,80.22465466787075,0,1
H0064,2025-02,79.0,84.5366630300414,0,0
H0065,2025-02,89.0,80.29099790211271,0,0
H0066,2025-02,77.0,88.8884320414245,0,0
H0067,2025-02,73.0,77.2342732055491,0,0
H0068,2025-02,91.0,90.06850345453753,0,0
H0069,2025-02,96.0,73.14695460531445,0,0
H0070,2025-02,65.0,80.22465466787075,0,1
H0071,2025-02,96.0,83.14112291380137,0,0
H0072,2025-02,69.0,96.11133633703984,0,0
H0073,2025-02,52.0,86.53342959734275,0,0
H0074,2025-02,84.0,84.46361166775941,0,0
H0075,2025-02,88.0,86.71109348383814,0,0
H0076,2025-02,64.0,91.86759057226276,0,0
H0077,2025-02,59.0,84.92605915410745,0,0
H0078,2025-02,75.0,69.34531903330513,0,0
H0079,2025-02,74.0,86.60147804162048,0,0
H0080,2025-02,98.0,79.1063090799412,0,0
H0081,2025-02,82.0,76.7241773034354,0,0
H0082,2025-02,91.0,72.35286920217662,0,0
H0083,2025-02,83.0,84.69245360524654,0,0
H0084,2025-02,100.0,86.5816054608243,0,0
H0085,2025-02,71.0,70.91278085582508,0,0
H0086,2025-02,81.0,69.32133231333897,0,0
H0087,2025-02,63.0,99.0999698331769,0,0
H0088,2025-02,91.0,88.25184520151424,0,0
H0089,2025-02,96.0,82.43439813964558,0,0
H0090,2025-02,92.0,86.31639018090709,0,0
H0091,2025-02,80.0,75.5031039625918,0,0
H0092,2025-02,64.0,78.80630260174637,0,0
H0093,2025-02,81.0,80.39414355703445,0,0
H0094,2025-02,73.0,89.15131684480535,0,0
H0095,2025-02,94.0,67.04211379066696,0,0
H0096,2025-02,77.0,70.3496585590378,0,0
H0097,2025-02,76.0,67.46648381752684,0,0
H0098,2025-02,100.0,91.4399258696436,0,0
H0099,2025-02,93.0,81.41869697229687,0,0
H0100,2025-02,95.0,70.88614845745687,0,0
H0101,2025-02,75.0,77.5692408720278,0,0
H0102,2025-02,68.0,73.49974757771162,0,0
H0103,2025-02,95.0,66.47215126880012,0,0
H0104,2025-02,100.0,92.65993025461763,0,0
H0105,2025-02,67.0,78.99598005396167,0,0
H0106,2025-02,74.0,91.75539363346756,0,0
H0107,2025-02,71.0,65.96715370547444,0,0
H0108,2025-02,89.0,87.04159059501276,0,0
H0109,2025-02,96.0,67.29552940371258,0,0
H0110,2025-02,77.0,100.0,0,0
H0111,2025-02,78.0,63.07400502465451,0,0
H0112,2025-02,60.0,100.0,0,0
H0113,2025-02,71.0,81.03694755112399,0,0
H0114,2025-02,100.0,78.15074988662151,0,0
H0115,2025-02,90.0,80.22465466787075,0,1
H0116,2025-02,93.0,70.81634479126096,0,0
H0117,2025-02,77.0,87.03546433726166,0,0
H0118,2025-02,79.0,89.21557708565696,0,0
H0119,2025-02,82.0,80.38861474449895,0,0
H0120,2025-02,85.0,81.95585076127074,0,0
H0121,2025-02,97.0,98.406408364657,0,0
H0122,2025-02,74.0,86.65549792275317,0,0
H0123,2025-02,81.0,73.41166573100959,0,0
H0124,2025-02,71.0,86.50725749820664,0,0
H0125,2025-02,59.0,75.8325355945266,0,0
H0126,2025-02,93.0,72.52788028067302,0,0
H0127,2025-02,100.0,86.35841851328115,0,0
H0128,2025-02,92.0,71.56492267044948,0,0
H0129,2025-02,84.0,80.3872852036791,0,0
H0130,2025-02,100.0,85.8411838450206,0,0
H0131,2025-02,88.0,100.0,0,0
H0132,2025-02,92.0,87.36450038085775,0,0
H0133,2025-02,85.0,67.08350593686188,0,0
H0135,2025-02,80.0,97.2585181150696,0,0
H0136,2025-02,91.0,73.05606802212344,0,0
H0137,2025-02,69.0,65.49178194919973,0,0
H0138,2025-02,87.0,70.25853319586781,0,0
H0139,2025-02,72.0,88.11931868763305,0,0
H0140,2025-02,88.0,81.44881331219982,0,0
H0141,2025-02,100.0,87.95785923972845,0,0
H0142,2025-02,91.0,80.8007612402326,0,0
H0143,2025-02,96.0,80.22465466787075,0,1
H0144,2025-02,93.0,62.85133857040284,0,0
H0145,2025-02,54.0,71.65348201237356,0,0
H0146,2025-02,82.0,83.12990632246522,0,0
H0147,2025-02,82.0,68.43789984553248,1,0
H0149,2025-02,77.0,68.9818074681058,0,0
H0150,2025-02,81.0,64.13930516087913,0,0
H0151,2025-02,66.0,79.47107424720531,0,0
H0152,2025-02,70.0,87.9122707920508,0,0
H0153,2025-02,99.0,96.00745514757088,0,0
H0154,2025-02,39.0,63.81995613836189,0,0
H0155,2025-02,85.0,94.60474920733002,0,0
H0156,2025-02,95.0,80.22465466787075,0,1
H0157,2025-02,83.0,75.10160630178912,0,0
H0158,2025-02,98.0,86.35070635288939,0,0
H0159,2025-02,76.0,93.51736486200734,0,0
H0160,2025-02,71.0,63.58850113312764,0,0
H0161,2025-02,84.0,78.23308533743004,0,0
H0163,2025-02,77.0,88.93615593458085,0,0
H0164,2025-02,81.0,96.19312589458094,0,0
H0165,2025-02,73.0,81.22491761651371,0,0
H0166,2025-02,72.0,80.22465466787075,0,1
H0167,2025-02,69.0,84.96781313345664,0,0
H0168,2025-02,86.0,76.99791614632689,0,0
H0169,2025-02,72.0,60.41844983971871,0,0
H0170,2025-02,66.0,84.84223140154602,0,0
H0171,2025-02,70.0,91.36905848405222,0,0
H0173,2025-02,92.0,70.60100990045598,0,0
H0174,2025-02,91.0,86.33424279253532,0,0
H0175,2025-02,84.0,80.22465466787075,0,1
H0176,2025-02,91.0,100.0,0,0
H0177,2025-02,82.0,85.3922223780637,0,0
H0178,2025-02,87.0,89.37473024785827,0,0
H0179,2025-02,86.0,69.15803289888106,0,0
H0180,2025-02,74.0,69.45694203366476,0,0
H0181,2025-02,68.0,89.0486356504378,0,0
H0182,2025-02,98.0,60.2177037185197,0,0
H0183,2025-02,84.0,82.3366800515118,0,0
H0184,2025-02,95.0,95.08566810276446,0,0
H0185,2025-02,68.0,86.51684304675724,0,0
H0186,2025-02,76.0,86.65862602285563,0,0
H0187,2025-02,64.0,78.70385313329702,0,0
H0188,2025-02,91.0,77.35789961097541,0,0
H0190,2025-02,77.0,94.17661049823192,0,0
H0191,2025-02,100.0,87.78090980829215,0,0
H0192,2025-02,91.0,82.20522572385082,0,0
H0193,2025-02,90.0,74.67829579103973,0,0
H0194,2025-02,68.0,91.4026848884795,0,0
H0195,2025-02,59.0,77.06644093863868,0,0
H0196,2025-02,96.0,83.27421937576229,0,0
H0197,2025-02,54.0,85.7153575702591,0,0
H0198,2025-02,76.0,82.51596454002429,0,0
H0199,2025-02,74.0,97.30236091394544,0,0
H0200,2025-02,71.0,67.1029002588455,0,0
H0201,2025-02,77.0,81.2764182608189,0,0
H0202,2025-02,69.0,100.0,0,0
H0203,2025-02,67.0,88.69485736475305,0,0
H0204,2025-02,85.0,78.79348742749778,0,0
H0205,2025-02,97.0,90.5108289491083,0,0
H0206,2025-02,61.0,79.90173931885312,0,0
H0207,2025-02,85.0,96.27503669837648,0,0
H0208,2025-02,88.0,87.6923114235495,0,0
H0209,2025-02,89.0,73.45495889076571,0,0
H0210,2025-02,81.0,84.13105998916164,0,0
H0211,2025-02,74.0,83.6608908773638,0,0
H0212,2025-02,91.0,84.74893041938599,0,0
H0213,2025-02,87.0,84.17088852208887,0,0
H0214,2025-02,60.0,86.40676217851576,0,0
H0215,2025-02,79.0,83.9587533975086,0,0
H0216,2025-02,83.0,73.44537414880749,0,0
H0217,2025-02,69.0,76.4089983775153,0,0
H0218,2025-02,81.0,80.46601550571384,0,0
H0219,2025-02,86.0,79.22783263962172,0,0
H0220,2025-02,72.0,77.74118052099801,0,0
H0221,2025-02,86.0,92.30068623079634,0,0
H0222,2025-02,70.0,70.32273243806816,0,0
H0223,2025-02,67.0,62.83346555990843,0,0
H0224,2025-02,89.0,99.67343599475603,0,0
H0225,2025-02,97.0,73.27362908534214,0,0
H0226,2025-02,68.0,91.27801169554373,0,0
H0227,2025-02,95.0,88.71261219818707,0,0
H0228,2025-02,80.0,70.00787953090719,0,0
H0229,2025-02,56.0,80.05254396606395,0,0
H0230,2025-02,67.0,80.43150394744042,0,0
H0231,2025-02,89.0,83.49546814518418,0,0
H0232,2025-02,62.0,72.32257648405346,0,0
H0233,2025-02,75.0,79.2507322242632,0,0
H0234,2025-02,81.0,80.29475103025975,0,0
H0235,2025-02,88.0,92.26888943646532,0,0
H0236,2025-02,84.0,76.1352646557027,0,0
H0237,2025-02,99.0,68.63822030747015,0,0
H0238,2025-02,73.0,75.51742216831397,0,0
H0239,2025-02,84.0,80.22465466787075,0,1
H0240,2025-02,89.0,64.69319008802827,0,0
H0241,2025-02,89.0,90.7519793736372,0,0
H0242,2025-02,93.0,79.22020292504583,0,0
H0243,2025-02,78.0,85.62483205738582,0,0
H0244,2025-02,90.0,83.17832590199173,0,0
H0245,2025-02,72.0,74.52730555847957,0,0
H0246,2025-02,80.0,68.57918704378275,0,0
H0247,2025-02,87.0,72.64225402369524,0,0
H0248,2025-02,95.0,67.11111495216831,0,0
H0249,2025-02,88.0,83.0168897208874,0,0
H0250,2025-02,83.0,78.8524850705227,0,0
H0251,2025-02,80.0,64.26885786938698,0,0
H0252,2025-02,89.0,74.16050584382222,0,0
H0253,2025-02,100.0,85.81427972020761,0,0
H0255,2025-02,87.0,68.15566013947688,0,0
H0256,2025-02,65.0,100.0,0,0
H0257,2025-02,71.0,80.22465466787075,0,1
H0258,2025-02,79.0,64.63727650285695,0,0
H0259,2025-02,95.0,100.0,0,0
H0260,2025-02,70.0,69.09695048670098,0,0
H0261,2025-02,90.0,95.75720955574016,0,0
H0262,2025-02,83.0,80.22465466787075,0,1
H0263,2025-02,86.0,77.69341774503,0,0
H0264,2025-02,79.0,66.96981536758092,0,0
H0265,2025-02,75.0,93.55387312104295,0,0
H0266,2025-02,71.0,92.74271776350042,0,0
H0267,2025-02,90.0,74.8125442384028,0,0
H0268,2025-02,81.0,79.04721857250168,0,0
H0269,2025-02,69.0,87.45066103499225,0,0
H0270,2025-02,84.0,75.47563445005439,0,0
H0271,2025-02,100.0,94.90644921233904,0,0
H0272,2025-02,80.0,80.32491544871452,0,0
H0273,2025-02,100.0,76.18807040174381,0,0
H0274,2025-02,50.0,63.61810098748632,0,0
H0275,2025-02,78.0,66.3660852326303,0,0
H0276,2025-02,93.0,85.6967171170538,0,0
H0277,2025-02,83.0,83.90937782657309,0,0
H0278,2025-02,73.0,87.6711042565983,0,0
H0279,2025-02,81.0,73.60971476716006,0,0
H0280,2025-02,93.0,62.85803128689872,0,0
H0281,2025-02,100.0,75.8098857190832,0,0
H0282,2025-02,95.0,100.0,0,0
H0283,2025-02,76.0,70.7861572833382,0,0
H0284,2025-02,80.0,80.5726771512888,0,0
H0285,2025-02,80.0,56.77613153084112,0,0
H0286,2025-02,71.0,74.53448944866913,0,0
H0287,2025-02,80.0,80.22465466787075,0,1
H0288,2025-02,77.0,81.53942418198933,0,0
H0289,2025-02,68.0,78.19454610880481,0,0
H0291,2025-02,87.0,73.54006898915826,0,0
H0292,2025-02,76.0,80.13555577038733,0,0
H0293,2025-02,84.0,70.40457364265873,0,0
H0294,2025-02,71.0,72.71310008405138,0,0
H0295,2025-02,74.0,89.05687905496909,0,0
H0296,2025-02,91.0,75.18086842425669,0,0
H0297,2025-02,87.0,84.02302924154411,0,0
H0298,2025-02,75.0,77.89595724814157,0,0
H0299,2025-02,85.0,67.68919576410715,0,0
H0300,2025-02,81.0,76.67240670319354,0,0
H0301,2025-02,70.0,83.31238216362908,0,0
H0302,2025-02,81.0,99.0016969525344,0,0
H0303,2025-02,86.0,71.79337505006376,0,0
H0304,2025-02,85.0,79.12746062499794,0,0
H0305,2025-02,62.0,89.46899797485783,0,0
H0306,2025-02,83.0,92.05550496396742,0,0
H0307,2025-02,83.0,74.58478960036402,0,0
H0308,2025-02,59.0,78.38647868259181,0,0
H0309,2025-02,74.0,93.63778590656032,0,0
H0310,2025-02,88.0,85.3225664724541,0,0
H0311,2025-02,99.0,90.7985056439788,0,0
H0312,2025-02,61.0,90.98864509590068,0,0
H0313,2025-02,94.0,86.32868031273624,0,0
H0314,2025-02,60.0,82.09220247188246,0,0
H0315,2025-02,98.0,73.07432431837343,0,0
H0316,2025-02,82.0,80.83787203657485,0,0
H0317,2025-02,73.0,78.58027193760161,0,0
H0318,2025-02,85.0,91.41421020985888,0,0
H0319,2025-02,72.0,83.4436669316129,0,0
H0320,2025-02,88.0,81.63545934188569,0,0
H0321,2025-02,81.0,70.66032111050278,0,0
H0322,2025-02,36.0,91.7767539420972,0,0
H0323,2025-02,73.0,73.91980673439801,0,0
H0324,2025-02,84.0,77.2655566921341,0,0
H0325,2025-02,94.0,93.114462533904,0,0
H0326,2025-02,86.0,89.62826844012682,0,0
H0327,2025-02,93.0,70.07371962638973,0,0
H0328,2025-02,71.0,69.2468399081745,0,0
H0329,2025-02,90.0,77.38279321667414,0,0
H0330,2025-02,82.0,74.477444812364,1,0
H0331,2025-02,61.0,64.64079473003649,0,0
H0332,2025-02,96.0,73.2698476591637,0,0
H0333,2025-02,85.0,52.29831832969116,0,0
H0334,2025-02,78.0,89.25949253096162,0,0
H0335,2025-02,80.0,90.10793699144112,0,0
H0336,2025-02,82.0,93.74193268426356,1,0
H0337,2025-02,91.0,86.03255480408292,0,0
H0338,2025-02,85.0,75.19106987796822,0,0
H0339,2025-02,88.0,90.01525902850487,0,0
H0340,2025-02,82.0,72.68004381650483,0,0
H0341,2025-02,85.0,68.05106041871366,0,0
H0342,2025-02,76.0,75.96754480491344,0,0
H0343,2025-02,95.0,85.00013189670703,0,0
H0344,2025-02,89.0,80.22465466787075,0,1
H0345,2025-02,83.0,68.59758323951417,0,0
H0346,2025-02,79.0,75.05226429010229,0,0
H0347,2025-02,61.0,84.66561380840137,0,0
H0348,2025-02,60.0,80.50632589484334,0,0
H0349,2025-02,77.0,100.0,0,0
H0350,2025-02,97.0,78.8757260787531,0,0
H0351,2025-02,73.0,80.22465466787075,0,1
H0352,2025-02,75.0,67.03458371902231,0,0
H0353,2025-02,70.0,86.26418584248789,0,0
H0354,2025-02,66.0,74.90289307890421,0,0
H0355,2025-02,71.0,79.77378165004684,0,0
H0356,2025-02,85.0,96.84355022161412,0,0
H0357,2025-02,76.0,76.98179855806839,0,0
H0358,2025-02,76.0,67.90340501057487,0,0
H0359,2025-02,75.0,69.67150471464976,0,0
H0360,2025-02,85.0,82.69184117314188,0,0
H0361,2025-02,88.0,82.54299529173004,0,0
H0362,2025-02,61.0,82.8311108124992,0,0
H0363,2025-02,73.0,67.97094153227943,0,0
H0364,2025-02,83.0,100.0,0,0
H0365,2025-02,86.0,93.54526183916472,0,0
H0366,2025-02,85.0,83.08387498347737,0,0
H0367,2025-02,91.0,63.997787505426544,0,0
H0368,2025-02,65.0,96.4880425743672,0,0
H0369,2025-02,89.0,93.76030625264028,0,0
H0370,2025-02,100.0,81.34179957158248,0,0
H0371,2025-02,81.0,90.36891608500068,0,0
H0372,2025-02,83.0,75.60686034332846,0,0
H0373,2025-02,88.0,70.6321490630951,0,0
H0374,2025-02,77.0,83.34311534124382,0,0
H0375,2025-02,71.0,65.61490885070148,0,0
H0376,2025-02,84.0,70.23592655769956,0,0
H0377,2025-02,61.0,84.26769070057351,0,0
H0378,2025-02,88.0,83.72608094215838,0,0
H0379,2025-02,88.0,65.8523722998017,0,0
H0380,2025-02,63.0,76.47738128976495,0,0
H0381,2025-02,85.0,67.66005321277635,0,0
H0382,2025-02,78.0,80.22465466787075,0,1
H0384,2025-02,98.0,90.09635024697798,0,0
H0385,2025-02,92.0,78.19333343821381,0,0
H0386,2025-02,97.0,78.2415053213094,0,0
H0387,2025-02,77.0,75.52187759738631,0,0
H0388,2025-02,85.0,62.79610275050826,0,0
H0389,2025-02,80.0,80.00799513823092,0,0
H0390,2025-02,71.0,86.5789590680416,0,0
H0391,2025-02,82.0,81.76559223385205,0,0
H0392,2025-02,82.0,88.77973723266774,0,0
H0393,2025-02,80.0,88.75632683930334,0,0
H0394,2025-02,80.0,100.0,0,0
H0395,2025-02,84.0,70.06604300740752,0,0
H0396,2025-02,92.0,81.54768115088787,0,0
H0397,2025-02,73.0,81.87790327453274,0,0
H0398,2025-02,67.0,77.47756312652025,0,0
H0399,2025-02,89.0,80.22465466787075,0,1
H0400,2025-02,92.0,84.55430177622851,0,0
H0401,2025-02,87.0,85.07722845188799,0,0
H0402,2025-02,68.0,69.43394408441088,0,0
H0403,2025-02,79.0,61.06249132363477,0,0
H0404,2025-02,86.0,76.63474133485326,0,0
H0405,2025-02,70.0,74.15993381625378,0,0
H0406,2025-02,73.0,87.01188615219168,0,0
H0407,2025-02,81.0,71.8398599059228,0,0
H0408,2025-02,96.0,78.8721367497519,0,0
H0409,2025-02,85.0,63.68652635612641,0,0
H0410,2025-02,74.0,64.18072338955497,0,0
H0411,2025-02,79.0,72.57200316780413,0,0
H0412,2025-02,73.0,77.1969579424826,0,0
H0413,2025-02,77.0,72.1086270018526,0,0
H0414,2025-02,91.0,82.02895662196825,0,0
H0415,2025-02,59.0,63.62933393832301,0,0
H0416,2025-02,98.0,78.72931456725263,0,0
H0417,2025-02,100.0,80.06022594574479,0,0
H0418,2025-02,84.0,65.89511166016892,0,0
H0419,2025-02,73.0,83.69948501076276,0,0
H0420,2025-02,95.0,57.13837275465569,0,0
H0421,2025-02,84.0,72.21221391773152,0,0
H0422,2025-02,77.0,89.46082786546374,0,0
H0423,2025-02,72.0,59.51454377537357,0,0
H0424,2025-02,78.0,88.1849524392585,0,0
H0425,2025-02,84.0,67.93578289645646,0,0
H0426,2025-02,92.0,73.66544171532895,0,0
H0427,2025-02,86.0,95.51178894221658,0,0
H0428,2025-02,86.0,72.7268075331993,0,0
H0429,2025-02,79.0,97.4882734736014,0,0
H0430,2025-02,91.0,75.83797947980658,0,0
H0431,2025-02,78.0,78.30333429093248,0,0
H0432,2025-02,100.0,88.51982221336758,0,0
H0433,2025-02,74.0,80.22465466787075,0,1
H0434,2025-02,87.0,81.76411710164784,0,0
H0435,2025-02,100.0,75.78856953857048,0,0
H0436,2025-02,94.0,64.33065399668502,0,0
H0437,2025-02,92.0,66.25175925946002,0,0
H0438,2025-02,82.0,91.62910992627876,1,0
H0439,2025-02,83.0,97.68159071997988,0,0
H0440,2025-02,79.0,80.42315065212303,0,0
H0441,2025-02,76.0,63.9434125107032,0,0
H0442,2025-02,64.0,72.81650763421801,0,0
H0443,2025-02,90.0,72.09753651099938,0,0
H0444,2025-02,64.0,75.15502199330909,0,0
H0445,2025-02,90.0,72.30351603274015,0,0
H0446,2025-02,78.0,85.30760866746608,0,0
H0447,2025-02,71.0,83.09636023450224,0,0
H0448,2025-02,99.0,80.22465466787075,0,1
H0449,2025-02,66.0,80.22465466787075,0,1
H0450,2025-02,74.0,82.7607989963754,0,0
H0452,2025-02,84.0,90.67628872107092,0,0
H0453,2025-02,74.0,67.34846045546178,0,0
H0454,2025-02,100.0,86.08783462898442,0,0
H0455,2025-02,66.0,82.83557547543035,0,0
H0456,2025-02,100.0,84.78556588239493,0,0
H0457,2025-02,69.0,80.78080191758863,0,0
H0458,2025-02,100.0,80.22465466787075,0,1
H0459,2025-02,94.0,70.42972221496541,0,0
H0460,2025-02,79.0,69.24959104392104,0,0
H0461,2025-02,85.0,72.5117761078051,0,0
H0462,2025-02,79.0,79.41365969487268,0,0
H0463,2025-02,86.0,82.80392873202659,0,0
H0464,2025-02,75.0,77.34312493116238,0,0
H0465,2025-02,89.0,88.76855164283205,0,0
H0466,2025-02,83.0,79.44639566523188,0,0
H0467,2025-02,70.0,79.05934419234244,0,0
H0468,2025-02,86.0,65.32142417595155,0,0
H0469,2025-02,86.0,98.31319413019332,0,0
H0470,2025-02,73.0,79.60710714820517,0,0
H0471,2025-02,76.0,95.86467459713016,0,0
H0472,2025-02,88.0,73.470415864244,0,0
H0473,2025-02,96.0,89.27337945700546,0,0
H0474,2025-02,80.0,74.66541486319066,0,0
H0475,2025-02,94.0,99.3029282158528,0,0
H0476,2025-02,97.0,92.47716435620254,0,0
H0477,2025-02,97.0,88.00669303418579,0,0
H0478,2025-02,86.0,72.32670808248528,0,0
H0479,2025-02,71.0,98.86954181869986,0,0
H0480,2025-02,93.0,100.0,0,0
H0481,2025-02,79.0,76.0908362042894,0,0
H0482,2025-02,88.0,81.41335639183724,0,0
H0483,2025-02,73.0,88.30884545591488,0,0
H0484,2025-02,76.0,62.27570548742568,0,0
H0485,2025-02,74.0,92.21078581168626,0,0
H0486,2025-02,82.0,90.12860495782424,1,0
H0487,2025-02,76.0,75.81072580506854,0,0
H0488,2025-02,71.0,59.843352574447735,0,0
H0489,2025-02,87.0,81.63761383012739,0,0
H0490,2025-02,70.0,69.73595714056508,0,0
H0491,2025-02,74.0,64.19318588046707,0,0
H0492,2025-02,82.0,83.95144886058378,0,0
H0493,2025-02,100.0,93.37377477603518,0,0
H0494,2025-02,75.0,79.79396682467697,0,0
H0495,2025-02,65.0,91.7499923809654,0,0
H0496,2025-02,65.0,85.46053889160933,0,0
H0497,2025-02,71.0,66.47721537850866,0,0
H0498,2025-02,73.0,73.35477580753516,0,0
H0499,2025-02,100.0,92.15145503037633,0,0
H0500,2025-02,93.0,74.05852309420142,0,0
H0501,2025-02,78.0,88.11122654557568,0,0
H0502,2025-02,100.0,75.33796748413785,0,0
H0503,2025-02,74.0,87.43371150042523,0,0
H0504,2025-02,77.0,84.60090619742078,0,0
H0505,2025-02,75.0,76.95447736888926,0,0
H0506,2025-02,94.0,87.23940922172194,0,0
H0507,2025-02,82.0,59.73341355974662,0,0
H0508,2025-02,100.0,69.02947429246308,0,0
H0509,2025-02,86.0,74.74503403437862,0,0
H0510,2025-02,95.0,94.78910253424846,0,0
H0511,2025-02,62.0,67.72900956855257,0,0
H0512,2025-02,62.0,80.1739494756433,0,0
H0513,2025-02,64.0,80.22465466787075,0,1
H0514,2025-02,78.0,83.98635352246573,0,0
H0515,2025-02,64.0,80.22465466787075,0,1
H0516,2025-02,96.0,73.0390009222314,0,0
H0517,2025-02,80.0,77.87467461334207,0,0
H0518,2025-02,90.0,91.37472268483302,0,0
H0519,2025-02,78.0,75.29031596585344,0,0
H0520,2025-02,92.0,58.52237536923988,0,0
H0521,2025-02,57.0,83.40703592842819,0,0
H0522,2025-02,81.0,95.40718638568242,0,0
H0523,2025-02,89.0,70.55373589000234,0,0
H0524,2025-02,89.0,94.10493569867648,0,0
H0525,2025-02,78.0,85.63049674795505,0,0
H0526,2025-02,61.0,68.01908618476358,0,0
H0527,2025-02,94.0,73.6042371082761,0,0
H0528,2025-02,78.0,73.96905156473794,0,0
H0529,2025-02,77.0,81.14330576275287,0,0
H0530,2025-02,100.0,78.69747646422142,0,0
H0531,2025-02,83.0,91.80330403457306,0,0
H0532,2025-02,74.0,87.48358247705579,0,0
H0533,2025-02,74.0,63.59232188660693,0,0
H0534,2025-02,90.0,65.97516629183777,0,0
H0535,2025-02,74.0,89.0287526573854,0,0
H0536,2025-02,88.0,75.47210323279454,0,0
H0537,2025-02,95.0,77.92653013895257,0,0
H0538,2025-02,82.0,86.83128770777117,0,0
H0539,2025-02,94.0,89.5007363558607,0,0
H0540,2025-02,82.0,66.26569220689557,1,0
H0541,2025-02,74.0,58.36141342537394,0,0
H0542,2025-02,62.0,78.97200455472439,0,0
H0543,2025-02,85.0,71.69406812185005,0,0
H0544,2025-02,85.0,80.51339235969684,0,0
H0545,2025-02,96.0,81.55903271159153,0,0
H0546,2025-02,92.0,69.81739858106394,0,0
H0547,2025-02,100.0,99.999304585441,0,0
H0548,2025-02,77.0,82.73106748668361,0,0
H0549,2025-02,84.0,72.52951144953896,0,0
H0550,2025-02,73.0,80.85591316796418,0,0
H0551,2025-02,93.0,85.20064431877509,0,0
H0552,2025-02,72.0,74.86640598787312,0,0
H0553,2025-02,93.0,100.0,0,0
H0554,2025-02,72.0,63.82168088444225,0,0
H0555,2025-02,93.0,67.48706183035539,0,0
H0556,2025-02,98.0,66.35337015893491,0,0
H0558,2025-02,65.0,83.97293746172593,0,0
H0559,2025-02,83.0,75.28113196281927,0,0
H0561,2025-02,80.0,86.61529950800778,0,0
H0562,2025-02,75.0,75.50805493859745,0,0
H0563,2025-02,70.0,82.36760771977035,0,0
H0564,2025-02,86.0,78.1008889171172,0,0
H0565,2025-02,70.0,76.07472163590938,0,0
H0566,2025-02,86.0,74.60736758536258,0,0
H0567,2025-02,75.0,82.26507896987681,0,0
H0568,2025-02,78.0,93.26753725412912,0,0
H0569,2025-02,96.0,67.93003485312998,0,0
H0570,2025-02,92.0,74.46330786537942,0,0
H0571,2025-02,71.0,82.89723183106344,0,0
H0572,2025-02,71.0,97.0093350079498,0,0
H0574,2025-02,63.0,70.39544315211712,0,0
H0575,2025-02,99.0,70.58585705428845,0,0
H0576,2025-02,84.0,90.42924060771196,0,0
H0577,2025-02,74.0,76.57298256790233,0,0
H0578,2025-02,81.0,67.37871890150613,0,0
H0579,2025-02,99.0,91.06493137785264,0,0
H0580,2025-02,58.0,85.15108243304162,0,0
H0581,2025-02,95.0,69.35415487976847,0,0
H0582,2025-02,98.0,68.29468106462272,0,0
H0583,2025-02,79.0,59.649419220026,0,0
H0584,2025-02,80.0,72.84521111388675,0,0
H0585,2025-02,83.0,82.60451757824669,0,0
H0586,2025-02,91.0,90.00674787547997,0,0
H0587,2025-02,75.0,86.63831186170675,0,0
H0588,2025-02,82.0,67.42409933406994,0,0
H0589,2025-02,82.0,78.63950481997149,0,0
H0590,2025-02,90.0,94.96324902034914,0,0
H0591,2025-02,100.0,74.72601543993768,0,0
H0592,2025-02,73.0,87.52426006848496,0,0
H0593,2025-02,84.0,88.02698791787434,0,0
H0594,2025-02,74.0,89.12306002260823,0,0
H0596,2025-02,70.0,88.51636863526628,0,0
H0597,2025-02,63.0,80.22465466787075,0,1
H0598,2025-02,96.0,80.22465466787075,0,1
H0599,2025-02,85.0,61.22301352810396,0,0
H0600,2025-02,83.0,83.18559254248959,0,0
C0002,2025-02,81.0,73.54105561955056,0,0
C0004,2025-02,80.0,84.5637954097524,0,0
C0005,2025-02,85.0,87.67913051052719,0,0
C0006,2025-02,76.0,79.79159024271462,0,0
C0007,2025-02,73.0,77.9853854783909,0,0
C0008,2025-02,77.0,93.68376153488556,0,0
C0009,2025-02,92.0,76.1459986351308,0,0
C0010,2025-02,83.0,78.38433498773063,0,0
C0011,2025-02,62.0,77.6958905106926,0,0
C0012,2025-02,90.0,100.0,0,0
C0013,2025-02,89.0,72.73596212515304,0,0
C0014,2025-02,85.0,89.1927557745647,0,0
C0015,2025-02,100.0,64.44737145024206,0,0
C0016,2025-02,81.0,69.67886546128486,0,0
C0017,2025-02,88.0,77.91395111436911,0,0
C0018,2025-02,88.0,79.70838961095708,0,0
C0019,2025-02,94.0,78.88111237157528,0,0
C0020,2025-02,80.0,80.19156788435295,0,0
C0021,2025-02,75.0,74.60375077565503,0,0
C0022,2025-02,93.0,92.36598242349623,0,0
C0023,2025-02,93.0,70.66129402466998,0,0
C0024,2025-02,97.0,87.33802202251422,0,0
C0025,2025-02,87.0,87.17442337375873,0,0
C0026,2025-02,63.0,71.72902677667716,0,0
C0027,2025-02,82.0,74.74653824307309,0,0
C0028,2025-02,83.0,81.20479649360975,0,0
C0029,2025-02,96.0,96.02573352243724,0,0
C0030,2025-02,95.0,76.6114692146721,0,0
C0031,2025-02,89.0,100.0,0,0
C0032,2025-02,56.0,87.2764968106336,0,0
C0033,2025-02,73.0,84.31301460554249,0,0
C0035,2025-02,78.0,63.11382628006611,0,0
C0036,2025-02,85.0,93.25534856369993,0,0
C0037,2025-02,99.0,66.10220301733995,0,0
C0038,2025-02,91.0,89.22150229017932,0,0
C0039,2025-02,70.0,73.01993877943224,0,0
C0040,2025-02,71.0,71.53052818071586,0,0
C0041,2025-02,70.0,97.1067207501591,0,0
C0042,2025-02,80.0,78.73385292301359,0,0
C0043,2025-02,93.0,67.02921715840075,0,0
C0044,2025-02,95.0,91.6792553535597,0,0
C0045,2025-02,77.0,67.38411631997704,0,0
C0046,2025-02,81.0,93.19745482592472,0,0
C0047,2025-02,100.0,81.79961282621692,0,0
C0048,2025-02,63.0,66.32547544651041,0,0
C0051,2025-02,78.0,58.59418242650183,0,0
C0052,2025-02,82.0,79.94885486192904,0,0
C0053,2025-02,86.0,82.43323190452033,0,0
C0054,2025-02,80.0,80.22465466787075,0,1
C0055,2025-02,75.0,79.80634002377496,0,0
C0056,2025-02,75.0,89.19490154298354,0,0
C0057,2025-02,100.0,85.58466590343923,0,0
C0058,2025-02,78.0,82.48244327515255,0,0
C0059,2025-02,83.0,76.74259007346515,0,0
C0060,2025-02,92.0,82.61239944425454,0,0
C0061,2025-02,80.0,74.6631528304774,0,0
C0062,2025-02,84.0,71.4044197474235,0,0
C0063,2025-02,88.0,69.48979877162478,0,0
C0064,2025-02,73.0,80.7893841135629,0,0
C0065,2025-02,63.0,71.50179283133221,0,0
C0066,2025-02,73.0,78.20779449941952,0,0
C0067,2025-02,100.0,92.4295891609028,0,0
C0068,2025-02,74.0,76.7793868064525,0,0
C0069,2025-02,85.0,83.58993251801951,0,0
C0070,2025-02,65.0,76.72769069387819,0,0
C0071,2025-02,98.0,93.77906184513785,0,0
C0072,2025-02,77.0,95.88218100750817,0,0
C0073,2025-02,77.0,76.14223883355294,0,0
C0074,2025-02,81.0,88.02146270900727,0,0
C0075,2025-02,100.0,100.0,0,0
C0076,2025-02,86.0,67.74807146753422,0,0
C0077,2025-02,81.0,90.80243725377964,0,0
C0078,2025-02,46.0,61.94065362230114,0,0
C0079,2025-02,99.0,80.99513462606185,0,0
C0080,2025-02,73.0,78.02116565626194,0,0
C0081,2025-02,72.0,63.69988015661925,0,0
C0082,2025-02,74.0,92.1023889022861,0,0
C0083,2025-02,100.0,82.1105604615468,0,0
C0084,2025-02,81.0,70.86567238122882,0,0
C0085,2025-02,62.0,81.23657420555601,0,0
C0086,2025-02,81.0,90.49401874449312,0,0
C0088,2025-02,85.0,47.96144242394075,0,0
C0089,2025-02,77.0,79.04325715485815,0,0
C0090,2025-02,63.0,73.00336564408722,0,0
C0091,2025-02,82.0,95.05341588385204,0,0
C0092,2025-02,81.0,76.12834200110179,0,0
C0093,2025-02,67.0,83.82364544720474,0,0
C0094,2025-02,60.0,80.01302814424905,0,0
C0095,2025-02,86.0,80.22465466787075,0,1
C0096,2025-02,78.0,80.24361997772154,0,0
C0097,2025-02,78.0,65.46736487369623,0,0
C0098,2025-02,90.0,65.66751187594491,0,0
C0099,2025-02,59.0,69.41481433858289,0,0
C0100,2025-02,83.0,69.08585222311953,0,0
C0101,2025-02,90.0,80.22465466787075,0,1
C0102,2025-02,80.0,76.66539625721208,0,0
C0103,2025-02,66.0,84.19200567095349,0,0
C0104,2025-02,73.0,63.03709911537918,0,0
C0105,2025-02,77.0,78.73638209414105,0,0
C0106,2025-02,63.0,75.21478343559421,0,0
C0107,2025-02,86.0,81.62789196050913,0,0
C0108,2025-02,81.0,81.65059682992356,0,0
C0109,2025-02,75.0,82.3069778894611,0,0
C0110,2025-02,92.0,69.03104740829019,0,0
C0111,2025-02,75.0,80.3399084578464,0,0
C0112,2025-02,100.0,75.38834364186114,0,0
C0113,2025-02,78.0,93.224788839587,0,0
C0114,2025-02,71.0,82.01118807652378,0,0
C0115,2025-02,70.0,79.87953888746001,0,0
C0116,2025-02,83.0,67.86204084225785,0,0
C0117,2025-02,68.0,80.22465466787075,0,1
C0118,2025-02,87.0,86.40178306640934,0,0
C0119,2025-02,77.0,79.56371055700407,0,0
C0120,2025-02,77.0,79.59995200366953,0,0
C0122,2025-02,94.0,71.87994790106971,0,0
C0123,2025-02,77.0,79.33885261940057,0,0
C0124,2025-02,83.0,90.53668911109568,0,0
C0125,2025-02,88.0,62.5825058025945,0,0
C0126,2025-02,69.0,71.1688834496911,0,0
C0127,2025-02,90.0,63.08223340307613,0,0
C0128,2025-02,92.0,83.64420890865699,0,0
C0129,2025-02,92.0,90.98836418365109,0,0
C0130,2025-02,68.0,82.78066237342374,0,0
C0131,2025-02,71.0,87.45437573210839,0,0
C0132,2025-02,83.0,71.37281611827359,0,0
C0133,2025-02,81.0,84.24296190033989,0,0
C0134,2025-02,83.0,73.70931997880645,0,0
C0135,2025-02,79.0,82.0979842448585,0,0
C0136,2025-02,84.0,85.07986347956842,0,0
C0137,2025-02,52.0,78.20084944719112,0,0
C0138,2025-02,91.0,90.19812651369564,0,0
C0139,2025-02,100.0,78.62399012184292,0,0
C0140,2025-02,76.0,84.15144861208228,0,0
C0141,2025-02,84.0,99.25501769712932,0,0
C0142,2025-02,100.0,85.06479920868809,0,0
C0143,2025-02,81.0,71.8962980352709,0,0
C0145,2025-02,100.0,88.36136294897202,0,0
C0146,2025-02,100.0,91.36575430135076,0,0
C0147,2025-02,70.0,80.61239404470186,0,0
C0148,2025-02,77.0,65.52225936622219,0,0
C0149,2025-02,92.0,69.8177786352829,0,0
C0150,2025-02,88.0,82.67840137590753,0,0
C0151,2025-02,92.0,88.13803035384835,0,0
C0152,2025-02,51.0,90.89282504091052,0,0
C0153,2025-02,60.0,61.335050984008205,0,0
C0154,2025-02,100.0,88.88083925939326,0,0
C0155,2025-02,91.0,94.62793898076244,0,0
C0156,2025-02,88.0,58.33343261374743,0,0
C0158,2025-02,77.0,87.93363213640367,0,0
C0159,2025-02,90.0,67.67631056988964,0,0
C0160,2025-02,64.0,73.98856401109117,0,0
C0161,2025-02,73.0,85.53056987627839,0,0
C0162,2025-02,82.0,75.20457414517263,1,0
C0163,2025-02,90.0,77.62971348429951,0,0
C0164,2025-02,77.0,84.34801397176454,0,0
C0165,2025-02,93.0,68.25657534144395,0,0
C0166,2025-02,92.0,68.68175364677884,0,0
C0167,2025-02,61.0,85.15793994378586,0,0
C0168,2025-02,100.0,91.2168489382434,0,0
C0169,2025-02,96.0,80.22465466787075,0,1
C0170,2025-02,85.0,94.17591272908044,0,0
C0171,2025-02,80.0,84.5472245211135,0,0
C0172,2025-02,91.0,98.72424486410412,0,0
C0173,2025-02,88.0,80.95049198960766,0,0
C0174,2025-02,79.0,83.09516797100426,0,0
C0176,2025-02,57.0,74.28010169344535,0,0
C0177,2025-02,75.0,73.35936810773921,0,0
C0178,2025-02,87.0,70.52918071957572,0,0
C0179,2025-02,81.0,74.44250241071174,0,0
C0180,2025-02,89.0,99.27664550229838,0,0
C0181,2025-02,65.0,98.83244342383377,0,0
C0182,2025-02,78.0,76.08121764298258,0,0
C0183,2025-02,95.0,75.7035084932849,0,0
C0184,2025-02,64.0,58.78216968317525,0,0
C0185,2025-02,79.0,70.71423096620212,0,0
C0186,2025-02,75.0,72.06992790972419,0,0
C0187,2025-02,86.0,76.08185009083371,0,0
C0188,2025-02,87.0,74.7527356515538,0,0
C0189,2025-02,84.0,82.92121583891881,0,0
C0190,2025-02,76.0,85.17170466655867,0,0
C0191,2025-02,85.0,75.17758848608614,0,0
C0192,2025-02,81.0,95.3666051476163,0,0
C0193,2025-02,83.0,85.31421070738858,0,0
C0194,2025-02,100.0,91.8791050250516,0,0
C0195,2025-02,67.0,75.49559111559117,0,0
C0196,2025-02,87.0,87.34476065644368,0,0
C0198,2025-02,100.0,96.14379888431104,0,0
C0199,2025-02,82.0,85.59098052631748,0,0
C0202,2025-02,65.0,92.70824263437508,0,0
C0203,2025-02,74.0,67.14556446304306,0,0
C0204,2025-02,88.0,73.21743302582016,0,0
C0205,2025-02,99.0,83.78855489148448,0,0
C0206,2025-02,96.0,70.49276665157576,0,0
C0207,2025-02,81.0,71.48342873890539,0,0
C0208,2025-02,90.0,72.64510584250954,0,0
C0209,2025-02,92.0,84.48614149824803,0,0
C0210,2025-02,100.0,79.1200301928566,0,0
C0211,2025-02,75.0,90.42178996095068,0,0
C0212,2025-02,100.0,100.0,0,0
C0213,2025-02,69.0,83.50119346998646,0,0
C0214,2025-02,95.0,73.78295660940408,0,0
C0215,2025-02,74.0,83.89663492084301,0,0
C0216,2025-02,72.0,69.89364946150796,0,0
C0218,2025-02,72.0,100.0,0,0
C0219,2025-02,86.0,77.52442670694296,0,0
C0220,2025-02,99.0,85.47098321346458,0,0
C0221,2025-02,57.0,79.32788485128508,0,0
C0222,2025-02,78.0,74.69657197765177,0,0
C0223,2025-02,70.0,86.21698568049533,0,0
C0224,2025-02,92.0,67.10540608303928,0,0
C0225,2025-02,98.0,77.69588748643771,0,0
C0226,2025-02,80.0,67.25232907907159,0,0
C0228,2025-02,62.0,90.06646144633311,0,0
C0229,2025-02,100.0,70.99564128927933,0,0
C0230,2025-02,99.0,63.08114610518902,0,0
C0231,2025-02,57.0,84.39093042809253,0,0
C0232,2025-02,91.0,80.71803078821726,0,0
C0233,2025-02,68.0,100.0,0,0
C0234,2025-02,75.0,93.90006174416136,0,0
C0235,2025-02,67.0,86.91713475863415,0,0
C0236,2025-02,56.0,73.39005153897051,0,0
C0237,2025-02,81.0,77.60399623585856,0,0
C0238,2025-02,100.0,82.69956275997014,0,0
C0239,2025-02,71.0,84.30097045403978,0,0
C0240,2025-02,92.0,72.38531120466814,0,0
C0241,2025-02,96.0,67.77554707510481,0,0
C0242,2025-02,90.0,98.96586748547698,0,0
C0243,2025-02,100.0,80.61651905057303,0,0
C0244,2025-02,93.0,84.00851236628506,0,0
C0245,2025-02,100.0,72.90762771461613,0,0
C0247,2025-02,90.0,90.14058688113748,0,0
C0248,2025-02,100.0,80.87487712595227,0,0
C0249,2025-02,75.0,85.14170852965533,0,0
C0250,2025-02,40.0,83.11002458629586,0,0
C0251,2025-02,66.0,80.38752369316273,0,0
C0252,2025-02,74.0,86.34603308782123,0,0
C0253,2025-02,87.0,82.79897342739423,0,0
C0254,2025-02,75.0,78.91088487880768,0,0
C0255,2025-02,83.0,69.52197337116891,0,0
C0256,2025-02,75.0,80.52551917715161,0,0
C0257,2025-02,80.0,87.93349371679801,0,0
C0258,2025-02,81.0,87.14915734824982,0,0
C0259,2025-02,73.0,92.14219520356926,0,0
C0260,2025-02,92.0,94.53110817599833,0,0
C0261,2025-02,99.0,88.02851820158337,0,0
C0262,2025-02,67.0,80.72015972842219,0,0
C0263,2025-02,84.0,83.15083509850965,0,0
C0264,2025-02,65.0,74.48917475661102,0,0
C0265,2025-02,62.0,89.34824152531789,0,0
C0266,2025-02,95.0,94.30291788384288,0,0
C0267,2025-02,100.0,90.93722762544382,0,0
C0268,2025-02,78.0,85.83629490551009,0,0
C0269,2025-02,100.0,79.50301380806718,0,0
C0270,2025-02,76.0,78.30878268940218,0,0
C0272,2025-02,100.0,73.70511634263273,0,0
C0273,2025-02,71.0,80.22465466787075,0,1
C0274,2025-02,92.0,51.422714827987626,0,0
C0275,2025-02,77.0,74.51645672702662,0,0
C0276,2025-02,72.0,79.75076771547958,0,0
C0277,2025-02,76.0,100.0,0,0
C0278,2025-02,58.0,82.27330634080536,0,0
C0279,2025-02,96.0,79.65238789473638,0,0
C0280,2025-02,84.0,71.50617545319125,0,0
C0281,2025-02,79.0,96.78571033614,0,0
C0282,2025-02,74.0,72.65410183640867,0,0
C0283,2025-02,82.0,100.0,1,0
C0284,2025-02,92.0,72.19167502744463,0,0
C0285,2025-02,77.0,88.31610282413884,0,0
C0286,2025-02,94.0,80.28068155137578,0,0
C0287,2025-02,85.0,74.37094844192676,0,0
C0288,2025-02,82.0,91.41359215661572,0,0
C0290,2025-02,75.0,77.82441238636473,0,0
C0291,2025-02,67.0,80.22465466787075,0,1
C0292,2025-02,81.0,75.5600237342979,0,0
C0293,2025-02,84.0,83.89715478210782,0,0
C0294,2025-02,81.0,71.01018186559084,0,0
C0295,2025-02,97.0,54.28368454050714,0,0
C0296,2025-02,88.0,61.56833054143975,0,0
C0297,2025-02,81.0,78.95802002928379,0,0
C0298,2025-02,83.0,71.26354493393697,0,0
C0299,2025-02,83.0,79.3562354663773,0,0
C0300,2025-02,89.0,75.92812546043301,0,0
C0301,2025-02,82.0,73.05906972119183,0,0
C0302,2025-02,81.0,74.61546468488056,0,0
C0303,2025-02,66.0,90.20665577530688,0,0
C0304,2025-02,74.0,82.795542220633,0,0
C0305,2025-02,85.0,95.39342081500084,0,0
C0306,2025-02,84.0,80.92000601627362,0,0
C0307,2025-02,63.0,59.57367534188533,0,0
C0308,2025-02,76.0,80.22465466787075,0,1
C0309,2025-02,71.0,81.99352952788817,0,0
C0310,2025-02,99.0,84.02207554582733,0,0
C0311,2025-02,84.0,73.89401477195955,0,0
C0312,2025-02,85.0,69.96297502638369,0,0
C0313,2025-02,81.0,73.56069956748327,0,0
C0314,2025-02,73.0,77.39546444746156,0,0
C0315,2025-02,76.0,78.66687834378422,0,0
C0316,2025-02,88.0,80.22465466787075,0,1
C0317,2025-02,78.0,82.4420204599819,0,0
C0318,2025-02,89.0,83.87730678036633,0,0
C0319,2025-02,84.0,80.22465466787075,0,1
C0320,2025-02,85.0,72.5110561573365,0,0
C0321,2025-02,86.0,87.24164546337344,0,0
C0322,2025-02,76.0,93.44224428881806,0,0
C0323,2025-02,78.0,75.81010459695342,0,0
C0324,2025-02,91.0,72.34668337026127,0,0
C0325,2025-02,100.0,86.82508346787867,0,0
C0326,2025-02,93.0,68.66073148648707,0,0
C0327,2025-02,50.0,68.81358883706227,0,0
C0328,2025-02,72.0,72.56223327272454,0,0
C0329,2025-02,83.0,82.70135952767032,0,0
C0330,2025-02,68.0,70.17090070652583,0,0
C0331,2025-02,69.0,80.68534197189265,0,0
C0332,2025-02,76.0,59.71190205649776,0,0
C0333,2025-02,85.0,85.24294808515585,0,0
C0335,2025-02,78.0,71.20428214969544,0,0
C0336,2025-02,79.0,87.80467280971052,0,0
C0337,2025-02,72.0,78.5945299077715,0,0
C0338,2025-02,90.0,83.24752560577085,0,0
C0339,2025-02,86.0,76.13893164699313,0,0
C0340,2025-02,92.0,76.73693771626364,0,0
C0341,2025-02,84.0,72.7199683654278,0,0
C0342,2025-02,67.0,70.40712659789673,0,0
C0343,2025-02,80.0,94.17914161118694,0,0
C0344,2025-02,91.0,62.640011304288834,0,0
C0346,2025-02,82.0,81.05760410244534,0,0
C0347,2025-02,85.0,79.33893276318852,0,0
C0348,2025-02,100.0,86.47627868334388,0,0
C0349,2025-02,75.0,76.74148789639537,0,0
C0350,2025-02,83.0,89.90096150122646,0,0
C0351,2025-02,100.0,100.0,0,0
C0352,2025-02,77.0,81.1971103634582,0,0
C0353,2025-02,94.0,59.540229112914304,0,0
C0354,2025-02,88.0,80.68211749505377,0,0
C0355,2025-02,78.0,76.82107219870642,0,0
C0356,2025-02,88.0,85.27103388606974,0,0
C0357,2025-02,81.0,61.06445071186345,0,0
C0359,2025-02,56.0,75.17371836733966,0,0
C0360,2025-02,78.0,87.61481960037864,0,0
C0362,2025-02,81.0,89.22684828908295,0,0
C0363,2025-02,82.0,66.4837117278531,1,0
C0364,2025-02,78.0,82.55125604834576,0,0
C0365,2025-02,89.0,71.48202448629651,0,0
C0366,2025-02,84.0,74.4279486481241,0,0
C0367,2025-02,92.0,100.0,0,0
C0368,2025-02,81.0,72.14084222628102,0,0
C0369,2025-02,85.0,76.16087787033959,0,0
C0370,2025-02,82.0,80.22465466787075,0,1
C0371,2025-02,71.0,78.58809519229324,0,0
C0372,2025-02,100.0,79.33798196326411,0,0
C0373,2025-02,74.0,73.82484636491185,0,0
C0374,2025-02,76.0,95.45475663503514,0,0
C0375,2025-02,72.0,92.27150254115963,0,0
C0376,2025-02,86.0,70.42621814836744,0,0
C0377,2025-02,75.0,87.12844670706994,0,0
C0378,2025-02,100.0,75.52399854577239,0,0
C0379,2025-02,89.0,68.74805879301245,0,0
C0380,2025-02,80.0,74.14031796352093,0,0
C0381,2025-02,71.0,68.12909428360695,0,0
C0382,2025-02,80.0,89.4914840800808,0,0
C0383,2025-02,87.0,70.40904287287023,0,0
C0384,2025-02,82.0,94.38677063228788,0,0
C0385,2025-02,79.0,80.82345450362756,0,0
C0386,2025-02,82.0,75.93218308811389,1,0
C0387,2025-02,100.0,75.66724070711984,0,0
C0388,2025-02,81.0,100.0,0,0
C0389,2025-02,66.0,81.54936154859982,0,0
C0390,2025-02,70.0,76.88434506718056,0,0
C0391,2025-02,77.0,88.52214330815562,0,0
C0392,2025-02,100.0,85.2296323344096,0,0
C0393,2025-02,78.0,68.7621671767564,0,0
C0394,2025-02,79.0,82.18458006959723,0,0
C0395,2025-02,91.0,61.23033541661185,0,0
C0396,2025-02,92.0,79.3022337144397,0,0
C0398,2025-02,86.0,86.56974170945128,0,0
C0399,2025-02,68.0,69.49587568649613,0,0
C0400,2025-02,73.0,73.54490924107853,0,0
C0401,2025-02,62.0,82.40177102813368,0,0
C0402,2025-02,77.0,90.88208327134744,0,0
C0403,2025-02,78.0,82.78869323946056,0,0
C0404,2025-02,77.0,76.37193978744659,0,0
C0405,2025-02,85.0,80.22465466787075,0,1
C0406,2025-02,74.0,81.39507021336888,0,0
C0407,2025-02,77.0,81.20359604311302,0,0
C0408,2025-02,78.0,90.3876029698432,0,0
C0409,2025-02,80.0,77.62327402403189,0,0
C0410,2025-02,86.0,80.22465466787075,0,1
C0411,2025-02,66.0,78.53788905519384,0,0
C0412,2025-02,87.0,91.08105553548572,0,0
C0413,2025-02,85.0,98.88515749116095,0,0
C0415,2025-02,85.0,98.06900025464084,0,0
C0416,2025-02,86.0,80.22465466787075,0,1
C0417,2025-02,77.0,80.05369395587122,0,0
C0418,2025-02,87.0,97.29125825752796,0,0
C0419,2025-02,96.0,76.92691396097511,0,0
C0420,2025-02,76.0,77.21971664449269,0,0
C0421,2025-02,76.0,73.69806229629799,0,0
C0422,2025-02,88.0,78.982896908383,0,0
C0423,2025-02,74.0,81.79379296630393,0,0
C0424,2025-02,73.0,73.19237330080237,0,0
C0425,2025-02,86.0,93.99515090783264,0,0
C0426,2025-02,77.0,73.38474717804074,0,0
C0427,2025-02,97.0,85.38210361640172,0,0
C0428,2025-02,75.0,79.46404812796773,0,0
C0429,2025-02,70.0,90.53902899278674,0,0
C0430,2025-02,83.0,73.19660092649238,0,0
C0431,2025-02,88.0,86.61690824312961,0,0
C0432,2025-02,86.0,100.0,0,0
C0433,2025-02,87.0,64.68088057722737,0,0
C0434,2025-02,75.0,70.89452605748532,0,0
C0435,2025-02,94.0,99.82304431775556,0,0
C0436,2025-02,62.0,78.5721750354787,0,0
C0437,2025-02,73.0,82.14796244221347,0,0
C0438,2025-02,81.0,75.80724452484874,0,0
C0439,2025-02,74.0,96.88936829211836,0,0
C0440,2025-02,79.0,64.9447818102328,0,0
C0441,2025-02,72.0,94.97681532334772,0,0
C0442,2025-02,79.0,65.25097516829112,0,0
C0443,2025-02,85.0,62.32863148390622,0,0
C0444,2025-02,74.0,67.6949358694952,0,0
C0445,2025-02,74.0,81.61527111483508,0,0
C0446,2025-02,77.0,73.8603548074773,0,0
C0447,2025-02,96.0,73.72857875425734,0,0
C0448,2025-02,95.0,70.69162376160548,0,0
C0449,2025-02,77.0,71.94765470586948,0,0
C0450,2025-02,88.0,70.48325282262334,0,0
C0451,2025-02,82.0,83.33213836278696,0,0
C0452,2025-02,99.0,75.8914338671204,0,0
C0453,2025-02,85.0,54.63275439098246,0,0
C0454,2025-02,81.0,81.22530070191348,0,0
C0455,2025-02,100.0,88.48881645266088,0,0
C0456,2025-02,69.0,75.87420826472551,0,0
C0457,2025-02,86.0,67.79892057373468,0,0
C0458,2025-02,99.0,80.22465466787075,0,1
C0459,2025-02,90.0,66.44043196286142,0,0
C0460,2025-02,73.0,77.11960391120292,0,0
C0461,2025-02,71.0,79.27606840678715,0,0
C0462,2025-02,66.0,91.90139163696436,0,0
C0463,2025-02,100.0,87.06361052908466,0,0
C0464,2025-02,68.0,82.7614656844298,0,0
C0465,2025-02,91.0,90.37641931933138,0,0
C0466,2025-02,65.0,69.18864450223538,0,0
C0467,2025-02,100.0,95.83978611497504,0,0
C0468,2025-02,65.0,49.244093919292496,0,0
C0469,2025-02,84.0,96.48735776309428,0,0
C0470,2025-02,95.0,70.2208244735064,0,0
C0471,2025-02,73.0,83.54617853884622,0,0
C0472,2025-02,88.0,93.9728971350098,0,0
C0473,2025-02,78.0,80.22465466787075,0,1
C0474,2025-02,86.0,83.92735407325209,0,0
C0475,2025-02,95.0,88.61419189268375,0,0
C0476,2025-02,77.0,65.93082200802377,0,0
C0477,2025-02,100.0,66.64203199034718,0,0
C0478,2025-02,86.0,82.92256640796667,0,0
C0479,2025-02,100.0,77.84652754188649,0,0
C0480,2025-02,74.0,79.00471213475778,0,0
C0481,2025-02,76.0,94.13325198156024,0,0
C0482,2025-02,79.0,91.48946487082456,0,0
C0483,2025-02,65.0,68.94621317706252,0,0
C0484,2025-02,93.0,84.21610350518993,0,0
C0485,2025-02,81.0,64.80196278810627,0,0
C0486,2025-02,68.0,63.86114920437637,0,0
C0487,2025-02,72.0,71.26503257033279,0,0
C0488,2025-02,71.0,79.25736392243402,0,0
C0489,2025-02,93.0,73.60844021427872,0,0
C0490,2025-02,88.0,85.55092462170268,0,0
C0491,2025-02,82.0,81.73246694245474,0,0
C0492,2025-02,76.0,90.10329298240698,0,0
C0493,2025-02,79.0,85.45970660303442,0,0
C0494,2025-02,100.0,71.23546741811099,0,0
C0495,2025-02,80.0,89.86549272247127,0,0
C0496,2025-02,91.0,70.06176154586595,0,0
C0497,2025-02,79.0,85.23314572952077,0,0
C0498,2025-02,100.0,76.86449314824567,0,0
C0499,2025-02,67.0,92.9939528313027,0,0
C0500,2025-02,94.0,90.5367624560912,0,0
C0501,2025-02,73.0,73.71962292883626,0,0
C0502,2025-02,100.0,76.9217453391453,0,0
C0503,2025-02,89.0,100.0,0,0
C0504,2025-02,60.0,66.36550745094829,0,0
C0505,2025-02,70.0,72.7785703900739,0,0
C0506,2025-02,90.0,73.07948247944026,0,0
C0507,2025-02,91.0,69.80222032971878,0,0
C0509,2025-02,83.0,78.5066583359023,0,0
C0510,2025-02,80.0,87.15880773547681,0,0
C0511,2025-02,97.0,66.09679242594038,0,0
C0512,2025-02,71.0,74.74642042540253,0,0
C0513,2025-02,83.0,72.25113236590425,0,0
C0514,2025-02,73.0,66.99510279096818,0,0
C0516,2025-02,77.0,73.58179962866654,0,0
C0517,2025-02,74.0,67.29296367505948,0,0
C0518,2025-02,88.0,88.78675644455673,0,0
C0519,2025-02,65.0,93.69319818113144,0,0
C0520,2025-02,86.0,81.32505753939661,0,0
C0521,2025-02,75.0,71.84493243307682,0,0
C0522,2025-02,84.0,79.23549648929311,0,0
C0523,2025-02,79.0,80.22465466787075,0,1
C0524,2025-02,76.0,79.43045005575397,0,0
C0525,2025-02,94.0,85.22776576881762,0,0
C0526,2025-02,79.0,81.25134479994402,0,0
C0527,2025-02,90.0,79.79100578550512,0,0
C0528,2025-02,91.0,75.41665198486672,0,0
C0529,2025-02,78.0,85.87812992437448,0,0
C0530,2025-02,66.0,80.22465466787075,0,1
C0531,2025-02,71.0,61.38073153277483,0,0
C0532,2025-02,97.0,62.33107276254265,0,0
C0533,2025-02,89.0,78.03274678510876,0,0
C0534,2025-02,83.0,88.95657959221036,0,0
C0535,2025-02,74.0,90.90830971313844,0,0
C0536,2025-02,100.0,80.22465466787075,0,1
C0537,2025-02,70.0,77.1025029313838,0,0
C0538,2025-02,83.0,93.97525106487528,0,0
C0539,2025-02,89.0,73.93635959615082,0,0
C0540,2025-02,66.0,76.85585067469484,0,0
C0542,2025-02,76.0,76.13975589549662,0,0
C0543,2025-02,92.0,71.37059677354331,0,0
C0544,2025-02,75.0,80.22465466787075,0,1
C0545,2025-02,65.0,93.62781233807222,0,0
C0546,2025-02,64.0,81.21259142369843,0,0
C0547,2025-02,72.0,84.39211560669678,0,0
C0548,2025-02,64.0,74.2843808173369,0,0
C0549,2025-02,91.0,54.992103243825525,0,0
C0550,2025-02,90.0,71.21596906222513,0,0
C0551,2025-02,83.0,89.37712905194584,0,0
C0552,2025-02,78.0,84.31163621155086,0,0
C0553,2025-02,93.0,78.33501710580371,0,0
C0554,2025-02,92.0,89.80048070765977,0,0
C0555,2025-02,71.0,76.48844967560225,0,0
C0556,2025-02,72.0,68.76707642645647,0,0
C0557,2025-02,92.0,88.98567895588904,0,0
C0558,2025-02,85.0,73.94718543405612,0,0
C0559,2025-02,90.0,91.2282376396426,0,0
C0560,2025-02,72.0,61.09504461817015,0,0
C0561,2025-02,74.0,76.33766452954558,0,0
C0562,2025-02,87.0,80.22465466787075,0,1
C0563,2025-02,74.0,85.31771991710254,0,0
C0564,2025-02,64.0,78.64335118954241,0,0
C0565,2025-02,75.0,84.16381965994225,0,0
C0566,2025-02,79.0,81.2905903121921,0,0
C0567,2025-02,100.0,63.53090981865847,0,0
C0568,2025-02,71.0,75.70046856401117,0,0
C0569,2025-02,82.0,83.98247146742054,0,0
C0570,2025-02,100.0,86.27542946443194,0,0
C0571,2025-02,69.0,79.43215617109423,0,0
C0572,2025-02,90.0,74.43371619203317,0,0
C0573,2025-02,74.0,67.61892516124563,0,0
C0574,2025-02,86.0,87.51560924854354,0,0
C0575,2025-02,100.0,86.07507992961938,0,0
C0576,2025-02,90.0,88.07446719281967,0,0
C0577,2025-02,84.0,69.78168757540772,0,0
C0578,2025-02,71.0,82.42203096175737,0,0
C0579,2025-02,80.0,73.4609202371736,0,0
C0580,2025-02,76.0,80.22465466787075,0,1
C0581,2025-02,65.0,100.0,0,0
C0582,2025-02,57.0,89.72248085588511,0,0
C0583,2025-02,73.0,74.02216641268961,0,0
C0584,2025-02,85.0,82.08544428325166,0,0
C0585,2025-02,97.0,78.14603172087374,0,0
C0586,2025-02,73.0,81.25207736125189,0,0
C0587,2025-02,85.0,65.39944547070901,0,0
C0588,2025-02,62.0,83.79511609047935,0,0
C0589,2025-02,73.0,59.5939307612998,0,0
C0590,2025-02,51.0,61.89588880883018,0,0
C0591,2025-02,100.0,100.0,0,0
C0592,2025-02,84.0,76.92516069814728,0,0
C0593,2025-02,83.0,93.99337508695476,0,0
C0594,2025-02,89.0,73.12516810593729,0,0
C0595,2025-02,100.0,60.05737821645495,0,0
C0596,2025-02,78.0,71.36957559542049,0,0
C0597,2025-02,71.0,100.0,0,0
C0598,2025-02,100.0,64.2431690502253,0,0
C0599,2025-02,68.0,98.91061091620708,0,0
C0600,2025-02,96.0,80.22465466787075,0,1
C0601,2025-02,79.0,79.34339033624815,0,0
C0602,2025-02,87.0,72.97234130972984,0,0
C0603,2025-02,65.0,71.85054924237171,0,0
C0604,2025-02,100.0,84.09898600371696,0,0
C0605,2025-02,78.0,94.27521699286032,0,0
C0606,2025-02,74.0,83.22943858479317,0,0
C0607,2025-02,88.0,87.13053462115886,0,0
C0608,2025-02,73.0,74.64264703788267,0,0
C0609,2025-02,89.0,100.0,0,0
C0610,2025-02,66.0,81.3056819179177,0,0
C0611,2025-02,82.0,98.79112489938764,0,0
C0612,2025-02,73.0,69.24964989624908,0,0
C0613,2025-02,73.0,79.88052655357988,0,0
C0614,2025-02,70.0,90.46920712442534,0,0
C0615,2025-02,93.0,82.10705184249514,0,0
C0616,2025-02,78.0,85.5436586696104,0,0
C0618,2025-02,85.0,74.12842727881524,0,0
C0619,2025-02,96.0,71.60530071644348,0,0
C0620,2025-02,73.0,81.33427750927093,0,0
C0621,2025-02,85.0,79.3011488273334,0,0
C0622,2025-02,72.0,75.80870639230234,0,0
C0623,2025-02,80.0,87.74174741650889,0,0
C0624,2025-02,94.0,68.76171108872994,0,0
C0625,2025-02,55.0,59.66052190023822,0,0
C0626,2025-02,71.0,74.49913284492155,0,0
C0627,2025-02,79.0,100.0,0,0
C0628,2025-02,86.0,84.84932190851872,0,0
C0629,2025-02,96.0,71.5662888725696,0,0
C0631,2025-02,100.0,80.56041910972466,0,0
C0632,2025-02,88.0,83.77873112410694,0,0
C0633,2025-02,79.0,89.42209973731798,0,0
C0634,2025-02,63.0,81.33226117556285,0,0
C0635,2025-02,77.0,83.21714682026268,0,0
C0636,2025-02,94.0,94.9181591966432,0,0
C0637,2025-02,85.0,88.5271295876645,0,0
C0638,2025-02,79.0,81.88391003692696,0,0
C0639,2025-02,70.0,80.64065813668334,0,0
C0640,2025-02,92.0,75.76113711124808,0,0
C0641,2025-02,79.0,66.88809220412813,0,0
C0642,2025-02,80.0,87.66137263997001,0,0
C0643,2025-02,79.0,91.5625810505746,0,0
C0644,2025-02,75.0,85.37461584749292,0,0
C0645,2025-02,70.0,80.22465466787075,0,1
C0646,2025-02,64.0,71.94714614164602,0,0
C0647,2025-02,74.0,73.36102751121196,0,0
C0648,2025-02,61.0,68.07503784901812,0,0
C0649,2025-02,87.0,76.87637662800526,0,0
C0650,2025-02,74.0,89.81819651619742,0,0
C0651,2025-02,79.0,74.98950006436647,0,0
C0652,2025-02,83.0,80.81104674161912,0,0
C0653,2025-02,74.0,89.30496336025247,0,0
C0654,2025-02,67.0,91.6573705899715,0,0
C0655,2025-02,86.0,65.0596961655055,0,0
C0656,2025-02,100.0,75.47349999266392,0,0
C0657,2025-02,93.0,73.46398435320864,0,0
C0658,2025-02,96.0,70.63055017856652,0,0
C0659,2025-02,67.0,76.73779683164113,0,0
C0660,2025-02,79.0,59.82504236799223,0,0
C0661,2025-02,80.0,77.16515827085013,0,0
C0662,2025-02,82.0,80.03394267479821,1,0
C0663,2025-02,94.0,80.22465466787075,0,1
C0664,2025-02,79.0,74.30589989127935,0,0
C0665,2025-02,53.0,79.42588023958542,0,0
C0666,2025-02,67.0,80.66148614767505,0,0
C0667,2025-02,90.0,64.97309445805533,0,0
C0668,2025-02,77.0,86.24164711595712,0,0
C0669,2025-02,80.0,87.40630940535574,0,0
C0670,2025-02,89.0,72.26009309932087,0,0
C0671,2025-02,96.0,97.2460690984288,0,0
C0672,2025-02,72.0,84.56676264051764,0,0
C0673,2025-02,90.0,84.42187416141957,0,0
C0674,2025-02,100.0,86.88392834697552,0,0
C0675,2025-02,99.0,70.01189114973629,0,0
C0676,2025-02,76.0,77.58180307524407,0,0
C0677,2025-02,86.0,87.47228195313114,0,0
C0678,2025-02,91.0,72.60247320740626,0,0
C0679,2025-02,83.0,77.60375572650575,0,0
C0680,2025-02,78.0,85.73157077984978,0,0
C0681,2025-02,60.0,82.56210903221772,0,0
C0682,2025-02,71.0,80.30909096979568,0,0
C0683,2025-02,73.0,79.88795103554048,0,0
C0684,2025-02,67.0,78.95522233184343,0,0
C0685,2025-02,83.0,89.07707618703093,0,0
C0686,2025-02,92.0,100.0,0,0
C0687,2025-02,77.0,83.3422139467802,0,0
C0688,2025-02,56.0,93.71549463250524,0,0
C0689,2025-02,79.0,74.43583698843966,0,0
C0690,2025-02,85.0,72.89359832342187,0,0
C0691,2025-02,84.0,71.69193064201403,0,0
C0692,2025-02,72.0,69.20842793186931,0,0
C0693,2025-02,66.0,76.2101011154161,0,0
C0694,2025-02,93.0,89.19370066197527,0,0
C0695,2025-02,86.0,90.49792951786988,0,0
C0696,2025-02,74.0,75.89012311711753,0,0
C0697,2025-02,65.0,78.43495591150331,0,0
C0698,2025-02,86.0,82.00258353131728,0,0
C0699,2025-02,71.0,82.69332909229028,0,0
C0700,2025-02,87.0,80.22465466787075,0,1
C0701,2025-02,85.0,77.30927516635958,0,0
C0702,2025-02,100.0,79.12283090832669,0,0
C0703,2025-02,80.0,92.55869305426882,0,0
C0704,2025-02,100.0,78.44197751704337,0,0
C0705,2025-02,82.0,73.42470745713851,0,0
C0706,2025-02,74.0,80.06076936875996,0,0
C0707,2025-02,69.0,81.06472968480038,0,0
C0708,2025-02,72.0,65.46496598339344,0,0
C0709,2025-02,87.0,75.76253181693531,0,0
C0710,2025-02,83.0,83.69576815451727,0,0
C0711,2025-02,58.0,98.63134563939646,0,0
C0712,2025-02,94.0,74.94932817611102,0,0
C0713,2025-02,99.0,87.27912800714083,0,0
C0714,2025-02,61.0,83.65386392245753,0,0
C0715,2025-02,95.0,92.9044970399592,0,0
C0716,2025-02,100.0,72.13125350327152,0,0
C0717,2025-02,59.0,89.7133805729,0,0
C0718,2025-02,77.0,95.364183112527,0,0
C0719,2025-02,72.0,94.76470876367006,0,0
C0720,2025-02,92.0,92.5275387946557,0,0
C0721,2025-02,77.0,81.80439763387108,0,0
C0722,2025-02,75.0,80.22465466787075,0,1
C0723,2025-02,87.0,76.22935456852997,0,0
C0724,2025-02,100.0,57.22633397220279,0,0
C0725,2025-02,82.0,83.93385569368014,0,0
C0726,2025-02,75.0,77.80600620903917,0,0
C0727,2025-02,77.0,88.06130501401505,0,0
C0728,2025-02,90.0,88.66880459899195,0,0
C0729,2025-02,67.0,70.38829858461571,0,0
C0730,2025-02,82.0,100.0,0,0
C0731,2025-02,70.0,83.6043179594665,0,0
C0732,2025-02,67.0,66.85047301415295,0,0
C0733,2025-02,58.0,68.55263508557715,0,0
C0734,2025-02,75.0,57.991556638876034,0,0
C0735,2025-02,95.0,87.72382344267089,0,0
C0736,2025-02,58.0,74.6539107495404,0,0
C0737,2025-02,90.0,73.50729918358664,0,0
C0738,2025-02,75.0,74.74056962745996,0,0
C0739,2025-02,69.0,76.94223573795573,0,0
C0740,2025-02,85.0,85.23792475385186,0,0
C0741,2025-02,98.0,63.72900306297767,0,0
C0742,2025-02,100.0,69.75968643412946,0,0
C0743,2025-02,84.0,83.91541821788013,0,0
C0744,2025-02,82.0,75.82684115313975,0,0
C0745,2025-02,88.0,87.92280750616231,0,0
C0746,2025-02,100.0,80.22465466787075,0,1
C0747,2025-02,77.0,94.42607714516372,0,0
C0748,2025-02,96.0,82.55011311224285,0,0
C0749,2025-02,76.0,93.8387320255848,0,0
C0750,2025-02,72.0,85.44717253380836,0,0
C0751,2025-02,100.0,87.20430467772624,0,0
C0752,2025-02,80.0,71.01206517023307,0,0
C0753,2025-02,84.0,91.83408083345472,0,0
C0754,2025-02,90.0,83.67550752088718,0,0
C0756,2025-02,77.0,60.128928031292745,0,0
C0757,2025-02,74.0,81.70545046447512,0,0
C0758,2025-02,86.0,95.88912746399424,0,0
C0759,2025-02,87.0,71.82807298956955,0,0
C0760,2025-02,75.0,71.39275907015312,0,0
C0761,2025-02,100.0,76.13254192706174,0,0
C0762,2025-02,82.0,91.78362365031911,0,0
C0763,2025-02,83.0,61.94186709899388,0,0
C0764,2025-02,99.0,75.23153163541978,0,0
C0765,2025-02,71.0,69.39328020255181,0,0
C0766,2025-02,76.0,80.22465466787075,0,1
C0767,2025-02,85.0,79.01009194673154,0,0
C0768,2025-02,65.0,78.00457723860535,0,0
C0769,2025-02,80.0,80.22465466787075,0,1
C0770,2025-02,100.0,89.21962934890057,0,0
C0771,2025-02,100.0,93.0975448899582,0,0
C0772,2025-02,92.0,89.42073956541506,0,0
C0773,2025-02,96.0,86.2352970079081,0,0
C0774,2025-02,88.0,93.81495184149377,0,0
C0775,2025-02,76.0,70.03436383195196,0,0
C0776,2025-02,100.0,84.13900208307116,0,0
C0777,2025-02,72.0,100.0,0,0
C0778,2025-02,93.0,61.53913754658276,0,0
C0780,2025-02,75.0,68.72094246874975,0,0
C0781,2025-02,89.0,83.68545600049987,0,0
C0782,2025-02,100.0,96.43685339806056,0,0
C0783,2025-02,99.0,85.96531512627328,0,0
C0784,2025-02,86.0,80.22465466787075,0,1
C0785,2025-02,83.0,85.99525708959366,0,0
C0786,2025-02,92.0,77.74846813671391,0,0
C0787,2025-02,98.0,82.07098024887435,0,0
C0788,2025-02,62.0,87.42428969942878,0,0
C0789,2025-02,80.0,97.6938502978032,0,0
C0790,2025-02,69.0,84.37820514494604,0,0
C0791,2025-02,80.0,83.57661723872296,0,0
C0792,2025-02,68.0,100.0,0,0
C0793,2025-02,60.0,60.83481075119711,0,0
C0794,2025-02,67.0,80.804411619101,0,0
C0795,2025-02,74.0,71.40221243028013,0,0
C0796,2025-02,90.0,78.96048506084132,0,0
C0797,2025-02,70.0,84.30903753614041,0,0
C0798,2025-02,71.0,89.54166209095976,0,0
C0799,2025-02,86.0,74.38041415133495,0,0
C0800,2025-02,86.0,87.54200897688594,0,0
H0001,2025-03,84.0,79.84713877660735,0,0
H0002,2025-03,96.0,67.83704323027418,0,0
H0003,2025-03,73.0,87.44923596263223,0,0
H0004,2025-03,85.0,70.53741648579833,0,0
H0005,2025-03,95.0,77.0081131929574,0,0
H0006,2025-03,82.0,84.59268867866595,0,0
H0007,2025-03,81.0,89.47141841997934,0,0
H0008,2025-03,63.0,73.0762565768165,0,0
H0009,2025-03,63.0,88.07803146057596,0,0
H0010,2025-03,70.0,82.10177106161338,0,0
H0011,2025-03,100.0,79.2506639398967,0,0
H0012,2025-03,98.0,80.22465466787075,0,1
H0013,2025-03,97.0,80.22465466787075,0,1
H0014,2025-03,86.0,81.98286461369631,0,0
H0015,2025-03,88.0,91.3061024217712,0,0
H0016,2025-03,78.0,83.97642695393486,0,0
H0017,2025-03,77.0,77.51777555363068,0,0
H0018,2025-03,58.0,76.6265110620257,0,0
H0019,2025-03,85.0,81.9475322052311,0,0
H0020,2025-03,88.0,76.10229698229408,0,0
H0021,2025-03,74.0,61.70090785851077,0,0
H0022,2025-03,93.0,91.57802999625426,0,0
H0023,2025-03,95.0,77.43047123624515,0,0
H0024,2025-03,68.0,77.76119656271753,0,0
H0026,2025-03,89.0,75.99800880229785,0,0
H0027,2025-03,100.0,84.13662516414783,0,0
H0028,2025-03,75.0,81.63343479489079,0,0
H0029,2025-03,100.0,85.28457053601304,0,0
H0030,2025-03,88.0,72.35113050304807,0,0
H0031,2025-03,78.0,89.13811330539276,0,0
H0032,2025-03,68.0,97.4777553948194,0,0
H0033,2025-03,83.0,71.5381190018204,0,0
H0034,2025-03,92.0,88.62848763762774,0,0
H0035,2025-03,81.0,79.81311305239657,0,0
H0036,2025-03,84.0,84.91877301789427,0,0
H0037,2025-03,78.0,87.02710227572605,0,0
H0038,2025-03,66.0,67.4848909600054,0,0
H0039,2025-03,84.0,72.6383694961381,0,0
H0040,2025-03,70.0,77.35698308792709,0,0
H0041,2025-03,94.0,93.55599116181426,0,0
H0042,2025-03,93.0,77.8251650320203,0,0
H0043,2025-03,100.0,84.2427259948812,0,0
H0044,2025-03,79.0,83.02132365545971,0,0
H0045,2025-03,82.0,80.22465466787075,0,1
H0046,2025-03,62.0,79.52289237084727,0,0
H0047,2025-03,75.0,80.22465466787075,0,1
H0048,2025-03,84.0,81.14459933413272,0,0
H0049,2025-03,82.0,75.7463182431346,0,0
H0050,2025-03,79.0,81.87964175744713,0,0
H0051,2025-03,74.0,73.39023193143402,0,0
H0052,2025-03,85.0,98.4348410883322,0,0
H0053,2025-03,79.0,63.76608621959494,0,0
H0054,2025-03,98.0,63.87116195883048,0,0
H0055,2025-03,85.0,84.2096469098453,0,0
H0056,2025-03,76.0,88.8677893550596,0,0
H0057,2025-03,94.0,95.57030669911168,0,0
H0058,2025-03,69.0,76.4763483090301,0,0
H0059,2025-03,78.0,81.61952569701425,0,0
H0060,2025-03,70.0,86.0712353636947,0,0
H0061,2025-03,79.0,94.2895484140639,0,0
H0062,2025-03,98.0,67.01447124447705,0,0
H0063,2025-03,84.0,81.63607401305575,0,0
H0064,2025-03,62.0,87.8133056890868,0,0
H0065,2025-03,76.0,75.82224477861372,0,0
H0066,2025-03,85.0,84.41310519070444,0,0
H0067,2025-03,85.0,73.76474981500512,0,0
H0068,2025-03,82.0,93.72685933639828,1,0
H0069,2025-03,92.0,63.679835504035495,0,0
H0070,2025-03,89.0,78.19046332054918,0,0
H0071,2025-03,81.0,87.20690826633837,0,0
H0072,2025-03,84.0,76.57650848430855,0,0
H0073,2025-03,79.0,87.7125396574791,0,0
H0074,2025-03,83.0,81.38696634473499,0,0
H0075,2025-03,85.0,83.66618270038771,0,0
H0076,2025-03,95.0,87.45238985007259,0,0
H0077,2025-03,88.0,80.69215182123862,0,0
H0078,2025-03,82.0,63.71185462518041,0,0
H0079,2025-03,76.0,96.42317253099702,0,0
H0080,2025-03,89.0,93.3893014702428,0,0
H0081,2025-03,86.0,87.56941684635628,0,0
H0082,2025-03,81.0,77.1348586295517,0,0
H0083,2025-03,77.0,83.28684232520627,0,0
H0084,2025-03,85.0,65.22201002733294,0,0
H0085,2025-03,76.0,66.76127962013669,0,0
H0086,2025-03,66.0,100.0,0,0
H0087,2025-03,100.0,68.53749205200424,0,0
H0088,2025-03,100.0,76.63496877234066,0,0
H0089,2025-03,84.0,82.10895520944284,0,0
H0090,2025-03,88.0,83.47446494367082,0,0
H0091,2025-03,80.0,81.50399312229614,0,0
H0092,2025-03,87.0,75.78394435960301,0,0
H0093,2025-03,84.0,79.39755508058099,0,0
H0094,2025-03,85.0,92.41151534010434,0,0
H0095,2025-03,72.0,88.35366354800807,0,0
H0096,2025-03,100.0,86.81664184983948,0,0
H0097,2025-03,67.0,58.693727906642096,0,0
H0098,2025-03,92.0,85.35761552893294,0,0
H0099,2025-03,73.0,82.47788967810963,0,0
H0100,2025-03,59.0,74.09976609798616,0,0
H0101,2025-03,92.0,97.2796818383318,0,0
H0102,2025-03,84.0,65.34840373740093,0,0
H0103,2025-03,67.0,81.48547521828696,0,0
H0104,2025-03,90.0,91.73039724415588,0,0
H0105,2025-03,77.0,81.04072670548564,0,0
H0106,2025-03,100.0,59.19980943236277,0,0
H0107,2025-03,66.0,80.22465466787075,0,1
H0108,2025-03,75.0,63.754351492230136,0,0
H0109,2025-03,94.0,70.5794896370432,0,0
H0110,2025-03,77.0,89.76380089438881,0,0
H0111,2025-03,72.0,70.6073489560053,0,0
H0112,2025-03,87.0,80.22465466787075,0,1
H0113,2025-03,96.0,71.2535452777337,0,0
H0114,2025-03,82.0,81.04099263500856,0,0
H0115,2025-03,80.0,92.75220395964182,0,0
H0116,2025-03,72.0,63.55949235040752,0,0
H0117,2025-03,76.0,81.6881372268206,0,0
H0118,2025-03,68.0,62.36797844952088,0,0
H0119,2025-03,98.0,100.0,0,0
H0120,2025-03,90.0,70.0470674774525,0,0
H0121,2025-03,67.0,86.05467323895824,0,0
H0122,2025-03,75.0,82.71394239424417,0,0
H0123,2025-03,91.0,81.75753531574559,0,0
H0124,2025-03,90.0,76.17607573254594,0,0
H0125,2025-03,82.0,67.19990737658483,0,0
H0126,2025-03,79.0,94.3526341392847,0,0
H0127,2025-03,84.0,72.6797282163072,0,0
H0128,2025-03,78.0,79.89656740070107,0,0
H0129,2025-03,96.0,77.98681411805744,0,0
H0130,2025-03,90.0,89.76897571191796,0,0
H0131,2025-03,87.0,100.0,0,0
H0132,2025-03,68.0,72.12793887929912,0,0
H0133,2025-03,75.0,82.01327057963617,0,0
H0135,2025-03,78.0,93.8979898062027,0,0
H0136,2025-03,85.0,79.81748149960603,0,0
H0137,2025-03,100.0,79.60095353326597,0,0
H0138,2025-03,84.0,92.91070440279016,0,0
H0139,2025-03,66.0,62.55879218664861,0,0
H0140,2025-03,91.0,89.69860400418287,0,0
H0141,2025-03,65.0,80.22465466787075,0,1
H0142,2025-03,89.0,82.82564366236426,0,0
H0143,2025-03,82.0,81.22142119195897,1,0
H0144,2025-03,90.0,75.32524646985114,0,0
H0145,2025-03,89.0,83.54000276759982,0,0
H0146,2025-03,85.0,77.48594618816247,0,0
H0147,2025-03,72.0,92.836057915808,0,0
H0149,2025-03,89.0,70.11325728425047,0,0
H0150,2025-03,83.0,80.4331700333403,0,0
H0151,2025-03,100.0,80.39294473329151,0,0
H0152,2025-03,83.0,94.27850940294869,0,0
H0153,2025-03,92.0,80.78698948331797,0,0
H0154,2025-03,76.0,79.20213128519093,0,0
H0155,2025-03,73.0,69.64540611710163,0,0
H0156,2025-03,95.0,81.74211187250862,0,0
H0157,2025-03,75.0,70.9230995672176,0,0
H0158,2025-03,64.0,77.57483976089416,0,0
H0159,2025-03,65.0,69.88075463513758,0,0
H0160,2025-03,86.0,84.73526367301342,0,0
H0161,2025-03,76.0,81.45235038681943,0,0
H0163,2025-03,100.0,72.13171857212215,0,0
H0164,2025-03,56.0,81.23319902480516,0,0
H0165,2025-03,76.0,80.18093926133213,0,0
H0166,2025-03,100.0,79.51987157891264,0,0
H0167,2025-03,81.0,89.66406817540098,0,0
H0168,2025-03,100.0,79.15835949718583,0,0
H0169,2025-03,92.0,70.21637652808582,0,0
H0170,2025-03,68.0,83.91077192811792,0,0
H0171,2025-03,91.0,97.74154624148008,0,0
H0173,2025-03,81.0,81.5040683182143,0,0
H0174,2025-03,70.0,82.67215278712597,0,0
H0175,2025-03,74.0,89.69278647493174,0,0
H0176,2025-03,92.0,88.9873014669807,0,0
H0177,2025-03,71.0,80.94005242106125,0,0
H0178,2025-03,58.0,75.65215729461063,0,0
H0179,2025-03,88.0,76.42440915452138,0,0
H0180,2025-03,78.0,84.31851750048592,0,0
H0181,2025-03,93.0,73.25574325678711,0,0
H0182,2025-03,71.0,64.71535085801045,0,0
H0183,2025-03,94.0,77.65983880994644,0,0
H0184,2025-03,92.0,76.74488830005656,0,0
H0185,2025-03,88.0,75.95848376611751,0,0
H0186,2025-03,66.0,85.71122481939977,0,0
H0187,2025-03,80.0,80.21586926312848,0,0
H0188,2025-03,93.0,78.5375986530658,0,0
H0190,2025-03,57.0,76.78988762730614,0,0
H0191,2025-03,74.0,64.42349960190619,0,0
H0192,2025-03,72.0,80.22465466787075,0,1
H0193,2025-03,76.0,73.68929941059517,0,0
H0194,2025-03,62.0,78.08466407514103,0,0
H0195,2025-03,92.0,81.57580149951511,0,0
H0196,2025-03,91.0,79.37858132909072,0,0
H0197,2025-03,71.0,68.40614264792485,0,0
H0198,2025-03,76.0,62.533837493413415,0,0
H0199,2025-03,73.0,95.4646135243636,0,0
H0200,2025-03,89.0,73.55967352084673,0,0
H0201,2025-03,70.0,77.51633279607218,0,0
H0202,2025-03,70.0,73.97823347353918,0,0
H0203,2025-03,82.0,87.70538470803959,0,0
H0204,2025-03,73.0,84.49444036497002,0,0
H0205,2025-03,100.0,72.50735896667508,0,0
H0206,2025-03,75.0,87.6958598759555,0,0
H0207,2025-03,92.0,67.85449998044166,0,0
H0208,2025-03,92.0,78.40708049351055,0,0
H0209,2025-03,66.0,50.83518587647556,0,0
H0210,2025-03,79.0,84.0228686655238,0,0
H0211,2025-03,70.0,74.74272802375262,0,0
H0212,2025-03,91.0,76.21288589756028,0,0
H0213,2025-03,81.0,92.5960933991362,0,0
H0214,2025-03,92.0,72.68682542842352,0,0
H0215,2025-03,100.0,74.12464629728318,0,0
H0216,2025-03,100.0,66.00966283748824,0,0
H0217,2025-03,82.0,81.4179441035512,1,0
H0218,2025-03,69.0,80.81172164717098,0,0
H0219,2025-03,68.0,87.50870116537591,0,0
H0220,2025-03,95.0,79.77174815425373,0,0
H0221,2025-03,90.0,83.10685573172412,0,0
H0222,2025-03,90.0,84.92812930866192,0,0
H0223,2025-03,89.0,84.18476293484271,0,0
H0224,2025-03,78.0,80.0831564234185,0,0
H0225,2025-03,84.0,86.95844836062963,0,0
H0226,2025-03,86.0,80.22465466787075,0,1
H0227,2025-03,85.0,91.98643586259792,0,0
H0228,2025-03,74.0,100.0,0,0
H0229,2025-03,100.0,68.94209629542074,0,0
H0230,2025-03,69.0,87.32765593075514,0,0
H0231,2025-03,79.0,82.54744699994735,0,0
H0232,2025-03,99.0,81.64188253702258,0,0
H0233,2025-03,82.0,88.44782484107621,1,0
H0234,2025-03,66.0,80.22465466787075,0,1
H0235,2025-03,54.0,68.24234958557834,0,0
H0236,2025-03,69.0,74.78142072982322,0,0
H0237,2025-03,83.0,85.25174417281846,0,0
H0238,2025-03,83.0,72.54539192293151,0,0
H0239,2025-03,83.0,70.56595164248832,0,0
H0240,2025-03,89.0,77.74591836726242,0,0
H0241,2025-03,81.0,64.49852260222553,0,0
H0242,2025-03,93.0,71.98520150137398,0,0
H0243,2025-03,93.0,100.0,0,0
H0244,2025-03,55.0,73.58804395540665,0,0
H0245,2025-03,83.0,84.34567200274113,0,0
H0246,2025-03,79.0,72.1697726636036,0,0
H0247,2025-03,85.0,85.82698500925211,0,0
H0248,2025-03,78.0,76.68589920290704,0,0
H0249,2025-03,63.0,88.31920429551496,0,0
H0250,2025-03,87.0,76.71005443447089,0,0
H0251,2025-03,90.0,74.8922537216033,0,0
H0252,2025-03,60.0,78.80350201507714,0,0
H0253,2025-03,100.0,81.25636932535842,0,0
H0255,2025-03,72.0,74.43165381517144,0,0
H0256,2025-03,66.0,68.37235836499079,0,0
H0257,2025-03,84.0,65.64041326573182,0,0
H0258,2025-03,84.0,74.63276789450151,0,0
H0259,2025-03,90.0,64.20270262019615,0,0
H0260,2025-03,87.0,66.8922023110899,0,0
H0261,2025-03,90.0,78.60919494386938,0,0
H0262,2025-03,69.0,86.6302170547735,0,0
H0263,2025-03,81.0,77.72093516057633,0,0
H0264,2025-03,87.0,100.0,0,0
H0265,2025-03,79.0,83.36203004339548,0,0
H0266,2025-03,90.0,82.50063641102842,0,0
H0267,2025-03,95.0,69.70148383218213,0,0
H0268,2025-03,72.0,86.04044906085282,0,0
H0269,2025-03,83.0,87.5234472400698,0,0
H0270,2025-03,77.0,71.98062157602622,0,0
H0271,2025-03,79.0,83.2672292509611,0,0
H0272,2025-03,82.0,95.32132578688125,1,0
H0273,2025-03,88.0,84.6388541762809,0,0
H0274,2025-03,100.0,87.10960497035224,0,0
H0275,2025-03,86.0,75.81123422684911,0,0
H0276,2025-03,100.0,60.75626808945465,0,0
H0277,2025-03,98.0,86.14529685976996,0,0
H0278,2025-03,73.0,78.5924206128978,0,0
H0279,2025-03,86.0,82.12487615234323,0,0
H0280,2025-03,89.0,78.75302495875111,0,0
H0281,2025-03,91.0,73.01389928111273,0,0
H0282,2025-03,74.0,82.01565836967696,0,0
H0283,2025-03,85.0,74.22729582595032,0,0
H0284,2025-03,100.0,70.962459887384,0,0
H0285,2025-03,64.0,88.61802307432198,0,0
H0286,2025-03,94.0,71.06637503701164,0,0
H0287,2025-03,96.0,78.9622232982843,0,0
H0288,2025-03,61.0,71.01257253004391,0,0
H0289,2025-03,75.0,95.81828074825944,0,0
H0291,2025-03,91.0,68.85260434993299,0,0
H0292,2025-03,84.0,82.38252116073728,0,0
H0293,2025-03,75.0,79.88392788076662,0,0
H0294,2025-03,84.0,82.17138858891197,0,0
H0295,2025-03,86.0,72.78062386201428,0,0
H0296,2025-03,80.0,80.22465466787075,0,1
H0297,2025-03,100.0,93.24748607717676,0,0
H0298,2025-03,81.0,70.12994536623061,0,0
H0299,2025-03,91.0,80.22465466787075,0,1
H0300,2025-03,69.0,61.79877849896535,0,0
H0301,2025-03,85.0,76.84306505562314,0,0
H0302,2025-03,77.0,68.23373690407547,0,0
H0303,2025-03,76.0,100.0,0,0
H0304,2025-03,100.0,66.63931436299866,0,0
H0305,2025-03,74.0,72.78001609932798,0,0
H0306,2025-03,75.0,100.0,0,0
H0307,2025-03,60.0,90.20999805611552,0,0
H0308,2025-03,72.0,63.17195543520452,0,0
H0309,2025-03,62.0,81.08141130816797,0,0
H0310,2025-03,97.0,80.22465466787075,0,1
H0311,2025-03,86.0,70.18380754606376,0,0
H0312,2025-03,91.0,86.26119387903276,0,0
H0313,2025-03,88.0,66.25731034785753,0,0
H0314,2025-03,68.0,60.91946339680501,0,0
H0315,2025-03,91.0,89.16906754301166,0,0
H0316,2025-03,80.0,86.91816498963597,0,0
H0317,2025-03,87.0,96.94089417300444,0,0
H0318,2025-03,49.0,79.01752855605672,0,0
H0319,2025-03,69.0,97.0454904092586,0,0
H0320,2025-03,74.0,75.01400897217304,0,0
H0321,2025-03,85.0,90.50683444776624,0,0
H0322,2025-03,63.0,98.80756845349356,0,0
H0323,2025-03,100.0,72.45857156749099,0,0
H0324,2025-03,98.0,63.10492268137311,0,0
H0325,2025-03,98.0,82.73473874728424,0,0
H0326,2025-03,100.0,82.64479371443065,0,0
H0327,2025-03,88.0,78.39939390604196,0,0
H0328,2025-03,68.0,89.19347826982843,0,0
H0329,2025-03,88.0,69.60707718555534,0,0
H0330,2025-03,76.0,78.9920857533698,0,0
H0331,2025-03,80.0,73.31173832191695,0,0
H0332,2025-03,94.0,98.09832215203733,0,0
H0333,2025-03,75.0,87.3543707130805,0,0
H0334,2025-03,73.0,71.55822771813209,0,0
H0335,2025-03,94.0,81.59140703894806,0,0
H0336,2025-03,71.0,77.65685636653963,0,0
H0337,2025-03,78.0,66.79348656973949,0,0
H0338,2025-03,80.0,95.32753934821493,0,0
H0339,2025-03,90.0,77.6070444439817,0,0
H0340,2025-03,90.0,100.0,0,0
H0341,2025-03,75.0,81.38646573473574,0,0
H0342,2025-03,60.0,91.18188554497176,0,0
H0343,2025-03,97.0,80.06424484305123,0,0
H0344,2025-03,56.0,84.20860868225992,0,0
H0345,2025-03,87.0,75.78926249066191,0,0
H0346,2025-03,81.0,61.67976286868577,0,0
H0347,2025-03,85.0,97.20407906579916,0,0
H0348,2025-03,87.0,76.11348721992124,0,0
H0349,2025-03,80.0,95.64599184216624,0,0
H0350,2025-03,82.0,100.0,0,0
H0351,2025-03,84.0,72.10787337221097,0,0
H0352,2025-03,87.0,73.57667628637867,0,0
H0353,2025-03,48.0,73.81571802659346,0,0
H0354,2025-03,80.0,60.44067374835373,0,0
H0355,2025-03,91.0,82.65053159871829,0,0
H0356,2025-03,73.0,93.31201520881784,0,0
H0357,2025-03,88.0,71.21562211607295,0,0
H0358,2025-03,93.0,84.12730764735372,0,0
H0359,2025-03,83.0,78.17685492349682,0,0
H0360,2025-03,84.0,78.59248004668466,0,0
H0361,2025-03,66.0,80.03627863665946,0,0
H0362,2025-03,82.0,84.58607751484851,0,0
H0363,2025-03,89.0,74.76905601575838,0,0
H0364,2025-03,77.0,80.87787330150177,0,0
H0365,2025-03,78.0,74.5178080775242,0,0
H0366,2025-03,89.0,82.10374294913241,0,0
H0367,2025-03,86.0,70.85935142084274,0,0
H0368,2025-03,87.0,88.69618489355284,0,0
H0369,2025-03,64.0,78.1572996892644,0,0
H0370,2025-03,86.0,66.7557092901759,0,0
H0371,2025-03,63.0,78.76865086714959,0,0
H0372,2025-03,80.0,81.40669653028736,0,0
H0373,2025-03,100.0,75.4357286942856,0,0
H0374,2025-03,89.0,64.82091347336944,0,0
H0375,2025-03,87.0,79.82257212458715,0,0
H0376,2025-03,72.0,81.55326738139655,0,0
H0377,2025-03,100.0,83.58554256129307,0,0
H0378,2025-03,82.0,90.6513993864424,1,0
H0379,2025-03,53.0,84.36262141275085,0,0
H0380,2025-03,75.0,85.08497335634556,0,0
H0381,2025-03,85.0,85.2591649221311,0,0
H0382,2025-03,78.0,73.57105974186716,0,0
H0384,2025-03,68.0,79.47903989833165,0,0
H0385,2025-03,85.0,79.102189608515,0,0
H0386,2025-03,74.0,67.2878362679288,0,0
H0387,2025-03,83.0,83.69050582560868,0,0
H0388,2025-03,75.0,82.87699089884654,0,0
H0389,2025-03,84.0,89.64069639149857,0,0
H0390,2025-03,100.0,67.37205559512918,0,0
H0391,2025-03,62.0,86.68610453060843,0,0
H0392,2025-03,100.0,79.38169286038244,0,0
H0393,2025-03,100.0,72.05952743759822,0,0
H0394,2025-03,76.0,75.90099436157277,0,0
H0395,2025-03,99.0,72.66004683768502,0,0
H0396,2025-03,92.0,82.3368029069764,0,0
H0397,2025-03,90.0,75.08404681091444,0,0
H0398,2025-03,74.0,80.22465466787075,0,1
H0399,2025-03,69.0,74.11758730742204,0,0
H0400,2025-03,76.0,78.8328433763978,0,0
H0401,2025-03,77.0,69.61068608204317,0,0
H0402,2025-03,66.0,59.28070849994272,0,0
H0403,2025-03,72.0,100.0,0,0
H0404,2025-03,95.0,82.30092182541856,0,0
H0405,2025-03,100.0,100.0,0,0
H0406,2025-03,71.0,79.97740205266234,0,0
H0407,2025-03,100.0,80.3207144188248,0,0
H0408,2025-03,63.0,75.69812861099523,0,0
H0409,2025-03,69.0,86.98957001772546,0,0
H0410,2025-03,59.0,80.88295067526161,0,0
H0411,2025-03,60.0,66.06654765719779,0,0
H0412,2025-03,94.0,67.7945204055306,0,0
H0413,2025-03,78.0,69.71025433933657,0,0
H0414,2025-03,79.0,78.67286192367534,0,0
H0415,2025-03,79.0,83.26876225374575,0,0
H0416,2025-03,67.0,82.76290950242051,0,0
H0417,2025-03,62.0,74.44329772354304,0,0
H0418,2025-03,54.0,67.64374127370995,0,0
H0419,2025-03,77.0,90.76366258541294,0,0
H0420,2025-03,84.0,80.59626261825784,0,0
H0421,2025-03,68.0,84.93270838917917,0,0
H0422,2025-03,55.0,92.09135150063676,0,0
H0423,2025-03,93.0,61.35316734540804,0,0
H0424,2025-03,82.0,81.5703208978962,1,0
H0425,2025-03,62.0,90.47323474151128,0,0
H0426,2025-03,65.0,67.51645666530862,0,0
H0427,2025-03,91.0,70.42062154236001,0,0
H0428,2025-03,82.0,68.46530956290741,1,0
H0429,2025-03,63.0,64.69525172790682,0,0
H0430,2025-03,98.0,86.59466763440935,0,0
H0431,2025-03,74.0,81.96957735586369,0,0
H0432,2025-03,80.0,66.80649689099982,0,0
H0433,2025-03,66.0,61.60358038921613,0,0
H0434,2025-03,94.0,72.01357401821538,0,0
H0435,2025-03,80.0,91.99399825299284,0,0
H0436,2025-03,93.0,80.22465466787075,0,1
H0437,2025-03,76.0,64.52415314515919,0,0
H0438,2025-03,65.0,77.40740466931402,0,0
H0439,2025-03,77.0,66.31413653150551,0,0
H0440,2025-03,69.0,95.65143474635148,0,0
H0441,2025-03,74.0,81.15420398799235,0,0
H0442,2025-03,71.0,77.21565301719905,0,0
H0443,2025-03,64.0,75.43763976099387,0,0
H0444,2025-03,89.0,73.64594295613028,0,0
H0445,2025-03,88.0,76.65633638894136,0,0
H0446,2025-03,67.0,100.0,0,0
H0447,2025-03,100.0,88.14936440602092,0,0
H0448,2025-03,70.0,76.1596138510041,0,0
H0449,2025-03,92.0,80.22465466787075,0,1
H0450,2025-03,48.0,71.24020090642917,0,0
H0452,2025-03,58.0,45.69884214150499,0,0
H0453,2025-03,68.0,72.03326526251905,0,0
H0454,2025-03,85.0,68.78617501025593,0,0
H0455,2025-03,84.0,88.18141156444727,0,0
H0456,2025-03,72.0,80.4966103550466,0,0
H0457,2025-03,81.0,61.23461279758518,0,0
H0458,2025-03,82.0,75.61968731660993,0,0
H0459,2025-03,72.0,78.13747994468156,0,0
H0460,2025-03,82.0,92.53497355776486,1,0
H0461,2025-03,80.0,79.57392648422928,0,0
H0462,2025-03,74.0,77.9633348570332,0,0
H0463,2025-03,100.0,78.06949059526457,0,0
H0464,2025-03,74.0,54.37534217434907,0,0
H0465,2025-03,67.0,69.60155635262302,0,0
H0466,2025-03,91.0,57.96366946536381,0,0
H0467,2025-03,87.0,97.60935963038716,0,0
H0468,2025-03,55.0,72.81518597923971,0,0
H0469,2025-03,57.0,85.24534070665759,0,0
H0470,2025-03,84.0,66.51679181310513,0,0
H0471,2025-03,71.0,73.16737518931279,0,0
H0472,2025-03,83.0,73.62560503947444,0,0
H0473,2025-03,76.0,84.5998145309061,0,0
H0474,2025-03,86.0,76.50529234242336,0,0
H0475,2025-03,89.0,71.8499938804886,0,0
H0476,2025-03,58.0,58.24336576556985,0,0
H0477,2025-03,66.0,98.58116237809638,0,0
H0478,2025-03,98.0,71.86297213981808,0,0
H0479,2025-03,85.0,73.5311274142099,0,0
H0480,2025-03,88.0,71.73212779096636,0,0
H0481,2025-03,100.0,91.70005414216254,0,0
H0482,2025-03,94.0,71.49738774176642,0,0
H0483,2025-03,80.0,71.69516779895457,0,0
H0484,2025-03,67.0,80.43790625863724,0,0
H0485,2025-03,97.0,91.0545328234854,0,0
H0486,2025-03,96.0,77.04116479074311,0,0
H0487,2025-03,82.0,77.05358323309332,0,0
H0488,2025-03,100.0,79.28461512449488,0,0
H0489,2025-03,84.0,72.11701889618217,0,0
H0490,2025-03,81.0,94.9026793470792,0,0
H0491,2025-03,96.0,68.78142860352594,0,0
H0492,2025-03,88.0,82.10419199061009,0,0
H0493,2025-03,91.0,72.25847543182323,0,0
H0494,2025-03,58.0,86.11787491164277,0,0
H0495,2025-03,85.0,76.10009442740011,0,0
H0496,2025-03,75.0,79.67222476314011,0,0
H0497,2025-03,76.0,79.12014223794978,0,0
H0498,2025-03,78.0,65.6138393876052,0,0
H0499,2025-03,74.0,77.71736367376172,0,0
H0500,2025-03,90.0,59.288026423046674,0,0
H0501,2025-03,67.0,79.0442347067469,0,0
H0502,2025-03,59.0,71.04731541615095,0,0
H0503,2025-03,80.0,75.58858886404532,0,0
H0504,2025-03,99.0,78.84195540361644,0,0
H0505,2025-03,75.0,80.22465466787075,0,1
H0506,2025-03,79.0,54.62430060300734,0,0
H0507,2025-03,79.0,75.18905091461093,0,0
H0508,2025-03,100.0,80.76383676553591,0,0
H0509,2025-03,94.0,94.13751755729923,0,0
H0510,2025-03,74.0,100.0,0,0
H0511,2025-03,80.0,98.4353858162022,0,0
H0512,2025-03,72.0,80.22465466787075,0,1
H0513,2025-03,100.0,84.46864599159406,0,0
H0514,2025-03,64.0,89.80457413831465,0,0
H0515,2025-03,71.0,85.99537768296524,0,0
H0516,2025-03,94.0,78.92810993672842,0,0
H0517,2025-03,100.0,80.58309951660443,0,0
H0518,2025-03,80.0,80.26398253538343,0,0
H0519,2025-03,80.0,73.88659846757305,0,0
H0520,2025-03,81.0,80.20633569382615,0,0
H0521,2025-03,84.0,67.20186450041433,0,0
H0522,2025-03,100.0,100.0,0,0
H0523,2025-03,87.0,74.7904502840979,0,0
H0524,2025-03,77.0,83.5876180708326,0,0
H0525,2025-03,88.0,82.59542397021914,0,0
H0526,2025-03,93.0,79.76053125035371,0,0
H0527,2025-03,70.0,84.86372919651355,0,0
H0528,2025-03,84.0,89.29500306752479,0,0
H0529,2025-03,82.0,80.23495981837057,0,0
H0530,2025-03,69.0,88.4667856108523,0,0
H0531,2025-03,77.0,84.40016520114422,0,0
H0532,2025-03,76.0,66.16601096184155,0,0
H0533,2025-03,75.0,78.92003208626659,0,0
H0534,2025-03,100.0,77.05183640363481,0,0
H0535,2025-03,83.0,86.8967767430836,0,0
H0536,2025-03,87.0,87.48672707409668,0,0
H0537,2025-03,90.0,81.3763301327362,0,0
H0538,2025-03,81.0,83.58665495314067,0,0
H0539,2025-03,78.0,82.84217873754706,0,0
H0540,2025-03,99.0,72.61088227597781,0,0
H0541,2025-03,100.0,92.23223824651323,0,0
H0542,2025-03,91.0,83.68164054640467,0,0
H0543,2025-03,80.0,98.2847835979288,0,0
H0544,2025-03,86.0,78.36309136436137,0,0
H0545,2025-03,73.0,74.7171957254436,0,0
H0546,2025-03,83.0,58.3294484732899,0,0
H0547,2025-03,68.0,100.0,0,0
H0548,2025-03,91.0,84.42524123093537,0,0
H0549,2025-03,100.0,87.74195935195966,0,0
H0550,2025-03,67.0,96.08803537117431,0,0
H0551,2025-03,100.0,81.92222330866169,0,0
H0552,2025-03,90.0,80.22465466787075,0,1
H0553,2025-03,74.0,90.35809180328802,0,0
H0554,2025-03,84.0,76.57372899785186,0,0
H0555,2025-03,100.0,63.52354274858903,0,0
H0556,2025-03,98.0,96.24547822235576,0,0
H0558,2025-03,77.0,71.99269049899347,0,0
H0559,2025-03,71.0,88.07706442055874,0,0
H0561,2025-03,85.0,82.55523521652137,0,0
H0562,2025-03,80.0,83.30599305066902,0,0
H0563,2025-03,75.0,91.36635063354132,0,0
H0564,2025-03,70.0,86.87424680587338,0,0
H0565,2025-03,89.0,85.65860658952676,0,0
H0566,2025-03,73.0,89.17858892456822,0,0
H0567,2025-03,92.0,95.5767237559404,0,0
H0568,2025-03,80.0,76.8205105015584,0,0
H0569,2025-03,80.0,69.7576601144646,0,0
H0570,2025-03,66.0,69.29403086774688,0,0
H0571,2025-03,87.0,87.05615793418619,0,0
H0572,2025-03,78.0,80.22465466787075,0,1
H0574,2025-03,80.0,91.22568309672052,0,0
H0575,2025-03,71.0,85.32230441341737,0,0
H0576,2025-03,62.0,94.7171252513071,0,0
H0577,2025-03,89.0,80.86416751139943,0,0
H0578,2025-03,68.0,85.71076957498957,0,0
H0579,2025-03,87.0,76.11180096329396,0,0
H0580,2025-03,100.0,58.31153208307043,0,0
H0581,2025-03,71.0,74.83315202789424,0,0
H0582,2025-03,88.0,73.13122782800876,0,0
H0583,2025-03,76.0,65.50170927327213,0,0
H0584,2025-03,84.0,80.78805729181272,0,0
H0585,2025-03,62.0,90.95395560298012,0,0
H0586,2025-03,87.0,75.24111319124239,0,0
H0587,2025-03,86.0,86.87969864014288,0,0
H0588,2025-03,100.0,75.62865568761022,0,0
H0589,2025-03,59.0,80.51532983395792,0,0
H0590,2025-03,77.0,74.95698228308265,0,0
H0591,2025-03,87.0,82.3955183728228,0,0
H0592,2025-03,91.0,84.51305071260198,0,0
H0593,2025-03,82.0,98.780748705641,0,0
H0594,2025-03,96.0,73.54130187631124,0,0
H0596,2025-03,83.0,91.31408595793354,0,0
H0597,2025-03,61.0,76.56216187349871,0,0
H0598,2025-03,89.0,85.55667057874592,0,0
H0599,2025-03,100.0,74.71663176630429,0,0
H0600,2025-03,69.0,83.63875351732337,0,0
C0002,2025-03,63.0,91.74520651037376,0,0
C0004,2025-03,79.0,83.80312852932653,0,0
C0005,2025-03,91.0,78.44135050561796,0,0
C0006,2025-03,81.0,63.8344901903054,0,0
C0007,2025-03,81.0,74.46219315125025,0,0
C0008,2025-03,81.0,72.56222199627145,0,0
C0009,2025-03,84.0,84.36641172167742,0,0
C0010,2025-03,81.0,70.72903865573181,0,0
C0011,2025-03,87.0,81.63479853745285,0,0
C0012,2025-03,98.0,79.60422135294128,0,0
C0013,2025-03,92.0,84.94954296291873,0,0
C0014,2025-03,100.0,75.465859590308,0,0
C0015,2025-03,69.0,66.45278138162931,0,0
C0016,2025-03,74.0,90.58902975363011,0,0
C0017,2025-03,96.0,75.08592463180165,0,0
C0018,2025-03,70.0,91.59327156449446,0,0
C0019,2025-03,100.0,81.83477013018302,0,0
C0020,2025-03,77.0,82.04770269130832,0,0
C0021,2025-03,80.0,86.59425574782878,0,0
C0022,2025-03,77.0,85.8138924655537,0,0
C0023,2025-03,81.0,78.91297283130305,0,0
C0024,2025-03,100.0,76.11494310295794,0,0
C0025,2025-03,98.0,80.07404269672477,0,0
C0026,2025-03,100.0,60.2848648633788,0,0
C0027,2025-03,100.0,90.22054934647876,0,0
C0028,2025-03,77.0,72.03429941806425,0,0
C0029,2025-03,70.0,75.01196360670006,0,0
C0030,2025-03,82.0,74.70925652389494,0,0
C0031,2025-03,86.0,84.3830382638618,0,0
C0032,2025-03,64.0,79.17528129992462,0,0
C0033,2025-03,92.0,87.3057025753916,0,0
C0035,2025-03,78.0,73.09661897346466,0,0
C0036,2025-03,92.0,73.64235843473993,0,0
C0037,2025-03,86.0,76.1845273875928,0,0
C0038,2025-03,82.0,86.18161173500442,0,0
C0039,2025-03,84.0,84.75816904849152,0,0
C0040,2025-03,89.0,86.26606351725097,0,0
C0041,2025-03,76.0,78.63467858769113,0,0
C0042,2025-03,86.0,90.12650287980142,0,0
C0043,2025-03,83.0,85.48627555541913,0,0
C0044,2025-03,84.0,74.6936886999444,0,0
C0045,2025-03,95.0,76.88550170516783,0,0
C0046,2025-03,85.0,87.5654893211873,0,0
C0047,2025-03,100.0,96.16391565946884,0,0
C0048,2025-03,76.0,63.17839135011202,0,0
C0051,2025-03,70.0,72.91841681593668,0,0
C0052,2025-03,77.0,84.25103385920397,0,0
C0053,2025-03,87.0,80.52144119068569,0,0
C0054,2025-03,77.0,72.8926538041975,0,0
C0055,2025-03,70.0,76.97520557259337,0,0
C0056,2025-03,88.0,91.25742055594274,0,0
C0057,2025-03,63.0,82.21366804141837,0,0
C0058,2025-03,62.0,80.26106143097883,0,0
C0059,2025-03,72.0,90.45446078700051,0,0
C0060,2025-03,86.0,87.4382521966738,0,0
C0061,2025-03,72.0,77.19592310106827,0,0
C0062,2025-03,82.0,84.8968903609077,0,0
C0063,2025-03,93.0,79.73928443824701,0,0
C0064,2025-03,87.0,80.98663160416402,0,0
C0065,2025-03,100.0,64.7896074730791,0,0
C0066,2025-03,83.0,73.9715530873432,0,0
C0067,2025-03,98.0,80.8056757422274,0,0
C0068,2025-03,88.0,68.00858960126948,0,0
C0069,2025-03,78.0,78.02437364216424,0,0
C0070,2025-03,70.0,80.22465466787075,0,1
C0071,2025-03,85.0,88.3070989216207,0,0
C0072,2025-03,65.0,92.36759474482284,0,0
C0073,2025-03,78.0,68.29492874772217,0,0
C0074,2025-03,79.0,62.73975593094032,0,0
C0075,2025-03,96.0,85.98329201011134,0,0
C0076,2025-03,74.0,83.54437365914524,0,0
C0077,2025-03,87.0,84.23400841195301,0,0
C0078,2025-03,70.0,87.53957113812085,0,0
C0079,2025-03,93.0,82.93245091094076,0,0
C0080,2025-03,100.0,94.52111123788194,0,0
C0081,2025-03,74.0,96.99867806736918,0,0
C0082,2025-03,84.0,99.459305591211,0,0
C0083,2025-03,100.0,100.0,0,0
C0084,2025-03,73.0,73.470510218343,0,0
C0085,2025-03,65.0,91.3203242332174,0,0
C0086,2025-03,86.0,83.76760501161154,0,0
C0088,2025-03,87.0,85.6620261024447,0,0
C0089,2025-03,91.0,71.71624993646718,0,0
C0090,2025-03,68.0,80.22465466787075,0,1
C0091,2025-03,66.0,71.0309757392119,0,0
C0092,2025-03,95.0,93.847970739803,0,0
C0093,2025-03,100.0,73.53685733780605,0,0
C0094,2025-03,79.0,73.78531876830434,0,0
C0095,2025-03,98.0,90.60967390909748,0,0
C0096,2025-03,100.0,82.5657396516658,0,0
C0097,2025-03,92.0,99.39619008867813,0,0
C0098,2025-03,83.0,88.19559327972438,0,0
C0099,2025-03,90.0,90.824789741197,0,0
C0100,2025-03,94.0,71.78630441954468,0,0
C0101,2025-03,56.0,80.22465466787075,0,1
C0102,2025-03,81.0,99.26106432364196,0,0
C0103,2025-03,68.0,70.98090645459054,0,0
C0104,2025-03,70.0,79.6957191812392,0,0
C0105,2025-03,87.0,80.22465466787075,0,1
C0106,2025-03,79.0,80.84534045024056,0,0
C0107,2025-03,81.0,80.22465466787075,0,1
C0108,2025-03,80.0,81.13587440503666,0,0
C0109,2025-03,80.0,100.0,0,0
C0110,2025-03,81.0,56.282073858138105,0,0
C0111,2025-03,100.0,53.0615485350405,0,0
C0112,2025-03,90.0,77.65804879982223,0,0
C0113,2025-03,70.0,92.40751568715352,0,0
C0114,2025-03,75.0,77.15955352573674,0,0
C0115,2025-03,90.0,76.27883688732994,0,0
C0116,2025-03,80.0,62.48675208985839,0,0
C0117,2025-03,88.0,77.16575512895936,0,0
C0118,2025-03,82.0,75.12646125669615,0,0
C0119,2025-03,85.0,79.43856148962925,0,0
C0120,2025-03,97.0,78.2134691625619,0,0
C0122,2025-03,100.0,73.97921754086693,0,0
C0123,2025-03,75.0,72.4300094435382,0,0
C0124,2025-03,72.0,81.31450745706047,0,0
C0125,2025-03,87.0,80.97974624314162,0,0
C0126,2025-03,78.0,67.128316772884,0,0
C0127,2025-03,84.0,84.28330784103734,0,0
C0128,2025-03,87.0,68.85306869431902,0,0
C0129,2025-03,67.0,87.59041724449656,0,0
C0130,2025-03,55.0,74.47595864508833,0,0
C0131,2025-03,92.0,70.74784411711875,0,0
C0132,2025-03,66.0,100.0,0,0
C0133,2025-03,76.0,82.02066063962562,0,0
C0134,2025-03,80.0,91.1373317247415,0,0
C0135,2025-03,82.0,81.28748356077853,0,0
C0136,2025-03,91.0,92.86437263387285,0,0
C0137,2025-03,90.0,88.09554060515353,0,0
C0138,2025-03,85.0,77.27759839638894,0,0
C0139,2025-03,89.0,89.99943217788334,0,0
C0140,2025-03,69.0,91.4024879417923,0,0
C0141,2025-03,74.0,77.51797085591,0,0
C0142,2025-03,100.0,81.3572024914914,0,0
C0143,2025-03,84.0,100.0,0,0
C0145,2025-03,82.0,90.10784389254816,1,0
C0146,2025-03,91.0,88.60035986583728,0,0
C0147,2025-03,80.0,92.84853152352134,0,0
C0148,2025-03,77.0,91.73309617418734,0,0
C0149,2025-03,100.0,52.24407827514989,0,0
C0150,2025-03,99.0,73.86829212721348,0,0
C0151,2025-03,82.0,77.3660858755,0,0
C0152,2025-03,86.0,84.16989858233413,0,0
C0153,2025-03,79.0,73.10301737304638,0,0
C0154,2025-03,69.0,79.56701400651521,0,0
C0155,2025-03,84.0,68.60321859128202,0,0
C0156,2025-03,86.0,61.386128681710446,0,0
C0158,2025-03,89.0,75.85193456136216,0,0
C0159,2025-03,70.0,92.41333208107916,0,0
C0160,2025-03,57.0,88.67773844013594,0,0
C0161,2025-03,78.0,75.47771136699812,0,0
C0162,2025-03,68.0,96.88898134026752,0,0
C0163,2025-03,82.0,72.69259073692095,0,0
C0164,2025-03,88.0,80.22465466787075,0,1
C0165,2025-03,85.0,85.52144641222411,0,0
C0166,2025-03,78.0,81.64933926349623,0,0
C0167,2025-03,88.0,80.07016335037619,0,0
C0168,2025-03,100.0,62.31075797056285,0,0
C0169,2025-03,87.0,88.60212774931613,0,0
C0170,2025-03,86.0,89.07163252736696,0,0
C0171,2025-03,76.0,75.67763003044703,0,0
C0172,2025-03,83.0,88.51344890976414,0,0
C0173,2025-03,99.0,80.97755954895244,0,0
C0174,2025-03,81.0,90.52377338554464,0,0
C0176,2025-03,98.0,78.08199291944211,0,0
C0177,2025-03,80.0,100.0,0,0
C0178,2025-03,91.0,73.15487165874457,0,0
C0179,2025-03,85.0,50.33577832528721,0,0
C0180,2025-03,88.0,53.886942154184766,0,0
C0181,2025-03,92.0,83.85727019472861,0,0
C0182,2025-03,99.0,59.055896752126095,0,0
C0183,2025-03,95.0,73.46376976281388,0,0
C0184,2025-03,100.0,90.99594307627494,0,0
C0185,2025-03,80.0,55.9619073065339,0,0
C0186,2025-03,68.0,77.67507653651364,0,0
C0187,2025-03,82.0,81.14511867818648,0,0
C0188,2025-03,100.0,65.23326661344417,0,0
C0189,2025-03,82.0,83.28522960121032,0,0
C0190,2025-03,60.0,77.83516565169178,0,0
C0191,2025-03,100.0,87.49867579394848,0,0
C0192,2025-03,84.0,78.76949819603475,0,0
C0193,2025-03,73.0,75.90420485649506,0,0
C0194,2025-03,70.0,85.89044703439106,0,0
C0195,2025-03,86.0,94.377369595924,0,0
C0196,2025-03,93.0,95.407864811978,0,0
C0198,2025-03,93.0,88.25990602815864,0,0
C0199,2025-03,64.0,72.67912361422307,0,0
C0202,2025-03,97.0,83.98671156025138,0,0
C0203,2025-03,78.0,86.85449382618822,0,0
C0204,2025-03,56.0,95.51138156640954,0,0
C0205,2025-03,94.0,80.27039490257617,0,0
C0206,2025-03,50.0,65.8285377213338,0,0
C0207,2025-03,77.0,71.61167253674955,0,0
C0208,2025-03,93.0,83.50565605476763,0,0
C0209,2025-03,92.0,76.59262964942145,0,0
C0210,2025-03,63.0,68.60847585124968,0,0
C0211,2025-03,94.0,80.5542151084255,0,0
C0212,2025-03,100.0,75.00693218740744,0,0
C0213,2025-03,89.0,84.7199411600354,0,0
C0214,2025-03,80.0,95.72059672161528,0,0
C0215,2025-03,89.0,80.22465466787075,0,1
C0216,2025-03,74.0,70.85968087031972,0,0
C0218,2025-03,100.0,64.29829117279263,0,0
C0219,2025-03,77.0,90.66768863283086,0,0
C0220,2025-03,92.0,82.00473435422532,0,0
C0221,2025-03,96.0,97.48789725073082,0,0
C0222,2025-03,80.0,80.22465466787075,0,1
C0223,2025-03,57.0,78.22796243629726,0,0
C0224,2025-03,84.0,62.01066996186703,0,0
C0225,2025-03,44.0,81.84141535081315,0,0
C0226,2025-03,100.0,100.0,0,0
C0228,2025-03,82.0,81.23564678715262,0,0
C0229,2025-03,94.0,88.98139299890518,0,0
C0230,2025-03,69.0,87.82181849564412,0,0
C0231,2025-03,95.0,80.22465466787075,0,1
C0232,2025-03,84.0,70.75614635987226,0,0
C0233,2025-03,86.0,84.71904825692882,0,0
C0234,2025-03,77.0,64.49477912677338,0,0
C0235,2025-03,79.0,61.81001216556704,0,0
C0236,2025-03,89.0,87.70035660681943,0,0
C0237,2025-03,71.0,92.0001099765052,0,0
C0238,2025-03,67.0,80.68226533289648,0,0
C0239,2025-03,96.0,80.00482986704607,0,0
C0240,2025-03,88.0,83.8940021157332,0,0
C0241,2025-03,72.0,93.25291393532147,0,0
C0242,2025-03,83.0,88.49046105616259,0,0
C0243,2025-03,84.0,84.80921997861384,0,0
C0244,2025-03,72.0,86.08200548893262,0,0
C0245,2025-03,85.0,89.1523030289989,0,0
C0247,2025-03,92.0,85.04037468951805,0,0
C0248,2025-03,86.0,80.22465466787075,0,1
C0249,2025-03,75.0,91.00108143179796,0,0
C0250,2025-03,75.0,88.0741389653323,0,0
C0251,2025-03,90.0,83.75146667345344,0,0
C0252,2025-03,61.0,79.15383409829808,0,0
C0253,2025-03,69.0,80.22465466787075,0,1
C0254,2025-03,79.0,82.31628874778724,0,0
C0255,2025-03,80.0,83.03671251520679,0,0
C0256,2025-03,93.0,82.70709090029042,0,0
C0257,2025-03,65.0,84.60781952996177,0,0
C0258,2025-03,75.0,80.22465466787075,0,1
C0259,2025-03,83.0,65.1835046527192,0,0
C0260,2025-03,78.0,79.18022638466537,0,0
C0261,2025-03,72.0,59.44041858648076,0,0
C0262,2025-03,73.0,83.35687036139142,0,0
C0263,2025-03,84.0,73.14855781408852,0,0
C0264,2025-03,79.0,82.27466922572196,0,0
C0265,2025-03,77.0,72.34480364137568,0,0
C0266,2025-03,67.0,71.73324272260282,0,0
C0267,2025-03,100.0,76.48302558444712,0,0
C0268,2025-03,82.0,79.2189342601803,0,0
C0269,2025-03,100.0,87.66070442084447,0,0
C0270,2025-03,78.0,72.74422042931272,0,0
C0272,2025-03,89.0,85.49848173070245,0,0
C0273,2025-03,81.0,75.55922719921314,0,0
C0274,2025-03,83.0,83.43805509894483,0,0
C0275,2025-03,83.0,65.83988033516775,0,0
C0276,2025-03,78.0,70.25803370521052,0,0
C0277,2025-03,81.0,90.86095347374312,0,0
C0278,2025-03,95.0,58.91092354982473,0,0
C0279,2025-03,69.0,75.65427003198606,0,0
C0280,2025-03,100.0,80.27906499416484,0,0
C0281,2025-03,89.0,83.00133061568116,0,0
C0282,2025-03,78.0,82.93541689401194,0,0
C0283,2025-03,92.0,76.93777980307388,0,0
C0284,2025-03,92.0,76.3572101436381,0,0
C0285,2025-03,86.0,72.36532450555357,0,0
C0286,2025-03,80.0,94.9303676985841,0,0
C0287,2025-03,62.0,87.75223538686518,0,0
C0288,2025-03,74.0,83.36243308386754,0,0
C0290,2025-03,88.0,74.7901997561862,0,0
C0291,2025-03,86.0,82.68161968233724,0,0
C0292,2025-03,86.0,68.97351793573235,0,0
C0293,2025-03,79.0,80.22465466787075,0,1
C0294,2025-03,92.0,73.34599493071087,0,0
C0295,2025-03,100.0,66.48569617805418,0,0
C0296,2025-03,84.0,100.0,0,0
C0297,2025-03,83.0,81.23661726924406,0,0
C0298,2025-03,82.0,72.05661360073401,0,0
C0299,2025-03,93.0,88.74702226151689,0,0
C0300,2025-03,81.0,65.61779908586392,0,0
C0301,2025-03,92.0,73.54807168481396,0,0
C0302,2025-03,93.0,87.92320764518642,0,0
C0303,2025-03,100.0,100.0,0,0
C0304,2025-03,87.0,89.20402283025626,0,0
C0305,2025-03,83.0,86.97997862245572,0,0
C0306,2025-03,87.0,95.33775942671323,0,0
C0307,2025-03,82.0,77.40759169723623,0,0
C0308,2025-03,86.0,66.81891318324142,0,0
C0309,2025-03,100.0,74.50983858336089,0,0
C0310,2025-03,78.0,95.00754791813104,0,0
C0311,2025-03,67.0,69.0809284743458,0,0
C0312,2025-03,84.0,79.15330583154883,0,0
C0313,2025-03,83.0,79.42061656648254,0,0
C0314,2025-03,95.0,84.9583718526727,0,0
C0315,2025-03,80.0,86.20924396175008,0,0
C0316,2025-03,77.0,86.85346448128828,0,0
C0317,2025-03,74.0,100.0,0,0
C0318,2025-03,76.0,88.979440450908,0,0
C0319,2025-03,73.0,95.66777998096252,0,0
C0320,2025-03,67.0,80.05296054695943,0,0
C0321,2025-03,58.0,100.0,0,0
C0322,2025-03,91.0,70.96363688577158,0,0
C0323,2025-03,86.0,92.5385749238538,0,0
C0324,2025-03,100.0,78.11333890565062,0,0
C0325,2025-03,66.0,91.5879658943277,0,0
C0326,2025-03,100.0,87.01427220853728,0,0
C0327,2025-03,82.0,95.09653995130633,0,0
C0328,2025-03,64.0,86.37419404238514,0,0
C0329,2025-03,57.0,79.21480354645666,0,0
C0330,2025-03,82.0,90.2465765872542,1,0
C0331,2025-03,93.0,72.80356879690503,0,0
C0332,2025-03,84.0,61.58694904776442,0,0
C0333,2025-03,77.0,58.11552974532125,0,0
C0335,2025-03,83.0,82.63560119528748,0,0
C0336,2025-03,64.0,85.87247400403501,0,0
C0337,2025-03,97.0,76.78540304916467,0,0
C0338,2025-03,71.0,85.16525687429292,0,0
C0339,2025-03,68.0,72.05887934715408,0,0
C0340,2025-03,81.0,81.63600649500606,0,0
C0341,2025-03,88.0,64.56337282989303,0,0
C0342,2025-03,73.0,60.247548056541305,0,0
C0343,2025-03,62.0,68.40509868358589,0,0
C0344,2025-03,75.0,71.88466404756068,0,0
C0346,2025-03,83.0,100.0,0,0
C0347,2025-03,96.0,92.41917679807662,0,0
C0348,2025-03,88.0,48.31957828902061,0,0
C0349,2025-03,74.0,96.95411442756009,0,0
C0350,2025-03,74.0,77.23059815498648,0,0
C0351,2025-03,85.0,65.48787741865249,0,0
C0352,2025-03,85.0,80.22465466787075,0,1
C0353,2025-03,85.0,77.69402233472428,0,0
C0354,2025-03,86.0,72.36559208404151,0,0
C0355,2025-03,80.0,75.10131623094485,0,0
C0356,2025-03,81.0,77.4708569743624,0,0
C0357,2025-03,72.0,86.082528832811,0,0
C0359,2025-03,92.0,74.9463444127437,0,0
C0360,2025-03,71.0,62.06021543843836,0,0
C0362,2025-03,78.0,82.89874466057266,0,0
C0363,2025-03,86.0,73.56593995434149,0,0
C0364,2025-03,81.0,82.85550403382956,0,0
C0365,2025-03,67.0,79.94217090702988,0,0
C0366,2025-03,96.0,92.29113280196115,0,0
C0367,2025-03,85.0,83.13558724601042,0,0
C0368,2025-03,97.0,90.50792467999116,0,0
C0369,2025-03,81.0,77.73120277243407,0,0
C0370,2025-03,87.0,95.80383690400464,0,0
C0371,2025-03,70.0,77.7715890332246,0,0
C0372,2025-03,46.0,72.8295038661591,0,0
C0373,2025-03,84.0,95.43978684815971,0,0
C0374,2025-03,65.0,73.43550794044683,0,0
C0375,2025-03,82.0,71.65837292598395,1,0
C0376,2025-03,92.0,68.37541695576734,0,0
C0377,2025-03,85.0,74.93365134794253,0,0
C0378,2025-03,72.0,77.31854373701591,0,0
C0379,2025-03,80.0,80.22465466787075,0,1
C0380,2025-03,90.0,89.32015696879562,0,0
C0381,2025-03,87.0,80.90522093158874,0,0
C0382,2025-03,71.0,89.7777963034511,0,0
C0383,2025-03,61.0,89.91106706511341,0,0
C0384,2025-03,86.0,70.03616095754136,0,0
C0385,2025-03,81.0,70.19879472492745,0,0
C0386,2025-03,88.0,74.59841675893652,0,0
C0387,2025-03,83.0,59.86717774238252,0,0
C0388,2025-03,82.0,83.02042620709203,0,0
C0389,2025-03,81.0,79.16829041899375,0,0
C0390,2025-03,77.0,95.89393087277298,0,0
C0391,2025-03,100.0,92.1202232966634,0,0
C0392,2025-03,79.0,76.89090598226431,0,0
C0393,2025-03,77.0,88.69141178537741,0,0
C0394,2025-03,92.0,80.44004235485784,0,0
C0395,2025-03,87.0,85.17983802650505,0,0
C0396,2025-03,83.0,60.847705356898814,0,0
C0398,2025-03,67.0,82.8633986874516,0,0
C0399,2025-03,81.0,77.53101625569306,0,0
C0400,2025-03,80.0,93.4887097162642,0,0
C0401,2025-03,76.0,84.34647376391274,0,0
C0402,2025-03,91.0,85.74286694173124,0,0
C0403,2025-03,94.0,83.98650559718028,0,0
C0404,2025-03,96.0,80.95787493158312,0,0
C0405,2025-03,69.0,89.1189554462265,0,0
C0406,2025-03,94.0,97.6758314867698,0,0
C0407,2025-03,59.0,59.03357314305216,0,0
C0408,2025-03,82.0,70.60680931494787,0,0
C0409,2025-03,92.0,80.39979641676977,0,0
C0410,2025-03,82.0,92.56035870565796,1,0
C0411,2025-03,66.0,87.81148083783233,0,0
C0412,2025-03,81.0,71.79250670744105,0,0
C0413,2025-03,100.0,76.11618382026364,0,0
C0415,2025-03,98.0,76.6909967415563,0,0
C0416,2025-03,70.0,82.84161530242652,0,0
C0417,2025-03,81.0,72.87504780403685,0,0
C0418,2025-03,100.0,84.14554885636883,0,0
C0419,2025-03,94.0,87.88727366542125,0,0
C0420,2025-03,64.0,53.591973098685926,0,0
C0421,2025-03,90.0,97.01452265177387,0,0
C0422,2025-03,73.0,99.28065237115848,0,0
C0423,2025-03,79.0,60.28537765804237,0,0
C0424,2025-03,91.0,78.00339538745258,0,0
C0425,2025-03,77.0,63.38358918534682,0,0
C0426,2025-03,77.0,60.493053076696754,0,0
C0427,2025-03,94.0,87.87054566490741,0,0
C0428,2025-03,91.0,98.7782956967672,0,0
C0429,2025-03,86.0,80.00113997277191,0,0
C0430,2025-03,100.0,95.4372312766285,0,0
C0431,2025-03,83.0,72.37201619455364,0,0
C0432,2025-03,86.0,65.4765210031822,0,0
C0433,2025-03,77.0,75.23932675587184,0,0
C0434,2025-03,69.0,71.29220476298812,0,0
C0435,2025-03,64.0,83.9837829278096,0,0
C0436,2025-03,92.0,90.77566622532176,0,0
C0437,2025-03,82.0,68.81801517011091,1,0
C0438,2025-03,100.0,80.22465466787075,0,1
C0439,2025-03,71.0,88.56683896795164,0,0
C0440,2025-03,73.0,77.31720420734158,0,0
C0441,2025-03,87.0,88.87242846073548,0,0
C0442,2025-03,70.0,72.22614152060481,0,0
C0443,2025-03,63.0,73.08462949984586,0,0
C0444,2025-03,90.0,90.66047195350664,0,0
C0445,2025-03,57.0,89.43223523690142,0,0
C0446,2025-03,86.0,95.9871253416774,0,0
C0447,2025-03,86.0,80.22465466787075,0,1
C0448,2025-03,93.0,92.74263397387448,0,0
C0449,2025-03,87.0,83.88908772654534,0,0
C0450,2025-03,100.0,85.7053105321245,0,0
C0451,2025-03,77.0,71.01674456974197,0,0
C0452,2025-03,66.0,86.67906270831273,0,0
C0453,2025-03,100.0,79.3034876447949,0,0
C0454,2025-03,84.0,99.41691142693408,0,0
C0455,2025-03,71.0,79.66978241019471,0,0
C0456,2025-03,63.0,78.08390666930089,0,0
C0457,2025-03,79.0,93.4578330253606,0,0
C0458,2025-03,73.0,81.6670899403733,0,0
C0459,2025-03,72.0,80.22465466787075,0,1
C0460,2025-03,57.0,65.02844923227318,0,0
C0461,2025-03,77.0,70.65996336420304,0,0
C0462,2025-03,87.0,61.61771967984869,0,0
C0463,2025-03,71.0,81.03023441210415,0,0
C0464,2025-03,77.0,89.07566742482433,0,0
C0465,2025-03,77.0,75.76586703858172,0,0
C0466,2025-03,82.0,100.0,0,0
C0467,2025-03,100.0,66.23537127045176,0,0
C0468,2025-03,84.0,80.22465466787075,0,1
C0469,2025-03,69.0,86.00869200632974,0,0
C0470,2025-03,79.0,74.55998041466802,0,0
C0471,2025-03,87.0,79.12480538766677,0,0
C0472,2025-03,66.0,95.94001345559816,0,0
C0473,2025-03,71.0,91.02160173654096,0,0
C0474,2025-03,71.0,90.03503478520662,0,0
C0475,2025-03,80.0,70.9073093933747,0,0
C0476,2025-03,79.0,86.53402040351895,0,0
C0477,2025-03,61.0,88.19464677474855,0,0
C0478,2025-03,74.0,87.67473080113336,0,0
C0479,2025-03,82.0,67.01273792126827,0,0
C0480,2025-03,96.0,85.53000798639773,0,0
C0481,2025-03,67.0,84.29815756357391,0,0
C0482,2025-03,68.0,88.51762572230983,0,0
C0483,2025-03,69.0,78.09673508049214,0,0
C0484,2025-03,61.0,67.02128018559031,0,0
C0485,2025-03,50.0,70.88504549838865,0,0
C0486,2025-03,86.0,83.03118431581127,0,0
C0487,2025-03,83.0,91.94952178963165,0,0
C0488,2025-03,86.0,75.52337048360513,0,0
C0489,2025-03,85.0,82.8920880413807,0,0
C0490,2025-03,75.0,58.15920332546307,0,0
C0491,2025-03,75.0,59.98565897645148,0,0
C0492,2025-03,94.0,84.71744730694446,0,0
C0493,2025-03,91.0,86.41583950157869,0,0
C0494,2025-03,81.0,88.06180239724509,0,0
C0495,2025-03,70.0,59.273777120049154,0,0
C0496,2025-03,82.0,94.2016859706417,0,0
C0497,2025-03,85.0,76.02551818006637,0,0
C0498,2025-03,74.0,74.20191848229999,0,0
C0499,2025-03,85.0,87.30851153036805,0,0
C0500,2025-03,89.0,81.19735778526615,0,0
C0501,2025-03,88.0,98.1380934651505,0,0
C0502,2025-03,94.0,88.69457643723835,0,0
C0503,2025-03,93.0,96.78177624163544,0,0
C0504,2025-03,95.0,77.31707070454625,0,0
C0505,2025-03,75.0,92.49793287887964,0,0
C0506,2025-03,91.0,57.27607693451692,0,0
C0507,2025-03,87.0,78.51389855880876,0,0
C0509,2025-03,83.0,81.52000834676689,0,0
C0510,2025-03,89.0,83.57075883957388,0,0
C0511,2025-03,70.0,90.60748590893483,0,0
C0512,2025-03,87.0,82.51925640154943,0,0
C0513,2025-03,97.0,73.53593747246553,0,0
C0514,2025-03,100.0,74.59467735397668,0,0
C0516,2025-03,100.0,74.67087384877833,0,0
C0517,2025-03,81.0,93.23570341374356,0,0
C0518,2025-03,90.0,76.67913961426844,0,0
C0519,2025-03,84.0,91.58064692562834,0,0
C0520,2025-03,96.0,72.568436684713,0,0
C0521,2025-03,84.0,85.93382882826394,0,0
C0522,2025-03,76.0,79.33402204516061,0,0
C0523,2025-03,95.0,92.14509514359116,0,0
C0524,2025-03,78.0,100.0,0,0
C0525,2025-03,85.0,81.84220349452855,0,0
C0526,2025-03,61.0,98.4405920191182,0,0
C0527,2025-03,91.0,77.75093051188101,0,0
C0528,2025-03,60.0,82.86375279257128,0,0
C0529,2025-03,75.0,78.56681486257038,0,0
C0530,2025-03,65.0,69.34510886050178,0,0
C0531,2025-03,68.0,94.73271278062772,0,0
C0532,2025-03,82.0,82.7762694823095,0,0
C0533,2025-03,74.0,76.377137297095,0,0
C0534,2025-03,91.0,73.2711028484801,0,0
C0535,2025-03,78.0,98.54965189772612,0,0
C0536,2025-03,85.0,79.93622037185081,0,0
C0537,2025-03,72.0,79.05236661546424,0,0
C0538,2025-03,91.0,91.16585345827772,0,0
C0539,2025-03,85.0,96.3527132691934,0,0
C0540,2025-03,88.0,75.39384648388406,0,0
C0542,2025-03,92.0,86.50481000965515,0,0
C0543,2025-03,87.0,79.16654672528405,0,0
C0544,2025-03,83.0,75.58892403768724,0,0
C0545,2025-03,95.0,74.47918871322555,0,0
C0546,2025-03,85.0,91.80100208151272,0,0
C0547,2025-03,77.0,83.40069073555733,0,0
C0548,2025-03,93.0,81.07255135996482,0,0
C0549,2025-03,94.0,72.70693174757604,0,0
C0550,2025-03,82.0,91.03989788703768,0,0
C0551,2025-03,90.0,84.01803941485596,0,0
C0552,2025-03,87.0,70.96512423213011,0,0
C0553,2025-03,83.0,77.23592827587443,0,0
C0554,2025-03,65.0,88.41241843494635,0,0
C0555,2025-03,66.0,60.249858792144366,0,0
C0556,2025-03,78.0,80.53832358895764,0,0
C0557,2025-03,83.0,89.58457068950753,0,0
C0558,2025-03,69.0,84.3488788945267,0,0
C0559,2025-03,56.0,86.63583375876574,0,0
C0560,2025-03,80.0,58.70804839001213,0,0
C0561,2025-03,83.0,68.14119536620018,0,0
C0562,2025-03,93.0,89.51438522977121,0,0
C0563,2025-03,100.0,84.13298892273214,0,0
C0564,2025-03,67.0,78.91464354218988,0,0
C0565,2025-03,88.0,84.7330862680584,0,0
C0566,2025-03,100.0,86.38799422432807,0,0
C0567,2025-03,65.0,74.6418863744971,0,0
C0568,2025-03,71.0,74.35374765659174,0,0
C0569,2025-03,92.0,65.1621757558894,0,0
C0570,2025-03,86.0,96.52529879112916,0,0
C0571,2025-03,85.0,81.03350888298819,0,0
C0572,2025-03,90.0,96.14377056361226,0,0
C0573,2025-03,92.0,67.70817918954353,0,0
C0574,2025-03,86.0,80.88194940362374,0,0
C0575,2025-03,87.0,67.21441643206248,0,0
C0576,2025-03,66.0,96.7317023551736,0,0
C0577,2025-03,93.0,100.0,0,0
C0578,2025-03,100.0,80.22465466787075,0,1
C0579,2025-03,96.0,69.54117320656104,0,0
C0580,2025-03,88.0,68.9008299283377,0,0
C0581,2025-03,100.0,79.78665362372415,0,0
C0582,2025-03,85.0,82.11625336598645,0,0
C0583,2025-03,95.0,86.78720497130399,0,0
C0584,2025-03,100.0,85.92911022326797,0,0
C0585,2025-03,79.0,81.7221721023045,0,0
C0586,2025-03,97.0,77.48131317385113,0,0
C0587,2025-03,69.0,72.34694934156852,0,0
C0588,2025-03,72.0,87.21172025284838,0,0
C0589,2025-03,72.0,58.42254998482469,0,0
C0590,2025-03,55.0,80.44661483868308,0,0
C0591,2025-03,72.0,80.22465466787075,0,1
C0592,2025-03,82.0,77.44490637743083,0,0
C0593,2025-03,78.0,88.19114951380789,0,0
C0594,2025-03,67.0,90.21502551037764,0,0
C0595,2025-03,52.0,81.52125965568645,0,0
C0596,2025-03,74.0,100.0,0,0
C0597,2025-03,72.0,74.18082126253972,0,0
C0598,2025-03,100.0,75.12337311525972,0,0
C0599,2025-03,83.0,77.11801050762608,0,0
C0600,2025-03,100.0,92.40619487879786,0,0
C0601,2025-03,74.0,84.20267223414055,0,0
C0602,2025-03,95.0,61.5405303991905,0,0
C0603,2025-03,85.0,76.94789512686111,0,0
C0604,2025-03,73.0,75.32190455673953,0,0
C0605,2025-03,87.0,98.89338832637011,0,0
C0606,2025-03,79.0,72.09772075693373,0,0
C0607,2025-03,78.0,80.35639561893535,0,0
C0608,2025-03,62.0,64.4768959662493,0,0
C0609,2025-03,100.0,83.33415944992899,0,0
C0610,2025-03,87.0,97.62574566622465,0,0
C0611,2025-03,67.0,70.50346945074979,0,0
C0612,2025-03,86.0,89.20492030037329,0,0
C0613,2025-03,76.0,76.54862184974294,0,0
C0614,2025-03,99.0,80.30575031203831,0,0
C0615,2025-03,79.0,87.59753510802805,0,0
C0616,2025-03,82.0,68.89592818089135,0,0
C0618,2025-03,88.0,71.43593826879918,0,0
C0619,2025-03,82.0,97.31466954130474,0,0
C0620,2025-03,98.0,91.8837497840277,0,0
C0621,2025-03,87.0,91.24844501005454,0,0
C0622,2025-03,100.0,91.33996425546025,0,0
C0623,2025-03,78.0,86.21061560113154,0,0
C0624,2025-03,73.0,64.59428514919246,0,0
C0625,2025-03,75.0,76.18790352341017,0,0
C0626,2025-03,74.0,78.45375594756246,0,0
C0627,2025-03,72.0,81.34945340826128,0,0
C0628,2025-03,100.0,69.68487168528155,0,0
C0629,2025-03,78.0,65.23179580943811,0,0
C0631,2025-03,67.0,73.23798886291559,0,0
C0632,2025-03,82.0,76.43840994223979,0,0
C0633,2025-03,55.0,85.82794713240925,0,0
C0634,2025-03,86.0,78.02280179322432,0,0
C0635,2025-03,76.0,92.46084210256296,0,0
C0636,2025-03,100.0,86.97652580499914,0,0
C0637,2025-03,93.0,78.0765268263788,0,0
C0638,2025-03,90.0,83.24961344463213,0,0
C0639,2025-03,73.0,80.38678947595193,0,0
C0640,2025-03,88.0,76.62735566808755,0,0
C0641,2025-03,100.0,79.92751375322247,0,0
C0642,2025-03,75.0,87.06224730809997,0,0
C0643,2025-03,71.0,89.452163761303,0,0
C0644,2025-03,83.0,100.0,0,0
C0645,2025-03,82.0,93.06264599008014,1,0
C0646,2025-03,91.0,71.2675567806086,0,0
C0647,2025-03,87.0,62.69859294603874,0,0
C0648,2025-03,86.0,94.4094974615974,0,0
C0649,2025-03,73.0,78.77835124837887,0,0
C0650,2025-03,100.0,80.22465466787075,0,1
C0651,2025-03,100.0,97.65125626132368,0,0
C0652,2025-03,89.0,79.74146357066172,0,0
C0653,2025-03,97.0,79.49154511029191,0,0
C0654,2025-03,82.0,73.98458043952093,0,0
C0655,2025-03,68.0,60.47048508575652,0,0
C0656,2025-03,94.0,71.91605693647551,0,0
C0657,2025-03,68.0,74.40095457955684,0,0
C0658,2025-03,100.0,62.79383368563968,0,0
C0659,2025-03,69.0,81.70343819159332,0,0
C0660,2025-03,99.0,82.94222345804312,0,0
C0661,2025-03,100.0,90.78572661720244,0,0
C0662,2025-03,66.0,72.25353890055236,0,0
C0663,2025-03,66.0,62.29174600921113,0,0
C0664,2025-03,88.0,76.47586773872797,0,0
C0665,2025-03,100.0,66.71601219483871,0,0
C0666,2025-03,90.0,78.25538832619416,0,0
C0667,2025-03,73.0,89.46514494761438,0,0
C0668,2025-03,100.0,74.1609210981422,0,0
C0669,2025-03,100.0,78.40300015207691,0,0
C0670,2025-03,71.0,59.91711388767688,0,0
C0671,2025-03,87.0,80.22465466787075,0,1
C0672,2025-03,90.0,95.54776746450814,0,0
C0673,2025-03,79.0,85.29998563582909,0,0
C0674,2025-03,72.0,72.31819400458365,0,0
C0675,2025-03,70.0,69.495443518364,0,0
C0676,2025-03,61.0,79.05814377238543,0,0
C0677,2025-03,95.0,87.28986882756709,0,0
C0678,2025-03,77.0,73.51725432025192,0,0
C0679,2025-03,100.0,78.22857291448906,0,0
C0680,2025-03,89.0,60.78420376679334,0,0
C0681,2025-03,80.0,86.9761765571325,0,0
C0682,2025-03,99.0,70.86810596678586,0,0
C0683,2025-03,82.0,86.28872874046517,0,0
C0684,2025-03,76.0,83.29092604445762,0,0
C0685,2025-03,90.0,83.70764926477774,0,0
C0686,2025-03,76.0,77.63658465812728,0,0
C0687,2025-03,85.0,96.84999504597069,0,0
C0688,2025-03,87.0,74.47813574499365,0,0
C0689,2025-03,84.0,97.3362514435862,0,0
C0690,2025-03,87.0,82.90766031797958,0,0
C0691,2025-03,87.0,81.49442809719451,0,0
C0692,2025-03,84.0,77.26976282342014,0,0
C0693,2025-03,76.0,80.22465466787075,0,1
C0694,2025-03,71.0,82.01980714768796,0,0
C0695,2025-03,73.0,97.59321543634265,0,0
C0696,2025-03,73.0,66.75177099913387,0,0
C0697,2025-03,91.0,79.02327793449099,0,0
C0698,2025-03,100.0,71.80041678901972,0,0
C0699,2025-03,82.0,74.13172842035084,0,0
C0700,2025-03,97.0,80.53639912251812,0,0
C0701,2025-03,75.0,96.51329136720412,0,0
C0702,2025-03,80.0,84.80254118495483,0,0
C0703,2025-03,80.0,70.16243124892767,0,0
C0704,2025-03,91.0,78.97412761086397,0,0
C0705,2025-03,75.0,92.40939423235298,0,0
C0706,2025-03,91.0,73.88723377235296,0,0
C0707,2025-03,86.0,81.61179685950854,0,0
C0708,2025-03,84.0,83.85031957645117,0,0
C0709,2025-03,75.0,78.15514616189856,0,0
C0710,2025-03,61.0,69.54743532632492,0,0
C0711,2025-03,77.0,80.22465466787075,0,1
C0712,2025-03,91.0,100.0,0,0
C0713,2025-03,61.0,75.60952099790201,0,0
C0714,2025-03,65.0,76.69343348972134,0,0
C0715,2025-03,79.0,88.07880363542981,0,0
C0716,2025-03,72.0,100.0,0,0
C0717,2025-03,100.0,71.72656613015124,0,0
C0718,2025-03,86.0,69.1283405254947,0,0
C0719,2025-03,75.0,86.14839569411951,0,0
C0720,2025-03,94.0,87.05159378331402,0,0
C0721,2025-03,82.0,71.52233210326814,0,0
C0722,2025-03,82.0,78.28480153111508,0,0
C0723,2025-03,100.0,68.6056453560996,0,0
C0724,2025-03,55.0,74.75422049761282,0,0
C0725,2025-03,72.0,79.39834164373187,0,0
C0726,2025-03,88.0,89.41287003332705,0,0
C0727,2025-03,70.0,91.64780857602788,0,0
C0728,2025-03,69.0,78.05075041100562,0,0
C0729,2025-03,92.0,95.34804220107507,0,0
C0730,2025-03,76.0,91.87795426158787,0,0
C0731,2025-03,86.0,66.95461205243093,0,0
C0732,2025-03,77.0,89.90601031676252,0,0
C0733,2025-03,85.0,87.50810197905938,0,0
C0734,2025-03,82.0,100.0,0,0
C0735,2025-03,92.0,82.85953206653032,0,0
C0736,2025-03,92.0,96.61487577348151,0,0
C0737,2025-03,74.0,63.45030446989749,0,0
C0738,2025-03,62.0,75.44437558984413,0,0
C0739,2025-03,81.0,60.87878655533699,0,0
C0740,2025-03,75.0,76.80364776693413,0,0
C0741,2025-03,75.0,84.00125828739675,0,0
C0742,2025-03,61.0,79.90776015762897,0,0
C0743,2025-03,75.0,87.50559515717326,0,0
C0744,2025-03,82.0,100.0,0,0
C0745,2025-03,74.0,76.23008529544825,0,0
C0746,2025-03,81.0,92.2910411363024,0,0
C0747,2025-03,90.0,87.37204206984289,0,0
C0748,2025-03,98.0,83.49554792283608,0,0
C0749,2025-03,100.0,88.67888973311074,0,0
C0750,2025-03,75.0,77.4676922992627,0,0
C0751,2025-03,72.0,90.09346748280804,0,0
C0752,2025-03,66.0,66.38782922475758,0,0
C0753,2025-03,93.0,82.95579245476348,0,0
C0754,2025-03,85.0,78.5394077020213,0,0
C0756,2025-03,86.0,71.33671697869504,0,0
C0757,2025-03,75.0,85.05745105049023,0,0
C0758,2025-03,81.0,92.34847960192756,0,0
C0759,2025-03,80.0,75.33468000090096,0,0
C0760,2025-03,74.0,81.40713805392367,0,0
C0761,2025-03,83.0,75.03291665472612,0,0
C0762,2025-03,70.0,74.70396622435834,0,0
C0763,2025-03,98.0,96.3737240871202,0,0
C0764,2025-03,63.0,63.02393562195307,0,0
C0765,2025-03,96.0,82.70139031417578,0,0
C0766,2025-03,76.0,59.19658937080909,0,0
C0767,2025-03,48.0,90.76407336050111,0,0
C0768,2025-03,61.0,77.42775129376136,0,0
C0769,2025-03,82.0,63.63787780845733,0,0
C0770,2025-03,77.0,79.47536429827602,0,0
C0771,2025-03,87.0,69.00987205182514,0,0
C0772,2025-03,76.0,89.70147262163744,0,0
C0773,2025-03,89.0,90.75493236681535,0,0
C0774,2025-03,82.0,68.89936630445922,0,0
C0775,2025-03,90.0,86.46516330952097,0,0
C0776,2025-03,94.0,75.39466655298199,0,0
C0777,2025-03,87.0,76.42912949800058,0,0
C0778,2025-03,78.0,99.41673053186992,0,0
C0780,2025-03,81.0,95.1713568027148,0,0
C0781,2025-03,74.0,98.49360031433844,0,0
C0782,2025-03,78.0,80.22465466787075,0,1
C0783,2025-03,86.0,82.68360025298985,0,0
C0784,2025-03,94.0,80.22465466787075,0,1
C0785,2025-03,89.0,79.1883855984956,0,0
C0786,2025-03,91.0,87.850466273681,0,0
C0787,2025-03,79.0,80.76937251728471,0,0
C0788,2025-03,96.0,85.10481080558174,0,0
C0789,2025-03,82.0,73.15867262118824,0,0
C0790,2025-03,76.0,72.31488703554118,0,0
C0791,2025-03,60.0,77.60721972426248,0,0
C0792,2025-03,88.0,80.64635980219899,0,0
C0793,2025-03,76.0,94.88714250800224,0,0
C0794,2025-03,69.0,79.32141214152077,0,0
C0795,2025-03,66.0,83.74871802890968,0,0
C0796,2025-03,92.0,70.75831651531861,0,0
C0797,2025-03,85.0,90.05450368476586,0,0
C0798,2025-03,88.0,76.80268932924245,0,0
C0799,2025-03,78.0,80.22465466787075,0,1
C0800,2025-03,81.0,79.78122645668427,0,0
H0001,2025-04,84.0,81.85600945520738,0,0
H0002,2025-04,73.0,71.06865259413628,0,0
H0003,2025-04,79.0,93.09155626749808,0,0
H0004,2025-04,81.0,67.5550505104027,0,0
H0005,2025-04,82.0,93.54525076584792,1,0
H0006,2025-04,79.0,74.38868373800341,0,0
H0007,2025-04,74.0,100.0,0,0
H0008,2025-04,81.0,71.08784746226736,0,0
H0009,2025-04,95.0,83.91413142586516,0,0
H0010,2025-04,89.0,84.47856037859931,0,0
H0011,2025-04,86.0,78.71311219262303,0,0
H0012,2025-04,82.0,67.29409559440445,0,0
H0013,2025-04,74.0,83.66069694430495,0,0
H0014,2025-04,79.0,62.03269659956294,0,0
H0015,2025-04,75.0,82.50179269895604,0,0
H0016,2025-04,75.0,84.59488433059299,0,0
H0017,2025-04,73.0,73.72667915227781,0,0
H0018,2025-04,80.0,55.867801416960006,0,0
H0019,2025-04,87.0,58.82183412545817,0,0
H0020,2025-04,82.0,70.18036148311315,0,0
H0021,2025-04,82.0,78.89282065673895,0,0
H0022,2025-04,85.0,83.66971645716075,0,0
H0023,2025-04,68.0,81.5812255749293,0,0
H0024,2025-04,58.0,67.1204713703074,0,0
H0026,2025-04,89.0,92.42758150873408,0,0
H0027,2025-04,100.0,80.22465466787075,0,1
H0028,2025-04,79.0,89.78386061236993,0,0
H0029,2025-04,82.0,73.14724403551398,1,0
H0030,2025-04,64.0,76.67812178759581,0,0
H0031,2025-04,64.0,59.77331467658102,0,0
H0032,2025-04,82.0,73.06354780277302,0,0
H0033,2025-04,100.0,77.08900250976104,0,0
H0034,2025-04,82.0,87.69874630962637,0,0
H0035,2025-04,63.0,88.09320495533028,0,0
H0036,2025-04,76.0,68.94460155235402,0,0
H0037,2025-04,68.0,72.71675713228485,0,0
H0038,2025-04,84.0,75.04792344080539,0,0
H0039,2025-04,71.0,93.51502031882283,0,0
H0040,2025-04,95.0,89.87166242639584,0,0
H0041,2025-04,69.0,82.12853755487612,0,0
H0042,2025-04,72.0,85.61261234248302,0,0
H0043,2025-04,100.0,79.96063015767042,0,0
H0044,2025-04,67.0,86.42659216669196,0,0
H0045,2025-04,97.0,72.09317508526185,0,0
H0046,2025-04,70.0,72.8421865742329,0,0
H0047,2025-04,69.0,71.45121933100799,0,0
H0048,2025-04,92.0,91.84047429977548,0,0
H0049,2025-04,81.0,96.5359237444574,0,0
H0050,2025-04,70.0,80.82197540657262,0,0
H0051,2025-04,74.0,95.655551774475,0,0
H0052,2025-04,63.0,88.13297613944738,0,0
H0053,2025-04,63.0,78.7595026938454,0,0
H0054,2025-04,85.0,60.15428818144558,0,0
H0055,2025-04,71.0,100.0,0,0
H0056,2025-04,98.0,89.2270667251634,0,0
H0057,2025-04,72.0,79.37805699663379,0,0
H0058,2025-04,68.0,81.24865644475251,0,0
H0059,2025-04,82.0,98.02024489793934,0,0
H0060,2025-04,77.0,78.9223059888964,0,0
H0061,2025-04,75.0,64.97953599797216,0,0
H0062,2025-04,70.0,93.6282268621751,0,0
H0063,2025-04,83.0,74.44887112782786,0,0
H0064,2025-04,79.0,76.47703839760958,0,0
H0065,2025-04,96.0,64.31027088937142,0,0
H0066,2025-04,100.0,93.00405546012978,0,0
H0067,2025-04,74.0,89.83886344490283,0,0
H0068,2025-04,80.0,80.22465466787075,0,1
H0069,2025-04,100.0,90.60126071867616,0,0
H0070,2025-04,62.0,88.01869492139137,0,0
H0071,2025-04,100.0,93.268095528245,0,0
H0072,2025-04,89.0,73.83975501605562,0,0
H0073,2025-04,62.0,63.57887372415419,0,0
H0074,2025-04,77.0,77.10477283886601,0,0
H0075,2025-04,100.0,66.69103113043809,0,0
H0076,2025-04,86.0,90.99373817485169,0,0
H0077,2025-04,74.0,55.3726039473671,0,0
H0078,2025-04,69.0,77.27361339197523,0,0
H0079,2025-04,61.0,70.47561281172536,0,0
H0080,2025-04,85.0,73.89121143329928,0,0
H0081,2025-04,94.0,76.17423870177669,0,0
H0082,2025-04,88.0,84.05439665388313,0,0
H0083,2025-04,81.0,80.9712981075047,0,0
H0084,2025-04,87.0,80.61079595127458,0,0
H0085,2025-04,79.0,77.73718171334443,0,0
H0086,2025-04,89.0,80.22465466787075,0,1
H0087,2025-04,63.0,87.5779100264515,0,0
H0088,2025-04,66.0,72.94128010758364,0,0
H0089,2025-04,74.0,67.51118345987734,0,0
H0090,2025-04,64.0,81.49204324498854,0,0
H0091,2025-04,100.0,81.31513950078246,0,0
H0092,2025-04,76.0,71.74531382193865,0,0
H0093,2025-04,81.0,73.39240026398072,0,0
H0094,2025-04,92.0,83.71352329205462,0,0
H0095,2025-04,76.0,80.22465466787075,0,1
H0096,2025-04,62.0,92.01116630853272,0,0
H0097,2025-04,72.0,72.2675254414547,0,0
H0098,2025-04,76.0,82.45493310124785,0,0
H0099,2025-04,85.0,84.33101409027756,0,0
H0100,2025-04,70.0,80.22465466787075,0,1
H0101,2025-04,78.0,95.2339149696325,0,0
H0102,2025-04,82.0,77.36120183076139,0,0
H0103,2025-04,79.0,72.01337034505752,0,0
H0104,2025-04,100.0,81.90884974771927,0,0
H0105,2025-04,86.0,71.61895187893121,0,0
H0106,2025-04,83.0,80.43928746461015,0,0
H0107,2025-04,94.0,72.52956980997179,0,0
H0108,2025-04,87.0,87.31140777863381,0,0
H0109,2025-04,53.0,93.81373678214192,0,0
H0110,2025-04,97.0,69.08580347583616,0,0
H0111,2025-04,69.0,70.0780735386218,0,0
H0112,2025-04,82.0,69.44567018969,0,0
H0113,2025-04,72.0,79.47481301965561,0,0
H0114,2025-04,85.0,89.3549435485528,0,0
H0115,2025-04,71.0,66.0084308277773,0,0
H0116,2025-04,81.0,82.322621971031,0,0
H0117,2025-04,91.0,96.3187493165808,0,0
H0118,2025-04,68.0,71.92778373495072,0,0
H0119,2025-04,71.0,74.16834076557332,0,0
H0120,2025-04,64.0,73.63323041614883,0,0
H0121,2025-04,100.0,95.34707978272031,0,0
H0122,2025-04,79.0,81.81745694730247,0,0
H0123,2025-04,79.0,89.83777400556654,0,0
H0124,2025-04,71.0,74.78811056850034,0,0
H0125,2025-04,75.0,91.22427690528104,0,0
H0126,2025-04,58.0,79.62918453312108,0,0
H0127,2025-04,90.0,98.6936942661454,0,0
H0128,2025-04,71.0,90.28643416714608,0,0
H0129,2025-04,82.0,97.28012988513416,0,0
H0130,2025-04,84.0,89.47234146387875,0,0
H0131,2025-04,100.0,72.83636299031619,0,0
H0132,2025-04,65.0,96.4231610921957,0,0
H0133,2025-04,82.0,96.22852800299464,0,0
H0135,2025-04,57.0,79.87356266496454,0,0
H0136,2025-04,100.0,73.419529947523,0,0
H0137,2025-04,68.0,82.94902483926961,0,0
H0138,2025-04,82.0,81.2862350143441,0,0
H0139,2025-04,80.0,84.27488344824647,0,0
H0140,2025-04,86.0,74.80105747900535,0,0
H0141,2025-04,100.0,65.22105345752387,0,0
H0142,2025-04,85.0,68.7728202299634,0,0
H0143,2025-04,77.0,85.80288468201407,0,0
H0144,2025-04,86.0,71.71473381644812,0,0
H0145,2025-04,81.0,63.67027403733356,0,0
H0146,2025-04,94.0,72.3046739499906,0,0
H0147,2025-04,96.0,90.26424820293904,0,0
H0149,2025-04,87.0,83.01099404179739,0,0
H0150,2025-04,99.0,81.05619592719975,0,0
H0151,2025-04,82.0,82.40502270639844,0,0
H0152,2025-04,94.0,84.62865202649104,0,0
H0153,2025-04,81.0,68.45659957065187,0,0
H0154,2025-04,87.0,82.73839766177352,0,0
H0155,2025-04,68.0,76.75164308927148,0,0
H0156,2025-04,69.0,76.05621256065187,0,0
H0157,2025-04,100.0,76.51200932375254,0,0
H0158,2025-04,83.0,76.84288158118522,0,0
H0159,2025-04,81.0,83.82194142450744,0,0
H0160,2025-04,97.0,87.84579992943885,0,0
H0161,2025-04,90.0,88.82903901103177,0,0
H0163,2025-04,78.0,82.09121529977168,0,0
H0164,2025-04,91.0,94.66770339182668,0,0
H0165,2025-04,90.0,74.88714067717297,0,0
H0166,2025-04,86.0,71.68197062230877,0,0
H0167,2025-04,100.0,74.95971136857321,0,0
H0168,2025-04,71.0,70.39614276311018,0,0
H0169,2025-04,88.0,93.5139296988524,0,0
H0170,2025-04,79.0,98.19959915812152,0,0
H0171,2025-04,77.0,88.86035533904844,0,0
H0173,2025-04,87.0,82.21195197501586,0,0
H0174,2025-04,73.0,83.60992122326438,0,0
H0175,2025-04,73.0,98.48728701891218,0,0
H0176,2025-04,56.0,89.93309602043503,0,0
H0177,2025-04,94.0,98.36590946063087,0,0
H0178,2025-04,85.0,76.88014955128293,0,0
H0179,2025-04,92.0,79.61498211413391,0,0
H0180,2025-04,69.0,83.57804620262073,0,0
H0181,2025-04,85.0,71.33964762235968,0,0
H0182,2025-04,85.0,89.98500573899258,0,0
H0183,2025-04,85.0,74.82521356149869,0,0
H0184,2025-04,78.0,68.73078501778195,0,0
H0185,2025-04,71.0,100.0,0,0
H0186,2025-04,86.0,92.61019546744896,0,0
H0187,2025-04,79.0,85.74691678479451,0,0
H0188,2025-04,80.0,90.15898952262644,0,0
H0190,2025-04,80.0,80.47553995078495,0,0
H0191,2025-04,96.0,97.0207686498662,0,0
H0192,2025-04,94.0,96.27923513187152,0,0
H0193,2025-04,84.0,89.15555662482535,0,0
H0194,2025-04,86.0,65.49487940600909,0,0
H0195,2025-04,65.0,67.7224563624614,0,0
H0196,2025-04,100.0,87.21902449735116,0,0
H0197,2025-04,100.0,80.22465466787075,0,1
H0198,2025-04,70.0,70.57495792521149,0,0
H0199,2025-04,80.0,93.02163753126123,0,0
H0200,2025-04,86.0,74.47186870339267,0,0
H0201,2025-04,87.0,84.71364185957556,0,0
H0202,2025-04,75.0,78.64750399058954,0,0
H0203,2025-04,83.0,75.41048903363765,0,0
H0204,2025-04,89.0,79.54958412395648,0,0
H0205,2025-04,69.0,85.9450965990478,0,0
H0206,2025-04,79.0,96.08238297240956,0,0
H0207,2025-04,94.0,75.78694569481071,0,0
H0208,2025-04,95.0,80.22465466787075,0,1
H0209,2025-04,91.0,86.72258677110034,0,0
H0210,2025-04,91.0,86.35040680666525,0,0
H0211,2025-04,79.0,70.69432806979776,0,0
H0212,2025-04,79.0,56.14601813053686,0,0
H0213,2025-04,84.0,68.58860117077155,0,0
H0214,2025-04,72.0,75.00197190994822,0,0
H0215,2025-04,80.0,80.13220281990453,0,0
H0216,2025-04,83.0,89.40709552809615,0,0
H0217,2025-04,100.0,67.85105737326074,0,0
H0218,2025-04,100.0,79.98679699924242,0,0
H0219,2025-04,100.0,95.06704950161776,0,0
H0220,2025-04,67.0,73.82185641210356,0,0
H0221,2025-04,100.0,93.256734724582,0,0
H0222,2025-04,84.0,88.93840706706018,0,0
H0223,2025-04,75.0,93.087452413836,0,0
H0224,2025-04,78.0,73.64844384336969,0,0
H0225,2025-04,68.0,82.88458733891665,0,0
H0226,2025-04,82.0,75.87020433617155,0,0
H0227,2025-04,93.0,94.48946977395968,0,0
H0228,2025-04,67.0,78.86810582562755,0,0
H0229,2025-04,73.0,80.91085961618084,0,0
H0230,2025-04,80.0,56.868867279917794,0,0
H0231,2025-04,100.0,65.38409760800597,0,0
H0232,2025-04,55.0,90.17045812563238,0,0
H0233,2025-04,88.0,88.39917575308111,0,0
H0234,2025-04,84.0,80.89398644917208,0,0
H0235,2025-04,87.0,100.0,0,0
H0236,2025-04,58.0,80.1242112050045,0,0
H0237,2025-04,73.0,88.61612299681299,0,0
H0238,2025-04,75.0,86.09984561190335,0,0
H0239,2025-04,64.0,92.03763051742509,0,0
H0240,2025-04,100.0,90.6613587097521,0,0
H0241,2025-04,90.0,68.93789515914762,0,0
H0242,2025-04,92.0,68.11652789648574,0,0
H0243,2025-04,93.0,81.51783039859627,0,0
H0244,2025-04,62.0,87.12729501180256,0,0
H0245,2025-04,62.0,99.10398726286232,0,0
H0246,2025-04,95.0,87.37283106482776,0,0
H0247,2025-04,68.0,76.25748354351933,0,0
H0248,2025-04,87.0,79.00491165695648,0,0
H0249,2025-04,69.0,88.99993344644915,0,0
H0250,2025-04,71.0,77.2381699554054,0,0
H0251,2025-04,80.0,86.63322042206704,0,0
H0252,2025-04,69.0,62.1902386599626,0,0
H0253,2025-04,54.0,69.6689014662814,0,0
H0255,2025-04,100.0,100.0,0,0
H0256,2025-04,90.0,74.26674926512486,0,0
H0257,2025-04,68.0,86.68437606313701,0,0
H0258,2025-04,75.0,96.27220944782351,0,0
H0259,2025-04,81.0,86.14805942767656,0,0
H0260,2025-04,82.0,80.04880191853971,0,0
H0261,2025-04,72.0,95.51758373718584,0,0
H0262,2025-04,96.0,68.18073018928528,0,0
H0263,2025-04,74.0,59.541038203060936,0,0
H0264,2025-04,84.0,68.10083126388878,0,0
H0265,2025-04,100.0,63.636018319052496,0,0
H0266,2025-04,80.0,72.20030829435778,0,0
H0267,2025-04,100.0,79.5089294135008,0,0
H0268,2025-04,87.0,75.22036596121185,0,0
H0269,2025-04,76.0,56.73364488984191,0,0
H0270,2025-04,79.0,77.81574599978468,0,0
H0271,2025-04,75.0,80.22513036873004,0,0
H0272,2025-04,65.0,88.93689321682095,0,0
H0273,2025-04,38.0,91.61890076816316,0,0
H0274,2025-04,70.0,86.52723622614938,0,0
H0275,2025-04,82.0,53.73892378860384,1,0
H0276,2025-04,69.0,73.08844252515075,0,0
H0277,2025-04,97.0,76.57840477640168,0,0
H0278,2025-04,76.0,69.08587842638546,0,0
H0279,2025-04,100.0,95.92972202891184,0,0
H0280,2025-04,74.0,74.76965032717035,0,0
H0281,2025-04,93.0,80.22465466787075,0,1
H0282,2025-04,81.0,85.82080356925178,0,0
H0283,2025-04,78.0,66.28260742651594,0,0
H0284,2025-04,100.0,71.0504281684559,0,0
H0285,2025-04,100.0,84.6511538434949,0,0
H0286,2025-04,77.0,70.35083805685298,0,0
H0287,2025-04,70.0,98.60051201768388,0,0
H0288,2025-04,81.0,86.46909974007653,0,0
H0289,2025-04,86.0,81.88874718927863,0,0
H0291,2025-04,83.0,65.57502319842393,0,0
H0292,2025-04,73.0,81.38978712442362,0,0
H0293,2025-04,100.0,67.9325156804779,0,0
H0294,2025-04,73.0,94.26440485198596,0,0
H0295,2025-04,80.0,100.0,0,0
H0296,2025-04,97.0,68.67242354121527,0,0
H0297,2025-04,69.0,75.07709880639248,0,0
H0298,2025-04,80.0,80.65846859332055,0,0
H0299,2025-04,89.0,92.08857503768422,0,0
H0300,2025-04,83.0,99.61176142494848,0,0
H0301,2025-04,87.0,79.59324069105526,0,0
H0302,2025-04,80.0,95.98140540419776,0,0
H0303,2025-04,85.0,81.6939259849773,0,0
H0304,2025-04,73.0,75.82050418265325,0,0
H0305,2025-04,62.0,65.94783763375679,0,0
H0306,2025-04,73.0,73.24223087708928,0,0
H0307,2025-04,82.0,79.80267082762364,0,0
H0308,2025-04,89.0,76.46564706239917,0,0
H0309,2025-04,98.0,100.0,0,0
H0310,2025-04,100.0,83.07449232775157,0,0
H0311,2025-04,63.0,76.6972844602288,0,0
H0312,2025-04,71.0,66.1086290453858,0,0
H0313,2025-04,77.0,77.44202778671927,0,0
H0314,2025-04,85.0,74.29004549183901,0,0
H0315,2025-04,82.0,80.11549444262255,0,0
H0316,2025-04,91.0,100.0,0,0
H0317,2025-04,86.0,80.22465466787075,0,1
H0318,2025-04,90.0,83.44464812862142,0,0
H0319,2025-04,65.0,78.49399350426006,0,0
H0320,2025-04,83.0,76.33668467233149,0,0
H0321,2025-04,84.0,83.29445499223228,0,0
H0322,2025-04,84.0,86.34382637555638,0,0
H0323,2025-04,82.0,87.62917163998635,0,0
H0324,2025-04,100.0,88.74347267173178,0,0
H0325,2025-04,82.0,89.13086098370562,0,0
H0326,2025-04,70.0,68.4744177838794,0,0
H0327,2025-04,68.0,83.17924310593293,0,0
H0328,2025-04,73.0,89.82742857630515,0,0
H0329,2025-04,68.0,74.75948229923495,0,0
H0330,2025-04,100.0,72.09616331415164,0,0
H0331,2025-04,99.0,61.95190066460353,0,0
H0332,2025-04,76.0,71.88034165432683,0,0
H0333,2025-04,86.0,76.58422548436758,0,0
H0334,2025-04,79.0,92.6288871808176,0,0
H0335,2025-04,80.0,66.80393779142273,0,0
H0336,2025-04,82.0,92.41719294179724,1,0
H0337,2025-04,89.0,81.6246103057025,0,0
H0338,2025-04,79.0,65.02045093542947,0,0
H0339,2025-04,79.0,88.29754934379376,0,0
H0340,2025-04,76.0,85.66200915092462,0,0
H0341,2025-04,97.0,85.57987407196893,0,0
H0342,2025-04,72.0,85.10808438489397,0,0
H0343,2025-04,75.0,87.52927580677596,0,0
H0344,2025-04,73.0,81.2685599311023,0,0
H0345,2025-04,91.0,89.48221427068178,0,0
H0346,2025-04,100.0,66.01628953421358,0,0
H0347,2025-04,74.0,83.92382207969005,0,0
H0348,2025-04,100.0,86.23349321301197,0,0
H0349,2025-04,94.0,89.8109748489916,0,0
H0350,2025-04,70.0,87.8503376353031,0,0
H0351,2025-04,84.0,75.32716277606521,0,0
H0352,2025-04,70.0,88.18395304255075,0,0
H0353,2025-04,78.0,72.08140731430153,0,0
H0354,2025-04,64.0,70.2910028846958,0,0
H0355,2025-04,76.0,79.1774308345412,0,0
H0356,2025-04,78.0,70.12776777600195,0,0
H0357,2025-04,69.0,76.58661861889863,0,0
H0358,2025-04,86.0,85.74420190732997,0,0
H0359,2025-04,95.0,88.81623032938899,0,0
H0360,2025-04,87.0,68.6597802917034,0,0
H0361,2025-04,66.0,59.14588717865216,0,0
H0362,2025-04,97.0,71.0503461763727,0,0
H0363,2025-04,85.0,77.90257767931126,0,0
H0364,2025-04,73.0,100.0,0,0
H0365,2025-04,80.0,73.2860852227949,0,0
H0366,2025-04,97.0,97.60695215047946,0,0
H0367,2025-04,80.0,85.9683539043224,0,0
H0368,2025-04,74.0,79.07266306426165,0,0
H0369,2025-04,82.0,80.10185116217058,0,0
H0370,2025-04,66.0,92.73261395239084,0,0
H0371,2025-04,72.0,75.23746832630869,0,0
H0372,2025-04,91.0,100.0,0,0
H0373,2025-04,80.0,86.06741852750807,0,0
H0374,2025-04,79.0,79.18325341637322,0,0
H0375,2025-04,84.0,84.39457539379679,0,0
H0376,2025-04,92.0,93.29878019559564,0,0
H0377,2025-04,100.0,98.13998060509492,0,0
H0378,2025-04,47.0,84.48774457087819,0,0
H0379,2025-04,79.0,73.94297058141869,0,0
H0380,2025-04,77.0,82.30372426648287,0,0
H0381,2025-04,95.0,66.90271799232463,0,0
H0382,2025-04,80.0,87.57318834680085,0,0
H0384,2025-04,77.0,74.3020818110326,0,0
H0385,2025-04,99.0,89.65994531103144,0,0
H0386,2025-04,59.0,88.3646032760874,0,0
H0387,2025-04,84.0,71.42056890270018,0,0
H0388,2025-04,87.0,82.92636263211668,0,0
H0389,2025-04,100.0,81.21634915349176,0,0
H0390,2025-04,67.0,74.44419855647111,0,0
H0391,2025-04,75.0,82.44558586353261,0,0
H0392,2025-04,89.0,81.73340225976067,0,0
H0393,2025-04,76.0,77.05357306295699,0,0
H0394,2025-04,63.0,90.05124625396748,0,0
H0395,2025-04,94.0,68.42681504357286,0,0
H0396,2025-04,82.0,76.24107013513635,0,0
H0397,2025-04,71.0,73.82050670781132,0,0
H0398,2025-04,69.0,67.22553209687216,0,0
H0399,2025-04,85.0,81.87842603405795,0,0
H0400,2025-04,67.0,71.81394497701862,0,0
H0401,2025-04,87.0,75.27327667566388,0,0
H0402,2025-04,100.0,85.95130275165724,0,0
H0403,2025-04,67.0,63.96133624191247,0,0
H0404,2025-04,100.0,87.35396033370915,0,0
H0405,2025-04,97.0,95.04008045197818,0,0
H0406,2025-04,75.0,83.88178467643856,0,0
H0407,2025-04,79.0,90.06175476019062,0,0
H0408,2025-04,75.0,100.0,0,0
H0409,2025-04,87.0,84.15899477698767,0,0
H0410,2025-04,82.0,84.29407677211078,0,0
H0411,2025-04,77.0,90.3465470330619,0,0
H0412,2025-04,72.0,73.75222027079123,0,0
H0413,2025-04,74.0,73.81423558311002,0,0
H0414,2025-04,93.0,81.19216700578345,0,0
H0415,2025-04,71.0,78.7166155706558,0,0
H0416,2025-04,75.0,69.06155181038697,0,0
H0417,2025-04,91.0,67.80940814282923,0,0
H0418,2025-04,77.0,66.78061336430133,0,0
H0419,2025-04,75.0,77.49837155524796,0,0
H0420,2025-04,77.0,69.69357799595711,0,0
H0421,2025-04,100.0,84.73836928569861,0,0
H0422,2025-04,70.0,94.9126671369786,0,0
H0423,2025-04,96.0,85.36730755209565,0,0
H0424,2025-04,77.0,75.7792401910605,0,0
H0425,2025-04,86.0,100.0,0,0
H0426,2025-04,76.0,74.66937502568928,0,0
H0427,2025-04,94.0,77.38547965615808,0,0
H0428,2025-04,66.0,77.63668335676428,0,0
H0429,2025-04,72.0,90.3254258340857,0,0
H0430,2025-04,73.0,71.09923536596416,0,0
H0431,2025-04,84.0,96.11255206748277,0,0
H0432,2025-04,82.0,61.05046555531272,0,0
H0433,2025-04,60.0,72.70607494334732,0,0
H0434,2025-04,69.0,88.63347167738128,0,0
H0435,2025-04,100.0,100.0,0,0
H0436,2025-04,82.0,95.85126337772178,0,0
H0437,2025-04,57.0,86.53820238077563,0,0
H0438,2025-04,90.0,72.90040416248354,0,0
H0439,2025-04,83.0,74.9401993419546,0,0
H0440,2025-04,87.0,89.14132280227038,0,0
H0441,2025-04,88.0,87.86696730237132,0,0
H0442,2025-04,71.0,77.32951280893847,0,0
H0443,2025-04,87.0,76.89661262916283,0,0
H0444,2025-04,92.0,91.20445839806194,0,0
H0445,2025-04,79.0,89.27840521536103,0,0
H0446,2025-04,96.0,84.35875265761581,0,0
H0447,2025-04,61.0,72.8319479536361,0,0
H0448,2025-04,90.0,85.36864193912368,0,0
H0449,2025-04,70.0,77.1640279715393,0,0
H0450,2025-04,54.0,78.9923383604915,0,0
H0452,2025-04,59.0,85.29804288407766,0,0
H0453,2025-04,99.0,61.25266218499608,0,0
H0454,2025-04,74.0,92.43543409797148,0,0
H0455,2025-04,89.0,91.7094089005564,0,0
H0456,2025-04,76.0,89.36123241404306,0,0
H0457,2025-04,100.0,84.65621058812738,0,0
H0458,2025-04,77.0,68.98445211033356,0,0
H0459,2025-04,85.0,89.51462295460715,0,0
H0460,2025-04,72.0,74.66259662810893,0,0
H0461,2025-04,90.0,73.34959390911298,0,0
H0462,2025-04,81.0,100.0,0,0
H0463,2025-04,88.0,83.13280386398039,0,0
H0464,2025-04,65.0,80.1569452690884,0,0
H0465,2025-04,88.0,76.56355807419315,0,0
H0466,2025-04,83.0,82.09248927484242,0,0
H0467,2025-04,62.0,73.42363118552925,0,0
H0468,2025-04,56.0,80.22465466787075,0,1
H0469,2025-04,99.0,70.46810757211547,0,0
H0470,2025-04,89.0,81.43210904883678,0,0
H0471,2025-04,85.0,80.22465466787075,0,1
H0472,2025-04,100.0,80.22465466787075,0,1
H0473,2025-04,93.0,88.58939233049381,0,0
H0474,2025-04,99.0,72.36016361923853,0,0
H0475,2025-04,70.0,84.147826833947,0,0
H0476,2025-04,83.0,87.83101294155043,0,0
H0477,2025-04,100.0,88.49959990598528,0,0
H0478,2025-04,90.0,75.39085961515701,0,0
H0479,2025-04,45.0,86.56226133943386,0,0
H0480,2025-04,83.0,80.22465466787075,0,1
H0481,2025-04,74.0,76.0426121713318,0,0
H0482,2025-04,70.0,68.9833108275466,0,0
H0483,2025-04,96.0,77.64659043002828,0,0
H0484,2025-04,77.0,75.1528089743384,0,0
H0485,2025-04,86.0,71.08884405804795,0,0
H0486,2025-04,72.0,76.41291219377935,0,0
H0487,2025-04,85.0,75.3017177984712,0,0
H0488,2025-04,90.0,80.22465466787075,0,1
H0489,2025-04,85.0,88.73386863022003,0,0
H0490,2025-04,78.0,73.81445581801809,0,0
H0491,2025-04,84.0,89.7985325653452,0,0
H0492,2025-04,82.0,85.47739078513298,1,0
H0493,2025-04,92.0,66.19117954436732,0,0
H0494,2025-04,79.0,81.63712324190973,0,0
H0495,2025-04,69.0,83.10182577987861,0,0
H0496,2025-04,61.0,78.14063940981136,0,0
H0497,2025-04,63.0,63.35787725949897,0,0
H0498,2025-04,62.0,59.80844455399126,0,0
H0499,2025-04,61.0,86.35258533138224,0,0
H0500,2025-04,87.0,81.04887776775773,0,0
H0501,2025-04,94.0,73.77929892254654,0,0
H0502,2025-04,76.0,91.22903572865692,0,0
H0503,2025-04,81.0,79.47598880951745,0,0
H0504,2025-04,90.0,67.49966114638725,0,0
H0505,2025-04,88.0,81.0922691746273,0,0
H0506,2025-04,82.0,89.23318713964456,1,0
H0507,2025-04,95.0,58.97441382086021,0,0
H0508,2025-04,89.0,91.09265966255067,0,0
H0509,2025-04,71.0,91.33334597788226,0,0
H0510,2025-04,87.0,87.49020215459045,0,0
H0511,2025-04,100.0,80.91571245566698,0,0
H0512,2025-04,79.0,82.95933899458747,0,0
H0513,2025-04,90.0,70.5544977622395,0,0
H0514,2025-04,100.0,71.94535907665941,0,0
H0515,2025-04,77.0,96.4312364488586,0,0
H0516,2025-04,67.0,75.67399182825365,0,0
H0517,2025-04,82.0,76.52091450015892,0,0
H0518,2025-04,74.0,86.12666525110185,0,0
H0519,2025-04,82.0,60.341901599225054,0,0
H0520,2025-04,67.0,74.44803206857677,0,0
H0521,2025-04,69.0,76.6658106543065,0,0
H0522,2025-04,78.0,78.9968846983227,0,0
H0523,2025-04,77.0,87.48410275122441,0,0
H0524,2025-04,100.0,80.22465466787075,0,1
H0525,2025-04,74.0,81.47386678764299,0,0
H0526,2025-04,77.0,65.55037514377526,0,0
H0527,2025-04,86.0,52.28572684013626,0,0
H0528,2025-04,100.0,77.48867598745693,0,0
H0529,2025-04,80.0,72.50096780516091,0,0
H0530,2025-04,95.0,78.74064767741706,0,0
H0531,2025-04,77.0,84.407966847245,0,0
H0532,2025-04,66.0,66.85506230630696,0,0
H0533,2025-04,72.0,93.64816686570506,0,0
H0534,2025-04,79.0,86.34256619864911,0,0
H0535,2025-04,100.0,80.57220682349109,0,0
H0536,2025-04,93.0,84.53531413990288,0,0
H0537,2025-04,90.0,72.89817408832792,0,0
H0538,2025-04,78.0,75.91594210663976,0,0
H0539,2025-04,76.0,61.68284457742184,0,0
H0540,2025-04,71.0,55.86498751459599,0,0
H0541,2025-04,91.0,79.88970821633436,0,0
H0542,2025-04,94.0,62.772109891800085,0,0
H0543,2025-04,94.0,87.81468872738812,0,0
H0544,2025-04,67.0,78.42482407589839,0,0
H0545,2025-04,74.0,76.41272217894104,0,0
H0546,2025-04,100.0,73.09038202956083,0,0
H0547,2025-04,90.0,58.93470535411309,0,0
H0548,2025-04,96.0,85.72353869366438,0,0
H0549,2025-04,79.0,84.42560880438415,0,0
H0550,2025-04,93.0,68.56874047049673,0,0
H0551,2025-04,77.0,84.9735328224624,0,0
H0552,2025-04,90.0,67.48630490159178,0,0
H0553,2025-04,82.0,65.9537807463328,0,0
H0554,2025-04,81.0,94.0913590504001,0,0
H0555,2025-04,82.0,63.42381960348456,1,0
H0556,2025-04,57.0,63.58582257839854,0,0
H0558,2025-04,96.0,85.14970859879196,0,0
H0559,2025-04,89.0,75.41032099032537,0,0
H0561,2025-04,67.0,93.58677259279035,0,0
H0562,2025-04,77.0,80.67291761155305,0,0
H0563,2025-04,95.0,74.77733498119625,0,0
H0564,2025-04,65.0,88.88288276428868,0,0
H0565,2025-04,73.0,90.4915022139304,0,0
H0566,2025-04,63.0,67.15117205931377,0,0
H0567,2025-04,90.0,91.30112042879514,0,0
H0568,2025-04,75.0,76.29995393337218,0,0
H0569,2025-04,97.0,79.3913938146731,0,0
H0570,2025-04,83.0,89.26316238902588,0,0
H0571,2025-04,88.0,74.28823955330108,0,0
H0572,2025-04,88.0,91.18697292073344,0,0
H0574,2025-04,88.0,78.90797645214305,0,0
H0575,2025-04,95.0,64.60124267762072,0,0
H0576,2025-04,75.0,80.22465466787075,0,1
H0577,2025-04,72.0,88.5586590466326,0,0
H0578,2025-04,63.0,60.79638203409796,0,0
H0579,2025-04,86.0,61.17498243644606,0,0
H0580,2025-04,76.0,89.39934128382227,0,0
H0581,2025-04,80.0,74.84146047964747,0,0
H0582,2025-04,81.0,76.10792922665591,0,0
H0583,2025-04,89.0,88.91341873201557,0,0
H0584,2025-04,76.0,87.54190291622541,0,0
H0585,2025-04,85.0,66.8399829687449,0,0
H0586,2025-04,67.0,79.06728315004482,0,0
H0587,2025-04,97.0,81.50488032602253,0,0
H0588,2025-04,56.0,79.79655962860046,0,0
H0589,2025-04,70.0,74.0793455705803,0,0
H0590,2025-04,90.0,83.82585045560451,0,0
H0591,2025-04,88.0,73.71606004648598,0,0
H0592,2025-04,90.0,82.21370391834618,0,0
H0593,2025-04,68.0,81.77581078785997,0,0
H0594,2025-04,46.0,84.16201792261285,0,0
H0596,2025-04,84.0,83.64565731641285,0,0
H0597,2025-04,88.0,93.73637023478962,0,0
H0598,2025-04,71.0,90.76966476234637,0,0
H0599,2025-04,81.0,73.66427543151593,0,0
H0600,2025-04,63.0,84.60401748250109,0,0
C0002,2025-04,92.0,73.39136198898031,0,0
C0004,2025-04,100.0,77.75707535739346,0,0
C0005,2025-04,66.0,61.06124118194931,0,0
C0006,2025-04,74.0,89.02195877140632,0,0
C0007,2025-04,77.0,83.91874160815235,0,0
C0008,2025-04,100.0,90.88210293559128,0,0
C0009,2025-04,78.0,85.44093749303838,0,0
C0010,2025-04,89.0,91.5570314428568,0,0
C0011,2025-04,67.0,84.21473185112622,0,0
C0012,2025-04,75.0,68.79271973212606,0,0
C0013,2025-04,81.0,67.75211320852593,0,0
C0014,2025-04,58.0,74.31920793239553,0,0
C0015,2025-04,68.0,72.10082306257975,0,0
C0016,2025-04,76.0,57.745228223542,0,0
C0017,2025-04,88.0,69.73814771461059,0,0
C0018,2025-04,83.0,93.05440838900456,0,0
C0019,2025-04,90.0,69.58945289904327,0,0
C0020,2025-04,74.0,85.23477269887964,0,0
C0021,2025-04,98.0,72.17933097727577,0,0
C0022,2025-04,89.0,79.36285173921256,0,0
C0023,2025-04,77.0,75.88209440928023,0,0
C0024,2025-04,75.0,71.00940142082531,0,0
C0025,2025-04,74.0,82.56245177769956,0,0
C0026,2025-04,71.0,75.04016935910082,0,0
C0027,2025-04,74.0,66.3432798576942,0,0
C0028,2025-04,82.0,80.26861258625719,0,0
C0029,2025-04,84.0,94.13694664988437,0,0
C0030,2025-04,92.0,72.96155380934033,0,0
C0031,2025-04,84.0,78.97671007025284,0,0
C0032,2025-04,64.0,86.24386116589487,0,0
C0033,2025-04,81.0,81.19046928496718,0,0
C0035,2025-04,100.0,68.94798138028587,0,0
C0036,2025-04,82.0,62.1241428407404,0,0
C0037,2025-04,82.0,78.57485946287018,0,0
C0038,2025-04,81.0,67.0912977150118,0,0
C0039,2025-04,84.0,71.33679339734962,0,0
C0040,2025-04,71.0,81.31206185977673,0,0
C0041,2025-04,92.0,76.79765173797367,0,0
C0042,2025-04,84.0,62.45959962594782,0,0
C0043,2025-04,100.0,79.63217931063492,0,0
C0044,2025-04,83.0,81.51025135189539,0,0
C0045,2025-04,91.0,80.22465466787075,0,1
C0046,2025-04,76.0,81.07295347023134,0,0
C0047,2025-04,86.0,89.81959924770287,0,0
C0048,2025-04,89.0,98.86002721291288,0,0
C0051,2025-04,77.0,77.76277475011962,0,0
C0052,2025-04,83.0,100.0,0,0
C0053,2025-04,61.0,71.21672044221388,0,0
C0054,2025-04,94.0,81.72775219893651,0,0
C0055,2025-04,81.0,89.17111694943276,0,0
C0056,2025-04,89.0,86.07996207331107,0,0
C0057,2025-04,75.0,74.61099065064326,0,0
C0058,2025-04,82.0,91.2156752165688,0,0
C0059,2025-04,90.0,66.91504519554766,0,0
C0060,2025-04,88.0,76.47843248891257,0,0
C0061,2025-04,72.0,87.17301324588175,0,0
C0062,2025-04,94.0,71.51113120812637,0,0
C0063,2025-04,84.0,80.22465466787075,0,1
C0064,2025-04,79.0,87.08944427812074,0,0
C0065,2025-04,77.0,92.92287188524966,0,0
C0066,2025-04,90.0,100.0,0,0
C0067,2025-04,68.0,82.16753887957692,0,0
C0068,2025-04,68.0,65.81119327922792,0,0
C0069,2025-04,96.0,85.43311658432322,0,0
C0070,2025-04,85.0,82.96702099775888,0,0
C0071,2025-04,89.0,92.69508134963748,0,0
C0072,2025-04,78.0,71.69844131058078,0,0
C0073,2025-04,89.0,68.12564767783498,0,0
C0074,2025-04,72.0,75.84632543360644,0,0
C0075,2025-04,87.0,94.12637700585437,0,0
C0076,2025-04,69.0,82.75353514599803,0,0
C0077,2025-04,94.0,78.30415601679208,0,0
C0078,2025-04,93.0,79.31270541154213,0,0
C0079,2025-04,79.0,81.26624159780347,0,0
C0080,2025-04,75.0,90.84257901156306,0,0
C0081,2025-04,91.0,84.80251413719749,0,0
C0082,2025-04,70.0,98.8260652313414,0,0
C0083,2025-04,76.0,82.04348240660983,0,0
C0084,2025-04,95.0,78.6118604148876,0,0
C0085,2025-04,79.0,89.36115423152208,0,0
C0086,2025-04,87.0,82.41976088848212,0,0
C0088,2025-04,88.0,74.37250607951954,0,0
C0089,2025-04,100.0,76.58803772566714,0,0
C0090,2025-04,83.0,60.99527655225114,0,0
C0091,2025-04,98.0,94.90952807945888,0,0
C0092,2025-04,73.0,98.01552189791244,0,0
C0093,2025-04,100.0,80.22465466787075,0,1
C0094,2025-04,82.0,95.01679102248056,1,0
C0095,2025-04,70.0,65.06032331990998,0,0
C0096,2025-04,63.0,89.32175866712782,0,0
C0097,2025-04,91.0,80.22465466787075,0,1
C0098,2025-04,95.0,99.40664687755655,0,0
C0099,2025-04,60.0,86.57726525422022,0,0
C0100,2025-04,89.0,88.00428748234744,0,0
C0101,2025-04,82.0,80.22465466787075,1,1
C0102,2025-04,96.0,91.8629494319093,0,0
C0103,2025-04,75.0,69.353118953354,0,0
C0104,2025-04,89.0,75.49939943031681,0,0
C0105,2025-04,100.0,80.11675176931074,0,0
C0106,2025-04,74.0,60.059628044842455,0,0
C0107,2025-04,71.0,86.21144194042941,0,0
C0108,2025-04,100.0,66.61811402192421,0,0
C0109,2025-04,84.0,92.963498585797,0,0
C0110,2025-04,79.0,69.03317157764076,0,0
C0111,2025-04,74.0,79.99443021708866,0,0
C0112,2025-04,95.0,87.16204644168037,0,0
C0113,2025-04,79.0,100.0,0,0
C0114,2025-04,79.0,74.5565359292467,0,0
C0115,2025-04,76.0,74.01646372399277,0,0
C0116,2025-04,84.0,92.63783019647308,0,0
C0117,2025-04,86.0,82.69915266164217,0,0
C0118,2025-04,98.0,87.45279553645764,0,0
C0119,2025-04,69.0,85.83472251331335,0,0
C0120,2025-04,76.0,79.31485678289454,0,0
C0122,2025-04,84.0,98.25509389558226,0,0
C0123,2025-04,90.0,67.58285846909111,0,0
C0124,2025-04,78.0,66.59938712686582,0,0
C0125,2025-04,79.0,71.96650377490795,0,0
C0126,2025-04,92.0,98.1464288834056,0,0
C0127,2025-04,80.0,100.0,0,0
C0128,2025-04,91.0,91.03103910358264,0,0
C0129,2025-04,94.0,80.22465466787075,0,1
C0130,2025-04,64.0,87.13130972036421,0,0
C0131,2025-04,84.0,81.36491019587818,0,0
C0132,2025-04,81.0,71.15473593354191,0,0
C0133,2025-04,90.0,97.0506810032565,0,0
C0134,2025-04,95.0,93.1250926956616,0,0
C0135,2025-04,76.0,74.46053232171481,0,0
C0136,2025-04,93.0,91.16113079982055,0,0
C0137,2025-04,94.0,76.70762514857545,0,0
C0138,2025-04,84.0,82.22891581248408,0,0
C0139,2025-04,85.0,80.22465466787075,0,1
C0140,2025-04,79.0,72.43712020722994,0,0
C0141,2025-04,72.0,66.10287077611623,0,0
C0142,2025-04,91.0,76.73306077909079,0,0
C0143,2025-04,84.0,61.9019163722361,0,0
C0145,2025-04,97.0,74.76879744454551,0,0
C0146,2025-04,75.0,84.15526073469721,0,0
C0147,2025-04,79.0,86.12436579423002,0,0
C0148,2025-04,53.0,64.81814781388246,0,0
C0149,2025-04,88.0,85.95889364428241,0,0
C0150,2025-04,71.0,74.14108585162644,0,0
C0151,2025-04,84.0,83.34734074231969,0,0
C0152,2025-04,63.0,80.26421299829406,0,0
C0153,2025-04,84.0,77.98227699015372,0,0
C0154,2025-04,84.0,72.64059493673226,0,0
C0155,2025-04,80.0,93.02626637108813,0,0
C0156,2025-04,80.0,96.08531795757756,0,0
C0158,2025-04,99.0,80.22465466787075,0,1
C0159,2025-04,71.0,72.7270060162833,0,0
C0160,2025-04,100.0,84.68783325198798,0,0
C0161,2025-04,80.0,77.83218195646108,0,0
C0162,2025-04,100.0,62.60137414187932,0,0
C0163,2025-04,84.0,75.85952854980485,0,0
C0164,2025-04,92.0,79.0163567499203,0,0
C0165,2025-04,68.0,89.11650544485595,0,0
C0166,2025-04,62.0,80.22465466787075,0,1
C0167,2025-04,99.0,80.32410908445414,0,0
C0168,2025-04,100.0,80.31589561018932,0,0
C0169,2025-04,76.0,93.02957870982868,0,0
C0170,2025-04,100.0,68.7633939484207,0,0
C0171,2025-04,60.0,82.53416558704146,0,0
C0172,2025-04,82.0,92.01113872152844,0,0
C0173,2025-04,73.0,79.04149946387757,0,0
C0174,2025-04,81.0,78.81529767223978,0,0
C0176,2025-04,61.0,61.00169860531776,0,0
C0177,2025-04,84.0,80.22465466787075,0,1
C0178,2025-04,63.0,68.59757211372353,0,0
C0179,2025-04,72.0,81.22705069954108,0,0
C0180,2025-04,87.0,74.3841620985664,0,0
C0181,2025-04,84.0,100.0,0,0
C0182,2025-04,83.0,76.27991858130163,0,0
C0183,2025-04,66.0,58.68188761627525,0,0
C0184,2025-04,96.0,79.20044650534889,0,0
C0185,2025-04,74.0,67.93964034355552,0,0
C0186,2025-04,92.0,83.37255152539551,0,0
C0187,2025-04,81.0,90.11339706838268,0,0
C0188,2025-04,93.0,71.18794644214276,0,0
C0189,2025-04,100.0,82.22682988583479,0,0
C0190,2025-04,80.0,82.43948436874021,0,0
C0191,2025-04,100.0,69.91778112411629,0,0
C0192,2025-04,90.0,75.36951177431271,0,0
C0193,2025-04,87.0,80.22465466787075,0,1
C0194,2025-04,68.0,79.24532607720032,0,0
C0195,2025-04,76.0,77.3302788216411,0,0
C0196,2025-04,88.0,83.70016684115708,0,0
C0198,2025-04,86.0,78.51095087710131,0,0
C0199,2025-04,86.0,85.37291595706026,0,0
C0202,2025-04,98.0,96.99576630227853,0,0
C0203,2025-04,76.0,81.03117908510639,0,0
C0204,2025-04,67.0,83.49858086873594,0,0
C0205,2025-04,71.0,68.92224851524587,0,0
C0206,2025-04,94.0,77.4533736923599,0,0
C0207,2025-04,74.0,78.79913089743197,0,0
C0208,2025-04,66.0,91.17530651203644,0,0
C0209,2025-04,77.0,83.23970415652114,0,0
C0210,2025-04,87.0,80.93854729295577,0,0
C0211,2025-04,73.0,76.90381147172218,0,0
C0212,2025-04,88.0,68.3945583699554,0,0
C0213,2025-04,85.0,72.80213144167143,0,0
C0214,2025-04,83.0,73.88131787352246,0,0
C0215,2025-04,73.0,88.12069175919274,0,0
C0216,2025-04,68.0,80.22465466787075,0,1
C0218,2025-04,89.0,81.19436197043143,0,0
C0219,2025-04,86.0,98.01771821442289,0,0
C0220,2025-04,87.0,79.72285390503616,0,0
C0221,2025-04,92.0,90.57162076283642,0,0
C0222,2025-04,74.0,65.95847459667642,0,0
C0223,2025-04,95.0,100.0,0,0
C0224,2025-04,78.0,73.6053135080451,0,0
C0225,2025-04,79.0,71.99717527257465,0,0
C0226,2025-04,100.0,100.0,0,0
C0228,2025-04,74.0,72.94434053064522,0,0
C0229,2025-04,82.0,85.49982296740846,1,0
C0230,2025-04,78.0,86.75739967848573,0,0
C0231,2025-04,82.0,67.93293519026024,0,0
C0232,2025-04,84.0,67.91936610345664,0,0
C0233,2025-04,61.0,88.8535040332776,0,0
C0234,2025-04,77.0,87.35266603281296,0,0
C0235,2025-04,78.0,68.85264452599763,0,0
C0236,2025-04,83.0,78.09760776963024,0,0
C0237,2025-04,65.0,86.83391012580324,0,0
C0238,2025-04,62.0,80.82200671612458,0,0
C0239,2025-04,84.0,77.13417137286866,0,0
C0240,2025-04,96.0,72.73755978477243,0,0
C0241,2025-04,86.0,85.94914902765565,0,0
C0242,2025-04,100.0,78.35784161412701,0,0
C0243,2025-04,78.0,77.58059643668399,0,0
C0244,2025-04,81.0,82.17301859871316,0,0
C0245,2025-04,74.0,80.22465466787075,0,1
C0247,2025-04,72.0,74.05448420080667,0,0
C0248,2025-04,83.0,83.00720269898363,0,0
C0249,2025-04,54.0,82.37765064361083,0,0
C0250,2025-04,98.0,100.0,0,0
C0251,2025-04,93.0,85.23548158592232,0,0
C0252,2025-04,81.0,94.50391290569796,0,0
C0253,2025-04,79.0,80.22465466787075,0,1
C0254,2025-04,85.0,91.3573395479812,0,0
C0255,2025-04,100.0,78.43400052469373,0,0
C0256,2025-04,76.0,68.96884177637926,0,0
C0257,2025-04,86.0,100.0,0,0
C0258,2025-04,66.0,80.48353259530951,0,0
C0259,2025-04,93.0,78.20085458175818,0,0
C0260,2025-04,96.0,68.83148969156606,0,0
C0261,2025-04,71.0,86.03643652074076,0,0
C0262,2025-04,77.0,52.085911999764896,0,0
C0263,2025-04,97.0,63.55704662525034,0,0
C0264,2025-04,85.0,80.22465466787075,0,1
C0265,2025-04,65.0,68.86969936032054,0,0
C0266,2025-04,95.0,76.63519066440881,0,0
C0267,2025-04,78.0,87.3925789834756,0,0
C0268,2025-04,69.0,77.71994524884016,0,0
C0269,2025-04,93.0,92.85476148467494,0,0
C0270,2025-04,100.0,100.0,0,0
C0272,2025-04,80.0,90.60334743022943,0,0
C0273,2025-04,63.0,88.99456389690411,0,0
C0274,2025-04,65.0,83.77229195838545,0,0
C0275,2025-04,56.0,66.52543804848634,0,0
C0276,2025-04,70.0,79.29331874934813,0,0
C0277,2025-04,71.0,70.42837195943903,0,0
C0278,2025-04,73.0,85.42416215085345,0,0
C0279,2025-04,78.0,83.42507579210546,0,0
C0280,2025-04,81.0,75.68691572694821,0,0
C0281,2025-04,70.0,88.8068828596746,0,0
C0282,2025-04,80.0,76.60276474221489,0,0
C0283,2025-04,90.0,85.04251024661389,0,0
C0284,2025-04,93.0,68.01740773349694,0,0
C0285,2025-04,88.0,65.49960556807572,0,0
C0286,2025-04,96.0,93.19140855356684,0,0
C0287,2025-04,65.0,91.89597078566143,0,0
C0288,2025-04,47.0,85.75759936083014,0,0
C0290,2025-04,99.0,80.22465466787075,0,1
C0291,2025-04,64.0,80.22465466787075,0,1
C0292,2025-04,79.0,78.72344829010486,0,0
C0293,2025-04,77.0,85.35916193676461,0,0
C0294,2025-04,100.0,76.01435344403227,0,0
C0295,2025-04,88.0,95.45714407645868,0,0
C0296,2025-04,80.0,58.63149766386592,0,0
C0297,2025-04,95.0,88.34274311054719,0,0
C0298,2025-04,85.0,80.45429185782801,0,0
C0299,2025-04,74.0,82.82227973228882,0,0
C0300,2025-04,96.0,51.967592228353055,0,0
C0301,2025-04,63.0,80.22465466787075,0,1
C0302,2025-04,79.0,68.96703118032725,0,0
C0303,2025-04,79.0,94.74000349414432,0,0
C0304,2025-04,100.0,73.61278303431338,0,0
C0305,2025-04,63.0,61.8777553784562,0,0
C0306,2025-04,70.0,84.94452596557157,0,0
C0307,2025-04,91.0,88.84817190953542,0,0
C0308,2025-04,73.0,88.25811497920903,0,0
C0309,2025-04,87.0,80.78247275799734,0,0
C0310,2025-04,78.0,87.2378553227512,0,0
C0311,2025-04,73.0,70.20329301689821,0,0
C0312,2025-04,83.0,82.75781190609415,0,0
C0313,2025-04,89.0,85.23024208986998,0,0
C0314,2025-04,72.0,80.66277132082321,0,0
C0315,2025-04,67.0,76.1617767528435,0,0
C0316,2025-04,79.0,71.18601716737162,0,0
C0317,2025-04,75.0,74.1026038101471,0,0
C0318,2025-04,89.0,92.0478408479697,0,0
C0319,2025-04,85.0,74.82022763207955,0,0
C0320,2025-04,87.0,76.93377351171998,0,0
C0321,2025-04,82.0,87.72900599355802,0,0
C0322,2025-04,75.0,66.62039566260364,0,0
C0323,2025-04,99.0,70.91293501280285,0,0
C0324,2025-04,86.0,62.67481728599564,0,0
C0325,2025-04,64.0,100.0,0,0
C0326,2025-04,88.0,78.01468379681744,0,0
C0327,2025-04,66.0,87.61837883659027,0,0
C0328,2025-04,87.0,100.0,0,0
C0329,2025-04,98.0,66.82014143444887,0,0
C0330,2025-04,83.0,78.55926293124816,0,0
C0331,2025-04,100.0,75.83247712306239,0,0
C0332,2025-04,66.0,78.10335458137898,0,0
C0333,2025-04,92.0,81.01332718463166,0,0
C0335,2025-04,68.0,85.48111648223377,0,0
C0336,2025-04,100.0,97.96382059747428,0,0
C0337,2025-04,80.0,81.99593351291587,0,0
C0338,2025-04,83.0,75.95760655830689,0,0
C0339,2025-04,80.0,89.7638925511754,0,0
C0340,2025-04,100.0,74.51536837085082,0,0
C0341,2025-04,91.0,81.2987396691371,0,0
C0342,2025-04,96.0,86.09090672339494,0,0
C0343,2025-04,72.0,89.16327511163843,0,0
C0344,2025-04,71.0,80.08033157557443,0,0
C0346,2025-04,78.0,75.25454097458255,0,0
C0347,2025-04,68.0,75.04543649873119,0,0
C0348,2025-04,77.0,84.52466433968067,0,0
C0349,2025-04,97.0,79.92677919078076,0,0
C0350,2025-04,83.0,73.96537670567335,0,0
C0351,2025-04,58.0,87.91889151480939,0,0
C0352,2025-04,99.0,82.75436839717062,0,0
C0353,2025-04,64.0,66.4910232715148,0,0
C0354,2025-04,97.0,85.1208752888311,0,0
C0355,2025-04,80.0,84.9066157158241,0,0
C0356,2025-04,100.0,80.04587300125503,0,0
C0357,2025-04,100.0,80.73077746647748,0,0
C0359,2025-04,81.0,62.1787344772582,0,0
C0360,2025-04,99.0,88.36116624800368,0,0
C0362,2025-04,88.0,72.68393592131106,0,0
C0363,2025-04,85.0,62.95548325992851,0,0
C0364,2025-04,76.0,96.77977751171758,0,0
C0365,2025-04,85.0,76.01503104550042,0,0
C0366,2025-04,72.0,79.79624203500913,0,0
C0367,2025-04,90.0,76.68777306859384,0,0
C0368,2025-04,83.0,79.67807428126703,0,0
C0369,2025-04,75.0,78.35068699151996,0,0
C0370,2025-04,75.0,90.85179422389692,0,0
C0371,2025-04,100.0,84.20340460567625,0,0
C0372,2025-04,69.0,72.71684043527321,0,0
C0373,2025-04,87.0,65.11216920271401,0,0
C0374,2025-04,68.0,92.37199335147731,0,0
C0375,2025-04,88.0,85.72291711747414,0,0
C0376,2025-04,78.0,77.58477883759097,0,0
C0377,2025-04,82.0,89.70572316468648,0,0
C0378,2025-04,77.0,100.0,0,0
C0379,2025-04,56.0,79.52923956576367,0,0
C0380,2025-04,88.0,95.29246451242447,0,0
C0381,2025-04,85.0,80.67475633654537,0,0
C0382,2025-04,69.0,97.82589068929776,0,0
C0383,2025-04,83.0,81.64025055891412,0,0
C0384,2025-04,84.0,74.58049536216568,0,0
C0385,2025-04,88.0,95.41568573371082,0,0
C0386,2025-04,82.0,80.76025977655378,0,0
C0387,2025-04,75.0,83.01924535483073,0,0
C0388,2025-04,92.0,89.80105323665691,0,0
C0389,2025-04,86.0,79.48935785035995,0,0
C0390,2025-04,60.0,64.23978249955887,0,0
C0391,2025-04,77.0,77.09516287089522,0,0
C0392,2025-04,89.0,73.0546004275937,0,0
C0393,2025-04,100.0,71.5263973240208,0,0
C0394,2025-04,86.0,92.60490250883072,0,0
C0395,2025-04,64.0,72.77150687147551,0,0
C0396,2025-04,62.0,75.44532419339217,0,0
C0398,2025-04,81.0,84.67311927621395,0,0
C0399,2025-04,85.0,83.53747490198319,0,0
C0400,2025-04,69.0,82.7411153435225,0,0
C0401,2025-04,84.0,81.67515800358453,0,0
C0402,2025-04,81.0,68.68351422430038,0,0
C0403,2025-04,71.0,85.79006801195011,0,0
C0404,2025-04,100.0,71.6710435849879,0,0
C0405,2025-04,92.0,91.40464136330962,0,0
C0406,2025-04,80.0,77.39853423392492,0,0
C0407,2025-04,65.0,66.58976509645849,0,0
C0408,2025-04,89.0,83.54671041018281,0,0
C0409,2025-04,74.0,87.84101541794944,0,0
C0410,2025-04,91.0,77.65744184202337,0,0
C0411,2025-04,87.0,86.6304347639216,0,0
C0412,2025-04,70.0,94.72869081985338,0,0
C0413,2025-04,82.0,83.83943210917799,0,0
C0415,2025-04,64.0,81.52470036869782,0,0
C0416,2025-04,87.0,76.75886249209684,0,0
C0417,2025-04,100.0,59.26881588011655,0,0
C0418,2025-04,69.0,66.72682589499789,0,0
C0419,2025-04,63.0,100.0,0,0
C0420,2025-04,100.0,76.53182276758099,0,0
C0421,2025-04,53.0,77.21582181313175,0,0
C0422,2025-04,80.0,67.04370434409842,0,0
C0423,2025-04,95.0,99.42988881700892,0,0
C0424,2025-04,98.0,84.21800438262792,0,0
C0425,2025-04,86.0,77.16804316736659,0,0
C0426,2025-04,99.0,87.591545984723,0,0
C0427,2025-04,79.0,92.60584764925396,0,0
C0428,2025-04,76.0,59.26026980813781,0,0
C0429,2025-04,83.0,92.3974855806221,0,0
C0430,2025-04,86.0,70.4116346340607,0,0
C0431,2025-04,87.0,63.4612404918477,0,0
C0432,2025-04,70.0,100.0,0,0
C0433,2025-04,83.0,83.30707934000361,0,0
C0434,2025-04,69.0,73.59595761173752,0,0
C0435,2025-04,80.0,98.48961231326314,0,0
C0436,2025-04,89.0,75.41974371666477,0,0
C0437,2025-04,89.0,70.57975578489717,0,0
C0438,2025-04,100.0,88.7908665073166,0,0
C0439,2025-04,75.0,63.72118302313146,0,0
C0440,2025-04,96.0,81.75368222200187,0,0
C0441,2025-04,100.0,66.90442803101118,0,0
C0442,2025-04,100.0,68.38037265539752,0,0
C0443,2025-04,94.0,85.53880430340406,0,0
C0444,2025-04,65.0,70.06419697612863,0,0
C0445,2025-04,71.0,89.09196001767427,0,0
C0446,2025-04,71.0,58.12184295821,0,0
C0447,2025-04,85.0,80.0526738271546,0,0
C0448,2025-04,100.0,74.19639084662974,0,0
C0449,2025-04,80.0,77.90992604571247,0,0
C0450,2025-04,72.0,75.57548135652333,0,0
C0451,2025-04,96.0,80.22465466787075,0,1
C0452,2025-04,77.0,85.2800596562638,0,0
C0453,2025-04,94.0,75.99411027357772,0,0
C0454,2025-04,80.0,77.23201409845137,0,0
C0455,2025-04,95.0,86.40134549910792,0,0
C0456,2025-04,85.0,85.54958487005557,0,0
C0457,2025-04,79.0,58.40887094781535,0,0
C0458,2025-04,66.0,80.22465466787075,0,1
C0459,2025-04,82.0,67.13558309140613,0,0
C0460,2025-04,65.0,73.8992719484354,0,0
C0461,2025-04,85.0,59.49471933953613,0,0
C0462,2025-04,93.0,83.97906762711959,0,0
C0463,2025-04,91.0,72.87483940155005,0,0
C0464,2025-04,80.0,86.23005414045048,0,0
C0465,2025-04,82.0,74.11325669859696,0,0
C0466,2025-04,90.0,88.61616810706228,0,0
C0467,2025-04,75.0,76.53797789144392,0,0
C0468,2025-04,84.0,77.51723384963378,0,0
C0469,2025-04,66.0,87.45663551443366,0,0
C0470,2025-04,75.0,76.77577904158977,0,0
C0471,2025-04,84.0,62.78234424677032,0,0
C0472,2025-04,67.0,65.16378252976017,0,0
C0473,2025-04,84.0,89.13844072028003,0,0
C0474,2025-04,89.0,66.97557190555158,0,0
C0475,2025-04,74.0,76.01926856831248,0,0
C0476,2025-04,87.0,94.810174230166,0,0
C0477,2025-04,64.0,72.70989597128276,0,0
C0478,2025-04,87.0,72.2701325851955,0,0
C0479,2025-04,75.0,81.04466542075427,0,0
C0480,2025-04,70.0,92.52301328669851,0,0
C0481,2025-04,79.0,97.94904503506646,0,0
C0482,2025-04,67.0,71.04346592799932,0,0
C0483,2025-04,91.0,80.22465466787075,0,1
C0484,2025-04,83.0,78.69359337622446,0,0
C0485,2025-04,95.0,79.45235022926701,0,0
C0486,2025-04,61.0,85.30570042385195,0,0
C0487,2025-04,93.0,80.22465466787075,0,1
C0488,2025-04,63.0,70.08731088802607,0,0
C0489,2025-04,80.0,68.8347317706029,0,0
C0490,2025-04,100.0,96.86569161879252,0,0
C0491,2025-04,64.0,75.9966665279514,0,0
C0492,2025-04,82.0,85.88928404838255,0,0
C0493,2025-04,71.0,96.79680280649394,0,0
C0494,2025-04,76.0,80.05115813453045,0,0
C0495,2025-04,70.0,94.04550805626928,0,0
C0496,2025-04,48.0,71.74267081427672,0,0
C0497,2025-04,82.0,80.22465466787075,1,1
C0498,2025-04,82.0,80.49212235440301,1,0
C0499,2025-04,71.0,77.59524242207289,0,0
C0500,2025-04,98.0,89.5445538834046,0,0
C0501,2025-04,88.0,77.20369876701092,0,0
C0502,2025-04,83.0,73.82088484253278,0,0
C0503,2025-04,88.0,63.19661245931249,0,0
C0504,2025-04,90.0,87.95157746163572,0,0
C0505,2025-04,83.0,88.57973316414395,0,0
C0506,2025-04,86.0,97.03524621081236,0,0
C0507,2025-04,87.0,86.51825393974882,0,0
C0509,2025-04,73.0,80.82644635688006,0,0
C0510,2025-04,75.0,79.68248728112601,0,0
C0511,2025-04,72.0,93.02114926402125,0,0
C0512,2025-04,80.0,92.09978603067523,0,0
C0513,2025-04,88.0,100.0,0,0
C0514,2025-04,92.0,77.46007486047442,0,0
C0516,2025-04,95.0,95.40265604627812,0,0
C0517,2025-04,69.0,88.38368043980837,0,0
C0518,2025-04,94.0,74.90307677215554,0,0
C0519,2025-04,95.0,77.9312472780419,0,0
C0520,2025-04,64.0,87.21425939083578,0,0
C0521,2025-04,67.0,85.14322151929565,0,0
C0522,2025-04,75.0,69.23327084630861,0,0
C0523,2025-04,87.0,68.38191694139223,0,0
C0524,2025-04,55.0,85.84084264358789,0,0
C0525,2025-04,85.0,57.12908658725483,0,0
C0526,2025-04,88.0,81.65678033810815,0,0
C0527,2025-04,100.0,72.96914213362136,0,0
C0528,2025-04,100.0,71.39607193359373,0,0
C0529,2025-04,77.0,80.22465466787075,0,1
C0530,2025-04,74.0,80.22465466787075,0,1
C0531,2025-04,97.0,81.251576580306,0,0
C0532,2025-04,96.0,66.5776991642154,0,0
C0533,2025-04,89.0,80.22465466787075,0,1
C0534,2025-04,66.0,80.46824224939515,0,0
C0535,2025-04,81.0,84.11027470883931,0,0
C0536,2025-04,77.0,89.74955091216708,0,0
C0537,2025-04,67.0,63.23752391797125,0,0
C0538,2025-04,85.0,82.38829418433852,0,0
C0539,2025-04,71.0,86.28967854612671,0,0
C0540,2025-04,100.0,73.28494079911232,0,0
C0542,2025-04,53.0,75.11583519304261,0,0
C0543,2025-04,83.0,73.11203416163508,0,0
C0544,2025-04,99.0,91.46197615693308,0,0
C0545,2025-04,84.0,73.96390386304728,0,0
C0546,2025-04,77.0,73.8927079979689,0,0
C0547,2025-04,68.0,56.0981161621588,0,0
C0548,2025-04,64.0,85.91345825704502,0,0
C0549,2025-04,75.0,71.35018232168959,0,0
C0550,2025-04,69.0,71.19619909428675,0,0
C0551,2025-04,85.0,95.99777565048444,0,0
C0552,2025-04,79.0,66.1414547262353,0,0
C0553,2025-04,84.0,65.71295274474843,0,0
C0554,2025-04,73.0,66.39010899190025,0,0
C0555,2025-04,78.0,63.35603848180977,0,0
C0556,2025-04,94.0,73.43475792401674,0,0
C0557,2025-04,62.0,79.893139793156,0,0
C0558,2025-04,72.0,76.31374009308696,0,0
C0559,2025-04,77.0,87.35834900055679,0,0
C0560,2025-04,76.0,82.9329068338661,0,0
C0561,2025-04,100.0,82.65750782897332,0,0
C0562,2025-04,61.0,81.75274612727796,0,0
C0563,2025-04,45.0,83.7368098449466,0,0
C0564,2025-04,97.0,79.32366106249775,0,0
C0565,2025-04,66.0,97.41194673560348,0,0
C0566,2025-04,82.0,72.35839938202017,1,0
C0567,2025-04,84.0,71.8651166590768,0,0
C0568,2025-04,96.0,69.46383258295705,0,0
C0569,2025-04,73.0,70.47660327925708,0,0
C0570,2025-04,75.0,68.5386593584344,0,0
C0571,2025-04,66.0,66.89208617495834,0,0
C0572,2025-04,82.0,77.39620594609262,0,0
C0573,2025-04,100.0,77.62979399773525,0,0
C0574,2025-04,75.0,75.0240775098222,0,0
C0575,2025-04,70.0,69.5959675091275,0,0
C0576,2025-04,80.0,91.99056987304826,0,0
C0577,2025-04,88.0,93.91433373670444,0,0
C0578,2025-04,91.0,86.32068870137303,0,0
C0579,2025-04,80.0,82.54419835160301,0,0
C0580,2025-04,100.0,95.80797719505564,0,0
C0581,2025-04,89.0,81.97602778813582,0,0
C0582,2025-04,83.0,67.03652766572219,0,0
C0583,2025-04,82.0,70.34463715648053,0,0
C0584,2025-04,58.0,82.36865904352496,0,0
C0585,2025-04,75.0,87.25128044425017,0,0
C0586,2025-04,69.0,92.3498716903813,0,0
C0587,2025-04,78.0,92.13252363850384,0,0
C0588,2025-04,71.0,80.22465466787075,0,1
C0589,2025-04,66.0,91.59416206005068,0,0
C0590,2025-04,92.0,76.31111524325345,0,0
C0591,2025-04,61.0,75.57088702135428,0,0
C0592,2025-04,100.0,75.70364972282013,0,0
C0593,2025-04,70.0,81.97393917067757,0,0
C0594,2025-04,80.0,86.94997639807457,0,0
C0595,2025-04,65.0,100.0,0,0
C0596,2025-04,70.0,80.22465466787075,0,1
C0597,2025-04,93.0,75.17708251806823,0,0
C0598,2025-04,73.0,87.40694766960524,0,0
C0599,2025-04,74.0,75.87023575539135,0,0
C0600,2025-04,93.0,93.16546820299756,0,0
C0601,2025-04,100.0,93.0633013109138,0,0
C0602,2025-04,76.0,98.44421733021797,0,0
C0603,2025-04,58.0,84.65301755953212,0,0
C0604,2025-04,78.0,96.35484222349034,0,0
C0605,2025-04,79.0,67.74299849347932,0,0
C0606,2025-04,81.0,93.5921093256089,0,0
C0607,2025-04,88.0,87.6550228541108,0,0
C0608,2025-04,91.0,82.68468814985992,0,0
C0609,2025-04,72.0,78.46671915580146,0,0
C0610,2025-04,84.0,80.22465466787075,0,1
C0611,2025-04,83.0,86.76763359018365,0,0
C0612,2025-04,100.0,74.02399871393456,0,0
C0613,2025-04,91.0,75.7229319767502,0,0
C0614,2025-04,74.0,82.89314154443399,0,0
C0615,2025-04,67.0,84.5146050880892,0,0
C0616,2025-04,76.0,72.79203526556229,0,0
C0618,2025-04,80.0,72.03814987938401,0,0
C0619,2025-04,70.0,80.08689401002707,0,0
C0620,2025-04,72.0,93.26100894235854,0,0
C0621,2025-04,94.0,82.9791838158454,0,0
C0622,2025-04,59.0,82.92704434613574,0,0
C0623,2025-04,97.0,78.22024409320073,0,0
C0624,2025-04,82.0,75.15838199002694,0,0
C0625,2025-04,73.0,75.46908096759586,0,0
C0626,2025-04,82.0,76.19192976651004,0,0
C0627,2025-04,93.0,65.78008394127887,0,0
C0628,2025-04,86.0,80.22465466787075,0,1
C0629,2025-04,74.0,82.15886525427906,0,0
C0631,2025-04,80.0,85.44602158414189,0,0
C0632,2025-04,82.0,77.09635956701128,1,0
C0633,2025-04,63.0,84.33401332137579,0,0
C0634,2025-04,77.0,75.27247379969933,0,0
C0635,2025-04,82.0,75.78696243559172,0,0
C0636,2025-04,83.0,81.38554021758904,0,0
C0637,2025-04,78.0,81.52888764323335,0,0
C0638,2025-04,83.0,95.47623282808313,0,0
C0639,2025-04,58.0,71.71962610170387,0,0
C0640,2025-04,63.0,73.71171962608916,0,0
C0641,2025-04,99.0,75.74565426113244,0,0
C0642,2025-04,82.0,91.58910150711436,0,0
C0643,2025-04,79.0,82.18197630144138,0,0
C0644,2025-04,60.0,100.0,0,0
C0645,2025-04,57.0,79.55629788459723,0,0
C0646,2025-04,86.0,84.2122855434285,0,0
C0647,2025-04,98.0,81.40233744368008,0,0
C0648,2025-04,69.0,82.0031727102226,0,0
C0649,2025-04,84.0,71.55111998974915,0,0
C0650,2025-04,95.0,80.90296785279216,0,0
C0651,2025-04,80.0,71.10198996116249,0,0
C0652,2025-04,98.0,84.6791824323715,0,0
C0653,2025-04,78.0,80.22465466787075,0,1
C0654,2025-04,84.0,77.09864936004371,0,0
C0655,2025-04,100.0,74.6771022207363,0,0
C0656,2025-04,90.0,72.1356033789615,0,0
C0657,2025-04,81.0,71.79295108922369,0,0
C0658,2025-04,73.0,71.10946059885286,0,0
C0659,2025-04,95.0,100.0,0,0
C0660,2025-04,88.0,82.2830946602681,0,0
C0661,2025-04,91.0,78.6513422122103,0,0
C0662,2025-04,83.0,72.53316038893031,0,0
C0663,2025-04,93.0,79.38801414400736,0,0
C0664,2025-04,70.0,85.00294413769,0,0
C0665,2025-04,72.0,84.07854148285621,0,0
C0666,2025-04,72.0,91.51828459406116,0,0
C0667,2025-04,90.0,91.28487112220236,0,0
C0668,2025-04,73.0,78.96602443587723,0,0
C0669,2025-04,73.0,73.49818925188106,0,0
C0670,2025-04,84.0,78.23045294514517,0,0
C0671,2025-04,69.0,87.84319596496454,0,0
C0672,2025-04,87.0,72.62117842542838,0,0
C0673,2025-04,75.0,100.0,0,0
C0674,2025-04,98.0,72.45014695056379,0,0
C0675,2025-04,98.0,85.64504496679146,0,0
C0676,2025-04,100.0,83.36710958167684,0,0
C0677,2025-04,69.0,88.4037730385801,0,0
C0678,2025-04,80.0,61.29976927357631,0,0
C0679,2025-04,94.0,89.05954117013307,0,0
C0680,2025-04,100.0,78.16962529864706,0,0
C0681,2025-04,63.0,71.65686516532779,0,0
C0682,2025-04,90.0,89.74225595047965,0,0
C0683,2025-04,84.0,62.01622765210463,0,0
C0684,2025-04,85.0,98.7078643056112,0,0
C0685,2025-04,70.0,82.68559683850101,0,0
C0686,2025-04,76.0,77.82503961648912,0,0
C0687,2025-04,93.0,66.94317185312698,0,0
C0688,2025-04,95.0,79.27153935421256,0,0
C0689,2025-04,86.0,92.73088964102008,0,0
C0690,2025-04,98.0,84.16643431901402,0,0
C0691,2025-04,92.0,85.23528634671821,0,0
C0692,2025-04,100.0,90.4786043354422,0,0
C0693,2025-04,88.0,70.0518645968434,0,0
C0694,2025-04,100.0,66.27748692374686,0,0
C0695,2025-04,79.0,71.14419531311215,0,0
C0696,2025-04,100.0,80.20922847002197,0,0
C0697,2025-04,71.0,79.39023766221038,0,0
C0698,2025-04,82.0,79.099808495705,0,0
C0699,2025-04,90.0,84.61538553893106,0,0
C0700,2025-04,49.0,80.22465466787075,0,1
C0701,2025-04,77.0,71.37372182100297,0,0
C0702,2025-04,100.0,69.7133999993555,0,0
C0703,2025-04,99.0,80.22465466787075,0,1
C0704,2025-04,65.0,91.91031308764748,0,0
C0705,2025-04,62.0,93.88473471357756,0,0
C0706,2025-04,63.0,74.8844830654357,0,0
C0707,2025-04,71.0,81.60931727183969,0,0
C0708,2025-04,82.0,84.88882966211108,0,0
C0709,2025-04,93.0,83.3969992728832,0,0
C0710,2025-04,94.0,84.67008171253516,0,0
C0711,2025-04,100.0,87.35974626159417,0,0
C0712,2025-04,99.0,72.62873384602814,0,0
C0713,2025-04,53.0,73.48794275736121,0,0
C0714,2025-04,77.0,85.11750077036103,0,0
C0715,2025-04,67.0,80.22465466787075,0,1
C0716,2025-04,100.0,72.82964321265105,0,0
C0717,2025-04,76.0,80.63832809537666,0,0
C0718,2025-04,74.0,75.77096576254814,0,0
C0719,2025-04,89.0,81.62310293911106,0,0
C0720,2025-04,80.0,74.46320623332798,0,0
C0721,2025-04,94.0,55.13535541357,0,0
C0722,2025-04,75.0,80.22465466787075,0,1
C0723,2025-04,95.0,80.77119220559005,0,0
C0724,2025-04,52.0,92.81562483247576,0,0
C0725,2025-04,100.0,78.82771569943071,0,0
C0726,2025-04,91.0,81.13075123375808,0,0
C0727,2025-04,86.0,75.88821367270124,0,0
C0728,2025-04,77.0,74.02498558894038,0,0
C0729,2025-04,81.0,74.7881706652662,0,0
C0730,2025-04,83.0,80.22465466787075,0,1
C0731,2025-04,80.0,81.26677230813878,0,0
C0732,2025-04,85.0,80.92028914361876,0,0
C0733,2025-04,80.0,70.1097279359383,0,0
C0734,2025-04,81.0,88.62097042742518,0,0
C0735,2025-04,77.0,72.27238859711554,0,0
C0736,2025-04,79.0,80.22465466787075,0,1
C0737,2025-04,86.0,89.60932458789625,0,0
C0738,2025-04,84.0,93.37592339614704,0,0
C0739,2025-04,81.0,56.17821592611614,0,0
C0740,2025-04,79.0,88.92238920680823,0,0
C0741,2025-04,90.0,84.19200414325393,0,0
C0742,2025-04,75.0,85.24553626800471,0,0
C0743,2025-04,61.0,75.4531231799975,0,0
C0744,2025-04,81.0,87.4219102301424,0,0
C0745,2025-04,93.0,90.65153716995746,0,0
C0746,2025-04,86.0,83.90541825838285,0,0
C0747,2025-04,91.0,87.71665758011967,0,0
C0748,2025-04,77.0,98.4246825182504,0,0
C0749,2025-04,88.0,94.40054900091351,0,0
C0750,2025-04,100.0,74.1394096503904,0,0
C0751,2025-04,68.0,87.59575161939485,0,0
C0752,2025-04,89.0,91.9732552425183,0,0
C0753,2025-04,80.0,85.92718950140977,0,0
C0754,2025-04,99.0,88.09090206390431,0,0
C0756,2025-04,80.0,80.83940541419489,0,0
C0757,2025-04,66.0,77.7274854645046,0,0
C0758,2025-04,69.0,69.0300638043886,0,0
C0759,2025-04,78.0,90.36640538435704,0,0
C0760,2025-04,94.0,68.78523706466726,0,0
C0761,2025-04,100.0,89.24238538758641,0,0
C0762,2025-04,79.0,77.50483206289074,0,0
C0763,2025-04,78.0,92.06752965825062,0,0
C0764,2025-04,86.0,83.58363548566358,0,0
C0765,2025-04,84.0,81.24686119507659,0,0
C0766,2025-04,79.0,79.06387688172272,0,0
C0767,2025-04,83.0,77.140640653158,0,0
C0768,2025-04,86.0,83.11345639192123,0,0
C0769,2025-04,98.0,61.52119833961221,0,0
C0770,2025-04,74.0,77.91809501322652,0,0
C0771,2025-04,68.0,87.99021102508033,0,0
C0772,2025-04,84.0,79.47106822811952,0,0
C0773,2025-04,71.0,89.08630657427601,0,0
C0774,2025-04,99.0,72.33249555998867,0,0
C0775,2025-04,85.0,68.61124309179348,0,0
C0776,2025-04,81.0,82.03922586581064,0,0
C0777,2025-04,81.0,73.49645693796701,0,0
C0778,2025-04,87.0,86.10020131372033,0,0
C0780,2025-04,100.0,82.19349164909349,0,0
C0781,2025-04,69.0,55.643157886452414,0,0
C0782,2025-04,95.0,78.09310673788104,0,0
C0783,2025-04,100.0,77.08728379781405,0,0
C0784,2025-04,86.0,62.43172150931629,0,0
C0785,2025-04,82.0,81.73688853604365,0,0
C0786,2025-04,78.0,79.08878820420622,0,0
C0787,2025-04,80.0,80.22465466787075,0,1
C0788,2025-04,82.0,93.25094167470807,0,0
C0789,2025-04,96.0,80.22465466787075,0,1
C0790,2025-04,98.0,89.8634177828701,0,0
C0791,2025-04,76.0,79.35620053859141,0,0
C0792,2025-04,96.0,87.6264601740107,0,0
C0793,2025-04,85.0,86.27337340815603,0,0
C0794,2025-04,86.0,61.61975278614372,0,0
C0795,2025-04,93.0,69.81381299746008,0,0
C0796,2025-04,81.0,73.02113927355799,0,0
C0797,2025-04,84.0,100.0,0,0
C0798,2025-04,87.0,91.35333305785711,0,0
C0799,2025-04,100.0,95.07363564161992,0,0
C0800,2025-04,59.0,68.76962442210043,0,0
H0001,2025-05,73.0,79.87801455715208,0,0
H0002,2025-05,73.0,75.39693120593783,0,0
H0003,2025-05,92.0,84.86938150534286,0,0
H0004,2025-05,72.0,61.735343435319024,0,0
H0005,2025-05,72.0,95.98952892561802,0,0
H0006,2025-05,72.0,95.03272657985156,0,0
H0007,2025-05,78.0,83.232765862154,0,0
H0008,2025-05,96.0,77.13734054942128,0,0
H0009,2025-05,83.0,78.13863654240151,0,0
H0010,2025-05,77.0,75.79064055809559,0,0
H0011,2025-05,97.0,84.45064555420517,0,0
H0012,2025-05,75.0,75.16437759031813,0,0
H0013,2025-05,71.0,75.86671277382274,0,0
H0014,2025-05,78.0,62.84793628613546,0,0
H0015,2025-05,78.0,80.22465466787075,0,1
H0016,2025-05,89.0,80.41055767364227,0,0
H0017,2025-05,100.0,97.86141821489343,0,0
H0018,2025-05,70.0,82.5968596038121,0,0
H0019,2025-05,77.0,54.7560043812307,0,0
H0020,2025-05,91.0,85.04536093261605,0,0
H0021,2025-05,91.0,81.07190754500641,0,0
H0022,2025-05,100.0,71.71493080418654,0,0
H0023,2025-05,82.0,100.0,1,0
H0024,2025-05,79.0,84.08650438816896,0,0
H0026,2025-05,72.0,80.22465466787075,0,1
H0027,2025-05,80.0,81.27447651291548,0,0
H0028,2025-05,89.0,78.0476149857648,0,0
H0029,2025-05,83.0,75.1480838701429,0,0
H0030,2025-05,81.0,77.76170603017842,0,0
H0031,2025-05,89.0,64.44274320164017,0,0
H0032,2025-05,91.0,75.03330966053336,0,0
H0033,2025-05,92.0,70.81729249241515,0,0
H0034,2025-05,96.0,92.342939603614,0,0
H0035,2025-05,85.0,80.98748983714327,0,0
H0036,2025-05,71.0,80.22465466787075,0,1
H0037,2025-05,77.0,95.16592856963317,0,0
H0038,2025-05,78.0,70.32148782904808,0,0
H0039,2025-05,85.0,83.08910846220121,0,0
H0040,2025-05,95.0,80.86256633627107,0,0
H0041,2025-05,84.0,80.40626938424558,0,0
H0042,2025-05,69.0,91.1008787324291,0,0
H0043,2025-05,90.0,78.80000196286973,0,0
H0044,2025-05,88.0,83.27743486561916,0,0
H0045,2025-05,88.0,81.28975271540872,0,0
H0046,2025-05,100.0,79.67090520648581,0,0
H0047,2025-05,100.0,70.75045590438789,0,0
H0048,2025-05,90.0,76.12858659611788,0,0
H0049,2025-05,80.0,57.1113562184224,0,0
H0050,2025-05,93.0,85.21035212681932,0,0
H0051,2025-05,55.0,83.96309942771018,0,0
H0052,2025-05,66.0,83.31076908599988,0,0
H0053,2025-05,97.0,95.65016444932316,0,0
H0054,2025-05,76.0,87.238244384049,0,0
H0055,2025-05,75.0,92.09842115281512,0,0
H0056,2025-05,94.0,90.11246737244824,0,0
H0057,2025-05,85.0,97.41384583330785,0,0
H0058,2025-05,83.0,93.09532142582026,0,0
H0059,2025-05,86.0,71.60423660050965,0,0
H0060,2025-05,94.0,88.19458074058677,0,0
H0061,2025-05,100.0,86.48207898550558,0,0
H0062,2025-05,65.0,84.77562042373864,0,0
H0063,2025-05,89.0,100.0,0,0
H0064,2025-05,97.0,81.2755912358935,0,0
H0065,2025-05,56.0,85.03164965889813,0,0
H0066,2025-05,89.0,78.60072807996112,0,0
H0067,2025-05,80.0,77.57931495908657,0,0
H0068,2025-05,67.0,78.12868439658259,0,0
H0069,2025-05,79.0,72.1123392048343,0,0
H0070,2025-05,100.0,83.24467355283157,0,0
H0071,2025-05,59.0,97.21056856632072,0,0
H0072,2025-05,89.0,76.5010681478877,0,0
H0073,2025-05,69.0,83.75402052144469,0,0
H0074,2025-05,100.0,72.50221222097869,0,0
H0075,2025-05,100.0,62.61258659500437,0,0
H0076,2025-05,72.0,80.84039981088988,0,0
H0077,2025-05,82.0,74.8368074832489,0,0
H0078,2025-05,91.0,69.74737672364293,0,0
H0079,2025-05,98.0,63.847722041988646,0,0
H0080,2025-05,89.0,64.94258449079376,0,0
H0081,2025-05,64.0,81.2838661841392,0,0
H0082,2025-05,70.0,80.22465466787075,0,1
H0083,2025-05,84.0,75.34467585666535,0,0
H0084,2025-05,77.0,87.14996679011853,0,0
H0085,2025-05,82.0,70.2172639998843,0,0
H0086,2025-05,68.0,74.9032253152971,0,0
H0087,2025-05,70.0,65.41937008394049,0,0
H0088,2025-05,67.0,76.91519831778909,0,0
H0089,2025-05,91.0,80.22465466787075,0,1
H0090,2025-05,91.0,70.01287060444166,0,0
H0091,2025-05,84.0,78.18605030019492,0,0
H0092,2025-05,61.0,74.32480143053303,0,0
H0093,2025-05,83.0,81.78912718516801,0,0
H0094,2025-05,81.0,87.27907691130793,0,0
H0095,2025-05,99.0,80.42512378595185,0,0
H0096,2025-05,81.0,90.71187198637648,0,0
H0097,2025-05,69.0,61.47295568585205,0,0
H0098,2025-05,84.0,89.31656607162996,0,0
H0099,2025-05,76.0,79.89513541863825,0,0
H0100,2025-05,73.0,62.60232524253137,0,0
H0101,2025-05,76.0,87.72024556706805,0,0
H0102,2025-05,76.0,81.87701549607708,0,0
H0103,2025-05,79.0,75.9315929029076,0,0
H0104,2025-05,75.0,89.654957464119,0,0
H0105,2025-05,92.0,81.570629516519,0,0
H0106,2025-05,66.0,86.94649187286254,0,0
H0107,2025-05,84.0,85.21844469511531,0,0
H0108,2025-05,77.0,71.99500785862313,0,0
H0109,2025-05,75.0,64.1753279732747,0,0
H0110,2025-05,92.0,80.22465466787075,0,1
H0111,2025-05,92.0,83.4131673999736,0,0
H0112,2025-05,87.0,80.22465466787075,0,1
H0113,2025-05,94.0,84.05217564200467,0,0
H0114,2025-05,100.0,73.88840536012944,0,0
H0115,2025-05,93.0,64.97185651137963,0,0
H0116,2025-05,84.0,84.7822355919037,0,0
H0117,2025-05,93.0,88.85218163434385,0,0
H0118,2025-05,68.0,78.07399116754645,0,0
H0119,2025-05,82.0,78.67451506581106,1,0
H0120,2025-05,81.0,89.21229172564142,0,0
H0121,2025-05,84.0,80.22465466787075,0,1
H0122,2025-05,82.0,92.77811096079196,1,0
H0123,2025-05,64.0,91.4547185675398,0,0
H0124,2025-05,78.0,72.692865907996,0,0
H0125,2025-05,87.0,77.63607760279658,0,0
H0126,2025-05,100.0,80.18192415424713,0,0
H0127,2025-05,82.0,79.28729451747591,0,0
H0128,2025-05,89.0,77.35026567533187,0,0
H0129,2025-05,83.0,86.44163745169418,0,0
H0130,2025-05,100.0,82.45576907788778,0,0
H0131,2025-05,88.0,75.53583156026681,0,0
H0132,2025-05,70.0,69.16673044975308,0,0
H0133,2025-05,87.0,81.05606676130746,0,0
H0135,2025-05,79.0,75.08426349724003,0,0
H0136,2025-05,75.0,72.91340938974322,0,0
H0137,2025-05,83.0,76.53768667664313,0,0
H0138,2025-05,77.0,73.9971920718682,0,0
H0139,2025-05,76.0,89.99073367302105,0,0
H0140,2025-05,88.0,80.45890517332309,0,0
H0141,2025-05,88.0,64.815408709584,0,0
H0142,2025-05,80.0,80.55211107051446,0,0
H0143,2025-05,77.0,93.62721175033218,0,0
H0144,2025-05,76.0,78.95757722571157,0,0
H0145,2025-05,89.0,77.86262828050108,0,0
H0146,2025-05,84.0,64.7094050998166,0,0
H0147,2025-05,72.0,78.04484700402513,0,0
H0149,2025-05,93.0,80.22465466787075,0,1
H0150,2025-05,70.0,80.22465466787075,0,1
H0151,2025-05,65.0,90.43908344812692,0,0
H0152,2025-05,88.0,88.21293489717321,0,0
H0153,2025-05,64.0,94.24928963043888,0,0
H0154,2025-05,73.0,80.24082485688436,0,0
H0155,2025-05,94.0,62.13947845172883,0,0
H0156,2025-05,86.0,81.75438115804654,0,0
H0157,2025-05,78.0,100.0,0,0
H0158,2025-05,77.0,67.30123528380804,0,0
H0159,2025-05,72.0,80.22465466787075,0,1
H0160,2025-05,76.0,68.39625267067471,0,0
H0161,2025-05,77.0,86.68013616270476,0,0
H0163,2025-05,93.0,86.25024928038962,0,0
H0164,2025-05,89.0,77.77108030177827,0,0
H0165,2025-05,80.0,78.76431746286457,0,0
H0166,2025-05,75.0,84.88816889582779,0,0
H0167,2025-05,91.0,75.73589390637802,0,0
H0168,2025-05,94.0,78.41309846453593,0,0
H0169,2025-05,82.0,80.93584740074425,0,0
H0170,2025-05,87.0,80.22465466787075,0,1
H0171,2025-05,55.0,81.49105609477634,0,0
H0173,2025-05,67.0,85.24897025985248,0,0
H0174,2025-05,84.0,86.2381709061162,0,0
H0175,2025-05,82.0,100.0,1,0
H0176,2025-05,100.0,82.10703465144245,0,0
H0177,2025-05,90.0,88.57037232156651,0,0
H0178,2025-05,86.0,81.37303295097956,0,0
H0179,2025-05,74.0,80.79379585665433,0,0
H0180,2025-05,76.0,92.4178222830888,0,0
H0181,2025-05,85.0,100.0,0,0
H0182,2025-05,100.0,85.55160502384358,0,0
H0183,2025-05,93.0,95.16718353847872,0,0
H0184,2025-05,90.0,55.81955807425946,0,0
H0185,2025-05,78.0,68.78502012763691,0,0
H0186,2025-05,57.0,73.3354275468005,0,0
H0187,2025-05,76.0,83.34980179698795,0,0
H0188,2025-05,77.0,70.10333604675454,0,0
H0190,2025-05,84.0,80.22465466787075,0,1
H0191,2025-05,83.0,89.92808196887647,0,0
H0192,2025-05,73.0,82.7388527667409,0,0
H0193,2025-05,93.0,87.6399011070147,0,0
H0194,2025-05,100.0,77.54473528687298,0,0
H0195,2025-05,78.0,74.11821948140812,0,0
H0196,2025-05,84.0,80.22465466787075,0,1
H0197,2025-05,68.0,81.26109353062938,0,0
H0198,2025-05,68.0,69.3813464627004,0,0
H0199,2025-05,97.0,78.27701836216704,0,0
H0200,2025-05,93.0,91.36070073288155,0,0
H0201,2025-05,82.0,67.19688716894811,0,0
H0202,2025-05,86.0,70.55887929549704,0,0
H0203,2025-05,86.0,68.77020885345131,0,0
H0204,2025-05,69.0,84.4472747766944,0,0
H0205,2025-05,64.0,73.53620439473838,0,0
H0206,2025-05,64.0,69.04430444156316,0,0
H0207,2025-05,86.0,69.21889013171692,0,0
H0208,2025-05,95.0,89.89402809812523,0,0
H0209,2025-05,90.0,81.80932235149132,0,0
H0210,2025-05,73.0,83.45540139032465,0,0
H0211,2025-05,58.0,77.97734173232936,0,0
H0212,2025-05,92.0,65.8068805871133,0,0
H0213,2025-05,83.0,88.29866102774685,0,0
H0214,2025-05,80.0,73.57908884703862,0,0
H0215,2025-05,85.0,85.41381245594108,0,0
H0216,2025-05,73.0,75.39586574797804,0,0
H0217,2025-05,77.0,73.03651198940909,0,0
H0218,2025-05,77.0,85.01887187034743,0,0
H0219,2025-05,88.0,75.4270688812749,0,0
H0220,2025-05,82.0,98.90533151091782,1,0
H0221,2025-05,78.0,93.63713196220064,0,0
H0222,2025-05,74.0,66.83371604009527,0,0
H0223,2025-05,73.0,80.96054634840515,0,0
H0224,2025-05,77.0,77.74490513069624,0,0
H0225,2025-05,83.0,74.66570668537624,0,0
H0226,2025-05,87.0,69.76873708140614,0,0
H0227,2025-05,95.0,76.46978483476488,0,0
H0228,2025-05,100.0,93.49528703128485,0,0
H0229,2025-05,93.0,83.7746794297294,0,0
H0230,2025-05,92.0,81.99049748221456,0,0
H0231,2025-05,80.0,67.63091586735595,0,0
H0232,2025-05,93.0,43.495542071761456,0,0
H0233,2025-05,100.0,68.98304578911825,0,0
H0234,2025-05,85.0,93.06242025864668,0,0
H0235,2025-05,81.0,74.88617974857557,0,0
H0236,2025-05,87.0,72.62459972210759,0,0
H0237,2025-05,100.0,86.67897009243586,0,0
H0238,2025-05,73.0,80.08292289515894,0,0
H0239,2025-05,82.0,73.57098377773053,1,0
H0240,2025-05,92.0,86.38846504055672,0,0
H0241,2025-05,75.0,86.01491113221786,0,0
H0242,2025-05,78.0,100.0,0,0
H0243,2025-05,87.0,93.99675641158048,0,0
H0244,2025-05,75.0,77.6520458407152,0,0
H0245,2025-05,98.0,79.77892587907165,0,0
H0246,2025-05,91.0,66.50831232728814,0,0
H0247,2025-05,65.0,78.05505393469556,0,0
H0248,2025-05,91.0,85.52471650610919,0,0
H0249,2025-05,84.0,80.04272949427322,0,0
H0250,2025-05,87.0,80.22465466787075,0,1
H0251,2025-05,90.0,73.43491088006975,0,0
H0252,2025-05,84.0,72.51932709630941,0,0
H0253,2025-05,89.0,87.82795074839096,0,0
H0255,2025-05,100.0,81.82595720507749,0,0
H0256,2025-05,89.0,84.87586418422327,0,0
H0257,2025-05,68.0,76.51948303444786,0,0
H0258,2025-05,90.0,71.76548385831268,0,0
H0259,2025-05,62.0,78.23132996561635,0,0
H0260,2025-05,63.0,80.3775643993758,0,0
H0261,2025-05,100.0,84.29214668994486,0,0
H0262,2025-05,99.0,73.92444809996161,0,0
H0263,2025-05,81.0,80.22465466787075,0,1
H0264,2025-05,89.0,83.38325629134299,0,0
H0265,2025-05,85.0,59.92907950800967,0,0
H0266,2025-05,81.0,77.03778393637228,0,0
H0267,2025-05,72.0,64.39718009431498,0,0
H0268,2025-05,67.0,91.79418677076836,0,0
H0269,2025-05,93.0,87.89016750033996,0,0
H0270,2025-05,80.0,90.23988399934689,0,0
H0271,2025-05,62.0,68.01735017932346,0,0
H0272,2025-05,79.0,65.30171437986289,0,0
H0273,2025-05,79.0,80.22465466787075,0,1
H0274,2025-05,100.0,80.53320964175582,0,0
H0275,2025-05,76.0,80.22465466787075,0,1
H0276,2025-05,86.0,76.55479038407515,0,0
H0277,2025-05,86.0,72.12976227201156,0,0
H0278,2025-05,83.0,87.3743568088778,0,0
H0279,2025-05,75.0,67.94065967836598,0,0
H0280,2025-05,83.0,73.6702168880884,0,0
H0281,2025-05,75.0,88.08494159594446,0,0
H0282,2025-05,93.0,84.59158075322522,0,0
H0283,2025-05,83.0,76.0992951937756,0,0
H0284,2025-05,74.0,69.99022344765999,0,0
H0285,2025-05,93.0,82.92029914453342,0,0
H0286,2025-05,87.0,61.35511960404578,0,0
H0287,2025-05,78.0,83.97649096597561,0,0
H0288,2025-05,96.0,80.87667453743661,0,0
H0289,2025-05,83.0,75.67012178278148,0,0
H0291,2025-05,72.0,82.28579530750538,0,0
H0292,2025-05,81.0,83.40116921314971,0,0
H0293,2025-05,91.0,71.3276645061253,0,0
H0294,2025-05,80.0,56.54527087287536,0,0
H0295,2025-05,77.0,80.04489252541916,0,0
H0296,2025-05,95.0,91.15093200761348,0,0
H0297,2025-05,97.0,76.70719532153052,0,0
H0298,2025-05,83.0,75.7766827848686,0,0
H0299,2025-05,65.0,83.28642865120308,0,0
H0300,2025-05,95.0,71.3524085182076,0,0
H0301,2025-05,58.0,77.40129143913646,0,0
H0302,2025-05,84.0,90.1655378286948,0,0
H0303,2025-05,100.0,82.04619715582132,0,0
H0304,2025-05,73.0,95.8446442637483,0,0
H0305,2025-05,91.0,82.34219732477078,0,0
H0306,2025-05,66.0,86.03308068495517,0,0
H0307,2025-05,82.0,74.09489716370402,1,0
H0308,2025-05,93.0,77.12228040489411,0,0
H0309,2025-05,84.0,83.50429883370471,0,0
H0310,2025-05,53.0,93.25131918847504,0,0
H0311,2025-05,76.0,77.92815225369527,0,0
H0312,2025-05,62.0,89.16888239661158,0,0
H0313,2025-05,81.0,93.63568768254405,0,0
H0314,2025-05,75.0,100.0,0,0
H0315,2025-05,52.0,82.82344951209419,0,0
H0316,2025-05,73.0,84.06596648735959,0,0
H0317,2025-05,68.0,74.33822387021101,0,0
H0318,2025-05,86.0,85.21957082865983,0,0
H0319,2025-05,74.0,86.71976177887288,0,0
H0320,2025-05,85.0,79.16194677643503,0,0
H0321,2025-05,89.0,67.01172662790529,0,0
H0322,2025-05,100.0,76.59054822819935,0,0
H0323,2025-05,84.0,54.29996384660256,0,0
H0324,2025-05,88.0,79.27085489890389,0,0
H0325,2025-05,80.0,70.2707292138987,0,0
H0326,2025-05,70.0,83.09195268194239,0,0
H0327,2025-05,88.0,100.0,0,0
H0328,2025-05,83.0,89.23648069573717,0,0
H0329,2025-05,81.0,71.49988222871956,0,0
H0330,2025-05,82.0,92.07559405254204,0,0
H0331,2025-05,77.0,82.11326707214975,0,0
H0332,2025-05,76.0,87.90145080543624,0,0
H0333,2025-05,81.0,78.23250565106754,0,0
H0334,2025-05,71.0,89.80274446301308,0,0
H0335,2025-05,98.0,72.74372949843976,0,0
H0336,2025-05,85.0,61.707661970950745,0,0
H0337,2025-05,50.0,75.98781512128203,0,0
H0338,2025-05,96.0,82.86684561626176,0,0
H0339,2025-05,99.0,80.22465466787075,0,1
H0340,2025-05,80.0,89.2749173811326,0,0
H0341,2025-05,78.0,82.6381343349554,0,0
H0342,2025-05,97.0,75.66642514064932,0,0
H0343,2025-05,97.0,80.29040949560135,0,0
H0344,2025-05,63.0,49.99978850339486,0,0
H0345,2025-05,89.0,84.0900607998591,0,0
H0346,2025-05,95.0,81.76776348501932,0,0
H0347,2025-05,74.0,80.22465466787075,0,1
H0348,2025-05,82.0,91.05208509921832,1,0
H0349,2025-05,90.0,75.76576602555166,0,0
H0350,2025-05,100.0,82.7518473567075,0,0
H0351,2025-05,99.0,77.39371775872812,0,0
H0352,2025-05,92.0,64.42648217440204,0,0
H0353,2025-05,80.0,75.85600241458687,0,0
H0354,2025-05,83.0,62.93208202866471,0,0
H0355,2025-05,81.0,80.63224934318454,0,0
H0356,2025-05,79.0,81.25604678876348,0,0
H0357,2025-05,75.0,85.15333399662532,0,0
H0358,2025-05,89.0,71.08395997219287,0,0
H0359,2025-05,64.0,68.26273605536326,0,0
H0360,2025-05,92.0,83.87602511303358,0,0
H0361,2025-05,74.0,55.51306566868088,0,0
H0362,2025-05,89.0,82.86052880497667,0,0
H0363,2025-05,74.0,92.8243539084226,0,0
H0364,2025-05,63.0,76.50244843371865,0,0
H0365,2025-05,100.0,91.89836485049588,0,0
H0366,2025-05,94.0,83.39981325298182,0,0
H0367,2025-05,79.0,94.48448653617304,0,0
H0368,2025-05,100.0,84.52544574567035,0,0
H0369,2025-05,100.0,78.67208111524072,0,0
H0370,2025-05,89.0,79.78355087004954,0,0
H0371,2025-05,64.0,73.63976165378611,0,0
H0372,2025-05,67.0,73.39548239051851,0,0
H0373,2025-05,84.0,84.43562999003113,0,0
H0374,2025-05,94.0,79.23380081575492,0,0
H0375,2025-05,100.0,73.91608416500034,0,0
H0376,2025-05,87.0,94.16211039235368,0,0
H0377,2025-05,93.0,85.83455891855562,0,0
H0378,2025-05,95.0,52.64397070244314,0,0
H0379,2025-05,62.0,85.76739768850145,0,0
H0380,2025-05,76.0,73.56394213450011,0,0
H0381,2025-05,86.0,89.16369246370867,0,0
H0382,2025-05,89.0,88.5251624005635,0,0
H0384,2025-05,91.0,87.37543051854935,0,0
H0385,2025-05,91.0,92.21920546422729,0,0
H0386,2025-05,84.0,57.22346249378031,0,0
H0387,2025-05,89.0,63.24549518491983,0,0
H0388,2025-05,87.0,89.90357783543568,0,0
H0389,2025-05,89.0,67.4511653826713,0,0
H0390,2025-05,78.0,80.22465466787075,0,1
H0391,2025-05,73.0,89.26071957072077,0,0
H0392,2025-05,81.0,100.0,0,0
H0393,2025-05,86.0,82.97491758283218,0,0
H0394,2025-05,56.0,80.68183909985255,0,0
H0395,2025-05,69.0,80.22465466787075,0,1
H0396,2025-05,73.0,84.46629682508092,0,0
H0397,2025-05,63.0,79.01328627218153,0,0
H0398,2025-05,82.0,89.84408451687418,0,0
H0399,2025-05,53.0,85.7910673506228,0,0
H0400,2025-05,86.0,89.51199274646196,0,0
H0401,2025-05,79.0,70.4420643488476,0,0
H0402,2025-05,83.0,87.35383796585877,0,0
H0403,2025-05,96.0,80.22465466787075,0,1
H0404,2025-05,92.0,69.4932499029061,0,0
H0405,2025-05,68.0,77.4083619754118,0,0
H0406,2025-05,71.0,81.0606637731183,0,0
H0407,2025-05,74.0,84.32111183691114,0,0
H0408,2025-05,100.0,68.78757230437076,0,0
H0409,2025-05,62.0,92.9830073348217,0,0
H0410,2025-05,79.0,88.99460929909327,0,0
H0411,2025-05,94.0,90.65539438093376,0,0
H0412,2025-05,80.0,80.22465466787075,0,1
H0413,2025-05,79.0,75.09362470794446,0,0
H0414,2025-05,98.0,93.25961973828652,0,0
H0415,2025-05,60.0,75.00491570180674,0,0
H0416,2025-05,90.0,85.87803199260536,0,0
H0417,2025-05,74.0,89.47640593928861,0,0
H0418,2025-05,85.0,80.65332763116872,0,0
H0419,2025-05,97.0,90.2129048431829,0,0
H0420,2025-05,74.0,71.37552170553204,0,0
H0421,2025-05,80.0,80.68919907684456,0,0
H0422,2025-05,95.0,86.575207871383,0,0
H0423,2025-05,64.0,84.78622329513762,0,0
H0424,2025-05,92.0,68.14691294219213,0,0
H0425,2025-05,76.0,75.67046457479661,0,0
H0426,2025-05,93.0,75.5692407738525,0,0
H0427,2025-05,81.0,85.53888915423393,0,0
H0428,2025-05,75.0,96.91922697179176,0,0
H0429,2025-05,86.0,68.8184607145649,0,0
H0430,2025-05,96.0,70.93710165338648,0,0
H0431,2025-05,75.0,94.61962207244338,0,0
H0432,2025-05,75.0,88.50512728585103,0,0
H0433,2025-05,96.0,81.91638380345125,0,0
H0434,2025-05,81.0,84.43300220167482,0,0
H0435,2025-05,78.0,87.2594557266455,0,0
H0436,2025-05,79.0,83.42909855910989,0,0
H0437,2025-05,93.0,80.60597387817495,0,0
H0438,2025-05,90.0,92.76755811638202,0,0
H0439,2025-05,70.0,63.05306282594744,0,0
H0440,2025-05,76.0,93.2511857522558,0,0
H0441,2025-05,92.0,66.62499841670618,0,0
H0442,2025-05,87.0,94.46449437195892,0,0
H0443,2025-05,52.0,79.23881825949259,0,0
H0444,2025-05,86.0,79.57093118186152,0,0
H0445,2025-05,80.0,67.8591897710994,0,0
H0446,2025-05,94.0,88.84803264475823,0,0
H0447,2025-05,100.0,83.01496045895071,0,0
H0448,2025-05,77.0,78.97463141506229,0,0
H0449,2025-05,100.0,72.15974997101111,0,0
H0450,2025-05,61.0,91.2348055020276,0,0
H0452,2025-05,81.0,75.32885499981772,0,0
H0453,2025-05,90.0,92.5099976788986,0,0
H0454,2025-05,94.0,80.22465466787075,0,1
H0455,2025-05,97.0,100.0,0,0
H0456,2025-05,92.0,82.48180138378096,0,0
H0457,2025-05,85.0,100.0,0,0
H0458,2025-05,80.0,86.3215235826781,0,0
H0459,2025-05,67.0,87.66854277876521,0,0
H0460,2025-05,80.0,82.54113445283805,0,0
H0461,2025-05,79.0,85.65892086105214,0,0
H0462,2025-05,67.0,92.10995053509096,0,0
H0463,2025-05,90.0,79.71900720409333,0,0
H0464,2025-05,74.0,75.72762015686781,0,0
H0465,2025-05,90.0,76.1219724635527,0,0
H0466,2025-05,86.0,83.85496273456646,0,0
H0467,2025-05,68.0,78.68502340837308,0,0
H0468,2025-05,69.0,81.03296479577604,0,0
H0469,2025-05,75.0,88.88619398987824,0,0
H0470,2025-05,76.0,84.45428023850383,0,0
H0471,2025-05,98.0,89.37504502576182,0,0
H0472,2025-05,84.0,81.82750472487199,0,0
H0473,2025-05,75.0,73.95844187602358,0,0
H0474,2025-05,91.0,77.4262187720673,0,0
H0475,2025-05,100.0,87.25189118932634,0,0
H0476,2025-05,76.0,92.89714553089225,0,0
H0477,2025-05,81.0,82.3956839869541,0,0
H0478,2025-05,74.0,73.39207569088778,0,0
H0479,2025-05,89.0,85.21328704886052,0,0
H0480,2025-05,88.0,95.4291041271461,0,0
H0481,2025-05,86.0,84.6335184746095,0,0
H0482,2025-05,85.0,73.12040237819676,0,0
H0483,2025-05,66.0,64.45352612847476,0,0
H0484,2025-05,65.0,98.82199585879052,0,0
H0485,2025-05,82.0,82.39846276452495,0,0
H0486,2025-05,68.0,69.70109622088876,0,0
H0487,2025-05,84.0,76.53083210343884,0,0
H0488,2025-05,66.0,100.0,0,0
H0489,2025-05,76.0,96.66268838880404,0,0
H0490,2025-05,75.0,77.71785126614076,0,0
H0491,2025-05,51.0,70.16616837702583,0,0
H0492,2025-05,71.0,94.73495584137116,0,0
H0493,2025-05,84.0,89.04124009363875,0,0
H0494,2025-05,100.0,82.1587047786487,0,0
H0495,2025-05,99.0,53.32534195185745,0,0
H0496,2025-05,85.0,80.22465466787075,0,1
H0497,2025-05,84.0,86.52463087113576,0,0
H0498,2025-05,94.0,79.62042526084912,0,0
H0499,2025-05,69.0,72.88050863554989,0,0
H0500,2025-05,64.0,67.89897556411198,0,0
H0501,2025-05,70.0,80.78614871743112,0,0
H0502,2025-05,77.0,67.04577958371311,0,0
H0503,2025-05,88.0,84.43188678261484,0,0
H0504,2025-05,69.0,80.22465466787075,0,1
H0505,2025-05,86.0,73.88482834108414,0,0
H0506,2025-05,79.0,71.6422211548246,0,0
H0507,2025-05,70.0,70.33037317015126,0,0
H0508,2025-05,94.0,66.97160811088771,0,0
H0509,2025-05,93.0,93.72271111429512,0,0
H0510,2025-05,88.0,81.13176669379243,0,0
H0511,2025-05,98.0,67.64084264571997,0,0
H0512,2025-05,82.0,85.66384694715184,1,0
H0513,2025-05,80.0,73.54705551429983,0,0
H0514,2025-05,77.0,92.8553918906598,0,0
H0515,2025-05,69.0,76.31672445415717,0,0
H0516,2025-05,80.0,76.35159792004967,0,0
H0517,2025-05,79.0,66.99026934733429,0,0
H0518,2025-05,74.0,93.86462871122,0,0
H0519,2025-05,72.0,73.2671871582071,0,0
H0520,2025-05,90.0,74.9829549579272,0,0
H0521,2025-05,89.0,70.8900321802796,0,0
H0522,2025-05,90.0,69.48440880654363,0,0
H0523,2025-05,73.0,86.08035429400618,0,0
H0524,2025-05,94.0,80.22465466787075,0,1
H0525,2025-05,88.0,88.72088817479637,0,0
H0526,2025-05,74.0,62.487633993267615,0,0
H0527,2025-05,84.0,89.79169278151873,0,0
H0528,2025-05,59.0,80.96279565316588,0,0
H0529,2025-05,100.0,71.23394532793114,0,0
H0530,2025-05,83.0,84.46486353098673,0,0
H0531,2025-05,68.0,71.22093034598922,0,0
H0532,2025-05,93.0,96.37724671995178,0,0
H0533,2025-05,66.0,84.84209503557808,0,0
H0534,2025-05,82.0,67.52566121524092,0,0
H0535,2025-05,88.0,82.04625437577097,0,0
H0536,2025-05,91.0,56.89258186064544,0,0
H0537,2025-05,78.0,75.13120766928571,0,0
H0538,2025-05,80.0,93.47347160292688,0,0
H0539,2025-05,99.0,96.92108763801828,0,0
H0540,2025-05,84.0,73.31578146832067,0,0
H0541,2025-05,88.0,80.12007831350509,0,0
H0542,2025-05,70.0,82.04514962838005,0,0
H0543,2025-05,84.0,89.30230037799447,0,0
H0544,2025-05,79.0,70.98861544824153,0,0
H0545,2025-05,62.0,92.93017984542608,0,0
H0546,2025-05,76.0,84.29590208277692,0,0
H0547,2025-05,78.0,81.46055932376862,0,0
H0548,2025-05,89.0,83.05238227204244,0,0
H0549,2025-05,58.0,80.99020736039925,0,0
H0550,2025-05,95.0,91.3823286058906,0,0
H0551,2025-05,100.0,72.13288418455505,0,0
H0552,2025-05,85.0,70.26492765270552,0,0
H0553,2025-05,82.0,78.43335380512994,1,0
H0554,2025-05,76.0,100.0,0,0
H0555,2025-05,64.0,95.67791412531426,0,0
H0556,2025-05,77.0,74.87953856341545,0,0
H0558,2025-05,78.0,73.6921797680684,0,0
H0559,2025-05,100.0,82.9332571476169,0,0
H0561,2025-05,75.0,75.75383753515511,0,0
H0562,2025-05,59.0,77.54901299171169,0,0
H0563,2025-05,77.0,82.80160130069076,0,0
H0564,2025-05,90.0,91.50847964339096,0,0
H0565,2025-05,80.0,74.30239003648046,0,0
H0566,2025-05,89.0,82.35835289598108,0,0
H0567,2025-05,100.0,89.42662969049482,0,0
H0568,2025-05,93.0,73.63177774663423,0,0
H0569,2025-05,86.0,81.57335901671931,0,0
H0570,2025-05,79.0,88.1928958636559,0,0
H0571,2025-05,69.0,86.92288408672934,0,0
H0572,2025-05,88.0,95.32494637344703,0,0
H0574,2025-05,61.0,80.8419764822062,0,0
H0575,2025-05,95.0,84.90477796191709,0,0
H0576,2025-05,93.0,78.26364726122868,0,0
H0577,2025-05,65.0,92.34851931006531,0,0
H0578,2025-05,79.0,78.28466579620488,0,0
H0579,2025-05,86.0,78.50416509007462,0,0
H0580,2025-05,79.0,73.66160293322615,0,0
H0581,2025-05,100.0,75.28065293468708,0,0
H0582,2025-05,96.0,84.0453162505867,0,0
H0583,2025-05,77.0,68.97809132185591,0,0
H0584,2025-05,75.0,76.55992764874718,0,0
H0585,2025-05,87.0,76.90700790962866,0,0
H0586,2025-05,86.0,85.86146864718863,0,0
H0587,2025-05,72.0,89.20016775778218,0,0
H0588,2025-05,75.0,96.80374089143896,0,0
H0589,2025-05,67.0,73.78514060337099,0,0
H0590,2025-05,82.0,88.75136860307322,0,0
H0591,2025-05,75.0,82.83040203457742,0,0
H0592,2025-05,68.0,78.57642384420478,0,0
H0593,2025-05,83.0,88.05294849082522,0,0
H0594,2025-05,99.0,66.598614614909,0,0
H0596,2025-05,79.0,69.87331255258735,0,0
H0597,2025-05,74.0,92.74710401415444,0,0
H0598,2025-05,77.0,89.8972285056668,0,0
H0599,2025-05,87.0,69.30713907253673,0,0
H0600,2025-05,74.0,66.78684547082375,0,0
C0002,2025-05,79.0,70.87049211274811,0,0
C0004,2025-05,72.0,98.27648360846035,0,0
C0005,2025-05,87.0,71.34888471336343,0,0
C0006,2025-05,88.0,85.7651438386415,0,0
C0007,2025-05,87.0,76.90822411430534,0,0
C0008,2025-05,68.0,97.18103755220837,0,0
C0009,2025-05,84.0,64.53798161335814,0,0
C0010,2025-05,86.0,66.42085349499698,0,0
C0011,2025-05,74.0,82.50252168766588,0,0
C0012,2025-05,92.0,94.2817610874066,0,0
C0013,2025-05,85.0,77.79120616973839,0,0
C0014,2025-05,83.0,72.14062402135337,0,0
C0015,2025-05,84.0,64.73555096021855,0,0
C0016,2025-05,87.0,84.3271186333815,0,0
C0017,2025-05,73.0,66.62907713757313,0,0
C0018,2025-05,75.0,100.0,0,0
C0019,2025-05,87.0,82.28767968940475,0,0
C0020,2025-05,95.0,81.80790770450359,0,0
C0021,2025-05,81.0,77.48537878702334,0,0
C0022,2025-05,72.0,71.25541808054605,0,0
C0023,2025-05,82.0,77.48133043534591,0,0
C0024,2025-05,90.0,85.16603356282587,0,0
C0025,2025-05,86.0,89.24872491053118,0,0
C0026,2025-05,99.0,80.76558720267614,0,0
C0027,2025-05,93.0,78.65662319666077,0,0
C0028,2025-05,94.0,82.54613842308564,0,0
C0029,2025-05,86.0,71.78730504683999,0,0
C0030,2025-05,84.0,95.96371481794382,0,0
C0031,2025-05,61.0,73.63600904995712,0,0
C0032,2025-05,83.0,73.22063777893125,0,0
C0033,2025-05,88.0,87.41899653975508,0,0
C0035,2025-05,76.0,96.49505560785153,0,0
C0036,2025-05,84.0,86.60614276844653,0,0
C0037,2025-05,63.0,70.11201570870415,0,0
C0038,2025-05,95.0,89.0320428475794,0,0
C0039,2025-05,59.0,79.05075142362558,0,0
C0040,2025-05,66.0,94.46167928840376,0,0
C0041,2025-05,87.0,72.71016514933488,0,0
C0042,2025-05,100.0,84.01366038060492,0,0
C0043,2025-05,93.0,90.35986582360748,0,0
C0044,2025-05,95.0,70.53411406186399,0,0
C0045,2025-05,83.0,95.32064988380084,0,0
C0046,2025-05,78.0,80.4275802752188,0,0
C0047,2025-05,70.0,83.58657284617215,0,0
C0048,2025-05,84.0,56.43039192480593,0,0
C0051,2025-05,86.0,93.08054334710845,0,0
C0052,2025-05,84.0,61.325406458104965,0,0
C0053,2025-05,100.0,72.54809557157671,0,0
C0054,2025-05,90.0,81.233853318355,0,0
C0055,2025-05,84.0,85.63080398804755,0,0
C0056,2025-05,97.0,89.95775659090259,0,0
C0057,2025-05,77.0,84.18019429154434,0,0
C0058,2025-05,100.0,76.27943504866892,0,0
C0059,2025-05,62.0,69.72463356577059,0,0
C0060,2025-05,74.0,94.24814039082554,0,0
C0061,2025-05,82.0,80.22465466787075,0,1
C0062,2025-05,100.0,79.6902436237981,0,0
C0063,2025-05,67.0,73.52065307582806,0,0
C0064,2025-05,92.0,81.31114559581117,0,0
C0065,2025-05,86.0,78.91888332218176,0,0
C0066,2025-05,68.0,77.62450684576127,0,0
C0067,2025-05,77.0,72.18262075356044,0,0
C0068,2025-05,88.0,89.65268427074142,0,0
C0069,2025-05,76.0,75.57287530900287,0,0
C0070,2025-05,84.0,75.00142823826478,0,0
C0071,2025-05,86.0,90.95718344860326,0,0
C0072,2025-05,83.0,83.64047622284745,0,0
C0073,2025-05,94.0,96.5585075914475,0,0
C0074,2025-05,58.0,62.19407058298253,0,0
C0075,2025-05,59.0,78.69121124949518,0,0
C0076,2025-05,65.0,80.08734825197425,0,0
C0077,2025-05,80.0,84.66296428415342,0,0
C0078,2025-05,76.0,79.6607139272662,0,0
C0079,2025-05,87.0,80.22465466787075,0,1
C0080,2025-05,80.0,89.11101766332227,0,0
C0081,2025-05,73.0,74.35500391085914,0,0
C0082,2025-05,92.0,90.63855823645105,0,0
C0083,2025-05,85.0,74.47007594240918,0,0
C0084,2025-05,70.0,80.4838966489295,0,0
C0085,2025-05,79.0,64.90187919929784,0,0
C0086,2025-05,84.0,68.15099853396384,0,0
C0088,2025-05,88.0,67.4006391956826,0,0
C0089,2025-05,66.0,77.04292966506414,0,0
C0090,2025-05,95.0,91.46939257103654,0,0
C0091,2025-05,93.0,80.01306338496825,0,0
C0092,2025-05,95.0,82.01424703695912,0,0
C0093,2025-05,64.0,100.0,0,0
C0094,2025-05,78.0,84.62138747644563,0,0
C0095,2025-05,64.0,79.93726969708867,0,0
C0096,2025-05,96.0,71.67329935212365,0,0
C0097,2025-05,73.0,83.00908630646788,0,0
C0098,2025-05,52.0,88.44790162222553,0,0
C0099,2025-05,96.0,73.19400349224331,0,0
C0100,2025-05,91.0,82.84959444472788,0,0
C0101,2025-05,73.0,70.01836793302735,0,0
C0102,2025-05,87.0,84.77009922494858,0,0
C0103,2025-05,87.0,77.11647707792015,0,0
C0104,2025-05,74.0,85.30041594914542,0,0
C0105,2025-05,100.0,61.156587671983935,0,0
C0106,2025-05,91.0,79.29064257557826,0,0
C0107,2025-05,71.0,87.99871797874266,0,0
C0108,2025-05,70.0,83.17954500996804,0,0
C0109,2025-05,80.0,78.40916144313374,0,0
C0110,2025-05,74.0,54.98462503299428,0,0
C0111,2025-05,82.0,92.46428355353088,0,0
C0112,2025-05,73.0,71.37318297345067,0,0
C0113,2025-05,89.0,80.22465466787075,0,1
C0114,2025-05,79.0,70.26842292962965,0,0
C0115,2025-05,73.0,69.27841480060803,0,0
C0116,2025-05,93.0,79.06103861290161,0,0
C0117,2025-05,79.0,64.55771703764202,0,0
C0118,2025-05,96.0,68.31560681600834,0,0
C0119,2025-05,71.0,91.14427856862235,0,0
C0120,2025-05,98.0,80.22465466787075,0,1
C0122,2025-05,83.0,73.40784828191869,0,0
C0123,2025-05,96.0,61.20307518047151,0,0
C0124,2025-05,58.0,75.34975605852546,0,0
C0125,2025-05,99.0,75.84512775228275,0,0
C0126,2025-05,100.0,95.28219893765248,0,0
C0127,2025-05,61.0,81.98849709402813,0,0
C0128,2025-05,92.0,82.5610669854428,0,0
C0129,2025-05,65.0,84.41289330615488,0,0
C0130,2025-05,82.0,75.35140022813404,0,0
C0131,2025-05,87.0,87.14109668158508,0,0
C0132,2025-05,90.0,85.17841479165803,0,0
C0133,2025-05,79.0,84.82644666152947,0,0
C0134,2025-05,68.0,83.54513852909906,0,0
C0135,2025-05,100.0,100.0,0,0
C0136,2025-05,55.0,56.65373348842972,0,0
C0137,2025-05,81.0,69.45372279239939,0,0
C0138,2025-05,86.0,76.79611140794391,0,0
C0139,2025-05,86.0,87.89837845431434,0,0
C0140,2025-05,100.0,79.80918361593532,0,0
C0141,2025-05,66.0,88.40216933089127,0,0
C0142,2025-05,81.0,80.47026413743484,0,0
C0143,2025-05,76.0,72.12315159123143,0,0
C0145,2025-05,89.0,76.31050597863579,0,0
C0146,2025-05,100.0,80.22465466787075,0,1
C0147,2025-05,92.0,68.16329389999606,0,0
C0148,2025-05,96.0,94.13566161201298,0,0
C0149,2025-05,93.0,87.48977920515374,0,0
C0150,2025-05,100.0,78.26895359577553,0,0
C0151,2025-05,64.0,67.86611192901479,0,0
C0152,2025-05,91.0,76.86664725275509,0,0
C0153,2025-05,64.0,79.40574869784245,0,0
C0154,2025-05,100.0,89.57273313988071,0,0
C0155,2025-05,86.0,77.98822192582625,0,0
C0156,2025-05,86.0,89.1903443382284,0,0
C0158,2025-05,62.0,79.21348995197954,0,0
C0159,2025-05,56.0,81.35509875796728,0,0
C0160,2025-05,77.0,100.0,0,0
C0161,2025-05,74.0,92.84826762813545,0,0
C0162,2025-05,79.0,86.74787146877934,0,0
C0163,2025-05,76.0,85.06126038015071,0,0
C0164,2025-05,87.0,95.37901280185451,0,0
C0165,2025-05,86.0,63.99477207352433,0,0
C0166,2025-05,89.0,57.85169744751308,0,0
C0167,2025-05,80.0,84.78546721877424,0,0
C0168,2025-05,91.0,77.19925985659098,0,0
C0169,2025-05,72.0,73.86107260882832,0,0
C0170,2025-05,100.0,88.19447180870758,0,0
C0171,2025-05,85.0,59.37077997301822,0,0
C0172,2025-05,74.0,90.49498726001396,0,0
C0173,2025-05,84.0,94.38337383428306,0,0
C0174,2025-05,71.0,68.95279776885062,0,0
C0176,2025-05,85.0,89.92827017278707,0,0
C0177,2025-05,71.0,76.32972551021118,0,0
C0178,2025-05,100.0,79.00187572693982,0,0
C0179,2025-05,70.0,78.76916260401534,0,0
C0180,2025-05,89.0,81.19107131607038,0,0
C0181,2025-05,72.0,84.3285801213133,0,0
C0182,2025-05,91.0,98.16796041667098,0,0
C0183,2025-05,91.0,74.25425797360057,0,0
C0184,2025-05,55.0,79.25101327483115,0,0
C0185,2025-05,91.0,81.13390032847714,0,0
C0186,2025-05,86.0,64.43535388743426,0,0
C0187,2025-05,86.0,85.36514623192024,0,0
C0188,2025-05,82.0,75.77612445210822,0,0
C0189,2025-05,78.0,84.52700062156204,0,0
C0190,2025-05,57.0,79.03594495318454,0,0
C0191,2025-05,81.0,91.28693041638374,0,0
C0192,2025-05,81.0,64.558890860032,0,0
C0193,2025-05,79.0,61.3182074120044,0,0
C0194,2025-05,72.0,93.56849731775269,0,0
C0195,2025-05,96.0,76.43194292163582,0,0
C0196,2025-05,84.0,88.52421094806323,0,0
C0198,2025-05,62.0,77.5875587563733,0,0
C0199,2025-05,71.0,75.9129084935874,0,0
C0202,2025-05,82.0,76.06445790425346,0,0
C0203,2025-05,78.0,88.21110027945049,0,0
C0204,2025-05,90.0,77.730020779323,0,0
C0205,2025-05,90.0,79.10035811844814,0,0
C0206,2025-05,84.0,63.79265437533874,0,0
C0207,2025-05,92.0,89.10020113165417,0,0
C0208,2025-05,91.0,95.65016727822886,0,0
C0209,2025-05,91.0,58.69564778929262,0,0
C0210,2025-05,81.0,84.24558784251688,0,0
C0211,2025-05,73.0,91.444353265636,0,0
C0212,2025-05,79.0,83.25018363679669,0,0
C0213,2025-05,90.0,82.42049578513985,0,0
C0214,2025-05,99.0,94.60807553917128,0,0
C0215,2025-05,94.0,99.85975908757132,0,0
C0216,2025-05,79.0,80.85804307548115,0,0
C0218,2025-05,72.0,75.74051378783054,0,0
C0219,2025-05,95.0,81.10055602330816,0,0
C0220,2025-05,100.0,69.94239328770362,0,0
C0221,2025-05,95.0,87.76879161190732,0,0
C0222,2025-05,69.0,70.3233417112649,0,0
C0223,2025-05,72.0,100.0,0,0
C0224,2025-05,93.0,66.45546824498757,0,0
C0225,2025-05,89.0,100.0,0,0
C0226,2025-05,73.0,69.3351008162574,0,0
C0228,2025-05,89.0,93.591590731031,0,0
C0229,2025-05,71.0,71.80494066574478,0,0
C0230,2025-05,88.0,84.964718379533,0,0
C0231,2025-05,98.0,82.26337783779533,0,0
C0232,2025-05,84.0,67.60868178921858,0,0
C0233,2025-05,100.0,56.79816445044332,0,0
C0234,2025-05,88.0,74.58255537427557,0,0
C0235,2025-05,82.0,84.8249399677622,0,0
C0236,2025-05,92.0,75.47528330756484,0,0
C0237,2025-05,95.0,79.66447668359538,0,0
C0238,2025-05,73.0,86.14364609295873,0,0
C0239,2025-05,81.0,63.22593590327011,0,0
C0240,2025-05,70.0,75.0690469865772,0,0
C0241,2025-05,64.0,95.66325899649424,0,0
C0242,2025-05,80.0,74.73607004621057,0,0
C0243,2025-05,87.0,81.97191959730621,0,0
C0244,2025-05,77.0,72.81543410796942,0,0
C0245,2025-05,87.0,79.17272434004919,0,0
C0247,2025-05,72.0,67.88288514304969,0,0
C0248,2025-05,87.0,96.10115062233736,0,0
C0249,2025-05,71.0,89.04368237499826,0,0
C0250,2025-05,80.0,92.61765688593754,0,0
C0251,2025-05,72.0,80.62765704103711,0,0
C0252,2025-05,75.0,64.19500316283192,0,0
C0253,2025-05,73.0,75.73900650493172,0,0
C0254,2025-05,99.0,83.28047798400746,0,0
C0255,2025-05,85.0,89.18920423844679,0,0
C0256,2025-05,74.0,79.9727247898464,0,0
C0257,2025-05,76.0,68.35859355727887,0,0
C0258,2025-05,91.0,89.64484190103494,0,0
C0259,2025-05,83.0,77.84415229111616,0,0
C0260,2025-05,90.0,76.76929421406984,0,0
C0261,2025-05,88.0,80.22465466787075,0,1
C0262,2025-05,92.0,81.51461278923048,0,0
C0263,2025-05,63.0,78.7793826587233,0,0
C0264,2025-05,81.0,88.26872986957231,0,0
C0265,2025-05,64.0,88.76558120423996,0,0
C0266,2025-05,100.0,86.96279079649783,0,0
C0267,2025-05,79.0,74.09219512891588,0,0
C0268,2025-05,97.0,80.22465466787075,0,1
C0269,2025-05,91.0,78.85380132868451,0,0
C0270,2025-05,75.0,88.52870868112998,0,0
C0272,2025-05,80.0,80.22465466787075,0,1
C0273,2025-05,95.0,81.45161709205907,0,0
C0274,2025-05,73.0,80.22465466787075,0,1
C0275,2025-05,87.0,83.15646634100776,0,0
C0276,2025-05,81.0,84.64322511644029,0,0
C0277,2025-05,83.0,74.31746051261027,0,0
C0278,2025-05,74.0,64.87168436793453,0,0
C0279,2025-05,65.0,76.92859376596246,0,0
C0280,2025-05,66.0,80.22465466787075,0,1
C0281,2025-05,98.0,93.34796499612862,0,0
C0282,2025-05,70.0,81.34109049351413,0,0
C0283,2025-05,75.0,95.04556136418624,0,0
C0284,2025-05,78.0,83.40534640897484,0,0
C0285,2025-05,94.0,77.20123500747262,0,0
C0286,2025-05,100.0,81.84184409018734,0,0
C0287,2025-05,82.0,77.63191411142253,1,0
C0288,2025-05,65.0,99.90793209474812,0,0
C0290,2025-05,70.0,78.4210328877912,0,0
C0291,2025-05,92.0,80.22465466787075,0,1
C0292,2025-05,88.0,91.40558099661442,0,0
C0293,2025-05,96.0,66.56502563353372,0,0
C0294,2025-05,68.0,67.06511734419146,0,0
C0295,2025-05,71.0,63.77699306313959,0,0
C0296,2025-05,86.0,66.52676156556524,0,0
C0297,2025-05,76.0,86.27362662271138,0,0
C0298,2025-05,96.0,82.84853040586229,0,0
C0299,2025-05,64.0,66.47998141632172,0,0
C0300,2025-05,100.0,79.62978704507184,0,0
C0301,2025-05,79.0,81.87997499928794,0,0
C0302,2025-05,63.0,80.22465466787075,0,1
C0303,2025-05,100.0,55.47279910182672,0,0
C0304,2025-05,67.0,87.6425588969747,0,0
C0305,2025-05,91.0,86.3102920341901,0,0
C0306,2025-05,76.0,79.70807982209537,0,0
C0307,2025-05,65.0,92.93053115225996,0,0
C0308,2025-05,77.0,92.38045978580902,0,0
C0309,2025-05,98.0,66.95031994079667,0,0
C0310,2025-05,89.0,91.04006073463776,0,0
C0311,2025-05,64.0,72.27313335518721,0,0
C0312,2025-05,88.0,67.17529636199053,0,0
C0313,2025-05,78.0,80.22465466787075,0,1
C0314,2025-05,93.0,71.25556600435189,0,0
C0315,2025-05,60.0,89.27652830045155,0,0
C0316,2025-05,57.0,81.97480140268351,0,0
C0317,2025-05,63.0,95.49200682211334,0,0
C0318,2025-05,96.0,80.1824226385537,0,0
C0319,2025-05,86.0,91.81807219027388,0,0
C0320,2025-05,100.0,80.22465466787075,0,1
C0321,2025-05,74.0,92.19848271486894,0,0
C0322,2025-05,71.0,84.79583276600043,0,0
C0323,2025-05,60.0,80.22465466787075,0,1
C0324,2025-05,95.0,97.78238487498692,0,0
C0325,2025-05,88.0,71.64929250177595,0,0
C0326,2025-05,87.0,78.72708762058426,0,0
C0327,2025-05,87.0,87.83411065849691,0,0
C0328,2025-05,100.0,85.76592876975013,0,0
C0329,2025-05,70.0,67.72192743997252,0,0
C0330,2025-05,98.0,66.43424526551081,0,0
C0331,2025-05,88.0,76.14732247660464,0,0
C0332,2025-05,76.0,82.38554549203644,0,0
C0333,2025-05,79.0,74.32585674312747,0,0
C0335,2025-05,91.0,94.7776562514518,0,0
C0336,2025-05,99.0,85.02746453684423,0,0
C0337,2025-05,92.0,78.68887837473905,0,0
C0338,2025-05,100.0,89.41291354490083,0,0
C0339,2025-05,80.0,74.41761357562777,0,0
C0340,2025-05,74.0,76.00052065884213,0,0
C0341,2025-05,84.0,76.15473151948919,0,0
C0342,2025-05,69.0,81.67052821193654,0,0
C0343,2025-05,85.0,94.70002126479204,0,0
C0344,2025-05,87.0,89.18994452467138,0,0
C0346,2025-05,63.0,67.58819144265821,0,0
C0347,2025-05,81.0,73.0392488547949,0,0
C0348,2025-05,64.0,90.68774275273054,0,0
C0349,2025-05,72.0,81.24384330423487,0,0
C0350,2025-05,86.0,72.72522363014366,0,0
C0351,2025-05,83.0,91.27676217168457,0,0
C0352,2025-05,56.0,64.72233660526348,0,0
C0353,2025-05,78.0,85.10499892002234,0,0
C0354,2025-05,79.0,68.13099014034228,0,0
C0355,2025-05,79.0,88.09579202392534,0,0
C0356,2025-05,77.0,78.6409661894319,0,0
C0357,2025-05,100.0,87.08226903230471,0,0
C0359,2025-05,76.0,62.75130359796269,0,0
C0360,2025-05,56.0,75.74675938869794,0,0
C0362,2025-05,93.0,78.15231012533178,0,0
C0363,2025-05,100.0,80.22465466787075,0,1
C0364,2025-05,91.0,94.05106810945432,0,0
C0365,2025-05,83.0,71.85226489407675,0,0
C0366,2025-05,92.0,73.53847485746866,0,0
C0367,2025-05,75.0,72.86056208987121,0,0
C0368,2025-05,90.0,87.34804479915402,0,0
C0369,2025-05,85.0,81.20781724521005,0,0
C0370,2025-05,98.0,63.89465667201074,0,0
C0371,2025-05,82.0,100.0,0,0
C0372,2025-05,87.0,89.86629724177561,0,0
C0373,2025-05,77.0,76.00273707831893,0,0
C0374,2025-05,83.0,60.17517868879016,0,0
C0375,2025-05,83.0,81.18749773990415,0,0
C0376,2025-05,88.0,75.86868380562431,0,0
C0377,2025-05,83.0,74.46141409940928,0,0
C0378,2025-05,79.0,85.64305774918381,0,0
C0379,2025-05,74.0,86.52008956866698,0,0
C0380,2025-05,82.0,100.0,0,0
C0381,2025-05,77.0,67.64609288491238,0,0
C0382,2025-05,81.0,90.65911395420024,0,0
C0383,2025-05,67.0,68.88384891113608,0,0
C0384,2025-05,100.0,87.54212389423711,0,0
C0385,2025-05,75.0,81.78699483498639,0,0
C0386,2025-05,100.0,86.11246319876729,0,0
C0387,2025-05,70.0,90.62594050696448,0,0
C0388,2025-05,100.0,68.11787337712245,0,0
C0389,2025-05,91.0,65.90790530549786,0,0
C0390,2025-05,68.0,80.22465466787075,0,1
C0391,2025-05,85.0,60.95580515292898,0,0
C0392,2025-05,82.0,85.49365110578398,1,0
C0393,2025-05,100.0,82.77632093756938,0,0
C0394,2025-05,83.0,66.38461150543353,0,0
C0395,2025-05,94.0,86.58490420861986,0,0
C0396,2025-05,82.0,87.259573035181,0,0
C0398,2025-05,89.0,80.22465466787075,0,1
C0399,2025-05,77.0,76.67271855893486,0,0
C0400,2025-05,84.0,64.621753817779,0,0
C0401,2025-05,94.0,80.22465466787075,0,1
C0402,2025-05,100.0,80.31449572117103,0,0
C0403,2025-05,73.0,96.1393217792659,0,0
C0404,2025-05,77.0,72.45540991834994,0,0
C0405,2025-05,77.0,79.12592044545268,0,0
C0406,2025-05,85.0,82.52804333064434,0,0
C0407,2025-05,81.0,90.28880095385568,0,0
C0408,2025-05,81.0,74.96357656692778,0,0
C0409,2025-05,74.0,85.29534489569441,0,0
C0410,2025-05,68.0,70.76082076222923,0,0
C0411,2025-05,72.0,93.24754991991352,0,0
C0412,2025-05,76.0,56.420224781489175,0,0
C0413,2025-05,88.0,91.34752308130024,0,0
C0415,2025-05,100.0,67.90192662822534,0,0
C0416,2025-05,59.0,100.0,0,0
C0417,2025-05,77.0,75.26280349543667,0,0
C0418,2025-05,82.0,79.22681354673394,0,0
C0419,2025-05,86.0,88.90314647804911,0,0
C0420,2025-05,85.0,85.00766696792965,0,0
C0421,2025-05,79.0,85.43459237848592,0,0
C0422,2025-05,90.0,82.56417167323157,0,0
C0423,2025-05,68.0,73.97423142554064,0,0
C0424,2025-05,97.0,80.22465466787075,0,1
C0425,2025-05,66.0,100.0,0,0
C0426,2025-05,74.0,87.48980392130457,0,0
C0427,2025-05,81.0,77.64926425462485,0,0
C0428,2025-05,91.0,76.42609280213425,0,0
C0429,2025-05,88.0,80.47647859073278,0,0
C0430,2025-05,97.0,69.74419160198485,0,0
C0431,2025-05,77.0,91.19729214595108,0,0
C0432,2025-05,90.0,74.40982902926265,0,0
C0433,2025-05,69.0,83.3611453668604,0,0
C0434,2025-05,90.0,100.0,0,0
C0435,2025-05,86.0,73.06664243802109,0,0
C0436,2025-05,76.0,74.65325325797883,0,0
C0437,2025-05,76.0,84.67387378743808,0,0
C0438,2025-05,96.0,80.22465466787075,0,1
C0439,2025-05,85.0,70.59419673177956,0,0
C0440,2025-05,99.0,87.5180479054,0,0
C0441,2025-05,83.0,86.42599164813394,0,0
C0442,2025-05,92.0,67.77690126562553,0,0
C0443,2025-05,100.0,74.53078814334643,0,0
C0444,2025-05,90.0,91.9465701667042,0,0
C0445,2025-05,98.0,74.44272996177114,0,0
C0446,2025-05,99.0,64.21833499063955,0,0
C0447,2025-05,95.0,76.94594645639555,0,0
C0448,2025-05,85.0,96.3120829201203,0,0
C0449,2025-05,98.0,57.10846317271773,0,0
C0450,2025-05,88.0,81.64594245186863,0,0
C0451,2025-05,82.0,85.1550948200231,0,0
C0452,2025-05,82.0,81.02684846899916,0,0
C0453,2025-05,89.0,64.91509005762347,0,0
C0454,2025-05,87.0,77.42460554082251,0,0
C0455,2025-05,67.0,80.22465466787075,0,1
C0456,2025-05,100.0,100.0,0,0
C0457,2025-05,80.0,66.13058917069829,0,0
C0458,2025-05,89.0,86.65966370912497,0,0
C0459,2025-05,100.0,67.92880112878694,0,0
C0460,2025-05,69.0,87.05241292590276,0,0
C0461,2025-05,92.0,74.95540720940436,0,0
C0462,2025-05,71.0,80.22465466787075,0,1
C0463,2025-05,84.0,94.09656557248258,0,0
C0464,2025-05,97.0,73.94303767299374,0,0
C0465,2025-05,95.0,80.22465466787075,0,1
C0466,2025-05,75.0,70.81347744746608,0,0
C0467,2025-05,64.0,78.83656942953401,0,0
C0468,2025-05,54.0,86.54225022068145,0,0
C0469,2025-05,100.0,61.9376626399863,0,0
C0470,2025-05,56.0,76.213772340223,0,0
C0471,2025-05,81.0,66.00672416669347,0,0
C0472,2025-05,72.0,60.928500054267694,0,0
C0473,2025-05,61.0,96.76593429963232,0,0
C0474,2025-05,71.0,77.88353337155235,0,0
C0475,2025-05,77.0,65.52389037521239,0,0
C0476,2025-05,82.0,76.15809711739425,1,0
C0477,2025-05,86.0,72.10352581216671,0,0
C0478,2025-05,72.0,70.44601350108334,0,0
C0479,2025-05,65.0,85.59119862251433,0,0
C0480,2025-05,97.0,97.83318331099532,0,0
C0481,2025-05,78.0,91.12175655336812,0,0
C0482,2025-05,72.0,66.89150836600056,0,0
C0483,2025-05,96.0,73.71338197410749,0,0
C0484,2025-05,75.0,73.0712759895161,0,0
C0485,2025-05,80.0,83.8349971031378,0,0
C0486,2025-05,89.0,83.47433987656487,0,0
C0487,2025-05,87.0,70.22714053133406,0,0
C0488,2025-05,71.0,83.2418881428081,0,0
C0489,2025-05,71.0,86.45258393353458,0,0
C0490,2025-05,87.0,82.8863538545112,0,0
C0491,2025-05,74.0,73.54848547630473,0,0
C0492,2025-05,84.0,87.49434965197784,0,0
C0493,2025-05,69.0,86.1919852655047,0,0
C0494,2025-05,91.0,80.6886685672526,0,0
C0495,2025-05,99.0,80.22465466787075,0,1
C0496,2025-05,87.0,89.94238377526952,0,0
C0497,2025-05,89.0,100.0,0,0
C0498,2025-05,66.0,81.74777295947719,0,0
C0499,2025-05,60.0,82.74916976843926,0,0
C0500,2025-05,82.0,66.3363562659376,1,0
C0501,2025-05,70.0,87.55231719165498,0,0
C0502,2025-05,84.0,79.14208996952372,0,0
C0503,2025-05,82.0,80.22465466787075,1,1
C0504,2025-05,51.0,63.89889786570826,0,0
C0505,2025-05,88.0,71.60279252401386,0,0
C0506,2025-05,81.0,76.35764882679281,0,0
C0507,2025-05,89.0,67.79268330034306,0,0
C0509,2025-05,75.0,83.5477932032752,0,0
C0510,2025-05,86.0,88.05759598428175,0,0
C0511,2025-05,79.0,79.97098064569919,0,0
C0512,2025-05,99.0,80.22465466787075,0,1
C0513,2025-05,80.0,100.0,0,0
C0514,2025-05,86.0,78.19790908571935,0,0
C0516,2025-05,83.0,80.74502792619005,0,0
C0517,2025-05,89.0,74.30015952034186,0,0
C0518,2025-05,79.0,62.67537864128404,0,0
C0519,2025-05,73.0,78.53229324653043,0,0
C0520,2025-05,71.0,87.38063015420487,0,0
C0521,2025-05,100.0,79.91051950376365,0,0
C0522,2025-05,79.0,73.62677789792961,0,0
C0523,2025-05,100.0,91.60187236501778,0,0
C0524,2025-05,87.0,84.45300758628477,0,0
C0525,2025-05,90.0,100.0,0,0
C0526,2025-05,75.0,86.66312637014292,0,0
C0527,2025-05,96.0,86.54628437881847,0,0
C0528,2025-05,92.0,77.6449806790457,0,0
C0529,2025-05,100.0,88.31177652202324,0,0
C0530,2025-05,72.0,68.27651238542637,0,0
C0531,2025-05,87.0,81.90625313660323,0,0
C0532,2025-05,100.0,79.20256535080392,0,0
C0533,2025-05,74.0,87.77599450936236,0,0
C0534,2025-05,73.0,84.31266662774865,0,0
C0535,2025-05,90.0,82.62393155208677,0,0
C0536,2025-05,81.0,80.22465466787075,0,1
C0537,2025-05,85.0,96.13032696811383,0,0
C0538,2025-05,72.0,95.50366573366564,0,0
C0539,2025-05,83.0,89.8425825773956,0,0
C0540,2025-05,94.0,85.99948176938088,0,0
C0542,2025-05,96.0,84.68377534781767,0,0
C0543,2025-05,61.0,89.99776048293818,0,0
C0544,2025-05,88.0,79.11742711597763,0,0
C0545,2025-05,86.0,81.89382983061307,0,0
C0546,2025-05,83.0,96.9322990311684,0,0
C0547,2025-05,100.0,80.22465466787075,0,1
C0548,2025-05,84.0,88.50403348276168,0,0
C0549,2025-05,77.0,82.01098389227603,0,0
C0550,2025-05,87.0,81.8047646389221,0,0
C0551,2025-05,64.0,72.20621151325268,0,0
C0552,2025-05,78.0,81.7949923056306,0,0
C0553,2025-05,72.0,82.64973856163361,0,0
C0554,2025-05,58.0,84.4085965394424,0,0
C0555,2025-05,74.0,69.20685866690691,0,0
C0556,2025-05,90.0,98.2995993961174,0,0
C0557,2025-05,83.0,78.5374069073442,0,0
C0558,2025-05,97.0,66.75988466460706,0,0
C0559,2025-05,75.0,71.32029514291872,0,0
C0560,2025-05,71.0,69.70535519034723,0,0
C0561,2025-05,86.0,74.29107526693285,0,0
C0562,2025-05,92.0,84.67404256845586,0,0
C0563,2025-05,86.0,91.7838380411718,0,0
C0564,2025-05,81.0,78.06309388373052,0,0
C0565,2025-05,91.0,56.329955194391786,0,0
C0566,2025-05,79.0,66.64620535979094,0,0
C0567,2025-05,90.0,82.8996776081663,0,0
C0568,2025-05,73.0,69.3825311038498,0,0
C0569,2025-05,78.0,77.68810660111015,0,0
C0570,2025-05,79.0,68.04460866504957,0,0
C0571,2025-05,100.0,80.04152138897079,0,0
C0572,2025-05,88.0,77.48795772345885,0,0
C0573,2025-05,55.0,79.89377574507401,0,0
C0574,2025-05,100.0,74.85942342143238,0,0
C0575,2025-05,92.0,64.91804954471235,0,0
C0576,2025-05,99.0,89.84631560659372,0,0
C0577,2025-05,95.0,77.92458588866103,0,0
C0578,2025-05,72.0,89.07733695150375,0,0
C0579,2025-05,75.0,82.82800062208236,0,0
C0580,2025-05,70.0,86.99243537801819,0,0
C0581,2025-05,83.0,76.96755697205396,0,0
C0582,2025-05,61.0,80.57506961516741,0,0
C0583,2025-05,87.0,73.62845971020651,0,0
C0584,2025-05,83.0,80.5131573975706,0,0
C0585,2025-05,74.0,83.43444364461861,0,0
C0586,2025-05,100.0,69.1722587135327,0,0
C0587,2025-05,91.0,82.47473877600629,0,0
C0588,2025-05,44.0,87.09873032897956,0,0
C0589,2025-05,91.0,98.17534496833572,0,0
C0590,2025-05,77.0,80.22465466787075,0,1
C0591,2025-05,79.0,76.6659362115036,0,0
C0592,2025-05,93.0,62.64368383851232,0,0
C0593,2025-05,82.0,75.95252447111085,0,0
C0594,2025-05,78.0,87.099889035959,0,0
C0595,2025-05,67.0,76.93517858094202,0,0
C0596,2025-05,82.0,58.87921094912777,1,0
C0597,2025-05,77.0,78.49512550848058,0,0
C0598,2025-05,87.0,78.26421674226829,0,0
C0599,2025-05,88.0,82.66789733181622,0,0
C0600,2025-05,100.0,94.25795425551448,0,0
C0601,2025-05,71.0,84.90907250826038,0,0
C0602,2025-05,73.0,71.57059266005832,0,0
C0603,2025-05,89.0,79.61038579776694,0,0
C0604,2025-05,72.0,71.55821180457083,0,0
C0605,2025-05,71.0,85.82209236896533,0,0
C0606,2025-05,69.0,80.42316275511652,0,0
C0607,2025-05,100.0,81.7932450090291,0,0
C0608,2025-05,76.0,74.95576595224688,0,0
C0609,2025-05,83.0,80.22465466787075,0,1
C0610,2025-05,71.0,82.13339644923775,0,0
C0611,2025-05,89.0,83.1864743615904,0,0
C0612,2025-05,87.0,93.84392242717252,0,0
C0613,2025-05,85.0,79.37079132269722,0,0
C0614,2025-05,75.0,76.56436309917494,0,0
C0615,2025-05,86.0,98.17587316726512,0,0
C0616,2025-05,83.0,80.22465466787075,0,1
C0618,2025-05,91.0,77.96526277312094,0,0
C0619,2025-05,80.0,80.1253190936923,0,0
C0620,2025-05,89.0,80.22465466787075,0,1
C0621,2025-05,73.0,69.52197386452366,0,0
C0622,2025-05,88.0,80.47931860382812,0,0
C0623,2025-05,71.0,64.50553514558055,0,0
C0624,2025-05,100.0,76.25290025938563,0,0
C0625,2025-05,92.0,77.1473297395361,0,0
C0626,2025-05,69.0,78.8035607723219,0,0
C0627,2025-05,82.0,81.62428879622526,0,0
C0628,2025-05,80.0,74.23423902128054,0,0
C0629,2025-05,85.0,80.17253749648853,0,0
C0631,2025-05,59.0,81.15007344279877,0,0
C0632,2025-05,100.0,80.22465466787075,0,1
C0633,2025-05,82.0,81.50720729470996,0,0
C0634,2025-05,91.0,97.4752272330767,0,0
C0635,2025-05,69.0,83.11985317183758,0,0
C0636,2025-05,93.0,83.73044734728651,0,0
C0637,2025-05,83.0,76.50069322811056,0,0
C0638,2025-05,81.0,75.83393351921833,0,0
C0639,2025-05,69.0,75.73708811694561,0,0
C0640,2025-05,83.0,80.22465466787075,0,1
C0641,2025-05,91.0,86.68176488994335,0,0
C0642,2025-05,83.0,80.57191280313992,0,0
C0643,2025-05,100.0,90.416577808469,0,0
C0644,2025-05,89.0,81.29622839192265,0,0
C0645,2025-05,100.0,71.11151420960785,0,0
C0646,2025-05,74.0,80.8738358105953,0,0
C0647,2025-05,67.0,70.6897293967689,0,0
C0648,2025-05,77.0,74.03538756772562,0,0
C0649,2025-05,74.0,77.62455586523812,0,0
C0650,2025-05,76.0,98.24318660230742,0,0
C0651,2025-05,86.0,89.90654299390272,0,0
C0652,2025-05,87.0,69.87276894495875,0,0
C0653,2025-05,76.0,80.49335580623261,0,0
C0654,2025-05,84.0,91.47737681612392,0,0
C0655,2025-05,70.0,85.35936819126219,0,0
C0656,2025-05,79.0,79.02068803074181,0,0
C0657,2025-05,75.0,62.3281514459872,0,0
C0658,2025-05,72.0,68.18773563279471,0,0
C0659,2025-05,92.0,79.20716171581657,0,0
C0660,2025-05,79.0,92.49319260423296,0,0
C0661,2025-05,88.0,95.90311212537102,0,0
C0662,2025-05,72.0,73.86169367694053,0,0
C0663,2025-05,84.0,90.42753860379896,0,0
C0664,2025-05,88.0,80.22465466787075,0,1
C0665,2025-05,94.0,85.18042462810847,0,0
C0666,2025-05,76.0,56.06192725335859,0,0
C0667,2025-05,69.0,70.0593036865293,0,0
C0668,2025-05,81.0,68.43578924449042,0,0
C0669,2025-05,62.0,63.21535372260671,0,0
C0670,2025-05,90.0,81.60441548577444,0,0
C0671,2025-05,80.0,70.82007998925752,0,0
C0672,2025-05,65.0,69.1233548167016,0,0
C0673,2025-05,76.0,79.4860241980566,0,0
C0674,2025-05,91.0,66.20467075050308,0,0
C0675,2025-05,71.0,68.89002781763718,0,0
C0676,2025-05,91.0,86.1385210380421,0,0
C0677,2025-05,100.0,85.69999521439217,0,0
C0678,2025-05,95.0,91.97386988074425,0,0
C0679,2025-05,86.0,90.49171315647416,0,0
C0680,2025-05,82.0,68.81914079369668,0,0
C0681,2025-05,71.0,79.2726740923707,0,0
C0682,2025-05,93.0,94.8610558483199,0,0
C0683,2025-05,89.0,87.06760134545692,0,0
C0684,2025-05,100.0,69.15283771275313,0,0
C0685,2025-05,85.0,84.66996886184324,0,0
C0686,2025-05,84.0,73.17413757487886,0,0
C0687,2025-05,94.0,75.66630684233544,0,0
C0688,2025-05,96.0,85.42749566326879,0,0
C0689,2025-05,58.0,84.49513973019874,0,0
C0690,2025-05,96.0,76.07829651522279,0,0
C0691,2025-05,90.0,62.34417790115682,0,0
C0692,2025-05,77.0,77.38938040353982,0,0
C0693,2025-05,84.0,79.95323578510914,0,0
C0694,2025-05,94.0,58.94853895276135,0,0
C0695,2025-05,98.0,80.22465466787075,0,1
C0696,2025-05,89.0,71.32183386881601,0,0
C0697,2025-05,87.0,76.1522817736683,0,0
C0698,2025-05,91.0,75.35554562711206,0,0
C0699,2025-05,89.0,60.372543484638456,0,0
C0700,2025-05,100.0,74.96833356481424,0,0
C0701,2025-05,100.0,75.2597308214825,0,0
C0702,2025-05,89.0,82.54755047440207,0,0
C0703,2025-05,72.0,66.27518759840298,0,0
C0704,2025-05,92.0,80.8219277717982,0,0
C0705,2025-05,80.0,69.84858710163,0,0
C0706,2025-05,79.0,83.65216918840858,0,0
C0707,2025-05,71.0,88.64296159604714,0,0
C0708,2025-05,83.0,90.3213674373761,0,0
C0709,2025-05,84.0,99.90233932438248,0,0
C0710,2025-05,100.0,53.348087951147015,0,0
C0711,2025-05,78.0,71.79669313140275,0,0
C0712,2025-05,87.0,90.41890045434286,0,0
C0713,2025-05,93.0,80.22465466787075,0,1
C0714,2025-05,90.0,94.91603093397497,0,0
C0715,2025-05,84.0,82.00635996527195,0,0
C0716,2025-05,100.0,82.46349534721485,0,0
C0717,2025-05,47.0,73.67953262788399,0,0
C0718,2025-05,100.0,92.40625158994884,0,0
C0719,2025-05,56.0,87.21902196275445,0,0
C0720,2025-05,96.0,81.7506254005892,0,0
C0721,2025-05,91.0,80.22465466787075,0,1
C0722,2025-05,85.0,69.55260603974942,0,0
C0723,2025-05,100.0,56.46905049029428,0,0
C0724,2025-05,83.0,89.99435055182565,0,0
C0725,2025-05,89.0,92.90777119154532,0,0
C0726,2025-05,73.0,80.22465466787075,0,1
C0727,2025-05,82.0,79.3424445262037,0,0
C0728,2025-05,99.0,76.87681263504372,0,0
C0729,2025-05,90.0,95.55914889141826,0,0
C0730,2025-05,93.0,81.90598952583049,0,0
C0731,2025-05,83.0,75.30809547261352,0,0
C0732,2025-05,82.0,80.09016790708536,0,0
C0733,2025-05,74.0,81.27658478548238,0,0
C0734,2025-05,83.0,82.65629439139299,0,0
C0735,2025-05,67.0,71.65175966240143,0,0
C0736,2025-05,74.0,69.48760340011343,0,0
C0737,2025-05,73.0,62.91234003514333,0,0
C0738,2025-05,95.0,71.35764883718933,0,0
C0739,2025-05,93.0,85.03592767695845,0,0
C0740,2025-05,95.0,80.22465466787075,0,1
C0741,2025-05,85.0,90.72149578284753,0,0
C0742,2025-05,94.0,50.23123442020309,0,0
C0743,2025-05,90.0,84.27108832672066,0,0
C0744,2025-05,71.0,77.01309573313881,0,0
C0745,2025-05,57.0,79.42294942826196,0,0
C0746,2025-05,75.0,75.89942955654082,0,0
C0747,2025-05,89.0,76.87925414545498,0,0
C0748,2025-05,100.0,80.07450759448103,0,0
C0749,2025-05,93.0,90.88917250347107,0,0
C0750,2025-05,71.0,89.99641572898501,0,0
C0751,2025-05,85.0,66.22268722428163,0,0
C0752,2025-05,90.0,82.54117034024566,0,0
C0753,2025-05,94.0,73.30612243827395,0,0
C0754,2025-05,81.0,81.02823924286763,0,0
C0756,2025-05,96.0,88.03136617954539,0,0
C0757,2025-05,66.0,65.19833185228372,0,0
C0758,2025-05,90.0,85.6349181305443,0,0
C0759,2025-05,74.0,82.58558834024754,0,0
C0760,2025-05,51.0,90.07235802778456,0,0
C0761,2025-05,82.0,75.32041178733989,0,0
C0762,2025-05,81.0,86.43835399558813,0,0
C0763,2025-05,72.0,68.24782728706097,0,0
C0764,2025-05,98.0,73.07907203570885,0,0
C0765,2025-05,62.0,82.56141023172826,0,0
C0766,2025-05,82.0,69.92555753375441,1,0
C0767,2025-05,90.0,84.749165409673,0,0
C0768,2025-05,86.0,58.27913697177684,0,0
C0769,2025-05,81.0,80.58907067715253,0,0
C0770,2025-05,70.0,80.57782059714009,0,0
C0771,2025-05,82.0,77.97241710953168,0,0
C0772,2025-05,91.0,87.97836342353753,0,0
C0773,2025-05,68.0,81.67014809360487,0,0
C0774,2025-05,56.0,75.7346515648274,0,0
C0775,2025-05,75.0,72.74784972434884,0,0
C0776,2025-05,76.0,81.02624947039479,0,0
C0777,2025-05,59.0,79.90453623135335,0,0
C0778,2025-05,72.0,76.88419591308067,0,0
C0780,2025-05,94.0,68.74651601478189,0,0
C0781,2025-05,89.0,78.2649947664775,0,0
C0782,2025-05,86.0,98.4047546111838,0,0
C0783,2025-05,53.0,77.61657877848634,0,0
C0784,2025-05,95.0,72.42599316051886,0,0
C0785,2025-05,65.0,79.0277971519913,0,0
C0786,2025-05,74.0,75.91845351019415,0,0
C0787,2025-05,77.0,76.47180511709938,0,0
C0788,2025-05,83.0,85.10212022268598,0,0
C0789,2025-05,70.0,82.97940273710493,0,0
C0790,2025-05,71.0,60.66572967025712,0,0
C0791,2025-05,93.0,92.36012790826678,0,0
C0792,2025-05,100.0,77.83168980863576,0,0
C0793,2025-05,79.0,73.23455240601947,0,0
C0794,2025-05,92.0,85.45337498572154,0,0
C0795,2025-05,80.0,94.80689911799058,0,0
C0796,2025-05,94.0,89.05443113677224,0,0
C0797,2025-05,88.0,77.7773023188297,0,0
C0798,2025-05,89.0,82.97454850535532,0,0
C0799,2025-05,71.0,79.17165162817787,0,0
C0800,2025-05,75.0,66.1182936260443,0,0
H0001,2025-06,88.0,83.25264563960579,0,0
H0002,2025-06,72.0,82.32743237841275,0,0
H0003,2025-06,70.0,72.0722310373136,0,0
H0004,2025-06,87.0,80.22465466787075,0,1
H0005,2025-06,79.0,74.04870706602708,0,0
H0006,2025-06,100.0,80.0774145410526,0,0
H0007,2025-06,86.0,80.22465466787075,0,1
H0008,2025-06,84.0,96.56407398547746,0,0
H0009,2025-06,87.0,67.75443173527984,0,0
H0010,2025-06,89.0,71.78177985543685,0,0
H0011,2025-06,75.0,80.22465466787075,0,1
H0012,2025-06,74.0,78.47485100776902,0,0
H0013,2025-06,75.0,92.47941860423488,0,0
H0014,2025-06,80.0,87.87470702528108,0,0
H0015,2025-06,70.0,81.52595180718733,0,0
H0016,2025-06,80.0,78.75602165195598,0,0
H0017,2025-06,77.0,77.47314910183239,0,0
H0018,2025-06,91.0,94.44980875233092,0,0
H0019,2025-06,86.0,88.00807155583199,0,0
H0020,2025-06,82.0,63.99423906688424,1,0
H0021,2025-06,93.0,85.8572526984526,0,0
H0022,2025-06,79.0,77.23125082683201,0,0
H0023,2025-06,80.0,63.57783325317308,0,0
H0024,2025-06,49.0,77.19879297246773,0,0
H0026,2025-06,74.0,80.22465466787075,0,1
H0027,2025-06,77.0,66.77159801956168,0,0
H0028,2025-06,90.0,91.07634731795052,0,0
H0029,2025-06,86.0,83.81094666324688,0,0
H0030,2025-06,63.0,85.4402347983023,0,0
H0031,2025-06,72.0,65.59291203921504,0,0
H0032,2025-06,75.0,68.59997903115189,0,0
H0033,2025-06,100.0,86.88801397199745,0,0
H0034,2025-06,80.0,79.84568340119057,0,0
H0035,2025-06,73.0,87.4940633019979,0,0
H0036,2025-06,90.0,82.82744412964402,0,0
H0037,2025-06,70.0,88.43081098475821,0,0
H0038,2025-06,100.0,53.47643458700432,0,0
H0039,2025-06,75.0,74.90095915047357,0,0
H0040,2025-06,85.0,79.4178975669577,0,0
H0041,2025-06,94.0,91.81822542884288,0,0
H0042,2025-06,65.0,76.76283990744855,0,0
H0043,2025-06,56.0,81.9967886653737,0,0
H0044,2025-06,68.0,89.45937726879635,0,0
H0045,2025-06,93.0,69.17763538627125,0,0
H0046,2025-06,77.0,75.43944235768396,0,0
H0047,2025-06,83.0,80.22465466787075,0,1
H0048,2025-06,99.0,76.82248584376055,0,0
H0049,2025-06,64.0,69.51079432883508,0,0
H0050,2025-06,90.0,70.94748904309392,0,0
H0051,2025-06,100.0,93.03959427678592,0,0
H0052,2025-06,99.0,75.63810446576527,0,0
H0053,2025-06,99.0,80.22465466787075,0,1
H0054,2025-06,81.0,77.85316825828426,0,0
H0055,2025-06,89.0,74.34284632357482,0,0
H0056,2025-06,87.0,80.22465466787075,0,1
H0057,2025-06,87.0,93.44176643738878,0,0
H0058,2025-06,70.0,88.95769403364429,0,0
H0059,2025-06,69.0,88.75280638391648,0,0
H0060,2025-06,69.0,80.22465466787075,0,1
H0061,2025-06,84.0,98.04211526645877,0,0
H0062,2025-06,53.0,80.55902381871765,0,0
H0063,2025-06,79.0,78.50438389196476,0,0
H0064,2025-06,91.0,82.106509382169,0,0
H0065,2025-06,100.0,82.21602748300181,0,0
H0066,2025-06,81.0,79.10433552633899,0,0
H0067,2025-06,58.0,78.87599018440129,0,0
H0068,2025-06,97.0,78.30384567099019,0,0
H0069,2025-06,92.0,68.08425199947182,0,0
H0070,2025-06,69.0,68.05386504942898,0,0
H0071,2025-06,85.0,78.8968986427392,0,0
H0072,2025-06,100.0,92.6534632386028,0,0
H0073,2025-06,64.0,68.21789078191858,0,0
H0074,2025-06,100.0,100.0,0,0
H0075,2025-06,87.0,72.20525500221684,0,0
H0076,2025-06,72.0,93.18892974218546,0,0
H0077,2025-06,86.0,83.60816570190651,0,0
H0078,2025-06,73.0,71.47589803208928,0,0
H0079,2025-06,100.0,71.55750746128317,0,0
H0080,2025-06,83.0,80.22465466787075,0,1
H0081,2025-06,94.0,84.2819859207984,0,0
H0082,2025-06,72.0,95.8540892893046,0,0
H0083,2025-06,76.0,80.22465466787075,0,1
H0084,2025-06,64.0,88.1450319730749,0,0
H0085,2025-06,56.0,84.65890782899508,0,0
H0086,2025-06,84.0,80.22465466787075,0,1
H0087,2025-06,76.0,65.68164027317212,0,0
H0088,2025-06,86.0,63.61841914012191,0,0
H0089,2025-06,84.0,85.8742586106063,0,0
H0090,2025-06,76.0,93.28828359881196,0,0
H0091,2025-06,90.0,80.22465466787075,0,1
H0092,2025-06,86.0,59.61962899386784,0,0
H0093,2025-06,85.0,98.0724024736025,0,0
H0094,2025-06,88.0,86.92324421208126,0,0
H0095,2025-06,65.0,78.75665499079714,0,0
H0096,2025-06,78.0,96.49895470000604,0,0
H0097,2025-06,71.0,65.16845013360447,0,0
H0098,2025-06,76.0,76.28055528962024,0,0
H0099,2025-06,72.0,72.50785866189048,0,0
H0100,2025-06,89.0,80.22465466787075,0,1
H0101,2025-06,77.0,84.85806065553763,0,0
H0102,2025-06,68.0,79.92989003950898,0,0
H0103,2025-06,95.0,77.8281819492333,0,0
H0104,2025-06,86.0,94.80124060894452,0,0
H0105,2025-06,72.0,58.27003516671297,0,0
H0106,2025-06,59.0,99.28703687144711,0,0
H0107,2025-06,83.0,80.72090077555774,0,0
H0108,2025-06,76.0,55.61364016573638,0,0
H0109,2025-06,76.0,87.77950688107946,0,0
H0110,2025-06,71.0,79.78282975103767,0,0
H0111,2025-06,88.0,80.22465466787075,0,1
H0112,2025-06,100.0,74.23156800776741,0,0
H0113,2025-06,83.0,81.60801211286541,0,0
H0114,2025-06,76.0,79.75396733141831,0,0
H0115,2025-06,82.0,80.22465466787075,0,1
H0116,2025-06,74.0,70.62543733017546,0,0
H0117,2025-06,91.0,74.67690862574062,0,0
H0118,2025-06,77.0,85.57147869058522,0,0
H0119,2025-06,90.0,82.59894188207917,0,0
H0120,2025-06,88.0,86.50857282594325,0,0
H0121,2025-06,76.0,80.83904249729308,0,0
H0122,2025-06,78.0,81.23194456942548,0,0
H0123,2025-06,71.0,94.45812228745406,0,0
H0124,2025-06,78.0,77.98315033675239,0,0
H0125,2025-06,91.0,97.17805949510716,0,0
H0126,2025-06,83.0,68.66078459571806,0,0
H0127,2025-06,98.0,71.22399509434423,0,0
H0128,2025-06,60.0,80.22465466787075,0,1
H0129,2025-06,74.0,74.0435263372516,0,0
H0130,2025-06,73.0,71.30255006133764,0,0
H0131,2025-06,85.0,70.60432994061092,0,0
H0132,2025-06,99.0,88.52175964352287,0,0
H0133,2025-06,86.0,87.69282548371707,0,0
H0135,2025-06,74.0,78.69726838900955,0,0
H0136,2025-06,91.0,68.21763307819339,0,0
H0137,2025-06,83.0,65.02854206831643,0,0
H0138,2025-06,100.0,76.46001019398892,0,0
H0139,2025-06,82.0,82.09154243844152,0,0
H0140,2025-06,92.0,80.84792499040964,0,0
H0141,2025-06,96.0,88.23459866255655,0,0
H0142,2025-06,56.0,78.18431296653537,0,0
H0143,2025-06,82.0,91.64937677134876,1,0
H0144,2025-06,90.0,80.22465466787075,0,1
H0145,2025-06,66.0,78.02923132051231,0,0
H0146,2025-06,81.0,74.60911893962067,0,0
H0147,2025-06,87.0,82.01404145644665,0,0
H0149,2025-06,67.0,67.02826270536337,0,0
H0150,2025-06,99.0,85.22884822772102,0,0
H0151,2025-06,100.0,96.59441368304611,0,0
H0152,2025-06,81.0,82.6167207066148,0,0
H0153,2025-06,62.0,95.26526914067884,0,0
H0154,2025-06,100.0,70.2712078418892,0,0
H0155,2025-06,87.0,89.95913143737283,0,0
H0156,2025-06,65.0,58.86514406483563,0,0
H0157,2025-06,90.0,86.1296461140576,0,0
H0158,2025-06,90.0,67.88247224791245,0,0
H0159,2025-06,92.0,69.52927878257974,0,0
H0160,2025-06,98.0,58.82914654637917,0,0
H0161,2025-06,100.0,83.6275687675115,0,0
H0163,2025-06,83.0,91.67558336372056,0,0
H0164,2025-06,60.0,87.5402941763048,0,0
H0165,2025-06,85.0,85.35621558939563,0,0
H0166,2025-06,80.0,90.07267107154588,0,0
H0167,2025-06,83.0,80.40517686415168,0,0
H0168,2025-06,63.0,98.63325784004309,0,0
H0169,2025-06,93.0,82.98719451346612,0,0
H0170,2025-06,82.0,83.44445759745516,1,0
H0171,2025-06,73.0,89.72158821270355,0,0
H0173,2025-06,76.0,86.2482580858049,0,0
H0174,2025-06,58.0,75.54292830609165,0,0
H0175,2025-06,67.0,80.30534644165537,0,0
H0176,2025-06,78.0,75.0116752571894,0,0
H0177,2025-06,81.0,82.84490958340629,0,0
H0178,2025-06,83.0,72.19112841402679,0,0
H0179,2025-06,82.0,70.05688014655973,0,0
H0180,2025-06,90.0,70.1073847311931,0,0
H0181,2025-06,77.0,85.16060966091455,0,0
H0182,2025-06,68.0,93.48279824406566,0,0
H0183,2025-06,78.0,85.20953746081227,0,0
H0184,2025-06,69.0,91.7631579994686,0,0
H0185,2025-06,67.0,87.66577958965213,0,0
H0186,2025-06,80.0,77.77192500496429,0,0
H0187,2025-06,90.0,83.54911296093151,0,0
H0188,2025-06,68.0,81.83684003251537,0,0
H0190,2025-06,85.0,73.29512444224537,0,0
H0191,2025-06,99.0,93.76565100663196,0,0
H0192,2025-06,82.0,87.54075517036644,1,0
H0193,2025-06,84.0,68.4142608006821,0,0
H0194,2025-06,57.0,73.58616898372603,0,0
H0195,2025-06,97.0,93.73765946670665,0,0
H0196,2025-06,83.0,81.36302565992334,0,0
H0197,2025-06,88.0,100.0,0,0
H0198,2025-06,76.0,68.48746560573684,0,0
H0199,2025-06,91.0,81.41022437084827,0,0
H0200,2025-06,82.0,100.0,0,0
H0201,2025-06,90.0,83.96652914358545,0,0
H0202,2025-06,60.0,84.6185017825088,0,0
H0203,2025-06,74.0,89.835803602545,0,0
H0204,2025-06,84.0,100.0,0,0
H0205,2025-06,81.0,85.42016722384898,0,0
H0206,2025-06,77.0,72.08253075130483,0,0
H0207,2025-06,87.0,76.0805511110222,0,0
H0208,2025-06,96.0,86.44031842109594,0,0
H0209,2025-06,74.0,80.12127520134835,0,0
H0210,2025-06,96.0,83.39796947619215,0,0
H0211,2025-06,81.0,80.73890939042833,0,0
H0212,2025-06,83.0,67.464960973221,0,0
H0213,2025-06,83.0,78.97886396136677,0,0
H0214,2025-06,55.0,80.22465466787075,0,1
H0215,2025-06,90.0,65.2927380878202,0,0
H0216,2025-06,81.0,95.51260485830836,0,0
H0217,2025-06,80.0,77.68123409044678,0,0
H0218,2025-06,79.0,84.10062269921582,0,0
H0219,2025-06,84.0,81.8097198257785,0,0
H0220,2025-06,89.0,69.43941842798925,0,0
H0221,2025-06,81.0,84.78823046163338,0,0
H0222,2025-06,86.0,71.69816286258042,0,0
H0223,2025-06,68.0,91.23901772259256,0,0
H0224,2025-06,55.0,85.45381771941348,0,0
H0225,2025-06,75.0,84.12401029326163,0,0
H0226,2025-06,99.0,100.0,0,0
H0227,2025-06,86.0,69.59243462184837,0,0
H0228,2025-06,87.0,83.91725704045459,0,0
H0229,2025-06,91.0,89.93318591934732,0,0
H0230,2025-06,72.0,84.9105811430617,0,0
H0231,2025-06,84.0,94.255799323186,0,0
H0232,2025-06,100.0,82.2017804363486,0,0
H0233,2025-06,72.0,80.00061935890461,0,0
H0234,2025-06,100.0,91.91070268770537,0,0
H0235,2025-06,61.0,69.65554083715269,0,0
H0236,2025-06,95.0,100.0,0,0
H0237,2025-06,100.0,80.65020345868346,0,0
H0238,2025-06,87.0,80.22465466787075,0,1
H0239,2025-06,100.0,81.22018092773156,0,0
H0240,2025-06,90.0,66.1847849746188,0,0
H0241,2025-06,62.0,76.86965851863265,0,0
H0242,2025-06,84.0,66.38567302584617,0,0
H0243,2025-06,69.0,78.25307429643604,0,0
H0244,2025-06,97.0,97.81684577938466,0,0
H0245,2025-06,85.0,81.44613228992992,0,0
H0246,2025-06,71.0,76.41645662491283,0,0
H0247,2025-06,78.0,95.50979587860276,0,0
H0248,2025-06,56.0,88.7707470895464,0,0
H0249,2025-06,100.0,91.21300470571008,0,0
H0250,2025-06,81.0,100.0,0,0
H0251,2025-06,78.0,75.49683409129011,0,0
H0252,2025-06,82.0,85.1811361508699,0,0
H0253,2025-06,84.0,70.00269234014644,0,0
H0255,2025-06,79.0,80.22465466787075,0,1
H0256,2025-06,91.0,88.96636756181486,0,0
H0257,2025-06,78.0,71.18066034815506,0,0
H0258,2025-06,86.0,76.24234300327248,0,0
H0259,2025-06,99.0,77.90685990607057,0,0
H0260,2025-06,84.0,78.2701131889698,0,0
H0261,2025-06,92.0,58.822053659646215,0,0
H0262,2025-06,95.0,73.06796528720108,0,0
H0263,2025-06,81.0,86.72564063242149,0,0
H0264,2025-06,70.0,89.17555132341454,0,0
H0265,2025-06,70.0,69.13667313962743,0,0
H0266,2025-06,71.0,78.02535097100207,0,0
H0267,2025-06,78.0,71.92965549910303,0,0
H0268,2025-06,92.0,83.55676466755395,0,0
H0269,2025-06,95.0,81.87465476282958,0,0
H0270,2025-06,89.0,73.8789050748036,0,0
H0271,2025-06,84.0,87.12482654733348,0,0
H0272,2025-06,70.0,79.37609420018987,0,0
H0273,2025-06,89.0,100.0,0,0
H0274,2025-06,85.0,76.6226861823551,0,0
H0275,2025-06,87.0,88.07911592117831,0,0
H0276,2025-06,84.0,93.7945856227598,0,0
H0277,2025-06,75.0,87.21942112054161,0,0
H0278,2025-06,67.0,84.4076950387597,0,0
H0279,2025-06,67.0,83.04918441112171,0,0
H0280,2025-06,72.0,80.22465466787075,0,1
H0281,2025-06,85.0,54.21442600665615,0,0
H0282,2025-06,94.0,83.84429872308306,0,0
H0283,2025-06,86.0,81.22890589940108,0,0
H0284,2025-06,88.0,86.09450769818048,0,0
H0285,2025-06,91.0,76.16333913494965,0,0
H0286,2025-06,85.0,76.9164869461504,0,0
H0287,2025-06,94.0,63.47861895269846,0,0
H0288,2025-06,90.0,79.66408909759659,0,0
H0289,2025-06,87.0,82.29797221246227,0,0
H0291,2025-06,77.0,77.56178206145118,0,0
H0292,2025-06,90.0,84.3615901379915,0,0
H0293,2025-06,78.0,56.42820796117096,0,0
H0294,2025-06,64.0,100.0,0,0
H0295,2025-06,62.0,83.95062669728513,0,0
H0296,2025-06,94.0,77.18690063418951,0,0
H0297,2025-06,89.0,76.21812091335994,0,0
H0298,2025-06,78.0,67.63391109013426,0,0
H0299,2025-06,87.0,84.4292648740236,0,0
H0300,2025-06,74.0,90.34915038257137,0,0
H0301,2025-06,69.0,66.07105580758147,0,0
H0302,2025-06,91.0,92.78102604937922,0,0
H0303,2025-06,75.0,77.88283197646436,0,0
H0304,2025-06,83.0,78.59774839073427,0,0
H0305,2025-06,74.0,100.0,0,0
H0306,2025-06,72.0,78.03475131106197,0,0
H0307,2025-06,100.0,87.87848021547634,0,0
H0308,2025-06,95.0,81.76150358894303,0,0
H0309,2025-06,100.0,63.64132142486713,0,0
H0310,2025-06,81.0,70.51555789287666,0,0
H0311,2025-06,66.0,81.94453662127995,0,0
H0312,2025-06,74.0,77.10286020043883,0,0
H0313,2025-06,71.0,79.54437555803064,0,0
H0314,2025-06,76.0,80.22465466787075,0,1
H0315,2025-06,83.0,61.27448378178943,0,0
H0316,2025-06,82.0,71.36040307202849,1,0
H0317,2025-06,100.0,78.4638358862326,0,0
H0318,2025-06,76.0,73.74755560061325,0,0
H0319,2025-06,62.0,75.55084321676328,0,0
H0320,2025-06,68.0,87.95941669899592,0,0
H0321,2025-06,83.0,76.93546030788626,0,0
H0322,2025-06,46.0,67.7495671286421,0,0
H0323,2025-06,74.0,99.06219184043412,0,0
H0324,2025-06,69.0,87.77468744850513,0,0
H0325,2025-06,82.0,92.16542231163405,1,0
H0326,2025-06,90.0,70.8077951570354,0,0
H0327,2025-06,100.0,77.43502806033615,0,0
H0328,2025-06,84.0,58.31925693326861,0,0
H0329,2025-06,56.0,85.23955026424171,0,0
H0330,2025-06,65.0,94.01149523297968,0,0
H0331,2025-06,97.0,72.32432187992913,0,0
H0332,2025-06,95.0,67.17612275019867,0,0
H0333,2025-06,88.0,66.66991970247118,0,0
H0334,2025-06,75.0,86.61679836955621,0,0
H0335,2025-06,75.0,95.00215836574854,0,0
H0336,2025-06,83.0,92.08747023706788,0,0
H0337,2025-06,100.0,79.90646325334428,0,0
H0338,2025-06,76.0,59.07091311147713,0,0
H0339,2025-06,77.0,98.28213367442883,0,0
H0340,2025-06,82.0,67.86333724150595,1,0
H0341,2025-06,65.0,79.90996857049304,0,0
H0342,2025-06,87.0,84.40799873593271,0,0
H0343,2025-06,82.0,61.55697159888573,0,0
H0344,2025-06,67.0,90.15843502098116,0,0
H0345,2025-06,66.0,93.34571749786744,0,0
H0346,2025-06,78.0,77.57097468812812,0,0
H0347,2025-06,81.0,73.07222580747364,0,0
H0348,2025-06,89.0,89.87794909243075,0,0
H0349,2025-06,79.0,82.5940769434603,0,0
H0350,2025-06,68.0,92.91933903261324,0,0
H0351,2025-06,89.0,85.28352928999634,0,0
H0352,2025-06,94.0,99.79001724612392,0,0
H0353,2025-06,81.0,78.22077809245319,0,0
H0354,2025-06,79.0,75.05965366397034,0,0
H0355,2025-06,69.0,83.55087292808065,0,0
H0356,2025-06,85.0,79.10339992629301,0,0
H0357,2025-06,62.0,80.6646361584261,0,0
H0358,2025-06,70.0,83.61766964964191,0,0
H0359,2025-06,86.0,86.02114069041214,0,0
H0360,2025-06,88.0,71.89348797619397,0,0
H0361,2025-06,76.0,68.73788231689684,0,0
H0362,2025-06,77.0,66.55892188703676,0,0
H0363,2025-06,80.0,86.43087698502,0,0
H0364,2025-06,59.0,87.03262007525161,0,0
H0365,2025-06,79.0,83.00105993979521,0,0
H0366,2025-06,84.0,80.70927773024187,0,0
H0367,2025-06,72.0,80.22465466787075,0,1
H0368,2025-06,57.0,69.23568442992001,0,0
H0369,2025-06,71.0,100.0,0,0
H0370,2025-06,79.0,78.53769188521454,0,0
H0371,2025-06,86.0,85.31999158915191,0,0
H0372,2025-06,91.0,84.73886493929051,0,0
H0373,2025-06,84.0,70.19507477498402,0,0
H0374,2025-06,87.0,89.45696137477694,0,0
H0375,2025-06,94.0,69.23821600713032,0,0
H0376,2025-06,96.0,86.58101584340606,0,0
H0377,2025-06,79.0,82.54012994092933,0,0
H0378,2025-06,64.0,82.20670440819646,0,0
H0379,2025-06,72.0,71.1531321856319,0,0
H0380,2025-06,75.0,82.27449906163393,0,0
H0381,2025-06,80.0,77.03216315737383,0,0
H0382,2025-06,82.0,76.43025050183849,0,0
H0384,2025-06,82.0,83.04442537000979,1,0
H0385,2025-06,76.0,87.60365483721527,0,0
H0386,2025-06,61.0,61.449191061487525,0,0
H0387,2025-06,100.0,63.19766897484436,0,0
H0388,2025-06,100.0,99.62570563867703,0,0
H0389,2025-06,90.0,68.98826951050843,0,0
H0390,2025-06,79.0,88.06797950400316,0,0
H0391,2025-06,67.0,86.22643046284165,0,0
H0392,2025-06,82.0,80.79357224558206,1,0
H0393,2025-06,64.0,79.58262679821671,0,0
H0394,2025-06,76.0,79.25739734898802,0,0
H0395,2025-06,79.0,67.77112259333083,0,0
H0396,2025-06,72.0,90.73215788320212,0,0
H0397,2025-06,90.0,85.59684178024227,0,0
H0398,2025-06,72.0,82.01297286522575,0,0
H0399,2025-06,79.0,88.94181331507369,0,0
H0400,2025-06,100.0,77.83182144134035,0,0
H0401,2025-06,89.0,84.9458689962895,0,0
H0402,2025-06,94.0,71.08733090235711,0,0
H0403,2025-06,76.0,81.77355556425421,0,0
H0404,2025-06,70.0,89.48493001859435,0,0
H0405,2025-06,83.0,81.86301413591417,0,0
H0406,2025-06,74.0,85.33953245751285,0,0
H0407,2025-06,90.0,82.10431172996498,0,0
H0408,2025-06,83.0,84.91205249176974,0,0
H0409,2025-06,99.0,70.09786061368362,0,0
H0410,2025-06,82.0,82.10238322331811,0,0
H0411,2025-06,89.0,75.28682503088517,0,0
H0412,2025-06,95.0,80.70036309622665,0,0
H0413,2025-06,82.0,78.64416725419186,1,0
H0414,2025-06,81.0,72.15443301141117,0,0
H0415,2025-06,100.0,88.6720000240002,0,0
H0416,2025-06,99.0,81.15038467596602,0,0
H0417,2025-06,75.0,73.73796968978799,0,0
H0418,2025-06,100.0,72.46242632810369,0,0
H0419,2025-06,72.0,97.944837375963,0,0
H0420,2025-06,81.0,70.73352300490865,0,0
H0421,2025-06,81.0,84.98635278789645,0,0
H0422,2025-06,90.0,91.11059178146247,0,0
H0423,2025-06,80.0,82.88667277832315,0,0
H0424,2025-06,89.0,58.98390958365099,0,0
H0425,2025-06,72.0,78.6651080390651,0,0
H0426,2025-06,55.0,80.22465466787075,0,1
H0427,2025-06,84.0,89.56866939725285,0,0
H0428,2025-06,62.0,96.10564718239756,0,0
H0429,2025-06,85.0,61.501933277547344,0,0
H0430,2025-06,73.0,84.47177991798509,0,0
H0431,2025-06,72.0,77.14199417473522,0,0
H0432,2025-06,80.0,84.72090347733344,0,0
H0433,2025-06,82.0,95.91905601703704,0,0
H0434,2025-06,84.0,78.45539982871274,0,0
H0435,2025-06,57.0,75.72162040817605,0,0
H0436,2025-06,72.0,83.74746262783724,0,0
H0437,2025-06,92.0,76.15353158260443,0,0
H0438,2025-06,82.0,85.8346648868317,0,0
H0439,2025-06,93.0,80.22465466787075,0,1
H0440,2025-06,100.0,78.53125643689559,0,0
H0441,2025-06,90.0,80.22465466787075,0,1
H0442,2025-06,88.0,88.02511596707072,0,0
H0443,2025-06,87.0,93.72533073862216,0,0
H0444,2025-06,72.0,84.32743050259272,0,0
H0445,2025-06,90.0,83.49218524975544,0,0
H0446,2025-06,79.0,50.77712536874777,0,0
H0447,2025-06,85.0,75.7848857827234,0,0
H0448,2025-06,77.0,89.75526675484363,0,0
H0449,2025-06,97.0,80.22465466787075,0,1
H0450,2025-06,75.0,84.13565935325906,0,0
H0452,2025-06,70.0,76.53339187095048,0,0
H0453,2025-06,82.0,64.49483224870683,0,0
H0454,2025-06,70.0,64.04495154294482,0,0
H0455,2025-06,92.0,69.55059718110638,0,0
H0456,2025-06,79.0,89.29417953529398,0,0
H0457,2025-06,88.0,93.79643189050016,0,0
H0458,2025-06,82.0,78.62669562797238,0,0
H0459,2025-06,96.0,80.22465466787075,0,1
H0460,2025-06,82.0,89.2041921424412,0,0
H0461,2025-06,74.0,90.14289932954183,0,0
H0462,2025-06,80.0,73.07951460823888,0,0
H0463,2025-06,90.0,77.00392127643528,0,0
H0464,2025-06,68.0,76.99152711552111,0,0
H0465,2025-06,88.0,86.4088675245193,0,0
H0466,2025-06,88.0,67.52275063549601,0,0
H0467,2025-06,80.0,79.19592271348684,0,0
H0468,2025-06,74.0,65.18384453085824,0,0
H0469,2025-06,83.0,84.26887669082241,0,0
H0470,2025-06,92.0,68.2152072639754,0,0
H0471,2025-06,72.0,67.54301449300408,0,0
H0472,2025-06,89.0,56.60608965129386,0,0
H0473,2025-06,95.0,80.22465466787075,0,1
H0474,2025-06,88.0,80.66670640607205,0,0
H0475,2025-06,86.0,84.3592428423406,0,0
H0476,2025-06,93.0,69.20545802265467,0,0
H0477,2025-06,81.0,83.30224395238129,0,0
H0478,2025-06,74.0,74.31688016557554,0,0
H0479,2025-06,100.0,69.85784706658961,0,0
H0480,2025-06,98.0,77.96817680754553,0,0
H0481,2025-06,81.0,71.1643921573369,0,0
H0482,2025-06,86.0,82.1313874348047,0,0
H0483,2025-06,100.0,53.69969225744318,0,0
H0484,2025-06,68.0,91.9144380104281,0,0
H0485,2025-06,81.0,85.28503663653625,0,0
H0486,2025-06,75.0,85.53582658303007,0,0
H0487,2025-06,86.0,80.84638490327119,0,0
H0488,2025-06,79.0,81.43255685243054,0,0
H0489,2025-06,100.0,82.91690701916808,0,0
H0490,2025-06,77.0,72.41899767579284,0,0
H0491,2025-06,74.0,80.22465466787075,0,1
H0492,2025-06,72.0,86.39716222904381,0,0
H0493,2025-06,82.0,62.92692911278719,0,0
H0494,2025-06,64.0,77.98917746947777,0,0
H0495,2025-06,88.0,79.14639365909694,0,0
H0496,2025-06,100.0,76.82425997042735,0,0
H0497,2025-06,68.0,78.24972542936672,0,0
H0498,2025-06,85.0,62.58807607231607,0,0
H0499,2025-06,78.0,100.0,0,0
H0500,2025-06,73.0,69.56309667054045,0,0
H0501,2025-06,71.0,74.94973000191845,0,0
H0502,2025-06,85.0,71.6354653665208,0,0
H0503,2025-06,76.0,92.07790349311443,0,0
H0504,2025-06,69.0,89.29279594883702,0,0
H0505,2025-06,93.0,85.82918344195991,0,0
H0506,2025-06,82.0,72.3513561111056,0,0
H0507,2025-06,89.0,85.92619218404849,0,0
H0508,2025-06,100.0,84.75575206707133,0,0
H0509,2025-06,87.0,93.22740724676063,0,0
H0510,2025-06,83.0,93.17551404801011,0,0
H0511,2025-06,77.0,87.2494878106655,0,0
H0512,2025-06,89.0,79.30799976272418,0,0
H0513,2025-06,93.0,73.00126316355386,0,0
H0514,2025-06,98.0,80.22465466787075,0,1
H0515,2025-06,62.0,70.282733715985,0,0
H0516,2025-06,90.0,84.129004172917,0,0
H0517,2025-06,90.0,100.0,0,0
H0518,2025-06,100.0,100.0,0,0
H0519,2025-06,90.0,87.92515047121748,0,0
H0520,2025-06,70.0,89.78569441603125,0,0
H0521,2025-06,79.0,68.0315455238047,0,0
H0522,2025-06,85.0,74.05893902936914,0,0
H0523,2025-06,76.0,64.7429960526444,0,0
H0524,2025-06,63.0,79.80919501530428,0,0
H0525,2025-06,89.0,81.47710424177757,0,0
H0526,2025-06,57.0,74.49083605123339,0,0
H0527,2025-06,74.0,74.9119397400294,0,0
H0528,2025-06,89.0,85.6702719960239,0,0
H0529,2025-06,81.0,95.85976261695282,0,0
H0530,2025-06,72.0,99.91503345499268,0,0
H0531,2025-06,86.0,87.79742780134559,0,0
H0532,2025-06,77.0,86.09623681965657,0,0
H0533,2025-06,93.0,91.26616564802936,0,0
H0534,2025-06,52.0,85.73205860709096,0,0
H0535,2025-06,96.0,77.70347136145638,0,0
H0536,2025-06,75.0,76.73774370806628,0,0
H0537,2025-06,73.0,73.00582710040597,0,0
H0538,2025-06,71.0,69.11737795524063,0,0
H0539,2025-06,88.0,85.38365658989589,0,0
H0540,2025-06,90.0,82.32090817792991,0,0
H0541,2025-06,95.0,68.57426112705335,0,0
H0542,2025-06,83.0,89.5957371146395,0,0
H0543,2025-06,100.0,70.71564951932031,0,0
H0544,2025-06,91.0,65.31362125553642,0,0
H0545,2025-06,73.0,67.26058686638677,0,0
H0546,2025-06,74.0,86.92609208535094,0,0
H0547,2025-06,98.0,79.02256543634338,0,0
H0548,2025-06,78.0,55.4979966300366,0,0
H0549,2025-06,77.0,77.41312007028408,0,0
H0550,2025-06,93.0,66.79215735861021,0,0
H0551,2025-06,92.0,52.23202152171171,0,0
H0552,2025-06,85.0,83.0347143416666,0,0
H0553,2025-06,89.0,78.62972334709234,0,0
H0554,2025-06,71.0,92.28501360354755,0,0
H0555,2025-06,65.0,78.75392270966135,0,0
H0556,2025-06,75.0,87.79528650015457,0,0
H0558,2025-06,77.0,79.10264457404139,0,0
H0559,2025-06,98.0,87.23471424670917,0,0
H0561,2025-06,66.0,79.50201299837715,0,0
H0562,2025-06,71.0,91.12380345843027,0,0
H0563,2025-06,67.0,96.94561913254564,0,0
H0564,2025-06,85.0,77.90535653677024,0,0
H0565,2025-06,88.0,71.33861945037978,0,0
H0566,2025-06,90.0,85.9720723549253,0,0
H0567,2025-06,70.0,88.299330949798,0,0
H0568,2025-06,93.0,76.51588375174371,0,0
H0569,2025-06,96.0,68.61984866874116,0,0
H0570,2025-06,79.0,75.10596859585299,0,0
H0571,2025-06,88.0,86.86875681991859,0,0
H0572,2025-06,73.0,74.63573347189181,0,0
H0574,2025-06,88.0,80.63745234422414,0,0
H0575,2025-06,87.0,85.15384872720074,0,0
H0576,2025-06,63.0,89.57522999124788,0,0
H0577,2025-06,76.0,97.97625249815556,0,0
H0578,2025-06,86.0,84.35609267599794,0,0
H0579,2025-06,84.0,92.84617907343926,0,0
H0580,2025-06,89.0,78.57029313860455,0,0
H0581,2025-06,83.0,75.00672834360378,0,0
H0582,2025-06,69.0,80.22465466787075,0,1
H0583,2025-06,100.0,78.28306615329416,0,0
H0584,2025-06,90.0,97.71991510556788,0,0
H0585,2025-06,69.0,66.46946235114444,0,0
H0586,2025-06,86.0,100.0,0,0
H0587,2025-06,87.0,71.7515450183454,0,0
H0588,2025-06,76.0,89.68447330768352,0,0
H0589,2025-06,74.0,89.61080910383158,0,0
H0590,2025-06,85.0,83.8205231144482,0,0
H0591,2025-06,48.0,88.86060389423328,0,0
H0592,2025-06,87.0,79.7138494078671,0,0
H0593,2025-06,80.0,72.85321546926446,0,0
H0594,2025-06,85.0,64.916948681684,0,0
H0596,2025-06,85.0,85.69282077361504,0,0
H0597,2025-06,75.0,72.74462889090267,0,0
H0598,2025-06,64.0,49.30634788183198,0,0
H0599,2025-06,86.0,84.24389736340842,0,0
H0600,2025-06,69.0,85.65736206771425,0,0
C0002,2025-06,94.0,65.88338129136086,0,0
C0004,2025-06,70.0,68.87944802051152,0,0
C0005,2025-06,80.0,70.90558983514879,0,0
C0006,2025-06,83.0,77.95315879497228,0,0
C0007,2025-06,79.0,66.97805177419205,0,0
C0008,2025-06,76.0,72.4098931051097,0,0
C0009,2025-06,84.0,74.79223164630169,0,0
C0010,2025-06,89.0,90.9164511145992,0,0
C0011,2025-06,84.0,93.42054973319244,0,0
C0012,2025-06,87.0,79.40140695740587,0,0
C0013,2025-06,89.0,77.59999820606416,0,0
C0014,2025-06,69.0,80.09283683510598,0,0
C0015,2025-06,85.0,87.94979763968901,0,0
C0016,2025-06,71.0,71.68433054772254,0,0
C0017,2025-06,95.0,72.03537581604026,0,0
C0018,2025-06,95.0,76.41535679526679,0,0
C0019,2025-06,84.0,86.94477655417859,0,0
C0020,2025-06,81.0,81.77274504589955,0,0
C0021,2025-06,89.0,80.63500431155826,0,0
C0022,2025-06,84.0,79.55726285529283,0,0
C0023,2025-06,90.0,99.58182625628184,0,0
C0024,2025-06,64.0,83.28912230337504,0,0
C0025,2025-06,88.0,79.16358968638603,0,0
C0026,2025-06,73.0,85.00090870543085,0,0
C0027,2025-06,83.0,70.23731774925929,0,0
C0028,2025-06,91.0,77.49657726599867,0,0
C0029,2025-06,88.0,94.64044288138552,0,0
C0030,2025-06,60.0,86.37748120482887,0,0
C0031,2025-06,75.0,90.34307644517814,0,0
C0032,2025-06,89.0,77.84638533794644,0,0
C0033,2025-06,75.0,92.1255379347375,0,0
C0035,2025-06,100.0,62.755505912210594,0,0
C0036,2025-06,75.0,76.66494500134434,0,0
C0037,2025-06,95.0,74.28136038437401,0,0
C0038,2025-06,63.0,92.79955177491064,0,0
C0039,2025-06,82.0,69.69718724472156,0,0
C0040,2025-06,76.0,89.80641371207732,0,0
C0041,2025-06,96.0,82.11637831723739,0,0
C0042,2025-06,85.0,73.42107037355329,0,0
C0043,2025-06,88.0,88.27704314212393,0,0
C0044,2025-06,68.0,79.98713126098164,0,0
C0045,2025-06,97.0,82.94232030252437,0,0
C0046,2025-06,83.0,83.16235418247716,0,0
C0047,2025-06,96.0,92.80929886366025,0,0
C0048,2025-06,68.0,85.35840502409735,0,0
C0051,2025-06,82.0,51.395777491460265,0,0
C0052,2025-06,100.0,90.26606499803412,0,0
C0053,2025-06,89.0,71.6713692822839,0,0
C0054,2025-06,79.0,97.4271030809956,0,0
C0055,2025-06,66.0,82.43815979518881,0,0
C0056,2025-06,92.0,81.24850620317537,0,0
C0057,2025-06,64.0,82.55669765073122,0,0
C0058,2025-06,83.0,76.15601793940688,0,0
C0059,2025-06,56.0,80.22465466787075,0,1
C0060,2025-06,65.0,89.22291703072905,0,0
C0061,2025-06,97.0,66.88869229044373,0,0
C0062,2025-06,100.0,83.59855291022664,0,0
C0063,2025-06,100.0,82.55030117756655,0,0
C0064,2025-06,89.0,88.80149870084972,0,0
C0065,2025-06,80.0,70.213147778166,0,0
C0066,2025-06,71.0,92.18161231316084,0,0
C0067,2025-06,75.0,84.69950075795076,0,0
C0068,2025-06,81.0,74.59391700508223,0,0
C0069,2025-06,64.0,82.12890350128606,0,0
C0070,2025-06,89.0,84.43158835773167,0,0
C0071,2025-06,94.0,91.27831280924812,0,0
C0072,2025-06,60.0,77.58891330496611,0,0
C0073,2025-06,88.0,89.1042195558604,0,0
C0074,2025-06,74.0,83.84821129718168,0,0
C0075,2025-06,84.0,88.28351731826767,0,0
C0076,2025-06,96.0,98.48204377900392,0,0
C0077,2025-06,97.0,77.85242028549919,0,0
C0078,2025-06,91.0,68.78071176582961,0,0
C0079,2025-06,87.0,80.22465466787075,0,1
C0080,2025-06,58.0,85.71115692871061,0,0
C0081,2025-06,83.0,71.3526408766264,0,0
C0082,2025-06,74.0,78.33096117474145,0,0
C0083,2025-06,74.0,76.3697881036484,0,0
C0084,2025-06,88.0,69.414090339491,0,0
C0085,2025-06,84.0,77.09616156999095,0,0
C0086,2025-06,71.0,100.0,0,0
C0088,2025-06,69.0,53.3355544601777,0,0
C0089,2025-06,100.0,84.94430957269103,0,0
C0090,2025-06,91.0,93.37823153066148,0,0
C0091,2025-06,81.0,85.90943737032987,0,0
C0092,2025-06,66.0,62.136910020238346,0,0
C0093,2025-06,70.0,85.27351346149288,0,0
C0094,2025-06,81.0,65.61794430670764,0,0
C0095,2025-06,76.0,84.96905741196784,0,0
C0096,2025-06,88.0,87.17732883724901,0,0
C0097,2025-06,49.0,80.0262570093794,0,0
C0098,2025-06,72.0,76.44928530415305,0,0
C0099,2025-06,100.0,84.35805891832933,0,0
C0100,2025-06,100.0,78.60008660600681,0,0
C0101,2025-06,91.0,63.7287433921153,0,0
C0102,2025-06,95.0,69.54742603804013,0,0
C0103,2025-06,86.0,64.75831642938768,0,0
C0104,2025-06,46.0,73.02797435490277,0,0
C0105,2025-06,94.0,73.33818103932231,0,0
C0106,2025-06,100.0,77.20473512786027,0,0
C0107,2025-06,81.0,100.0,0,0
C0108,2025-06,71.0,86.70395706231822,0,0
C0109,2025-06,86.0,78.47441994218006,0,0
C0110,2025-06,83.0,85.10214088477825,0,0
C0111,2025-06,97.0,91.22044876097934,0,0
C0112,2025-06,88.0,84.05975574296252,0,0
C0113,2025-06,82.0,77.57666517052684,0,0
C0114,2025-06,100.0,81.1056872970746,0,0
C0115,2025-06,93.0,88.4515818611194,0,0
C0116,2025-06,78.0,100.0,0,0
C0117,2025-06,66.0,82.63042656036211,0,0
C0118,2025-06,86.0,77.66031562219418,0,0
C0119,2025-06,95.0,86.3040769768181,0,0
C0120,2025-06,80.0,86.28167197433443,0,0
C0122,2025-06,70.0,83.05298659522205,0,0
C0123,2025-06,83.0,65.7977256311381,0,0
C0124,2025-06,87.0,89.41228942228284,0,0
C0125,2025-06,77.0,80.22465466787075,0,1
C0126,2025-06,83.0,87.62544687230987,0,0
C0127,2025-06,76.0,100.0,0,0
C0128,2025-06,89.0,73.97482366163548,0,0
C0129,2025-06,73.0,87.55068582795451,0,0
C0130,2025-06,59.0,76.8306850106299,0,0
C0131,2025-06,86.0,87.23805732867962,0,0
C0132,2025-06,68.0,66.33313435362115,0,0
C0133,2025-06,73.0,68.0150753978385,0,0
C0134,2025-06,78.0,83.94084905448614,0,0
C0135,2025-06,59.0,93.97512150488656,0,0
C0136,2025-06,66.0,89.77602188933672,0,0
C0137,2025-06,92.0,77.32108254533891,0,0
C0138,2025-06,76.0,64.01171898184461,0,0
C0139,2025-06,100.0,94.67158269594252,0,0
C0140,2025-06,88.0,87.50898268202731,0,0
C0141,2025-06,96.0,89.29283082681728,0,0
C0142,2025-06,88.0,85.6225446651954,0,0
C0143,2025-06,72.0,84.96538929116203,0,0
C0145,2025-06,78.0,74.99605691676042,0,0
C0146,2025-06,100.0,79.54147501341498,0,0
C0147,2025-06,71.0,77.32575906159342,0,0
C0148,2025-06,81.0,69.15726893018521,0,0
C0149,2025-06,81.0,66.94782656123772,0,0
C0150,2025-06,92.0,69.18734918291301,0,0
C0151,2025-06,94.0,85.36829584412992,0,0
C0152,2025-06,96.0,93.08230780784427,0,0
C0153,2025-06,81.0,91.2996255162674,0,0
C0154,2025-06,100.0,86.62428024052336,0,0
C0155,2025-06,100.0,86.96305838189254,0,0
C0156,2025-06,69.0,77.88386850720917,0,0
C0158,2025-06,80.0,77.67596875040832,0,0
C0159,2025-06,88.0,94.13584999459177,0,0
C0160,2025-06,93.0,98.311597276105,0,0
C0161,2025-06,96.0,79.06984558867909,0,0
C0162,2025-06,83.0,74.36275182224135,0,0
C0163,2025-06,85.0,72.13911576284794,0,0
C0164,2025-06,65.0,95.262167134544,0,0
C0165,2025-06,72.0,64.99100796717957,0,0
C0166,2025-06,86.0,83.75961010048621,0,0
C0167,2025-06,83.0,83.96381253616848,0,0
C0168,2025-06,70.0,76.05816708111203,0,0
C0169,2025-06,83.0,93.83649175320068,0,0
C0170,2025-06,87.0,82.12515660946232,0,0
C0171,2025-06,72.0,68.63629460413318,0,0
C0172,2025-06,84.0,80.90073078036058,0,0
C0173,2025-06,77.0,68.48798610430956,0,0
C0174,2025-06,98.0,85.34687110200674,0,0
C0176,2025-06,43.0,91.48030426926536,0,0
C0177,2025-06,92.0,87.76813369295351,0,0
C0178,2025-06,78.0,83.2821166588249,0,0
C0179,2025-06,72.0,75.57179920454747,0,0
C0180,2025-06,77.0,72.73946072595996,0,0
C0181,2025-06,83.0,69.84041990255876,0,0
C0182,2025-06,83.0,80.22465466787075,0,1
C0183,2025-06,81.0,64.9230538139296,0,0
C0184,2025-06,71.0,83.11551189920365,0,0
C0185,2025-06,83.0,72.52800899678566,0,0
C0186,2025-06,87.0,82.92185412723644,0,0
C0187,2025-06,85.0,67.26543830457474,0,0
C0188,2025-06,94.0,76.23494597812737,0,0
C0189,2025-06,96.0,59.22628059180799,0,0
C0190,2025-06,100.0,71.82663662287365,0,0
C0191,2025-06,80.0,70.76795448339064,0,0
C0192,2025-06,100.0,75.88833220163436,0,0
C0193,2025-06,100.0,79.83954121039848,0,0
C0194,2025-06,73.0,79.08455536924677,0,0
C0195,2025-06,76.0,84.76748174290086,0,0
C0196,2025-06,69.0,69.86461594656578,0,0
C0198,2025-06,80.0,76.17478829825427,0,0
C0199,2025-06,61.0,93.0108215404076,0,0
C0202,2025-06,73.0,97.52153914342551,0,0
C0203,2025-06,100.0,89.87909004340707,0,0
C0204,2025-06,68.0,87.91680643281325,0,0
C0205,2025-06,79.0,81.8495050683868,0,0
C0206,2025-06,64.0,85.75968884306505,0,0
C0207,2025-06,88.0,73.6155187875591,0,0
C0208,2025-06,66.0,69.75883993690891,0,0
C0209,2025-06,88.0,87.57447934158215,0,0
C0210,2025-06,76.0,90.16977895515164,0,0
C0211,2025-06,100.0,80.94696709513676,0,0
C0212,2025-06,90.0,67.02280964495978,0,0
C0213,2025-06,99.0,79.29409610306482,0,0
C0214,2025-06,68.0,79.1849558336471,0,0
C0215,2025-06,92.0,65.25602035102067,0,0
C0216,2025-06,74.0,87.5305961660253,0,0
C0218,2025-06,100.0,89.06152971922477,0,0
C0219,2025-06,83.0,100.0,0,0
C0220,2025-06,86.0,75.42054594809139,0,0
C0221,2025-06,81.0,82.6466960688758,0,0
C0222,2025-06,64.0,65.68337904260548,0,0
C0223,2025-06,67.0,88.99859267166035,0,0
C0224,2025-06,78.0,75.4136709757884,0,0
C0225,2025-06,65.0,73.92950379410556,0,0
C0226,2025-06,94.0,72.3707540627587,0,0
C0228,2025-06,100.0,83.62025431808283,0,0
C0229,2025-06,82.0,81.80155696663921,1,0
C0230,2025-06,84.0,86.42147694972603,0,0
C0231,2025-06,100.0,80.22465466787075,0,1
C0232,2025-06,74.0,73.38388980642421,0,0
C0233,2025-06,79.0,98.01848074000448,0,0
C0234,2025-06,77.0,84.3591002174512,0,0
C0235,2025-06,71.0,69.17529356952944,0,0
C0236,2025-06,78.0,73.35210177512353,0,0
C0237,2025-06,75.0,87.46721349587436,0,0
C0238,2025-06,79.0,78.65254742941816,0,0
C0239,2025-06,92.0,83.75058328624468,0,0
C0240,2025-06,74.0,68.51275668973544,0,0
C0241,2025-06,82.0,94.69362738505636,1,0
C0242,2025-06,100.0,67.50912295236454,0,0
C0243,2025-06,100.0,80.7200032552894,0,0
C0244,2025-06,68.0,80.83945198735685,0,0
C0245,2025-06,71.0,84.7567515745984,0,0
C0247,2025-06,75.0,100.0,0,0
C0248,2025-06,75.0,80.30512959061126,0,0
C0249,2025-06,89.0,84.40832914800704,0,0
C0250,2025-06,98.0,77.86806088960586,0,0
C0251,2025-06,63.0,80.06930190877608,0,0
C0252,2025-06,81.0,77.02337507191704,0,0
C0253,2025-06,91.0,80.22465466787075,0,1
C0254,2025-06,72.0,84.76952764674654,0,0
C0255,2025-06,82.0,77.23432175813953,0,0
C0256,2025-06,79.0,73.86339433754158,0,0
C0257,2025-06,66.0,82.28671641182008,0,0
C0258,2025-06,46.0,82.00196087502967,0,0
C0259,2025-06,80.0,73.68565613506794,0,0
C0260,2025-06,78.0,65.26967689804451,0,0
C0261,2025-06,75.0,71.16579131210143,0,0
C0262,2025-06,66.0,79.46359191674554,0,0
C0263,2025-06,91.0,66.63289386179589,0,0
C0264,2025-06,74.0,100.0,0,0
C0265,2025-06,72.0,72.64296289968688,0,0
C0266,2025-06,83.0,81.29898767654649,0,0
C0267,2025-06,89.0,86.84931888138011,0,0
C0268,2025-06,84.0,97.8409704771672,0,0
C0269,2025-06,92.0,77.98447726349106,0,0
C0270,2025-06,84.0,66.72758664403432,0,0
C0272,2025-06,94.0,86.50202527227168,0,0
C0273,2025-06,82.0,82.11731815472773,0,0
C0274,2025-06,72.0,71.6345805557152,0,0
C0275,2025-06,65.0,72.54154413145463,0,0
C0276,2025-06,82.0,76.46566557693299,0,0
C0277,2025-06,76.0,85.20737671153454,0,0
C0278,2025-06,93.0,73.46239240676978,0,0
C0279,2025-06,73.0,87.78246182959185,0,0
C0280,2025-06,85.0,80.81603233779364,0,0
C0281,2025-06,81.0,68.97923541080516,0,0
C0282,2025-06,83.0,84.19800491960378,0,0
C0283,2025-06,83.0,80.22465466787075,0,1
C0284,2025-06,91.0,65.39446359451249,0,0
C0285,2025-06,85.0,79.15283489318148,0,0
C0286,2025-06,77.0,63.57879525756001,0,0
C0287,2025-06,66.0,82.62838754641767,0,0
C0288,2025-06,90.0,80.32271924704365,0,0
C0290,2025-06,78.0,66.8728757847954,0,0
C0291,2025-06,77.0,88.24230107058708,0,0
C0292,2025-06,69.0,80.22465466787075,0,1
C0293,2025-06,71.0,81.84761074792726,0,0
C0294,2025-06,82.0,89.36540897138237,0,0
C0295,2025-06,76.0,86.41483899811631,0,0
C0296,2025-06,69.0,73.28830526708889,0,0
C0297,2025-06,88.0,69.34250151736735,0,0
C0298,2025-06,96.0,85.15860348480155,0,0
C0299,2025-06,86.0,82.94014731200211,0,0
C0300,2025-06,83.0,58.8046666909667,0,0
C0301,2025-06,52.0,63.35281392888996,0,0
C0302,2025-06,76.0,80.0329192647596,0,0
C0303,2025-06,91.0,79.77072335341155,0,0
C0304,2025-06,80.0,82.76168220923492,0,0
C0305,2025-06,86.0,67.30225167749019,0,0
C0306,2025-06,91.0,92.92029812534555,0,0
C0307,2025-06,95.0,81.11986384256527,0,0
C0308,2025-06,90.0,78.34261747698083,0,0
C0309,2025-06,98.0,80.04795393633063,0,0
C0310,2025-06,76.0,90.4915940851446,0,0
C0311,2025-06,84.0,82.62876261567072,0,0
C0312,2025-06,79.0,81.0027557502056,0,0
C0313,2025-06,66.0,62.02353874166499,0,0
C0314,2025-06,82.0,67.78207980698522,1,0
C0315,2025-06,81.0,90.55608203933312,0,0
C0316,2025-06,86.0,68.76731742597933,0,0
C0317,2025-06,93.0,74.7599910478436,0,0
C0318,2025-06,69.0,63.45741969360196,0,0
C0319,2025-06,100.0,67.23067659074387,0,0
C0320,2025-06,68.0,76.71287325399548,0,0
C0321,2025-06,83.0,100.0,0,0
C0322,2025-06,77.0,94.18533884735989,0,0
C0323,2025-06,64.0,79.70705384678436,0,0
C0324,2025-06,89.0,74.40978855814896,0,0
C0325,2025-06,83.0,82.90184890341695,0,0
C0326,2025-06,94.0,89.54649496842984,0,0
C0327,2025-06,61.0,78.85162135623155,0,0
C0328,2025-06,63.0,64.24731228076811,0,0
C0329,2025-06,77.0,76.43387615356377,0,0
C0330,2025-06,95.0,82.84096915585567,0,0
C0331,2025-06,86.0,64.47166453328589,0,0
C0332,2025-06,74.0,72.59006801815933,0,0
C0333,2025-06,83.0,85.95513510832362,0,0
C0335,2025-06,84.0,75.77260496312168,0,0
C0336,2025-06,81.0,70.16915281671022,0,0
C0337,2025-06,76.0,65.955033644628,0,0
C0338,2025-06,79.0,80.22465466787075,0,1
C0339,2025-06,78.0,87.91480485041504,0,0
C0340,2025-06,94.0,87.47372732490707,0,0
C0341,2025-06,64.0,82.5475692601824,0,0
C0342,2025-06,85.0,77.204104177492,0,0
C0343,2025-06,87.0,69.93887943810489,0,0
C0344,2025-06,80.0,74.3622574914221,0,0
C0346,2025-06,83.0,77.18789264663435,0,0
C0347,2025-06,88.0,80.22465466787075,0,1
C0348,2025-06,78.0,82.01390899405455,0,0
C0349,2025-06,100.0,87.49944847424248,0,0
C0350,2025-06,67.0,77.29953296860285,0,0
C0351,2025-06,68.0,81.18818657106614,0,0
C0352,2025-06,62.0,98.72349028665042,0,0
C0353,2025-06,100.0,87.93293730869657,0,0
C0354,2025-06,95.0,93.73644981647784,0,0
C0355,2025-06,95.0,90.56459131369397,0,0
C0356,2025-06,58.0,93.63524135732098,0,0
C0357,2025-06,97.0,79.23002199796444,0,0
C0359,2025-06,74.0,80.09701025962292,0,0
C0360,2025-06,86.0,90.01397096542267,0,0
C0362,2025-06,49.0,89.65956370524714,0,0
C0363,2025-06,88.0,57.74930504621527,0,0
C0364,2025-06,93.0,81.49639827358504,0,0
C0365,2025-06,69.0,76.27038805919533,0,0
C0366,2025-06,100.0,70.74182959171837,0,0
C0367,2025-06,80.0,80.6049482508367,0,0
C0368,2025-06,69.0,70.30105318547214,0,0
C0369,2025-06,94.0,81.6224714454622,0,0
C0370,2025-06,100.0,70.09990592717051,0,0
C0371,2025-06,79.0,68.21426500787587,0,0
C0372,2025-06,85.0,69.67359551315457,0,0
C0373,2025-06,100.0,71.36391815183644,0,0
C0374,2025-06,74.0,71.34981597797497,0,0
C0375,2025-06,67.0,83.34414545082653,0,0
C0376,2025-06,66.0,84.82797749366793,0,0
C0377,2025-06,53.0,65.43116275841794,0,0
C0378,2025-06,59.0,73.17225781485038,0,0
C0379,2025-06,85.0,85.4550145609162,0,0
C0380,2025-06,100.0,80.22465466787075,0,1
C0381,2025-06,96.0,89.35057754999193,0,0
C0382,2025-06,85.0,68.717417539081,0,0
C0383,2025-06,85.0,92.0801969877098,0,0
C0384,2025-06,99.0,85.35480275154042,0,0
C0385,2025-06,61.0,76.88577507141154,0,0
C0386,2025-06,81.0,70.05796972744126,0,0
C0387,2025-06,71.0,86.47418325633977,0,0
C0388,2025-06,79.0,71.61426116968394,0,0
C0389,2025-06,57.0,80.63462172385383,0,0
C0390,2025-06,93.0,87.11387860302233,0,0
C0391,2025-06,91.0,75.50396609574115,0,0
C0392,2025-06,100.0,86.4769094193908,0,0
C0393,2025-06,78.0,77.94039541657918,0,0
C0394,2025-06,90.0,86.48423593383583,0,0
C0395,2025-06,94.0,80.20020065943808,0,0
C0396,2025-06,61.0,92.71530084729162,0,0
C0398,2025-06,89.0,95.00257329810012,0,0
C0399,2025-06,62.0,92.13727094852692,0,0
C0400,2025-06,87.0,62.82679603688644,0,0
C0401,2025-06,84.0,81.79004078233287,0,0
C0402,2025-06,92.0,89.3682932646927,0,0
C0403,2025-06,96.0,72.27786692802981,0,0
C0404,2025-06,76.0,92.50924111888182,0,0
C0405,2025-06,80.0,65.54012946302805,0,0
C0406,2025-06,70.0,75.93341535914857,0,0
C0407,2025-06,85.0,72.79851807418211,0,0
C0408,2025-06,72.0,66.13228526534965,0,0
C0409,2025-06,79.0,100.0,0,0
C0410,2025-06,100.0,81.1974689289046,0,0
C0411,2025-06,76.0,76.3234521112601,0,0
C0412,2025-06,82.0,91.50554866877152,1,0
C0413,2025-06,79.0,81.68427600248947,0,0
C0415,2025-06,73.0,100.0,0,0
C0416,2025-06,49.0,83.4404975301602,0,0
C0417,2025-06,71.0,66.1499759151096,0,0
C0418,2025-06,55.0,54.70108483757605,0,0
C0419,2025-06,97.0,92.83088427967908,0,0
C0420,2025-06,64.0,97.52098362588086,0,0
C0421,2025-06,68.0,95.13699412494022,0,0
C0422,2025-06,79.0,79.12598484576147,0,0
C0423,2025-06,100.0,65.81853674178832,0,0
C0424,2025-06,82.0,70.09027087063845,0,0
C0425,2025-06,81.0,54.470535391964816,0,0
C0426,2025-06,56.0,78.094219178715,0,0
C0427,2025-06,100.0,74.79044517916131,0,0
C0428,2025-06,95.0,83.25575958702747,0,0
C0429,2025-06,82.0,73.48860226384392,0,0
C0430,2025-06,95.0,77.36359553264565,0,0
C0431,2025-06,57.0,86.20060025184027,0,0
C0432,2025-06,96.0,90.82507326615834,0,0
C0433,2025-06,63.0,91.2833900582322,0,0
C0434,2025-06,76.0,65.17124762801927,0,0
C0435,2025-06,96.0,80.22465466787075,0,1
C0436,2025-06,100.0,93.41356109801656,0,0
C0437,2025-06,87.0,86.41952586368254,0,0
C0438,2025-06,100.0,69.33085653150845,0,0
C0439,2025-06,92.0,100.0,0,0
C0440,2025-06,76.0,75.17259482733392,0,0
C0441,2025-06,85.0,73.45423214375464,0,0
C0442,2025-06,100.0,81.66077540317764,0,0
C0443,2025-06,62.0,80.22465466787075,0,1
C0444,2025-06,81.0,62.428391445574846,0,0
C0445,2025-06,100.0,85.67718374027733,0,0
C0446,2025-06,79.0,88.97041988628565,0,0
C0447,2025-06,83.0,87.6766754980923,0,0
C0448,2025-06,70.0,85.85680037452236,0,0
C0449,2025-06,92.0,61.443506588528464,0,0
C0450,2025-06,83.0,80.2864559035391,0,0
C0451,2025-06,100.0,97.20543956744744,0,0
C0452,2025-06,66.0,84.73603912129096,0,0
C0453,2025-06,73.0,86.49668108183522,0,0
C0454,2025-06,100.0,69.2532708578434,0,0
C0455,2025-06,97.0,79.94098974479574,0,0
C0456,2025-06,69.0,78.51041401657928,0,0
C0457,2025-06,100.0,85.44698128930855,0,0
C0458,2025-06,95.0,86.78890048955914,0,0
C0459,2025-06,88.0,74.56354667534185,0,0
C0460,2025-06,74.0,84.66770149475688,0,0
C0461,2025-06,92.0,83.14837994664757,0,0
C0462,2025-06,98.0,80.25675679470014,0,0
C0463,2025-06,77.0,96.12426770296246,0,0
C0464,2025-06,54.0,81.67853231043767,0,0
C0465,2025-06,100.0,68.3763834388792,0,0
C0466,2025-06,98.0,81.05737305116116,0,0
C0467,2025-06,84.0,82.83338275362539,0,0
C0468,2025-06,66.0,83.36031859865827,0,0
C0469,2025-06,94.0,91.95300411251222,0,0
C0470,2025-06,79.0,79.26931117749332,0,0
C0471,2025-06,69.0,71.09564352953953,0,0
C0472,2025-06,61.0,63.44207571984391,0,0
C0473,2025-06,93.0,95.7819158548638,0,0
C0474,2025-06,97.0,74.75222625343164,0,0
C0475,2025-06,100.0,76.92455411153806,0,0
C0476,2025-06,86.0,100.0,0,0
C0477,2025-06,83.0,65.6636039733881,0,0
C0478,2025-06,88.0,86.45879199243666,0,0
C0479,2025-06,85.0,95.91114433175944,0,0
C0480,2025-06,76.0,80.22465466787075,0,1
C0481,2025-06,69.0,77.4826252309462,0,0
C0482,2025-06,81.0,59.620156267307244,0,0
C0483,2025-06,100.0,82.68818807454298,0,0
C0484,2025-06,89.0,76.2093971432075,0,0
C0485,2025-06,72.0,85.26944079182135,0,0
C0486,2025-06,81.0,69.71352452472078,0,0
C0487,2025-06,77.0,99.46445018409834,0,0
C0488,2025-06,89.0,80.22465466787075,0,1
C0489,2025-06,85.0,92.6864796278272,0,0
C0490,2025-06,88.0,85.26933129506853,0,0
C0491,2025-06,87.0,99.57749079290912,0,0
C0492,2025-06,71.0,75.08883062472924,0,0
C0493,2025-06,96.0,100.0,0,0
C0494,2025-06,100.0,81.84757354412146,0,0
C0495,2025-06,76.0,57.20280729315704,0,0
C0496,2025-06,71.0,86.04424315201146,0,0
C0497,2025-06,88.0,87.36044104107599,0,0
C0498,2025-06,99.0,91.60609421220283,0,0
C0499,2025-06,85.0,96.93856231769698,0,0
C0500,2025-06,90.0,90.581345680841,0,0
C0501,2025-06,64.0,66.0681866746728,0,0
C0502,2025-06,76.0,73.92321616781595,0,0
C0503,2025-06,90.0,89.82991219850601,0,0
C0504,2025-06,71.0,84.69496900355527,0,0
C0505,2025-06,81.0,89.32379291398018,0,0
C0506,2025-06,82.0,66.40846259585743,0,0
C0507,2025-06,74.0,94.68057529801672,0,0
C0509,2025-06,91.0,69.98414419555766,0,0
C0510,2025-06,99.0,88.02717634940188,0,0
C0511,2025-06,93.0,74.45543180918479,0,0
C0512,2025-06,73.0,79.62423870639223,0,0
C0513,2025-06,89.0,89.50455096472115,0,0
C0514,2025-06,84.0,78.77589202248541,0,0
C0516,2025-06,100.0,77.11427631316785,0,0
C0517,2025-06,69.0,99.85928534648716,0,0
C0518,2025-06,84.0,52.17346707580911,0,0
C0519,2025-06,91.0,80.41001246056969,0,0
C0520,2025-06,82.0,71.77463488622189,0,0
C0521,2025-06,94.0,68.18335951423354,0,0
C0522,2025-06,61.0,78.09807599328923,0,0
C0523,2025-06,76.0,56.92683286057138,0,0
C0524,2025-06,96.0,79.9380576029482,0,0
C0525,2025-06,70.0,75.6545171760848,0,0
C0526,2025-06,82.0,87.1392909638505,0,0
C0527,2025-06,70.0,83.37845066603519,0,0
C0528,2025-06,100.0,87.37044025465475,0,0
C0529,2025-06,67.0,90.78000406717108,0,0
C0530,2025-06,80.0,80.22465466787075,0,1
C0531,2025-06,82.0,75.36891177584766,0,0
C0532,2025-06,80.0,63.24426733118676,0,0
C0533,2025-06,78.0,72.91689368770761,0,0
C0534,2025-06,87.0,77.76754948662074,0,0
C0535,2025-06,84.0,68.07240927583769,0,0
C0536,2025-06,81.0,86.24477553839006,0,0
C0537,2025-06,71.0,79.59632238478683,0,0
C0538,2025-06,81.0,74.50690217393172,0,0
C0539,2025-06,100.0,68.43769288911194,0,0
C0540,2025-06,81.0,61.65578834233126,0,0
C0542,2025-06,65.0,76.71112430768491,0,0
C0543,2025-06,72.0,94.80269259480744,0,0
C0544,2025-06,62.0,86.35142735584192,0,0
C0545,2025-06,62.0,85.8812100906072,0,0
C0546,2025-06,75.0,73.6838156531511,0,0
C0547,2025-06,69.0,81.23268159284065,0,0
C0548,2025-06,78.0,73.28271122206951,0,0
C0549,2025-06,87.0,95.413908640932,0,0
C0550,2025-06,93.0,83.4150245332118,0,0
C0551,2025-06,71.0,93.94253136804365,0,0
C0552,2025-06,100.0,70.81492797277215,0,0
C0553,2025-06,98.0,79.58167682742025,0,0
C0554,2025-06,83.0,64.42398364771736,0,0
C0555,2025-06,77.0,88.52990380747929,0,0
C0556,2025-06,85.0,78.6691197422982,0,0
C0557,2025-06,87.0,91.3455262113692,0,0
C0558,2025-06,90.0,56.943776950274845,0,0
C0559,2025-06,63.0,71.32255039799308,0,0
C0560,2025-06,70.0,67.47417991536494,0,0
C0561,2025-06,80.0,100.0,0,0
C0562,2025-06,81.0,76.11492674228361,0,0
C0563,2025-06,86.0,77.2612538913501,0,0
C0564,2025-06,76.0,72.46127742094721,0,0
C0565,2025-06,96.0,85.16952633697953,0,0
C0566,2025-06,79.0,80.22038038431683,0,0
C0567,2025-06,99.0,85.94234009512799,0,0
C0568,2025-06,74.0,63.45630721883603,0,0
C0569,2025-06,92.0,100.0,0,0
C0570,2025-06,81.0,93.69702076311827,0,0
C0571,2025-06,78.0,68.56610767574153,0,0
C0572,2025-06,66.0,86.87232082974401,0,0
C0573,2025-06,77.0,89.69764314475478,0,0
C0574,2025-06,66.0,88.36505682503808,0,0
C0575,2025-06,72.0,69.42165205358864,0,0
C0576,2025-06,74.0,84.07075643812664,0,0
C0577,2025-06,89.0,59.48346080477924,0,0
C0578,2025-06,86.0,78.15835279973913,0,0
C0579,2025-06,85.0,80.1605755145654,0,0
C0580,2025-06,69.0,59.69401133337186,0,0
C0581,2025-06,100.0,88.54887197467576,0,0
C0582,2025-06,99.0,93.87723120808752,0,0
C0583,2025-06,93.0,71.03687540525934,0,0
C0584,2025-06,58.0,87.15358144200707,0,0
C0585,2025-06,79.0,72.67478004957349,0,0
C0586,2025-06,75.0,73.01235164416065,0,0
C0587,2025-06,68.0,92.8058492758962,0,0
C0588,2025-06,80.0,91.22887124985472,0,0
C0589,2025-06,83.0,85.47600450432799,0,0
C0590,2025-06,85.0,80.4103213876593,0,0
C0591,2025-06,64.0,87.36556507739199,0,0
C0592,2025-06,81.0,79.65599164294117,0,0
C0593,2025-06,91.0,85.57764215017347,0,0
C0594,2025-06,70.0,93.3400088182996,0,0
C0595,2025-06,80.0,81.57117283843475,0,0
C0596,2025-06,84.0,71.38159955231731,0,0
C0597,2025-06,70.0,78.80464458289293,0,0
C0598,2025-06,88.0,88.15065878023873,0,0
C0599,2025-06,69.0,76.91969771555934,0,0
C0600,2025-06,57.0,88.69559814416318,0,0
C0601,2025-06,100.0,77.42652068126301,0,0
C0602,2025-06,82.0,75.1409022366944,1,0
C0603,2025-06,76.0,81.12155401140491,0,0
C0604,2025-06,57.0,82.53671015497265,0,0
C0605,2025-06,100.0,81.6062117614257,0,0
C0606,2025-06,86.0,67.06568656170646,0,0
C0607,2025-06,63.0,80.22465466787075,0,1
C0608,2025-06,73.0,80.91451902545452,0,0
C0609,2025-06,79.0,87.1992071790471,0,0
C0610,2025-06,65.0,71.2709880854804,0,0
C0611,2025-06,71.0,97.45528792128688,0,0
C0612,2025-06,94.0,60.08940102899135,0,0
C0613,2025-06,73.0,75.46247500124947,0,0
C0614,2025-06,83.0,66.8760311413539,0,0
C0615,2025-06,85.0,76.97531142677357,0,0
C0616,2025-06,74.0,64.7239107508363,0,0
C0618,2025-06,86.0,73.78912298467888,0,0
C0619,2025-06,65.0,65.53934102765777,0,0
C0620,2025-06,84.0,90.28227681540608,0,0
C0621,2025-06,90.0,58.99393702409215,0,0
C0622,2025-06,85.0,82.2420745773334,0,0
C0623,2025-06,68.0,58.70580153077684,0,0
C0624,2025-06,65.0,84.54806785704753,0,0
C0625,2025-06,93.0,72.88599693867266,0,0
C0626,2025-06,95.0,78.54431849653517,0,0
C0627,2025-06,79.0,75.5637721164872,0,0
C0628,2025-06,68.0,68.40009019940473,0,0
C0629,2025-06,76.0,92.32427869824286,0,0
C0631,2025-06,83.0,75.7064602611231,0,0
C0632,2025-06,84.0,86.5282509475127,0,0
C0633,2025-06,85.0,74.55791175370041,0,0
C0634,2025-06,75.0,78.40333669717592,0,0
C0635,2025-06,82.0,82.38034670099705,0,0
C0636,2025-06,78.0,86.45365776561542,0,0
C0637,2025-06,65.0,73.5141950265356,0,0
C0638,2025-06,97.0,78.42599197029395,0,0
C0639,2025-06,75.0,70.92514099744152,0,0
C0640,2025-06,62.0,78.75425275837284,0,0
C0641,2025-06,88.0,80.22465466787075,0,1
C0642,2025-06,97.0,90.19531084421888,0,0
C0643,2025-06,75.0,88.00897578486646,0,0
C0644,2025-06,81.0,76.10151975620144,0,0
C0645,2025-06,87.0,77.53101209108249,0,0
C0646,2025-06,100.0,81.20313883044345,0,0
C0647,2025-06,80.0,89.9941053787544,0,0
C0648,2025-06,73.0,80.27951306135532,0,0
C0649,2025-06,74.0,70.32605462575901,0,0
C0650,2025-06,80.0,83.67619605724725,0,0
C0651,2025-06,64.0,61.56615761989841,0,0
C0652,2025-06,76.0,84.95393145806352,0,0
C0653,2025-06,59.0,91.44091469790862,0,0
C0654,2025-06,94.0,82.57099587694249,0,0
C0655,2025-06,59.0,94.25933572092548,0,0
C0656,2025-06,85.0,78.39818175631385,0,0
C0657,2025-06,68.0,76.334086623215,0,0
C0658,2025-06,72.0,53.7616275589713,0,0
C0659,2025-06,71.0,69.34445254418338,0,0
C0660,2025-06,72.0,80.95736723380226,0,0
C0661,2025-06,100.0,78.56278569080887,0,0
C0662,2025-06,87.0,77.15283831064639,0,0
C0663,2025-06,89.0,63.78808818422866,0,0
C0664,2025-06,89.0,82.93365418650916,0,0
C0665,2025-06,80.0,71.35622669422797,0,0
C0666,2025-06,74.0,78.04210348140978,0,0
C0667,2025-06,73.0,87.71134873502758,0,0
C0668,2025-06,89.0,97.73061986098232,0,0
C0669,2025-06,71.0,67.04143894017261,0,0
C0670,2025-06,82.0,88.49458130307139,0,0
C0671,2025-06,72.0,75.53296457161967,0,0
C0672,2025-06,51.0,86.94137951846747,0,0
C0673,2025-06,78.0,69.88137595803255,0,0
C0674,2025-06,84.0,80.22465466787075,0,1
C0675,2025-06,75.0,80.22465466787075,0,1
C0676,2025-06,87.0,87.07909090811575,0,0
C0677,2025-06,87.0,70.34837961505477,0,0
C0678,2025-06,90.0,94.15138798813832,0,0
C0679,2025-06,84.0,83.4762296322895,0,0
C0680,2025-06,84.0,80.1641768625378,0,0
C0681,2025-06,88.0,81.92689162449463,0,0
C0682,2025-06,78.0,83.48742923966309,0,0
C0683,2025-06,56.0,79.59295653333092,0,0
C0684,2025-06,71.0,99.79357341244808,0,0
C0685,2025-06,74.0,68.34683815843164,0,0
C0686,2025-06,76.0,75.41123893535507,0,0
C0687,2025-06,92.0,67.50807443769368,0,0
C0688,2025-06,84.0,68.42322323897886,0,0
C0689,2025-06,83.0,66.3810908332318,0,0
C0690,2025-06,79.0,83.04046412187748,0,0
C0691,2025-06,70.0,57.94148722219187,0,0
C0692,2025-06,84.0,55.87597055331294,0,0
C0693,2025-06,86.0,67.24428472789947,0,0
C0694,2025-06,94.0,78.84003508908471,0,0
C0695,2025-06,73.0,83.97782485168784,0,0
C0696,2025-06,100.0,72.36825493849845,0,0
C0697,2025-06,95.0,79.24164385676116,0,0
C0698,2025-06,67.0,93.67151315882352,0,0
C0699,2025-06,84.0,76.35338756693265,0,0
C0700,2025-06,89.0,74.94004932198584,0,0
C0701,2025-06,97.0,90.74174991194818,0,0
C0702,2025-06,79.0,79.59173812258301,0,0
C0703,2025-06,98.0,82.32844839020312,0,0
C0704,2025-06,80.0,82.95801393693459,0,0
C0705,2025-06,87.0,75.32589537067348,0,0
C0706,2025-06,88.0,62.21994025815144,0,0
C0707,2025-06,89.0,89.6083104709768,0,0
C0708,2025-06,88.0,89.3180544477835,0,0
C0709,2025-06,75.0,95.83823300762708,0,0
C0710,2025-06,71.0,67.37329197890762,0,0
C0711,2025-06,75.0,86.5304511609813,0,0
C0712,2025-06,70.0,71.27889367055317,0,0
C0713,2025-06,71.0,68.23472152876695,0,0
C0714,2025-06,93.0,65.88139765702574,0,0
C0715,2025-06,70.0,83.72738341261521,0,0
C0716,2025-06,83.0,86.56353837121891,0,0
C0717,2025-06,86.0,93.33490627641096,0,0
C0718,2025-06,79.0,81.48102957586879,0,0
C0719,2025-06,94.0,78.70604735478466,0,0
C0720,2025-06,63.0,87.41169202583515,0,0
C0721,2025-06,71.0,81.83298218898372,0,0
C0722,2025-06,97.0,77.98373706471091,0,0
C0723,2025-06,80.0,77.95933651096514,0,0
C0724,2025-06,82.0,85.5739331142043,0,0
C0725,2025-06,67.0,76.84833909158247,0,0
C0726,2025-06,66.0,62.868089758555634,0,0
C0727,2025-06,84.0,73.01884671706098,0,0
C0728,2025-06,95.0,98.219192793422,0,0
C0729,2025-06,70.0,93.79636110254968,0,0
C0730,2025-06,89.0,88.39156103769103,0,0
C0731,2025-06,92.0,100.0,0,0
C0732,2025-06,70.0,80.51557112611731,0,0
C0733,2025-06,90.0,85.86219969827089,0,0
C0734,2025-06,99.0,78.59204249459908,0,0
C0735,2025-06,92.0,81.50815924955238,0,0
C0736,2025-06,75.0,80.22465466787075,0,0
C0737,2025-06,76.0,95.698844107602,0,0
C0738,2025-06,92.0,83.92544600840905,0,0
C0739,2025-06,97.0,100.0,0,0
C0740,2025-06,66.0,78.04145065698128,0,0
C0741,2025-06,92.0,80.22465466787075,0,1
C0742,2025-06,71.0,72.64403833803081,0,0
C0743,2025-06,62.0,69.76663668645213,0,0
C0744,2025-06,66.0,74.04576213304682,0,0
C0745,2025-06,89.0,85.24337702156402,0,0
C0746,2025-06,65.0,78.66948140796237,0,0
C0747,2025-06,85.0,55.80539809811782,0,0
C0748,2025-06,75.0,90.11631916577772,0,0
C0749,2025-06,68.0,93.86606168726463,0,0
C0750,2025-06,90.0,82.08341191813086,0,0
C0751,2025-06,67.0,75.1815412451228,0,0
C0752,2025-06,91.0,80.22465466787075,0,1
C0753,2025-06,88.0,83.10716020152493,0,0
C0754,2025-06,67.0,72.98556332275666,0,0
C0756,2025-06,73.0,93.1882323458852,0,0
C0757,2025-06,98.0,94.24062731077431,0,0
C0758,2025-06,95.0,72.0645422260041,0,0
C0759,2025-06,68.0,74.1716958279805,0,0
C0760,2025-06,82.0,82.25303279378555,0,0
C0761,2025-06,74.0,92.30182713000248,0,0
C0762,2025-06,91.0,79.40941766455556,0,0
C0763,2025-06,68.0,83.56415829786161,0,0
C0764,2025-06,93.0,89.00472449542973,0,0
C0765,2025-06,91.0,82.14941413706072,0,0
C0766,2025-06,100.0,75.58744377456338,0,0
C0767,2025-06,93.0,62.83497734090199,0,0
C0768,2025-06,74.0,74.54427922237944,0,0
C0769,2025-06,100.0,81.44528435170514,0,0
C0770,2025-06,98.0,90.5103822106045,0,0
C0771,2025-06,74.0,66.90544773311585,0,0
C0772,2025-06,75.0,85.64605573902757,0,0
C0773,2025-06,82.0,76.46308144895433,0,0
C0774,2025-06,94.0,71.47985666405386,0,0
C0775,2025-06,76.0,79.2468713244068,0,0
C0776,2025-06,71.0,80.737589163622,0,0
C0777,2025-06,74.0,80.48621145308975,0,0
C0778,2025-06,88.0,67.88470337330149,0,0
C0780,2025-06,84.0,100.0,0,0
C0781,2025-06,74.0,84.71435180622456,0,0
C0782,2025-06,100.0,69.36995692235655,0,0
C0783,2025-06,67.0,85.53154429713132,0,0
C0784,2025-06,70.0,73.09591558620598,0,0
C0785,2025-06,58.0,79.62750158052681,0,0
C0786,2025-06,93.0,93.3141841939229,0,0
C0787,2025-06,69.0,95.41285887544618,0,0
C0788,2025-06,100.0,78.72261466591257,0,0
C0789,2025-06,85.0,80.47072635788551,0,0
C0790,2025-06,62.0,85.27942879595196,0,0
C0791,2025-06,77.0,91.96484688442516,0,0
C0792,2025-06,78.0,78.59530061151348,0,0
C0793,2025-06,63.0,75.83665627244066,0,0
C0794,2025-06,96.0,79.50548414869002,0,0
C0795,2025-06,77.0,80.7792364100164,0,0
C0796,2025-06,99.0,83.01225735743601,0,0
C0797,2025-06,59.0,80.22465466787075,0,1
C0798,2025-06,86.0,69.58008923856633,0,0
C0799,2025-06,88.0,68.36176295568539,0,0
C0800,2025-06,70.0,77.27161510621241,0,0
