student_id,month,events,clubs,hackathons,certifications,events_missing,clubs_missing,hackathons_missing,certifications_missing
H0001,2025-01,2.0,0.0,1.0,1.0,0,0,0,0
H0002,2025-01,3.0,1.0,0.0,0.0,0,0,0,0
H0003,2025-01,3.0,0.0,0.0,0.0,0,0,0,0
H0004,2025-01,1.0,2.0,0.0,0.0,0,0,1,0
H0005,2025-01,2.0,1.0,0.0,0.0,0,0,0,0
H0006,2025-01,0.0,1.0,2.0,0.0,0,0,0,0
H0007,2025-01,2.0,4.0,0.0,3.0,0,0,0,0
H0008,2025-01,0.0,2.0,0.0,1.0,0,0,0,0
H0009,2025-01,1.0,0.0,0.0,0.0,0,0,0,0
H0010,2025-01,2.0,2.0,0.0,1.0,0,0,0,0
H0011,2025-01,3.0,1.0,1.0,2.0,0,0,0,0
H0012,2025-01,1.0,2.0,0.0,1.0,0,0,0,0
H0013,2025-01,2.0,4.0,1.0,2.0,0,0,0,0
H0014,2025-01,2.0,1.0,0.0,0.0,1,0,0,0
H0015,2025-01,0.0,1.0,0.0,0.0,0,0,0,0
H0016,2025-01,2.0,2.0,0.0,1.0,0,0,0,0
H0017,2025-01,4.0,1.0,0.0,1.0,0,0,0,1
H0018,2025-01,4.0,1.0,3.0,1.0,0,1,0,0
H0019,2025-01,2.0,1.0,0.0,2.0,0,0,0,0
H0020,2025-01,3.0,1.0,1.0,0.0,0,0,0,0
H0021,2025-01,2.0,3.0,0.0,1.0,0,0,0,0
H0022,2025-01,2.0,0.0,0.0,1.0,0,0,0,0
H0023,2025-01,1.0,1.0,0.0,3.0,0,0,0,0
H0024,2025-01,3.0,0.0,0.0,0.0,0,0,0,0
H0025,2025-01,1.0,3.0,0.0,3.0,0,0,0,0
H0026,2025-01,2.0,2.0,0.0,0.0,0,0,0,0
H0027,2025-01,1.0,0.0,0.0,2.0,0,0,0,0
H0028,2025-01,1.0,0.0,0.0,1.0,0,0,0,0
H0029,2025-01,1.0,1.0,1.0,0.0,0,0,0,0
H0030,2025-01,0.0,1.0,1.0,2.0,0,0,0,0
H0031,2025-01,2.0,0.0,0.0,1.0,0,0,0,0
H0032,2025-01,0.0,4.0,1.0,0.0,0,0,0,0
H0033,2025-01,2.0,1.0,0.0,4.0,0,0,0,0
H0034,2025-01,1.0,3.0,0.0,0.0,0,0,0,0
H0035,2025-01,0.0,2.0,1.0,1.0,0,0,0,0
H0036,2025-01,3.0,0.0,0.0,1.0,0,0,0,0
H0037,2025-01,0.0,1.0,0.0,0.0,0,0,0,0
H0038,2025-01,2.0,1.0,1.0,0.0,0,0,0,0
H0039,2025-01,1.0,1.0,2.0,2.0,0,0,0,0
H0040,2025-01,3.0,1.0,0.0,0.0,0,0,0,0
H0041,2025-01,2.0,0.0,1.0,1.0,0,0,0,1
H0042,2025-01,1.0,2.0,0.0,1.0,0,0,0,0
H0043,2025-01,1.0,0.0,0.0,1.0,0,0,0,0
H0044,2025-01,1.0,1.0,1.0,0.0,0,0,0,0
H0045,2025-01,2.0,3.0,1.0,2.0,1,0,0,0
H0046,2025-01,1.0,1.0,3.0,0.0,0,0,0,0
H0047,2025-01,2.0,1.0,0.0,1.0,1,0,0,1
H0048,2025-01,1.0,1.0,1.0,2.0,0,0,0,0
H0049,2025-01,1.0,2.0,1.0,2.0,0,0,0,0
H0050,2025-01,1.0,4.0,0.0,0.0,0,0,0,0
H0051,2025-01,5.0,2.0,0.0,1.0,0,0,0,0
H0052,2025-01,0.0,2.0,0.0,1.0,0,0,1,1
H0053,2025-01,2.0,2.0,0.0,0.0,0,0,0,0
H0054,2025-01,0.0,1.0,1.0,0.0,0,1,0,0
H0055,2025-01,2.0,1.0,0.0,2.0,0,0,0,0
H0056,2025-01,2.0,0.0,0.0,0.0,0,0,0,0
H0057,2025-01,3.0,1.0,0.0,1.0,0,0,0,0
H0058,2025-01,1.0,1.0,0.0,0.0,0,0,0,0
H0059,2025-01,0.0,0.0,2.0,3.0,0,0,0,0
H0060,2025-01,0.0,1.0,0.0,0.0,0,0,0,0
H0061,2025-01,0.0,1.0,1.0,2.0,0,1,0,0
H0062,2025-01,6.0,1.0,1.0,0.0,0,0,0,0
H0063,2025-01,0.0,0.0,1.0,1.0,0,0,0,0
H0064,2025-01,0.0,1.0,2.0,0.0,0,0,0,0
H0065,2025-01,1.0,2.0,0.0,1.0,0,0,0,0
H0066,2025-01,1.0,2.0,0.0,1.0,0,0,0,0
H0067,2025-01,3.0,2.0,0.0,1.0,0,0,0,1
H0068,2025-01,1.0,1.0,1.0,0.0,0,0,0,0
H0069,2025-01,2.0,2.0,0.0,2.0,0,0,0,0
H0070,2025-01,5.0,1.0,0.0,0.0,0,1,0,0
H0071,2025-01,2.0,0.0,1.0,2.0,1,0,0,0
H0072,2025-01,5.0,3.0,1.0,0.0,0,0,0,0
H0073,2025-01,0.0,0.0,0.0,1.0,0,0,0,0
H0074,2025-01,2.0,1.0,1.0,0.0,0,0,0,0
H0075,2025-01,2.0,3.0,0.0,1.0,0,0,0,0
H0076,2025-01,3.0,1.0,2.0,2.0,0,0,0,0
H0077,2025-01,1.0,2.0,1.0,0.0,0,0,0,0
H0078,2025-01,4.0,0.0,0.0,0.0,0,0,0,0
H0079,2025-01,1.0,0.0,0.0,2.0,0,0,0,0
H0080,2025-01,0.0,3.0,1.0,0.0,0,0,0,0
H0081,2025-01,4.0,1.0,1.0,1.0,0,0,0,0
H0082,2025-01,0.0,1.0,0.0,2.0,0,0,0,0
H0083,2025-01,0.0,1.0,0.0,4.0,0,0,0,0
H0084,2025-01,2.0,0.0,2.0,1.0,0,0,0,0
H0085,2025-01,2.0,0.0,1.0,1.0,0,0,0,0
H0086,2025-01,1.0,3.0,0.0,0.0,0,0,0,0
H0087,2025-01,2.0,2.0,0.0,1.0,0,0,0,0
H0088,2025-01,0.0,3.0,0.0,0.0,0,0,0,0
H0089,2025-01,2.0,0.0,1.0,1.0,0,0,0,0
H0090,2025-01,2.0,2.0,0.0,0.0,0,0,0,0
H0091,2025-01,0.0,1.0,0.0,0.0,0,0,0,0
H0092,2025-01,2.0,1.0,1.0,2.0,0,0,0,0
H0093,2025-01,3.0,0.0,1.0,1.0,0,0,0,0
H0094,2025-01,0.0,1.0,1.0,0.0,0,0,0,0
H0095,2025-01,0.0,1.0,0.0,1.0,0,0,0,1
H0096,2025-01,3.0,0.0,1.0,1.0,0,0,0,0
H0097,2025-01,3.0,4.0,0.0,1.0,0,0,0,0
H0098,2025-01,1.0,1.0,1.0,1.0,0,0,0,0
H0099,2025-01,0.0,0.0,1.0,2.0,0,0,0,0
H0100,2025-01,1.0,1.0,1.0,0.0,0,1,0,0
H0101,2025-01,0.0,3.0,0.0,1.0,0,0,0,0
H0102,2025-01,2.0,1.0,0.0,0.0,0,0,0,0
H0103,2025-01,2.0,2.0,1.0,1.0,0,0,0,0
H0104,2025-01,2.0,1.0,0.0,0.0,0,0,0,0
H0105,2025-01,2.0,2.0,1.0,0.0,0,0,0,0
H0106,2025-01,0.0,3.0,0.0,0.0,0,0,0,0
H0107,2025-01,3.0,0.0,2.0,1.0,0,0,0,0
H0108,2025-01,0.0,3.0,0.0,0.0,0,0,0,0
H0109,2025-01,2.0,2.0,2.0,2.0,0,0,0,0
H0110,2025-01,2.0,1.0,0.0,1.0,0,1,0,0
H0111,2025-01,1.0,2.0,0.0,0.0,0,0,0,0
H0112,2025-01,2.0,3.0,1.0,0.0,1,0,0,0
H0113,2025-01,1.0,2.0,0.0,1.0,0,0,1,0
H0114,2025-01,3.0,0.0,0.0,0.0,0,0,0,0
H0115,2025-01,1.0,3.0,1.0,1.0,0,0,0,0
H0116,2025-01,3.0,0.0,0.0,0.0,0,0,0,0
H0117,2025-01,1.0,1.0,1.0,0.0,0,0,0,0
H0118,2025-01,0.0,0.0,0.0,2.0,0,0,1,0
H0119,2025-01,0.0,2.0,0.0,0.0,0,0,0,0
H0120,2025-01,2.0,2.0,0.0,1.0,0,0,0,1
H0121,2025-01,1.0,1.0,0.0,0.0,0,0,0,0
H0122,2025-01,1.0,2.0,0.0,0.0,0,0,0,0
H0123,2025-01,2.0,2.0,1.0,0.0,0,0,0,0
H0124,2025-01,2.0,1.0,0.0,2.0,0,0,0,0
H0125,2025-01,3.0,2.0,2.0,3.0,0,0,0,0
H0126,2025-01,1.0,0.0,0.0,0.0,0,0,0,0
H0127,2025-01,1.0,0.0,0.0,1.0,0,0,0,0
H0128,2025-01,2.0,1.0,2.0,0.0,0,0,0,0
H0129,2025-01,3.0,0.0,0.0,0.0,0,0,0,0
H0130,2025-01,3.0,2.0,0.0,1.0,0,0,0,0
H0131,2025-01,2.0,1.0,1.0,2.0,0,0,0,0
H0132,2025-01,2.0,2.0,0.0,3.0,0,0,0,0
H0133,2025-01,2.0,2.0,0.0,2.0,0,0,0,0
H0134,2025-01,1.0,0.0,2.0,2.0,0,0,0,0
H0135,2025-01,2.0,0.0,1.0,0.0,0,0,0,0
H0136,2025-01,1.0,1.0,2.0,0.0,0,0,0,0
H0137,2025-01,3.0,1.0,0.0,2.0,0,0,0,0
H0138,2025-01,2.0,2.0,0.0,1.0,0,0,0,0
H0139,2025-01,3.0,0.0,1.0,0.0,0,0,0,0
H0140,2025-01,0.0,1.0,0.0,1.0,0,0,0,0
H0141,2025-01,1.0,0.0,1.0,1.0,0,0,0,0
H0142,2025-01,2.0,4.0,0.0,0.0,1,0,1,0
H0143,2025-01,2.0,1.0,1.0,1.0,0,0,0,0
H0144,2025-01,0.0,4.0,0.0,2.0,0,0,0,0
H0145,2025-01,1.0,2.0,0.0,1.0,0,0,0,0
H0146,2025-01,1.0,2.0,1.0,1.0,0,0,0,0
H0147,2025-01,1.0,3.0,0.0,1.0,0,0,0,0
H0148,2025-01,3.0,0.0,0.0,2.0,0,0,0,0
H0149,2025-01,1.0,1.0,0.0,1.0,0,0,0,0
H0150,2025-01,1.0,0.0,0.0,0.0,0,0,0,0
H0151,2025-01,3.0,1.0,0.0,1.0,0,1,0,0
H0152,2025-01,5.0,0.0,0.0,1.0,0,0,0,0
H0153,2025-01,1.0,3.0,1.0,0.0,0,0,0,0
H0154,2025-01,2.0,3.0,0.0,0.0,0,0,0,0
H0155,2025-01,1.0,0.0,1.0,0.0,0,0,0,0
H0156,2025-01,0.0,1.0,0.0,1.0,0,1,0,0
H0157,2025-01,2.0,1.0,0.0,0.0,0,0,1,0
H0158,2025-01,1.0,4.0,0.0,0.0,0,0,0,0
H0159,2025-01,2.0,0.0,1.0,0.0,0,0,0,0
H0160,2025-01,1.0,2.0,0.0,1.0,0,0,0,1
H0161,2025-01,2.0,0.0,1.0,1.0,0,0,0,0
H0162,2025-01,0.0,2.0,1.0,0.0,0,0,0,0
H0163,2025-01,2.0,2.0,0.0,0.0,0,0,0,0
H0164,2025-01,1.0,0.0,1.0,0.0,0,0,0,0
H0165,2025-01,0.0,1.0,1.0,0.0,0,0,0,0
H0166,2025-01,2.0,3.0,0.0,0.0,0,0,0,0
H0167,2025-01,1.0,2.0,1.0,1.0,0,0,0,1
H0168,2025-01,2.0,0.0,1.0,0.0,0,0,0,0
H0169,2025-01,3.0,1.0,0.0,2.0,0,0,0,0
H0170,2025-01,1.0,2.0,0.0,1.0,0,0,0,0
H0171,2025-01,1.0,0.0,1.0,2.0,0,0,0,0
H0172,2025-01,1.0,0.0,0.0,0.0,0,0,1,0
H0173,2025-01,4.0,2.0,1.0,0.0,0,0,0,0
H0174,2025-01,1.0,2.0,1.0,1.0,0,0,0,0
H0175,2025-01,1.0,0.0,0.0,1.0,0,0,0,0
H0176,2025-01,1.0,0.0,0.0,1.0,0,0,0,0
H0177,2025-01,2.0,0.0,0.0,1.0,0,0,0,0
H0178,2025-01,1.0,0.0,1.0,0.0,0,0,0,0
H0179,2025-01,2.0,1.0,0.0,0.0,0,1,0,0
H0180,2025-01,3.0,0.0,1.0,1.0,0,0,0,0
H0181,2025-01,4.0,0.0,0.0,0.0,0,0,0,0
H0182,2025-01,2.0,0.0,0.0,0.0,0,0,0,0
H0183,2025-01,0.0,0.0,0.0,0.0,0,0,1,0
H0184,2025-01,1.0,0.0,1.0,1.0,0,0,0,0
H0185,2025-01,0.0,0.0,1.0,3.0,0,0,0,0
H0186,2025-01,2.0,0.0,0.0,2.0,0,0,0,0
H0187,2025-01,0.0,2.0,0.0,0.0,0,0,0,0
H0188,2025-01,0.0,1.0,0.0,0.0,0,0,0,0
H0189,2025-01,2.0,1.0,0.0,0.0,0,0,0,0
H0190,2025-01,2.0,3.0,0.0,0.0,0,0,0,0
H0191,2025-01,2.0,1.0,0.0,0.0,0,0,0,0
H0192,2025-01,1.0,1.0,0.0,1.0,0,0,0,0
H0193,2025-01,2.0,1.0,0.0,0.0,0,0,0,0
H0194,2025-01,0.0,1.0,0.0,1.0,0,0,0,0
H0195,2025-01,3.0,1.0,1.0,0.0,0,0,0,0
H0196,2025-01,2.0,1.0,0.0,0.0,0,0,0,0
H0197,2025-01,0.0,0.0,1.0,0.0,0,0,0,0
H0198,2025-01,2.0,2.0,0.0,1.0,0,0,0,0
H0199,2025-01,0.0,2.0,1.0,2.0,0,0,0,0
H0200,2025-01,3.0,1.0,1.0,2.0,0,1,0,0
H0201,2025-01,0.0,1.0,0.0,0.0,0,0,1,0
H0202,2025-01,0.0,0.0,0.0,1.0,0,0,0,0
H0203,2025-01,2.0,1.0,0.0,0.0,0,0,0,0
H0204,2025-01,1.0,0.0,0.0,1.0,0,0,0,0
H0205,2025-01,2.0,2.0,0.0,0.0,0,0,0,0
H0206,2025-01,2.0,1.0,0.0,0.0,0,0,0,0
H0207,2025-01,2.0,2.0,0.0,1.0,0,0,0,0
H0208,2025-01,2.0,1.0,0.0,0.0,0,0,0,0
H0209,2025-01,1.0,1.0,0.0,1.0,0,0,0,0
H0210,2025-01,1.0,0.0,0.0,0.0,0,0,0,0
H0211,2025-01,3.0,1.0,0.0,3.0,0,0,0,0
H0212,2025-01,4.0,0.0,2.0,0.0,0,0,0,0
H0213,2025-01,0.0,1.0,0.0,1.0,0,0,0,0
H0214,2025-01,0.0,2.0,1.0,1.0,0,0,0,0
H0215,2025-01,4.0,1.0,2.0,1.0,0,0,0,0
H0216,2025-01,2.0,0.0,0.0,1.0,0,0,0,0
H0217,2025-01,2.0,4.0,0.0,1.0,0,0,0,0
H0218,2025-01,1.0,1.0,1.0,1.0,0,0,0,0
H0219,2025-01,2.0,2.0,2.0,0.0,0,0,0,0
H0220,2025-01,0.0,4.0,0.0,0.0,0,0,0,0
H0221,2025-01,1.0,2.0,3.0,0.0,0,0,0,0
H0222,2025-01,1.0,0.0,1.0,3.0,0,0,0,0
H0223,2025-01,0.0,3.0,0.0,0.0,0,0,0,0
H0224,2025-01,4.0,0.0,0.0,0.0,0,0,0,0
H0225,2025-01,2.0,1.0,0.0,0.0,0,0,0,0
H0226,2025-01,1.0,1.0,1.0,1.0,0,0,0,0
H0227,2025-01,1.0,2.0,1.0,0.0,0,0,0,0
H0228,2025-01,2.0,1.0,1.0,0.0,1,0,0,0
H0229,2025-01,2.0,2.0,0.0,0.0,1,0,0,0
H0230,2025-01,1.0,1.0,0.0,1.0,0,0,0,0
H0231,2025-01,1.0,0.0,0.0,0.0,0,0,0,0
H0232,2025-01,3.0,2.0,0.0,0.0,0,0,0,0
H0233,2025-01,3.0,2.0,1.0,0.0,0,0,0,0
H0234,2025-01,1.0,0.0,2.0,2.0,0,0,0,0
H0235,2025-01,1.0,1.0,0.0,0.0,0,0,0,0
H0236,2025-01,1.0,4.0,0.0,0.0,0,0,0,0
H0237,2025-01,1.0,1.0,0.0,1.0,0,0,0,0
H0238,2025-01,2.0,1.0,0.0,1.0,0,0,0,0
H0239,2025-01,2.0,1.0,2.0,1.0,0,0,0,0
H0240,2025-01,5.0,0.0,2.0,0.0,0,0,0,0
H0241,2025-01,2.0,1.0,3.0,0.0,0,0,0,0
H0242,2025-01,0.0,2.0,0.0,1.0,0,0,0,0
H0243,2025-01,4.0,3.0,1.0,4.0,0,0,0,0
H0244,2025-01,1.0,1.0,0.0,2.0,0,0,0,0
H0245,2025-01,0.0,3.0,0.0,1.0,0,0,0,1
H0246,2025-01,2.0,0.0,0.0,0.0,1,0,0,0
H0247,2025-01,2.0,3.0,0.0,1.0,0,0,0,1
H0248,2025-01,3.0,2.0,1.0,1.0,0,0,0,0
H0249,2025-01,2.0,1.0,0.0,1.0,1,0,0,0
H0250,2025-01,1.0,2.0,0.0,1.0,0,0,0,0
H0251,2025-01,4.0,0.0,1.0,0.0,0,0,0,0
H0252,2025-01,1.0,2.0,2.0,0.0,0,0,0,0
H0253,2025-01,1.0,2.0,1.0,1.0,0,0,0,0
H0254,2025-01,1.0,3.0,1.0,0.0,0,0,0,0
H0255,2025-01,2.0,2.0,0.0,1.0,0,0,0,0
H0256,2025-01,1.0,2.0,0.0,1.0,0,0,0,0
H0257,2025-01,3.0,2.0,1.0,0.0,0,0,0,0
H0258,2025-01,1.0,1.0,1.0,1.0,0,0,0,0
H0259,2025-01,0.0,2.0,1.0,1.0,0,0,0,0
H0260,2025-01,0.0,2.0,0.0,1.0,0,0,0,0
H0261,2025-01,0.0,1.0,0.0,1.0,0,0,0,0
H0262,2025-01,1.0,0.0,1.0,1.0,0,0,0,0
H0263,2025-01,2.0,1.0,0.0,1.0,1,0,0,0
H0264,2025-01,0.0,2.0,1.0,0.0,0,0,0,0
H0265,2025-01,2.0,2.0,1.0,1.0,1,0,0,0
H0266,2025-01,1.0,1.0,0.0,2.0,0,0,0,0
H0267,2025-01,3.0,2.0,0.0,1.0,0,0,0,0
H0268,2025-01,1.0,1.0,1.0,1.0,0,0,0,0
H0269,2025-01,1.0,1.0,0.0,0.0,0,0,0,0
H0270,2025-01,0.0,0.0,0.0,4.0,0,0,0,0
H0271,2025-01,1.0,0.0,1.0,0.0,0,0,0,0
H0272,2025-01,2.0,2.0,0.0,0.0,0,0,0,0
H0273,2025-01,2.0,2.0,0.0,1.0,0,0,0,0
H0274,2025-01,2.0,0.0,0.0,1.0,0,0,0,0
H0275,2025-01,1.0,1.0,1.0,0.0,0,0,0,0
H0276,2025-01,1.0,2.0,1.0,1.0,0,0,0,0
H0277,2025-01,2.0,1.0,0.0,0.0,0,0,0,0
H0278,2025-01,2.0,2.0,1.0,2.0,0,0,0,0
H0279,2025-01,2.0,1.0,0.0,0.0,0,0,1,0
H0280,2025-01,3.0,4.0,1.0,0.0,0,0,0,0
H0281,2025-01,1.0,2.0,1.0,1.0,0,0,0,0
H0282,2025-01,0.0,3.0,1.0,1.0,0,0,0,0
H0283,2025-01,2.0,0.0,1.0,2.0,0,0,0,0
H0284,2025-01,1.0,1.0,0.0,1.0,0,0,0,0
H0285,2025-01,4.0,0.0,1.0,0.0,0,0,0,0
H0286,2025-01,0.0,1.0,1.0,1.0,0,0,0,0
H0287,2025-01,1.0,2.0,2.0,0.0,0,0,0,0
H0288,2025-01,2.0,1.0,1.0,0.0,1,1,0,0
H0289,2025-01,1.0,0.0,1.0,0.0,0,0,0,0
H0290,2025-01,1.0,1.0,1.0,0.0,0,0,0,0
H0291,2025-01,1.0,2.0,1.0,1.0,0,0,0,0
H0292,2025-01,2.0,1.0,1.0,0.0,0,0,0,0
H0293,2025-01,1.0,0.0,0.0,1.0,0,0,0,0
H0294,2025-01,1.0,1.0,1.0,2.0,0,0,0,0
H0295,2025-01,2.0,0.0,0.0,1.0,0,0,0,0
H0296,2025-01,2.0,1.0,1.0,0.0,1,0,0,0
H0297,2025-01,0.0,4.0,0.0,0.0,0,0,0,0
H0298,2025-01,2.0,0.0,0.0,2.0,0,0,0,0
H0299,2025-01,2.0,2.0,0.0,1.0,0,0,0,0
H0300,2025-01,4.0,2.0,0.0,1.0,0,0,0,0
H0301,2025-01,2.0,0.0,0.0,0.0,0,0,0,0
H0302,2025-01,2.0,1.0,1.0,3.0,1,0,0,0
H0303,2025-01,1.0,4.0,2.0,0.0,0,0,0,0
H0304,2025-01,2.0,1.0,1.0,1.0,0,0,0,0
H0305,2025-01,2.0,0.0,2.0,1.0,1,0,0,0
H0306,2025-01,1.0,1.0,0.0,2.0,0,0,0,0
H0307,2025-01,1.0,0.0,0.0,0.0,0,0,1,0
H0308,2025-01,0.0,3.0,0.0,0.0,0,0,0,0
H0309,2025-01,2.0,1.0,1.0,0.0,0,0,0,0
H0310,2025-01,1.0,0.0,0.0,1.0,0,0,0,0
H0311,2025-01,1.0,2.0,0.0,0.0,0,0,0,0
H0312,2025-01,0.0,0.0,0.0,0.0,0,0,0,0
H0313,2025-01,0.0,1.0,0.0,0.0,0,0,0,0
H0314,2025-01,2.0,0.0,0.0,0.0,0,0,0,0
H0315,2025-01,1.0,0.0,1.0,3.0,0,0,0,0
H0316,2025-01,4.0,1.0,0.0,0.0,0,0,0,0
H0317,2025-01,1.0,3.0,0.0,0.0,0,0,0,0
H0318,2025-01,0.0,1.0,0.0,1.0,0,0,0,1
H0319,2025-01,2.0,1.0,1.0,0.0,0,0,0,0
H0320,2025-01,3.0,1.0,0.0,1.0,0,0,0,0
H0321,2025-01,1.0,1.0,0.0,1.0,0,0,0,0
H0322,2025-01,2.0,2.0,0.0,1.0,0,0,0,0
H0323,2025-01,2.0,1.0,2.0,1.0,0,0,0,0
H0324,2025-01,0.0,1.0,0.0,0.0,0,0,0,0
H0325,2025-01,2.0,2.0,0.0,0.0,0,0,0,0
H0326,2025-01,1.0,3.0,1.0,0.0,0,0,0,0
H0327,2025-01,2.0,1.0,1.0,1.0,0,0,0,0
H0328,2025-01,2.0,1.0,1.0,1.0,0,0,0,0
H0329,2025-01,0.0,3.0,0.0,0.0,0,0,0,0
H0330,2025-01,1.0,0.0,0.0,0.0,0,0,0,0
H0331,2025-01,2.0,3.0,0.0,1.0,0,0,0,0
H0332,2025-01,0.0,0.0,1.0,0.0,0,0,0,0
H0333,2025-01,0.0,2.0,0.0,0.0,0,0,0,0
H0334,2025-01,0.0,1.0,1.0,1.0,0,0,0,0
H0335,2025-01,2.0,0.0,0.0,0.0,0,0,0,0
H0336,2025-01,2.0,0.0,0.0,1.0,0,0,0,0
H0337,2025-01,1.0,2.0,0.0,1.0,0,0,1,0
H0338,2025-01,2.0,2.0,1.0,1.0,0,0,0,0
H0339,2025-01,2.0,0.0,1.0,2.0,1,0,0,0
H0340,2025-01,0.0,0.0,0.0,1.0,0,0,0,0
H0341,2025-01,0.0,0.0,1.0,1.0,0,0,0,0
H0342,2025-01,4.0,2.0,1.0,2.0,0,0,0,0
H0343,2025-01,5.0,1.0,0.0,1.0,0,0,0,1
H0344,2025-01,2.0,0.0,1.0,1.0,1,0,0,0
H0345,2025-01,0.0,1.0,0.0,0.0,0,0,0,0
H0346,2025-01,6.0,0.0,0.0,0.0,0,0,0,0
H0347,2025-01,0.0,1.0,1.0,0.0,0,0,0,0
H0348,2025-01,1.0,1.0,1.0,0.0,0,0,0,0
H0349,2025-01,2.0,1.0,0.0,0.0,0,0,0,0
H0350,2025-01,1.0,2.0,0.0,0.0,0,0,0,0
H0351,2025-01,1.0,1.0,0.0,1.0,0,0,0,0
H0352,2025-01,2.0,1.0,1.0,0.0,0,0,0,0
H0353,2025-01,1.0,3.0,0.0,1.0,0,0,0,0
H0354,2025-01,1.0,1.0,0.0,2.0,0,0,0,0
H0355,2025-01,0.0,2.0,0.0,1.0,0,0,0,0
H0356,2025-01,1.0,1.0,1.0,0.0,0,0,0,0
H0357,2025-01,1.0,0.0,1.0,1.0,0,0,0,0
H0358,2025-01,2.0,1.0,0.0,1.0,0,0,0,0
H0359,2025-01,2.0,1.0,0.0,0.0,0,0,0,0
H0360,2025-01,1.0,1.0,2.0,0.0,0,0,0,0
H0361,2025-01,2.0,0.0,0.0,1.0,0,0,0,0
H0362,2025-01,3.0,1.0,2.0,3.0,0,0,0,0
H0363,2025-01,3.0,1.0,2.0,0.0,0,0,0,0
H0364,2025-01,1.0,1.0,0.0,1.0,0,0,0,0
H0365,2025-01,2.0,2.0,0.0,2.0,0,0,0,0
H0366,2025-01,0.0,1.0,0.0,0.0,0,0,0,0
H0367,2025-01,4.0,1.0,1.0,1.0,0,0,0,1
H0368,2025-01,5.0,0.0,0.0,3.0,0,0,0,0
H0369,2025-01,0.0,2.0,0.0,2.0,0,0,0,0
H0370,2025-01,2.0,2.0,1.0,1.0,0,0,0,0
H0371,2025-01,1.0,1.0,0.0,2.0,0,0,0,0
H0372,2025-01,4.0,2.0,0.0,0.0,0,0,0,0
H0373,2025-01,3.0,2.0,1.0,2.0,0,0,0,0
H0374,2025-01,1.0,0.0,0.0,0.0,0,0,0,0
H0375,2025-01,1.0,0.0,1.0,2.0,0,0,0,0
H0376,2025-01,2.0,2.0,1.0,1.0,0,0,0,0
H0377,2025-01,1.0,0.0,1.0,1.0,0,0,0,0
H0378,2025-01,3.0,1.0,0.0,0.0,0,0,0,0
H0379,2025-01,0.0,0.0,0.0,2.0,0,0,0,0
H0380,2025-01,1.0,1.0,2.0,1.0,0,0,0,0
H0381,2025-01,2.0,2.0,0.0,0.0,0,0,0,0
H0382,2025-01,2.0,1.0,0.0,1.0,0,0,0,0
H0383,2025-01,0.0,2.0,0.0,0.0,0,0,0,0
H0384,2025-01,1.0,2.0,0.0,2.0,0,0,0,0
H0385,2025-01,2.0,2.0,1.0,1.0,1,0,0,0
H0386,2025-01,2.0,2.0,1.0,1.0,0,0,0,0
H0387,2025-01,2.0,2.0,1.0,0.0,0,0,0,0
H0388,2025-01,2.0,0.0,0.0,1.0,0,0,0,0
H0389,2025-01,2.0,2.0,1.0,1.0,0,0,0,0
H0390,2025-01,3.0,1.0,3.0,2.0,0,1,0,0
H0391,2025-01,0.0,1.0,0.0,0.0,0,0,0,0
H0392,2025-01,1.0,4.0,0.0,1.0,0,0,0,1
H0393,2025-01,1.0,1.0,1.0,0.0,0,0,0,0
H0394,2025-01,3.0,1.0,0.0,2.0,0,0,0,0
H0395,2025-01,1.0,3.0,0.0,1.0,0,0,0,1
H0396,2025-01,1.0,2.0,0.0,0.0,0,0,1,0
H0397,2025-01,1.0,0.0,0.0,2.0,0,0,0,0
H0398,2025-01,1.0,0.0,2.0,2.0,0,0,0,0
H0399,2025-01,3.0,2.0,0.0,0.0,0,0,0,0
H0400,2025-01,1.0,0.0,1.0,0.0,0,0,0,0
H0401,2025-01,0.0,0.0,1.0,0.0,0,0,0,0
H0402,2025-01,1.0,2.0,0.0,0.0,0,0,0,0
H0403,2025-01,2.0,0.0,0.0,1.0,1,0,0,0
H0404,2025-01,1.0,0.0,0.0,0.0,0,0,0,0
H0405,2025-01,3.0,3.0,0.0,1.0,0,0,0,0
H0406,2025-01,0.0,1.0,1.0,1.0,0,0,0,0
H0407,2025-01,3.0,1.0,2.0,3.0,0,0,0,0
H0408,2025-01,1.0,2.0,0.0,1.0,0,0,0,0
H0409,2025-01,1.0,1.0,0.0,1.0,0,0,0,0
H0410,2025-01,1.0,1.0,0.0,1.0,0,0,0,0
H0411,2025-01,4.0,1.0,1.0,0.0,0,0,0,0
H0412,2025-01,3.0,2.0,0.0,1.0,0,0,0,0
H0413,2025-01,1.0,1.0,0.0,2.0,0,0,0,0
H0414,2025-01,1.0,0.0,0.0,1.0,0,0,0,0
H0415,2025-01,2.0,1.0,2.0,2.0,0,0,0,0
H0416,2025-01,2.0,3.0,2.0,0.0,0,0,0,0
H0417,2025-01,1.0,1.0,1.0,0.0,0,0,0,0
H0418,2025-01,1.0,0.0,0.0,2.0,0,0,0,0
H0419,2025-01,1.0,0.0,3.0,0.0,0,0,0,0
H0420,2025-01,2.0,1.0,1.0,0.0,0,0,0,0
H0421,2025-01,2.0,0.0,0.0,1.0,0,0,0,0
H0422,2025-01,0.0,1.0,1.0,5.0,0,0,0,0
H0423,2025-01,2.0,0.0,2.0,2.0,0,0,0,0
H0424,2025-01,3.0,2.0,0.0,0.0,0,0,0,0
H0425,2025-01,0.0,1.0,0.0,0.0,0,0,0,0
H0426,2025-01,2.0,0.0,1.0,2.0,0,0,0,0
H0427,2025-01,1.0,2.0,0.0,0.0,0,0,0,0
H0428,2025-01,2.0,3.0,0.0,2.0,0,0,0,0
H0429,2025-01,1.0,2.0,0.0,1.0,0,0,0,0
H0430,2025-01,3.0,2.0,1.0,0.0,0,0,0,0
H0431,2025-01,3.0,1.0,1.0,1.0,0,1,0,0
H0432,2025-01,0.0,1.0,0.0,1.0,0,0,0,0
H0433,2025-01,4.0,1.0,1.0,1.0,0,0,0,0
H0434,2025-01,1.0,2.0,0.0,2.0,0,0,0,0
H0435,2025-01,2.0,2.0,0.0,1.0,1,0,0,0
H0436,2025-01,0.0,0.0,1.0,0.0,0,0,0,0
H0437,2025-01,1.0,2.0,0.0,0.0,0,0,0,0
H0438,2025-01,2.0,0.0,1.0,2.0,0,0,0,0
H0439,2025-01,1.0,0.0,1.0,1.0,0,0,0,0
H0440,2025-01,1.0,1.0,2.0,0.0,0,0,0,0
H0441,2025-01,3.0,1.0,1.0,0.0,0,0,0,0
H0442,2025-01,0.0,3.0,0.0,1.0,0,0,0,0
H0443,2025-01,2.0,2.0,0.0,2.0,0,0,0,0
H0444,2025-01,0.0,0.0,0.0,0.0,0,0,0,0
H0445,2025-01,2.0,0.0,1.0,2.0,0,0,0,0
H0446,2025-01,2.0,2.0,0.0,0.0,0,0,0,0
H0447,2025-01,2.0,4.0,0.0,0.0,0,0,0,0
H0448,2025-01,1.0,0.0,1.0,0.0,0,0,0,0
H0449,2025-01,5.0,1.0,0.0,0.0,0,0,0,0
H0450,2025-01,2.0,1.0,1.0,1.0,0,0,0,0
H0451,2025-01,2.0,0.0,1.0,1.0,0,0,0,0
H0452,2025-01,2.0,3.0,1.0,2.0,0,0,0,0
H0453,2025-01,4.0,1.0,0.0,0.0,0,0,0,0
H0454,2025-01,3.0,1.0,0.0,1.0,0,0,0,0
H0455,2025-01,1.0,1.0,0.0,4.0,0,0,0,0
H0456,2025-01,0.0,1.0,1.0,0.0,0,0,0,0
H0457,2025-01,2.0,1.0,1.0,0.0,0,0,0,0
H0458,2025-01,0.0,2.0,0.0,1.0,0,0,0,0
H0459,2025-01,2.0,0.0,0.0,0.0,0,0,0,0
H0460,2025-01,1.0,1.0,1.0,1.0,0,1,0,0
H0461,2025-01,0.0,1.0,0.0,0.0,0,0,0,0
H0462,2025-01,1.0,1.0,0.0,0.0,0,1,0,0
H0463,2025-01,2.0,3.0,0.0,0.0,0,0,0,0
H0464,2025-01,3.0,0.0,0.0,0.0,0,0,0,0
H0465,2025-01,0.0,1.0,1.0,0.0,0,1,0,0
H0466,2025-01,2.0,2.0,0.0,0.0,0,0,0,0
H0467,2025-01,4.0,1.0,2.0,1.0,0,0,0,0
H0468,2025-01,3.0,1.0,0.0,2.0,0,0,0,0
H0469,2025-01,3.0,0.0,1.0,1.0,0,0,0,0
H0470,2025-01,0.0,1.0,0.0,0.0,0,0,0,0
H0471,2025-01,2.0,4.0,1.0,0.0,1,0,0,0
H0472,2025-01,6.0,0.0,1.0,0.0,0,0,0,0
H0473,2025-01,5.0,2.0,0.0,2.0,0,0,0,0
H0474,2025-01,0.0,1.0,0.0,0.0,0,0,0,0
H0475,2025-01,1.0,4.0,0.0,2.0,0,0,0,0
H0476,2025-01,1.0,1.0,0.0,2.0,0,0,0,0
H0477,2025-01,1.0,4.0,2.0,1.0,0,0,0,1
H0478,2025-01,1.0,1.0,1.0,0.0,0,0,0,0
H0479,2025-01,0.0,1.0,0.0,3.0,0,1,0,0
H0480,2025-01,3.0,1.0,0.0,1.0,0,0,0,0
H0481,2025-01,0.0,0.0,1.0,0.0,0,0,0,0
H0482,2025-01,4.0,0.0,0.0,1.0,0,0,0,0
H0483,2025-01,2.0,1.0,0.0,1.0,0,0,0,0
H0484,2025-01,0.0,1.0,0.0,0.0,0,1,0,0
H0485,2025-01,3.0,0.0,2.0,0.0,0,0,0,0
H0486,2025-01,0.0,0.0,0.0,1.0,0,0,0,0
H0487,2025-01,3.0,0.0,0.0,0.0,0,0,0,0
H0488,2025-01,3.0,2.0,0.0,0.0,0,0,0,0
H0489,2025-01,4.0,1.0,0.0,0.0,0,0,0,0
H0490,2025-01,2.0,2.0,1.0,3.0,0,0,0,0
H0491,2025-01,3.0,0.0,1.0,0.0,0,0,0,0
H0492,2025-01,0.0,1.0,0.0,3.0,0,0,0,0
H0493,2025-01,3.0,0.0,1.0,0.0,0,0,0,0
H0494,2025-01,0.0,2.0,0.0,0.0,0,0,0,0
H0495,2025-01,2.0,1.0,0.0,0.0,0,0,0,0
H0496,2025-01,1.0,1.0,0.0,0.0,0,0,0,0
H0497,2025-01,0.0,2.0,0.0,1.0,0,0,0,0
H0498,2025-01,2.0,3.0,0.0,0.0,0,0,0,0
H0499,2025-01,3.0,1.0,0.0,2.0,0,0,0,0
H0500,2025-01,0.0,1.0,2.0,0.0,0,0,0,0
H0501,2025-01,0.0,2.0,2.0,3.0,0,0,0,0
H0502,2025-01,0.0,0.0,0.0,2.0,0,0,0,0
H0503,2025-01,4.0,3.0,2.0,0.0,0,0,0,0
H0504,2025-01,3.0,1.0,0.0,2.0,0,1,0,0
H0505,2025-01,0.0,1.0,1.0,2.0,0,0,0,0
H0506,2025-01,2.0,0.0,0.0,0.0,0,0,0,0
H0507,2025-01,3.0,2.0,0.0,0.0,0,0,0,0
H0508,2025-01,2.0,1.0,1.0,1.0,0,0,0,0
H0509,2025-01,1.0,1.0,0.0,1.0,0,0,0,1
H0510,2025-01,6.0,1.0,1.0,4.0,0,0,0,0
H0511,2025-01,1.0,1.0,1.0,0.0,0,0,0,0
H0512,2025-01,1.0,2.0,1.0,0.0,0,0,0,0
H0513,2025-01,2.0,1.0,2.0,1.0,0,1,0,0
H0514,2025-01,1.0,3.0,1.0,0.0,0,0,0,0
H0515,2025-01,0.0,1.0,0.0,0.0,0,0,0,0
H0516,2025-01,1.0,0.0,0.0,1.0,0,0,1,0
H0517,2025-01,2.0,1.0,0.0,0.0,0,0,0,0
H0518,2025-01,1.0,1.0,1.0,1.0,0,0,0,0
H0519,2025-01,1.0,0.0,2.0,3.0,0,0,0,0
H0520,2025-01,1.0,2.0,0.0,0.0,0,0,0,0
H0521,2025-01,3.0,1.0,0.0,1.0,0,0,1,0
H0522,2025-01,3.0,0.0,0.0,2.0,0,0,0,0
H0523,2025-01,0.0,3.0,1.0,1.0,0,0,0,0
H0524,2025-01,1.0,2.0,1.0,0.0,0,0,0,0
H0525,2025-01,2.0,0.0,1.0,0.0,0,0,0,0
H0526,2025-01,1.0,0.0,1.0,2.0,0,0,0,0
H0527,2025-01,1.0,2.0,1.0,1.0,0,0,0,0
H0528,2025-01,1.0,0.0,0.0,0.0,0,0,1,0
H0529,2025-01,2.0,0.0,1.0,2.0,0,0,0,0
H0530,2025-01,1.0,3.0,0.0,1.0,0,0,0,0
H0531,2025-01,0.0,0.0,0.0,1.0,0,0,0,0
H0532,2025-01,2.0,1.0,0.0,1.0,0,0,0,0
H0533,2025-01,2.0,0.0,2.0,0.0,0,0,0,0
H0534,2025-01,2.0,2.0,0.0,1.0,0,0,0,0
H0535,2025-01,1.0,3.0,0.0,2.0,0,0,0,0
H0536,2025-01,2.0,0.0,0.0,2.0,0,0,0,0
H0537,2025-01,4.0,1.0,0.0,0.0,0,0,0,0
H0538,2025-01,0.0,0.0,1.0,1.0,0,0,0,0
H0539,2025-01,1.0,1.0,0.0,2.0,0,1,0,0
H0540,2025-01,2.0,1.0,1.0,1.0,0,0,0,0
H0541,2025-01,5.0,1.0,0.0,3.0,0,1,0,0
H0542,2025-01,1.0,1.0,0.0,0.0,0,0,0,0
H0543,2025-01,8.0,0.0,0.0,0.0,0,0,0,0
H0544,2025-01,0.0,2.0,1.0,0.0,0,0,0,0
H0545,2025-01,0.0,1.0,1.0,0.0,0,0,0,0
H0546,2025-01,3.0,1.0,0.0,1.0,0,0,0,0
H0547,2025-01,1.0,0.0,1.0,1.0,0,0,0,0
H0548,2025-01,2.0,1.0,0.0,0.0,0,0,0,0
H0549,2025-01,2.0,1.0,0.0,1.0,1,0,0,0
H0550,2025-01,3.0,0.0,0.0,2.0,0,0,0,0
H0551,2025-01,1.0,1.0,0.0,3.0,0,0,0,0
H0552,2025-01,1.0,3.0,1.0,1.0,0,0,0,0
H0553,2025-01,0.0,4.0,0.0,0.0,0,0,0,0
H0554,2025-01,2.0,0.0,0.0,1.0,1,0,0,0
H0555,2025-01,1.0,3.0,0.0,0.0,0,0,0,0
H0556,2025-01,2.0,1.0,1.0,0.0,0,0,0,0
H0557,2025-01,0.0,0.0,1.0,1.0,0,0,0,0
H0558,2025-01,0.0,1.0,0.0,0.0,0,0,0,0
H0559,2025-01,3.0,0.0,1.0,2.0,0,0,0,0
H0560,2025-01,0.0,2.0,0.0,0.0,0,0,0,0
H0561,2025-01,2.0,0.0,0.0,0.0,1,0,0,0
H0562,2025-01,1.0,0.0,0.0,1.0,0,0,0,0
H0563,2025-01,2.0,2.0,0.0,2.0,0,0,1,0
H0564,2025-01,1.0,4.0,0.0,3.0,0,0,0,0
H0565,2025-01,1.0,2.0,1.0,0.0,0,0,0,0
H0566,2025-01,2.0,1.0,1.0,1.0,0,0,0,1
H0567,2025-01,3.0,2.0,1.0,1.0,0,0,0,0
H0568,2025-01,1.0,0.0,1.0,1.0,0,0,0,0
H0569,2025-01,1.0,1.0,0.0,1.0,0,0,1,1
H0570,2025-01,2.0,0.0,1.0,0.0,0,0,0,0
H0571,2025-01,3.0,3.0,1.0,0.0,0,0,0,0
H0572,2025-01,1.0,3.0,0.0,1.0,0,0,0,0
H0573,2025-01,1.0,2.0,2.0,1.0,0,0,0,0
H0574,2025-01,2.0,0.0,0.0,0.0,0,0,0,0
H0575,2025-01,4.0,0.0,0.0,0.0,0,0,0,0
H0576,2025-01,1.0,2.0,0.0,0.0,0,0,0,0
H0577,2025-01,1.0,0.0,0.0,0.0,0,0,0,0
H0578,2025-01,2.0,3.0,1.0,0.0,0,0,0,0
H0579,2025-01,1.0,2.0,0.0,1.0,0,0,0,0
H0580,2025-01,4.0,3.0,1.0,1.0,0,0,0,0
H0581,2025-01,2.0,3.0,0.0,0.0,0,0,0,0
H0582,2025-01,1.0,2.0,0.0,0.0,0,0,0,0
H0583,2025-01,1.0,1.0,0.0,1.0,0,0,0,0
H0584,2025-01,1.0,0.0,0.0,1.0,0,0,0,0
H0585,2025-01,1.0,2.0,1.0,0.0,0,0,0,0
H0586,2025-01,1.0,2.0,3.0,0.0,0,0,0,0
H0587,2025-01,1.0,2.0,1.0,1.0,0,0,0,0
H0588,2025-01,1.0,0.0,0.0,0.0,0,0,0,0
H0589,2025-01,2.0,1.0,2.0,0.0,0,0,0,0
H0590,2025-01,2.0,0.0,1.0,2.0,0,0,0,0
H0591,2025-01,1.0,2.0,1.0,0.0,0,0,0,0
H0592,2025-01,2.0,1.0,0.0,1.0,0,0,0,0
H0593,2025-01,4.0,3.0,0.0,0.0,0,0,0,0
H0594,2025-01,2.0,1.0,0.0,0.0,0,1,0,0
H0595,2025-01,1.0,3.0,0.0,0.0,0,0,0,0
H0596,2025-01,1.0,3.0,0.0,0.0,0,0,0,0
H0597,2025-01,3.0,0.0,0.0,2.0,0,0,1,0
H0598,2025-01,1.0,2.0,1.0,0.0,0,0,0,0
H0599,2025-01,1.0,1.0,1.0,0.0,0,0,0,0
H0600,2025-01,1.0,2.0,1.0,1.0,0,0,0,0
C0001,2025-01,0.0,0.0,1.0,0.0,0,0,0,0
C0002,2025-01,1.0,1.0,0.0,0.0,0,0,0,0
C0003,2025-01,2.0,1.0,1.0,0.0,1,0,0,0
C0004,2025-01,3.0,1.0,1.0,1.0,0,0,0,0
C0005,2025-01,2.0,0.0,1.0,1.0,0,0,0,0
C0006,2025-01,1.0,2.0,0.0,2.0,0,0,0,0
C0007,2025-01,1.0,1.0,0.0,2.0,0,0,0,0
C0008,2025-01,3.0,1.0,0.0,1.0,0,0,0,0
C0009,2025-01,1.0,1.0,0.0,1.0,0,0,0,0
C0010,2025-01,3.0,1.0,1.0,0.0,0,0,0,0
C0011,2025-01,1.0,1.0,1.0,0.0,0,0,0,0
C0012,2025-01,2.0,0.0,1.0,0.0,0,0,0,0
C0013,2025-01,2.0,0.0,0.0,0.0,0,0,0,0
C0014,2025-01,1.0,0.0,0.0,1.0,0,0,0,0
C0015,2025-01,2.0,2.0,1.0,1.0,0,0,0,1
C0016,2025-01,1.0,2.0,0.0,0.0,0,0,0,0
C0017,2025-01,0.0,1.0,0.0,0.0,0,0,0,0
C0018,2025-01,1.0,2.0,0.0,2.0,0,0,0,0
C0019,2025-01,0.0,4.0,0.0,0.0,0,0,0,0
C0020,2025-01,2.0,2.0,1.0,0.0,0,0,0,0
C0021,2025-01,1.0,0.0,0.0,1.0,0,0,1,0
C0022,2025-01,2.0,0.0,2.0,0.0,0,0,0,0
C0023,2025-01,0.0,0.0,1.0,0.0,0,0,0,0
C0024,2025-01,2.0,2.0,1.0,0.0,0,0,0,0
C0025,2025-01,2.0,1.0,0.0,0.0,0,0,1,0
C0026,2025-01,2.0,2.0,2.0,1.0,0,0,0,0
C0027,2025-01,2.0,2.0,1.0,0.0,0,0,0,0
C0028,2025-01,0.0,1.0,0.0,0.0,0,1,0,0
C0029,2025-01,1.0,1.0,3.0,0.0,0,0,0,0
C0030,2025-01,1.0,2.0,0.0,4.0,0,0,0,0
C0031,2025-01,3.0,3.0,0.0,1.0,0,0,0,0
C0032,2025-01,0.0,1.0,0.0,2.0,0,0,0,0
C0033,2025-01,1.0,2.0,1.0,0.0,0,0,0,0
C0034,2025-01,3.0,3.0,0.0,1.0,0,0,0,0
C0035,2025-01,2.0,2.0,0.0,1.0,0,0,0,1
C0036,2025-01,2.0,0.0,2.0,1.0,0,0,0,0
C0037,2025-01,0.0,2.0,0.0,2.0,0,0,0,0
C0038,2025-01,1.0,1.0,0.0,0.0,0,0,0,0
C0039,2025-01,1.0,2.0,0.0,0.0,0,0,0,0
C0040,2025-01,0.0,2.0,1.0,0.0,0,0,0,0
C0041,2025-01,4.0,3.0,0.0,0.0,0,0,0,0
C0042,2025-01,0.0,0.0,0.0,1.0,0,0,0,1
C0043,2025-01,1.0,1.0,0.0,1.0,0,1,1,0
C0044,2025-01,2.0,1.0,1.0,1.0,0,0,0,0
C0045,2025-01,1.0,2.0,0.0,1.0,0,0,0,0
C0046,2025-01,2.0,2.0,0.0,0.0,0,0,0,0
C0047,2025-01,0.0,1.0,2.0,1.0,0,0,0,1
C0048,2025-01,4.0,0.0,0.0,2.0,0,0,0,0
C0049,2025-01,2.0,1.0,1.0,1.0,1,0,0,0
C0050,2025-01,2.0,0.0,2.0,2.0,0,0,0,0
C0051,2025-01,2.0,1.0,0.0,1.0,1,0,0,0
C0052,2025-01,0.0,0.0,1.0,0.0,0,0,0,0
C0053,2025-01,2.0,3.0,0.0,0.0,0,0,0,0
C0054,2025-01,2.0,1.0,0.0,2.0,0,0,0,0
C0055,2025-01,1.0,2.0,1.0,2.0,0,0,0,0
C0056,2025-01,1.0,2.0,1.0,1.0,0,0,0,1
C0057,2025-01,0.0,0.0,1.0,1.0,0,0,0,0
C0058,2025-01,2.0,1.0,0.0,0.0,1,0,0,0
C0059,2025-01,2.0,0.0,1.0,0.0,0,0,0,0
C0060,2025-01,1.0,0.0,0.0,2.0,0,0,0,0
C0061,2025-01,2.0,2.0,1.0,1.0,0,0,0,0
C0062,2025-01,2.0,1.0,0.0,1.0,1,0,0,0
C0063,2025-01,2.0,0.0,0.0,1.0,0,0,1,0
C0064,2025-01,4.0,3.0,0.0,0.0,0,0,0,0
C0065,2025-01,3.0,1.0,0.0,2.0,0,0,0,0
C0066,2025-01,2.0,2.0,0.0,2.0,0,0,0,0
C0067,2025-01,2.0,0.0,1.0,0.0,0,0,0,0
C0068,2025-01,1.0,2.0,0.0,1.0,0,0,0,0
C0069,2025-01,1.0,0.0,1.0,1.0,0,0,0,0
C0070,2025-01,2.0,1.0,0.0,1.0,0,0,0,0
C0071,2025-01,3.0,1.0,1.0,0.0,0,0,0,0
C0072,2025-01,3.0,0.0,0.0,0.0,0,0,0,0
C0073,2025-01,2.0,1.0,0.0,0.0,0,0,0,0
C0074,2025-01,3.0,1.0,0.0,2.0,0,0,0,0
C0075,2025-01,3.0,1.0,0.0,1.0,0,0,0,0
C0076,2025-01,2.0,1.0,0.0,1.0,0,0,0,0
C0077,2025-01,4.0,1.0,1.0,0.0,0,0,0,0
C0078,2025-01,1.0,2.0,1.0,1.0,0,0,0,0
C0079,2025-01,1.0,0.0,1.0,0.0,0,0,0,0
C0080,2025-01,2.0,0.0,0.0,2.0,0,0,0,0
C0081,2025-01,1.0,0.0,0.0,2.0,0,0,0,0
C0082,2025-01,0.0,1.0,0.0,0.0,0,0,0,0
C0083,2025-01,2.0,2.0,0.0,0.0,0,0,0,0
C0084,2025-01,2.0,0.0,0.0,1.0,0,0,1,0
C0085,2025-01,2.0,0.0,0.0,0.0,0,0,0,0
C0086,2025-01,1.0,0.0,0.0,0.0,0,0,0,0
C0087,2025-01,4.0,1.0,1.0,1.0,0,0,0,1
C0088,2025-01,0.0,0.0,0.0,0.0,0,0,0,0
C0089,2025-01,2.0,0.0,0.0,1.0,0,0,1,0
C0090,2025-01,2.0,1.0,0.0,3.0,0,0,0,0
C0091,2025-01,4.0,2.0,1.0,2.0,0,0,0,0
C0092,2025-01,2.0,1.0,0.0,1.0,0,0,0,0
C0093,2025-01,2.0,1.0,1.0,0.0,0,0,0,0
C0094,2025-01,3.0,1.0,1.0,0.0,0,0,0,0
C0095,2025-01,3.0,0.0,0.0,0.0,0,0,0,0
C0096,2025-01,2.0,2.0,0.0,0.0,0,0,0,0
C0097,2025-01,2.0,3.0,0.0,1.0,0,0,0,0
C0098,2025-01,2.0,2.0,0.0,1.0,0,0,0,1
C0099,2025-01,2.0,0.0,0.0,2.0,1,0,0,0
C0100,2025-01,2.0,1.0,1.0,0.0,0,0,0,0
C0101,2025-01,0.0,0.0,0.0,1.0,0,0,0,1
C0102,2025-01,0.0,2.0,1.0,1.0,0,0,0,1
C0103,2025-01,0.0,0.0,1.0,2.0,0,0,0,0
C0104,2025-01,0.0,3.0,2.0,0.0,0,0,0,0
C0105,2025-01,1.0,1.0,1.0,2.0,0,0,0,0
C0106,2025-01,1.0,3.0,0.0,0.0,0,0,0,0
C0107,2025-01,0.0,2.0,0.0,0.0,0,0,1,0
C0108,2025-01,0.0,1.0,0.0,0.0,0,0,0,0
C0109,2025-01,0.0,3.0,1.0,0.0,0,0,0,0
C0110,2025-01,1.0,1.0,0.0,0.0,0,0,0,0
C0111,2025-01,2.0,0.0,1.0,1.0,0,0,0,0
C0112,2025-01,0.0,1.0,1.0,1.0,0,0,0,0
C0113,2025-01,2.0,1.0,1.0,0.0,0,0,0,0
C0114,2025-01,6.0,3.0,1.0,0.0,0,0,0,0
C0115,2025-01,2.0,1.0,3.0,2.0,0,0,0,0
C0116,2025-01,0.0,1.0,0.0,3.0,0,0,1,0
C0117,2025-01,3.0,4.0,1.0,0.0,0,0,0,0
C0118,2025-01,1.0,0.0,2.0,5.0,0,0,0,0
C0119,2025-01,2.0,1.0,0.0,0.0,0,0,0,0
C0120,2025-01,1.0,3.0,0.0,1.0,0,0,0,0
C0121,2025-01,0.0,0.0,1.0,1.0,0,0,0,0
C0122,2025-01,1.0,0.0,0.0,2.0,0,0,0,0
C0123,2025-01,2.0,1.0,1.0,0.0,1,0,0,0
C0124,2025-01,6.0,3.0,0.0,1.0,0,0,0,0
C0125,2025-01,0.0,4.0,0.0,0.0,0,0,0,0
C0126,2025-01,2.0,0.0,0.0,2.0,0,0,0,0
C0127,2025-01,1.0,1.0,0.0,0.0,0,0,0,0
C0128,2025-01,1.0,1.0,0.0,1.0,0,0,1,0
C0129,2025-01,0.0,1.0,1.0,0.0,0,0,0,0
C0130,2025-01,3.0,0.0,0.0,0.0,0,0,0,0
C0131,2025-01,3.0,4.0,0.0,2.0,0,0,0,0
C0132,2025-01,1.0,2.0,1.0,2.0,0,0,0,0
C0133,2025-01,1.0,2.0,2.0,1.0,0,0,0,0
C0134,2025-01,2.0,1.0,0.0,0.0,0,1,0,0
C0135,2025-01,1.0,2.0,1.0,0.0,0,0,0,0
C0136,2025-01,4.0,2.0,0.0,0.0,0,0,0,0
C0137,2025-01,2.0,3.0,1.0,2.0,1,0,0,0
C0138,2025-01,1.0,0.0,2.0,1.0,0,0,0,0
C0139,2025-01,1.0,1.0,0.0,2.0,0,0,0,0
C0140,2025-01,4.0,0.0,0.0,2.0,0,0,0,0
C0141,2025-01,2.0,3.0,0.0,0.0,0,0,0,0
C0142,2025-01,0.0,3.0,1.0,0.0,0,0,0,0
C0143,2025-01,2.0,1.0,2.0,4.0,0,0,0,0
C0144,2025-01,1.0,0.0,1.0,2.0,0,0,0,0
C0145,2025-01,2.0,0.0,0.0,1.0,0,0,0,1
C0146,2025-01,2.0,3.0,0.0,0.0,0,0,0,0
C0147,2025-01,1.0,1.0,0.0,0.0,0,0,1,0
C0148,2025-01,3.0,0.0,0.0,0.0,0,0,0,0
C0149,2025-01,0.0,0.0,0.0,0.0,0,0,0,0
C0150,2025-01,2.0,1.0,0.0,0.0,0,0,0,0
C0151,2025-01,3.0,1.0,0.0,2.0,0,0,0,0
C0152,2025-01,0.0,3.0,2.0,0.0,0,0,0,0
C0153,2025-01,3.0,1.0,2.0,1.0,0,0,0,0
C0154,2025-01,0.0,1.0,1.0,2.0,0,0,0,0
C0155,2025-01,0.0,3.0,0.0,1.0,0,0,0,0
C0156,2025-01,0.0,0.0,0.0,1.0,0,0,1,1
C0157,2025-01,4.0,1.0,1.0,1.0,0,0,0,0
C0158,2025-01,2.0,0.0,0.0,0.0,0,0,0,0
C0159,2025-01,3.0,0.0,0.0,0.0,0,0,1,0
C0160,2025-01,3.0,0.0,0.0,1.0,0,0,0,1
C0161,2025-01,2.0,0.0,0.0,0.0,1,0,0,0
C0162,2025-01,1.0,1.0,0.0,1.0,0,0,0,0
C0163,2025-01,1.0,1.0,1.0,1.0,0,0,0,0
C0164,2025-01,2.0,1.0,0.0,2.0,0,0,0,0
C0165,2025-01,2.0,1.0,2.0,2.0,0,0,0,0
C0166,2025-01,0.0,4.0,1.0,0.0,0,0,0,0
C0167,2025-01,1.0,1.0,0.0,2.0,0,0,0,0
C0168,2025-01,2.0,0.0,1.0,0.0,0,0,0,0
C0169,2025-01,0.0,0.0,0.0,2.0,0,0,0,0
C0170,2025-01,2.0,1.0,0.0,0.0,0,0,0,0
C0171,2025-01,1.0,0.0,0.0,0.0,0,0,0,0
C0172,2025-01,1.0,3.0,0.0,1.0,0,0,0,0
C0173,2025-01,2.0,0.0,1.0,1.0,0,0,0,0
C0174,2025-01,1.0,1.0,0.0,1.0,0,0,0,0
C0175,2025-01,4.0,0.0,1.0,1.0,0,0,0,0
C0176,2025-01,1.0,1.0,1.0,1.0,0,0,0,1
C0177,2025-01,2.0,2.0,0.0,0.0,0,0,0,0
C0178,2025-01,1.0,0.0,0.0,0.0,0,0,0,0
C0179,2025-01,1.0,0.0,0.0,1.0,0,0,0,0
C0180,2025-01,1.0,0.0,1.0,0.0,0,0,0,0
C0181,2025-01,0.0,2.0,0.0,1.0,0,0,0,0
C0182,2025-01,1.0,0.0,0.0,1.0,0,0,0,0
C0183,2025-01,1.0,3.0,1.0,3.0,0,0,0,0
C0184,2025-01,6.0,1.0,0.0,0.0,0,0,0,0
C0185,2025-01,1.0,2.0,0.0,1.0,0,0,1,0
C0186,2025-01,2.0,0.0,1.0,0.0,0,0,0,0
C0187,2025-01,1.0,1.0,1.0,1.0,0,0,0,0
C0188,2025-01,0.0,1.0,0.0,1.0,0,0,0,0
C0189,2025-01,1.0,1.0,0.0,1.0,0,0,0,0
C0190,2025-01,2.0,2.0,1.0,0.0,0,0,0,0
C0191,2025-01,5.0,1.0,0.0,0.0,0,1,0,0
C0192,2025-01,3.0,1.0,1.0,0.0,0,0,0,0
C0193,2025-01,2.0,1.0,0.0,1.0,0,0,0,0
C0194,2025-01,3.0,0.0,0.0,0.0,0,0,0,0
C0195,2025-01,2.0,0.0,1.0,0.0,0,0,0,0
C0196,2025-01,4.0,0.0,0.0,2.0,0,0,0,0
C0197,2025-01,1.0,0.0,2.0,1.0,0,0,0,0
C0198,2025-01,1.0,1.0,1.0,1.0,0,1,0,0
C0199,2025-01,1.0,2.0,0.0,0.0,0,0,0,0
C0200,2025-01,2.0,3.0,0.0,1.0,0,0,0,1
C0201,2025-01,1.0,1.0,1.0,0.0,0,0,0,0
C0202,2025-01,1.0,1.0,0.0,0.0,0,0,0,0
C0203,2025-01,3.0,1.0,0.0,1.0,0,0,0,0
C0204,2025-01,1.0,0.0,0.0,0.0,0,0,0,0
C0205,2025-01,3.0,0.0,2.0,1.0,0,0,0,0
C0206,2025-01,2.0,1.0,3.0,1.0,0,0,0,0
C0207,2025-01,2.0,0.0,0.0,2.0,0,0,0,0
C0208,2025-01,3.0,2.0,1.0,0.0,0,0,0,0
C0209,2025-01,0.0,3.0,0.0,0.0,0,0,0,0
C0210,2025-01,1.0,3.0,0.0,0.0,0,0,0,0
C0211,2025-01,2.0,0.0,0.0,2.0,1,0,0,0
C0212,2025-01,1.0,0.0,1.0,0.0,0,0,0,0
C0213,2025-01,2.0,1.0,0.0,1.0,0,1,0,0
C0214,2025-01,1.0,3.0,1.0,2.0,0,0,0,0
C0215,2025-01,0.0,1.0,0.0,2.0,0,0,0,0
C0216,2025-01,2.0,0.0,0.0,0.0,0,0,0,0
C0217,2025-01,2.0,0.0,0.0,1.0,0,0,0,0
C0218,2025-01,2.0,0.0,1.0,0.0,0,0,0,0
C0219,2025-01,0.0,1.0,1.0,0.0,0,1,0,0
C0220,2025-01,2.0,0.0,1.0,1.0,0,0,0,0
C0221,2025-01,2.0,2.0,0.0,0.0,0,0,0,0
C0222,2025-01,5.0,0.0,0.0,0.0,0,0,0,0
C0223,2025-01,1.0,4.0,0.0,0.0,0,0,0,0
C0224,2025-01,2.0,1.0,2.0,2.0,0,0,0,0
C0225,2025-01,1.0,1.0,1.0,2.0,0,0,0,0
C0226,2025-01,1.0,0.0,1.0,1.0,0,0,0,0
C0227,2025-01,1.0,1.0,0.0,1.0,0,0,0,0
C0228,2025-01,4.0,1.0,0.0,1.0,0,0,0,0
C0229,2025-01,2.0,1.0,0.0,0.0,0,0,0,0
C0230,2025-01,2.0,3.0,1.0,0.0,0,0,0,0
C0231,2025-01,1.0,1.0,0.0,0.0,0,0,0,0
C0232,2025-01,0.0,0.0,1.0,0.0,0,0,0,0
C0233,2025-01,0.0,0.0,0.0,0.0,0,0,0,0
C0234,2025-01,3.0,2.0,1.0,0.0,0,0,0,0
C0235,2025-01,4.0,0.0,0.0,0.0,0,0,1,0
C0236,2025-01,1.0,4.0,0.0,2.0,0,0,0,0
C0237,2025-01,3.0,2.0,0.0,1.0,0,0,0,0
C0238,2025-01,0.0,2.0,0.0,0.0,0,0,0,0
C0239,2025-01,1.0,2.0,0.0,1.0,0,0,0,0
C0240,2025-01,3.0,1.0,1.0,1.0,0,0,0,0
C0241,2025-01,3.0,4.0,0.0,1.0,0,0,0,0
C0242,2025-01,1.0,1.0,1.0,0.0,0,0,0,0
C0243,2025-01,3.0,1.0,1.0,1.0,0,0,0,0
C0244,2025-01,2.0,1.0,1.0,0.0,0,0,0,0
C0245,2025-01,0.0,1.0,0.0,0.0,0,0,1,0
C0246,2025-01,1.0,0.0,0.0,1.0,0,0,0,0
C0247,2025-01,3.0,1.0,3.0,1.0,0,0,0,0
C0248,2025-01,1.0,1.0,1.0,1.0,0,0,0,0
C0249,2025-01,1.0,1.0,1.0,1.0,0,0,0,0
C0250,2025-01,0.0,4.0,2.0,0.0,0,0,0,0
C0251,2025-01,0.0,1.0,1.0,3.0,0,0,0,0
C0252,2025-01,1.0,2.0,0.0,1.0,0,0,0,0
C0253,2025-01,0.0,1.0,0.0,1.0,0,0,0,0
C0254,2025-01,1.0,2.0,0.0,0.0,0,0,0,0
C0255,2025-01,2.0,1.0,0.0,0.0,0,0,0,0
C0256,2025-01,0.0,2.0,1.0,1.0,0,0,0,0
C0257,2025-01,0.0,1.0,0.0,0.0,0,0,0,0
C0258,2025-01,2.0,2.0,2.0,0.0,0,0,0,0
C0259,2025-01,1.0,0.0,0.0,1.0,0,0,0,0
C0260,2025-01,0.0,1.0,1.0,1.0,0,0,0,0
C0261,2025-01,2.0,0.0,0.0,0.0,0,0,0,0
C0262,2025-01,2.0,1.0,3.0,0.0,1,0,0,0
C0263,2025-01,2.0,2.0,0.0,0.0,0,0,0,0
C0264,2025-01,0.0,1.0,2.0,1.0,0,0,0,0
C0265,2025-01,3.0,3.0,0.0,1.0,0,0,0,0
C0266,2025-01,3.0,2.0,0.0,0.0,0,0,0,0
C0267,2025-01,1.0,1.0,1.0,0.0,0,1,0,0
C0268,2025-01,3.0,2.0,1.0,1.0,0,0,0,0
C0269,2025-01,2.0,1.0,1.0,1.0,0,0,0,1
C0270,2025-01,0.0,3.0,1.0,0.0,0,0,0,0
C0271,2025-01,1.0,1.0,1.0,0.0,0,0,0,0
C0272,2025-01,2.0,2.0,0.0,0.0,0,0,0,0
C0273,2025-01,2.0,3.0,0.0,0.0,0,0,0,0
C0274,2025-01,2.0,1.0,1.0,0.0,1,0,0,0
C0275,2025-01,0.0,3.0,0.0,1.0,0,0,1,0
C0276,2025-01,6.0,2.0,0.0,1.0,0,0,0,0
C0277,2025-01,1.0,0.0,0.0,1.0,0,0,0,0
C0278,2025-01,3.0,0.0,0.0,0.0,0,0,0,0
C0279,2025-01,2.0,1.0,0.0,1.0,0,0,0,0
C0280,2025-01,2.0,0.0,0.0,1.0,0,0,0,0
C0281,2025-01,1.0,3.0,0.0,1.0,0,0,0,0
C0282,2025-01,1.0,3.0,1.0,0.0,0,0,0,0
C0283,2025-01,2.0,3.0,1.0,0.0,0,0,0,0
C0284,2025-01,2.0,0.0,0.0,0.0,0,0,0,0
C0285,2025-01,1.0,1.0,0.0,1.0,0,0,0,0
C0286,2025-01,2.0,0.0,0.0,3.0,0,0,0,0
C0287,2025-01,3.0,1.0,0.0,1.0,0,0,0,0
C0288,2025-01,3.0,3.0,0.0,1.0,0,0,0,0
C0289,2025-01,3.0,1.0,1.0,2.0,0,1,0,0
C0290,2025-01,0.0,0.0,0.0,3.0,0,0,1,0
C0291,2025-01,2.0,1.0,1.0,1.0,0,0,0,0
C0292,2025-01,2.0,1.0,0.0,1.0,0,0,0,0
C0293,2025-01,1.0,1.0,1.0,1.0,0,0,0,0
C0294,2025-01,2.0,1.0,0.0,2.0,0,0,0,0
C0295,2025-01,1.0,1.0,2.0,1.0,0,0,0,0
C0296,2025-01,3.0,1.0,2.0,1.0,0,1,0,0
C0297,2025-01,1.0,0.0,0.0,2.0,0,0,0,0
C0298,2025-01,2.0,3.0,1.0,4.0,0,0,0,0
C0299,2025-01,0.0,1.0,0.0,3.0,0,0,0,0
C0300,2025-01,1.0,2.0,0.0,0.0,0,0,0,0
C0301,2025-01,2.0,0.0,0.0,1.0,0,0,0,0
C0302,2025-01,0.0,1.0,0.0,1.0,0,0,0,0
C0303,2025-01,0.0,0.0,0.0,1.0,0,0,0,0
C0304,2025-01,3.0,1.0,0.0,0.0,0,0,0,0
C0305,2025-01,0.0,2.0,1.0,1.0,0,0,0,0
C0306,2025-01,2.0,1.0,0.0,2.0,0,0,0,0
C0307,2025-01,0.0,2.0,1.0,2.0,0,0,0,0
C0308,2025-01,0.0,3.0,1.0,2.0,0,0,0,0
C0309,2025-01,2.0,0.0,1.0,0.0,1,0,0,0
C0310,2025-01,1.0,3.0,0.0,1.0,0,0,0,0
C0311,2025-01,1.0,0.0,0.0,1.0,0,0,1,0
C0312,2025-01,1.0,4.0,0.0,0.0,0,0,0,0
C0313,2025-01,0.0,2.0,0.0,2.0,0,0,0,0
C0314,2025-01,1.0,1.0,1.0,0.0,0,0,0,0
C0315,2025-01,1.0,0.0,1.0,3.0,0,0,0,0
C0316,2025-01,3.0,1.0,0.0,0.0,0,0,0,0
C0317,2025-01,1.0,2.0,2.0,1.0,0,0,0,0
C0318,2025-01,2.0,2.0,0.0,1.0,1,0,0,0
C0319,2025-01,3.0,3.0,0.0,1.0,0,0,0,1
C0320,2025-01,5.0,0.0,1.0,0.0,0,0,0,0
C0321,2025-01,0.0,1.0,0.0,1.0,0,0,0,0
C0322,2025-01,2.0,0.0,1.0,0.0,0,0,0,0
C0323,2025-01,5.0,1.0,0.0,1.0,0,0,0,0
C0324,2025-01,3.0,2.0,0.0,2.0,0,0,1,0
C0325,2025-01,0.0,3.0,0.0,0.0,0,0,0,0
C0326,2025-01,3.0,0.0,0.0,2.0,0,0,0,0
C0327,2025-01,4.0,0.0,1.0,1.0,0,0,0,0
C0328,2025-01,2.0,3.0,1.0,0.0,0,0,0,0
C0329,2025-01,1.0,2.0,1.0,0.0,0,0,0,0
C0330,2025-01,1.0,1.0,0.0,1.0,0,1,0,0
C0331,2025-01,2.0,2.0,0.0,0.0,0,0,0,0
C0332,2025-01,5.0,2.0,2.0,1.0,0,0,0,0
C0333,2025-01,3.0,0.0,0.0,2.0,0,0,0,0
C0334,2025-01,3.0,1.0,0.0,0.0,0,0,0,0
C0335,2025-01,2.0,0.0,0.0,0.0,0,0,0,0
C0336,2025-01,2.0,3.0,0.0,0.0,0,0,0,0
C0337,2025-01,2.0,2.0,1.0,0.0,0,0,0,0
C0338,2025-01,0.0,1.0,3.0,1.0,0,0,0,0
C0339,2025-01,3.0,3.0,0.0,1.0,0,0,0,0
C0340,2025-01,2.0,1.0,0.0,0.0,0,0,0,0
C0341,2025-01,5.0,0.0,0.0,0.0,0,0,0,0
C0342,2025-01,1.0,1.0,0.0,1.0,0,0,0,1
C0343,2025-01,2.0,1.0,2.0,2.0,0,0,0,0
C0344,2025-01,1.0,2.0,0.0,1.0,0,0,0,0
C0345,2025-01,2.0,1.0,0.0,1.0,0,0,0,0
C0346,2025-01,5.0,1.0,1.0,1.0,0,0,0,0
C0347,2025-01,1.0,1.0,0.0,0.0,0,0,0,0
C0348,2025-01,2.0,1.0,1.0,1.0,0,0,0,0
C0349,2025-01,4.0,1.0,0.0,1.0,0,0,0,0
C0350,2025-01,0.0,3.0,0.0,0.0,0,0,1,0
C0351,2025-01,2.0,2.0,2.0,1.0,0,0,0,0
C0352,2025-01,1.0,1.0,1.0,1.0,0,0,0,0
C0353,2025-01,2.0,0.0,1.0,0.0,1,0,0,0
C0354,2025-01,0.0,1.0,2.0,0.0,0,0,0,0
C0355,2025-01,1.0,1.0,0.0,2.0,0,0,0,0
C0356,2025-01,2.0,0.0,1.0,0.0,0,0,0,0
C0357,2025-01,2.0,0.0,1.0,0.0,0,0,0,0
C0358,2025-01,0.0,3.0,0.0,2.0,0,0,0,0
C0359,2025-01,4.0,1.0,0.0,2.0,0,0,1,0
C0360,2025-01,0.0,1.0,1.0,1.0,0,0,0,0
C0361,2025-01,0.0,1.0,0.0,0.0,0,0,0,0
C0362,2025-01,1.0,2.0,0.0,2.0,0,0,0,0
C0363,2025-01,0.0,1.0,0.0,0.0,0,0,0,0
C0364,2025-01,0.0,2.0,1.0,0.0,0,0,0,0
C0365,2025-01,0.0,2.0,0.0,1.0,0,0,1,0
C0366,2025-01,2.0,0.0,1.0,0.0,0,0,0,0
C0367,2025-01,2.0,2.0,0.0,0.0,0,0,0,0
C0368,2025-01,1.0,0.0,2.0,1.0,0,0,0,0
C0369,2025-01,3.0,0.0,1.0,0.0,0,0,0,0
C0370,2025-01,0.0,0.0,0.0,1.0,0,0,0,0
C0371,2025-01,0.0,0.0,0.0,0.0,0,0,0,0
C0372,2025-01,2.0,1.0,1.0,0.0,0,0,0,0
C0373,2025-01,0.0,1.0,1.0,0.0,0,0,0,0
C0374,2025-01,1.0,2.0,0.0,2.0,0,0,0,0
C0375,2025-01,2.0,1.0,2.0,0.0,0,0,0,0
C0376,2025-01,5.0,0.0,0.0,0.0,0,0,0,0
C0377,2025-01,1.0,1.0,1.0,2.0,0,0,0,0
C0378,2025-01,2.0,2.0,0.0,0.0,0,0,0,0
C0379,2025-01,3.0,1.0,0.0,2.0,0,0,0,0
C0380,2025-01,0.0,4.0,1.0,0.0,0,0,0,0
C0381,2025-01,1.0,0.0,0.0,1.0,0,0,0,1
C0382,2025-01,1.0,0.0,0.0,1.0,0,0,0,0
C0383,2025-01,1.0,1.0,0.0,0.0,0,0,0,0
C0384,2025-01,3.0,3.0,0.0,1.0,0,0,0,0
C0385,2025-01,1.0,0.0,0.0,0.0,0,0,0,0
C0386,2025-01,2.0,1.0,1.0,1.0,0,0,0,0
C0387,2025-01,2.0,3.0,0.0,0.0,0,0,0,0
C0388,2025-01,1.0,1.0,1.0,2.0,0,0,0,0
C0389,2025-01,5.0,3.0,0.0,2.0,0,0,0,0
C0390,2025-01,3.0,1.0,0.0,0.0,0,0,0,0
C0391,2025-01,1.0,1.0,1.0,3.0,0,0,0,0
C0392,2025-01,2.0,1.0,1.0,0.0,0,0,0,0
C0393,2025-01,0.0,1.0,0.0,0.0,0,0,0,0
C0394,2025-01,1.0,1.0,0.0,0.0,0,0,1,0
C0395,2025-01,1.0,2.0,0.0,3.0,0,0,0,0
C0396,2025-01,1.0,1.0,0.0,0.0,0,0,0,0
C0397,2025-01,5.0,2.0,0.0,0.0,0,0,0,0
C0398,2025-01,0.0,1.0,0.0,0.0,0,0,0,0
C0399,2025-01,2.0,3.0,0.0,2.0,0,0,0,0
C0400,2025-01,5.0,0.0,2.0,1.0,0,0,0,0
C0401,2025-01,2.0,2.0,0.0,2.0,0,0,0,0
C0402,2025-01,3.0,0.0,0.0,1.0,0,0,0,0
C0403,2025-01,3.0,0.0,1.0,1.0,0,0,0,0
C0404,2025-01,3.0,1.0,0.0,0.0,0,0,0,0
C0405,2025-01,1.0,1.0,0.0,1.0,0,0,0,0
C0406,2025-01,0.0,3.0,0.0,0.0,0,0,0,0
C0407,2025-01,2.0,0.0,0.0,1.0,0,0,0,0
C0408,2025-01,2.0,0.0,3.0,1.0,0,0,0,0
C0409,2025-01,4.0,0.0,0.0,0.0,0,0,0,0
C0410,2025-01,4.0,1.0,1.0,1.0,0,1,0,0
C0411,2025-01,3.0,1.0,0.0,0.0,0,0,0,0
C0412,2025-01,2.0,2.0,1.0,1.0,0,0,0,1
C0413,2025-01,2.0,0.0,0.0,1.0,0,0,0,0
C0414,2025-01,2.0,1.0,0.0,0.0,1,0,0,0
C0415,2025-01,2.0,1.0,1.0,1.0,0,0,0,0
C0416,2025-01,2.0,2.0,0.0,0.0,0,0,0,0
C0417,2025-01,3.0,0.0,0.0,1.0,0,0,0,1
C0418,2025-01,0.0,1.0,3.0,0.0,0,0,0,0
C0419,2025-01,2.0,1.0,0.0,0.0,1,0,0,0
C0420,2025-01,1.0,1.0,0.0,1.0,0,0,0,0
C0421,2025-01,0.0,2.0,0.0,0.0,0,0,0,0
C0422,2025-01,1.0,0.0,0.0,0.0,0,0,0,0
C0423,2025-01,0.0,0.0,1.0,1.0,0,0,0,0
C0424,2025-01,2.0,0.0,1.0,0.0,1,0,0,0
C0425,2025-01,3.0,0.0,1.0,1.0,0,0,0,0
C0426,2025-01,0.0,1.0,0.0,0.0,0,0,0,0
C0427,2025-01,1.0,1.0,2.0,0.0,0,1,0,0
C0428,2025-01,2.0,1.0,1.0,0.0,0,0,0,0
C0429,2025-01,2.0,0.0,0.0,1.0,0,0,0,0
C0430,2025-01,0.0,2.0,1.0,0.0,0,0,0,0
C0431,2025-01,2.0,1.0,1.0,1.0,0,1,0,0
C0432,2025-01,0.0,1.0,0.0,1.0,0,0,0,0
C0433,2025-01,3.0,2.0,0.0,0.0,0,0,0,0
C0434,2025-01,1.0,3.0,1.0,1.0,0,0,0,0
C0435,2025-01,2.0,1.0,0.0,2.0,0,0,0,0
C0436,2025-01,1.0,3.0,0.0,0.0,0,0,0,0
C0437,2025-01,2.0,0.0,0.0,2.0,0,0,1,0
C0438,2025-01,2.0,0.0,0.0,1.0,0,0,0,0
C0439,2025-01,4.0,0.0,1.0,0.0,0,0,0,0
C0440,2025-01,1.0,0.0,0.0,2.0,0,0,0,0
C0441,2025-01,3.0,1.0,0.0,2.0,0,0,0,0
C0442,2025-01,2.0,2.0,0.0,0.0,0,0,0,0
C0443,2025-01,0.0,1.0,3.0,1.0,0,0,0,0
C0444,2025-01,1.0,0.0,0.0,1.0,0,0,0,0
C0445,2025-01,2.0,1.0,1.0,1.0,0,0,0,0
C0446,2025-01,4.0,1.0,1.0,0.0,0,0,0,0
C0447,2025-01,1.0,1.0,0.0,1.0,0,0,0,0
C0448,2025-01,2.0,2.0,0.0,0.0,0,0,0,0
C0449,2025-01,2.0,1.0,0.0,0.0,0,0,0,0
C0450,2025-01,1.0,1.0,0.0,0.0,0,0,0,0
C0451,2025-01,0.0,0.0,0.0,0.0,0,0,0,0
C0452,2025-01,2.0,2.0,1.0,0.0,0,0,0,0
C0453,2025-01,1.0,1.0,1.0,0.0,0,0,0,0
C0454,2025-01,3.0,1.0,0.0,0.0,0,0,0,0
C0455,2025-01,3.0,1.0,0.0,0.0,0,0,0,0
C0456,2025-01,6.0,2.0,0.0,1.0,0,0,0,0
C0457,2025-01,0.0,0.0,0.0,1.0,0,0,0,0
C0458,2025-01,1.0,2.0,0.0,0.0,0,0,0,0
C0459,2025-01,3.0,3.0,0.0,0.0,0,0,0,0
C0460,2025-01,3.0,0.0,0.0,0.0,0,0,0,0
C0461,2025-01,0.0,2.0,2.0,1.0,0,0,0,0
C0462,2025-01,1.0,1.0,2.0,0.0,0,0,0,0
C0463,2025-01,1.0,2.0,0.0,0.0,0,0,0,0
C0464,2025-01,1.0,2.0,0.0,1.0,0,0,0,0
C0465,2025-01,0.0,1.0,0.0,2.0,0,0,0,0
C0466,2025-01,2.0,1.0,2.0,0.0,0,1,0,0
C0467,2025-01,0.0,2.0,0.0,0.0,0,0,0,0
C0468,2025-01,1.0,1.0,1.0,2.0,0,0,0,0
C0469,2025-01,1.0,0.0,0.0,1.0,0,0,0,0
C0470,2025-01,2.0,1.0,0.0,0.0,0,0,0,0
C0471,2025-01,7.0,3.0,2.0,2.0,0,0,0,0
C0472,2025-01,2.0,3.0,1.0,1.0,0,0,0,0
C0473,2025-01,1.0,1.0,0.0,3.0,0,0,0,0
C0474,2025-01,1.0,1.0,2.0,2.0,0,0,0,0
C0475,2025-01,1.0,1.0,0.0,0.0,0,0,0,0
C0476,2025-01,1.0,1.0,1.0,2.0,0,0,0,0
C0477,2025-01,1.0,2.0,0.0,1.0,0,0,0,0
C0478,2025-01,1.0,3.0,0.0,0.0,0,0,0,0
C0479,2025-01,2.0,1.0,0.0,0.0,0,0,0,0
C0480,2025-01,3.0,3.0,1.0,3.0,0,0,0,0
C0481,2025-01,2.0,4.0,0.0,1.0,0,0,0,0
C0482,2025-01,3.0,1.0,0.0,0.0,0,0,0,0
C0483,2025-01,3.0,0.0,0.0,3.0,0,0,0,0
C0484,2025-01,0.0,2.0,0.0,0.0,0,0,0,0
C0485,2025-01,0.0,2.0,0.0,0.0,0,0,0,0
C0486,2025-01,2.0,0.0,0.0,1.0,0,0,0,0
C0487,2025-01,1.0,1.0,2.0,1.0,0,0,0,0
C0488,2025-01,2.0,0.0,2.0,0.0,0,0,0,0
C0489,2025-01,4.0,1.0,1.0,2.0,0,0,0,0
C0490,2025-01,0.0,1.0,1.0,0.0,0,0,0,0
C0491,2025-01,0.0,2.0,0.0,0.0,0,0,0,0
C0492,2025-01,3.0,1.0,2.0,0.0,0,0,0,0
C0493,2025-01,3.0,0.0,1.0,1.0,0,0,0,0
C0494,2025-01,4.0,0.0,1.0,1.0,0,0,0,1
C0495,2025-01,1.0,1.0,0.0,2.0,0,0,0,0
C0496,2025-01,1.0,0.0,0.0,1.0,0,0,0,0
C0497,2025-01,0.0,0.0,0.0,0.0,0,0,0,0
C0498,2025-01,0.0,2.0,3.0,1.0,0,0,0,0
C0499,2025-01,2.0,1.0,3.0,3.0,0,0,0,0
C0500,2025-01,1.0,0.0,0.0,0.0,0,0,0,0
C0501,2025-01,1.0,1.0,0.0,3.0,0,0,0,0
C0502,2025-01,3.0,1.0,0.0,1.0,0,0,0,0
C0503,2025-01,1.0,2.0,0.0,0.0,0,0,0,0
C0504,2025-01,1.0,1.0,1.0,1.0,0,0,0,0
C0505,2025-01,2.0,0.0,0.0,1.0,0,0,0,0
C0506,2025-01,1.0,0.0,0.0,2.0,0,0,0,0
C0507,2025-01,2.0,1.0,2.0,2.0,0,0,0,0
C0508,2025-01,1.0,2.0,2.0,3.0,0,0,0,0
C0509,2025-01,2.0,1.0,1.0,2.0,1,0,0,0
C0510,2025-01,2.0,1.0,1.0,0.0,0,0,0,0
C0511,2025-01,1.0,1.0,1.0,0.0,0,0,0,0
C0512,2025-01,3.0,2.0,0.0,1.0,0,0,0,0
C0513,2025-01,0.0,1.0,2.0,1.0,0,0,0,0
C0514,2025-01,2.0,1.0,2.0,1.0,0,0,0,0
C0515,2025-01,1.0,1.0,1.0,2.0,0,0,0,0
C0516,2025-01,1.0,0.0,0.0,0.0,0,0,0,0
C0517,2025-01,0.0,0.0,0.0,2.0,0,0,0,0
C0518,2025-01,3.0,0.0,1.0,0.0,0,0,0,0
C0519,2025-01,2.0,2.0,1.0,2.0,0,0,0,0
C0520,2025-01,1.0,1.0,1.0,1.0,0,1,0,0
C0521,2025-01,0.0,4.0,1.0,2.0,0,0,0,0
C0522,2025-01,1.0,2.0,1.0,0.0,0,0,0,0
C0523,2025-01,2.0,1.0,0.0,0.0,0,0,0,0
C0524,2025-01,2.0,2.0,0.0,0.0,0,0,0,0
C0525,2025-01,3.0,0.0,0.0,2.0,0,0,0,0
C0526,2025-01,0.0,1.0,0.0,0.0,0,0,0,0
C0527,2025-01,1.0,1.0,0.0,0.0,0,0,0,0
C0528,2025-01,0.0,1.0,1.0,1.0,0,0,0,0
C0529,2025-01,2.0,0.0,1.0,0.0,0,0,0,0
C0530,2025-01,2.0,1.0,0.0,2.0,0,0,0,0
C0531,2025-01,2.0,1.0,2.0,1.0,0,0,0,1
C0532,2025-01,1.0,0.0,3.0,0.0,0,0,0,0
C0533,2025-01,2.0,2.0,0.0,3.0,0,0,0,0
C0534,2025-01,2.0,1.0,0.0,0.0,0,0,0,0
C0535,2025-01,2.0,0.0,1.0,1.0,0,0,0,0
C0536,2025-01,3.0,3.0,0.0,0.0,0,0,0,0
C0537,2025-01,1.0,2.0,0.0,1.0,0,0,0,0
C0538,2025-01,1.0,0.0,1.0,0.0,0,0,0,0
C0539,2025-01,1.0,1.0,2.0,0.0,0,0,0,0
C0540,2025-01,2.0,1.0,0.0,0.0,0,0,0,0
C0541,2025-01,2.0,1.0,2.0,2.0,0,0,0,0
C0542,2025-01,1.0,2.0,1.0,1.0,0,0,0,1
C0543,2025-01,3.0,2.0,2.0,1.0,0,0,0,0
C0544,2025-01,1.0,1.0,1.0,1.0,0,0,0,0
C0545,2025-01,3.0,0.0,2.0,1.0,0,0,0,0
C0546,2025-01,3.0,0.0,2.0,1.0,0,0,0,0
C0547,2025-01,2.0,0.0,1.0,0.0,0,0,0,0
C0548,2025-01,0.0,2.0,0.0,0.0,0,0,0,0
C0549,2025-01,0.0,2.0,0.0,2.0,0,0,0,0
C0550,2025-01,2.0,0.0,0.0,0.0,0,0,0,0
C0551,2025-01,0.0,2.0,0.0,1.0,0,0,0,0
C0552,2025-01,1.0,1.0,0.0,2.0,0,0,0,0
C0553,2025-01,0.0,2.0,1.0,1.0,0,0,0,0
C0554,2025-01,0.0,2.0,1.0,0.0,0,0,0,0
C0555,2025-01,2.0,1.0,0.0,1.0,0,0,0,0
C0556,2025-01,1.0,0.0,1.0,1.0,0,0,0,0
C0557,2025-01,2.0,0.0,0.0,1.0,1,0,0,0
C0558,2025-01,3.0,2.0,1.0,0.0,0,0,0,0
C0559,2025-01,2.0,1.0,0.0,1.0,0,1,0,0
C0560,2025-01,1.0,0.0,1.0,1.0,0,0,0,0
C0561,2025-01,1.0,1.0,1.0,1.0,0,0,0,0
C0562,2025-01,1.0,2.0,0.0,0.0,0,0,0,0
C0563,2025-01,2.0,1.0,0.0,0.0,0,0,0,0
C0564,2025-01,1.0,1.0,0.0,1.0,0,0,0,0
C0565,2025-01,2.0,3.0,2.0,0.0,1,0,0,0
C0566,2025-01,1.0,2.0,0.0,0.0,0,0,0,0
C0567,2025-01,1.0,2.0,2.0,5.0,0,0,0,0
C0568,2025-01,2.0,2.0,0.0,0.0,0,0,0,0
C0569,2025-01,1.0,1.0,0.0,0.0,0,0,0,0
C0570,2025-01,1.0,0.0,0.0,0.0,0,0,0,0
C0571,2025-01,3.0,2.0,0.0,3.0,0,0,0,0
C0572,2025-01,0.0,2.0,0.0,1.0,0,0,0,0
C0573,2025-01,2.0,2.0,1.0,0.0,0,0,0,0
C0574,2025-01,1.0,0.0,0.0,2.0,0,0,1,0
C0575,2025-01,3.0,3.0,1.0,0.0,0,0,0,0
C0576,2025-01,1.0,1.0,0.0,2.0,0,0,0,0
C0577,2025-01,4.0,4.0,0.0,1.0,0,0,0,0
C0578,2025-01,1.0,1.0,1.0,2.0,0,0,0,0
C0579,2025-01,4.0,1.0,1.0,2.0,0,0,0,0
C0580,2025-01,4.0,0.0,2.0,2.0,0,0,0,0
C0581,2025-01,3.0,2.0,1.0,1.0,0,0,0,0
C0582,2025-01,0.0,1.0,0.0,1.0,0,0,0,0
C0583,2025-01,3.0,1.0,0.0,0.0,0,0,0,0
C0584,2025-01,0.0,0.0,0.0,0.0,0,0,0,0
C0585,2025-01,4.0,1.0,0.0,1.0,0,0,0,0
C0586,2025-01,1.0,2.0,1.0,1.0,0,0,0,0
C0587,2025-01,3.0,1.0,1.0,0.0,0,0,0,0
C0588,2025-01,1.0,0.0,1.0,0.0,0,0,0,0
C0589,2025-01,0.0,3.0,1.0,0.0,0,0,0,0
C0590,2025-01,3.0,1.0,0.0,1.0,0,0,0,1
C0591,2025-01,1.0,0.0,3.0,0.0,0,0,0,0
C0592,2025-01,1.0,0.0,0.0,1.0,0,0,0,0
C0593,2025-01,1.0,0.0,3.0,1.0,0,0,0,0
C0594,2025-01,0.0,1.0,1.0,1.0,0,0,0,0
C0595,2025-01,1.0,1.0,1.0,1.0,0,0,0,0
C0596,2025-01,1.0,0.0,0.0,0.0,0,0,1,0
C0597,2025-01,3.0,2.0,1.0,1.0,0,0,0,0
C0598,2025-01,4.0,1.0,0.0,0.0,0,0,0,0
C0599,2025-01,1.0,2.0,0.0,0.0,0,0,0,0
C0600,2025-01,2.0,2.0,0.0,1.0,0,0,0,0
C0601,2025-01,3.0,1.0,1.0,1.0,0,0,0,0
C0602,2025-01,2.0,0.0,0.0,0.0,0,0,0,0
C0603,2025-01,1.0,0.0,0.0,0.0,0,0,0,0
C0604,2025-01,1.0,3.0,0.0,0.0,0,0,1,0
C0605,2025-01,2.0,1.0,0.0,0.0,1,0,0,0
C0606,2025-01,1.0,1.0,0.0,1.0,0,0,0,0
C0607,2025-01,1.0,0.0,1.0,1.0,0,0,0,0
C0608,2025-01,3.0,0.0,1.0,1.0,0,0,0,0
C0609,2025-01,3.0,2.0,0.0,1.0,0,0,1,0
C0610,2025-01,3.0,2.0,0.0,1.0,0,0,0,0
C0611,2025-01,2.0,1.0,1.0,2.0,1,0,0,0
C0612,2025-01,3.0,1.0,0.0,1.0,0,0,0,1
C0613,2025-01,1.0,0.0,1.0,1.0,0,0,0,0
C0614,2025-01,2.0,3.0,0.0,0.0,0,0,0,0
C0615,2025-01,1.0,1.0,1.0,0.0,0,0,0,0
C0616,2025-01,2.0,1.0,0.0,0.0,0,0,0,0
C0617,2025-01,3.0,0.0,0.0,1.0,0,0,0,0
C0618,2025-01,4.0,0.0,0.0,1.0,0,0,0,0
C0619,2025-01,1.0,1.0,0.0,2.0,0,0,0,0
C0620,2025-01,2.0,1.0,0.0,1.0,0,1,0,0
C0621,2025-01,3.0,0.0,0.0,0.0,0,0,0,0
C0622,2025-01,1.0,1.0,0.0,3.0,0,0,0,0
C0623,2025-01,1.0,1.0,0.0,0.0,0,1,0,0
C0624,2025-01,4.0,1.0,2.0,0.0,0,0,0,0
C0625,2025-01,2.0,2.0,2.0,1.0,0,0,0,1
C0626,2025-01,2.0,2.0,1.0,0.0,0,0,0,0
C0627,2025-01,2.0,2.0,1.0,1.0,0,0,0,0
C0628,2025-01,3.0,1.0,0.0,0.0,0,0,0,0
C0629,2025-01,2.0,1.0,2.0,0.0,0,0,0,0
C0630,2025-01,0.0,1.0,2.0,0.0,0,0,0,0
C0631,2025-01,1.0,0.0,0.0,1.0,0,0,0,0
C0632,2025-01,5.0,3.0,0.0,0.0,0,0,0,0
C0633,2025-01,2.0,1.0,1.0,0.0,0,0,0,0
C0634,2025-01,1.0,1.0,0.0,0.0,0,0,0,0
C0635,2025-01,2.0,0.0,0.0,0.0,0,0,0,0
C0636,2025-01,1.0,1.0,0.0,1.0,0,0,0,0
C0637,2025-01,2.0,1.0,0.0,0.0,0,0,0,0
C0638,2025-01,1.0,2.0,0.0,0.0,0,0,0,0
C0639,2025-01,1.0,2.0,0.0,0.0,0,0,0,0
C0640,2025-01,2.0,4.0,0.0,2.0,0,0,0,0
C0641,2025-01,2.0,2.0,0.0,1.0,0,0,0,0
C0642,2025-01,0.0,2.0,0.0,0.0,0,0,0,0
C0643,2025-01,2.0,2.0,0.0,0.0,0,0,0,0
C0644,2025-01,0.0,0.0,1.0,2.0,0,0,0,0
C0645,2025-01,1.0,1.0,0.0,1.0,0,0,0,0
C0646,2025-01,0.0,1.0,1.0,0.0,0,0,0,0
C0647,2025-01,2.0,0.0,2.0,0.0,0,0,0,0
C0648,2025-01,2.0,0.0,0.0,0.0,0,0,0,0
C0649,2025-01,1.0,0.0,0.0,0.0,0,0,0,0
C0650,2025-01,2.0,1.0,0.0,1.0,0,0,0,0
C0651,2025-01,1.0,0.0,2.0,0.0,0,0,0,0
C0652,2025-01,2.0,2.0,2.0,0.0,0,0,0,0
C0653,2025-01,0.0,1.0,1.0,0.0,0,0,0,0
C0654,2025-01,0.0,4.0,0.0,0.0,0,0,0,0
C0655,2025-01,2.0,2.0,0.0,0.0,1,0,0,0
C0656,2025-01,2.0,3.0,2.0,0.0,0,0,0,0
C0657,2025-01,1.0,1.0,1.0,0.0,0,0,0,0
C0658,2025-01,5.0,1.0,1.0,0.0,0,0,0,0
C0659,2025-01,0.0,1.0,0.0,2.0,0,0,0,0
C0660,2025-01,0.0,1.0,0.0,2.0,0,0,0,0
C0661,2025-01,2.0,2.0,2.0,1.0,0,0,0,0
C0662,2025-01,2.0,2.0,0.0,1.0,0,0,0,0
C0663,2025-01,2.0,1.0,0.0,1.0,0,0,0,0
C0664,2025-01,1.0,0.0,1.0,1.0,0,0,0,0
C0665,2025-01,2.0,1.0,1.0,2.0,0,0,0,0
C0666,2025-01,0.0,2.0,0.0,2.0,0,0,0,0
C0667,2025-01,2.0,3.0,1.0,1.0,1,0,0,0
C0668,2025-01,3.0,0.0,0.0,3.0,0,0,0,0
C0669,2025-01,3.0,3.0,0.0,0.0,0,0,0,0
C0670,2025-01,1.0,1.0,0.0,0.0,0,0,0,0
C0671,2025-01,3.0,1.0,0.0,0.0,0,1,0,0
C0672,2025-01,2.0,0.0,0.0,2.0,1,0,0,0
C0673,2025-01,0.0,0.0,1.0,0.0,0,0,0,0
C0674,2025-01,2.0,0.0,0.0,3.0,0,0,0,0
C0675,2025-01,1.0,0.0,0.0,1.0,0,0,1,0
C0676,2025-01,3.0,0.0,0.0,0.0,0,0,0,0
C0677,2025-01,2.0,1.0,0.0,1.0,0,0,0,0
C0678,2025-01,1.0,1.0,1.0,0.0,0,0,0,0
C0679,2025-01,2.0,0.0,1.0,3.0,0,0,0,0
C0680,2025-01,2.0,1.0,0.0,0.0,0,0,0,0
C0681,2025-01,1.0,0.0,0.0,2.0,0,0,0,0
C0682,2025-01,1.0,2.0,1.0,0.0,0,0,0,0
C0683,2025-01,3.0,1.0,1.0,1.0,0,0,0,1
C0684,2025-01,2.0,1.0,1.0,0.0,0,1,0,0
C0685,2025-01,1.0,0.0,0.0,1.0,0,0,0,1
C0686,2025-01,0.0,1.0,1.0,0.0,0,1,0,0
C0687,2025-01,3.0,2.0,0.0,1.0,0,0,0,0
C0688,2025-01,1.0,1.0,1.0,1.0,0,0,0,1
C0689,2025-01,0.0,2.0,1.0,0.0,0,0,0,0
C0690,2025-01,0.0,1.0,0.0,2.0,0,0,0,0
C0691,2025-01,2.0,0.0,0.0,0.0,0,0,0,0
C0692,2025-01,0.0,1.0,0.0,1.0,0,0,0,0
C0693,2025-01,2.0,0.0,0.0,2.0,0,0,0,0
C0694,2025-01,3.0,0.0,0.0,2.0,0,0,0,0
C0695,2025-01,2.0,1.0,0.0,0.0,0,0,0,0
C0696,2025-01,4.0,2.0,0.0,2.0,0,0,0,0
C0697,2025-01,3.0,1.0,0.0,0.0,0,1,0,0
C0698,2025-01,0.0,1.0,0.0,1.0,0,0,0,0
C0699,2025-01,2.0,3.0,0.0,0.0,0,0,0,0
C0700,2025-01,1.0,1.0,0.0,0.0,0,0,0,0
C0701,2025-01,0.0,0.0,1.0,2.0,0,0,0,0
C0702,2025-01,2.0,3.0,0.0,0.0,0,0,0,0
C0703,2025-01,3.0,2.0,1.0,1.0,0,0,0,0
C0704,2025-01,3.0,1.0,0.0,0.0,0,0,0,0
C0705,2025-01,1.0,1.0,0.0,0.0,0,0,1,0
C0706,2025-01,3.0,0.0,3.0,1.0,0,0,0,0
C0707,2025-01,1.0,1.0,0.0,0.0,0,0,0,0
C0708,2025-01,2.0,0.0,0.0,2.0,0,0,0,0
C0709,2025-01,2.0,1.0,1.0,4.0,0,1,0,0
C0710,2025-01,3.0,1.0,0.0,1.0,0,0,0,0
C0711,2025-01,0.0,2.0,1.0,1.0,0,0,0,0
C0712,2025-01,2.0,1.0,0.0,1.0,0,0,0,0
C0713,2025-01,0.0,4.0,1.0,2.0,0,0,0,0
C0714,2025-01,6.0,1.0,0.0,2.0,0,0,0,0
C0715,2025-01,3.0,0.0,0.0,2.0,0,0,0,0
C0716,2025-01,4.0,1.0,0.0,1.0,0,0,0,0
C0717,2025-01,2.0,1.0,0.0,0.0,1,0,0,0
C0718,2025-01,4.0,2.0,2.0,2.0,0,0,0,0
C0719,2025-01,2.0,1.0,2.0,1.0,0,0,0,1
C0720,2025-01,2.0,2.0,2.0,0.0,1,0,0,0
C0721,2025-01,3.0,0.0,0.0,0.0,0,0,0,0
C0722,2025-01,4.0,1.0,3.0,1.0,0,0,0,0
C0723,2025-01,1.0,1.0,1.0,1.0,0,0,0,1
C0724,2025-01,2.0,2.0,2.0,2.0,1,0,0,0
C0725,2025-01,2.0,0.0,1.0,0.0,0,0,0,0
C0726,2025-01,0.0,1.0,2.0,0.0,0,0,0,0
C0727,2025-01,1.0,0.0,0.0,0.0,0,0,0,0
C0728,2025-01,2.0,1.0,1.0,0.0,0,0,0,0
C0729,2025-01,1.0,1.0,0.0,1.0,0,0,0,0
C0730,2025-01,0.0,1.0,1.0,0.0,0,0,0,0
C0731,2025-01,0.0,1.0,0.0,0.0,0,0,0,0
C0732,2025-01,2.0,2.0,1.0,0.0,0,0,0,0
C0733,2025-01,2.0,1.0,1.0,1.0,0,0,0,0
C0734,2025-01,2.0,3.0,1.0,0.0,0,0,0,0
C0735,2025-01,1.0,1.0,2.0,1.0,0,0,0,1
C0736,2025-01,1.0,1.0,0.0,1.0,0,0,0,0
C0737,2025-01,2.0,0.0,0.0,2.0,0,0,0,0
C0738,2025-01,0.0,1.0,0.0,0.0,0,0,0,0
C0739,2025-01,1.0,1.0,0.0,1.0,0,1,0,0
C0740,2025-01,0.0,0.0,0.0,2.0,0,0,0,0
C0741,2025-01,1.0,3.0,1.0,0.0,0,0,0,0
C0742,2025-01,0.0,0.0,0.0,1.0,0,0,1,0
C0743,2025-01,1.0,0.0,0.0,0.0,0,0,0,0
C0744,2025-01,2.0,1.0,1.0,1.0,0,0,0,0
C0745,2025-01,2.0,1.0,0.0,2.0,0,0,0,0
C0746,2025-01,4.0,3.0,0.0,0.0,0,0,0,0
C0747,2025-01,1.0,0.0,0.0,0.0,0,0,0,0
C0748,2025-01,0.0,1.0,2.0,1.0,0,0,0,0
C0749,2025-01,1.0,1.0,0.0,0.0,0,0,0,0
C0750,2025-01,2.0,1.0,1.0,1.0,0,1,0,0
C0751,2025-01,5.0,1.0,0.0,0.0,0,0,0,0
C0752,2025-01,1.0,0.0,0.0,1.0,0,0,0,0
C0753,2025-01,1.0,1.0,0.0,1.0,0,0,0,0
C0754,2025-01,0.0,1.0,1.0,1.0,0,0,0,0
C0755,2025-01,1.0,2.0,1.0,0.0,0,0,0,0
C0756,2025-01,2.0,0.0,2.0,1.0,0,0,0,0
C0757,2025-01,3.0,1.0,1.0,0.0,0,0,0,0
C0758,2025-01,2.0,1.0,1.0,1.0,0,0,0,0
C0759,2025-01,3.0,1.0,0.0,1.0,0,0,0,0
C0760,2025-01,3.0,1.0,1.0,0.0,0,0,0,0
C0761,2025-01,1.0,1.0,1.0,0.0,0,0,0,0
C0762,2025-01,2.0,1.0,0.0,0.0,1,0,0,0
C0763,2025-01,2.0,3.0,2.0,3.0,0,0,0,0
C0764,2025-01,1.0,1.0,0.0,0.0,0,1,0,0
C0765,2025-01,3.0,0.0,0.0,0.0,0,0,0,0
C0766,2025-01,4.0,2.0,0.0,0.0,0,0,0,0
C0767,2025-01,0.0,0.0,1.0,1.0,0,0,0,1
C0768,2025-01,2.0,0.0,0.0,0.0,0,0,0,0
C0769,2025-01,0.0,0.0,0.0,0.0,0,0,0,0
C0770,2025-01,0.0,0.0,2.0,1.0,0,0,0,0
C0771,2025-01,0.0,1.0,1.0,0.0,0,0,0,0
C0772,2025-01,0.0,2.0,0.0,0.0,0,0,0,0
C0773,2025-01,3.0,1.0,0.0,1.0,0,0,0,0
C0774,2025-01,2.0,0.0,1.0,0.0,0,0,0,0
C0775,2025-01,2.0,2.0,0.0,2.0,0,0,0,0
C0776,2025-01,0.0,1.0,2.0,0.0,0,0,0,0
C0777,2025-01,3.0,0.0,1.0,1.0,0,0,0,0
C0778,2025-01,1.0,1.0,0.0,0.0,0,0,0,0
C0779,2025-01,1.0,0.0,1.0,1.0,0,0,0,0
C0780,2025-01,3.0,0.0,0.0,3.0,0,0,0,0
C0781,2025-01,2.0,1.0,1.0,1.0,0,0,0,0
C0782,2025-01,4.0,1.0,0.0,1.0,0,0,0,0
C0783,2025-01,2.0,1.0,0.0,0.0,1,0,0,0
C0784,2025-01,1.0,2.0,2.0,3.0,0,0,0,0
C0785,2025-01,3.0,1.0,0.0,0.0,0,0,0,0
C0786,2025-01,1.0,3.0,1.0,1.0,0,0,0,0
C0787,2025-01,1.0,1.0,0.0,0.0,0,0,1,0
C0788,2025-01,1.0,0.0,0.0,0.0,0,0,0,0
C0789,2025-01,1.0,0.0,1.0,4.0,0,0,0,0
C0790,2025-01,2.0,1.0,1.0,0.0,1,0,0,0
C0791,2025-01,0.0,1.0,2.0,0.0,0,0,0,0
C0792,2025-01,0.0,2.0,1.0,0.0,0,0,0,0
C0793,2025-01,2.0,2.0,0.0,1.0,0,0,0,0
C0794,2025-01,3.0,2.0,0.0,1.0,0,0,0,0
C0795,2025-01,4.0,2.0,2.0,0.0,0,0,0,0
C0796,2025-01,5.0,2.0,1.0,1.0,0,0,0,0
C0797,2025-01,2.0,1.0,0.0,0.0,0,0,0,0
C0798,2025-01,2.0,0.0,0.0,1.0,0,0,0,0
C0799,2025-01,2.0,3.0,1.0,0.0,1,0,0,0
C0800,2025-01,3.0,4.0,0.0,1.0,0,0,0,0
H0001,2025-02,2.0,1.0,2.0,2.0,1,1,0,0
H0002,2025-02,1.0,1.0,2.0,1.0,0,0,0,0
H0003,2025-02,0.0,0.0,1.0,1.0,0,0,0,1
H0004,2025-02,0.0,0.0,1.0,0.0,0,0,0,0
H0005,2025-02,2.0,3.0,0.0,1.0,0,0,0,0
H0006,2025-02,2.0,1.0,1.0,2.0,0,0,0,0
H0007,2025-02,2.0,0.0,1.0,1.0,0,0,0,0
H0008,2025-02,1.0,1.0,1.0,1.0,0,0,0,0
H0009,2025-02,3.0,0.0,1.0,2.0,0,0,0,0
H0010,2025-02,2.0,0.0,1.0,4.0,0,0,0,0
H0011,2025-02,0.0,2.0,0.0,0.0,0,0,0,0
H0012,2025-02,2.0,0.0,0.0,0.0,0,0,0,0
H0013,2025-02,2.0,2.0,1.0,0.0,1,0,0,0
H0014,2025-02,3.0,0.0,1.0,2.0,0,0,0,0
H0015,2025-02,3.0,1.0,1.0,0.0,0,0,0,0
H0016,2025-02,0.0,2.0,0.0,1.0,0,0,0,0
H0017,2025-02,2.0,2.0,1.0,2.0,0,0,0,0
H0018,2025-02,4.0,1.0,0.0,1.0,0,0,0,0
H0019,2025-02,1.0,0.0,2.0,1.0,0,0,0,1
H0020,2025-02,0.0,3.0,0.0,4.0,0,0,0,0
H0021,2025-02,4.0,0.0,0.0,2.0,0,0,0,0
H0022,2025-02,1.0,0.0,0.0,1.0,0,0,0,0
H0023,2025-02,3.0,1.0,1.0,1.0,0,0,0,0
H0024,2025-02,2.0,0.0,2.0,1.0,0,0,0,0
H0025,2025-02,0.0,2.0,0.0,0.0,0,0,0,0
H0026,2025-02,0.0,2.0,0.0,1.0,0,0,0,0
H0027,2025-02,1.0,0.0,0.0,0.0,0,0,0,0
H0028,2025-02,1.0,0.0,0.0,0.0,0,0,0,0
H0029,2025-02,1.0,1.0,0.0,0.0,0,0,0,0
H0030,2025-02,2.0,1.0,2.0,1.0,0,0,0,0
H0031,2025-02,2.0,1.0,0.0,1.0,0,0,0,0
H0032,2025-02,2.0,1.0,1.0,0.0,0,0,0,0
H0033,2025-02,3.0,2.0,0.0,1.0,0,0,0,0
H0034,2025-02,4.0,0.0,2.0,0.0,0,0,0,0
H0035,2025-02,2.0,2.0,2.0,1.0,0,0,0,0
H0036,2025-02,0.0,1.0,1.0,0.0,0,0,0,0
H0037,2025-02,5.0,2.0,1.0,1.0,0,0,0,0
H0038,2025-02,2.0,1.0,0.0,0.0,0,0,0,0
H0039,2025-02,1.0,2.0,0.0,0.0,0,0,0,0
H0040,2025-02,3.0,2.0,1.0,1.0,0,0,0,0
H0041,2025-02,2.0,0.0,2.0,0.0,0,0,0,0
H0042,2025-02,0.0,2.0,0.0,0.0,0,0,1,0
H0043,2025-02,1.0,2.0,0.0,1.0,0,0,0,0
H0044,2025-02,1.0,0.0,0.0,0.0,0,0,0,0
H0045,2025-02,4.0,2.0,0.0,2.0,0,0,0,0
H0046,2025-02,1.0,1.0,0.0,2.0,0,0,0,0
H0047,2025-02,1.0,0.0,0.0,1.0,0,0,0,0
H0048,2025-02,1.0,2.0,0.0,1.0,0,0,0,0
H0049,2025-02,1.0,3.0,3.0,1.0,0,0,0,0
H0050,2025-02,1.0,4.0,0.0,0.0,0,0,1,0
H0051,2025-02,3.0,1.0,0.0,1.0,0,0,0,0
H0052,2025-02,1.0,0.0,0.0,0.0,0,0,0,0
H0053,2025-02,3.0,1.0,0.0,3.0,0,0,0,0
H0054,2025-02,0.0,1.0,0.0,0.0,0,0,0,0
H0055,2025-02,2.0,1.0,0.0,1.0,0,0,0,0
H0056,2025-02,2.0,1.0,2.0,1.0,1,0,0,0
H0057,2025-02,0.0,1.0,0.0,0.0,0,0,0,0
H0058,2025-02,4.0,0.0,0.0,1.0,0,0,0,0
H0059,2025-02,1.0,0.0,1.0,0.0,0,0,0,0
H0060,2025-02,3.0,1.0,0.0,0.0,0,0,0,0
H0061,2025-02,1.0,0.0,0.0,0.0,0,0,0,0
H0062,2025-02,1.0,0.0,0.0,1.0,0,0,0,0
H0063,2025-02,3.0,1.0,0.0,1.0,0,0,0,0
H0064,2025-02,2.0,0.0,1.0,0.0,1,0,0,0
H0065,2025-02,0.0,1.0,1.0,0.0,0,0,0,0
H0066,2025-02,1.0,1.0,1.0,1.0,0,0,0,0
H0067,2025-02,3.0,3.0,0.0,1.0,0,0,0,0
H0068,2025-02,1.0,1.0,0.0,1.0,0,0,0,0
H0069,2025-02,2.0,1.0,0.0,1.0,0,0,0,0
H0070,2025-02,0.0,1.0,2.0,2.0,0,0,0,0
H0071,2025-02,2.0,1.0,1.0,1.0,1,0,0,0
H0072,2025-02,1.0,0.0,1.0,3.0,0,0,0,0
H0073,2025-02,2.0,1.0,0.0,1.0,1,0,0,0
H0074,2025-02,1.0,1.0,1.0,2.0,0,0,0,0
H0075,2025-02,2.0,1.0,0.0,0.0,0,0,1,0
H0076,2025-02,2.0,0.0,1.0,0.0,0,0,0,0
H0077,2025-02,3.0,2.0,0.0,0.0,0,0,0,0
H0078,2025-02,3.0,0.0,0.0,1.0,0,0,0,1
H0079,2025-02,2.0,1.0,1.0,0.0,0,1,0,0
H0080,2025-02,1.0,1.0,1.0,1.0,0,0,0,0
H0081,2025-02,1.0,0.0,1.0,1.0,0,0,0,0
H0082,2025-02,1.0,3.0,0.0,0.0,0,0,0,0
H0083,2025-02,2.0,1.0,0.0,1.0,0,0,0,0
H0084,2025-02,2.0,2.0,0.0,0.0,0,0,0,0
H0085,2025-02,4.0,0.0,2.0,0.0,0,0,0,0
H0086,2025-02,3.0,3.0,1.0,1.0,0,0,0,0
H0087,2025-02,1.0,1.0,0.0,0.0,0,0,0,0
H0088,2025-02,2.0,0.0,0.0,1.0,0,0,0,1
H0089,2025-02,3.0,2.0,0.0,0.0,0,0,0,0
H0090,2025-02,4.0,1.0,1.0,0.0,0,0,0,0
H0091,2025-02,2.0,3.0,0.0,0.0,1,0,1,0
H0092,2025-02,1.0,0.0,0.0,0.0,0,0,0,0
H0093,2025-02,2.0,1.0,1.0,1.0,0,0,0,0
H0094,2025-02,3.0,0.0,1.0,0.0,0,0,0,0
H0095,2025-02,1.0,1.0,0.0,0.0,0,1,0,0
H0096,2025-02,4.0,1.0,0.0,1.0,0,1,0,0
H0097,2025-02,3.0,0.0,0.0,0.0,0,0,0,0
H0098,2025-02,0.0,0.0,1.0,0.0,0,0,0,0
H0099,2025-02,3.0,2.0,0.0,2.0,0,0,0,0
H0100,2025-02,3.0,2.0,0.0,2.0,0,0,0,0
H0101,2025-02,1.0,0.0,0.0,1.0,0,0,0,0
H0102,2025-02,0.0,0.0,1.0,2.0,0,0,0,0
H0103,2025-02,4.0,0.0,1.0,1.0,0,0,0,0
H0104,2025-02,2.0,0.0,1.0,1.0,0,0,0,0
H0105,2025-02,1.0,0.0,1.0,1.0,0,0,0,0
H0106,2025-02,1.0,0.0,1.0,1.0,0,0,0,0
H0107,2025-02,2.0,1.0,0.0,2.0,0,0,0,0
H0108,2025-02,0.0,0.0,0.0,1.0,0,0,0,0
H0109,2025-02,3.0,0.0,1.0,1.0,0,0,0,0
H0110,2025-02,1.0,0.0,0.0,4.0,0,0,0,0
H0111,2025-02,0.0,2.0,1.0,0.0,0,0,0,0
H0112,2025-02,2.0,1.0,0.0,0.0,0,0,0,0
H0113,2025-02,2.0,1.0,0.0,1.0,0,0,0,0
H0114,2025-02,0.0,1.0,0.0,0.0,0,0,0,0
H0115,2025-02,1.0,2.0,2.0,0.0,0,0,0,0
H0116,2025-02,4.0,2.0,0.0,1.0,0,0,0,0
H0117,2025-02,2.0,1.0,2.0,0.0,0,0,0,0
H0118,2025-02,0.0,1.0,2.0,0.0,0,0,0,0
H0119,2025-02,1.0,2.0,2.0,1.0,0,0,0,0
H0120,2025-02,1.0,3.0,0.0,1.0,0,0,0,0
H0121,2025-02,1.0,2.0,0.0,1.0,0,0,0,0
H0122,2025-02,1.0,1.0,0.0,2.0,0,0,0,0
H0123,2025-02,2.0,4.0,0.0,0.0,0,0,0,0
H0124,2025-02,2.0,3.0,0.0,1.0,0,0,0,1
H0125,2025-02,3.0,0.0,0.0,0.0,0,0,0,0
H0126,2025-02,2.0,1.0,0.0,1.0,0,0,0,0
H0127,2025-02,1.0,2.0,1.0,0.0,0,0,0,0
H0128,2025-02,6.0,1.0,0.0,1.0,0,1,1,1
H0129,2025-02,0.0,3.0,0.0,1.0,0,0,0,0
H0130,2025-02,2.0,0.0,1.0,0.0,0,0,0,0
H0131,2025-02,2.0,0.0,0.0,0.0,0,0,0,0
H0132,2025-02,4.0,2.0,0.0,0.0,0,0,0,0
H0133,2025-02,2.0,0.0,2.0,0.0,0,0,0,0
H0134,2025-02,4.0,0.0,0.0,2.0,0,0,0,0
H0135,2025-02,1.0,1.0,2.0,0.0,0,0,0,0
H0136,2025-02,0.0,0.0,1.0,0.0,0,0,0,0
H0137,2025-02,0.0,1.0,1.0,0.0,0,0,0,0
H0138,2025-02,3.0,1.0,0.0,2.0,0,0,0,0
H0139,2025-02,2.0,1.0,0.0,0.0,0,0,0,0
H0140,2025-02,4.0,1.0,2.0,0.0,0,0,0,0
H0141,2025-02,1.0,2.0,0.0,0.0,0,0,1,0
H0142,2025-02,0.0,0.0,0.0,2.0,0,0,0,0
H0143,2025-02,2.0,0.0,0.0,0.0,0,0,0,0
H0144,2025-02,2.0,2.0,1.0,2.0,0,0,0,0
H0145,2025-02,4.0,0.0,0.0,2.0,0,0,0,0
H0146,2025-02,3.0,1.0,0.0,2.0,0,0,0,0
H0147,2025-02,3.0,1.0,0.0,1.0,0,0,0,0
H0148,2025-02,1.0,2.0,0.0,0.0,0,0,0,0
H0149,2025-02,3.0,0.0,1.0,1.0,0,0,0,0
H0150,2025-02,1.0,1.0,0.0,0.0,0,0,1,0
H0151,2025-02,4.0,0.0,2.0,1.0,0,0,0,0
H0152,2025-02,2.0,0.0,0.0,0.0,1,0,0,0
H0153,2025-02,2.0,1.0,0.0,1.0,0,0,0,0
H0154,2025-02,3.0,2.0,0.0,0.0,0,0,0,0
H0155,2025-02,1.0,2.0,0.0,2.0,0,0,0,0
H0156,2025-02,0.0,1.0,1.0,2.0,0,0,0,0
H0157,2025-02,1.0,1.0,0.0,1.0,0,0,0,0
H0158,2025-02,0.0,0.0,0.0,2.0,0,0,0,0
H0159,2025-02,0.0,0.0,0.0,2.0,0,0,0,0
H0160,2025-02,1.0,1.0,0.0,0.0,0,1,0,0
H0161,2025-02,2.0,0.0,1.0,4.0,0,0,0,0
H0162,2025-02,0.0,3.0,0.0,1.0,0,0,0,1
H0163,2025-02,1.0,4.0,0.0,0.0,0,0,0,0
H0164,2025-02,0.0,2.0,2.0,1.0,0,0,0,1
H0165,2025-02,2.0,0.0,0.0,1.0,0,0,0,0
H0166,2025-02,3.0,0.0,3.0,2.0,0,0,0,0
H0167,2025-02,2.0,3.0,1.0,0.0,0,0,0,0
H0168,2025-02,2.0,1.0,2.0,0.0,0,0,0,0
H0169,2025-02,0.0,2.0,2.0,0.0,0,0,0,0
H0170,2025-02,4.0,0.0,1.0,0.0,0,0,0,0
H0171,2025-02,1.0,1.0,0.0,1.0,0,0,0,0
H0172,2025-02,3.0,2.0,0.0,2.0,0,0,0,0
H0173,2025-02,2.0,2.0,0.0,0.0,0,0,0,0
H0174,2025-02,0.0,1.0,0.0,1.0,0,0,0,0
H0175,2025-02,0.0,1.0,1.0,2.0,0,0,0,0
H0176,2025-02,3.0,0.0,1.0,2.0,0,0,0,0
H0177,2025-02,2.0,0.0,0.0,1.0,0,0,0,0
H0178,2025-02,0.0,1.0,0.0,0.0,0,0,0,0
H0179,2025-02,2.0,2.0,1.0,0.0,0,0,0,0
H0180,2025-02,4.0,1.0,0.0,1.0,0,0,0,0
H0181,2025-02,2.0,0.0,0.0,0.0,0,0,0,0
H0182,2025-02,1.0,0.0,1.0,0.0,0,0,0,0
H0183,2025-02,2.0,2.0,0.0,1.0,0,0,0,0
H0184,2025-02,2.0,1.0,0.0,0.0,1,0,0,0
H0185,2025-02,1.0,2.0,1.0,0.0,0,0,0,0
H0186,2025-02,2.0,1.0,1.0,1.0,0,1,0,0
H0187,2025-02,2.0,3.0,0.0,0.0,0,0,0,0
H0188,2025-02,2.0,0.0,2.0,1.0,0,0,0,0
H0189,2025-02,1.0,1.0,0.0,2.0,0,0,0,0
H0190,2025-02,5.0,0.0,1.0,0.0,0,0,0,0
H0191,2025-02,0.0,2.0,0.0,0.0,0,0,0,0
H0192,2025-02,2.0,0.0,1.0,1.0,0,0,0,0
H0193,2025-02,0.0,0.0,0.0,1.0,0,0,0,0
H0194,2025-02,1.0,3.0,0.0,0.0,0,0,0,0
H0195,2025-02,2.0,1.0,1.0,1.0,0,0,0,0
H0196,2025-02,0.0,1.0,2.0,1.0,0,0,0,0
H0197,2025-02,2.0,0.0,0.0,0.0,0,0,0,0
H0198,2025-02,3.0,0.0,1.0,0.0,0,0,0,0
H0199,2025-02,0.0,1.0,0.0,0.0,0,0,0,0
H0200,2025-02,1.0,2.0,0.0,2.0,0,0,1,0
H0201,2025-02,0.0,0.0,0.0,0.0,0,0,0,0
H0202,2025-02,1.0,2.0,2.0,1.0,0,0,0,0
H0203,2025-02,1.0,0.0,0.0,1.0,0,0,0,1
H0204,2025-02,1.0,1.0,1.0,1.0,0,0,0,0
H0205,2025-02,2.0,1.0,0.0,0.0,0,0,0,0
H0206,2025-02,2.0,2.0,0.0,1.0,1,0,0,0
H0207,2025-02,3.0,0.0,1.0,1.0,0,0,0,0
H0208,2025-02,2.0,0.0,0.0,1.0,1,0,0,0
H0209,2025-02,1.0,1.0,2.0,1.0,0,0,0,1
H0210,2025-02,0.0,2.0,1.0,1.0,0,0,0,0
H0211,2025-02,1.0,0.0,0.0,2.0,0,0,0,0
H0212,2025-02,0.0,0.0,0.0,0.0,0,0,0,0
H0213,2025-02,1.0,1.0,1.0,0.0,0,0,0,0
H0214,2025-02,1.0,0.0,1.0,0.0,0,0,0,0
H0215,2025-02,3.0,1.0,1.0,1.0,0,0,0,0
H0216,2025-02,2.0,1.0,3.0,0.0,0,0,0,0
H0217,2025-02,1.0,2.0,0.0,2.0,0,0,0,0
H0218,2025-02,2.0,1.0,2.0,1.0,0,0,0,0
H0219,2025-02,3.0,0.0,0.0,1.0,0,0,0,0
H0220,2025-02,1.0,1.0,0.0,1.0,0,0,0,0
H0221,2025-02,3.0,2.0,1.0,0.0,0,0,0,0
H0222,2025-02,1.0,2.0,0.0,0.0,0,0,0,0
H0223,2025-02,0.0,1.0,0.0,1.0,0,0,0,0
H0224,2025-02,1.0,0.0,1.0,0.0,0,0,0,0
H0225,2025-02,2.0,1.0,1.0,2.0,0,0,0,0
H0226,2025-02,1.0,2.0,0.0,0.0,0,0,1,0
H0227,2025-02,1.0,1.0,1.0,0.0,0,0,0,0
H0228,2025-02,2.0,3.0,0.0,0.0,0,0,1,0
H0229,2025-02,2.0,4.0,0.0,0.0,0,0,0,0
H0230,2025-02,1.0,0.0,0.0,0.0,0,0,0,0
H0231,2025-02,1.0,1.0,1.0,1.0,0,0,0,0
H0232,2025-02,3.0,2.0,1.0,0.0,0,0,0,0
H0233,2025-02,1.0,2.0,1.0,3.0,0,0,0,0
H0234,2025-02,2.0,1.0,1.0,0.0,0,0,0,0
H0235,2025-02,0.0,3.0,0.0,2.0,0,0,0,0
H0236,2025-02,2.0,1.0,0.0,2.0,0,0,0,0
H0237,2025-02,2.0,0.0,2.0,1.0,1,0,0,0
H0238,2025-02,1.0,0.0,1.0,0.0,0,0,0,0
H0239,2025-02,0.0,3.0,1.0,0.0,0,0,0,0
H0240,2025-02,3.0,1.0,0.0,0.0,0,0,0,0
H0241,2025-02,1.0,0.0,1.0,0.0,0,0,0,0
H0242,2025-02,1.0,1.0,0.0,2.0,0,0,1,0
H0243,2025-02,3.0,1.0,0.0,0.0,0,0,0,0
H0244,2025-02,1.0,0.0,0.0,1.0,0,0,0,0
H0245,2025-02,2.0,1.0,0.0,0.0,1,0,0,0
H0246,2025-02,1.0,3.0,1.0,0.0,0,0,0,0
H0247,2025-02,0.0,0.0,0.0,2.0,0,0,0,0
H0248,2025-02,0.0,2.0,0.0,3.0,0,0,0,0
H0249,2025-02,0.0,1.0,1.0,1.0,0,0,0,1
H0250,2025-02,0.0,2.0,1.0,0.0,0,0,0,0
H0251,2025-02,1.0,0.0,0.0,0.0,0,0,0,0
H0252,2025-02,3.0,1.0,1.0,0.0,0,0,0,0
H0253,2025-02,0.0,1.0,1.0,1.0,0,0,0,0
H0254,2025-02,3.0,0.0,0.0,1.0,0,0,0,0
H0255,2025-02,4.0,2.0,1.0,1.0,0,0,0,0
H0256,2025-02,2.0,1.0,0.0,2.0,0,0,0,0
H0257,2025-02,2.0,0.0,0.0,0.0,0,0,0,0
H0258,2025-02,0.0,1.0,1.0,3.0,0,0,0,0
H0259,2025-02,3.0,0.0,0.0,0.0,0,0,0,0
H0260,2025-02,3.0,1.0,0.0,1.0,0,0,0,0
H0261,2025-02,2.0,2.0,2.0,1.0,0,0,0,1
H0262,2025-02,1.0,2.0,0.0,0.0,0,0,0,0
H0263,2025-02,2.0,1.0,0.0,1.0,0,0,0,0
H0264,2025-02,2.0,0.0,0.0,1.0,1,0,0,0
H0265,2025-02,4.0,1.0,0.0,1.0,0,1,0,0
H0266,2025-02,2.0,0.0,2.0,0.0,0,0,0,0
H0267,2025-02,2.0,1.0,0.0,0.0,0,0,0,0
H0268,2025-02,4.0,2.0,1.0,0.0,0,0,0,0
H0269,2025-02,1.0,2.0,0.0,1.0,0,0,0,0
H0270,2025-02,0.0,0.0,0.0,0.0,0,0,0,0
H0271,2025-02,3.0,4.0,3.0,1.0,0,0,0,0
H0272,2025-02,1.0,1.0,0.0,1.0,0,0,0,0
H0273,2025-02,4.0,1.0,0.0,1.0,0,0,0,0
H0274,2025-02,2.0,1.0,1.0,1.0,0,0,0,0
H0275,2025-02,2.0,0.0,0.0,0.0,0,0,0,0
H0276,2025-02,0.0,1.0,0.0,1.0,0,0,0,0
H0277,2025-02,3.0,2.0,1.0,1.0,0,0,0,0
H0278,2025-02,6.0,1.0,0.0,0.0,0,0,0,0
H0279,2025-02,2.0,4.0,1.0,1.0,0,0,0,0
H0280,2025-02,0.0,3.0,1.0,2.0,0,0,0,0
H0281,2025-02,2.0,2.0,0.0,1.0,0,0,0,0
H0282,2025-02,1.0,1.0,0.0,1.0,0,0,0,0
H0283,2025-02,3.0,0.0,1.0,1.0,0,0,0,0
H0284,2025-02,0.0,1.0,0.0,1.0,0,0,0,0
H0285,2025-02,3.0,0.0,0.0,1.0,0,0,0,0
H0286,2025-02,2.0,1.0,0.0,0.0,0,0,0,0
H0287,2025-02,2.0,4.0,0.0,0.0,0,0,0,0
H0288,2025-02,0.0,0.0,2.0,2.0,0,0,0,0
H0289,2025-02,2.0,1.0,1.0,1.0,1,1,0,0
H0290,2025-02,3.0,2.0,0.0,0.0,0,0,0,0
H0291,2025-02,1.0,0.0,0.0,0.0,0,0,0,0
H0292,2025-02,1.0,2.0,0.0,1.0,0,0,0,1
H0293,2025-02,3.0,1.0,0.0,0.0,0,0,0,0
H0294,2025-02,2.0,0.0,1.0,0.0,0,0,0,0
H0295,2025-02,2.0,1.0,1.0,1.0,0,0,0,0
H0296,2025-02,2.0,1.0,2.0,1.0,0,0,0,0
H0297,2025-02,0.0,1.0,0.0,1.0,0,0,1,0
H0298,2025-02,1.0,1.0,0.0,0.0,0,0,0,0
H0299,2025-02,2.0,0.0,1.0,0.0,0,0,0,0
H0300,2025-02,1.0,1.0,0.0,3.0,0,0,0,0
H0301,2025-02,0.0,3.0,1.0,2.0,0,0,0,0
H0302,2025-02,3.0,3.0,2.0,2.0,0,0,0,0
H0303,2025-02,3.0,0.0,0.0,1.0,0,0,0,0
H0304,2025-02,0.0,2.0,1.0,0.0,0,0,0,0
H0305,2025-02,2.0,1.0,0.0,2.0,0,0,0,0
H0306,2025-02,2.0,1.0,0.0,2.0,0,0,0,0
H0307,2025-02,2.0,1.0,1.0,0.0,0,0,0,0
H0308,2025-02,2.0,1.0,0.0,2.0,0,0,0,0
H0309,2025-02,3.0,0.0,1.0,0.0,0,0,0,0
H0310,2025-02,2.0,2.0,0.0,0.0,0,0,0,0
H0311,2025-02,0.0,3.0,0.0,1.0,0,0,0,0
H0312,2025-02,1.0,3.0,0.0,1.0,0,0,0,0
H0313,2025-02,4.0,0.0,0.0,1.0,0,0,0,0
H0314,2025-02,2.0,1.0,0.0,1.0,0,0,1,0
H0315,2025-02,0.0,1.0,1.0,1.0,0,0,0,0
H0316,2025-02,0.0,0.0,1.0,2.0,0,0,0,0
H0317,2025-02,2.0,1.0,0.0,3.0,0,0,0,0
H0318,2025-02,2.0,3.0,2.0,1.0,0,0,0,0
H0319,2025-02,2.0,1.0,1.0,1.0,0,0,0,0
H0320,2025-02,2.0,3.0,0.0,0.0,0,0,0,0
H0321,2025-02,0.0,1.0,1.0,0.0,0,0,0,0
H0322,2025-02,3.0,1.0,1.0,1.0,0,0,0,0
H0323,2025-02,0.0,2.0,1.0,0.0,0,0,0,0
H0324,2025-02,2.0,3.0,0.0,3.0,1,0,0,0
H0325,2025-02,2.0,0.0,0.0,3.0,0,0,0,0
H0326,2025-02,0.0,2.0,0.0,0.0,0,0,0,0
H0327,2025-02,2.0,4.0,1.0,0.0,0,0,0,0
H0328,2025-02,1.0,1.0,0.0,0.0,0,0,0,0
H0329,2025-02,1.0,1.0,0.0,0.0,0,0,0,0
H0330,2025-02,1.0,1.0,1.0,1.0,0,0,0,0
H0331,2025-02,1.0,2.0,1.0,2.0,0,0,0,0
H0332,2025-02,3.0,0.0,2.0,4.0,0,0,0,0
H0333,2025-02,0.0,0.0,0.0,1.0,0,0,0,0
H0334,2025-02,1.0,3.0,1.0,1.0,0,0,0,0
H0335,2025-02,1.0,3.0,2.0,1.0,0,0,0,0
H0336,2025-02,1.0,1.0,1.0,0.0,0,0,0,0
H0337,2025-02,1.0,1.0,1.0,2.0,0,1,0,0
H0338,2025-02,1.0,1.0,0.0,1.0,0,0,0,0
H0339,2025-02,1.0,2.0,2.0,2.0,0,0,0,0
H0340,2025-02,3.0,0.0,0.0,1.0,0,0,0,1
H0341,2025-02,4.0,1.0,0.0,1.0,0,0,0,0
H0342,2025-02,1.0,0.0,0.0,0.0,0,0,0,0
H0343,2025-02,2.0,1.0,0.0,1.0,0,0,0,0
H0344,2025-02,0.0,1.0,1.0,1.0,0,0,0,0
H0345,2025-02,0.0,2.0,0.0,4.0,0,0,0,0
H0346,2025-02,0.0,2.0,1.0,1.0,0,0,0,0
H0347,2025-02,4.0,3.0,1.0,0.0,0,0,0,0
H0348,2025-02,3.0,2.0,0.0,0.0,0,0,0,0
H0349,2025-02,2.0,2.0,0.0,1.0,0,0,0,0
H0350,2025-02,1.0,3.0,2.0,2.0,0,0,0,0
H0351,2025-02,1.0,1.0,2.0,2.0,0,0,0,0
H0352,2025-02,2.0,2.0,0.0,1.0,0,0,0,0
H0353,2025-02,0.0,0.0,0.0,0.0,0,0,0,0
H0354,2025-02,1.0,0.0,1.0,1.0,0,0,0,0
H0355,2025-02,1.0,0.0,1.0,3.0,0,0,0,0
H0356,2025-02,2.0,0.0,1.0,0.0,0,0,0,0
H0357,2025-02,3.0,1.0,0.0,0.0,0,0,0,0
H0358,2025-02,1.0,1.0,0.0,0.0,0,0,0,0
H0359,2025-02,1.0,1.0,0.0,0.0,0,1,0,0
H0360,2025-02,0.0,2.0,0.0,1.0,0,0,0,0
H0361,2025-02,2.0,1.0,0.0,0.0,0,0,0,0
H0362,2025-02,1.0,1.0,0.0,0.0,0,0,0,0
H0363,2025-02,1.0,0.0,0.0,0.0,0,0,0,0
H0364,2025-02,4.0,2.0,1.0,0.0,0,0,0,0
H0365,2025-02,1.0,1.0,0.0,0.0,0,0,0,0
H0366,2025-02,1.0,3.0,0.0,0.0,0,0,0,0
H0367,2025-02,2.0,2.0,0.0,1.0,0,0,0,0
H0368,2025-02,2.0,0.0,2.0,0.0,0,0,0,0
H0369,2025-02,0.0,0.0,2.0,0.0,0,0,0,0
H0370,2025-02,1.0,0.0,1.0,1.0,0,0,0,0
H0371,2025-02,0.0,2.0,0.0,1.0,0,0,0,0
H0372,2025-02,3.0,4.0,0.0,1.0,0,0,0,0
H0373,2025-02,1.0,1.0,0.0,1.0,0,0,0,1
H0374,2025-02,1.0,2.0,0.0,0.0,0,0,0,0
H0375,2025-02,2.0,1.0,1.0,0.0,0,0,0,0
H0376,2025-02,1.0,1.0,1.0,4.0,0,0,0,0
H0377,2025-02,0.0,3.0,1.0,0.0,0,0,0,0
H0378,2025-02,2.0,0.0,0.0,1.0,0,0,0,0
H0379,2025-02,0.0,1.0,1.0,0.0,0,0,0,0
H0380,2025-02,4.0,2.0,1.0,0.0,0,0,0,0
H0381,2025-02,3.0,1.0,0.0,0.0,0,0,0,0
H0382,2025-02,6.0,0.0,1.0,1.0,0,0,0,0
H0383,2025-02,4.0,3.0,1.0,0.0,0,0,0,0
H0384,2025-02,1.0,1.0,1.0,0.0,0,0,0,0
H0385,2025-02,0.0,1.0,1.0,1.0,0,0,0,1
H0386,2025-02,2.0,2.0,0.0,1.0,0,0,0,0
H0387,2025-02,2.0,1.0,0.0,0.0,0,0,0,0
H0388,2025-02,2.0,3.0,1.0,1.0,0,0,0,0
H0389,2025-02,3.0,4.0,3.0,2.0,0,0,0,0
H0390,2025-02,1.0,3.0,0.0,1.0,0,0,0,0
H0391,2025-02,1.0,1.0,0.0,1.0,0,0,0,0
H0392,2025-02,1.0,0.0,2.0,0.0,0,0,0,0
H0393,2025-02,1.0,0.0,0.0,1.0,0,0,0,0
H0394,2025-02,0.0,2.0,0.0,0.0,0,0,1,0
H0395,2025-02,2.0,0.0,1.0,0.0,0,0,0,0
H0396,2025-02,1.0,0.0,0.0,0.0,0,0,1,0
H0397,2025-02,1.0,2.0,0.0,0.0,0,0,0,0
H0398,2025-02,0.0,0.0,1.0,0.0,0,0,0,0
H0399,2025-02,1.0,1.0,2.0,4.0,0,1,0,0
H0400,2025-02,2.0,1.0,0.0,1.0,0,0,0,0
H0401,2025-02,0.0,1.0,1.0,1.0,0,0,0,0
H0402,2025-02,2.0,4.0,0.0,3.0,0,0,0,0
H0403,2025-02,0.0,1.0,0.0,0.0,0,0,0,0
H0404,2025-02,0.0,0.0,2.0,1.0,0,0,0,0
H0405,2025-02,1.0,1.0,0.0,1.0,0,0,0,0
H0406,2025-02,1.0,0.0,2.0,1.0,0,0,0,1
H0407,2025-02,4.0,0.0,1.0,4.0,0,0,0,0
H0408,2025-02,1.0,0.0,0.0,1.0,0,0,0,0
H0409,2025-02,3.0,1.0,1.0,1.0,0,0,0,0
H0410,2025-02,4.0,0.0,0.0,0.0,0,0,0,0
H0411,2025-02,0.0,1.0,0.0,0.0,0,0,0,0
H0412,2025-02,1.0,0.0,0.0,0.0,0,0,0,0
H0413,2025-02,2.0,1.0,1.0,1.0,0,0,0,0
H0414,2025-02,2.0,2.0,2.0,1.0,1,0,0,1
H0415,2025-02,4.0,3.0,2.0,2.0,0,0,0,0
H0416,2025-02,0.0,0.0,0.0,1.0,0,0,0,0
H0417,2025-02,1.0,1.0,1.0,2.0,0,0,0,0
H0418,2025-02,1.0,1.0,0.0,3.0,0,0,0,0
H0419,2025-02,1.0,0.0,0.0,0.0,0,0,0,0
H0420,2025-02,3.0,2.0,0.0,1.0,0,0,0,0
H0421,2025-02,2.0,1.0,0.0,1.0,0,0,0,0
H0422,2025-02,2.0,0.0,0.0,0.0,0,0,0,0
H0423,2025-02,3.0,3.0,0.0,1.0,0,0,0,0
H0424,2025-02,3.0,4.0,2.0,0.0,0,0,0,0
H0425,2025-02,1.0,0.0,1.0,1.0,0,0,0,0
H0426,2025-02,2.0,1.0,0.0,1.0,1,0,0,1
H0427,2025-02,0.0,1.0,0.0,0.0,0,0,0,0
H0428,2025-02,2.0,0.0,2.0,1.0,0,0,0,0
H0429,2025-02,1.0,1.0,1.0,1.0,0,1,0,0
H0430,2025-02,2.0,3.0,0.0,1.0,0,0,0,0
H0431,2025-02,3.0,2.0,0.0,1.0,0,0,0,0
H0432,2025-02,3.0,1.0,0.0,1.0,0,1,0,0
H0433,2025-02,0.0,1.0,0.0,1.0,0,0,0,0
H0434,2025-02,2.0,2.0,1.0,1.0,0,0,0,0
H0435,2025-02,3.0,0.0,2.0,3.0,0,0,0,0
H0436,2025-02,2.0,1.0,0.0,0.0,0,0,0,0
H0437,2025-02,1.0,2.0,1.0,1.0,0,0,0,0
H0438,2025-02,4.0,2.0,1.0,1.0,0,0,0,0
H0439,2025-02,1.0,0.0,1.0,0.0,0,0,0,0
H0440,2025-02,5.0,0.0,1.0,2.0,0,0,0,0
H0441,2025-02,2.0,1.0,1.0,1.0,0,0,0,0
H0442,2025-02,3.0,2.0,0.0,2.0,0,0,0,0
H0443,2025-02,3.0,1.0,0.0,0.0,0,0,0,0
H0444,2025-02,2.0,3.0,1.0,1.0,0,0,0,0
H0445,2025-02,2.0,3.0,0.0,1.0,0,0,0,0
H0446,2025-02,2.0,1.0,0.0,0.0,0,0,0,0
H0447,2025-02,4.0,2.0,0.0,0.0,0,0,0,0
H0448,2025-02,2.0,2.0,1.0,1.0,0,0,0,0
H0449,2025-02,2.0,1.0,1.0,0.0,0,0,0,0
H0450,2025-02,0.0,3.0,0.0,3.0,0,0,0,0
H0451,2025-02,1.0,1.0,0.0,1.0,0,0,1,1
H0452,2025-02,0.0,0.0,1.0,1.0,0,0,0,0
H0453,2025-02,1.0,4.0,0.0,5.0,0,0,0,0
H0454,2025-02,0.0,1.0,0.0,0.0,0,0,0,0
H0455,2025-02,1.0,1.0,0.0,0.0,0,0,0,0
H0456,2025-02,3.0,3.0,1.0,0.0,0,0,0,0
H0457,2025-02,5.0,1.0,0.0,2.0,0,0,0,0
H0458,2025-02,2.0,1.0,0.0,2.0,0,0,0,0
H0459,2025-02,3.0,1.0,0.0,1.0,0,0,0,0
H0460,2025-02,2.0,1.0,0.0,1.0,0,1,0,0
H0461,2025-02,1.0,0.0,0.0,0.0,0,0,0,0
H0462,2025-02,1.0,0.0,0.0,1.0,0,0,0,0
H0463,2025-02,2.0,2.0,1.0,1.0,1,0,0,0
H0464,2025-02,3.0,1.0,1.0,1.0,0,0,0,0
H0465,2025-02,3.0,1.0,0.0,0.0,0,0,0,0
H0466,2025-02,0.0,1.0,0.0,1.0,0,0,0,0
H0467,2025-02,2.0,2.0,1.0,4.0,0,0,0,0
H0468,2025-02,2.0,2.0,1.0,1.0,0,0,0,0
H0469,2025-02,2.0,4.0,1.0,1.0,0,0,0,0
H0470,2025-02,1.0,0.0,0.0,1.0,0,0,1,0
H0471,2025-02,1.0,1.0,0.0,1.0,0,0,0,0
H0472,2025-02,2.0,0.0,0.0,1.0,0,0,0,0
H0473,2025-02,1.0,0.0,0.0,1.0,0,0,0,0
H0474,2025-02,2.0,1.0,0.0,2.0,1,0,0,0
H0475,2025-02,2.0,2.0,0.0,4.0,0,0,1,0
H0476,2025-02,2.0,0.0,0.0,0.0,0,0,0,0
H0477,2025-02,1.0,2.0,2.0,0.0,0,0,0,0
H0478,2025-02,3.0,1.0,0.0,0.0,0,0,1,0
H0479,2025-02,1.0,0.0,1.0,0.0,0,0,0,0
H0480,2025-02,0.0,4.0,1.0,0.0,0,0,0,0
H0481,2025-02,1.0,3.0,0.0,0.0,0,0,1,0
H0482,2025-02,2.0,3.0,1.0,1.0,0,0,0,0
H0483,2025-02,2.0,1.0,0.0,0.0,0,0,0,0
H0484,2025-02,2.0,0.0,1.0,1.0,0,0,0,0
H0485,2025-02,0.0,1.0,1.0,1.0,0,0,0,0
H0486,2025-02,0.0,2.0,1.0,1.0,0,0,0,0
H0487,2025-02,3.0,2.0,0.0,1.0,0,0,0,0
H0488,2025-02,2.0,0.0,2.0,1.0,0,0,0,0
H0489,2025-02,1.0,2.0,1.0,1.0,0,0,0,0
H0490,2025-02,1.0,2.0,0.0,1.0,0,0,0,1
H0491,2025-02,1.0,1.0,0.0,0.0,0,0,0,0
H0492,2025-02,1.0,2.0,1.0,2.0,0,0,0,0
H0493,2025-02,2.0,3.0,1.0,1.0,0,0,0,0
H0494,2025-02,1.0,1.0,0.0,1.0,0,0,0,0
H0495,2025-02,1.0,1.0,1.0,2.0,0,0,0,0
H0496,2025-02,1.0,2.0,0.0,0.0,0,0,0,0
H0497,2025-02,5.0,0.0,0.0,2.0,0,0,0,0
H0498,2025-02,3.0,1.0,0.0,0.0,0,0,0,0
H0499,2025-02,1.0,1.0,1.0,0.0,0,0,0,0
H0500,2025-02,1.0,0.0,1.0,0.0,0,0,0,0
H0501,2025-02,0.0,0.0,1.0,0.0,0,0,0,0
H0502,2025-02,0.0,1.0,0.0,1.0,0,1,0,0
H0503,2025-02,2.0,0.0,1.0,1.0,0,0,0,0
H0504,2025-02,2.0,1.0,0.0,1.0,0,1,0,0
H0505,2025-02,2.0,1.0,2.0,0.0,0,0,0,0
H0506,2025-02,3.0,0.0,3.0,0.0,0,0,0,0
H0507,2025-02,1.0,0.0,0.0,1.0,0,0,0,0
H0508,2025-02,3.0,1.0,1.0,1.0,0,1,0,0
H0509,2025-02,2.0,0.0,0.0,2.0,1,0,0,0
H0510,2025-02,1.0,1.0,0.0,0.0,0,0,0,0
H0511,2025-02,2.0,1.0,0.0,1.0,0,0,0,0
H0512,2025-02,2.0,0.0,0.0,2.0,0,0,0,0
H0513,2025-02,0.0,1.0,0.0,1.0,0,0,0,0
H0514,2025-02,0.0,0.0,1.0,0.0,0,0,0,0
H0515,2025-02,0.0,2.0,0.0,0.0,0,0,0,0
H0516,2025-02,0.0,0.0,2.0,2.0,0,0,0,0
H0517,2025-02,1.0,0.0,0.0,0.0,0,0,0,0
H0518,2025-02,1.0,2.0,1.0,2.0,0,0,0,0
H0519,2025-02,1.0,0.0,0.0,2.0,0,0,0,0
H0520,2025-02,3.0,0.0,0.0,2.0,0,0,0,0
H0521,2025-02,3.0,0.0,1.0,0.0,0,0,0,0
H0522,2025-02,1.0,0.0,1.0,1.0,0,0,0,0
H0523,2025-02,0.0,1.0,0.0,1.0,0,0,0,1
H0524,2025-02,0.0,1.0,1.0,1.0,0,0,0,0
H0525,2025-02,1.0,2.0,1.0,0.0,0,0,0,0
H0526,2025-02,0.0,0.0,1.0,1.0,0,0,0,0
H0527,2025-02,0.0,1.0,0.0,1.0,0,0,0,0
H0528,2025-02,5.0,1.0,0.0,2.0,0,0,1,0
H0529,2025-02,2.0,1.0,0.0,0.0,0,0,0,0
H0530,2025-02,2.0,2.0,0.0,2.0,1,0,0,0
H0531,2025-02,2.0,2.0,0.0,1.0,0,0,0,0
H0532,2025-02,4.0,1.0,0.0,0.0,0,0,0,0
H0533,2025-02,0.0,3.0,2.0,1.0,0,0,0,0
H0534,2025-02,2.0,0.0,1.0,2.0,0,0,0,0
H0535,2025-02,2.0,1.0,0.0,0.0,0,0,0,0
H0536,2025-02,0.0,1.0,1.0,1.0,0,0,0,0
H0537,2025-02,2.0,1.0,1.0,2.0,1,0,0,0
H0538,2025-02,3.0,2.0,0.0,3.0,0,0,0,0
H0539,2025-02,1.0,2.0,0.0,1.0,0,0,0,1
H0540,2025-02,8.0,0.0,0.0,1.0,0,0,0,0
H0541,2025-02,1.0,1.0,2.0,1.0,0,0,0,0
H0542,2025-02,2.0,0.0,1.0,1.0,0,0,0,0
H0543,2025-02,0.0,2.0,0.0,1.0,0,0,0,0
H0544,2025-02,2.0,0.0,1.0,4.0,0,0,0,0
H0545,2025-02,0.0,1.0,0.0,1.0,0,0,0,0
H0546,2025-02,5.0,2.0,0.0,2.0,0,0,0,0
H0547,2025-02,2.0,2.0,0.0,1.0,0,0,0,1
H0548,2025-02,2.0,1.0,1.0,0.0,0,0,0,0
H0549,2025-02,1.0,0.0,0.0,1.0,0,0,0,0
H0550,2025-02,0.0,2.0,1.0,1.0,0,0,0,0
H0551,2025-02,0.0,0.0,0.0,0.0,0,0,0,0
H0552,2025-02,3.0,1.0,0.0,0.0,0,0,0,0
H0553,2025-02,2.0,1.0,3.0,0.0,0,1,0,0
H0554,2025-02,3.0,0.0,0.0,0.0,0,0,0,0
H0555,2025-02,6.0,3.0,2.0,1.0,0,0,0,0
H0556,2025-02,4.0,1.0,1.0,0.0,0,0,0,0
H0557,2025-02,4.0,2.0,0.0,0.0,0,0,1,0
H0558,2025-02,4.0,1.0,0.0,1.0,0,1,0,0
H0559,2025-02,2.0,0.0,2.0,2.0,0,0,0,0
H0560,2025-02,0.0,0.0,0.0,3.0,0,0,0,0
H0561,2025-02,2.0,2.0,0.0,1.0,0,0,0,0
H0562,2025-02,2.0,3.0,0.0,0.0,0,0,0,0
H0563,2025-02,2.0,0.0,0.0,3.0,1,0,0,0
H0564,2025-02,1.0,1.0,0.0,0.0,0,1,0,0
H0565,2025-02,1.0,1.0,3.0,1.0,0,0,0,0
H0566,2025-02,2.0,2.0,2.0,3.0,0,0,0,0
H0567,2025-02,1.0,0.0,0.0,0.0,0,0,0,0
H0568,2025-02,2.0,0.0,0.0,1.0,1,0,0,0
H0569,2025-02,4.0,2.0,0.0,0.0,0,0,0,0
H0570,2025-02,0.0,4.0,1.0,1.0,0,0,0,0
H0571,2025-02,1.0,0.0,0.0,2.0,0,0,0,0
H0572,2025-02,0.0,0.0,1.0,1.0,0,0,0,0
H0573,2025-02,1.0,1.0,0.0,0.0,0,1,0,0
H0574,2025-02,3.0,0.0,1.0,0.0,0,0,0,0
H0575,2025-02,2.0,0.0,0.0,1.0,1,0,0,0
H0576,2025-02,2.0,1.0,2.0,1.0,0,0,0,0
H0577,2025-02,2.0,2.0,0.0,1.0,0,0,0,0
H0578,2025-02,3.0,2.0,0.0,2.0,0,0,0,0
H0579,2025-02,0.0,3.0,0.0,1.0,0,0,0,0
H0580,2025-02,2.0,2.0,3.0,0.0,0,0,0,0
H0581,2025-02,2.0,1.0,1.0,1.0,0,0,0,0
H0582,2025-02,0.0,0.0,0.0,0.0,0,0,0,0
H0583,2025-02,2.0,0.0,1.0,0.0,0,0,0,0
H0584,2025-02,3.0,0.0,1.0,2.0,0,0,0,0
H0585,2025-02,3.0,0.0,0.0,0.0,0,0,0,0
H0586,2025-02,1.0,1.0,1.0,2.0,0,0,0,0
H0587,2025-02,1.0,0.0,0.0,0.0,0,0,0,0
H0588,2025-02,3.0,3.0,0.0,1.0,0,0,0,0
H0589,2025-02,3.0,2.0,1.0,1.0,0,0,0,0
H0590,2025-02,3.0,2.0,1.0,1.0,0,0,0,0
H0591,2025-02,1.0,0.0,0.0,2.0,0,0,0,0
H0592,2025-02,1.0,1.0,0.0,1.0,0,0,0,0
H0593,2025-02,2.0,0.0,0.0,1.0,0,0,0,0
H0594,2025-02,1.0,2.0,0.0,0.0,0,0,1,0
H0595,2025-02,0.0,1.0,1.0,2.0,0,0,0,0
H0596,2025-02,0.0,1.0,0.0,2.0,0,0,0,0
H0597,2025-02,5.0,1.0,0.0,0.0,0,1,0,0
H0598,2025-02,2.0,1.0,0.0,0.0,0,1,0,0
H0599,2025-02,2.0,1.0,2.0,0.0,0,0,0,0
H0600,2025-02,2.0,4.0,0.0,1.0,0,0,0,0
C0001,2025-02,1.0,3.0,0.0,1.0,0,0,1,0
C0002,2025-02,3.0,1.0,0.0,0.0,0,0,0,0
C0003,2025-02,1.0,1.0,0.0,0.0,0,0,0,0
C0004,2025-02,1.0,1.0,0.0,1.0,0,0,0,0
C0005,2025-02,1.0,1.0,1.0,0.0,0,0,0,0
C0006,2025-02,3.0,0.0,0.0,0.0,0,0,0,0
C0007,2025-02,0.0,1.0,2.0,1.0,0,0,0,1
C0008,2025-02,2.0,1.0,0.0,2.0,0,0,0,0
C0009,2025-02,2.0,1.0,0.0,1.0,0,0,0,0
C0010,2025-02,6.0,2.0,1.0,0.0,0,0,0,0
C0011,2025-02,2.0,2.0,1.0,0.0,0,0,0,0
C0012,2025-02,0.0,1.0,2.0,1.0,0,0,0,0
C0013,2025-02,1.0,1.0,2.0,2.0,0,0,0,0
C0014,2025-02,2.0,3.0,0.0,1.0,0,0,0,0
C0015,2025-02,0.0,0.0,2.0,0.0,0,0,0,0
C0016,2025-02,1.0,1.0,0.0,0.0,0,0,0,0
C0017,2025-02,1.0,1.0,0.0,0.0,0,0,1,0
C0018,2025-02,1.0,2.0,0.0,1.0,0,0,0,0
C0019,2025-02,1.0,2.0,1.0,1.0,0,0,0,0
C0020,2025-02,3.0,0.0,1.0,3.0,0,0,0,0
C0021,2025-02,0.0,4.0,0.0,1.0,0,0,0,0
C0022,2025-02,1.0,1.0,0.0,0.0,0,0,0,0
C0023,2025-02,1.0,0.0,0.0,0.0,0,0,0,0
C0024,2025-02,2.0,1.0,1.0,1.0,0,0,0,0
C0025,2025-02,2.0,3.0,1.0,0.0,0,0,0,0
C0026,2025-02,2.0,1.0,1.0,0.0,0,0,0,0
C0027,2025-02,0.0,0.0,0.0,1.0,0,0,0,0
C0028,2025-02,2.0,1.0,1.0,4.0,0,0,0,0
C0029,2025-02,3.0,1.0,1.0,0.0,0,0,0,0
C0030,2025-02,1.0,2.0,0.0,0.0,0,0,0,0
C0031,2025-02,2.0,2.0,0.0,1.0,1,0,0,0
C0032,2025-02,2.0,1.0,2.0,0.0,0,0,0,0
C0033,2025-02,2.0,3.0,1.0,0.0,0,0,0,0
C0034,2025-02,3.0,0.0,0.0,1.0,0,0,0,0
C0035,2025-02,0.0,0.0,1.0,1.0,0,0,0,0
C0036,2025-02,1.0,3.0,0.0,3.0,0,0,0,0
C0037,2025-02,3.0,4.0,1.0,0.0,0,0,0,0
C0038,2025-02,0.0,1.0,0.0,0.0,0,0,0,0
C0039,2025-02,4.0,0.0,0.0,1.0,0,0,0,0
C0040,2025-02,0.0,1.0,0.0,0.0,0,0,0,0
C0041,2025-02,0.0,0.0,2.0,0.0,0,0,0,0
C0042,2025-02,2.0,1.0,0.0,0.0,1,0,0,0
C0043,2025-02,1.0,2.0,0.0,0.0,0,0,0,0
C0044,2025-02,3.0,0.0,0.0,0.0,0,0,0,0
C0045,2025-02,1.0,0.0,2.0,0.0,0,0,0,0
C0046,2025-02,2.0,0.0,0.0,2.0,0,0,0,0
C0047,2025-02,1.0,0.0,0.0,2.0,0,0,0,0
C0048,2025-02,1.0,1.0,1.0,1.0,0,1,0,0
C0049,2025-02,3.0,1.0,0.0,1.0,0,0,0,0
C0050,2025-02,2.0,2.0,0.0,0.0,1,0,1,0
C0051,2025-02,1.0,2.0,1.0,2.0,0,0,0,0
C0052,2025-02,2.0,3.0,0.0,1.0,0,0,0,0
C0053,2025-02,0.0,1.0,0.0,1.0,0,0,0,0
C0054,2025-02,1.0,1.0,2.0,0.0,0,0,0,0
C0055,2025-02,2.0,2.0,0.0,1.0,0,0,0,0
C0056,2025-02,5.0,1.0,2.0,0.0,0,0,0,0
C0057,2025-02,0.0,2.0,1.0,1.0,0,0,0,0
C0058,2025-02,1.0,4.0,2.0,4.0,0,0,0,0
C0059,2025-02,2.0,1.0,0.0,1.0,0,0,0,0
C0060,2025-02,2.0,1.0,0.0,0.0,0,0,0,0
C0061,2025-02,0.0,1.0,0.0,1.0,0,0,0,0
C0062,2025-02,2.0,3.0,0.0,0.0,0,0,0,0
C0063,2025-02,0.0,1.0,1.0,0.0,0,0,0,0
C0064,2025-02,0.0,4.0,0.0,0.0,0,0,0,0
C0065,2025-02,0.0,1.0,1.0,0.0,0,0,0,0
C0066,2025-02,0.0,2.0,0.0,0.0,0,0,0,0
C0067,2025-02,1.0,1.0,0.0,2.0,0,0,0,0
C0068,2025-02,2.0,2.0,2.0,0.0,0,0,0,0
C0069,2025-02,0.0,1.0,0.0,2.0,0,0,1,0
C0070,2025-02,1.0,1.0,1.0,2.0,0,0,0,0
C0071,2025-02,1.0,1.0,0.0,2.0,0,0,0,0
C0072,2025-02,1.0,3.0,0.0,1.0,0,0,0,0
C0073,2025-02,1.0,1.0,0.0,0.0,0,1,0,0
C0074,2025-02,0.0,0.0,0.0,0.0,0,0,0,0
C0075,2025-02,3.0,0.0,0.0,1.0,0,0,0,0
C0076,2025-02,4.0,3.0,0.0,1.0,0,0,0,0
C0077,2025-02,1.0,1.0,0.0,2.0,0,0,0,0
C0078,2025-02,2.0,1.0,0.0,2.0,0,0,0,0
C0079,2025-02,0.0,0.0,0.0,2.0,0,0,0,0
C0080,2025-02,1.0,1.0,0.0,1.0,0,0,0,1
C0081,2025-02,2.0,0.0,0.0,0.0,0,0,0,0
C0082,2025-02,1.0,1.0,0.0,1.0,0,0,0,0
C0083,2025-02,1.0,0.0,0.0,0.0,0,0,0,0
C0084,2025-02,2.0,1.0,1.0,0.0,0,0,0,0
C0085,2025-02,2.0,3.0,0.0,1.0,0,0,1,0
C0086,2025-02,2.0,1.0,2.0,2.0,0,1,0,0
C0087,2025-02,2.0,1.0,0.0,2.0,0,0,0,0
C0088,2025-02,0.0,0.0,0.0,4.0,0,0,0,0
C0089,2025-02,0.0,0.0,1.0,0.0,0,0,0,0
C0090,2025-02,1.0,2.0,0.0,1.0,0,0,0,0
C0091,2025-02,2.0,0.0,2.0,0.0,0,0,0,0
C0092,2025-02,1.0,1.0,0.0,2.0,0,0,0,0
C0093,2025-02,2.0,1.0,0.0,0.0,0,0,0,0
C0094,2025-02,1.0,1.0,2.0,3.0,0,0,0,0
C0095,2025-02,1.0,1.0,1.0,0.0,0,0,0,0
C0096,2025-02,2.0,1.0,0.0,2.0,0,0,0,0
C0097,2025-02,1.0,2.0,0.0,0.0,0,0,0,0
C0098,2025-02,0.0,0.0,1.0,1.0,0,0,0,0
C0099,2025-02,3.0,1.0,0.0,1.0,0,0,0,0
C0100,2025-02,2.0,1.0,0.0,1.0,0,0,0,0
C0101,2025-02,2.0,1.0,3.0,0.0,0,0,0,0
C0102,2025-02,0.0,2.0,1.0,0.0,0,0,0,0
C0103,2025-02,2.0,3.0,0.0,0.0,0,0,0,0
C0104,2025-02,3.0,1.0,0.0,1.0,0,0,0,0
C0105,2025-02,2.0,1.0,0.0,0.0,0,0,0,0
C0106,2025-02,1.0,1.0,0.0,1.0,0,0,0,0
C0107,2025-02,1.0,1.0,0.0,1.0,0,0,0,0
C0108,2025-02,4.0,2.0,0.0,2.0,0,0,0,0
C0109,2025-02,2.0,0.0,1.0,4.0,0,0,0,0
C0110,2025-02,1.0,1.0,1.0,0.0,0,0,0,0
C0111,2025-02,2.0,1.0,0.0,1.0,0,1,0,0
C0112,2025-02,0.0,1.0,0.0,1.0,0,0,0,0
C0113,2025-02,3.0,1.0,1.0,0.0,0,0,0,0
C0114,2025-02,1.0,1.0,1.0,0.0,0,0,0,0
C0115,2025-02,3.0,2.0,1.0,0.0,0,0,0,0
C0116,2025-02,2.0,2.0,0.0,0.0,0,0,0,0
C0117,2025-02,1.0,1.0,1.0,1.0,0,0,0,0
C0118,2025-02,0.0,1.0,0.0,2.0,0,0,0,0
C0119,2025-02,1.0,2.0,1.0,1.0,0,0,0,0
C0120,2025-02,3.0,4.0,1.0,0.0,0,0,0,0
C0121,2025-02,3.0,2.0,2.0,2.0,0,0,0,0
C0122,2025-02,5.0,0.0,1.0,0.0,0,0,0,0
C0123,2025-02,1.0,1.0,0.0,0.0,0,0,0,0
C0124,2025-02,2.0,0.0,1.0,1.0,0,0,0,0
C0125,2025-02,1.0,0.0,1.0,0.0,0,0,0,0
C0126,2025-02,3.0,1.0,0.0,1.0,0,0,0,0
C0127,2025-02,1.0,0.0,0.0,3.0,0,0,0,0
C0128,2025-02,2.0,0.0,0.0,0.0,0,0,0,0
C0129,2025-02,0.0,1.0,2.0,2.0,0,0,0,0
C0130,2025-02,2.0,3.0,0.0,1.0,0,0,0,0
C0131,2025-02,2.0,1.0,1.0,1.0,0,0,0,0
C0132,2025-02,1.0,1.0,0.0,0.0,0,1,0,0
C0133,2025-02,0.0,0.0,0.0,1.0,0,0,0,0
C0134,2025-02,1.0,0.0,0.0,1.0,0,0,0,0
C0135,2025-02,1.0,1.0,0.0,1.0,0,0,0,0
C0136,2025-02,0.0,0.0,0.0,2.0,0,0,0,0
C0137,2025-02,3.0,0.0,1.0,2.0,0,0,0,0
C0138,2025-02,1.0,4.0,0.0,3.0,0,0,0,0
C0139,2025-02,3.0,0.0,1.0,2.0,0,0,0,0
C0140,2025-02,2.0,2.0,0.0,1.0,1,0,0,0
C0141,2025-02,1.0,4.0,0.0,2.0,0,0,0,0
C0142,2025-02,0.0,0.0,0.0,3.0,0,0,0,0
C0143,2025-02,2.0,1.0,1.0,2.0,0,0,0,0
C0144,2025-02,1.0,1.0,0.0,0.0,0,0,0,0
C0145,2025-02,0.0,1.0,0.0,2.0,0,0,0,0
C0146,2025-02,2.0,4.0,0.0,2.0,1,0,0,0
C0147,2025-02,0.0,1.0,1.0,0.0,0,0,0,0
C0148,2025-02,2.0,2.0,1.0,1.0,1,0,0,0
C0149,2025-02,2.0,0.0,0.0,0.0,1,0,0,0
C0150,2025-02,3.0,1.0,1.0,0.0,0,0,0,0
C0151,2025-02,2.0,0.0,0.0,1.0,0,0,0,0
C0152,2025-02,2.0,1.0,2.0,1.0,0,0,0,0
C0153,2025-02,0.0,2.0,1.0,1.0,0,0,0,0
C0154,2025-02,3.0,1.0,0.0,0.0,0,0,1,0
C0155,2025-02,2.0,3.0,1.0,1.0,0,0,0,0
C0156,2025-02,1.0,1.0,0.0,0.0,0,0,0,0
C0157,2025-02,0.0,0.0,1.0,1.0,0,0,0,0
C0158,2025-02,2.0,1.0,0.0,0.0,1,1,0,0
C0159,2025-02,1.0,2.0,0.0,1.0,0,0,0,0
C0160,2025-02,4.0,3.0,1.0,1.0,0,0,0,0
C0161,2025-02,3.0,0.0,0.0,1.0,0,0,0,0
C0162,2025-02,0.0,0.0,0.0,2.0,0,0,0,0
C0163,2025-02,2.0,0.0,1.0,0.0,1,0,0,0
C0164,2025-02,2.0,2.0,1.0,1.0,0,0,0,0
C0165,2025-02,2.0,2.0,0.0,1.0,0,0,0,0
C0166,2025-02,1.0,0.0,1.0,0.0,0,0,0,0
C0167,2025-02,0.0,1.0,0.0,0.0,0,1,1,0
C0168,2025-02,0.0,1.0,0.0,0.0,0,0,0,0
C0169,2025-02,1.0,0.0,0.0,2.0,0,0,0,0
C0170,2025-02,1.0,0.0,0.0,1.0,0,0,0,0
C0171,2025-02,0.0,2.0,1.0,0.0,0,0,0,0
C0172,2025-02,2.0,1.0,0.0,1.0,1,1,0,0
C0173,2025-02,3.0,2.0,0.0,0.0,0,0,0,0
C0174,2025-02,3.0,0.0,0.0,0.0,0,0,0,0
C0175,2025-02,4.0,1.0,0.0,1.0,0,0,0,1
C0176,2025-02,2.0,1.0,1.0,1.0,1,0,0,0
C0177,2025-02,1.0,0.0,0.0,0.0,0,0,0,0
C0178,2025-02,0.0,1.0,1.0,1.0,0,0,0,0
C0179,2025-02,2.0,0.0,2.0,1.0,0,0,0,0
C0180,2025-02,1.0,1.0,0.0,0.0,0,0,1,0
C0181,2025-02,2.0,1.0,2.0,0.0,0,0,0,0
C0182,2025-02,1.0,0.0,0.0,2.0,0,0,0,0
C0183,2025-02,0.0,0.0,2.0,1.0,0,0,0,0
C0184,2025-02,1.0,0.0,0.0,0.0,0,0,0,0
C0185,2025-02,4.0,2.0,0.0,1.0,0,0,0,0
C0186,2025-02,1.0,3.0,0.0,1.0,0,0,0,0
C0187,2025-02,2.0,3.0,0.0,1.0,0,0,0,0
C0188,2025-02,4.0,1.0,0.0,1.0,0,0,0,1
C0189,2025-02,5.0,2.0,1.0,0.0,0,0,0,0
C0190,2025-02,3.0,2.0,1.0,2.0,0,0,0,0
C0191,2025-02,2.0,1.0,1.0,1.0,0,0,0,0
C0192,2025-02,0.0,2.0,0.0,1.0,0,0,0,0
C0193,2025-02,3.0,2.0,1.0,1.0,0,0,0,0
C0194,2025-02,2.0,0.0,0.0,0.0,0,0,0,0
C0195,2025-02,2.0,3.0,0.0,0.0,0,0,0,0
C0196,2025-02,3.0,0.0,1.0,1.0,0,0,0,0
C0197,2025-02,3.0,0.0,0.0,2.0,0,0,0,0
C0198,2025-02,4.0,0.0,1.0,0.0,0,0,0,0
C0199,2025-02,5.0,3.0,2.0,0.0,0,0,0,0
C0200,2025-02,2.0,1.0,1.0,1.0,1,0,0,0
C0201,2025-02,3.0,1.0,1.0,0.0,0,0,0,0
C0202,2025-02,1.0,0.0,0.0,0.0,0,0,0,0
C0203,2025-02,2.0,0.0,1.0,1.0,0,0,0,0
C0204,2025-02,2.0,0.0,1.0,0.0,0,0,0,0
C0205,2025-02,2.0,2.0,0.0,3.0,0,0,1,0
C0206,2025-02,3.0,2.0,1.0,2.0,0,0,0,0
C0207,2025-02,4.0,1.0,1.0,1.0,0,0,0,0
C0208,2025-02,1.0,1.0,1.0,0.0,0,0,0,0
C0209,2025-02,3.0,2.0,1.0,1.0,0,0,0,0
C0210,2025-02,0.0,1.0,0.0,1.0,0,1,0,0
C0211,2025-02,2.0,1.0,1.0,1.0,0,0,0,0
C0212,2025-02,4.0,3.0,0.0,0.0,0,0,0,0
C0213,2025-02,3.0,2.0,1.0,1.0,0,0,0,0
C0214,2025-02,1.0,1.0,0.0,2.0,0,0,0,0
C0215,2025-02,0.0,1.0,1.0,1.0,0,1,0,0
C0216,2025-02,3.0,2.0,0.0,2.0,0,0,0,0
C0217,2025-02,3.0,0.0,0.0,1.0,0,0,0,0
C0218,2025-02,1.0,1.0,0.0,1.0,0,0,0,0
C0219,2025-02,1.0,0.0,1.0,1.0,0,0,0,0
C0220,2025-02,2.0,1.0,1.0,2.0,0,0,0,0
C0221,2025-02,1.0,0.0,1.0,0.0,0,0,0,0
C0222,2025-02,1.0,3.0,1.0,1.0,0,0,0,0
C0223,2025-02,1.0,0.0,0.0,1.0,0,0,0,0
C0224,2025-02,2.0,0.0,0.0,1.0,0,0,0,0
C0225,2025-02,2.0,0.0,1.0,2.0,0,0,0,0
C0226,2025-02,3.0,2.0,0.0,0.0,0,0,0,0
C0227,2025-02,3.0,2.0,1.0,0.0,0,0,0,0
C0228,2025-02,1.0,0.0,0.0,0.0,0,0,0,0
C0229,2025-02,3.0,1.0,2.0,0.0,0,0,0,0
C0230,2025-02,2.0,2.0,1.0,0.0,0,0,0,0
C0231,2025-02,3.0,1.0,0.0,1.0,0,0,0,0
C0232,2025-02,0.0,1.0,1.0,0.0,0,0,0,0
C0233,2025-02,0.0,0.0,0.0,1.0,0,0,0,0
C0234,2025-02,2.0,4.0,1.0,1.0,0,0,0,0
C0235,2025-02,0.0,1.0,1.0,0.0,0,0,0,0
C0236,2025-02,2.0,1.0,2.0,0.0,0,0,0,0
C0237,2025-02,1.0,2.0,0.0,2.0,0,0,0,0
C0238,2025-02,5.0,0.0,0.0,0.0,0,0,0,0
C0239,2025-02,2.0,0.0,0.0,0.0,0,0,0,0
C0240,2025-02,1.0,0.0,3.0,2.0,0,0,0,0
C0241,2025-02,4.0,1.0,1.0,1.0,0,0,0,0
C0242,2025-02,0.0,3.0,1.0,0.0,0,0,0,0
C0243,2025-02,1.0,2.0,1.0,1.0,0,0,0,0
C0244,2025-02,1.0,1.0,1.0,0.0,0,0,0,0
C0245,2025-02,2.0,0.0,1.0,1.0,0,0,0,1
C0246,2025-02,3.0,1.0,0.0,1.0,0,0,0,0
C0247,2025-02,2.0,1.0,2.0,0.0,0,1,0,0
C0248,2025-02,2.0,2.0,0.0,0.0,1,0,0,0
C0249,2025-02,1.0,2.0,0.0,1.0,0,0,0,0
C0250,2025-02,1.0,0.0,1.0,2.0,0,0,0,0
C0251,2025-02,2.0,1.0,0.0,1.0,0,0,0,0
C0252,2025-02,1.0,0.0,0.0,1.0,0,0,0,0
C0253,2025-02,2.0,0.0,0.0,0.0,0,0,0,0
C0254,2025-02,2.0,0.0,0.0,0.0,0,0,0,0
C0255,2025-02,4.0,0.0,2.0,1.0,0,0,0,0
C0256,2025-02,1.0,2.0,3.0,1.0,0,0,0,0
C0257,2025-02,1.0,0.0,3.0,1.0,0,0,0,0
C0258,2025-02,3.0,1.0,0.0,0.0,0,1,0,0
C0259,2025-02,2.0,3.0,0.0,1.0,0,0,0,0
C0260,2025-02,1.0,0.0,1.0,0.0,0,0,0,0
C0261,2025-02,5.0,0.0,0.0,0.0,0,0,0,0
C0262,2025-02,2.0,1.0,2.0,1.0,0,0,0,1
C0263,2025-02,2.0,1.0,1.0,2.0,0,0,0,0
C0264,2025-02,2.0,0.0,2.0,1.0,0,0,0,0
C0265,2025-02,0.0,2.0,1.0,2.0,0,0,0,0
C0266,2025-02,2.0,1.0,1.0,0.0,0,0,0,0
C0267,2025-02,1.0,0.0,1.0,0.0,0,0,0,0
C0268,2025-02,0.0,1.0,0.0,0.0,0,0,0,0
C0269,2025-02,0.0,0.0,1.0,0.0,0,0,0,0
C0270,2025-02,1.0,3.0,0.0,1.0,0,0,0,0
C0271,2025-02,1.0,0.0,0.0,0.0,0,0,0,0
C0272,2025-02,1.0,1.0,1.0,0.0,0,0,0,0
C0273,2025-02,3.0,0.0,0.0,1.0,0,0,0,0
C0274,2025-02,0.0,0.0,0.0,2.0,0,0,1,0
C0275,2025-02,2.0,0.0,1.0,0.0,0,0,0,0
C0276,2025-02,2.0,1.0,2.0,1.0,0,0,0,0
C0277,2025-02,2.0,0.0,1.0,0.0,0,0,0,0
C0278,2025-02,1.0,1.0,0.0,2.0,0,0,0,0
C0279,2025-02,0.0,1.0,1.0,3.0,0,0,0,0
C0280,2025-02,1.0,0.0,0.0,1.0,0,0,0,0
C0281,2025-02,1.0,4.0,1.0,1.0,0,0,0,0
C0282,2025-02,1.0,2.0,2.0,1.0,0,0,0,0
C0283,2025-02,2.0,2.0,0.0,0.0,0,0,0,0
C0284,2025-02,0.0,2.0,0.0,1.0,0,0,0,0
C0285,2025-02,0.0,0.0,1.0,1.0,0,0,0,0
C0286,2025-02,7.0,1.0,1.0,1.0,0,0,0,0
C0287,2025-02,3.0,1.0,2.0,1.0,0,0,0,0
C0288,2025-02,1.0,0.0,0.0,1.0,0,0,0,0
C0289,2025-02,0.0,2.0,0.0,0.0,0,0,0,0
C0290,2025-02,1.0,2.0,0.0,4.0,0,0,0,0
C0291,2025-02,0.0,1.0,2.0,1.0,0,0,0,0
C0292,2025-02,0.0,2.0,0.0,3.0,0,0,0,0
C0293,2025-02,0.0,1.0,0.0,2.0,0,0,1,0
C0294,2025-02,2.0,1.0,0.0,0.0,0,0,0,0
C0295,2025-02,2.0,1.0,0.0,3.0,0,0,0,0
C0296,2025-02,2.0,2.0,1.0,0.0,0,0,0,0
C0297,2025-02,1.0,0.0,1.0,2.0,0,0,0,0
C0298,2025-02,6.0,2.0,0.0,0.0,0,0,0,0
C0299,2025-02,0.0,1.0,0.0,0.0,0,0,0,0
C0300,2025-02,2.0,2.0,0.0,0.0,0,0,0,0
C0301,2025-02,0.0,2.0,0.0,1.0,0,0,0,0
C0302,2025-02,1.0,2.0,1.0,1.0,0,0,0,0
C0303,2025-02,1.0,2.0,3.0,2.0,0,0,0,0
C0304,2025-02,2.0,4.0,0.0,1.0,0,0,0,1
C0305,2025-02,1.0,1.0,0.0,1.0,0,0,0,0
C0306,2025-02,1.0,2.0,3.0,1.0,0,0,0,0
C0307,2025-02,2.0,1.0,1.0,2.0,0,0,0,0
C0308,2025-02,4.0,1.0,0.0,1.0,0,0,0,0
C0309,2025-02,3.0,1.0,0.0,0.0,0,0,0,0
C0310,2025-02,0.0,1.0,0.0,1.0,0,1,0,1
C0311,2025-02,3.0,2.0,1.0,0.0,0,0,0,0
C0312,2025-02,2.0,0.0,2.0,0.0,0,0,0,0
C0313,2025-02,0.0,1.0,2.0,2.0,0,0,0,0
C0314,2025-02,1.0,0.0,1.0,3.0,0,0,0,0
C0315,2025-02,2.0,1.0,2.0,1.0,0,0,0,0
C0316,2025-02,0.0,1.0,0.0,0.0,0,0,0,0
C0317,2025-02,1.0,1.0,0.0,0.0,0,0,0,0
C0318,2025-02,1.0,1.0,0.0,1.0,0,0,0,0
C0319,2025-02,1.0,1.0,1.0,2.0,0,0,0,0
C0320,2025-02,1.0,1.0,0.0,3.0,0,0,0,0
C0321,2025-02,2.0,1.0,0.0,0.0,0,0,0,0
C0322,2025-02,2.0,0.0,2.0,0.0,0,0,0,0
C0323,2025-02,0.0,1.0,0.0,1.0,0,0,0,0
C0324,2025-02,1.0,1.0,0.0,0.0,0,0,0,0
C0325,2025-02,0.0,2.0,0.0,1.0,0,0,0,0
C0326,2025-02,1.0,4.0,0.0,2.0,0,0,0,0
C0327,2025-02,3.0,1.0,0.0,0.0,0,0,0,0
C0328,2025-02,0.0,2.0,0.0,1.0,0,0,0,0
C0329,2025-02,1.0,0.0,0.0,0.0,0,0,0,0
C0330,2025-02,0.0,0.0,0.0,0.0,0,0,0,0
C0331,2025-02,1.0,0.0,3.0,0.0,0,0,0,0
C0332,2025-02,4.0,1.0,0.0,1.0,0,0,0,0
C0333,2025-02,1.0,0.0,0.0,1.0,0,0,0,0
C0334,2025-02,2.0,3.0,0.0,0.0,0,0,0,0
C0335,2025-02,1.0,1.0,1.0,0.0,0,0,0,0
C0336,2025-02,2.0,1.0,0.0,0.0,0,1,0,0
C0337,2025-02,0.0,2.0,0.0,1.0,0,0,0,0
C0338,2025-02,3.0,0.0,1.0,2.0,0,0,0,0
C0339,2025-02,2.0,1.0,1.0,1.0,0,0,0,0
C0340,2025-02,1.0,1.0,1.0,0.0,0,0,0,0
C0341,2025-02,2.0,0.0,1.0,0.0,0,0,0,0
C0342,2025-02,2.0,4.0,1.0,1.0,0,0,0,0
C0343,2025-02,4.0,0.0,0.0,3.0,0,0,0,0
C0344,2025-02,3.0,1.0,3.0,0.0,0,0,0,0
C0345,2025-02,1.0,2.0,0.0,0.0,0,0,0,0
C0346,2025-02,1.0,2.0,1.0,0.0,0,0,0,0
C0347,2025-02,3.0,1.0,1.0,1.0,0,0,0,1
C0348,2025-02,0.0,3.0,2.0,2.0,0,0,0,0
C0349,2025-02,3.0,1.0,1.0,1.0,0,0,0,0
C0350,2025-02,3.0,1.0,0.0,1.0,0,0,0,0
C0351,2025-02,1.0,2.0,0.0,1.0,0,0,0,0
C0352,2025-02,1.0,1.0,0.0,0.0,0,0,0,0
C0353,2025-02,1.0,1.0,1.0,0.0,0,1,0,0
C0354,2025-02,3.0,2.0,1.0,3.0,0,0,0,0
C0355,2025-02,2.0,3.0,0.0,1.0,0,0,0,0
C0356,2025-02,0.0,1.0,1.0,1.0,0,0,0,0
C0357,2025-02,3.0,1.0,0.0,4.0,0,1,0,0
C0358,2025-02,3.0,2.0,0.0,0.0,0,0,0,0
C0359,2025-02,2.0,1.0,0.0,1.0,0,0,0,0
C0360,2025-02,4.0,2.0,1.0,1.0,0,0,0,0
C0361,2025-02,1.0,3.0,1.0,0.0,0,0,0,0
C0362,2025-02,1.0,0.0,1.0,1.0,0,0,0,0
C0363,2025-02,1.0,1.0,0.0,0.0,0,0,0,0
C0364,2025-02,1.0,2.0,1.0,2.0,0,0,0,0
C0365,2025-02,2.0,2.0,1.0,0.0,0,0,0,0
C0366,2025-02,2.0,0.0,1.0,2.0,0,0,0,0
C0367,2025-02,0.0,2.0,0.0,1.0,0,0,0,0
C0368,2025-02,1.0,0.0,1.0,0.0,0,0,0,0
C0369,2025-02,2.0,3.0,1.0,1.0,0,0,0,0
C0370,2025-02,3.0,2.0,0.0,2.0,0,0,0,0
C0371,2025-02,0.0,2.0,1.0,1.0,0,0,0,1
C0372,2025-02,3.0,1.0,0.0,2.0,0,0,0,0
C0373,2025-02,3.0,2.0,1.0,1.0,0,0,0,0
C0374,2025-02,2.0,4.0,0.0,0.0,0,0,0,0
C0375,2025-02,2.0,0.0,0.0,1.0,0,0,0,0
C0376,2025-02,0.0,4.0,1.0,0.0,0,0,0,0
C0377,2025-02,0.0,0.0,2.0,1.0,0,0,0,0
C0378,2025-02,1.0,1.0,0.0,0.0,0,0,0,0
C0379,2025-02,1.0,1.0,0.0,2.0,0,0,0,0
C0380,2025-02,3.0,4.0,0.0,1.0,0,0,0,0
C0381,2025-02,4.0,3.0,1.0,1.0,0,0,0,0
C0382,2025-02,0.0,2.0,0.0,0.0,0,0,0,0
C0383,2025-02,3.0,0.0,0.0,0.0,0,0,1,0
C0384,2025-02,2.0,3.0,0.0,0.0,0,0,0,0
C0385,2025-02,2.0,0.0,0.0,2.0,0,0,0,0
C0386,2025-02,3.0,4.0,0.0,0.0,0,0,0,0
C0387,2025-02,0.0,1.0,2.0,1.0,0,0,0,0
C0388,2025-02,4.0,1.0,1.0,1.0,0,0,0,0
C0389,2025-02,2.0,1.0,1.0,1.0,0,1,0,0
C0390,2025-02,2.0,0.0,0.0,1.0,0,0,0,0
C0391,2025-02,2.0,1.0,0.0,1.0,0,0,0,0
C0392,2025-02,1.0,2.0,1.0,1.0,0,0,0,1
C0393,2025-02,0.0,1.0,1.0,1.0,0,0,0,0
C0394,2025-02,0.0,2.0,0.0,2.0,0,0,0,0
C0395,2025-02,2.0,2.0,1.0,0.0,1,0,0,0
C0396,2025-02,3.0,2.0,0.0,1.0,0,0,0,0
C0397,2025-02,2.0,0.0,0.0,0.0,0,0,0,0
C0398,2025-02,0.0,0.0,0.0,1.0,0,0,0,0
C0399,2025-02,2.0,4.0,0.0,0.0,0,0,0,0
C0400,2025-02,2.0,1.0,1.0,0.0,0,0,0,0
C0401,2025-02,0.0,0.0,0.0,0.0,0,0,0,0
C0402,2025-02,2.0,1.0,0.0,0.0,0,0,0,0
C0403,2025-02,0.0,2.0,0.0,1.0,0,0,0,0
C0404,2025-02,1.0,2.0,1.0,0.0,0,0,0,0
C0405,2025-02,0.0,1.0,0.0,1.0,0,1,0,0
C0406,2025-02,2.0,3.0,1.0,1.0,0,0,0,1
C0407,2025-02,0.0,1.0,0.0,1.0,0,0,0,0
C0408,2025-02,2.0,2.0,0.0,1.0,0,0,0,0
C0409,2025-02,1.0,0.0,3.0,1.0,0,0,0,0
C0410,2025-02,0.0,1.0,0.0,1.0,0,0,0,0
C0411,2025-02,4.0,1.0,2.0,0.0,0,0,0,0
C0412,2025-02,1.0,1.0,0.0,0.0,0,0,0,0
C0413,2025-02,0.0,0.0,0.0,1.0,0,0,1,0
C0414,2025-02,1.0,1.0,0.0,2.0,0,0,0,0
C0415,2025-02,1.0,0.0,0.0,0.0,0,0,0,0
C0416,2025-02,1.0,0.0,0.0,1.0,0,0,0,0
C0417,2025-02,0.0,0.0,0.0,1.0,0,0,0,1
C0418,2025-02,0.0,1.0,1.0,1.0,0,0,0,0
C0419,2025-02,2.0,1.0,0.0,0.0,0,0,0,0
C0420,2025-02,1.0,1.0,1.0,1.0,0,0,0,0
C0421,2025-02,4.0,1.0,1.0,0.0,0,0,0,0
C0422,2025-02,1.0,1.0,1.0,2.0,0,0,0,0
C0423,2025-02,0.0,0.0,1.0,0.0,0,0,0,0
C0424,2025-02,0.0,4.0,0.0,1.0,0,0,0,0
C0425,2025-02,1.0,2.0,0.0,2.0,0,0,0,0
C0426,2025-02,4.0,0.0,1.0,0.0,0,0,0,0
C0427,2025-02,0.0,0.0,0.0,1.0,0,0,0,0
C0428,2025-02,1.0,2.0,1.0,1.0,0,0,0,1
C0429,2025-02,1.0,2.0,0.0,1.0,0,0,0,0
C0430,2025-02,2.0,0.0,0.0,2.0,0,0,0,0
C0431,2025-02,1.0,1.0,0.0,2.0,0,0,0,0
C0432,2025-02,4.0,0.0,0.0,0.0,0,0,0,0
C0433,2025-02,0.0,1.0,0.0,1.0,0,0,0,0
C0434,2025-02,2.0,1.0,2.0,1.0,1,0,0,0
C0435,2025-02,3.0,2.0,0.0,0.0,0,0,0,0
C0436,2025-02,1.0,0.0,0.0,0.0,0,0,0,0
C0437,2025-02,1.0,0.0,0.0,1.0,0,0,1,0
C0438,2025-02,0.0,0.0,1.0,1.0,0,0,0,1
C0439,2025-02,3.0,1.0,1.0,4.0,0,0,0,0
C0440,2025-02,0.0,2.0,1.0,1.0,0,0,0,0
C0441,2025-02,2.0,1.0,0.0,1.0,0,0,0,0
C0442,2025-02,2.0,2.0,0.0,2.0,0,0,1,0
C0443,2025-02,2.0,0.0,2.0,1.0,0,0,0,0
C0444,2025-02,1.0,0.0,0.0,1.0,0,0,0,0
C0445,2025-02,1.0,1.0,2.0,1.0,0,0,0,0
C0446,2025-02,3.0,1.0,1.0,1.0,0,0,0,0
C0447,2025-02,2.0,1.0,0.0,1.0,0,0,0,0
C0448,2025-02,1.0,0.0,0.0,2.0,0,0,0,0
C0449,2025-02,0.0,0.0,0.0,1.0,0,0,0,1
C0450,2025-02,2.0,3.0,1.0,0.0,0,0,0,0
C0451,2025-02,2.0,1.0,0.0,0.0,0,0,0,0
C0452,2025-02,2.0,2.0,0.0,1.0,1,0,0,0
C0453,2025-02,1.0,1.0,1.0,1.0,0,0,0,0
C0454,2025-02,0.0,0.0,1.0,0.0,0,0,0,0
C0455,2025-02,0.0,1.0,0.0,1.0,0,0,1,0
C0456,2025-02,1.0,2.0,0.0,0.0,0,0,0,0
C0457,2025-02,4.0,0.0,0.0,0.0,0,0,0,0
C0458,2025-02,0.0,0.0,0.0,1.0,0,0,0,0
C0459,2025-02,0.0,3.0,0.0,2.0,0,0,0,0
C0460,2025-02,2.0,1.0,1.0,2.0,0,0,0,0
C0461,2025-02,1.0,3.0,1.0,0.0,0,0,0,0
C0462,2025-02,2.0,2.0,0.0,0.0,0,0,0,0
C0463,2025-02,1.0,0.0,1.0,1.0,0,0,0,0
C0464,2025-02,3.0,1.0,2.0,5.0,0,1,0,0
C0465,2025-02,1.0,2.0,0.0,1.0,0,0,0,0
C0466,2025-02,1.0,1.0,0.0,0.0,0,0,1,0
C0467,2025-02,1.0,0.0,0.0,0.0,0,0,0,0
C0468,2025-02,1.0,2.0,0.0,0.0,0,0,0,0
C0469,2025-02,1.0,0.0,1.0,2.0,0,0,0,0
C0470,2025-02,2.0,1.0,0.0,2.0,0,0,0,0
C0471,2025-02,0.0,3.0,0.0,3.0,0,0,0,0
C0472,2025-02,1.0,0.0,0.0,0.0,0,0,0,0
C0473,2025-02,0.0,0.0,1.0,0.0,0,0,0,0
C0474,2025-02,1.0,2.0,0.0,1.0,0,0,0,1
C0475,2025-02,2.0,1.0,2.0,0.0,0,0,0,0
C0476,2025-02,1.0,1.0,0.0,1.0,0,0,0,0
C0477,2025-02,4.0,1.0,1.0,2.0,0,0,0,0
C0478,2025-02,2.0,2.0,0.0,1.0,1,0,0,0
C0479,2025-02,2.0,2.0,0.0,1.0,0,0,0,0
C0480,2025-02,5.0,2.0,0.0,1.0,0,0,0,0
C0481,2025-02,1.0,4.0,0.0,1.0,0,0,0,0
C0482,2025-02,2.0,1.0,3.0,1.0,0,0,0,0
C0483,2025-02,0.0,0.0,0.0,0.0,0,0,0,0
C0484,2025-02,2.0,1.0,0.0,4.0,0,0,1,0
C0485,2025-02,3.0,1.0,0.0,0.0,0,0,0,0
C0486,2025-02,0.0,2.0,0.0,0.0,0,0,0,0
C0487,2025-02,2.0,0.0,1.0,0.0,0,0,0,0
C0488,2025-02,3.0,1.0,1.0,1.0,0,0,0,1
C0489,2025-02,1.0,0.0,1.0,0.0,0,0,0,0
C0490,2025-02,0.0,0.0,1.0,0.0,0,0,0,0
C0491,2025-02,1.0,1.0,1.0,1.0,0,0,0,0
C0492,2025-02,1.0,0.0,0.0,0.0,0,0,0,0
C0493,2025-02,3.0,0.0,0.0,1.0,0,0,0,0
C0494,2025-02,0.0,1.0,1.0,0.0,0,0,0,0
C0495,2025-02,1.0,0.0,1.0,2.0,0,0,0,0
C0496,2025-02,2.0,0.0,1.0,1.0,0,0,0,0
C0497,2025-02,1.0,0.0,1.0,1.0,0,0,0,0
C0498,2025-02,2.0,3.0,1.0,1.0,0,0,0,0
C0499,2025-02,2.0,1.0,0.0,0.0,0,0,0,0
C0500,2025-02,4.0,4.0,1.0,1.0,0,0,0,0
C0501,2025-02,2.0,1.0,1.0,0.0,0,0,0,0
C0502,2025-02,2.0,0.0,1.0,1.0,0,0,0,0
C0503,2025-02,1.0,2.0,0.0,0.0,0,0,0,0
C0504,2025-02,3.0,2.0,1.0,0.0,0,0,0,0
C0505,2025-02,4.0,1.0,1.0,4.0,0,0,0,0
C0506,2025-02,0.0,1.0,0.0,0.0,0,0,0,0
C0507,2025-02,1.0,1.0,0.0,1.0,0,0,0,0
C0508,2025-02,3.0,2.0,0.0,0.0,0,0,1,0
C0509,2025-02,2.0,1.0,3.0,0.0,0,0,0,0
C0510,2025-02,0.0,3.0,0.0,0.0,0,0,0,0
C0511,2025-02,1.0,1.0,2.0,0.0,0,0,0,0
C0512,2025-02,2.0,2.0,0.0,1.0,0,0,0,0
C0513,2025-02,2.0,1.0,0.0,0.0,0,0,0,0
C0514,2025-02,0.0,2.0,1.0,0.0,0,0,0,0
C0515,2025-02,1.0,0.0,0.0,1.0,0,0,0,0
C0516,2025-02,1.0,0.0,1.0,0.0,0,0,0,0
C0517,2025-02,1.0,3.0,0.0,2.0,0,0,0,0
C0518,2025-02,4.0,2.0,1.0,0.0,0,0,0,0
C0519,2025-02,2.0,1.0,2.0,3.0,0,0,0,0
C0520,2025-02,3.0,1.0,0.0,0.0,0,0,0,0
C0521,2025-02,0.0,0.0,0.0,1.0,0,0,0,0
C0522,2025-02,1.0,1.0,0.0,0.0,0,0,0,0
C0523,2025-02,3.0,4.0,1.0,2.0,0,0,0,0
C0524,2025-02,0.0,1.0,1.0,0.0,0,0,0,0
C0525,2025-02,3.0,1.0,0.0,0.0,0,0,0,0
C0526,2025-02,0.0,1.0,0.0,0.0,0,1,0,0
C0527,2025-02,3.0,0.0,0.0,0.0,0,0,0,0
C0528,2025-02,3.0,1.0,0.0,0.0,0,0,0,0
C0529,2025-02,1.0,1.0,0.0,0.0,0,0,0,0
C0530,2025-02,2.0,0.0,1.0,0.0,0,0,0,0
C0531,2025-02,0.0,4.0,1.0,1.0,0,0,0,1
C0532,2025-02,0.0,1.0,2.0,2.0,0,1,0,0
C0533,2025-02,3.0,3.0,0.0,1.0,0,0,0,0
C0534,2025-02,4.0,2.0,1.0,1.0,0,0,0,0
C0535,2025-02,1.0,2.0,1.0,0.0,0,0,0,0
C0536,2025-02,2.0,3.0,2.0,1.0,0,0,0,0
C0537,2025-02,0.0,0.0,1.0,1.0,0,0,0,0
C0538,2025-02,4.0,1.0,0.0,0.0,0,0,0,0
C0539,2025-02,3.0,0.0,0.0,1.0,0,0,0,0
C0540,2025-02,4.0,2.0,0.0,3.0,0,0,0,0
C0541,2025-02,0.0,1.0,1.0,1.0,0,0,0,0
C0542,2025-02,3.0,2.0,0.0,1.0,0,0,0,1
C0543,2025-02,1.0,0.0,0.0,1.0,0,0,0,0
C0544,2025-02,1.0,3.0,0.0,1.0,0,0,0,0
C0545,2025-02,2.0,2.0,0.0,2.0,1,0,0,0
C0546,2025-02,3.0,0.0,1.0,1.0,0,0,0,0
C0547,2025-02,2.0,1.0,2.0,0.0,1,0,0,0
C0548,2025-02,1.0,0.0,0.0,0.0,0,0,0,0
C0549,2025-02,1.0,1.0,0.0,1.0,0,0,0,0
C0550,2025-02,2.0,0.0,0.0,2.0,0,0,0,0
C0551,2025-02,3.0,0.0,0.0,0.0,0,0,0,0
C0552,2025-02,3.0,1.0,0.0,0.0,0,0,0,0
C0553,2025-02,3.0,3.0,0.0,1.0,0,0,0,0
C0554,2025-02,0.0,4.0,0.0,0.0,0,0,0,0
C0555,2025-02,4.0,0.0,0.0,1.0,0,0,0,0
C0556,2025-02,5.0,1.0,0.0,1.0,0,0,0,1
C0557,2025-02,0.0,1.0,1.0,1.0,0,0,0,0
C0558,2025-02,2.0,1.0,1.0,1.0,0,0,0,0
C0559,2025-02,2.0,1.0,1.0,0.0,0,0,0,0
C0560,2025-02,2.0,3.0,0.0,3.0,0,0,1,0
C0561,2025-02,1.0,0.0,1.0,2.0,0,0,0,0
C0562,2025-02,1.0,0.0,1.0,3.0,0,0,0,0
C0563,2025-02,2.0,0.0,0.0,0.0,0,0,0,0
C0564,2025-02,1.0,1.0,1.0,1.0,0,0,0,0
C0565,2025-02,1.0,0.0,0.0,1.0,0,0,0,0
C0566,2025-02,5.0,3.0,0.0,0.0,0,0,0,0
C0567,2025-02,5.0,2.0,0.0,1.0,0,0,0,0
C0568,2025-02,1.0,1.0,2.0,0.0,0,1,0,0
C0569,2025-02,2.0,0.0,0.0,1.0,0,0,0,0
C0570,2025-02,0.0,1.0,0.0,2.0,0,0,0,0
C0571,2025-02,2.0,2.0,1.0,1.0,0,0,0,0
C0572,2025-02,0.0,1.0,0.0,1.0,0,0,0,1
C0573,2025-02,3.0,3.0,0.0,2.0,0,0,0,0
C0574,2025-02,1.0,2.0,0.0,1.0,0,0,0,0
C0575,2025-02,3.0,3.0,1.0,0.0,0,0,0,0
C0576,2025-02,3.0,0.0,0.0,1.0,0,0,0,0
C0577,2025-02,3.0,0.0,0.0,0.0,0,0,0,0
C0578,2025-02,2.0,0.0,1.0,2.0,0,0,0,0
C0579,2025-02,0.0,1.0,1.0,1.0,0,0,0,0
C0580,2025-02,2.0,0.0,0.0,1.0,0,0,0,0
C0581,2025-02,1.0,0.0,0.0,0.0,0,0,0,0
C0582,2025-02,2.0,0.0,1.0,0.0,0,0,0,0
C0583,2025-02,1.0,1.0,1.0,1.0,0,0,0,0
C0584,2025-02,3.0,1.0,0.0,2.0,0,0,0,0
C0585,2025-02,5.0,0.0,1.0,1.0,0,0,0,1
C0586,2025-02,2.0,1.0,0.0,0.0,0,0,0,0
C0587,2025-02,4.0,2.0,0.0,1.0,0,0,1,0
C0588,2025-02,3.0,4.0,1.0,0.0,0,0,0,0
C0589,2025-02,1.0,1.0,1.0,1.0,0,1,0,0
C0590,2025-02,4.0,2.0,0.0,0.0,0,0,1,0
C0591,2025-02,1.0,0.0,1.0,0.0,0,0,0,0
C0592,2025-02,4.0,0.0,1.0,1.0,0,0,0,0
C0593,2025-02,2.0,2.0,0.0,0.0,0,0,0,0
C0594,2025-02,4.0,0.0,1.0,2.0,0,0,0,0
C0595,2025-02,1.0,2.0,1.0,1.0,0,0,0,1
C0596,2025-02,1.0,1.0,1.0,1.0,0,0,0,0
C0597,2025-02,0.0,1.0,1.0,0.0,0,0,0,0
C0598,2025-02,1.0,1.0,0.0,0.0,0,1,0,0
C0599,2025-02,1.0,2.0,1.0,2.0,0,0,0,0
C0600,2025-02,3.0,1.0,2.0,1.0,0,0,0,0
C0601,2025-02,4.0,3.0,2.0,1.0,0,0,0,0
C0602,2025-02,4.0,0.0,0.0,0.0,0,0,0,0
C0603,2025-02,1.0,0.0,1.0,0.0,0,0,0,0
C0604,2025-02,1.0,4.0,0.0,0.0,0,0,0,0
C0605,2025-02,1.0,1.0,0.0,2.0,0,0,0,0
C0606,2025-02,1.0,1.0,0.0,1.0,0,0,0,0
C0607,2025-02,0.0,2.0,3.0,1.0,0,0,0,0
C0608,2025-02,4.0,1.0,1.0,0.0,0,0,0,0
C0609,2025-02,2.0,1.0,0.0,2.0,0,0,0,0
C0610,2025-02,1.0,0.0,2.0,0.0,0,0,0,0
C0611,2025-02,1.0,1.0,2.0,1.0,0,1,0,0
C0612,2025-02,3.0,2.0,0.0,0.0,0,0,0,0
C0613,2025-02,1.0,3.0,0.0,0.0,0,0,0,0
C0614,2025-02,1.0,0.0,0.0,1.0,0,0,0,0
C0615,2025-02,2.0,1.0,0.0,0.0,0,1,0,0
C0616,2025-02,3.0,0.0,0.0,0.0,0,0,0,0
C0617,2025-02,3.0,1.0,1.0,0.0,0,0,0,0
C0618,2025-02,3.0,1.0,2.0,0.0,0,1,0,0
C0619,2025-02,1.0,0.0,0.0,1.0,0,0,1,0
C0620,2025-02,1.0,0.0,0.0,0.0,0,0,0,0
C0621,2025-02,2.0,1.0,0.0,1.0,0,0,0,0
C0622,2025-02,1.0,0.0,1.0,1.0,0,0,0,0
C0623,2025-02,1.0,1.0,1.0,1.0,0,0,0,0
C0624,2025-02,0.0,1.0,0.0,1.0,0,0,0,0
C0625,2025-02,0.0,1.0,0.0,0.0,0,0,0,0
C0626,2025-02,1.0,1.0,1.0,0.0,0,0,0,0
C0627,2025-02,4.0,0.0,0.0,1.0,0,0,0,0
C0628,2025-02,2.0,2.0,1.0,0.0,0,0,0,0
C0629,2025-02,2.0,3.0,0.0,0.0,0,0,0,0
C0630,2025-02,2.0,2.0,1.0,1.0,0,0,0,0
C0631,2025-02,2.0,1.0,0.0,1.0,0,0,0,0
C0632,2025-02,0.0,2.0,1.0,0.0,0,0,0,0
C0633,2025-02,1.0,2.0,0.0,0.0,0,0,0,0
C0634,2025-02,2.0,1.0,1.0,1.0,0,0,0,0
C0635,2025-02,4.0,1.0,1.0,2.0,0,0,0,0
C0636,2025-02,1.0,3.0,1.0,0.0,0,0,0,0
C0637,2025-02,1.0,0.0,0.0,0.0,0,0,0,0
C0638,2025-02,1.0,1.0,2.0,1.0,0,0,0,0
C0639,2025-02,0.0,4.0,0.0,0.0,0,0,1,0
C0640,2025-02,0.0,1.0,0.0,0.0,0,0,1,0
C0641,2025-02,1.0,2.0,0.0,2.0,0,0,0,0
C0642,2025-02,2.0,1.0,0.0,0.0,0,0,0,0
C0643,2025-02,0.0,2.0,1.0,1.0,0,0,0,0
C0644,2025-02,4.0,1.0,0.0,0.0,0,0,0,0
C0645,2025-02,1.0,0.0,1.0,3.0,0,0,0,0
C0646,2025-02,1.0,4.0,0.0,0.0,0,0,0,0
C0647,2025-02,3.0,1.0,0.0,0.0,0,0,0,0
C0648,2025-02,2.0,2.0,1.0,1.0,0,0,0,0
C0649,2025-02,1.0,0.0,0.0,0.0,0,0,0,0
C0650,2025-02,2.0,1.0,0.0,2.0,0,0,0,0
C0651,2025-02,3.0,1.0,2.0,3.0,0,0,0,0
C0652,2025-02,1.0,1.0,0.0,0.0,0,0,0,0
C0653,2025-02,2.0,1.0,0.0,1.0,0,0,0,0
C0654,2025-02,0.0,3.0,2.0,0.0,0,0,0,0
C0655,2025-02,0.0,1.0,0.0,3.0,0,0,0,0
C0656,2025-02,2.0,4.0,0.0,2.0,1,0,0,0
C0657,2025-02,2.0,2.0,0.0,2.0,0,0,0,0
C0658,2025-02,3.0,2.0,1.0,2.0,0,0,0,0
C0659,2025-02,3.0,4.0,0.0,0.0,0,0,0,0
C0660,2025-02,0.0,0.0,2.0,1.0,0,0,0,0
C0661,2025-02,2.0,0.0,0.0,1.0,0,0,0,0
C0662,2025-02,3.0,0.0,1.0,3.0,0,0,0,0
C0663,2025-02,0.0,3.0,2.0,0.0,0,0,0,0
C0664,2025-02,1.0,2.0,0.0,1.0,0,0,0,0
C0665,2025-02,0.0,0.0,2.0,1.0,0,0,0,0
C0666,2025-02,0.0,1.0,0.0,0.0,0,0,0,0
C0667,2025-02,6.0,1.0,1.0,1.0,0,1,0,1
C0668,2025-02,0.0,0.0,1.0,0.0,0,0,0,0
C0669,2025-02,3.0,1.0,0.0,1.0,0,0,0,0
C0670,2025-02,1.0,1.0,0.0,0.0,0,0,0,0
C0671,2025-02,2.0,0.0,1.0,2.0,1,0,0,0
C0672,2025-02,2.0,2.0,1.0,3.0,0,0,0,0
C0673,2025-02,1.0,0.0,0.0,1.0,0,0,0,0
C0674,2025-02,0.0,1.0,2.0,2.0,0,0,0,0
C0675,2025-02,1.0,1.0,2.0,0.0,0,1,0,0
C0676,2025-02,1.0,3.0,1.0,0.0,0,0,0,0
C0677,2025-02,1.0,4.0,1.0,1.0,0,0,0,0
C0678,2025-02,3.0,0.0,2.0,1.0,0,0,0,0
C0679,2025-02,0.0,3.0,0.0,2.0,0,0,0,0
C0680,2025-02,0.0,1.0,3.0,2.0,0,0,0,0
C0681,2025-02,0.0,2.0,0.0,2.0,0,0,0,0
C0682,2025-02,2.0,0.0,1.0,1.0,1,0,0,0
C0683,2025-02,0.0,1.0,1.0,2.0,0,0,0,0
C0684,2025-02,1.0,1.0,1.0,3.0,0,0,0,0
C0685,2025-02,4.0,0.0,0.0,0.0,0,0,0,0
C0686,2025-02,2.0,1.0,1.0,2.0,0,0,0,0
C0687,2025-02,2.0,1.0,0.0,0.0,0,0,0,0
C0688,2025-02,1.0,4.0,0.0,0.0,0,0,1,0
C0689,2025-02,1.0,3.0,0.0,1.0,0,0,0,0
C0690,2025-02,2.0,1.0,2.0,0.0,0,0,0,0
C0691,2025-02,2.0,2.0,0.0,1.0,0,0,0,0
C0692,2025-02,2.0,0.0,0.0,1.0,0,0,0,0
C0693,2025-02,3.0,1.0,2.0,1.0,0,0,0,0
C0694,2025-02,1.0,1.0,2.0,0.0,0,0,0,0
C0695,2025-02,1.0,1.0,1.0,1.0,0,0,0,0
C0696,2025-02,3.0,3.0,0.0,1.0,0,0,0,0
C0697,2025-02,2.0,1.0,1.0,1.0,0,1,0,0
C0698,2025-02,1.0,0.0,0.0,0.0,0,0,0,0
C0699,2025-02,0.0,1.0,2.0,0.0,0,0,0,0
C0700,2025-02,2.0,2.0,1.0,1.0,0,0,0,0
C0701,2025-02,6.0,1.0,1.0,3.0,0,0,0,0
C0702,2025-02,0.0,0.0,0.0,0.0,0,0,0,0
C0703,2025-02,3.0,0.0,1.0,0.0,0,0,0,0
C0704,2025-02,1.0,0.0,0.0,0.0,0,0,0,0
C0705,2025-02,2.0,1.0,1.0,1.0,0,0,0,0
C0706,2025-02,2.0,0.0,0.0,2.0,0,0,0,0
C0707,2025-02,1.0,1.0,1.0,0.0,0,0,0,0
C0708,2025-02,2.0,1.0,1.0,5.0,0,0,0,0
C0709,2025-02,1.0,2.0,1.0,3.0,0,0,0,0
C0710,2025-02,3.0,2.0,0.0,3.0,0,0,0,0
C0711,2025-02,4.0,0.0,0.0,0.0,0,0,0,0
C0712,2025-02,0.0,2.0,0.0,0.0,0,0,0,0
C0713,2025-02,3.0,1.0,1.0,3.0,0,0,0,0
C0714,2025-02,1.0,2.0,0.0,0.0,0,0,0,0
C0715,2025-02,1.0,1.0,0.0,1.0,0,0,0,0
C0716,2025-02,2.0,2.0,0.0,0.0,1,0,0,0
C0717,2025-02,1.0,1.0,0.0,1.0,0,0,0,0
C0718,2025-02,3.0,4.0,2.0,0.0,0,0,0,0
C0719,2025-02,3.0,3.0,0.0,1.0,0,0,0,0
C0720,2025-02,1.0,1.0,0.0,2.0,0,0,0,0
C0721,2025-02,1.0,2.0,0.0,0.0,0,0,0,0
C0722,2025-02,1.0,1.0,0.0,1.0,0,0,0,0
C0723,2025-02,0.0,2.0,0.0,1.0,0,0,0,0
C0724,2025-02,0.0,4.0,0.0,0.0,0,0,0,0
C0725,2025-02,1.0,0.0,1.0,0.0,0,0,0,0
C0726,2025-02,2.0,1.0,0.0,0.0,1,0,0,0
C0727,2025-02,1.0,1.0,1.0,0.0,0,1,0,0
C0728,2025-02,2.0,2.0,1.0,2.0,1,0,0,0
C0729,2025-02,0.0,3.0,0.0,0.0,0,0,0,0
C0730,2025-02,3.0,1.0,1.0,0.0,0,0,0,0
C0731,2025-02,2.0,1.0,2.0,1.0,0,1,0,1
C0732,2025-02,0.0,1.0,0.0,1.0,0,0,0,1
C0733,2025-02,2.0,2.0,0.0,1.0,0,0,0,0
C0734,2025-02,4.0,4.0,0.0,0.0,0,0,0,0
C0735,2025-02,2.0,1.0,0.0,0.0,0,0,0,0
C0736,2025-02,0.0,2.0,1.0,1.0,0,0,0,0
C0737,2025-02,3.0,1.0,0.0,0.0,0,0,0,0
C0738,2025-02,3.0,1.0,0.0,0.0,0,0,0,0
C0739,2025-02,1.0,2.0,0.0,0.0,0,0,0,0
C0740,2025-02,0.0,2.0,0.0,4.0,0,0,0,0
C0741,2025-02,1.0,0.0,1.0,2.0,0,0,0,0
C0742,2025-02,2.0,1.0,0.0,1.0,0,0,0,0
C0743,2025-02,2.0,2.0,0.0,2.0,0,0,0,0
C0744,2025-02,1.0,1.0,1.0,2.0,0,0,0,0
C0745,2025-02,2.0,4.0,1.0,1.0,0,0,0,0
C0746,2025-02,1.0,2.0,2.0,1.0,0,0,0,0
C0747,2025-02,2.0,2.0,1.0,0.0,0,0,0,0
C0748,2025-02,1.0,3.0,0.0,0.0,0,0,0,0
C0749,2025-02,3.0,3.0,1.0,0.0,0,0,0,0
C0750,2025-02,3.0,0.0,0.0,2.0,0,0,0,0
C0751,2025-02,0.0,3.0,0.0,0.0,0,0,0,0
C0752,2025-02,2.0,0.0,1.0,1.0,0,0,0,1
C0753,2025-02,1.0,2.0,0.0,2.0,0,0,0,0
C0754,2025-02,1.0,1.0,0.0,0.0,0,1,1,0
C0755,2025-02,1.0,1.0,1.0,0.0,0,0,0,0
C0756,2025-02,2.0,3.0,0.0,1.0,0,0,0,0
C0757,2025-02,1.0,4.0,1.0,2.0,0,0,0,0
C0758,2025-02,2.0,1.0,3.0,1.0,0,0,0,0
C0759,2025-02,0.0,1.0,1.0,3.0,0,0,0,0
C0760,2025-02,1.0,1.0,0.0,2.0,0,0,0,0
C0761,2025-02,2.0,0.0,0.0,1.0,0,0,0,0
C0762,2025-02,1.0,3.0,0.0,1.0,0,0,1,0
C0763,2025-02,4.0,3.0,0.0,1.0,0,0,0,0
C0764,2025-02,0.0,1.0,0.0,0.0,0,0,0,0
C0765,2025-02,1.0,2.0,0.0,1.0,0,0,0,0
C0766,2025-02,2.0,1.0,0.0,0.0,0,0,0,0
C0767,2025-02,1.0,1.0,1.0,0.0,0,0,0,0
C0768,2025-02,2.0,0.0,1.0,0.0,0,0,0,0
C0769,2025-02,3.0,1.0,0.0,1.0,0,0,0,0
C0770,2025-02,2.0,0.0,0.0,0.0,0,0,0,0
C0771,2025-02,1.0,0.0,1.0,0.0,0,0,0,0
C0772,2025-02,3.0,2.0,0.0,0.0,0,0,0,0
C0773,2025-02,2.0,0.0,0.0,0.0,0,0,0,0
C0774,2025-02,1.0,2.0,1.0,0.0,0,0,0,0
C0775,2025-02,0.0,1.0,0.0,0.0,0,0,0,0
C0776,2025-02,0.0,1.0,1.0,2.0,0,0,0,0
C0777,2025-02,2.0,1.0,1.0,0.0,0,0,0,0
C0778,2025-02,3.0,1.0,1.0,3.0,0,0,0,0
C0779,2025-02,0.0,4.0,1.0,1.0,0,0,0,0
C0780,2025-02,2.0,0.0,1.0,0.0,1,0,0,0
C0781,2025-02,1.0,4.0,0.0,1.0,0,0,0,0
C0782,2025-02,2.0,3.0,0.0,3.0,0,0,0,0
C0783,2025-02,2.0,1.0,1.0,0.0,0,0,0,0
C0784,2025-02,1.0,2.0,0.0,2.0,0,0,1,0
C0785,2025-02,3.0,3.0,2.0,0.0,0,0,0,0
C0786,2025-02,0.0,0.0,0.0,0.0,0,0,1,0
C0787,2025-02,2.0,2.0,1.0,1.0,0,0,0,0
C0788,2025-02,4.0,1.0,0.0,1.0,0,0,0,0
C0789,2025-02,1.0,1.0,0.0,0.0,0,0,0,0
C0790,2025-02,3.0,3.0,0.0,1.0,0,0,0,0
C0791,2025-02,0.0,0.0,0.0,0.0,0,0,0,0
C0792,2025-02,0.0,0.0,0.0,0.0,0,0,1,0
C0793,2025-02,0.0,1.0,1.0,1.0,0,0,0,0
C0794,2025-02,1.0,3.0,0.0,2.0,0,0,0,0
C0795,2025-02,3.0,0.0,1.0,0.0,0,0,0,0
C0796,2025-02,1.0,1.0,2.0,0.0,0,0,0,0
C0797,2025-02,1.0,1.0,0.0,1.0,0,0,0,0
C0798,2025-02,5.0,3.0,1.0,2.0,0,0,0,0
C0799,2025-02,2.0,1.0,0.0,0.0,0,0,0,0
C0800,2025-02,3.0,2.0,0.0,0.0,0,0,0,0
H0001,2025-03,2.0,0.0,0.0,2.0,1,0,0,0
H0002,2025-03,1.0,0.0,0.0,0.0,0,0,0,0
H0003,2025-03,2.0,2.0,1.0,3.0,0,0,0,0
H0004,2025-03,3.0,0.0,0.0,1.0,0,0,0,0
H0005,2025-03,2.0,0.0,0.0,1.0,0,0,0,1
H0006,2025-03,0.0,2.0,2.0,0.0,0,0,0,0
H0007,2025-03,0.0,3.0,1.0,0.0,0,0,0,0
H0008,2025-03,3.0,3.0,1.0,2.0,0,0,0,0
H0009,2025-03,2.0,1.0,0.0,1.0,0,0,0,0
H0010,2025-03,1.0,2.0,1.0,1.0,0,0,0,0
H0011,2025-03,2.0,0.0,2.0,0.0,1,0,0,0
H0012,2025-03,2.0,3.0,0.0,0.0,0,0,0,0
H0013,2025-03,1.0,1.0,0.0,0.0,0,0,0,0
H0014,2025-03,3.0,0.0,1.0,0.0,0,0,0,0
H0015,2025-03,1.0,1.0,1.0,0.0,0,0,0,0
H0016,2025-03,1.0,2.0,0.0,2.0,0,0,0,0
H0017,2025-03,0.0,1.0,3.0,1.0,0,0,0,0
H0018,2025-03,3.0,0.0,1.0,1.0,0,0,0,0
H0019,2025-03,2.0,2.0,1.0,1.0,0,0,0,0
H0020,2025-03,2.0,1.0,0.0,1.0,0,0,0,1
H0021,2025-03,1.0,2.0,0.0,0.0,0,0,0,0
H0022,2025-03,2.0,1.0,0.0,1.0,0,0,0,0
H0023,2025-03,3.0,1.0,0.0,0.0,0,0,1,0
H0024,2025-03,2.0,1.0,0.0,0.0,1,0,0,0
H0025,2025-03,1.0,2.0,0.0,0.0,0,0,0,0
H0026,2025-03,2.0,1.0,0.0,0.0,0,1,0,0
H0027,2025-03,2.0,4.0,0.0,1.0,0,0,1,0
H0028,2025-03,4.0,1.0,2.0,3.0,0,1,0,0
H0029,2025-03,0.0,1.0,1.0,1.0,0,0,0,0
H0030,2025-03,1.0,0.0,2.0,2.0,0,0,0,0
H0031,2025-03,2.0,4.0,0.0,0.0,0,0,0,0
H0032,2025-03,1.0,4.0,0.0,0.0,0,0,0,0
H0033,2025-03,2.0,0.0,1.0,1.0,0,0,0,0
H0034,2025-03,2.0,0.0,0.0,1.0,0,0,0,0
H0035,2025-03,1.0,0.0,2.0,3.0,0,0,0,0
H0036,2025-03,2.0,0.0,0.0,2.0,0,0,0,0
H0037,2025-03,1.0,1.0,0.0,1.0,0,0,0,0
H0038,2025-03,1.0,0.0,1.0,0.0,0,0,0,0
H0039,2025-03,2.0,1.0,1.0,0.0,0,0,0,0
H0040,2025-03,3.0,1.0,1.0,1.0,0,1,0,0
H0041,2025-03,1.0,2.0,0.0,3.0,0,0,0,0
H0042,2025-03,1.0,1.0,1.0,0.0,0,0,0,0
H0043,2025-03,2.0,0.0,0.0,1.0,0,0,0,0
H0044,2025-03,2.0,1.0,0.0,1.0,0,0,0,0
H0045,2025-03,2.0,3.0,0.0,2.0,0,0,0,0
H0046,2025-03,2.0,0.0,1.0,2.0,1,0,0,0
H0047,2025-03,2.0,2.0,2.0,0.0,0,0,0,0
H0048,2025-03,2.0,1.0,0.0,0.0,0,1,0,0
H0049,2025-03,2.0,0.0,1.0,1.0,0,0,0,0
H0050,2025-03,3.0,1.0,2.0,2.0,0,0,0,0
H0051,2025-03,2.0,0.0,1.0,1.0,0,0,0,0
H0052,2025-03,2.0,0.0,1.0,2.0,0,0,0,0
H0053,2025-03,2.0,1.0,0.0,2.0,0,0,0,0
H0054,2025-03,3.0,2.0,0.0,1.0,0,0,0,1
H0055,2025-03,1.0,1.0,2.0,0.0,0,0,0,0
H0056,2025-03,1.0,1.0,1.0,1.0,0,0,0,0
H0057,2025-03,0.0,2.0,1.0,1.0,0,0,0,0
H0058,2025-03,3.0,0.0,0.0,2.0,0,0,0,0
H0059,2025-03,2.0,2.0,0.0,1.0,0,0,0,0
H0060,2025-03,6.0,3.0,0.0,2.0,0,0,0,0
H0061,2025-03,2.0,0.0,3.0,2.0,0,0,0,0
H0062,2025-03,0.0,0.0,0.0,1.0,0,0,0,0
H0063,2025-03,3.0,1.0,0.0,0.0,0,0,0,0
H0064,2025-03,2.0,0.0,1.0,2.0,0,0,0,0
H0065,2025-03,2.0,1.0,1.0,1.0,0,0,0,0
H0066,2025-03,0.0,0.0,0.0,0.0,0,0,0,0
H0067,2025-03,1.0,1.0,1.0,0.0,0,0,0,0
H0068,2025-03,0.0,1.0,1.0,0.0,0,0,0,0
H0069,2025-03,2.0,1.0,0.0,2.0,0,0,0,0
H0070,2025-03,1.0,1.0,2.0,1.0,0,0,0,0
H0071,2025-03,5.0,1.0,0.0,0.0,0,0,0,0
H0072,2025-03,0.0,1.0,0.0,1.0,0,0,1,0
H0073,2025-03,2.0,0.0,0.0,1.0,0,0,0,0
H0074,2025-03,1.0,1.0,0.0,4.0,0,0,0,0
H0075,2025-03,5.0,1.0,3.0,3.0,0,0,0,0
H0076,2025-03,2.0,2.0,0.0,0.0,1,0,0,0
H0077,2025-03,2.0,1.0,0.0,1.0,0,0,0,0
H0078,2025-03,0.0,0.0,1.0,3.0,0,0,0,0
H0079,2025-03,2.0,0.0,0.0,0.0,0,0,0,0
H0080,2025-03,2.0,1.0,1.0,1.0,0,0,0,0
H0081,2025-03,5.0,2.0,0.0,0.0,0,0,0,0
H0082,2025-03,2.0,1.0,0.0,0.0,0,0,0,0
H0083,2025-03,1.0,1.0,0.0,0.0,0,1,0,0
H0084,2025-03,1.0,3.0,0.0,0.0,0,0,0,0
H0085,2025-03,1.0,1.0,0.0,0.0,0,0,0,0
H0086,2025-03,3.0,1.0,0.0,2.0,0,1,0,0
H0087,2025-03,2.0,1.0,0.0,2.0,0,0,0,0
H0088,2025-03,1.0,0.0,0.0,1.0,0,0,0,0
H0089,2025-03,1.0,1.0,0.0,1.0,0,0,0,0
H0090,2025-03,1.0,0.0,0.0,1.0,0,0,0,0
H0091,2025-03,1.0,2.0,1.0,3.0,0,0,0,0
H0092,2025-03,1.0,2.0,0.0,1.0,0,0,0,0
H0093,2025-03,0.0,0.0,0.0,1.0,0,0,0,0
H0094,2025-03,2.0,2.0,0.0,0.0,0,0,0,0
H0095,2025-03,3.0,1.0,0.0,1.0,0,0,0,0
H0096,2025-03,2.0,2.0,0.0,1.0,0,0,0,0
H0097,2025-03,3.0,0.0,0.0,2.0,0,0,0,0
H0098,2025-03,3.0,2.0,0.0,0.0,0,0,1,0
H0099,2025-03,1.0,1.0,1.0,0.0,0,0,0,0
H0100,2025-03,1.0,1.0,0.0,0.0,0,0,0,0
H0101,2025-03,1.0,1.0,0.0,0.0,0,0,0,0
H0102,2025-03,0.0,4.0,0.0,2.0,0,0,0,0
H0103,2025-03,0.0,1.0,0.0,0.0,0,1,0,0
H0104,2025-03,1.0,2.0,1.0,0.0,0,0,0,0
H0105,2025-03,2.0,1.0,1.0,4.0,0,1,0,0
H0106,2025-03,2.0,3.0,0.0,0.0,0,0,0,0
H0107,2025-03,3.0,1.0,0.0,0.0,0,0,0,0
H0108,2025-03,0.0,1.0,2.0,2.0,0,0,0,0
H0109,2025-03,3.0,0.0,0.0,0.0,0,0,1,0
H0110,2025-03,3.0,1.0,1.0,1.0,0,1,0,0
H0111,2025-03,1.0,3.0,1.0,0.0,0,0,0,0
H0112,2025-03,3.0,1.0,2.0,0.0,0,0,0,0
H0113,2025-03,0.0,1.0,0.0,1.0,0,0,0,0
H0114,2025-03,5.0,0.0,0.0,0.0,0,0,0,0
H0115,2025-03,2.0,0.0,1.0,3.0,1,0,0,0
H0116,2025-03,1.0,2.0,0.0,2.0,0,0,0,0
H0117,2025-03,0.0,0.0,1.0,0.0,0,0,0,0
H0118,2025-03,1.0,1.0,1.0,2.0,0,0,0,0
H0119,2025-03,1.0,1.0,2.0,0.0,0,0,0,0
H0120,2025-03,5.0,2.0,0.0,0.0,0,0,0,0
H0121,2025-03,2.0,1.0,0.0,1.0,0,0,0,0
H0122,2025-03,0.0,2.0,0.0,1.0,0,0,0,0
H0123,2025-03,1.0,1.0,2.0,2.0,0,0,0,0
H0124,2025-03,3.0,2.0,1.0,2.0,0,0,0,0
H0125,2025-03,3.0,1.0,1.0,1.0,0,0,0,0
H0126,2025-03,0.0,1.0,0.0,1.0,0,0,0,0
H0127,2025-03,2.0,1.0,3.0,0.0,0,0,0,0
H0128,2025-03,2.0,0.0,1.0,1.0,0,0,0,1
H0129,2025-03,1.0,1.0,0.0,1.0,0,0,1,0
H0130,2025-03,2.0,2.0,0.0,0.0,0,0,0,0
H0131,2025-03,0.0,0.0,1.0,1.0,0,0,0,0
H0132,2025-03,3.0,0.0,0.0,1.0,0,0,0,0
H0133,2025-03,0.0,0.0,0.0,0.0,0,0,0,0
H0134,2025-03,2.0,1.0,0.0,1.0,0,0,1,0
H0135,2025-03,1.0,2.0,1.0,0.0,0,0,0,0
H0136,2025-03,6.0,2.0,2.0,2.0,0,0,0,0
H0137,2025-03,2.0,2.0,0.0,0.0,0,0,0,0
H0138,2025-03,1.0,0.0,0.0,0.0,0,0,0,0
H0139,2025-03,3.0,1.0,1.0,0.0,0,0,0,0
H0140,2025-03,1.0,3.0,0.0,0.0,0,0,0,0
H0141,2025-03,2.0,2.0,0.0,1.0,1,0,0,0
H0142,2025-03,1.0,2.0,0.0,2.0,0,0,0,0
H0143,2025-03,1.0,1.0,0.0,0.0,0,0,0,0
H0144,2025-03,0.0,0.0,1.0,1.0,0,0,0,0
H0145,2025-03,1.0,2.0,0.0,0.0,0,0,0,0
H0146,2025-03,1.0,3.0,0.0,2.0,0,0,0,0
H0147,2025-03,3.0,1.0,0.0,0.0,0,0,0,0
H0148,2025-03,2.0,0.0,3.0,0.0,0,0,0,0
H0149,2025-03,2.0,2.0,0.0,0.0,0,0,0,0
H0150,2025-03,2.0,1.0,0.0,1.0,0,0,0,0
H0151,2025-03,1.0,1.0,1.0,3.0,0,0,0,0
H0152,2025-03,1.0,0.0,1.0,0.0,0,0,0,0
H0153,2025-03,0.0,3.0,1.0,2.0,0,0,0,0
H0154,2025-03,1.0,0.0,1.0,1.0,0,0,0,0
H0155,2025-03,3.0,2.0,0.0,2.0,0,0,0,0
H0156,2025-03,2.0,1.0,1.0,0.0,0,0,0,0
H0157,2025-03,4.0,0.0,3.0,1.0,0,0,0,0
H0158,2025-03,1.0,2.0,0.0,2.0,0,0,0,0
H0159,2025-03,2.0,1.0,0.0,0.0,0,0,0,0
H0160,2025-03,0.0,4.0,0.0,1.0,0,0,0,0
H0161,2025-03,4.0,0.0,1.0,0.0,0,0,0,0
H0162,2025-03,2.0,2.0,0.0,1.0,1,0,0,0
H0163,2025-03,3.0,1.0,1.0,0.0,0,0,0,0
H0164,2025-03,1.0,4.0,2.0,2.0,0,0,0,0
H0165,2025-03,1.0,1.0,0.0,0.0,0,0,0,0
H0166,2025-03,0.0,0.0,0.0,1.0,0,0,0,0
H0167,2025-03,2.0,1.0,0.0,1.0,0,0,0,1
H0168,2025-03,2.0,1.0,1.0,1.0,0,0,0,0
H0169,2025-03,1.0,1.0,0.0,0.0,0,0,0,0
H0170,2025-03,1.0,0.0,0.0,3.0,0,0,0,0
H0171,2025-03,2.0,1.0,1.0,1.0,0,1,0,0
H0172,2025-03,5.0,1.0,0.0,0.0,0,0,0,0
H0173,2025-03,2.0,3.0,3.0,3.0,1,0,0,0
H0174,2025-03,2.0,1.0,1.0,3.0,0,1,0,0
H0175,2025-03,2.0,0.0,1.0,0.0,0,0,0,0
H0176,2025-03,2.0,1.0,0.0,0.0,0,1,0,0
H0177,2025-03,1.0,1.0,0.0,2.0,0,0,0,0
H0178,2025-03,0.0,2.0,0.0,1.0,0,0,0,0
H0179,2025-03,3.0,0.0,0.0,0.0,0,0,0,0
H0180,2025-03,3.0,1.0,0.0,1.0,0,0,0,0
H0181,2025-03,2.0,2.0,1.0,1.0,0,0,0,0
H0182,2025-03,1.0,1.0,1.0,1.0,0,0,0,0
H0183,2025-03,2.0,1.0,0.0,0.0,0,0,0,0
H0184,2025-03,2.0,2.0,2.0,0.0,0,0,0,0
H0185,2025-03,0.0,1.0,0.0,1.0,0,0,0,0
H0186,2025-03,2.0,3.0,1.0,1.0,1,0,0,0
H0187,2025-03,4.0,1.0,0.0,2.0,0,0,0,0
H0188,2025-03,4.0,1.0,1.0,0.0,0,0,0,0
H0189,2025-03,0.0,0.0,1.0,0.0,0,0,0,0
H0190,2025-03,2.0,1.0,0.0,4.0,0,0,0,0
H0191,2025-03,0.0,1.0,0.0,2.0,0,0,1,0
H0192,2025-03,3.0,1.0,1.0,0.0,0,0,0,0
H0193,2025-03,0.0,3.0,0.0,1.0,0,0,0,1
H0194,2025-03,2.0,1.0,2.0,2.0,0,0,0,0
H0195,2025-03,1.0,4.0,1.0,0.0,0,0,0,0
H0196,2025-03,2.0,1.0,1.0,1.0,0,0,0,0
H0197,2025-03,2.0,1.0,0.0,1.0,0,0,0,0
H0198,2025-03,1.0,2.0,0.0,0.0,0,0,0,0
H0199,2025-03,2.0,0.0,0.0,0.0,0,0,0,0
H0200,2025-03,3.0,0.0,0.0,1.0,0,0,0,1
H0201,2025-03,3.0,2.0,0.0,0.0,0,0,0,0
H0202,2025-03,1.0,1.0,1.0,4.0,0,0,0,0
H0203,2025-03,3.0,0.0,0.0,0.0,0,0,0,0
H0204,2025-03,1.0,2.0,0.0,0.0,0,0,0,0
H0205,2025-03,0.0,0.0,0.0,0.0,0,0,0,0
H0206,2025-03,2.0,0.0,0.0,1.0,0,0,0,0
H0207,2025-03,3.0,0.0,1.0,4.0,0,0,0,0
H0208,2025-03,3.0,2.0,0.0,0.0,0,0,0,0
H0209,2025-03,3.0,0.0,0.0,1.0,0,0,0,1
H0210,2025-03,3.0,2.0,1.0,1.0,0,0,0,0
H0211,2025-03,2.0,1.0,0.0,1.0,1,0,0,0
H0212,2025-03,3.0,1.0,2.0,2.0,0,0,0,0
H0213,2025-03,0.0,3.0,1.0,1.0,0,0,0,0
H0214,2025-03,3.0,1.0,1.0,0.0,0,1,0,0
H0215,2025-03,2.0,0.0,0.0,1.0,0,0,0,0
H0216,2025-03,1.0,1.0,0.0,0.0,0,0,0,0
H0217,2025-03,2.0,1.0,0.0,2.0,0,0,0,0
H0218,2025-03,0.0,1.0,0.0,0.0,0,0,0,0
H0219,2025-03,1.0,0.0,0.0,2.0,0,0,0,0
H0220,2025-03,1.0,0.0,1.0,0.0,0,0,0,0
H0221,2025-03,0.0,1.0,1.0,0.0,0,0,0,0
H0222,2025-03,3.0,0.0,0.0,0.0,0,0,0,0
H0223,2025-03,4.0,0.0,0.0,1.0,0,0,0,0
H0224,2025-03,5.0,1.0,0.0,1.0,0,0,0,0
H0225,2025-03,1.0,3.0,0.0,1.0,0,0,1,0
H0226,2025-03,2.0,3.0,0.0,1.0,0,0,0,0
H0227,2025-03,0.0,0.0,1.0,3.0,0,0,0,0
H0228,2025-03,2.0,3.0,0.0,0.0,1,0,0,0
H0229,2025-03,2.0,2.0,0.0,1.0,0,0,0,0
H0230,2025-03,3.0,1.0,2.0,1.0,0,0,0,0
H0231,2025-03,0.0,0.0,1.0,0.0,0,0,0,0
H0232,2025-03,2.0,2.0,0.0,1.0,0,0,0,0
H0233,2025-03,1.0,0.0,3.0,1.0,0,0,0,0
H0234,2025-03,2.0,1.0,1.0,3.0,0,0,0,0
H0235,2025-03,2.0,0.0,0.0,1.0,0,0,0,0
H0236,2025-03,2.0,0.0,0.0,0.0,1,0,0,0
H0237,2025-03,1.0,2.0,3.0,1.0,0,0,0,0
H0238,2025-03,1.0,1.0,1.0,0.0,0,0,0,0
H0239,2025-03,1.0,2.0,0.0,2.0,0,0,0,0
H0240,2025-03,3.0,1.0,0.0,1.0,0,1,0,0
H0241,2025-03,2.0,1.0,0.0,0.0,0,0,0,0
H0242,2025-03,2.0,1.0,0.0,1.0,0,0,0,0
H0243,2025-03,3.0,0.0,0.0,2.0,0,0,0,0
H0244,2025-03,0.0,0.0,1.0,3.0,0,0,0,0
H0245,2025-03,2.0,0.0,1.0,0.0,0,0,0,0
H0246,2025-03,1.0,0.0,1.0,0.0,0,0,0,0
H0247,2025-03,3.0,3.0,1.0,0.0,0,0,0,0
H0248,2025-03,1.0,1.0,0.0,2.0,0,1,0,0
H0249,2025-03,1.0,0.0,1.0,0.0,0,0,0,0
H0250,2025-03,1.0,4.0,2.0,0.0,0,0,0,0
H0251,2025-03,0.0,3.0,1.0,1.0,0,0,0,0
H0252,2025-03,1.0,1.0,1.0,0.0,0,0,0,0
H0253,2025-03,1.0,0.0,0.0,1.0,0,0,0,0
H0254,2025-03,1.0,2.0,0.0,0.0,0,0,0,0
H0255,2025-03,0.0,2.0,0.0,1.0,0,0,0,1
H0256,2025-03,2.0,1.0,1.0,1.0,0,0,0,0
H0257,2025-03,0.0,2.0,3.0,0.0,0,0,0,0
H0258,2025-03,2.0,1.0,0.0,1.0,0,1,0,0
H0259,2025-03,0.0,3.0,0.0,0.0,0,0,0,0
H0260,2025-03,1.0,3.0,0.0,2.0,0,0,1,0
H0261,2025-03,2.0,2.0,0.0,0.0,0,0,0,0
H0262,2025-03,3.0,1.0,1.0,1.0,0,1,0,0
H0263,2025-03,3.0,3.0,0.0,0.0,0,0,0,0
H0264,2025-03,3.0,0.0,0.0,0.0,0,0,0,0
H0265,2025-03,2.0,1.0,1.0,4.0,0,1,0,0
H0266,2025-03,0.0,0.0,0.0,1.0,0,0,0,0
H0267,2025-03,1.0,2.0,2.0,1.0,0,0,0,0
H0268,2025-03,4.0,0.0,1.0,0.0,0,0,0,0
H0269,2025-03,1.0,1.0,0.0,3.0,0,0,0,0
H0270,2025-03,0.0,1.0,1.0,0.0,0,0,0,0
H0271,2025-03,2.0,1.0,1.0,1.0,0,0,0,0
H0272,2025-03,3.0,3.0,1.0,1.0,0,0,0,0
H0273,2025-03,0.0,1.0,0.0,2.0,0,0,0,0
H0274,2025-03,5.0,4.0,0.0,2.0,0,0,0,0
H0275,2025-03,2.0,0.0,2.0,0.0,0,0,0,0
H0276,2025-03,4.0,1.0,1.0,2.0,0,0,0,0
H0277,2025-03,2.0,1.0,1.0,0.0,0,0,0,0
H0278,2025-03,1.0,0.0,1.0,1.0,0,0,0,0
H0279,2025-03,2.0,0.0,1.0,0.0,1,0,0,0
H0280,2025-03,1.0,0.0,0.0,0.0,0,0,0,0
H0281,2025-03,3.0,1.0,1.0,1.0,0,0,0,0
H0282,2025-03,2.0,1.0,0.0,0.0,0,0,0,0
H0283,2025-03,3.0,0.0,0.0,1.0,0,0,0,0
H0284,2025-03,1.0,1.0,2.0,0.0,0,1,0,0
H0285,2025-03,3.0,2.0,0.0,2.0,0,0,0,0
H0286,2025-03,0.0,1.0,0.0,0.0,0,0,0,0
H0287,2025-03,3.0,1.0,0.0,2.0,0,0,0,0
H0288,2025-03,1.0,0.0,0.0,1.0,0,0,0,0
H0289,2025-03,4.0,1.0,0.0,0.0,0,0,0,0
H0290,2025-03,0.0,1.0,1.0,1.0,0,0,0,0
H0291,2025-03,2.0,1.0,0.0,1.0,0,0,0,0
H0292,2025-03,1.0,2.0,0.0,1.0,0,0,0,0
H0293,2025-03,0.0,0.0,1.0,1.0,0,0,0,0
H0294,2025-03,1.0,4.0,1.0,1.0,0,0,0,0
H0295,2025-03,2.0,1.0,2.0,2.0,0,0,0,0
H0296,2025-03,2.0,3.0,1.0,0.0,1,0,0,0
H0297,2025-03,2.0,1.0,0.0,1.0,0,0,0,0
H0298,2025-03,2.0,0.0,1.0,0.0,0,0,0,0
H0299,2025-03,1.0,3.0,0.0,3.0,0,0,0,0
H0300,2025-03,3.0,0.0,1.0,0.0,0,0,0,0
H0301,2025-03,0.0,1.0,1.0,1.0,0,0,0,1
H0302,2025-03,1.0,1.0,2.0,2.0,0,0,0,0
H0303,2025-03,2.0,0.0,0.0,2.0,0,0,0,0
H0304,2025-03,3.0,2.0,0.0,2.0,0,0,0,0
H0305,2025-03,2.0,1.0,0.0,0.0,0,0,0,0
H0306,2025-03,0.0,0.0,0.0,3.0,0,0,0,0
H0307,2025-03,1.0,1.0,0.0,2.0,0,0,0,0
H0308,2025-03,2.0,0.0,0.0,0.0,0,0,0,0
H0309,2025-03,0.0,1.0,0.0,0.0,0,1,0,0
H0310,2025-03,1.0,0.0,1.0,2.0,0,0,0,0
H0311,2025-03,4.0,3.0,1.0,1.0,0,0,0,0
H0312,2025-03,3.0,0.0,0.0,0.0,0,0,0,0
H0313,2025-03,4.0,1.0,2.0,0.0,0,0,0,0
H0314,2025-03,1.0,0.0,1.0,0.0,0,0,0,0
H0315,2025-03,3.0,0.0,1.0,1.0,0,0,0,1
H0316,2025-03,1.0,1.0,2.0,0.0,0,0,0,0
H0317,2025-03,0.0,0.0,0.0,0.0,0,0,0,0
H0318,2025-03,0.0,2.0,0.0,2.0,0,0,0,0
H0319,2025-03,0.0,0.0,1.0,1.0,0,0,0,1
H0320,2025-03,1.0,0.0,0.0,2.0,0,0,0,0
H0321,2025-03,1.0,3.0,0.0,0.0,0,0,0,0
H0322,2025-03,1.0,3.0,1.0,0.0,0,0,0,0
H0323,2025-03,2.0,1.0,0.0,2.0,0,0,0,0
H0324,2025-03,1.0,3.0,1.0,2.0,0,0,0,0
H0325,2025-03,1.0,3.0,0.0,2.0,0,0,0,0
H0326,2025-03,1.0,1.0,0.0,1.0,0,0,0,0
H0327,2025-03,2.0,1.0,0.0,2.0,0,0,0,0
H0328,2025-03,3.0,2.0,0.0,1.0,0,0,0,0
H0329,2025-03,5.0,4.0,0.0,1.0,0,0,0,0
H0330,2025-03,3.0,1.0,0.0,3.0,0,0,0,0
H0331,2025-03,2.0,1.0,0.0,1.0,1,1,0,0
H0332,2025-03,2.0,0.0,0.0,1.0,0,0,0,0
H0333,2025-03,1.0,4.0,0.0,0.0,0,0,0,0
H0334,2025-03,2.0,0.0,2.0,2.0,1,0,0,0
H0335,2025-03,0.0,2.0,2.0,0.0,0,0,0,0
H0336,2025-03,1.0,1.0,2.0,0.0,0,1,0,0
H0337,2025-03,1.0,2.0,0.0,2.0,0,0,0,0
H0338,2025-03,2.0,2.0,1.0,1.0,0,0,0,0
H0339,2025-03,2.0,0.0,0.0,1.0,0,0,0,0
H0340,2025-03,4.0,0.0,1.0,0.0,0,0,0,0
H0341,2025-03,1.0,1.0,0.0,1.0,0,0,0,0
H0342,2025-03,4.0,0.0,0.0,2.0,0,0,0,0
H0343,2025-03,0.0,1.0,1.0,1.0,0,0,0,0
H0344,2025-03,3.0,0.0,2.0,0.0,0,0,0,0
H0345,2025-03,1.0,1.0,0.0,1.0,0,1,0,1
H0346,2025-03,1.0,1.0,1.0,1.0,0,0,0,0
H0347,2025-03,2.0,1.0,1.0,0.0,0,0,0,0
H0348,2025-03,3.0,3.0,0.0,0.0,0,0,0,0
H0349,2025-03,3.0,0.0,2.0,1.0,0,0,0,0
H0350,2025-03,2.0,2.0,1.0,1.0,0,0,0,1
H0351,2025-03,0.0,0.0,1.0,0.0,0,0,0,0
H0352,2025-03,2.0,0.0,0.0,1.0,0,0,0,0
H0353,2025-03,4.0,2.0,0.0,0.0,0,0,0,0
H0354,2025-03,4.0,1.0,3.0,0.0,0,0,0,0
H0355,2025-03,1.0,1.0,1.0,1.0,0,0,0,0
H0356,2025-03,1.0,1.0,0.0,1.0,0,0,0,1
H0357,2025-03,3.0,2.0,2.0,1.0,0,0,0,0
H0358,2025-03,4.0,0.0,1.0,1.0,0,0,0,0
H0359,2025-03,1.0,3.0,0.0,0.0,0,0,0,0
H0360,2025-03,2.0,1.0,1.0,3.0,0,0,0,0
H0361,2025-03,0.0,0.0,0.0,0.0,0,0,0,0
H0362,2025-03,0.0,2.0,0.0,3.0,0,0,0,0
H0363,2025-03,0.0,2.0,0.0,1.0,0,0,0,0
H0364,2025-03,1.0,0.0,0.0,0.0,0,0,0,0
H0365,2025-03,5.0,2.0,1.0,0.0,0,0,0,0
H0366,2025-03,4.0,1.0,0.0,1.0,0,0,0,0
H0367,2025-03,5.0,0.0,2.0,1.0,0,0,0,0
H0368,2025-03,3.0,0.0,0.0,0.0,0,0,0,0
H0369,2025-03,2.0,3.0,0.0,3.0,0,0,0,0
H0370,2025-03,1.0,1.0,0.0,1.0,0,0,0,0
H0371,2025-03,2.0,1.0,0.0,0.0,0,0,0,0
H0372,2025-03,2.0,0.0,0.0,0.0,0,0,0,0
H0373,2025-03,2.0,4.0,0.0,0.0,0,0,0,0
H0374,2025-03,3.0,1.0,0.0,1.0,0,0,1,0
H0375,2025-03,0.0,3.0,1.0,2.0,0,0,0,0
H0376,2025-03,2.0,0.0,2.0,0.0,0,0,0,0
H0377,2025-03,2.0,0.0,3.0,1.0,0,0,0,0
H0378,2025-03,3.0,1.0,1.0,1.0,0,0,0,0
H0379,2025-03,2.0,2.0,2.0,0.0,0,0,0,0
H0380,2025-03,3.0,3.0,2.0,1.0,0,0,0,0
H0381,2025-03,2.0,0.0,1.0,0.0,0,0,0,0
H0382,2025-03,3.0,1.0,0.0,1.0,0,0,0,0
H0383,2025-03,0.0,0.0,1.0,4.0,0,0,0,0
H0384,2025-03,1.0,3.0,0.0,1.0,0,0,0,0
H0385,2025-03,0.0,3.0,0.0,0.0,0,0,0,0
H0386,2025-03,1.0,4.0,0.0,2.0,0,0,0,0
H0387,2025-03,3.0,1.0,0.0,1.0,0,0,1,0
H0388,2025-03,1.0,1.0,2.0,0.0,0,0,0,0
H0389,2025-03,2.0,0.0,0.0,1.0,0,0,0,1
H0390,2025-03,3.0,0.0,1.0,3.0,0,0,0,0
H0391,2025-03,0.0,1.0,0.0,0.0,0,0,0,0
H0392,2025-03,2.0,1.0,0.0,2.0,0,0,1,0
H0393,2025-03,4.0,0.0,0.0,0.0,0,0,0,0
H0394,2025-03,3.0,0.0,0.0,0.0,0,0,0,0
H0395,2025-03,4.0,0.0,0.0,0.0,0,0,0,0
H0396,2025-03,2.0,0.0,1.0,0.0,0,0,0,0
H0397,2025-03,3.0,2.0,0.0,2.0,0,0,0,0
H0398,2025-03,2.0,0.0,0.0,1.0,0,0,0,0
H0399,2025-03,2.0,1.0,1.0,0.0,0,1,0,0
H0400,2025-03,3.0,3.0,1.0,1.0,0,0,0,0
H0401,2025-03,1.0,1.0,0.0,0.0,0,0,0,0
H0402,2025-03,2.0,0.0,0.0,0.0,0,0,0,0
H0403,2025-03,1.0,1.0,0.0,3.0,0,0,0,0
H0404,2025-03,2.0,1.0,1.0,1.0,0,0,0,0
H0405,2025-03,1.0,2.0,0.0,0.0,0,0,0,0
H0406,2025-03,1.0,0.0,0.0,0.0,0,0,0,0
H0407,2025-03,2.0,2.0,0.0,1.0,0,0,0,0
H0408,2025-03,4.0,1.0,0.0,1.0,0,0,0,0
H0409,2025-03,3.0,1.0,1.0,2.0,0,0,0,0
H0410,2025-03,0.0,2.0,1.0,2.0,0,0,0,0
H0411,2025-03,2.0,0.0,0.0,0.0,0,0,0,0
H0412,2025-03,1.0,0.0,0.0,1.0,0,0,0,0
H0413,2025-03,2.0,1.0,0.0,0.0,0,0,0,0
H0414,2025-03,5.0,1.0,0.0,1.0,0,0,0,1
H0415,2025-03,2.0,2.0,0.0,1.0,0,0,1,0
H0416,2025-03,0.0,0.0,1.0,1.0,0,0,0,1
H0417,2025-03,2.0,1.0,0.0,0.0,0,0,0,0
H0418,2025-03,0.0,2.0,0.0,0.0,0,0,0,0
H0419,2025-03,2.0,3.0,0.0,0.0,0,0,0,0
H0420,2025-03,0.0,1.0,0.0,0.0,0,1,0,0
H0421,2025-03,3.0,0.0,0.0,0.0,0,0,0,0
H0422,2025-03,2.0,2.0,0.0,0.0,0,0,0,0
H0423,2025-03,1.0,1.0,1.0,2.0,0,0,0,0
H0424,2025-03,0.0,2.0,0.0,0.0,0,0,0,0
H0425,2025-03,0.0,1.0,0.0,0.0,0,0,0,0
H0426,2025-03,4.0,3.0,2.0,0.0,0,0,0,0
H0427,2025-03,0.0,0.0,0.0,2.0,0,0,1,0
H0428,2025-03,3.0,2.0,0.0,2.0,0,0,0,0
H0429,2025-03,2.0,1.0,0.0,1.0,0,1,0,0
H0430,2025-03,2.0,2.0,1.0,1.0,0,0,0,0
H0431,2025-03,1.0,0.0,1.0,0.0,0,0,0,0
H0432,2025-03,1.0,1.0,1.0,0.0,0,0,0,0
H0433,2025-03,1.0,0.0,1.0,1.0,0,0,0,0
H0434,2025-03,2.0,0.0,1.0,1.0,1,0,0,0
H0435,2025-03,1.0,0.0,1.0,0.0,0,0,0,0
H0436,2025-03,3.0,2.0,1.0,0.0,0,0,0,0
H0437,2025-03,1.0,1.0,0.0,2.0,0,0,0,0
H0438,2025-03,0.0,1.0,0.0,2.0,0,0,0,0
H0439,2025-03,1.0,2.0,1.0,0.0,0,0,0,0
H0440,2025-03,2.0,1.0,0.0,1.0,0,0,0,0
H0441,2025-03,3.0,1.0,0.0,0.0,0,0,0,0
H0442,2025-03,2.0,2.0,1.0,2.0,0,0,0,0
H0443,2025-03,0.0,2.0,1.0,0.0,0,0,0,0
H0444,2025-03,4.0,1.0,0.0,0.0,0,1,0,0
H0445,2025-03,4.0,1.0,1.0,1.0,0,0,0,0
H0446,2025-03,2.0,1.0,0.0,0.0,0,0,0,0
H0447,2025-03,0.0,3.0,1.0,1.0,0,0,0,1
H0448,2025-03,4.0,2.0,0.0,1.0,0,0,0,0
H0449,2025-03,2.0,1.0,0.0,1.0,0,0,0,0
H0450,2025-03,3.0,4.0,0.0,0.0,0,0,0,0
H0451,2025-03,2.0,0.0,0.0,0.0,0,0,0,0
H0452,2025-03,2.0,2.0,1.0,1.0,0,0,0,0
H0453,2025-03,2.0,2.0,3.0,0.0,1,0,0,0
H0454,2025-03,2.0,0.0,2.0,1.0,1,0,0,0
H0455,2025-03,1.0,4.0,3.0,1.0,0,0,0,1
H0456,2025-03,2.0,1.0,0.0,1.0,0,1,1,0
H0457,2025-03,2.0,1.0,0.0,1.0,1,0,0,0
H0458,2025-03,0.0,1.0,0.0,1.0,0,0,0,0
H0459,2025-03,0.0,1.0,1.0,3.0,0,0,0,0
H0460,2025-03,1.0,0.0,0.0,0.0,0,0,0,0
H0461,2025-03,2.0,2.0,0.0,1.0,0,0,0,0
H0462,2025-03,2.0,1.0,0.0,0.0,0,0,0,0
H0463,2025-03,3.0,0.0,1.0,2.0,0,0,0,0
H0464,2025-03,3.0,2.0,1.0,1.0,0,0,0,0
H0465,2025-03,3.0,1.0,0.0,1.0,0,0,0,0
H0466,2025-03,1.0,0.0,2.0,1.0,0,0,0,0
H0467,2025-03,1.0,1.0,0.0,0.0,0,0,0,0
H0468,2025-03,2.0,0.0,0.0,0.0,0,0,0,0
H0469,2025-03,2.0,2.0,0.0,3.0,0,0,0,0
H0470,2025-03,2.0,3.0,1.0,0.0,0,0,0,0
H0471,2025-03,3.0,2.0,2.0,2.0,0,0,0,0
H0472,2025-03,1.0,2.0,1.0,0.0,0,0,0,0
H0473,2025-03,2.0,4.0,0.0,2.0,0,0,0,0
H0474,2025-03,1.0,2.0,0.0,0.0,0,0,0,0
H0475,2025-03,2.0,1.0,0.0,1.0,0,0,0,0
H0476,2025-03,1.0,2.0,0.0,0.0,0,0,1,0
H0477,2025-03,2.0,4.0,0.0,0.0,1,0,1,0
H0478,2025-03,2.0,1.0,0.0,1.0,0,0,0,0
H0479,2025-03,4.0,0.0,1.0,2.0,0,0,0,0
H0480,2025-03,0.0,3.0,1.0,1.0,0,0,0,0
H0481,2025-03,3.0,2.0,3.0,2.0,0,0,0,0
H0482,2025-03,1.0,2.0,2.0,0.0,0,0,0,0
H0483,2025-03,1.0,1.0,1.0,2.0,0,0,0,0
H0484,2025-03,4.0,1.0,1.0,0.0,0,0,0,0
H0485,2025-03,1.0,1.0,0.0,2.0,0,0,0,0
H0486,2025-03,1.0,0.0,1.0,0.0,0,0,0,0
H0487,2025-03,2.0,1.0,1.0,1.0,0,0,0,0
H0488,2025-03,0.0,0.0,0.0,1.0,0,0,0,0
H0489,2025-03,1.0,1.0,1.0,1.0,0,0,0,0
H0490,2025-03,3.0,1.0,1.0,1.0,0,0,0,0
H0491,2025-03,3.0,1.0,0.0,1.0,0,0,0,0
H0492,2025-03,0.0,1.0,0.0,2.0,0,0,0,0
H0493,2025-03,2.0,0.0,1.0,2.0,0,0,0,0
H0494,2025-03,2.0,2.0,0.0,1.0,0,0,0,0
H0495,2025-03,3.0,1.0,0.0,2.0,0,0,0,0
H0496,2025-03,2.0,2.0,1.0,0.0,0,0,0,0
H0497,2025-03,6.0,1.0,2.0,0.0,0,0,0,0
H0498,2025-03,0.0,2.0,1.0,2.0,0,0,0,0
H0499,2025-03,1.0,0.0,0.0,1.0,0,0,0,0
H0500,2025-03,1.0,2.0,0.0,2.0,0,0,0,0
H0501,2025-03,3.0,1.0,1.0,1.0,0,0,0,0
H0502,2025-03,3.0,1.0,0.0,1.0,0,0,0,0
H0503,2025-03,3.0,1.0,1.0,1.0,0,0,0,0
H0504,2025-03,4.0,1.0,0.0,3.0,0,0,0,0
H0505,2025-03,2.0,4.0,3.0,1.0,1,0,0,0
H0506,2025-03,1.0,1.0,1.0,2.0,0,0,0,0
H0507,2025-03,1.0,3.0,0.0,1.0,0,0,0,0
H0508,2025-03,1.0,1.0,0.0,0.0,0,1,0,0
H0509,2025-03,2.0,0.0,1.0,1.0,0,0,0,0
H0510,2025-03,3.0,0.0,0.0,1.0,0,0,0,0
H0511,2025-03,2.0,2.0,1.0,1.0,0,0,0,0
H0512,2025-03,2.0,4.0,0.0,1.0,0,0,1,0
H0513,2025-03,4.0,0.0,0.0,0.0,0,0,0,0
H0514,2025-03,3.0,1.0,0.0,1.0,0,0,0,0
H0515,2025-03,2.0,1.0,0.0,0.0,0,0,0,0
H0516,2025-03,0.0,1.0,0.0,0.0,0,0,0,0
H0517,2025-03,2.0,4.0,0.0,0.0,1,0,0,0
H0518,2025-03,2.0,1.0,1.0,1.0,0,0,0,0
H0519,2025-03,2.0,1.0,3.0,2.0,0,0,0,0
H0520,2025-03,1.0,1.0,1.0,0.0,0,0,0,0
H0521,2025-03,1.0,2.0,0.0,2.0,0,0,0,0
H0522,2025-03,2.0,1.0,0.0,1.0,1,0,0,0
H0523,2025-03,1.0,2.0,0.0,1.0,0,0,0,0
H0524,2025-03,1.0,0.0,1.0,1.0,0,0,0,0
H0525,2025-03,3.0,2.0,3.0,2.0,0,0,0,0
H0526,2025-03,2.0,1.0,0.0,1.0,1,0,0,0
H0527,2025-03,1.0,0.0,0.0,2.0,0,0,0,0
H0528,2025-03,1.0,0.0,0.0,1.0,0,0,0,0
H0529,2025-03,1.0,3.0,0.0,1.0,0,0,0,0
H0530,2025-03,0.0,3.0,1.0,0.0,0,0,0,0
H0531,2025-03,2.0,0.0,0.0,1.0,0,0,0,0
H0532,2025-03,1.0,0.0,0.0,1.0,0,0,0,0
H0533,2025-03,2.0,0.0,0.0,0.0,0,0,0,0
H0534,2025-03,0.0,1.0,0.0,1.0,0,0,0,0
H0535,2025-03,2.0,2.0,1.0,0.0,0,0,0,0
H0536,2025-03,3.0,2.0,0.0,1.0,0,0,0,0
H0537,2025-03,1.0,1.0,0.0,0.0,0,0,0,0
H0538,2025-03,1.0,2.0,1.0,1.0,0,0,0,0
H0539,2025-03,4.0,3.0,0.0,1.0,0,0,0,1
H0540,2025-03,1.0,2.0,0.0,2.0,0,0,0,0
H0541,2025-03,3.0,0.0,1.0,0.0,0,0,0,0
H0542,2025-03,3.0,1.0,1.0,0.0,0,0,0,0
H0543,2025-03,1.0,0.0,0.0,3.0,0,0,0,0
H0544,2025-03,3.0,3.0,1.0,2.0,0,0,0,0
H0545,2025-03,2.0,1.0,0.0,1.0,0,0,0,0
H0546,2025-03,0.0,1.0,0.0,0.0,0,0,0,0
H0547,2025-03,0.0,1.0,1.0,3.0,0,0,0,0
H0548,2025-03,4.0,1.0,0.0,2.0,0,0,0,0
H0549,2025-03,2.0,3.0,1.0,1.0,0,0,0,0
H0550,2025-03,0.0,0.0,0.0,0.0,0,0,1,0
H0551,2025-03,1.0,3.0,2.0,2.0,0,0,0,0
H0552,2025-03,0.0,1.0,1.0,0.0,0,0,0,0
H0553,2025-03,1.0,1.0,0.0,0.0,0,1,0,0
H0554,2025-03,1.0,1.0,3.0,1.0,0,0,0,0
H0555,2025-03,1.0,0.0,1.0,2.0,0,0,0,0
H0556,2025-03,3.0,0.0,0.0,0.0,0,0,0,0
H0557,2025-03,1.0,0.0,2.0,0.0,0,0,0,0
H0558,2025-03,2.0,1.0,0.0,3.0,0,1,0,0
H0559,2025-03,1.0,1.0,1.0,1.0,0,1,0,0
H0560,2025-03,2.0,1.0,0.0,1.0,0,1,0,0
H0561,2025-03,2.0,2.0,1.0,0.0,0,0,0,0
H0562,2025-03,1.0,2.0,0.0,0.0,0,0,0,0
H0563,2025-03,2.0,1.0,1.0,1.0,0,0,0,0
H0564,2025-03,1.0,0.0,0.0,1.0,0,0,0,0
H0565,2025-03,3.0,1.0,0.0,1.0,0,0,0,0
H0566,2025-03,3.0,0.0,0.0,1.0,0,0,1,0
H0567,2025-03,3.0,1.0,0.0,0.0,0,0,0,0
H0568,2025-03,3.0,3.0,1.0,1.0,0,0,0,0
H0569,2025-03,1.0,1.0,0.0,4.0,0,0,0,0
H0570,2025-03,1.0,0.0,0.0,1.0,0,0,0,0
H0571,2025-03,0.0,1.0,3.0,1.0,0,0,0,0
H0572,2025-03,1.0,1.0,1.0,0.0,0,0,0,0
H0573,2025-03,1.0,2.0,0.0,2.0,0,0,0,0
H0574,2025-03,2.0,0.0,0.0,0.0,0,0,0,0
H0575,2025-03,1.0,1.0,0.0,1.0,0,0,0,0
H0576,2025-03,2.0,2.0,1.0,0.0,0,0,0,0
H0577,2025-03,5.0,2.0,0.0,1.0,0,0,0,0
H0578,2025-03,2.0,0.0,2.0,1.0,0,0,0,0
H0579,2025-03,3.0,3.0,0.0,0.0,0,0,0,0
H0580,2025-03,1.0,1.0,1.0,0.0,0,0,0,0
H0581,2025-03,2.0,0.0,1.0,1.0,1,0,0,0
H0582,2025-03,2.0,3.0,0.0,1.0,0,0,0,0
H0583,2025-03,2.0,0.0,0.0,1.0,0,0,0,0
H0584,2025-03,1.0,0.0,0.0,2.0,0,0,0,0
H0585,2025-03,2.0,2.0,0.0,0.0,0,0,0,0
H0586,2025-03,1.0,1.0,2.0,1.0,0,0,0,0
H0587,2025-03,2.0,1.0,0.0,1.0,0,0,0,0
H0588,2025-03,1.0,1.0,0.0,1.0,0,0,0,0
H0589,2025-03,1.0,2.0,2.0,2.0,0,0,0,0
H0590,2025-03,2.0,2.0,0.0,3.0,0,0,0,0
H0591,2025-03,1.0,3.0,2.0,1.0,0,0,0,0
H0592,2025-03,4.0,0.0,0.0,1.0,0,0,0,0
H0593,2025-03,2.0,3.0,0.0,0.0,1,0,0,0
H0594,2025-03,2.0,0.0,0.0,0.0,0,0,0,0
H0595,2025-03,0.0,1.0,1.0,1.0,0,0,0,1
H0596,2025-03,0.0,1.0,0.0,2.0,0,0,0,0
H0597,2025-03,2.0,1.0,0.0,1.0,1,0,0,0
H0598,2025-03,1.0,0.0,1.0,1.0,0,0,0,1
H0599,2025-03,3.0,0.0,0.0,1.0,0,0,1,0
H0600,2025-03,0.0,4.0,0.0,1.0,0,0,0,0
C0001,2025-03,3.0,0.0,1.0,0.0,0,0,0,0
C0002,2025-03,2.0,1.0,0.0,0.0,0,0,0,0
C0003,2025-03,5.0,1.0,1.0,2.0,0,0,0,0
C0004,2025-03,2.0,0.0,0.0,0.0,0,0,0,0
C0005,2025-03,3.0,2.0,1.0,2.0,0,0,0,0
C0006,2025-03,0.0,0.0,0.0,1.0,0,0,0,0
C0007,2025-03,2.0,2.0,1.0,1.0,0,0,0,0
C0008,2025-03,2.0,1.0,1.0,0.0,0,0,0,0
C0009,2025-03,0.0,0.0,1.0,1.0,0,0,0,0
C0010,2025-03,2.0,1.0,1.0,0.0,0,1,0,0
C0011,2025-03,1.0,0.0,1.0,1.0,0,0,0,1
C0012,2025-03,1.0,1.0,0.0,0.0,0,0,0,0
C0013,2025-03,2.0,1.0,0.0,1.0,0,0,0,0
C0014,2025-03,1.0,3.0,1.0,2.0,0,0,0,0
C0015,2025-03,1.0,1.0,0.0,1.0,0,0,0,0
C0016,2025-03,2.0,1.0,0.0,0.0,1,0,0,0
C0017,2025-03,4.0,2.0,0.0,0.0,0,0,0,0
C0018,2025-03,1.0,1.0,0.0,0.0,0,0,0,0
C0019,2025-03,1.0,2.0,0.0,2.0,0,0,1,0
C0020,2025-03,1.0,1.0,0.0,0.0,0,0,0,0
C0021,2025-03,1.0,1.0,1.0,1.0,0,0,0,0
C0022,2025-03,2.0,2.0,0.0,1.0,0,0,0,0
C0023,2025-03,2.0,2.0,0.0,4.0,1,0,0,0
C0024,2025-03,0.0,3.0,0.0,1.0,0,0,0,0
C0025,2025-03,1.0,0.0,1.0,0.0,0,0,0,0
C0026,2025-03,1.0,1.0,0.0,1.0,0,0,0,0
C0027,2025-03,4.0,0.0,0.0,0.0,0,0,0,0
C0028,2025-03,5.0,0.0,1.0,2.0,0,0,0,0
C0029,2025-03,2.0,1.0,0.0,2.0,0,0,0,0
C0030,2025-03,1.0,2.0,0.0,1.0,0,0,0,0
C0031,2025-03,2.0,2.0,0.0,0.0,0,0,0,0
C0032,2025-03,0.0,2.0,1.0,3.0,0,0,0,0
C0033,2025-03,2.0,1.0,1.0,0.0,0,0,0,0
C0034,2025-03,1.0,1.0,1.0,0.0,0,0,0,0
C0035,2025-03,2.0,0.0,0.0,1.0,0,0,0,0
C0036,2025-03,0.0,2.0,1.0,2.0,0,0,0,0
C0037,2025-03,3.0,1.0,1.0,1.0,0,0,0,0
C0038,2025-03,1.0,4.0,0.0,1.0,0,0,0,0
C0039,2025-03,1.0,3.0,0.0,0.0,0,0,0,0
C0040,2025-03,0.0,1.0,1.0,0.0,0,0,0,0
C0041,2025-03,2.0,0.0,0.0,0.0,0,0,0,0
C0042,2025-03,2.0,0.0,0.0,2.0,0,0,0,0
C0043,2025-03,2.0,2.0,0.0,0.0,0,0,0,0
C0044,2025-03,1.0,0.0,0.0,0.0,0,0,0,0
C0045,2025-03,2.0,1.0,0.0,0.0,0,0,0,0
C0046,2025-03,4.0,2.0,0.0,0.0,0,0,0,0
C0047,2025-03,3.0,2.0,1.0,1.0,0,0,0,0
C0048,2025-03,0.0,1.0,0.0,0.0,0,1,0,0
C0049,2025-03,1.0,2.0,3.0,2.0,0,0,0,0
C0050,2025-03,2.0,4.0,1.0,2.0,0,0,0,0
C0051,2025-03,1.0,2.0,1.0,2.0,0,0,0,0
C0052,2025-03,0.0,1.0,0.0,3.0,0,0,0,0
C0053,2025-03,3.0,3.0,0.0,1.0,0,0,0,0
C0054,2025-03,2.0,1.0,1.0,0.0,1,0,0,0
C0055,2025-03,0.0,0.0,2.0,1.0,0,0,0,0
C0056,2025-03,2.0,0.0,0.0,1.0,0,0,0,0
C0057,2025-03,0.0,2.0,1.0,1.0,0,0,0,0
C0058,2025-03,1.0,2.0,1.0,0.0,0,0,0,0
C0059,2025-03,0.0,0.0,0.0,0.0,0,0,0,0
C0060,2025-03,0.0,0.0,1.0,0.0,0,0,0,0
C0061,2025-03,2.0,2.0,2.0,3.0,0,0,0,0
C0062,2025-03,1.0,1.0,1.0,2.0,0,1,0,0
C0063,2025-03,2.0,0.0,1.0,2.0,0,0,0,0
C0064,2025-03,1.0,2.0,0.0,0.0,0,0,0,0
C0065,2025-03,3.0,1.0,1.0,1.0,0,1,0,0
C0066,2025-03,2.0,3.0,0.0,2.0,0,0,0,0
C0067,2025-03,3.0,1.0,1.0,2.0,0,0,0,0
C0068,2025-03,1.0,2.0,0.0,0.0,0,0,0,0
C0069,2025-03,0.0,0.0,0.0,3.0,0,0,0,0
C0070,2025-03,2.0,1.0,0.0,0.0,0,1,0,0
C0071,2025-03,3.0,2.0,0.0,2.0,0,0,0,0
C0072,2025-03,3.0,2.0,0.0,3.0,0,0,0,0
C0073,2025-03,3.0,2.0,0.0,0.0,0,0,0,0
C0074,2025-03,1.0,0.0,1.0,1.0,0,0,0,0
C0075,2025-03,4.0,0.0,0.0,1.0,0,0,0,0
C0076,2025-03,2.0,3.0,0.0,0.0,0,0,0,0
C0077,2025-03,3.0,1.0,3.0,1.0,0,0,0,0
C0078,2025-03,2.0,0.0,0.0,0.0,1,0,0,0
C0079,2025-03,0.0,2.0,0.0,2.0,0,0,0,0
C0080,2025-03,1.0,0.0,1.0,0.0,0,0,0,0
C0081,2025-03,3.0,0.0,0.0,0.0,0,0,0,0
C0082,2025-03,1.0,1.0,0.0,0.0,0,0,0,0
C0083,2025-03,0.0,0.0,0.0,0.0,0,0,0,0
C0084,2025-03,0.0,0.0,0.0,1.0,0,0,0,0
C0085,2025-03,1.0,2.0,1.0,3.0,0,0,0,0
C0086,2025-03,4.0,1.0,0.0,0.0,0,0,0,0
C0087,2025-03,1.0,0.0,1.0,0.0,0,0,0,0
C0088,2025-03,2.0,0.0,0.0,0.0,0,0,0,0
C0089,2025-03,3.0,1.0,0.0,2.0,0,0,1,0
C0090,2025-03,1.0,0.0,1.0,1.0,0,0,0,0
C0091,2025-03,1.0,1.0,1.0,1.0,0,0,0,0
C0092,2025-03,1.0,0.0,1.0,0.0,0,0,0,0
C0093,2025-03,0.0,2.0,0.0,1.0,0,0,0,0
C0094,2025-03,0.0,0.0,0.0,0.0,0,0,0,0
C0095,2025-03,3.0,1.0,0.0,1.0,0,0,0,0
C0096,2025-03,7.0,1.0,1.0,0.0,0,0,0,0
C0097,2025-03,0.0,1.0,0.0,0.0,0,0,0,0
C0098,2025-03,2.0,1.0,1.0,0.0,0,0,0,0
C0099,2025-03,4.0,0.0,1.0,2.0,0,0,0,0
C0100,2025-03,5.0,0.0,0.0,0.0,0,0,0,0
C0101,2025-03,1.0,1.0,0.0,0.0,0,0,0,0
C0102,2025-03,1.0,1.0,0.0,2.0,0,0,0,0
C0103,2025-03,2.0,1.0,0.0,1.0,1,0,0,0
C0104,2025-03,1.0,2.0,0.0,3.0,0,0,0,0
C0105,2025-03,3.0,1.0,0.0,2.0,0,0,0,0
C0106,2025-03,4.0,0.0,0.0,2.0,0,0,1,0
C0107,2025-03,0.0,0.0,0.0,1.0,0,0,0,0
C0108,2025-03,1.0,1.0,0.0,0.0,0,0,0,0
C0109,2025-03,2.0,4.0,0.0,1.0,0,0,0,0
C0110,2025-03,4.0,1.0,1.0,0.0,0,0,0,0
C0111,2025-03,2.0,2.0,1.0,2.0,0,0,0,0
C0112,2025-03,3.0,0.0,2.0,0.0,0,0,0,0
C0113,2025-03,0.0,2.0,1.0,1.0,0,0,0,0
C0114,2025-03,4.0,2.0,0.0,0.0,0,0,0,0
C0115,2025-03,1.0,4.0,3.0,1.0,0,0,0,0
C0116,2025-03,3.0,2.0,0.0,0.0,0,0,0,0
C0117,2025-03,5.0,1.0,2.0,0.0,0,0,0,0
C0118,2025-03,2.0,1.0,1.0,0.0,0,0,0,0
C0119,2025-03,1.0,0.0,0.0,0.0,0,0,0,0
C0120,2025-03,2.0,1.0,2.0,0.0,0,0,0,0
C0121,2025-03,0.0,0.0,0.0,2.0,0,0,0,0
C0122,2025-03,4.0,2.0,0.0,2.0,0,0,0,0
C0123,2025-03,2.0,1.0,1.0,0.0,0,0,0,0
C0124,2025-03,0.0,0.0,1.0,0.0,0,0,0,0
C0125,2025-03,5.0,0.0,1.0,1.0,0,0,0,0
C0126,2025-03,2.0,0.0,0.0,1.0,0,0,0,0
C0127,2025-03,4.0,0.0,0.0,0.0,0,0,1,0
C0128,2025-03,5.0,2.0,1.0,1.0,0,0,0,0
C0129,2025-03,3.0,0.0,3.0,2.0,0,0,0,0
C0130,2025-03,0.0,0.0,0.0,1.0,0,0,0,1
C0131,2025-03,3.0,1.0,0.0,0.0,0,0,0,0
C0132,2025-03,2.0,1.0,0.0,1.0,0,1,0,0
C0133,2025-03,1.0,2.0,1.0,2.0,0,0,0,0
C0134,2025-03,6.0,3.0,2.0,1.0,0,0,0,0
C0135,2025-03,0.0,1.0,1.0,1.0,0,0,0,0
C0136,2025-03,4.0,4.0,1.0,1.0,0,0,0,0
C0137,2025-03,1.0,0.0,0.0,2.0,0,0,0,0
C0138,2025-03,1.0,3.0,0.0,0.0,0,0,0,0
C0139,2025-03,1.0,0.0,2.0,0.0,0,0,0,0
C0140,2025-03,4.0,0.0,0.0,1.0,0,0,0,0
C0141,2025-03,1.0,2.0,1.0,0.0,0,0,0,0
C0142,2025-03,0.0,1.0,2.0,2.0,0,1,0,0
C0143,2025-03,1.0,1.0,0.0,1.0,0,0,1,1
C0144,2025-03,3.0,1.0,0.0,0.0,0,0,0,0
C0145,2025-03,2.0,2.0,1.0,1.0,0,0,0,0
C0146,2025-03,4.0,1.0,1.0,0.0,0,0,0,0
C0147,2025-03,2.0,0.0,0.0,1.0,0,0,0,0
C0148,2025-03,6.0,0.0,0.0,0.0,0,0,0,0
C0149,2025-03,2.0,3.0,1.0,0.0,0,0,0,0
C0150,2025-03,4.0,0.0,1.0,0.0,0,0,0,0
C0151,2025-03,2.0,1.0,2.0,0.0,0,0,0,0
C0152,2025-03,1.0,2.0,0.0,2.0,0,0,0,0
C0153,2025-03,1.0,3.0,0.0,1.0,0,0,0,0
C0154,2025-03,3.0,1.0,0.0,1.0,0,0,0,0
C0155,2025-03,1.0,1.0,0.0,6.0,0,0,0,0
C0156,2025-03,3.0,0.0,0.0,0.0,0,0,0,0
C0157,2025-03,1.0,1.0,0.0,1.0,0,0,0,0
C0158,2025-03,3.0,1.0,0.0,0.0,0,1,0,0
C0159,2025-03,2.0,2.0,1.0,1.0,1,0,0,0
C0160,2025-03,1.0,1.0,1.0,0.0,0,1,0,0
C0161,2025-03,1.0,2.0,0.0,0.0,0,0,0,0
C0162,2025-03,1.0,1.0,0.0,0.0,0,0,0,0
C0163,2025-03,0.0,0.0,1.0,0.0,0,0,0,0
C0164,2025-03,3.0,1.0,1.0,2.0,0,0,0,0
C0165,2025-03,1.0,3.0,0.0,0.0,0,0,0,0
C0166,2025-03,1.0,0.0,1.0,0.0,0,0,0,0
C0167,2025-03,2.0,1.0,0.0,2.0,0,0,0,0
C0168,2025-03,0.0,1.0,1.0,1.0,0,0,0,0
C0169,2025-03,4.0,0.0,1.0,0.0,0,0,0,0
C0170,2025-03,2.0,1.0,0.0,1.0,0,0,0,0
C0171,2025-03,2.0,0.0,2.0,1.0,0,0,0,0
C0172,2025-03,1.0,0.0,0.0,1.0,0,0,0,0
C0173,2025-03,3.0,1.0,0.0,0.0,0,1,0,0
C0174,2025-03,1.0,2.0,0.0,0.0,0,0,0,0
C0175,2025-03,4.0,0.0,0.0,1.0,0,0,0,0
C0176,2025-03,0.0,2.0,0.0,4.0,0,0,0,0
C0177,2025-03,2.0,2.0,2.0,1.0,0,0,0,0
C0178,2025-03,1.0,3.0,0.0,0.0,0,0,0,0
C0179,2025-03,1.0,0.0,0.0,0.0,0,0,0,0
C0180,2025-03,0.0,0.0,1.0,2.0,0,0,0,0
C0181,2025-03,2.0,0.0,1.0,2.0,0,0,0,0
C0182,2025-03,2.0,1.0,3.0,0.0,0,0,0,0
C0183,2025-03,2.0,2.0,0.0,1.0,0,0,0,1
C0184,2025-03,1.0,1.0,0.0,0.0,0,0,0,0
C0185,2025-03,1.0,0.0,0.0,0.0,0,0,0,0
C0186,2025-03,2.0,1.0,0.0,0.0,0,1,0,0
C0187,2025-03,1.0,0.0,0.0,1.0,0,0,0,0
C0188,2025-03,4.0,1.0,0.0,0.0,0,0,0,0
C0189,2025-03,4.0,2.0,1.0,4.0,0,0,0,0
C0190,2025-03,2.0,0.0,0.0,0.0,0,0,0,0
C0191,2025-03,0.0,0.0,1.0,2.0,0,0,0,0
C0192,2025-03,1.0,1.0,0.0,1.0,0,0,0,0
C0193,2025-03,1.0,1.0,2.0,2.0,0,0,0,0
C0194,2025-03,1.0,1.0,0.0,1.0,0,0,0,0
C0195,2025-03,2.0,2.0,0.0,0.0,0,0,0,0
C0196,2025-03,1.0,1.0,0.0,1.0,0,0,0,0
C0197,2025-03,2.0,0.0,0.0,1.0,0,0,0,1
C0198,2025-03,0.0,1.0,0.0,0.0,0,0,0,0
C0199,2025-03,3.0,1.0,1.0,0.0,0,0,0,0
C0200,2025-03,1.0,3.0,0.0,1.0,0,0,0,0
C0201,2025-03,1.0,2.0,0.0,0.0,0,0,0,0
C0202,2025-03,2.0,1.0,1.0,2.0,0,0,0,0
C0203,2025-03,3.0,1.0,0.0,3.0,0,0,0,0
C0204,2025-03,2.0,1.0,1.0,1.0,0,0,0,0
C0205,2025-03,1.0,0.0,2.0,0.0,0,0,0,0
C0206,2025-03,1.0,0.0,1.0,1.0,0,0,0,0
C0207,2025-03,4.0,1.0,0.0,0.0,0,0,0,0
C0208,2025-03,1.0,2.0,0.0,2.0,0,0,0,0
C0209,2025-03,2.0,1.0,1.0,0.0,0,0,0,0
C0210,2025-03,2.0,1.0,2.0,1.0,0,0,0,0
C0211,2025-03,0.0,1.0,0.0,0.0,0,0,0,0
C0212,2025-03,3.0,0.0,2.0,1.0,0,0,0,0
C0213,2025-03,3.0,0.0,1.0,2.0,0,0,0,0
C0214,2025-03,0.0,2.0,0.0,0.0,0,0,0,0
C0215,2025-03,1.0,0.0,0.0,1.0,0,0,0,0
C0216,2025-03,0.0,0.0,0.0,0.0,0,0,0,0
C0217,2025-03,2.0,2.0,0.0,1.0,0,0,0,0
C0218,2025-03,1.0,2.0,2.0,1.0,0,0,0,1
C0219,2025-03,0.0,0.0,2.0,0.0,0,0,0,0
C0220,2025-03,2.0,3.0,1.0,0.0,0,0,0,0
C0221,2025-03,2.0,1.0,0.0,2.0,0,0,0,0
C0222,2025-03,0.0,2.0,0.0,0.0,0,0,0,0
C0223,2025-03,3.0,1.0,0.0,1.0,0,0,0,0
C0224,2025-03,1.0,3.0,1.0,1.0,0,0,0,0
C0225,2025-03,2.0,2.0,1.0,1.0,0,0,0,0
C0226,2025-03,0.0,0.0,0.0,2.0,0,0,0,0
C0227,2025-03,1.0,2.0,0.0,3.0,0,0,0,0
C0228,2025-03,0.0,0.0,0.0,1.0,0,0,0,0
C0229,2025-03,0.0,4.0,1.0,0.0,0,0,0,0
C0230,2025-03,1.0,1.0,1.0,0.0,0,0,0,0
C0231,2025-03,2.0,2.0,1.0,0.0,0,0,0,0
C0232,2025-03,2.0,2.0,1.0,1.0,0,0,0,0
C0233,2025-03,3.0,1.0,2.0,0.0,0,0,0,0
C0234,2025-03,3.0,2.0,0.0,0.0,0,0,0,0
C0235,2025-03,4.0,1.0,0.0,0.0,0,0,0,0
C0236,2025-03,1.0,1.0,0.0,1.0,0,0,0,0
C0237,2025-03,2.0,0.0,0.0,0.0,0,0,1,0
C0238,2025-03,4.0,1.0,0.0,1.0,0,0,0,1
C0239,2025-03,1.0,0.0,0.0,1.0,0,0,1,0
C0240,2025-03,2.0,0.0,1.0,1.0,0,0,0,0
C0241,2025-03,5.0,1.0,0.0,1.0,0,0,0,0
C0242,2025-03,2.0,1.0,0.0,0.0,0,0,0,0
C0243,2025-03,1.0,1.0,0.0,0.0,0,0,0,0
C0244,2025-03,3.0,1.0,0.0,0.0,0,0,0,0
C0245,2025-03,3.0,1.0,0.0,2.0,0,0,0,0
C0246,2025-03,2.0,2.0,2.0,0.0,0,0,0,0
C0247,2025-03,2.0,1.0,0.0,1.0,0,0,0,0
C0248,2025-03,2.0,0.0,3.0,0.0,0,0,0,0
C0249,2025-03,3.0,0.0,0.0,1.0,0,0,0,0
C0250,2025-03,2.0,2.0,1.0,0.0,0,0,0,0
C0251,2025-03,3.0,2.0,0.0,0.0,0,0,0,0
C0252,2025-03,0.0,0.0,1.0,2.0,0,0,0,0
C0253,2025-03,5.0,2.0,2.0,1.0,0,0,0,1
C0254,2025-03,4.0,2.0,2.0,2.0,0,0,0,0
C0255,2025-03,1.0,1.0,0.0,1.0,0,0,0,0
C0256,2025-03,4.0,1.0,0.0,0.0,0,0,0,0
C0257,2025-03,3.0,1.0,0.0,1.0,0,0,0,1
C0258,2025-03,1.0,0.0,2.0,3.0,0,0,0,0
C0259,2025-03,2.0,0.0,0.0,0.0,0,0,0,0
C0260,2025-03,0.0,1.0,0.0,0.0,0,0,0,0
C0261,2025-03,2.0,1.0,0.0,1.0,0,0,0,0
C0262,2025-03,1.0,1.0,0.0,0.0,0,0,0,0
C0263,2025-03,3.0,4.0,1.0,1.0,0,0,0,0
C0264,2025-03,1.0,1.0,1.0,2.0,0,0,0,0
C0265,2025-03,0.0,1.0,0.0,2.0,0,0,0,0
C0266,2025-03,2.0,2.0,0.0,0.0,0,0,0,0
C0267,2025-03,3.0,1.0,1.0,2.0,0,1,0,0
C0268,2025-03,1.0,1.0,1.0,0.0,0,0,0,0
C0269,2025-03,2.0,2.0,0.0,1.0,0,0,0,1
C0270,2025-03,0.0,2.0,0.0,0.0,0,0,0,0
C0271,2025-03,4.0,0.0,0.0,1.0,0,0,0,1
C0272,2025-03,1.0,1.0,0.0,3.0,0,0,0,0
C0273,2025-03,4.0,1.0,0.0,1.0,0,0,0,0
C0274,2025-03,0.0,1.0,0.0,0.0,0,0,0,0
C0275,2025-03,3.0,3.0,0.0,0.0,0,0,0,0
C0276,2025-03,0.0,2.0,0.0,1.0,0,0,0,0
C0277,2025-03,0.0,1.0,1.0,1.0,0,0,0,0
C0278,2025-03,2.0,1.0,0.0,0.0,0,0,0,0
C0279,2025-03,0.0,1.0,2.0,0.0,0,1,0,0
C0280,2025-03,1.0,2.0,1.0,0.0,0,0,0,0
C0281,2025-03,1.0,0.0,0.0,0.0,0,0,0,0
C0282,2025-03,1.0,1.0,0.0,0.0,0,0,0,0
C0283,2025-03,2.0,3.0,0.0,1.0,0,0,0,0
C0284,2025-03,4.0,3.0,2.0,1.0,0,0,0,0
C0285,2025-03,2.0,0.0,0.0,0.0,0,0,0,0
C0286,2025-03,0.0,1.0,1.0,1.0,0,1,0,0
C0287,2025-03,2.0,2.0,0.0,0.0,0,0,1,0
C0288,2025-03,4.0,2.0,0.0,2.0,0,0,1,0
C0289,2025-03,1.0,2.0,0.0,0.0,0,0,0,0
C0290,2025-03,6.0,3.0,0.0,0.0,0,0,0,0
C0291,2025-03,3.0,2.0,0.0,0.0,0,0,0,0
C0292,2025-03,4.0,2.0,0.0,0.0,0,0,0,0
C0293,2025-03,0.0,1.0,1.0,0.0,0,0,0,0
C0294,2025-03,1.0,1.0,1.0,2.0,0,0,0,0
C0295,2025-03,1.0,1.0,0.0,1.0,0,0,0,0
C0296,2025-03,1.0,1.0,0.0,3.0,0,0,0,0
C0297,2025-03,0.0,2.0,1.0,1.0,0,0,0,1
C0298,2025-03,1.0,2.0,1.0,0.0,0,0,0,0
C0299,2025-03,1.0,0.0,0.0,1.0,0,0,0,0
C0300,2025-03,2.0,1.0,0.0,1.0,0,0,0,0
C0301,2025-03,1.0,1.0,0.0,1.0,0,0,0,0
C0302,2025-03,3.0,2.0,0.0,0.0,0,0,0,0
C0303,2025-03,0.0,1.0,0.0,0.0,0,0,0,0
C0304,2025-03,4.0,1.0,1.0,0.0,0,0,0,0
C0305,2025-03,2.0,0.0,0.0,1.0,0,0,0,0
C0306,2025-03,1.0,2.0,0.0,0.0,0,0,0,0
C0307,2025-03,3.0,0.0,1.0,1.0,0,0,0,0
C0308,2025-03,3.0,3.0,0.0,1.0,0,0,0,0
C0309,2025-03,2.0,0.0,0.0,1.0,0,0,0,1
C0310,2025-03,0.0,0.0,0.0,2.0,0,0,0,0
C0311,2025-03,0.0,1.0,0.0,2.0,0,0,0,0
C0312,2025-03,4.0,0.0,3.0,0.0,0,0,0,0
C0313,2025-03,3.0,2.0,0.0,1.0,0,0,0,0
C0314,2025-03,2.0,2.0,0.0,1.0,0,0,0,0
C0315,2025-03,2.0,0.0,0.0,0.0,0,0,0,0
C0316,2025-03,1.0,2.0,1.0,1.0,0,0,0,0
C0317,2025-03,1.0,0.0,0.0,2.0,0,0,0,0
C0318,2025-03,2.0,1.0,2.0,0.0,1,0,0,0
C0319,2025-03,2.0,3.0,1.0,0.0,0,0,0,0
C0320,2025-03,1.0,4.0,0.0,0.0,0,0,0,0
C0321,2025-03,1.0,1.0,0.0,2.0,0,0,0,0
C0322,2025-03,2.0,3.0,1.0,1.0,0,0,0,0
C0323,2025-03,1.0,1.0,2.0,3.0,0,0,0,0
C0324,2025-03,1.0,0.0,0.0,0.0,0,0,0,0
C0325,2025-03,2.0,1.0,1.0,1.0,0,0,0,0
C0326,2025-03,0.0,0.0,0.0,1.0,0,0,0,0
C0327,2025-03,2.0,0.0,2.0,0.0,1,0,0,0
C0328,2025-03,2.0,3.0,1.0,1.0,0,0,0,0
C0329,2025-03,4.0,2.0,0.0,1.0,0,0,0,1
C0330,2025-03,1.0,1.0,1.0,0.0,0,0,0,0
C0331,2025-03,1.0,2.0,0.0,0.0,0,0,0,0
C0332,2025-03,1.0,1.0,0.0,3.0,0,0,0,0
C0333,2025-03,1.0,1.0,0.0,1.0,0,0,0,0
C0334,2025-03,4.0,1.0,0.0,1.0,0,0,0,0
C0335,2025-03,3.0,0.0,1.0,0.0,0,0,0,0
C0336,2025-03,0.0,0.0,1.0,0.0,0,0,0,0
C0337,2025-03,2.0,1.0,3.0,0.0,0,0,0,0
C0338,2025-03,1.0,0.0,0.0,2.0,0,0,0,0
C0339,2025-03,1.0,1.0,0.0,2.0,0,1,0,0
C0340,2025-03,1.0,2.0,1.0,1.0,0,0,0,0
C0341,2025-03,3.0,3.0,2.0,1.0,0,0,0,0
C0342,2025-03,1.0,1.0,0.0,1.0,0,0,0,0
C0343,2025-03,3.0,1.0,1.0,2.0,0,0,0,0
C0344,2025-03,1.0,0.0,1.0,0.0,0,0,0,0
C0345,2025-03,3.0,2.0,2.0,2.0,0,0,0,0
C0346,2025-03,1.0,0.0,3.0,1.0,0,0,0,0
C0347,2025-03,0.0,0.0,0.0,0.0,0,0,0,0
C0348,2025-03,3.0,1.0,0.0,1.0,0,0,0,0
C0349,2025-03,3.0,1.0,0.0,3.0,0,0,0,0
C0350,2025-03,5.0,2.0,1.0,2.0,0,0,0,0
C0351,2025-03,0.0,2.0,0.0,0.0,0,0,0,0
C0352,2025-03,1.0,2.0,0.0,4.0,0,0,0,0
C0353,2025-03,5.0,1.0,0.0,1.0,0,1,0,0
C0354,2025-03,0.0,1.0,2.0,1.0,0,0,0,0
C0355,2025-03,0.0,1.0,1.0,1.0,0,0,0,0
C0356,2025-03,2.0,1.0,0.0,3.0,1,0,0,0
C0357,2025-03,4.0,2.0,3.0,2.0,0,0,0,0
C0358,2025-03,4.0,3.0,1.0,1.0,0,0,0,0
C0359,2025-03,0.0,2.0,1.0,0.0,0,0,0,0
C0360,2025-03,4.0,1.0,2.0,1.0,0,0,0,0
C0361,2025-03,1.0,0.0,0.0,0.0,0,0,0,0
C0362,2025-03,2.0,2.0,1.0,0.0,0,0,0,0
C0363,2025-03,1.0,2.0,0.0,1.0,0,0,0,0
C0364,2025-03,3.0,1.0,0.0,2.0,0,0,0,0
C0365,2025-03,1.0,0.0,1.0,1.0,0,0,0,0
C0366,2025-03,2.0,0.0,1.0,0.0,0,0,0,0
C0367,2025-03,0.0,1.0,0.0,0.0,0,0,0,0
C0368,2025-03,1.0,0.0,2.0,2.0,0,0,0,0
C0369,2025-03,1.0,0.0,3.0,1.0,0,0,0,0
C0370,2025-03,1.0,1.0,1.0,0.0,0,0,0,0
C0371,2025-03,2.0,2.0,1.0,2.0,0,0,0,0
C0372,2025-03,2.0,3.0,2.0,1.0,0,0,0,1
C0373,2025-03,3.0,0.0,0.0,3.0,0,0,0,0
C0374,2025-03,1.0,4.0,1.0,4.0,0,0,0,0
C0375,2025-03,3.0,0.0,0.0,2.0,0,0,0,0
C0376,2025-03,0.0,1.0,2.0,2.0,0,0,0,0
C0377,2025-03,1.0,1.0,0.0,0.0,0,0,0,0
C0378,2025-03,1.0,3.0,1.0,1.0,0,0,0,0
C0379,2025-03,3.0,1.0,0.0,1.0,0,0,0,0
C0380,2025-03,2.0,1.0,0.0,5.0,0,0,0,0
C0381,2025-03,1.0,1.0,3.0,2.0,0,0,0,0
C0382,2025-03,1.0,2.0,0.0,2.0,0,0,0,0
C0383,2025-03,2.0,3.0,0.0,2.0,0,0,0,0
C0384,2025-03,2.0,4.0,3.0,1.0,0,0,0,0
C0385,2025-03,4.0,2.0,0.0,0.0,0,0,0,0
C0386,2025-03,2.0,1.0,2.0,0.0,0,0,0,0
C0387,2025-03,2.0,1.0,2.0,2.0,0,0,0,0
C0388,2025-03,3.0,1.0,0.0,0.0,0,0,0,0
C0389,2025-03,2.0,2.0,0.0,1.0,0,0,0,1
C0390,2025-03,1.0,2.0,1.0,0.0,0,0,0,0
C0391,2025-03,5.0,0.0,1.0,1.0,0,0,0,0
C0392,2025-03,1.0,1.0,2.0,2.0,0,0,0,0
C0393,2025-03,2.0,2.0,1.0,1.0,0,0,0,0
C0394,2025-03,0.0,1.0,0.0,4.0,0,1,0,0
C0395,2025-03,2.0,1.0,0.0,3.0,0,0,0,0
C0396,2025-03,1.0,1.0,0.0,4.0,0,0,0,0
C0397,2025-03,3.0,0.0,0.0,4.0,0,0,0,0
C0398,2025-03,1.0,0.0,0.0,2.0,0,0,0,0
C0399,2025-03,3.0,1.0,2.0,0.0,0,0,0,0
C0400,2025-03,3.0,2.0,1.0,0.0,0,0,0,0
C0401,2025-03,1.0,0.0,2.0,0.0,0,0,0,0
C0402,2025-03,1.0,2.0,0.0,0.0,0,0,0,0
C0403,2025-03,2.0,0.0,0.0,1.0,0,0,0,0
C0404,2025-03,2.0,0.0,0.0,0.0,0,0,0,0
C0405,2025-03,2.0,1.0,2.0,1.0,0,0,0,1
C0406,2025-03,2.0,1.0,0.0,0.0,0,0,0,0
C0407,2025-03,1.0,1.0,1.0,0.0,0,0,0,0
C0408,2025-03,2.0,1.0,0.0,3.0,0,1,0,0
C0409,2025-03,2.0,2.0,1.0,2.0,0,0,0,0
C0410,2025-03,4.0,1.0,0.0,0.0,0,0,0,0
C0411,2025-03,3.0,1.0,1.0,2.0,0,0,0,0
C0412,2025-03,0.0,1.0,1.0,0.0,0,0,0,0
C0413,2025-03,1.0,0.0,0.0,0.0,0,0,0,0
C0414,2025-03,0.0,1.0,1.0,1.0,0,1,0,0
C0415,2025-03,3.0,2.0,1.0,1.0,0,0,0,0
C0416,2025-03,2.0,1.0,2.0,2.0,0,0,0,0
C0417,2025-03,3.0,2.0,1.0,1.0,0,0,0,0
C0418,2025-03,2.0,0.0,0.0,4.0,0,0,0,0
C0419,2025-03,4.0,1.0,0.0,2.0,0,0,0,0
C0420,2025-03,1.0,0.0,1.0,2.0,0,0,0,0
C0421,2025-03,2.0,0.0,1.0,1.0,0,0,0,0
C0422,2025-03,2.0,1.0,1.0,1.0,0,0,0,0
C0423,2025-03,0.0,0.0,0.0,2.0,0,0,0,0
C0424,2025-03,1.0,3.0,0.0,0.0,0,0,0,0
C0425,2025-03,4.0,1.0,0.0,1.0,0,0,0,0
C0426,2025-03,1.0,1.0,1.0,3.0,0,0,0,0
C0427,2025-03,1.0,2.0,2.0,2.0,0,0,0,0
C0428,2025-03,0.0,1.0,0.0,2.0,0,0,0,0
C0429,2025-03,2.0,1.0,2.0,1.0,0,0,0,0
C0430,2025-03,2.0,1.0,0.0,3.0,0,0,0,0
C0431,2025-03,0.0,0.0,0.0,2.0,0,0,0,0
C0432,2025-03,3.0,1.0,0.0,0.0,0,0,0,0
C0433,2025-03,2.0,0.0,0.0,0.0,1,0,0,0
C0434,2025-03,2.0,0.0,1.0,2.0,0,0,0,0
C0435,2025-03,5.0,3.0,0.0,0.0,0,0,0,0
C0436,2025-03,2.0,2.0,0.0,2.0,0,0,0,0
C0437,2025-03,2.0,1.0,1.0,3.0,0,0,0,0
C0438,2025-03,2.0,0.0,0.0,1.0,0,0,0,1
C0439,2025-03,2.0,1.0,0.0,1.0,0,0,0,0
C0440,2025-03,2.0,0.0,1.0,2.0,0,0,0,0
C0441,2025-03,4.0,1.0,0.0,0.0,0,0,0,0
C0442,2025-03,2.0,0.0,0.0,1.0,0,0,0,0
C0443,2025-03,2.0,2.0,3.0,2.0,0,0,0,0
C0444,2025-03,1.0,1.0,1.0,0.0,0,0,0,0
C0445,2025-03,1.0,0.0,0.0,1.0,0,0,0,0
C0446,2025-03,2.0,0.0,0.0,0.0,0,0,1,0
C0447,2025-03,2.0,1.0,0.0,0.0,0,0,0,0
C0448,2025-03,2.0,0.0,1.0,0.0,1,0,0,0
C0449,2025-03,2.0,2.0,1.0,1.0,0,0,0,0
C0450,2025-03,4.0,2.0,0.0,1.0,0,0,0,0
C0451,2025-03,1.0,1.0,3.0,1.0,0,0,0,1
C0452,2025-03,1.0,0.0,0.0,1.0,0,0,0,0
C0453,2025-03,3.0,1.0,0.0,0.0,0,0,0,0
C0454,2025-03,0.0,0.0,0.0,1.0,0,0,0,0
C0455,2025-03,4.0,1.0,0.0,2.0,0,0,0,0
C0456,2025-03,3.0,2.0,1.0,0.0,0,0,0,0
C0457,2025-03,5.0,1.0,1.0,0.0,0,0,0,0
C0458,2025-03,4.0,1.0,0.0,0.0,0,0,0,0
C0459,2025-03,2.0,0.0,1.0,0.0,0,0,0,0
C0460,2025-03,0.0,1.0,1.0,1.0,0,0,0,0
C0461,2025-03,0.0,1.0,0.0,0.0,0,0,0,0
C0462,2025-03,1.0,1.0,1.0,0.0,0,0,0,0
C0463,2025-03,3.0,1.0,0.0,3.0,0,0,0,0
C0464,2025-03,1.0,0.0,1.0,2.0,0,0,0,0
C0465,2025-03,2.0,3.0,1.0,3.0,0,0,0,0
C0466,2025-03,1.0,2.0,0.0,1.0,0,0,0,0
C0467,2025-03,4.0,0.0,0.0,1.0,0,0,0,0
C0468,2025-03,2.0,1.0,0.0,2.0,0,0,0,0
C0469,2025-03,1.0,1.0,0.0,1.0,0,0,0,0
C0470,2025-03,0.0,1.0,0.0,3.0,0,0,0,0
C0471,2025-03,3.0,1.0,2.0,0.0,0,0,0,0
C0472,2025-03,1.0,2.0,1.0,0.0,0,0,0,0
C0473,2025-03,1.0,0.0,1.0,0.0,0,0,0,0
C0474,2025-03,3.0,1.0,0.0,0.0,0,0,0,0
C0475,2025-03,0.0,1.0,0.0,1.0,0,0,0,0
C0476,2025-03,0.0,1.0,1.0,0.0,0,0,0,0
C0477,2025-03,1.0,1.0,1.0,0.0,0,0,0,0
C0478,2025-03,1.0,3.0,1.0,1.0,0,0,0,1
C0479,2025-03,1.0,1.0,1.0,1.0,0,0,0,0
C0480,2025-03,2.0,2.0,0.0,1.0,0,0,0,0
C0481,2025-03,2.0,2.0,1.0,2.0,1,0,0,0
C0482,2025-03,3.0,2.0,1.0,0.0,0,0,0,0
C0483,2025-03,1.0,2.0,0.0,2.0,0,0,0,0
C0484,2025-03,0.0,2.0,1.0,1.0,0,0,0,0
C0485,2025-03,3.0,1.0,3.0,2.0,0,0,0,0
C0486,2025-03,4.0,1.0,0.0,0.0,0,0,0,0
C0487,2025-03,3.0,2.0,0.0,1.0,0,0,0,0
C0488,2025-03,2.0,1.0,0.0,3.0,1,1,0,0
C0489,2025-03,2.0,0.0,0.0,0.0,0,0,0,0
C0490,2025-03,2.0,0.0,0.0,0.0,0,0,0,0
C0491,2025-03,2.0,1.0,1.0,0.0,0,0,0,0
C0492,2025-03,0.0,1.0,0.0,1.0,0,0,0,0
C0493,2025-03,2.0,4.0,2.0,1.0,0,0,0,0
C0494,2025-03,5.0,0.0,0.0,1.0,0,0,1,0
C0495,2025-03,4.0,4.0,0.0,1.0,0,0,0,0
C0496,2025-03,2.0,1.0,0.0,2.0,0,0,0,0
C0497,2025-03,3.0,1.0,1.0,1.0,0,0,0,0
C0498,2025-03,1.0,2.0,1.0,1.0,0,0,0,0
C0499,2025-03,3.0,0.0,0.0,3.0,0,0,0,0
C0500,2025-03,1.0,2.0,0.0,1.0,0,0,0,0
C0501,2025-03,1.0,1.0,1.0,0.0,0,0,0,0
C0502,2025-03,2.0,2.0,0.0,0.0,0,0,0,0
C0503,2025-03,0.0,2.0,1.0,1.0,0,0,0,0
C0504,2025-03,1.0,1.0,1.0,2.0,0,0,0,0
C0505,2025-03,1.0,1.0,1.0,1.0,0,0,0,0
C0506,2025-03,0.0,0.0,0.0,1.0,0,0,0,0
C0507,2025-03,1.0,1.0,0.0,1.0,0,0,0,0
C0508,2025-03,1.0,2.0,0.0,0.0,0,0,0,0
C0509,2025-03,5.0,0.0,1.0,2.0,0,0,0,0
C0510,2025-03,1.0,3.0,1.0,1.0,0,0,0,0
C0511,2025-03,1.0,1.0,0.0,0.0,0,0,0,0
C0512,2025-03,1.0,1.0,0.0,0.0,0,0,0,0
C0513,2025-03,0.0,0.0,0.0,1.0,0,0,0,0
C0514,2025-03,4.0,1.0,0.0,3.0,0,0,0,0
C0515,2025-03,2.0,1.0,0.0,0.0,0,0,0,0
C0516,2025-03,0.0,1.0,1.0,0.0,0,1,0,0
C0517,2025-03,2.0,1.0,0.0,0.0,0,1,0,0
C0518,2025-03,3.0,4.0,0.0,0.0,0,0,0,0
C0519,2025-03,1.0,0.0,0.0,2.0,0,0,0,0
C0520,2025-03,1.0,2.0,0.0,0.0,0,0,0,0
C0521,2025-03,2.0,0.0,0.0,0.0,1,0,0,0
C0522,2025-03,0.0,0.0,1.0,0.0,0,0,0,0
C0523,2025-03,1.0,1.0,0.0,0.0,0,0,0,0
C0524,2025-03,1.0,1.0,0.0,0.0,0,0,0,0
C0525,2025-03,0.0,1.0,1.0,0.0,0,0,0,0
C0526,2025-03,2.0,0.0,0.0,0.0,0,0,0,0
C0527,2025-03,0.0,1.0,0.0,2.0,0,0,0,0
C0528,2025-03,2.0,1.0,1.0,0.0,0,0,0,0
C0529,2025-03,4.0,1.0,0.0,1.0,0,0,0,0
C0530,2025-03,1.0,1.0,1.0,1.0,0,0,0,0
C0531,2025-03,3.0,1.0,0.0,1.0,0,0,0,0
C0532,2025-03,2.0,1.0,1.0,1.0,0,0,0,0
C0533,2025-03,2.0,0.0,0.0,0.0,0,0,0,0
C0534,2025-03,2.0,1.0,0.0,0.0,0,1,1,0
C0535,2025-03,1.0,3.0,1.0,3.0,0,0,0,0
C0536,2025-03,0.0,0.0,1.0,1.0,0,0,0,0
C0537,2025-03,3.0,0.0,0.0,0.0,0,0,0,0
C0538,2025-03,0.0,1.0,1.0,2.0,0,1,0,0
C0539,2025-03,1.0,1.0,0.0,0.0,0,0,0,0
C0540,2025-03,1.0,2.0,0.0,0.0,0,0,0,0
C0541,2025-03,3.0,2.0,1.0,1.0,0,0,0,0
C0542,2025-03,4.0,2.0,1.0,2.0,0,0,0,0
C0543,2025-03,2.0,0.0,0.0,0.0,0,0,0,0
C0544,2025-03,0.0,1.0,0.0,0.0,0,0,0,0
C0545,2025-03,3.0,3.0,0.0,0.0,0,0,0,0
C0546,2025-03,2.0,1.0,0.0,1.0,0,0,0,0
C0547,2025-03,2.0,1.0,0.0,1.0,0,0,0,0
C0548,2025-03,2.0,1.0,0.0,1.0,0,0,0,0
C0549,2025-03,1.0,0.0,2.0,1.0,0,0,0,0
C0550,2025-03,1.0,0.0,0.0,0.0,0,0,0,0
C0551,2025-03,1.0,1.0,0.0,1.0,0,0,0,1
C0552,2025-03,2.0,3.0,0.0,0.0,0,0,1,0
C0553,2025-03,1.0,0.0,1.0,2.0,0,0,0,0
C0554,2025-03,4.0,2.0,1.0,2.0,0,0,0,0
C0555,2025-03,1.0,2.0,0.0,0.0,0,0,0,0
C0556,2025-03,2.0,1.0,1.0,0.0,0,0,0,0
C0557,2025-03,1.0,1.0,1.0,0.0,0,0,0,0
C0558,2025-03,1.0,0.0,0.0,1.0,0,0,0,0
C0559,2025-03,1.0,1.0,0.0,1.0,0,0,1,0
C0560,2025-03,2.0,1.0,0.0,2.0,0,0,0,0
C0561,2025-03,3.0,1.0,2.0,0.0,0,0,0,0
C0562,2025-03,0.0,3.0,0.0,0.0,0,0,0,0
C0563,2025-03,2.0,3.0,0.0,1.0,0,0,0,0
C0564,2025-03,3.0,0.0,1.0,0.0,0,0,0,0
C0565,2025-03,2.0,0.0,0.0,0.0,0,0,0,0
C0566,2025-03,1.0,1.0,0.0,1.0,0,0,0,0
C0567,2025-03,0.0,1.0,0.0,1.0,0,1,0,1
C0568,2025-03,0.0,1.0,0.0,0.0,0,0,0,0
C0569,2025-03,3.0,0.0,2.0,1.0,0,0,0,0
C0570,2025-03,5.0,2.0,2.0,1.0,0,0,0,0
C0571,2025-03,4.0,3.0,0.0,0.0,0,0,0,0
C0572,2025-03,2.0,1.0,1.0,0.0,0,0,0,0
C0573,2025-03,3.0,0.0,1.0,1.0,0,0,0,0
C0574,2025-03,4.0,0.0,0.0,0.0,0,0,0,0
C0575,2025-03,2.0,2.0,1.0,1.0,1,0,0,0
C0576,2025-03,4.0,1.0,1.0,1.0,0,0,0,0
C0577,2025-03,1.0,1.0,0.0,0.0,0,0,0,0
C0578,2025-03,2.0,0.0,1.0,2.0,0,0,0,0
C0579,2025-03,0.0,1.0,0.0,0.0,0,0,0,0
C0580,2025-03,3.0,0.0,2.0,1.0,0,0,0,0
C0581,2025-03,2.0,1.0,0.0,3.0,0,1,1,0
C0582,2025-03,1.0,0.0,0.0,1.0,0,0,0,0
C0583,2025-03,0.0,1.0,0.0,0.0,0,0,0,0
C0584,2025-03,0.0,3.0,2.0,1.0,0,0,0,0
C0585,2025-03,2.0,1.0,1.0,2.0,0,0,0,0
C0586,2025-03,2.0,2.0,1.0,2.0,0,0,0,0
C0587,2025-03,3.0,0.0,0.0,2.0,0,0,1,0
C0588,2025-03,0.0,1.0,0.0,1.0,0,0,0,0
C0589,2025-03,2.0,2.0,0.0,1.0,0,0,0,0
C0590,2025-03,2.0,1.0,0.0,0.0,1,0,0,0
C0591,2025-03,0.0,0.0,0.0,4.0,0,0,0,0
C0592,2025-03,3.0,2.0,1.0,3.0,0,0,0,0
C0593,2025-03,2.0,0.0,1.0,0.0,0,0,0,0
C0594,2025-03,2.0,2.0,0.0,1.0,0,0,0,0
C0595,2025-03,0.0,0.0,0.0,1.0,0,0,0,0
C0596,2025-03,5.0,1.0,0.0,0.0,0,0,0,0
C0597,2025-03,1.0,1.0,0.0,1.0,0,0,0,0
C0598,2025-03,0.0,2.0,0.0,0.0,0,0,0,0
C0599,2025-03,1.0,1.0,0.0,1.0,0,0,0,1
C0600,2025-03,1.0,0.0,0.0,0.0,0,0,0,0
C0601,2025-03,0.0,0.0,0.0,0.0,0,0,0,0
C0602,2025-03,1.0,4.0,0.0,1.0,0,0,0,1
C0603,2025-03,2.0,1.0,0.0,0.0,0,0,0,0
C0604,2025-03,0.0,1.0,2.0,3.0,0,0,0,0
C0605,2025-03,3.0,2.0,0.0,1.0,0,0,0,0
C0606,2025-03,0.0,1.0,0.0,2.0,0,0,0,0
C0607,2025-03,1.0,2.0,2.0,1.0,0,0,0,0
C0608,2025-03,2.0,0.0,0.0,0.0,0,0,0,0
C0609,2025-03,1.0,3.0,0.0,3.0,0,0,0,0
C0610,2025-03,1.0,1.0,3.0,0.0,0,0,0,0
C0611,2025-03,0.0,1.0,0.0,0.0,0,0,0,0
C0612,2025-03,1.0,2.0,0.0,0.0,0,0,0,0
C0613,2025-03,1.0,1.0,0.0,1.0,0,0,0,0
C0614,2025-03,2.0,2.0,0.0,0.0,0,0,0,0
C0615,2025-03,1.0,1.0,1.0,2.0,0,0,0,0
C0616,2025-03,2.0,1.0,0.0,2.0,0,0,0,0
C0617,2025-03,0.0,4.0,0.0,3.0,0,0,0,0
C0618,2025-03,0.0,2.0,1.0,0.0,0,0,0,0
C0619,2025-03,1.0,2.0,0.0,0.0,0,0,0,0
C0620,2025-03,0.0,0.0,2.0,5.0,0,0,0,0
C0621,2025-03,2.0,1.0,1.0,1.0,0,0,0,0
C0622,2025-03,1.0,0.0,0.0,1.0,0,0,0,0
C0623,2025-03,3.0,2.0,0.0,1.0,0,0,0,0
C0624,2025-03,2.0,1.0,0.0,3.0,0,0,0,0
C0625,2025-03,1.0,1.0,0.0,1.0,0,0,0,0
C0626,2025-03,4.0,0.0,1.0,0.0,0,0,0,0
C0627,2025-03,0.0,1.0,0.0,1.0,0,0,0,1
C0628,2025-03,3.0,0.0,1.0,1.0,0,0,0,0
C0629,2025-03,1.0,2.0,2.0,1.0,0,0,0,0
C0630,2025-03,2.0,0.0,0.0,1.0,0,0,0,0
C0631,2025-03,2.0,2.0,0.0,0.0,0,0,0,0
C0632,2025-03,2.0,1.0,0.0,2.0,0,0,0,0
C0633,2025-03,3.0,1.0,1.0,0.0,0,0,0,0
C0634,2025-03,1.0,1.0,0.0,2.0,0,0,0,0
C0635,2025-03,1.0,3.0,0.0,4.0,0,0,0,0
C0636,2025-03,5.0,1.0,0.0,2.0,0,0,0,0
C0637,2025-03,1.0,1.0,1.0,2.0,0,0,0,0
C0638,2025-03,0.0,0.0,1.0,2.0,0,0,0,0
C0639,2025-03,3.0,3.0,1.0,1.0,0,0,0,0
C0640,2025-03,2.0,1.0,1.0,0.0,0,0,0,0
C0641,2025-03,2.0,2.0,1.0,0.0,0,0,0,0
C0642,2025-03,0.0,1.0,2.0,0.0,0,0,0,0
C0643,2025-03,0.0,1.0,0.0,2.0,0,0,0,0
C0644,2025-03,2.0,4.0,0.0,1.0,0,0,0,0
C0645,2025-03,0.0,1.0,2.0,0.0,0,0,0,0
C0646,2025-03,2.0,1.0,0.0,1.0,0,0,0,0
C0647,2025-03,0.0,0.0,0.0,0.0,0,0,0,0
C0648,2025-03,1.0,2.0,0.0,0.0,0,0,0,0
C0649,2025-03,2.0,2.0,2.0,0.0,1,0,0,0
C0650,2025-03,1.0,1.0,0.0,2.0,0,0,0,0
C0651,2025-03,1.0,1.0,0.0,0.0,0,0,0,0
C0652,2025-03,1.0,1.0,2.0,0.0,0,0,0,0
C0653,2025-03,2.0,1.0,0.0,0.0,1,0,0,0
C0654,2025-03,3.0,1.0,0.0,0.0,0,0,0,0
C0655,2025-03,2.0,0.0,1.0,1.0,0,0,0,0
C0656,2025-03,1.0,1.0,0.0,1.0,0,0,0,0
C0657,2025-03,2.0,0.0,1.0,3.0,0,0,0,0
C0658,2025-03,5.0,1.0,0.0,1.0,0,0,0,0
C0659,2025-03,1.0,1.0,2.0,1.0,0,0,0,0
C0660,2025-03,1.0,0.0,0.0,1.0,0,0,0,0
C0661,2025-03,2.0,1.0,0.0,4.0,0,0,0,0
C0662,2025-03,1.0,2.0,0.0,2.0,0,0,0,0
C0663,2025-03,2.0,2.0,2.0,0.0,0,0,0,0
C0664,2025-03,4.0,1.0,0.0,1.0,0,0,0,0
C0665,2025-03,0.0,3.0,1.0,3.0,0,0,0,0
C0666,2025-03,3.0,1.0,0.0,2.0,0,0,0,0
C0667,2025-03,3.0,3.0,0.0,0.0,0,0,0,0
C0668,2025-03,3.0,2.0,0.0,0.0,0,0,0,0
C0669,2025-03,2.0,0.0,0.0,0.0,0,0,0,0
C0670,2025-03,0.0,0.0,0.0,1.0,0,0,0,0
C0671,2025-03,3.0,3.0,0.0,1.0,0,0,0,0
C0672,2025-03,5.0,1.0,0.0,2.0,0,0,0,0
C0673,2025-03,2.0,2.0,1.0,0.0,0,0,0,0
C0674,2025-03,1.0,1.0,1.0,0.0,0,0,0,0
C0675,2025-03,3.0,3.0,1.0,0.0,0,0,0,0
C0676,2025-03,2.0,1.0,0.0,1.0,0,0,0,0
C0677,2025-03,1.0,2.0,0.0,2.0,0,0,0,0
C0678,2025-03,3.0,0.0,0.0,1.0,0,0,0,0
C0679,2025-03,2.0,0.0,0.0,2.0,0,0,0,0
C0680,2025-03,3.0,0.0,0.0,2.0,0,0,0,0
C0681,2025-03,2.0,0.0,0.0,4.0,0,0,0,0
C0682,2025-03,1.0,1.0,0.0,1.0,0,0,0,0
C0683,2025-03,0.0,0.0,2.0,1.0,0,0,0,0
C0684,2025-03,6.0,2.0,1.0,2.0,0,0,0,0
C0685,2025-03,1.0,1.0,0.0,2.0,0,1,1,0
C0686,2025-03,0.0,2.0,0.0,1.0,0,0,0,0
C0687,2025-03,1.0,0.0,1.0,2.0,0,0,0,0
C0688,2025-03,2.0,1.0,0.0,0.0,1,0,0,0
C0689,2025-03,0.0,3.0,2.0,4.0,0,0,0,0
C0690,2025-03,1.0,2.0,0.0,1.0,0,0,0,0
C0691,2025-03,1.0,1.0,0.0,2.0,0,0,0,0
C0692,2025-03,2.0,1.0,0.0,1.0,0,0,0,0
C0693,2025-03,4.0,1.0,0.0,0.0,0,0,0,0
C0694,2025-03,2.0,4.0,1.0,1.0,0,0,0,0
C0695,2025-03,1.0,0.0,3.0,0.0,0,0,0,0
C0696,2025-03,4.0,1.0,0.0,1.0,0,0,0,0
C0697,2025-03,2.0,1.0,1.0,2.0,0,1,0,0
C0698,2025-03,1.0,0.0,0.0,1.0,0,0,0,0
C0699,2025-03,3.0,0.0,2.0,1.0,0,0,0,0
C0700,2025-03,2.0,0.0,0.0,1.0,0,0,0,0
C0701,2025-03,0.0,0.0,1.0,0.0,0,0,0,0
C0702,2025-03,4.0,0.0,3.0,0.0,0,0,0,0
C0703,2025-03,2.0,2.0,1.0,1.0,0,0,0,0
C0704,2025-03,1.0,0.0,0.0,4.0,0,0,0,0
C0705,2025-03,2.0,2.0,1.0,0.0,0,0,0,0
C0706,2025-03,0.0,3.0,1.0,1.0,0,0,0,0
C0707,2025-03,3.0,1.0,1.0,1.0,0,0,0,0
C0708,2025-03,1.0,0.0,2.0,2.0,0,0,0,0
C0709,2025-03,1.0,2.0,1.0,3.0,0,0,0,0
C0710,2025-03,5.0,3.0,1.0,0.0,0,0,0,0
C0711,2025-03,2.0,1.0,0.0,0.0,0,0,0,0
C0712,2025-03,1.0,2.0,1.0,0.0,0,0,0,0
C0713,2025-03,2.0,1.0,1.0,0.0,0,0,0,0
C0714,2025-03,3.0,0.0,1.0,2.0,0,0,0,0
C0715,2025-03,1.0,0.0,0.0,0.0,0,0,0,0
C0716,2025-03,2.0,1.0,1.0,5.0,0,0,0,0
C0717,2025-03,2.0,0.0,2.0,1.0,0,0,0,0
C0718,2025-03,2.0,2.0,0.0,0.0,0,0,0,0
C0719,2025-03,1.0,0.0,0.0,1.0,0,0,0,0
C0720,2025-03,1.0,0.0,2.0,5.0,0,0,0,0
C0721,2025-03,5.0,0.0,1.0,1.0,0,0,0,0
C0722,2025-03,1.0,3.0,0.0,0.0,0,0,0,0
C0723,2025-03,3.0,3.0,0.0,0.0,0,0,0,0
C0724,2025-03,3.0,2.0,0.0,1.0,0,0,0,0
C0725,2025-03,2.0,0.0,0.0,0.0,0,0,0,0
C0726,2025-03,2.0,2.0,3.0,1.0,0,0,0,0
C0727,2025-03,2.0,0.0,0.0,0.0,0,0,1,0
C0728,2025-03,4.0,1.0,0.0,0.0,0,0,0,0
C0729,2025-03,2.0,1.0,1.0,0.0,0,0,0,0
C0730,2025-03,3.0,1.0,1.0,0.0,0,0,0,0
C0731,2025-03,0.0,0.0,0.0,1.0,0,0,1,0
C0732,2025-03,2.0,1.0,1.0,1.0,0,0,0,0
C0733,2025-03,1.0,0.0,0.0,1.0,0,0,0,0
C0734,2025-03,3.0,0.0,0.0,0.0,0,0,0,0
C0735,2025-03,2.0,1.0,0.0,0.0,0,0,0,0
C0736,2025-03,3.0,0.0,1.0,3.0,0,0,0,0
C0737,2025-03,4.0,0.0,0.0,0.0,0,0,0,0
C0738,2025-03,1.0,1.0,1.0,1.0,0,0,0,0
C0739,2025-03,6.0,1.0,1.0,1.0,0,0,0,0
C0740,2025-03,3.0,0.0,0.0,1.0,0,0,0,1
C0741,2025-03,3.0,4.0,0.0,0.0,0,0,0,0
C0742,2025-03,0.0,2.0,0.0,2.0,0,0,0,0
C0743,2025-03,3.0,2.0,0.0,2.0,0,0,0,0
C0744,2025-03,5.0,0.0,0.0,1.0,0,0,0,0
C0745,2025-03,0.0,0.0,1.0,0.0,0,0,0,0
C0746,2025-03,1.0,1.0,2.0,3.0,0,0,0,0
C0747,2025-03,1.0,3.0,1.0,2.0,0,0,0,0
C0748,2025-03,3.0,2.0,1.0,1.0,0,0,0,1
C0749,2025-03,2.0,2.0,0.0,1.0,0,0,0,0
C0750,2025-03,1.0,1.0,2.0,1.0,0,0,0,1
C0751,2025-03,0.0,0.0,1.0,1.0,0,0,0,0
C0752,2025-03,0.0,0.0,2.0,3.0,0,0,0,0
C0753,2025-03,3.0,4.0,0.0,1.0,0,0,0,0
C0754,2025-03,0.0,2.0,0.0,1.0,0,0,0,0
C0755,2025-03,1.0,0.0,0.0,2.0,0,0,0,0
C0756,2025-03,1.0,4.0,2.0,1.0,0,0,0,0
C0757,2025-03,2.0,0.0,0.0,1.0,1,0,0,0
C0758,2025-03,1.0,1.0,0.0,1.0,0,1,0,0
C0759,2025-03,0.0,1.0,1.0,1.0,0,0,0,0
C0760,2025-03,2.0,1.0,0.0,2.0,0,1,0,0
C0761,2025-03,2.0,2.0,0.0,0.0,0,0,0,0
C0762,2025-03,2.0,1.0,1.0,1.0,0,0,0,0
C0763,2025-03,2.0,1.0,1.0,0.0,0,0,0,0
C0764,2025-03,1.0,1.0,0.0,1.0,0,0,0,0
C0765,2025-03,0.0,2.0,0.0,0.0,0,0,0,0
C0766,2025-03,1.0,0.0,1.0,1.0,0,0,0,0
C0767,2025-03,1.0,1.0,0.0,1.0,0,1,0,0
C0768,2025-03,3.0,2.0,1.0,1.0,0,0,0,1
C0769,2025-03,4.0,1.0,3.0,3.0,0,1,0,0
C0770,2025-03,2.0,1.0,0.0,0.0,0,0,0,0
C0771,2025-03,4.0,1.0,0.0,0.0,0,0,0,0
C0772,2025-03,3.0,1.0,0.0,0.0,0,0,0,0
C0773,2025-03,2.0,0.0,0.0,1.0,0,0,0,0
C0774,2025-03,1.0,3.0,1.0,1.0,0,0,0,0
C0775,2025-03,4.0,0.0,0.0,1.0,0,0,0,0
C0776,2025-03,0.0,0.0,1.0,1.0,0,0,0,0
C0777,2025-03,1.0,1.0,0.0,1.0,0,0,0,0
C0778,2025-03,2.0,1.0,0.0,3.0,0,0,0,0
C0779,2025-03,0.0,3.0,0.0,1.0,0,0,0,0
C0780,2025-03,1.0,0.0,0.0,1.0,0,0,0,0
C0781,2025-03,0.0,1.0,0.0,1.0,0,0,0,0
C0782,2025-03,1.0,4.0,1.0,2.0,0,0,0,0
C0783,2025-03,1.0,0.0,1.0,2.0,0,0,0,0
C0784,2025-03,1.0,2.0,0.0,3.0,0,0,0,0
C0785,2025-03,0.0,3.0,0.0,2.0,0,0,0,0
C0786,2025-03,2.0,2.0,0.0,3.0,0,0,0,0
C0787,2025-03,0.0,1.0,0.0,1.0,0,0,0,1
C0788,2025-03,4.0,3.0,0.0,2.0,0,0,0,0
C0789,2025-03,2.0,1.0,0.0,1.0,0,0,0,0
C0790,2025-03,0.0,2.0,0.0,0.0,0,0,0,0
C0791,2025-03,2.0,2.0,1.0,1.0,0,0,0,0
C0792,2025-03,2.0,1.0,0.0,0.0,0,0,0,0
C0793,2025-03,1.0,3.0,0.0,1.0,0,0,0,0
C0794,2025-03,1.0,1.0,1.0,0.0,0,0,0,0
C0795,2025-03,1.0,1.0,2.0,1.0,0,0,0,0
C0796,2025-03,0.0,1.0,1.0,1.0,0,1,0,1
C0797,2025-03,0.0,0.0,1.0,2.0,0,0,0,0
C0798,2025-03,2.0,2.0,2.0,1.0,1,0,0,0
C0799,2025-03,1.0,2.0,0.0,1.0,0,0,0,0
C0800,2025-03,1.0,1.0,0.0,4.0,0,0,0,0
H0001,2025-04,4.0,1.0,0.0,0.0,0,0,0,0
H0002,2025-04,1.0,1.0,0.0,0.0,0,0,0,0
H0003,2025-04,2.0,2.0,0.0,1.0,0,0,0,0
H0004,2025-04,1.0,0.0,0.0,0.0,0,0,0,0
H0005,2025-04,1.0,1.0,0.0,0.0,0,0,0,0
H0006,2025-04,4.0,2.0,1.0,0.0,0,0,0,0
H0007,2025-04,2.0,2.0,1.0,2.0,0,0,0,0
H0008,2025-04,2.0,1.0,1.0,1.0,0,0,0,0
H0009,2025-04,1.0,2.0,0.0,3.0,0,0,0,0
H0010,2025-04,3.0,0.0,0.0,2.0,0,0,0,0
H0011,2025-04,1.0,1.0,0.0,1.0,0,0,1,0
H0012,2025-04,4.0,2.0,1.0,2.0,0,0,0,0
H0013,2025-04,2.0,0.0,1.0,0.0,0,0,0,0
H0014,2025-04,1.0,2.0,0.0,1.0,0,0,0,1
H0015,2025-04,2.0,0.0,0.0,2.0,0,0,0,0
H0016,2025-04,1.0,0.0,2.0,2.0,0,0,0,0
H0017,2025-04,2.0,1.0,1.0,1.0,0,0,0,0
H0018,2025-04,1.0,0.0,1.0,0.0,0,0,0,0
H0019,2025-04,1.0,0.0,0.0,1.0,0,0,0,1
H0020,2025-04,2.0,2.0,0.0,0.0,0,0,0,0
H0021,2025-04,3.0,0.0,0.0,2.0,0,0,0,0
H0022,2025-04,4.0,0.0,0.0,1.0,0,0,0,0
H0023,2025-04,3.0,0.0,1.0,0.0,0,0,0,0
H0024,2025-04,2.0,3.0,1.0,1.0,1,0,0,0
H0025,2025-04,2.0,1.0,0.0,0.0,0,0,0,0
H0026,2025-04,2.0,0.0,0.0,0.0,0,0,0,0
H0027,2025-04,3.0,3.0,1.0,1.0,0,0,0,0
H0028,2025-04,2.0,2.0,1.0,1.0,0,0,0,0
H0029,2025-04,1.0,2.0,0.0,2.0,0,0,0,0
H0030,2025-04,3.0,2.0,1.0,2.0,0,0,0,0
H0031,2025-04,2.0,2.0,0.0,1.0,0,0,0,0
H0032,2025-04,1.0,2.0,0.0,0.0,0,0,0,0
H0033,2025-04,2.0,1.0,1.0,3.0,0,0,0,0
H0034,2025-04,4.0,1.0,0.0,2.0,0,0,0,0
H0035,2025-04,2.0,1.0,0.0,2.0,1,0,0,0
H0036,2025-04,3.0,1.0,2.0,1.0,0,0,0,0
H0037,2025-04,1.0,2.0,0.0,2.0,0,0,0,0
H0038,2025-04,4.0,2.0,0.0,1.0,0,0,1,0
H0039,2025-04,1.0,2.0,1.0,1.0,0,0,0,0
H0040,2025-04,0.0,3.0,0.0,1.0,0,0,0,0
H0041,2025-04,4.0,1.0,1.0,0.0,0,0,0,0
H0042,2025-04,5.0,0.0,0.0,1.0,0,0,1,0
H0043,2025-04,1.0,2.0,1.0,2.0,0,0,0,0
H0044,2025-04,1.0,1.0,0.0,1.0,0,0,0,0
H0045,2025-04,5.0,0.0,2.0,0.0,0,0,0,0
H0046,2025-04,2.0,1.0,1.0,0.0,0,1,0,0
H0047,2025-04,3.0,4.0,1.0,1.0,0,0,0,0
H0048,2025-04,1.0,1.0,2.0,0.0,0,0,0,0
H0049,2025-04,2.0,2.0,1.0,1.0,0,0,0,1
H0050,2025-04,1.0,3.0,1.0,1.0,0,0,0,0
H0051,2025-04,3.0,2.0,0.0,0.0,0,0,0,0
H0052,2025-04,0.0,1.0,0.0,2.0,0,0,0,0
H0053,2025-04,5.0,2.0,0.0,1.0,0,0,0,1
H0054,2025-04,1.0,2.0,1.0,1.0,0,0,0,0
H0055,2025-04,5.0,0.0,0.0,1.0,0,0,0,0
H0056,2025-04,2.0,1.0,1.0,0.0,0,1,0,0
H0057,2025-04,1.0,0.0,0.0,2.0,0,0,0,0
H0058,2025-04,2.0,0.0,2.0,0.0,0,0,0,0
H0059,2025-04,1.0,2.0,0.0,3.0,0,0,0,0
H0060,2025-04,2.0,0.0,1.0,1.0,0,0,0,0
H0061,2025-04,2.0,1.0,0.0,0.0,0,0,0,0
H0062,2025-04,1.0,1.0,0.0,1.0,0,0,0,0
H0063,2025-04,1.0,2.0,3.0,2.0,0,0,0,0
H0064,2025-04,4.0,2.0,0.0,1.0,0,0,0,0
H0065,2025-04,5.0,1.0,1.0,1.0,0,0,0,0
H0066,2025-04,3.0,0.0,0.0,1.0,0,0,0,0
H0067,2025-04,0.0,2.0,1.0,0.0,0,0,0,0
H0068,2025-04,3.0,3.0,1.0,3.0,0,0,0,0
H0069,2025-04,3.0,2.0,0.0,0.0,0,0,0,0
H0070,2025-04,3.0,1.0,1.0,0.0,0,0,0,0
H0071,2025-04,3.0,1.0,2.0,1.0,0,0,0,0
H0072,2025-04,0.0,1.0,1.0,2.0,0,0,0,0
H0073,2025-04,2.0,1.0,0.0,1.0,0,1,0,0
H0074,2025-04,0.0,2.0,0.0,0.0,0,0,0,0
H0075,2025-04,4.0,2.0,0.0,1.0,0,0,0,1
H0076,2025-04,4.0,1.0,3.0,2.0,0,0,0,0
H0077,2025-04,1.0,1.0,0.0,1.0,0,0,0,0
H0078,2025-04,3.0,0.0,1.0,0.0,0,0,0,0
H0079,2025-04,4.0,1.0,0.0,0.0,0,0,0,0
H0080,2025-04,3.0,0.0,0.0,0.0,0,0,0,0
H0081,2025-04,1.0,3.0,0.0,1.0,0,0,0,0
H0082,2025-04,3.0,1.0,0.0,1.0,0,0,0,0
H0083,2025-04,3.0,0.0,0.0,1.0,0,0,0,0
H0084,2025-04,4.0,2.0,0.0,0.0,0,0,0,0
H0085,2025-04,4.0,1.0,1.0,1.0,0,0,0,0
H0086,2025-04,3.0,0.0,1.0,3.0,0,0,0,0
H0087,2025-04,1.0,1.0,0.0,1.0,0,0,0,0
H0088,2025-04,0.0,1.0,0.0,0.0,0,0,0,0
H0089,2025-04,2.0,0.0,0.0,1.0,1,0,0,0
H0090,2025-04,3.0,2.0,0.0,2.0,0,0,0,0
H0091,2025-04,4.0,1.0,0.0,1.0,0,1,0,0
H0092,2025-04,1.0,2.0,0.0,0.0,0,0,0,0
H0093,2025-04,3.0,2.0,0.0,0.0,0,0,0,0
H0094,2025-04,2.0,1.0,0.0,1.0,1,0,0,0
H0095,2025-04,1.0,1.0,2.0,2.0,0,0,0,0
H0096,2025-04,0.0,0.0,1.0,2.0,0,0,0,0
H0097,2025-04,3.0,2.0,0.0,0.0,0,0,0,0
H0098,2025-04,1.0,1.0,1.0,1.0,0,0,0,0
H0099,2025-04,3.0,1.0,1.0,1.0,0,0,0,0
H0100,2025-04,1.0,1.0,0.0,1.0,0,0,0,0
H0101,2025-04,2.0,1.0,0.0,3.0,1,0,0,0
H0102,2025-04,2.0,0.0,1.0,1.0,0,0,0,0
H0103,2025-04,3.0,0.0,0.0,1.0,0,0,0,0
H0104,2025-04,2.0,1.0,1.0,2.0,0,0,0,0
H0105,2025-04,2.0,2.0,1.0,1.0,0,0,0,0
H0106,2025-04,3.0,2.0,0.0,1.0,0,0,0,0
H0107,2025-04,0.0,1.0,0.0,1.0,0,1,0,0
H0108,2025-04,3.0,1.0,0.0,0.0,0,0,0,0
H0109,2025-04,1.0,2.0,1.0,0.0,0,0,0,0
H0110,2025-04,3.0,0.0,1.0,0.0,0,0,0,0
H0111,2025-04,1.0,2.0,0.0,2.0,0,0,0,0
H0112,2025-04,3.0,1.0,1.0,1.0,0,0,0,0
H0113,2025-04,1.0,4.0,0.0,1.0,0,0,0,0
H0114,2025-04,0.0,1.0,1.0,1.0,0,0,0,0
H0115,2025-04,2.0,0.0,1.0,0.0,0,0,0,0
H0116,2025-04,2.0,1.0,0.0,0.0,0,0,0,0
H0117,2025-04,2.0,2.0,1.0,2.0,1,0,0,0
H0118,2025-04,2.0,3.0,0.0,0.0,0,0,1,0
H0119,2025-04,0.0,3.0,1.0,0.0,0,0,0,0
H0120,2025-04,3.0,1.0,1.0,0.0,0,0,0,0
H0121,2025-04,3.0,1.0,0.0,0.0,0,0,0,0
H0122,2025-04,2.0,0.0,0.0,3.0,0,0,0,0
H0123,2025-04,0.0,1.0,1.0,2.0,0,0,0,0
H0124,2025-04,0.0,1.0,0.0,2.0,0,0,0,0
H0125,2025-04,2.0,0.0,0.0,0.0,0,0,0,0
H0126,2025-04,0.0,0.0,0.0,1.0,0,0,0,1
H0127,2025-04,0.0,3.0,0.0,2.0,0,0,0,0
H0128,2025-04,0.0,1.0,1.0,1.0,0,0,0,0
H0129,2025-04,0.0,1.0,0.0,0.0,0,0,0,0
H0130,2025-04,3.0,1.0,2.0,1.0,0,0,0,0
H0131,2025-04,2.0,2.0,0.0,1.0,0,0,0,0
H0132,2025-04,2.0,1.0,1.0,1.0,0,0,0,0
H0133,2025-04,4.0,0.0,1.0,0.0,0,0,0,0
H0134,2025-04,3.0,0.0,1.0,0.0,0,0,0,0
H0135,2025-04,1.0,1.0,0.0,2.0,0,0,1,0
H0136,2025-04,1.0,1.0,0.0,1.0,0,0,0,0
H0137,2025-04,0.0,1.0,1.0,2.0,0,0,0,0
H0138,2025-04,2.0,1.0,0.0,1.0,0,0,0,1
H0139,2025-04,4.0,0.0,0.0,1.0,0,0,0,0
H0140,2025-04,3.0,1.0,2.0,2.0,0,0,0,0
H0141,2025-04,0.0,3.0,0.0,2.0,0,0,0,0
H0142,2025-04,1.0,3.0,1.0,3.0,0,0,0,0
H0143,2025-04,3.0,1.0,2.0,0.0,0,0,0,0
H0144,2025-04,5.0,1.0,1.0,2.0,0,0,0,0
H0145,2025-04,2.0,1.0,0.0,1.0,0,0,1,0
H0146,2025-04,1.0,1.0,0.0,0.0,0,0,0,0
H0147,2025-04,1.0,1.0,1.0,1.0,0,0,0,0
H0148,2025-04,0.0,1.0,0.0,0.0,0,0,0,0
H0149,2025-04,3.0,2.0,2.0,2.0,0,0,0,0
H0150,2025-04,2.0,0.0,0.0,1.0,0,0,1,0
H0151,2025-04,2.0,1.0,1.0,1.0,0,0,0,0
H0152,2025-04,1.0,0.0,0.0,2.0,0,0,0,0
H0153,2025-04,2.0,1.0,1.0,1.0,0,0,0,0
H0154,2025-04,1.0,0.0,1.0,1.0,0,0,0,0
H0155,2025-04,2.0,1.0,0.0,0.0,0,0,0,0
H0156,2025-04,2.0,3.0,0.0,1.0,0,0,0,0
H0157,2025-04,0.0,1.0,0.0,0.0,0,0,0,0
H0158,2025-04,3.0,2.0,0.0,2.0,0,0,0,0
H0159,2025-04,4.0,1.0,1.0,2.0,0,0,0,0
H0160,2025-04,2.0,0.0,1.0,0.0,0,0,0,0
H0161,2025-04,2.0,1.0,1.0,1.0,1,0,0,0
H0162,2025-04,3.0,1.0,3.0,1.0,0,0,0,0
H0163,2025-04,0.0,2.0,1.0,1.0,0,0,0,1
H0164,2025-04,4.0,4.0,0.0,0.0,0,0,0,0
H0165,2025-04,3.0,1.0,2.0,1.0,0,1,0,0
H0166,2025-04,2.0,2.0,0.0,1.0,0,0,0,0
H0167,2025-04,3.0,0.0,0.0,2.0,0,0,1,0
H0168,2025-04,2.0,2.0,2.0,1.0,0,0,0,0
H0169,2025-04,4.0,0.0,0.0,2.0,0,0,0,0
H0170,2025-04,6.0,0.0,0.0,1.0,0,0,0,0
H0171,2025-04,4.0,1.0,0.0,1.0,0,0,0,0
H0172,2025-04,1.0,1.0,0.0,1.0,0,0,0,0
H0173,2025-04,2.0,2.0,0.0,0.0,0,0,0,0
H0174,2025-04,1.0,2.0,0.0,0.0,0,0,0,0
H0175,2025-04,2.0,4.0,0.0,4.0,0,0,0,0
H0176,2025-04,5.0,1.0,1.0,0.0,0,0,0,0
H0177,2025-04,2.0,4.0,0.0,1.0,1,0,0,1
H0178,2025-04,2.0,2.0,0.0,1.0,0,0,0,1
H0179,2025-04,1.0,1.0,0.0,0.0,0,0,0,0
H0180,2025-04,3.0,1.0,1.0,2.0,0,0,0,0
H0181,2025-04,2.0,1.0,0.0,0.0,0,0,0,0
H0182,2025-04,2.0,0.0,1.0,4.0,0,0,0,0
H0183,2025-04,2.0,1.0,2.0,1.0,0,0,0,0
H0184,2025-04,1.0,2.0,1.0,0.0,0,0,0,0
H0185,2025-04,2.0,1.0,1.0,0.0,0,0,0,0
H0186,2025-04,1.0,0.0,0.0,2.0,0,0,0,0
H0187,2025-04,3.0,1.0,2.0,1.0,0,0,0,0
H0188,2025-04,0.0,4.0,0.0,2.0,0,0,0,0
H0189,2025-04,3.0,1.0,2.0,1.0,0,0,0,0
H0190,2025-04,3.0,1.0,1.0,2.0,0,0,0,0
H0191,2025-04,1.0,1.0,0.0,0.0,0,0,0,0
H0192,2025-04,2.0,2.0,1.0,4.0,1,0,0,0
H0193,2025-04,2.0,0.0,1.0,0.0,0,0,0,0
H0194,2025-04,3.0,1.0,0.0,1.0,0,0,0,0
H0195,2025-04,1.0,2.0,1.0,0.0,0,0,0,0
H0196,2025-04,3.0,3.0,0.0,1.0,0,0,0,1
H0197,2025-04,0.0,2.0,0.0,0.0,0,0,0,0
H0198,2025-04,4.0,0.0,0.0,1.0,0,0,0,0
H0199,2025-04,4.0,1.0,0.0,2.0,0,0,0,0
H0200,2025-04,2.0,3.0,1.0,0.0,0,0,0,0
H0201,2025-04,4.0,1.0,0.0,3.0,0,1,0,0
H0202,2025-04,1.0,1.0,0.0,1.0,0,0,0,0
H0203,2025-04,3.0,1.0,1.0,0.0,0,0,0,0
H0204,2025-04,4.0,1.0,0.0,0.0,0,0,1,0
H0205,2025-04,2.0,0.0,0.0,0.0,0,0,0,0
H0206,2025-04,6.0,1.0,0.0,1.0,0,0,0,0
H0207,2025-04,0.0,1.0,2.0,1.0,0,0,0,0
H0208,2025-04,4.0,2.0,0.0,0.0,0,0,0,0
H0209,2025-04,3.0,1.0,1.0,1.0,0,0,0,0
H0210,2025-04,3.0,0.0,0.0,1.0,0,0,0,0
H0211,2025-04,4.0,1.0,0.0,2.0,0,0,0,0
H0212,2025-04,1.0,1.0,0.0,2.0,0,0,0,0
H0213,2025-04,0.0,1.0,1.0,2.0,0,0,0,0
H0214,2025-04,0.0,1.0,0.0,1.0,0,0,0,0
H0215,2025-04,2.0,0.0,0.0,0.0,0,0,0,0
H0216,2025-04,2.0,0.0,0.0,1.0,0,0,0,0
H0217,2025-04,1.0,1.0,0.0,0.0,0,0,0,0
H0218,2025-04,1.0,1.0,0.0,1.0,0,0,0,0
H0219,2025-04,4.0,0.0,1.0,1.0,0,0,0,0
H0220,2025-04,3.0,2.0,0.0,1.0,0,0,0,0
H0221,2025-04,2.0,1.0,0.0,0.0,0,1,0,0
H0222,2025-04,1.0,1.0,0.0,1.0,0,0,0,0
H0223,2025-04,2.0,0.0,1.0,2.0,0,0,0,0
H0224,2025-04,2.0,4.0,0.0,0.0,1,0,1,0
H0225,2025-04,0.0,0.0,0.0,2.0,0,0,0,0
H0226,2025-04,2.0,0.0,0.0,1.0,0,0,0,0
H0227,2025-04,1.0,2.0,1.0,1.0,0,0,0,0
H0228,2025-04,4.0,3.0,1.0,1.0,0,0,0,0
H0229,2025-04,0.0,1.0,1.0,1.0,0,0,0,0
H0230,2025-04,2.0,1.0,0.0,1.0,0,0,0,1
H0231,2025-04,3.0,2.0,0.0,1.0,0,0,0,0
H0232,2025-04,2.0,0.0,0.0,2.0,1,0,0,0
H0233,2025-04,2.0,4.0,0.0,0.0,0,0,0,0
H0234,2025-04,0.0,0.0,2.0,1.0,0,0,0,0
H0235,2025-04,3.0,1.0,1.0,0.0,0,0,0,0
H0236,2025-04,2.0,1.0,0.0,2.0,0,0,0,0
H0237,2025-04,3.0,1.0,0.0,0.0,0,1,0,0
H0238,2025-04,1.0,1.0,2.0,5.0,0,0,0,0
H0239,2025-04,1.0,1.0,1.0,2.0,0,0,0,0
H0240,2025-04,1.0,4.0,0.0,1.0,0,0,0,0
H0241,2025-04,1.0,1.0,2.0,1.0,0,0,0,0
H0242,2025-04,0.0,2.0,1.0,1.0,0,0,0,0
H0243,2025-04,2.0,3.0,0.0,0.0,0,0,0,0
H0244,2025-04,2.0,0.0,2.0,3.0,0,0,0,0
H0245,2025-04,2.0,0.0,1.0,0.0,0,0,0,0
H0246,2025-04,0.0,1.0,0.0,3.0,0,0,0,0
H0247,2025-04,1.0,1.0,0.0,0.0,0,0,0,0
H0248,2025-04,0.0,0.0,0.0,3.0,0,0,0,0
H0249,2025-04,1.0,3.0,1.0,0.0,0,0,0,0
H0250,2025-04,2.0,0.0,2.0,1.0,0,0,0,0
H0251,2025-04,4.0,1.0,2.0,1.0,0,0,0,0
H0252,2025-04,4.0,1.0,2.0,0.0,0,0,0,0
H0253,2025-04,1.0,3.0,1.0,1.0,0,0,0,0
H0254,2025-04,0.0,2.0,0.0,1.0,0,0,0,0
H0255,2025-04,1.0,0.0,0.0,1.0,0,0,0,0
H0256,2025-04,4.0,1.0,1.0,1.0,0,0,0,0
H0257,2025-04,0.0,1.0,0.0,1.0,0,0,0,0
H0258,2025-04,1.0,1.0,0.0,0.0,0,0,0,0
H0259,2025-04,3.0,3.0,1.0,1.0,0,0,0,0
H0260,2025-04,2.0,2.0,1.0,2.0,1,0,0,0
H0261,2025-04,0.0,1.0,2.0,1.0,0,0,0,0
H0262,2025-04,4.0,2.0,1.0,5.0,0,0,0,0
H0263,2025-04,1.0,1.0,2.0,0.0,0,0,0,0
H0264,2025-04,2.0,1.0,1.0,0.0,0,0,0,0
H0265,2025-04,2.0,1.0,1.0,2.0,0,1,0,0
H0266,2025-04,2.0,1.0,0.0,2.0,0,0,0,0
H0267,2025-04,3.0,0.0,0.0,1.0,0,0,0,0
H0268,2025-04,4.0,1.0,1.0,0.0,0,0,0,0
H0269,2025-04,2.0,1.0,0.0,1.0,0,0,0,0
H0270,2025-04,1.0,2.0,0.0,1.0,0,0,0,0
H0271,2025-04,4.0,1.0,1.0,1.0,0,0,0,0
H0272,2025-04,2.0,1.0,0.0,0.0,0,0,1,0
H0273,2025-04,1.0,2.0,0.0,0.0,0,0,0,0
H0274,2025-04,2.0,1.0,0.0,0.0,0,1,0,0
H0275,2025-04,1.0,1.0,1.0,0.0,0,0,0,0
H0276,2025-04,1.0,0.0,0.0,1.0,0,0,0,0
H0277,2025-04,3.0,2.0,0.0,1.0,0,0,0,0
H0278,2025-04,6.0,1.0,2.0,1.0,0,1,0,1
H0279,2025-04,2.0,3.0,1.0,1.0,0,0,0,0
H0280,2025-04,2.0,1.0,1.0,3.0,0,0,0,0
H0281,2025-04,3.0,1.0,0.0,1.0,0,1,0,0
H0282,2025-04,0.0,2.0,2.0,1.0,0,0,0,0
H0283,2025-04,1.0,2.0,0.0,0.0,0,0,0,0
H0284,2025-04,2.0,0.0,2.0,1.0,0,0,0,0
H0285,2025-04,1.0,0.0,1.0,1.0,0,0,0,0
H0286,2025-04,4.0,1.0,2.0,1.0,0,0,0,0
H0287,2025-04,3.0,3.0,0.0,1.0,0,0,0,0
H0288,2025-04,1.0,1.0,1.0,2.0,0,0,0,0
H0289,2025-04,1.0,2.0,0.0,2.0,0,0,0,0
H0290,2025-04,4.0,0.0,0.0,2.0,0,0,0,0
H0291,2025-04,6.0,4.0,0.0,0.0,0,0,0,0
H0292,2025-04,3.0,1.0,1.0,0.0,0,0,0,0
H0293,2025-04,2.0,1.0,2.0,0.0,0,0,0,0
H0294,2025-04,3.0,0.0,0.0,0.0,0,0,0,0
H0295,2025-04,3.0,1.0,0.0,0.0,0,1,0,0
H0296,2025-04,0.0,0.0,0.0,3.0,0,0,1,0
H0297,2025-04,3.0,2.0,1.0,0.0,0,0,0,0
H0298,2025-04,0.0,1.0,1.0,1.0,0,0,0,0
H0299,2025-04,1.0,1.0,0.0,0.0,0,0,0,0
H0300,2025-04,0.0,3.0,0.0,2.0,0,0,0,0
H0301,2025-04,1.0,0.0,0.0,2.0,0,0,0,0
H0302,2025-04,1.0,0.0,1.0,2.0,0,0,0,0
H0303,2025-04,0.0,3.0,1.0,2.0,0,0,0,0
H0304,2025-04,3.0,1.0,0.0,1.0,0,0,0,0
H0305,2025-04,1.0,2.0,1.0,0.0,0,0,0,0
H0306,2025-04,4.0,0.0,0.0,0.0,0,0,1,0
H0307,2025-04,1.0,2.0,0.0,0.0,0,0,0,0
H0308,2025-04,2.0,2.0,2.0,1.0,0,0,0,0
H0309,2025-04,2.0,2.0,0.0,0.0,0,0,0,0
H0310,2025-04,1.0,2.0,1.0,0.0,0,0,0,0
H0311,2025-04,2.0,0.0,1.0,2.0,0,0,0,0
H0312,2025-04,1.0,1.0,0.0,1.0,0,0,0,0
H0313,2025-04,3.0,2.0,1.0,0.0,0,0,0,0
H0314,2025-04,3.0,1.0,1.0,0.0,0,0,0,0
H0315,2025-04,0.0,2.0,0.0,1.0,0,0,1,0
H0316,2025-04,2.0,2.0,1.0,1.0,0,0,0,0
H0317,2025-04,4.0,0.0,1.0,1.0,0,0,0,0
H0318,2025-04,3.0,1.0,0.0,1.0,0,1,0,0
H0319,2025-04,1.0,0.0,0.0,0.0,0,0,0,0
H0320,2025-04,2.0,2.0,0.0,1.0,0,0,0,0
H0321,2025-04,2.0,0.0,0.0,1.0,0,0,0,0
H0322,2025-04,2.0,0.0,0.0,1.0,1,0,0,0
H0323,2025-04,2.0,0.0,0.0,1.0,0,0,0,0
H0324,2025-04,2.0,3.0,0.0,0.0,0,0,0,0
H0325,2025-04,2.0,4.0,0.0,1.0,0,0,0,1
H0326,2025-04,6.0,3.0,2.0,1.0,0,0,0,1
H0327,2025-04,7.0,1.0,1.0,2.0,0,1,0,0
H0328,2025-04,3.0,3.0,0.0,0.0,0,0,0,0
H0329,2025-04,1.0,3.0,0.0,1.0,0,0,0,0
H0330,2025-04,4.0,3.0,0.0,2.0,0,0,0,0
H0331,2025-04,3.0,1.0,0.0,1.0,0,0,0,0
H0332,2025-04,2.0,0.0,1.0,0.0,0,0,0,0
H0333,2025-04,3.0,1.0,0.0,0.0,0,0,0,0
H0334,2025-04,1.0,0.0,0.0,1.0,0,0,0,1
H0335,2025-04,1.0,2.0,1.0,0.0,0,0,0,0
H0336,2025-04,2.0,1.0,1.0,2.0,0,0,0,0
H0337,2025-04,1.0,1.0,1.0,0.0,0,1,0,0
H0338,2025-04,2.0,0.0,0.0,0.0,1,0,0,0
H0339,2025-04,2.0,0.0,1.0,0.0,0,0,0,0
H0340,2025-04,0.0,2.0,0.0,4.0,0,0,0,0
H0341,2025-04,2.0,1.0,0.0,3.0,1,0,0,0
H0342,2025-04,3.0,1.0,0.0,0.0,0,0,0,0
H0343,2025-04,2.0,1.0,0.0,0.0,0,0,0,0
H0344,2025-04,2.0,0.0,0.0,1.0,0,0,0,0
H0345,2025-04,2.0,0.0,2.0,0.0,0,0,0,0
H0346,2025-04,4.0,4.0,2.0,0.0,0,0,0,0
H0347,2025-04,1.0,3.0,0.0,1.0,0,0,0,0
H0348,2025-04,1.0,0.0,1.0,1.0,0,0,0,0
H0349,2025-04,2.0,0.0,1.0,0.0,0,0,0,0
H0350,2025-04,1.0,3.0,1.0,1.0,0,0,0,0
H0351,2025-04,3.0,0.0,0.0,2.0,0,0,0,0
H0352,2025-04,0.0,3.0,0.0,0.0,0,0,0,0
H0353,2025-04,2.0,2.0,0.0,0.0,0,0,0,0
H0354,2025-04,4.0,1.0,0.0,2.0,0,1,0,0
H0355,2025-04,1.0,1.0,0.0,2.0,0,0,0,0
H0356,2025-04,3.0,1.0,1.0,0.0,0,0,0,0
H0357,2025-04,3.0,0.0,0.0,0.0,0,0,0,0
H0358,2025-04,2.0,1.0,0.0,1.0,0,0,0,0
H0359,2025-04,1.0,0.0,0.0,2.0,0,0,0,0
H0360,2025-04,1.0,2.0,3.0,1.0,0,0,0,0
H0361,2025-04,3.0,0.0,1.0,1.0,0,0,0,0
H0362,2025-04,2.0,1.0,1.0,2.0,0,1,0,0
H0363,2025-04,2.0,0.0,0.0,1.0,0,0,0,0
H0364,2025-04,3.0,1.0,0.0,2.0,0,0,1,0
H0365,2025-04,3.0,0.0,0.0,1.0,0,0,0,0
H0366,2025-04,1.0,0.0,1.0,1.0,0,0,0,0
H0367,2025-04,5.0,0.0,1.0,1.0,0,0,0,0
H0368,2025-04,0.0,0.0,0.0,0.0,0,0,0,0
H0369,2025-04,3.0,1.0,0.0,1.0,0,0,0,1
H0370,2025-04,1.0,0.0,2.0,3.0,0,0,0,0
H0371,2025-04,2.0,0.0,0.0,2.0,0,0,0,0
H0372,2025-04,1.0,2.0,1.0,1.0,0,0,0,0
H0373,2025-04,0.0,1.0,0.0,0.0,0,0,0,0
H0374,2025-04,2.0,1.0,1.0,0.0,0,0,0,0
H0375,2025-04,2.0,2.0,0.0,2.0,0,0,1,0
H0376,2025-04,0.0,1.0,0.0,3.0,0,0,0,0
H0377,2025-04,2.0,1.0,0.0,1.0,0,0,0,0
H0378,2025-04,2.0,1.0,2.0,1.0,0,0,0,0
H0379,2025-04,1.0,0.0,0.0,0.0,0,0,0,0
H0380,2025-04,1.0,0.0,0.0,1.0,0,0,0,1
H0381,2025-04,2.0,1.0,1.0,0.0,0,0,0,0
H0382,2025-04,2.0,2.0,1.0,0.0,0,0,0,0
H0383,2025-04,4.0,3.0,0.0,2.0,0,0,0,0
H0384,2025-04,4.0,0.0,0.0,3.0,0,0,0,0
H0385,2025-04,4.0,1.0,2.0,1.0,0,1,0,0
H0386,2025-04,1.0,2.0,0.0,3.0,0,0,0,0
H0387,2025-04,1.0,1.0,1.0,0.0,0,0,0,0
H0388,2025-04,3.0,0.0,1.0,0.0,0,0,0,0
H0389,2025-04,3.0,0.0,0.0,0.0,0,0,0,0
H0390,2025-04,1.0,1.0,0.0,1.0,0,0,0,0
H0391,2025-04,3.0,3.0,0.0,0.0,0,0,0,0
H0392,2025-04,1.0,2.0,1.0,1.0,0,0,0,0
H0393,2025-04,1.0,0.0,1.0,0.0,0,0,0,0
H0394,2025-04,2.0,0.0,0.0,0.0,1,0,0,0
H0395,2025-04,1.0,0.0,3.0,0.0,0,0,0,0
H0396,2025-04,4.0,0.0,1.0,1.0,0,0,0,0
H0397,2025-04,1.0,2.0,0.0,2.0,0,0,0,0
H0398,2025-04,1.0,0.0,1.0,1.0,0,0,0,0
H0399,2025-04,3.0,0.0,0.0,1.0,0,0,0,0
H0400,2025-04,3.0,2.0,0.0,1.0,0,0,0,0
H0401,2025-04,2.0,3.0,1.0,0.0,0,0,0,0
H0402,2025-04,2.0,0.0,0.0,0.0,0,0,0,0
H0403,2025-04,1.0,0.0,1.0,1.0,0,0,0,0
H0404,2025-04,4.0,1.0,2.0,2.0,0,0,0,0
H0405,2025-04,0.0,0.0,0.0,1.0,0,0,0,0
H0406,2025-04,0.0,1.0,0.0,2.0,0,0,0,0
H0407,2025-04,2.0,2.0,0.0,2.0,0,0,0,0
H0408,2025-04,5.0,1.0,0.0,2.0,0,1,0,0
H0409,2025-04,2.0,0.0,1.0,1.0,0,0,0,0
H0410,2025-04,2.0,0.0,0.0,1.0,0,0,0,0
H0411,2025-04,2.0,2.0,3.0,0.0,0,0,0,0
H0412,2025-04,2.0,0.0,1.0,3.0,0,0,0,0
H0413,2025-04,1.0,0.0,0.0,2.0,0,0,0,0
H0414,2025-04,2.0,3.0,1.0,1.0,0,0,0,0
H0415,2025-04,2.0,1.0,0.0,0.0,0,0,0,0
H0416,2025-04,1.0,1.0,0.0,0.0,0,0,0,0
H0417,2025-04,0.0,1.0,2.0,0.0,0,0,0,0
H0418,2025-04,5.0,0.0,0.0,2.0,0,0,0,0
H0419,2025-04,1.0,1.0,0.0,2.0,0,0,1,0
H0420,2025-04,0.0,1.0,0.0,3.0,0,0,0,0
H0421,2025-04,5.0,0.0,1.0,1.0,0,0,0,0
H0422,2025-04,2.0,0.0,0.0,0.0,0,0,0,0
H0423,2025-04,4.0,1.0,0.0,2.0,0,0,0,0
H0424,2025-04,2.0,0.0,3.0,0.0,0,0,0,0
H0425,2025-04,0.0,0.0,1.0,0.0,0,0,0,0
H0426,2025-04,2.0,1.0,0.0,2.0,0,0,0,0
H0427,2025-04,1.0,0.0,0.0,0.0,0,0,0,0
H0428,2025-04,0.0,0.0,2.0,3.0,0,0,0,0
H0429,2025-04,5.0,1.0,0.0,1.0,0,0,0,0
H0430,2025-04,2.0,0.0,0.0,3.0,0,0,1,0
H0431,2025-04,2.0,0.0,1.0,2.0,0,0,0,0
H0432,2025-04,3.0,1.0,0.0,1.0,0,0,0,1
H0433,2025-04,1.0,1.0,0.0,0.0,0,0,0,0
H0434,2025-04,2.0,3.0,1.0,1.0,0,0,0,1
H0435,2025-04,3.0,0.0,2.0,1.0,0,0,0,0
H0436,2025-04,3.0,0.0,0.0,3.0,0,0,0,0
H0437,2025-04,0.0,2.0,1.0,3.0,0,0,0,0
H0438,2025-04,1.0,2.0,1.0,1.0,0,0,0,0
H0439,2025-04,2.0,0.0,1.0,1.0,0,0,0,0
H0440,2025-04,1.0,3.0,0.0,3.0,0,0,0,0
H0441,2025-04,2.0,0.0,1.0,1.0,1,0,0,0
H0442,2025-04,4.0,0.0,1.0,0.0,0,0,0,0
H0443,2025-04,1.0,3.0,1.0,0.0,0,0,0,0
H0444,2025-04,3.0,2.0,1.0,2.0,0,0,0,0
H0445,2025-04,3.0,1.0,1.0,0.0,0,0,0,0
H0446,2025-04,2.0,2.0,0.0,1.0,0,0,0,0
H0447,2025-04,1.0,0.0,1.0,1.0,0,0,0,0
H0448,2025-04,1.0,3.0,1.0,0.0,0,0,0,0
H0449,2025-04,4.0,2.0,0.0,1.0,0,0,0,0
H0450,2025-04,2.0,0.0,0.0,1.0,0,0,0,0
H0451,2025-04,2.0,2.0,0.0,2.0,0,0,0,0
H0452,2025-04,2.0,2.0,2.0,1.0,0,0,0,0
H0453,2025-04,2.0,0.0,0.0,2.0,0,0,0,0
H0454,2025-04,5.0,0.0,1.0,0.0,0,0,0,0
H0455,2025-04,3.0,1.0,0.0,1.0,0,0,1,0
H0456,2025-04,0.0,2.0,1.0,0.0,0,0,0,0
H0457,2025-04,2.0,1.0,1.0,0.0,0,0,0,0
H0458,2025-04,2.0,0.0,1.0,2.0,0,0,0,0
H0459,2025-04,1.0,3.0,0.0,1.0,0,0,1,0
H0460,2025-04,2.0,0.0,1.0,0.0,0,0,0,0
H0461,2025-04,3.0,1.0,1.0,1.0,0,0,0,0
H0462,2025-04,2.0,0.0,0.0,0.0,1,0,0,0
H0463,2025-04,3.0,0.0,0.0,0.0,0,0,0,0
H0464,2025-04,2.0,0.0,2.0,2.0,0,0,0,0
H0465,2025-04,5.0,3.0,0.0,0.0,0,0,0,0
H0466,2025-04,3.0,1.0,3.0,0.0,0,1,0,0
H0467,2025-04,1.0,1.0,1.0,2.0,0,1,0,0
H0468,2025-04,2.0,2.0,1.0,1.0,0,0,0,0
H0469,2025-04,1.0,0.0,0.0,0.0,0,0,0,0
H0470,2025-04,1.0,1.0,3.0,1.0,0,0,0,0
H0471,2025-04,0.0,2.0,0.0,1.0,0,0,0,0
H0472,2025-04,1.0,1.0,1.0,2.0,0,0,0,0
H0473,2025-04,3.0,1.0,0.0,0.0,0,1,0,0
H0474,2025-04,3.0,0.0,1.0,1.0,0,0,0,0
H0475,2025-04,0.0,3.0,1.0,2.0,0,0,0,0
H0476,2025-04,1.0,1.0,0.0,1.0,0,0,0,0
H0477,2025-04,3.0,0.0,1.0,0.0,0,0,0,0
H0478,2025-04,2.0,0.0,0.0,0.0,0,0,0,0
H0479,2025-04,2.0,2.0,1.0,3.0,0,0,0,0
H0480,2025-04,3.0,2.0,2.0,0.0,0,0,0,0
H0481,2025-04,1.0,0.0,1.0,1.0,0,0,0,0
H0482,2025-04,0.0,4.0,0.0,0.0,0,0,0,0
H0483,2025-04,1.0,4.0,0.0,1.0,0,0,0,0
H0484,2025-04,4.0,1.0,2.0,1.0,0,0,0,0
H0485,2025-04,2.0,1.0,0.0,2.0,0,0,0,0
H0486,2025-04,6.0,0.0,1.0,0.0,0,0,0,0
H0487,2025-04,1.0,0.0,1.0,1.0,0,0,0,0
H0488,2025-04,2.0,2.0,0.0,1.0,0,0,0,0
H0489,2025-04,1.0,2.0,0.0,0.0,0,0,0,0
H0490,2025-04,0.0,3.0,3.0,1.0,0,0,0,0
H0491,2025-04,0.0,0.0,0.0,0.0,0,0,0,0
H0492,2025-04,3.0,1.0,1.0,0.0,0,0,0,0
H0493,2025-04,1.0,0.0,0.0,3.0,0,0,0,0
H0494,2025-04,1.0,2.0,1.0,1.0,0,0,0,0
H0495,2025-04,1.0,1.0,0.0,0.0,0,0,0,0
H0496,2025-04,3.0,0.0,0.0,1.0,0,0,0,0
H0497,2025-04,0.0,1.0,0.0,3.0,0,0,0,0
H0498,2025-04,1.0,3.0,1.0,0.0,0,0,0,0
H0499,2025-04,0.0,2.0,1.0,1.0,0,0,0,0
H0500,2025-04,3.0,1.0,0.0,2.0,0,0,0,0
H0501,2025-04,1.0,0.0,1.0,0.0,0,0,0,0
H0502,2025-04,1.0,2.0,0.0,2.0,0,0,0,0
H0503,2025-04,1.0,1.0,3.0,0.0,0,0,0,0
H0504,2025-04,4.0,2.0,1.0,0.0,0,0,0,0
H0505,2025-04,1.0,1.0,0.0,0.0,0,0,0,0
H0506,2025-04,2.0,2.0,0.0,0.0,0,0,0,0
H0507,2025-04,0.0,1.0,2.0,1.0,0,0,0,0
H0508,2025-04,2.0,4.0,0.0,0.0,0,0,0,0
H0509,2025-04,3.0,0.0,0.0,0.0,0,0,0,0
H0510,2025-04,3.0,1.0,0.0,2.0,0,0,0,0
H0511,2025-04,3.0,2.0,2.0,1.0,0,0,0,0
H0512,2025-04,2.0,0.0,0.0,1.0,0,0,1,1
H0513,2025-04,1.0,2.0,0.0,0.0,0,0,0,0
H0514,2025-04,2.0,1.0,1.0,1.0,0,0,0,0
H0515,2025-04,3.0,3.0,0.0,2.0,0,0,0,0
H0516,2025-04,2.0,0.0,0.0,2.0,0,0,0,0
H0517,2025-04,1.0,0.0,1.0,0.0,0,0,0,0
H0518,2025-04,0.0,1.0,0.0,1.0,0,0,0,0
H0519,2025-04,6.0,3.0,0.0,0.0,0,0,0,0
H0520,2025-04,2.0,2.0,1.0,1.0,0,0,0,0
H0521,2025-04,2.0,0.0,0.0,0.0,0,0,0,0
H0522,2025-04,2.0,0.0,0.0,1.0,0,0,0,0
H0523,2025-04,0.0,0.0,0.0,3.0,0,0,0,0
H0524,2025-04,1.0,1.0,1.0,2.0,0,1,0,0
H0525,2025-04,0.0,2.0,0.0,0.0,0,0,0,0
H0526,2025-04,2.0,0.0,0.0,2.0,0,0,1,0
H0527,2025-04,1.0,1.0,1.0,1.0,0,0,0,0
H0528,2025-04,0.0,1.0,0.0,2.0,0,0,0,0
H0529,2025-04,2.0,2.0,1.0,0.0,0,0,0,0
H0530,2025-04,1.0,0.0,1.0,1.0,0,0,0,0
H0531,2025-04,1.0,0.0,0.0,2.0,0,0,0,0
H0532,2025-04,2.0,1.0,0.0,1.0,0,0,0,0
H0533,2025-04,3.0,1.0,1.0,1.0,0,0,0,0
H0534,2025-04,3.0,1.0,1.0,2.0,0,0,0,0
H0535,2025-04,0.0,0.0,0.0,0.0,0,0,0,0
H0536,2025-04,2.0,1.0,1.0,1.0,0,0,0,0
H0537,2025-04,2.0,2.0,0.0,2.0,0,0,0,0
H0538,2025-04,2.0,0.0,1.0,0.0,0,0,0,0
H0539,2025-04,3.0,2.0,0.0,0.0,0,0,1,0
H0540,2025-04,3.0,0.0,1.0,1.0,0,0,0,0
H0541,2025-04,1.0,0.0,1.0,1.0,0,0,0,0
H0542,2025-04,1.0,0.0,1.0,1.0,0,0,0,0
H0543,2025-04,4.0,2.0,1.0,0.0,0,0,0,0
H0544,2025-04,2.0,2.0,2.0,0.0,0,0,0,0
H0545,2025-04,1.0,3.0,0.0,1.0,0,0,0,0
H0546,2025-04,1.0,0.0,1.0,0.0,0,0,0,0
H0547,2025-04,3.0,0.0,1.0,1.0,0,0,0,0
H0548,2025-04,2.0,1.0,1.0,0.0,0,1,0,0
H0549,2025-04,1.0,0.0,1.0,0.0,0,0,0,0
H0550,2025-04,1.0,1.0,1.0,1.0,0,0,0,0
H0551,2025-04,1.0,1.0,1.0,1.0,0,0,0,0
H0552,2025-04,4.0,3.0,0.0,1.0,0,0,0,0
H0553,2025-04,1.0,0.0,0.0,3.0,0,0,1,0
H0554,2025-04,4.0,1.0,0.0,0.0,0,0,0,0
H0555,2025-04,1.0,2.0,1.0,0.0,0,0,0,0
H0556,2025-04,1.0,2.0,0.0,3.0,0,0,0,0
H0557,2025-04,1.0,2.0,2.0,1.0,0,0,0,0
H0558,2025-04,4.0,1.0,0.0,0.0,0,1,0,0
H0559,2025-04,2.0,1.0,0.0,1.0,0,0,0,0
H0560,2025-04,0.0,0.0,2.0,0.0,0,0,0,0
H0561,2025-04,1.0,1.0,0.0,1.0,0,0,0,0
H0562,2025-04,2.0,1.0,1.0,3.0,0,0,0,0
H0563,2025-04,0.0,1.0,0.0,0.0,0,0,0,0
H0564,2025-04,1.0,1.0,3.0,2.0,0,1,0,0
H0565,2025-04,0.0,1.0,0.0,0.0,0,0,0,0
H0566,2025-04,1.0,1.0,1.0,1.0,0,0,0,0
H0567,2025-04,1.0,1.0,1.0,3.0,0,0,0,0
H0568,2025-04,5.0,2.0,1.0,1.0,0,0,0,1
H0569,2025-04,1.0,1.0,2.0,0.0,0,0,0,0
H0570,2025-04,1.0,3.0,0.0,0.0,0,0,0,0
H0571,2025-04,3.0,1.0,1.0,0.0,0,0,0,0
H0572,2025-04,2.0,0.0,0.0,1.0,0,0,0,0
H0573,2025-04,2.0,2.0,2.0,0.0,0,0,0,0
H0574,2025-04,2.0,0.0,0.0,0.0,0,0,0,0
H0575,2025-04,4.0,1.0,0.0,1.0,0,0,0,0
H0576,2025-04,1.0,0.0,0.0,2.0,0,0,0,0
H0577,2025-04,1.0,1.0,0.0,3.0,0,0,0,0
H0578,2025-04,3.0,0.0,0.0,0.0,0,0,0,0
H0579,2025-04,0.0,1.0,0.0,1.0,0,0,0,0
H0580,2025-04,2.0,2.0,0.0,0.0,0,0,0,0
H0581,2025-04,5.0,1.0,0.0,0.0,0,0,1,0
H0582,2025-04,3.0,0.0,0.0,3.0,0,0,0,0
H0583,2025-04,2.0,1.0,2.0,0.0,0,0,0,0
H0584,2025-04,2.0,0.0,1.0,2.0,0,0,0,0
H0585,2025-04,1.0,0.0,1.0,0.0,0,0,0,0
H0586,2025-04,8.0,3.0,1.0,3.0,0,0,0,0
H0587,2025-04,2.0,1.0,0.0,1.0,0,0,0,0
H0588,2025-04,2.0,0.0,2.0,1.0,0,0,0,0
H0589,2025-04,1.0,2.0,1.0,0.0,0,0,0,0
H0590,2025-04,2.0,1.0,0.0,2.0,0,0,0,0
H0591,2025-04,2.0,2.0,0.0,1.0,0,0,0,0
H0592,2025-04,1.0,1.0,2.0,0.0,0,0,0,0
H0593,2025-04,2.0,0.0,0.0,0.0,0,0,0,0
H0594,2025-04,2.0,1.0,0.0,2.0,0,0,1,0
H0595,2025-04,0.0,0.0,1.0,1.0,0,0,0,0
H0596,2025-04,1.0,0.0,0.0,1.0,0,0,0,0
H0597,2025-04,2.0,1.0,0.0,1.0,0,0,0,0
H0598,2025-04,2.0,4.0,0.0,2.0,1,0,0,0
H0599,2025-04,3.0,1.0,1.0,3.0,0,0,0,0
H0600,2025-04,6.0,1.0,1.0,1.0,0,0,0,0
C0001,2025-04,2.0,0.0,0.0,0.0,0,0,0,0
C0002,2025-04,4.0,2.0,1.0,1.0,0,0,0,0
C0003,2025-04,0.0,2.0,0.0,1.0,0,0,0,0
C0004,2025-04,3.0,1.0,1.0,0.0,0,0,0,0
C0005,2025-04,1.0,1.0,1.0,2.0,0,0,0,0
C0006,2025-04,1.0,2.0,0.0,0.0,0,0,0,0
C0007,2025-04,4.0,1.0,0.0,1.0,0,0,0,0
C0008,2025-04,1.0,0.0,0.0,1.0,0,0,0,0
C0009,2025-04,3.0,2.0,1.0,0.0,0,0,0,0
C0010,2025-04,1.0,0.0,1.0,1.0,0,0,0,0
C0011,2025-04,0.0,2.0,0.0,0.0,0,0,0,0
C0012,2025-04,2.0,0.0,1.0,1.0,0,0,0,0
C0013,2025-04,0.0,3.0,0.0,0.0,0,0,0,0
C0014,2025-04,1.0,0.0,1.0,0.0,0,0,0,0
C0015,2025-04,3.0,2.0,0.0,2.0,0,0,0,0
C0016,2025-04,0.0,1.0,1.0,0.0,0,0,0,0
C0017,2025-04,1.0,0.0,1.0,1.0,0,0,0,0
C0018,2025-04,2.0,0.0,0.0,1.0,0,0,0,1
C0019,2025-04,1.0,3.0,0.0,1.0,0,0,0,0
C0020,2025-04,2.0,1.0,1.0,1.0,0,0,0,0
C0021,2025-04,3.0,2.0,1.0,2.0,0,0,0,0
C0022,2025-04,0.0,1.0,0.0,1.0,0,0,0,0
C0023,2025-04,3.0,1.0,0.0,2.0,0,0,0,0
C0024,2025-04,1.0,2.0,0.0,0.0,0,0,0,0
C0025,2025-04,2.0,1.0,0.0,1.0,0,0,0,0
C0026,2025-04,1.0,1.0,0.0,0.0,0,0,0,0
C0027,2025-04,5.0,1.0,0.0,3.0,0,0,0,0
C0028,2025-04,1.0,1.0,1.0,0.0,0,0,0,0
C0029,2025-04,2.0,3.0,1.0,1.0,0,0,0,0
C0030,2025-04,3.0,1.0,0.0,2.0,0,0,1,0
C0031,2025-04,1.0,1.0,0.0,1.0,0,0,0,0
C0032,2025-04,4.0,1.0,1.0,1.0,0,0,0,0
C0033,2025-04,1.0,1.0,1.0,0.0,0,0,0,0
C0034,2025-04,4.0,3.0,1.0,0.0,0,0,0,0
C0035,2025-04,1.0,1.0,0.0,2.0,0,0,0,0
C0036,2025-04,1.0,1.0,1.0,2.0,0,0,0,0
C0037,2025-04,2.0,1.0,0.0,1.0,0,0,0,0
C0038,2025-04,4.0,0.0,0.0,1.0,0,0,0,0
C0039,2025-04,2.0,1.0,2.0,3.0,0,0,0,0
C0040,2025-04,4.0,1.0,1.0,1.0,0,0,0,0
C0041,2025-04,3.0,1.0,0.0,0.0,0,0,0,0
C0042,2025-04,4.0,3.0,1.0,1.0,0,0,0,0
C0043,2025-04,2.0,1.0,0.0,1.0,0,0,0,0
C0044,2025-04,4.0,1.0,0.0,0.0,0,0,0,0
C0045,2025-04,2.0,1.0,2.0,0.0,0,0,0,0
C0046,2025-04,0.0,1.0,2.0,1.0,0,0,0,1
C0047,2025-04,3.0,3.0,0.0,0.0,0,0,0,0
C0048,2025-04,2.0,1.0,0.0,1.0,0,0,0,0
C0049,2025-04,1.0,2.0,0.0,1.0,0,0,0,1
C0050,2025-04,2.0,0.0,0.0,0.0,0,0,0,0
C0051,2025-04,3.0,1.0,0.0,1.0,0,0,0,0
C0052,2025-04,2.0,1.0,0.0,2.0,0,0,1,0
C0053,2025-04,2.0,1.0,0.0,3.0,0,0,0,0
C0054,2025-04,0.0,0.0,0.0,0.0,0,0,0,0
C0055,2025-04,2.0,0.0,0.0,1.0,0,0,0,0
C0056,2025-04,2.0,1.0,0.0,1.0,0,0,1,1
C0057,2025-04,1.0,1.0,0.0,2.0,0,1,0,0
C0058,2025-04,1.0,0.0,1.0,2.0,0,0,0,0
C0059,2025-04,2.0,1.0,0.0,0.0,1,0,0,0
C0060,2025-04,0.0,2.0,0.0,0.0,0,0,0,0
C0061,2025-04,1.0,1.0,1.0,1.0,0,0,0,0
C0062,2025-04,2.0,1.0,0.0,0.0,0,0,0,0
C0063,2025-04,0.0,3.0,1.0,0.0,0,0,0,0
C0064,2025-04,5.0,1.0,0.0,1.0,0,0,0,0
C0065,2025-04,2.0,0.0,1.0,1.0,0,0,0,0
C0066,2025-04,2.0,1.0,2.0,1.0,0,0,0,0
C0067,2025-04,2.0,1.0,0.0,2.0,0,0,0,0
C0068,2025-04,3.0,1.0,0.0,0.0,0,0,0,0
C0069,2025-04,3.0,1.0,0.0,2.0,0,0,0,0
C0070,2025-04,0.0,1.0,2.0,1.0,0,0,0,0
C0071,2025-04,4.0,0.0,0.0,5.0,0,0,0,0
C0072,2025-04,3.0,1.0,2.0,0.0,0,0,0,0
C0073,2025-04,2.0,1.0,1.0,1.0,0,0,0,0
C0074,2025-04,3.0,2.0,1.0,0.0,0,0,0,0
C0075,2025-04,3.0,2.0,0.0,1.0,0,0,0,0
C0076,2025-04,3.0,0.0,0.0,1.0,0,0,0,0
C0077,2025-04,3.0,2.0,0.0,3.0,0,0,0,0
C0078,2025-04,4.0,1.0,0.0,1.0,0,0,0,0
C0079,2025-04,1.0,1.0,1.0,0.0,0,0,0,0
C0080,2025-04,1.0,0.0,1.0,0.0,0,0,0,0
C0081,2025-04,0.0,1.0,0.0,1.0,0,0,0,1
C0082,2025-04,4.0,3.0,0.0,1.0,0,0,0,0
C0083,2025-04,1.0,1.0,1.0,0.0,0,0,0,0
C0084,2025-04,1.0,1.0,0.0,1.0,0,0,0,0
C0085,2025-04,1.0,2.0,1.0,0.0,0,0,0,0
C0086,2025-04,1.0,0.0,1.0,0.0,0,0,0,0
C0087,2025-04,1.0,1.0,0.0,0.0,0,0,0,0
C0088,2025-04,1.0,1.0,0.0,1.0,0,0,0,0
C0089,2025-04,0.0,2.0,0.0,2.0,0,0,0,0
C0090,2025-04,2.0,0.0,2.0,0.0,0,0,0,0
C0091,2025-04,0.0,0.0,0.0,0.0,0,0,0,0
C0092,2025-04,0.0,0.0,0.0,2.0,0,0,0,0
C0093,2025-04,4.0,0.0,1.0,0.0,0,0,0,0
C0094,2025-04,1.0,0.0,0.0,0.0,0,0,0,0
C0095,2025-04,1.0,1.0,0.0,1.0,0,0,0,0
C0096,2025-04,0.0,2.0,0.0,0.0,0,0,0,0
C0097,2025-04,0.0,2.0,0.0,2.0,0,0,0,0
C0098,2025-04,3.0,0.0,1.0,1.0,0,0,0,0
C0099,2025-04,4.0,1.0,0.0,0.0,0,0,0,0
C0100,2025-04,2.0,4.0,0.0,2.0,1,0,0,0
C0101,2025-04,2.0,3.0,0.0,5.0,0,0,0,0
C0102,2025-04,6.0,2.0,0.0,2.0,0,0,0,0
C0103,2025-04,1.0,2.0,1.0,0.0,0,0,0,0
C0104,2025-04,2.0,2.0,0.0,1.0,0,0,0,0
C0105,2025-04,1.0,2.0,1.0,3.0,0,0,0,0
C0106,2025-04,2.0,0.0,2.0,0.0,0,0,0,0
C0107,2025-04,3.0,0.0,1.0,1.0,0,0,0,0
C0108,2025-04,3.0,0.0,0.0,1.0,0,0,0,0
C0109,2025-04,2.0,0.0,0.0,1.0,0,0,0,0
C0110,2025-04,0.0,0.0,3.0,1.0,0,0,0,0
C0111,2025-04,5.0,0.0,1.0,0.0,0,0,0,0
C0112,2025-04,5.0,1.0,1.0,0.0,0,1,0,0
C0113,2025-04,2.0,1.0,0.0,3.0,0,0,0,0
C0114,2025-04,2.0,1.0,1.0,2.0,0,0,0,0
C0115,2025-04,3.0,1.0,1.0,1.0,0,0,0,0
C0116,2025-04,3.0,0.0,0.0,0.0,0,0,0,0
C0117,2025-04,0.0,0.0,1.0,1.0,0,0,0,0
C0118,2025-04,1.0,1.0,1.0,2.0,0,0,0,0
C0119,2025-04,1.0,2.0,0.0,1.0,0,0,0,0
C0120,2025-04,1.0,2.0,0.0,0.0,0,0,0,0
C0121,2025-04,2.0,1.0,0.0,0.0,0,0,1,0
C0122,2025-04,1.0,1.0,1.0,0.0,0,0,0,0
C0123,2025-04,2.0,2.0,0.0,2.0,1,0,0,0
C0124,2025-04,3.0,2.0,0.0,0.0,0,0,0,0
C0125,2025-04,1.0,3.0,0.0,0.0,0,0,1,0
C0126,2025-04,2.0,2.0,0.0,0.0,0,0,0,0
C0127,2025-04,2.0,1.0,0.0,1.0,0,0,0,0
C0128,2025-04,1.0,2.0,0.0,1.0,0,0,0,0
C0129,2025-04,0.0,0.0,0.0,0.0,0,0,0,0
C0130,2025-04,2.0,0.0,0.0,2.0,0,0,0,0
C0131,2025-04,4.0,0.0,1.0,1.0,0,0,0,0
C0132,2025-04,0.0,0.0,0.0,1.0,0,0,0,0
C0133,2025-04,1.0,1.0,0.0,0.0,0,0,1,0
C0134,2025-04,2.0,2.0,0.0,0.0,0,0,0,0
C0135,2025-04,2.0,0.0,1.0,1.0,0,0,0,0
C0136,2025-04,5.0,2.0,0.0,1.0,0,0,0,0
C0137,2025-04,2.0,1.0,1.0,2.0,0,0,0,0
C0138,2025-04,1.0,2.0,0.0,0.0,0,0,0,0
C0139,2025-04,2.0,1.0,1.0,2.0,1,0,0,0
C0140,2025-04,4.0,1.0,2.0,2.0,0,0,0,0
C0141,2025-04,2.0,3.0,0.0,0.0,0,0,0,0
C0142,2025-04,3.0,2.0,0.0,1.0,0,0,0,0
C0143,2025-04,1.0,0.0,0.0,0.0,0,0,0,0
C0144,2025-04,2.0,2.0,0.0,1.0,0,0,0,0
C0145,2025-04,2.0,1.0,0.0,2.0,0,0,0,0
C0146,2025-04,3.0,0.0,1.0,0.0,0,0,0,0
C0147,2025-04,1.0,2.0,0.0,1.0,0,0,0,0
C0148,2025-04,1.0,3.0,0.0,1.0,0,0,0,0
C0149,2025-04,2.0,3.0,0.0,1.0,1,0,0,0
C0150,2025-04,2.0,3.0,0.0,4.0,0,0,0,0
C0151,2025-04,2.0,0.0,1.0,0.0,0,0,0,0
C0152,2025-04,3.0,0.0,0.0,2.0,0,0,0,0
C0153,2025-04,4.0,1.0,1.0,0.0,0,0,0,0
C0154,2025-04,0.0,1.0,1.0,1.0,0,0,0,1
C0155,2025-04,2.0,4.0,1.0,1.0,0,0,0,0
C0156,2025-04,1.0,2.0,0.0,1.0,0,0,0,1
C0157,2025-04,3.0,2.0,0.0,1.0,0,0,0,0
C0158,2025-04,1.0,0.0,2.0,3.0,0,0,0,0
C0159,2025-04,1.0,1.0,0.0,0.0,0,0,0,0
C0160,2025-04,3.0,2.0,0.0,1.0,0,0,0,0
C0161,2025-04,1.0,2.0,0.0,1.0,0,0,0,0
C0162,2025-04,2.0,1.0,1.0,0.0,0,0,0,0
C0163,2025-04,2.0,1.0,0.0,3.0,0,1,0,0
C0164,2025-04,2.0,1.0,1.0,2.0,0,0,0,0
C0165,2025-04,3.0,0.0,0.0,2.0,0,0,0,0
C0166,2025-04,1.0,2.0,0.0,0.0,0,0,0,0
C0167,2025-04,0.0,1.0,0.0,3.0,0,0,0,0
C0168,2025-04,1.0,3.0,2.0,1.0,0,0,0,0
C0169,2025-04,2.0,0.0,1.0,1.0,0,0,0,0
C0170,2025-04,1.0,0.0,1.0,2.0,0,0,0,0
C0171,2025-04,3.0,1.0,1.0,1.0,0,0,0,0
C0172,2025-04,1.0,1.0,0.0,2.0,0,0,0,0
C0173,2025-04,1.0,0.0,0.0,2.0,0,0,0,0
C0174,2025-04,1.0,0.0,0.0,0.0,0,0,0,0
C0175,2025-04,2.0,0.0,0.0,0.0,0,0,0,0
C0176,2025-04,1.0,3.0,0.0,1.0,0,0,0,1
C0177,2025-04,2.0,0.0,1.0,0.0,1,0,0,0
C0178,2025-04,0.0,0.0,0.0,1.0,0,0,0,0
C0179,2025-04,2.0,4.0,0.0,3.0,0,0,0,0
C0180,2025-04,2.0,0.0,0.0,0.0,0,0,0,0
C0181,2025-04,2.0,1.0,0.0,0.0,0,0,0,0
C0182,2025-04,0.0,1.0,0.0,2.0,0,0,0,0
C0183,2025-04,2.0,1.0,0.0,2.0,1,0,0,0
C0184,2025-04,0.0,1.0,0.0,0.0,0,0,0,0
C0185,2025-04,1.0,2.0,0.0,2.0,0,0,0,0
C0186,2025-04,1.0,3.0,1.0,0.0,0,0,0,0
C0187,2025-04,4.0,0.0,2.0,2.0,0,0,0,0
C0188,2025-04,0.0,1.0,0.0,2.0,0,0,0,0
C0189,2025-04,2.0,2.0,1.0,2.0,0,0,0,0
C0190,2025-04,0.0,1.0,0.0,1.0,0,0,0,0
C0191,2025-04,0.0,0.0,2.0,0.0,0,0,0,0
C0192,2025-04,1.0,0.0,1.0,3.0,0,0,0,0
C0193,2025-04,4.0,1.0,0.0,1.0,0,0,1,0
C0194,2025-04,2.0,2.0,2.0,0.0,1,0,0,0
C0195,2025-04,2.0,1.0,0.0,1.0,0,0,0,1
C0196,2025-04,0.0,2.0,0.0,0.0,0,0,0,0
C0197,2025-04,2.0,0.0,1.0,4.0,0,0,0,0
C0198,2025-04,2.0,1.0,2.0,0.0,0,1,0,0
C0199,2025-04,3.0,1.0,0.0,0.0,0,0,0,0
C0200,2025-04,3.0,1.0,0.0,0.0,0,0,0,0
C0201,2025-04,2.0,1.0,1.0,2.0,0,0,0,0
C0202,2025-04,3.0,2.0,1.0,0.0,0,0,0,0
C0203,2025-04,3.0,0.0,0.0,1.0,0,0,0,0
C0204,2025-04,1.0,0.0,0.0,1.0,0,0,0,0
C0205,2025-04,1.0,3.0,0.0,2.0,0,0,0,0
C0206,2025-04,4.0,0.0,1.0,2.0,0,0,0,0
C0207,2025-04,0.0,1.0,3.0,0.0,0,0,0,0
C0208,2025-04,1.0,1.0,2.0,0.0,0,0,0,0
C0209,2025-04,3.0,1.0,2.0,0.0,0,1,0,0
C0210,2025-04,2.0,0.0,0.0,3.0,0,0,0,0
C0211,2025-04,0.0,1.0,2.0,1.0,0,0,0,0
C0212,2025-04,2.0,0.0,0.0,1.0,0,0,0,0
C0213,2025-04,2.0,2.0,0.0,1.0,0,0,0,0
C0214,2025-04,3.0,1.0,0.0,1.0,0,1,0,1
C0215,2025-04,1.0,3.0,0.0,0.0,0,0,0,0
C0216,2025-04,0.0,0.0,1.0,1.0,0,0,0,0
C0217,2025-04,1.0,1.0,1.0,1.0,0,0,0,0
C0218,2025-04,1.0,1.0,0.0,0.0,0,0,0,0
C0219,2025-04,0.0,2.0,1.0,2.0,0,0,0,0
C0220,2025-04,2.0,2.0,0.0,2.0,0,0,0,0
C0221,2025-04,2.0,2.0,1.0,1.0,0,0,0,0
C0222,2025-04,1.0,0.0,0.0,1.0,0,0,0,0
C0223,2025-04,4.0,1.0,0.0,1.0,0,0,1,0
C0224,2025-04,4.0,0.0,1.0,1.0,0,0,0,0
C0225,2025-04,3.0,0.0,0.0,0.0,0,0,0,0
C0226,2025-04,1.0,0.0,1.0,0.0,0,0,0,0
C0227,2025-04,0.0,0.0,0.0,0.0,0,0,0,0
C0228,2025-04,2.0,2.0,1.0,2.0,0,0,0,0
C0229,2025-04,1.0,1.0,0.0,1.0,0,0,0,0
C0230,2025-04,1.0,0.0,0.0,2.0,0,0,0,0
C0231,2025-04,3.0,0.0,0.0,1.0,0,0,0,0
C0232,2025-04,3.0,0.0,0.0,1.0,0,0,1,0
C0233,2025-04,2.0,0.0,1.0,0.0,0,0,0,0
C0234,2025-04,2.0,0.0,0.0,0.0,1,0,0,0
C0235,2025-04,6.0,2.0,1.0,1.0,0,0,0,0
C0236,2025-04,1.0,2.0,0.0,0.0,0,0,0,0
C0237,2025-04,0.0,2.0,0.0,1.0,0,0,0,0
C0238,2025-04,2.0,2.0,1.0,0.0,0,0,0,0
C0239,2025-04,0.0,1.0,0.0,1.0,0,0,0,0
C0240,2025-04,2.0,1.0,1.0,2.0,0,0,0,0
C0241,2025-04,1.0,0.0,2.0,1.0,0,0,0,0
C0242,2025-04,1.0,1.0,0.0,1.0,0,0,0,0
C0243,2025-04,5.0,1.0,0.0,0.0,0,0,0,0
C0244,2025-04,0.0,0.0,1.0,2.0,0,0,0,0
C0245,2025-04,2.0,2.0,0.0,2.0,0,0,0,0
C0246,2025-04,1.0,0.0,0.0,0.0,0,0,0,0
C0247,2025-04,3.0,1.0,1.0,2.0,0,0,0,0
C0248,2025-04,1.0,1.0,0.0,1.0,0,0,0,0
C0249,2025-04,3.0,1.0,0.0,1.0,0,0,0,1
C0250,2025-04,3.0,2.0,0.0,2.0,0,0,0,0
C0251,2025-04,2.0,4.0,0.0,0.0,0,0,0,0
C0252,2025-04,5.0,3.0,0.0,0.0,0,0,0,0
C0253,2025-04,2.0,2.0,0.0,0.0,0,0,0,0
C0254,2025-04,4.0,2.0,0.0,0.0,0,0,1,0
C0255,2025-04,0.0,0.0,0.0,3.0,0,0,0,0
C0256,2025-04,4.0,1.0,1.0,2.0,0,0,0,0
C0257,2025-04,2.0,1.0,0.0,2.0,0,0,0,0
C0258,2025-04,0.0,2.0,0.0,0.0,0,0,0,0
C0259,2025-04,1.0,2.0,2.0,1.0,0,0,0,0
C0260,2025-04,1.0,0.0,0.0,0.0,0,0,0,0
C0261,2025-04,1.0,1.0,0.0,2.0,0,0,0,0
C0262,2025-04,1.0,3.0,1.0,3.0,0,0,0,0
C0263,2025-04,2.0,2.0,2.0,1.0,0,0,0,0
C0264,2025-04,1.0,3.0,0.0,2.0,0,0,0,0
C0265,2025-04,0.0,0.0,2.0,0.0,0,0,0,0
C0266,2025-04,1.0,2.0,0.0,3.0,0,0,0,0
C0267,2025-04,4.0,1.0,0.0,2.0,0,0,0,0
C0268,2025-04,1.0,2.0,0.0,2.0,0,0,0,0
C0269,2025-04,0.0,1.0,1.0,1.0,0,0,0,0
C0270,2025-04,0.0,1.0,1.0,0.0,0,0,0,0
C0271,2025-04,3.0,4.0,2.0,0.0,0,0,0,0
C0272,2025-04,1.0,1.0,1.0,0.0,0,1,0,0
C0273,2025-04,1.0,0.0,0.0,3.0,0,0,0,0
C0274,2025-04,0.0,0.0,1.0,1.0,0,0,0,0
C0275,2025-04,2.0,0.0,3.0,0.0,0,0,0,0
C0276,2025-04,2.0,1.0,1.0,0.0,0,0,0,0
C0277,2025-04,0.0,0.0,1.0,1.0,0,0,0,0
C0278,2025-04,3.0,2.0,1.0,2.0,0,0,0,0
C0279,2025-04,1.0,0.0,1.0,3.0,0,0,0,0
C0280,2025-04,0.0,1.0,0.0,3.0,0,0,0,0
C0281,2025-04,2.0,1.0,0.0,1.0,1,0,0,0
C0282,2025-04,1.0,1.0,0.0,1.0,0,0,0,0
C0283,2025-04,1.0,1.0,1.0,2.0,0,0,0,0
C0284,2025-04,2.0,0.0,0.0,1.0,0,0,0,1
C0285,2025-04,2.0,1.0,0.0,0.0,0,0,0,0
C0286,2025-04,1.0,2.0,1.0,0.0,0,0,0,0
C0287,2025-04,1.0,1.0,1.0,0.0,0,0,0,0
C0288,2025-04,1.0,3.0,1.0,2.0,0,0,0,0
C0289,2025-04,1.0,1.0,0.0,2.0,0,0,0,0
C0290,2025-04,1.0,1.0,0.0,1.0,0,0,0,0
C0291,2025-04,1.0,0.0,0.0,1.0,0,0,0,0
C0292,2025-04,1.0,1.0,0.0,1.0,0,0,0,1
C0293,2025-04,4.0,1.0,1.0,1.0,0,0,0,0
C0294,2025-04,2.0,1.0,0.0,0.0,0,0,0,0
C0295,2025-04,3.0,2.0,2.0,1.0,0,0,0,0
C0296,2025-04,5.0,2.0,1.0,1.0,0,0,0,0
C0297,2025-04,2.0,0.0,0.0,2.0,0,0,0,0
C0298,2025-04,1.0,3.0,0.0,1.0,0,0,0,0
C0299,2025-04,1.0,0.0,0.0,1.0,0,0,0,0
C0300,2025-04,2.0,3.0,1.0,2.0,0,0,0,0
C0301,2025-04,2.0,0.0,0.0,0.0,0,0,0,0
C0302,2025-04,2.0,0.0,2.0,0.0,0,0,0,0
C0303,2025-04,3.0,3.0,2.0,1.0,0,0,0,0
C0304,2025-04,0.0,1.0,0.0,1.0,0,0,0,0
C0305,2025-04,1.0,1.0,1.0,1.0,0,0,0,0
C0306,2025-04,2.0,0.0,0.0,0.0,1,0,0,0
C0307,2025-04,4.0,0.0,2.0,1.0,0,0,0,1
C0308,2025-04,0.0,1.0,0.0,1.0,0,1,0,0
C0309,2025-04,1.0,2.0,1.0,1.0,0,0,0,0
C0310,2025-04,2.0,0.0,2.0,2.0,0,0,0,0
C0311,2025-04,2.0,3.0,0.0,3.0,0,0,0,0
C0312,2025-04,1.0,1.0,0.0,3.0,0,0,0,0
C0313,2025-04,0.0,0.0,0.0,0.0,0,0,0,0
C0314,2025-04,1.0,1.0,0.0,1.0,0,0,0,0
C0315,2025-04,2.0,0.0,0.0,3.0,0,0,0,0
C0316,2025-04,0.0,1.0,0.0,0.0,0,0,0,0
C0317,2025-04,3.0,1.0,0.0,2.0,0,0,0,0
C0318,2025-04,1.0,0.0,2.0,0.0,0,0,0,0
C0319,2025-04,6.0,1.0,0.0,1.0,0,0,1,1
C0320,2025-04,1.0,2.0,0.0,3.0,0,0,0,0
C0321,2025-04,3.0,2.0,0.0,1.0,0,0,1,0
C0322,2025-04,1.0,0.0,0.0,2.0,0,0,0,0
C0323,2025-04,1.0,2.0,3.0,1.0,0,0,0,0
C0324,2025-04,5.0,1.0,1.0,0.0,0,1,0,0
C0325,2025-04,2.0,2.0,0.0,1.0,0,0,0,0
C0326,2025-04,0.0,0.0,0.0,1.0,0,0,1,0
C0327,2025-04,2.0,1.0,0.0,0.0,0,0,0,0
C0328,2025-04,2.0,0.0,1.0,0.0,0,0,0,0
C0329,2025-04,2.0,0.0,2.0,1.0,0,0,0,0
C0330,2025-04,1.0,1.0,0.0,1.0,0,0,1,0
C0331,2025-04,1.0,1.0,1.0,1.0,0,0,0,0
C0332,2025-04,1.0,3.0,1.0,0.0,0,0,0,0
C0333,2025-04,1.0,1.0,2.0,4.0,0,0,0,0
C0334,2025-04,2.0,0.0,0.0,2.0,0,0,0,0
C0335,2025-04,0.0,1.0,0.0,1.0,0,0,0,0
C0336,2025-04,1.0,2.0,1.0,2.0,0,0,0,0
C0337,2025-04,1.0,1.0,1.0,3.0,0,0,0,0
C0338,2025-04,1.0,2.0,0.0,0.0,0,0,0,0
C0339,2025-04,3.0,1.0,0.0,0.0,0,0,0,0
C0340,2025-04,3.0,3.0,0.0,1.0,0,0,0,0
C0341,2025-04,2.0,0.0,0.0,1.0,1,0,0,0
C0342,2025-04,1.0,0.0,3.0,0.0,0,0,0,0
C0343,2025-04,1.0,1.0,0.0,1.0,0,0,0,0
C0344,2025-04,4.0,1.0,0.0,3.0,0,0,0,0
C0345,2025-04,2.0,2.0,2.0,4.0,0,0,0,0
C0346,2025-04,2.0,1.0,0.0,1.0,1,0,1,0
C0347,2025-04,2.0,1.0,0.0,0.0,0,0,0,0
C0348,2025-04,3.0,1.0,1.0,1.0,0,0,0,0
C0349,2025-04,3.0,1.0,0.0,1.0,0,0,0,0
C0350,2025-04,0.0,3.0,0.0,3.0,0,0,0,0
C0351,2025-04,2.0,2.0,2.0,2.0,1,0,0,0
C0352,2025-04,1.0,1.0,0.0,0.0,0,0,0,0
C0353,2025-04,3.0,0.0,0.0,1.0,0,0,0,0
C0354,2025-04,2.0,1.0,0.0,1.0,0,0,0,0
C0355,2025-04,2.0,3.0,1.0,1.0,0,0,0,0
C0356,2025-04,3.0,2.0,0.0,1.0,0,0,0,0
C0357,2025-04,2.0,1.0,1.0,0.0,0,0,0,0
C0358,2025-04,2.0,1.0,2.0,1.0,0,0,0,0
C0359,2025-04,2.0,4.0,2.0,3.0,1,0,0,0
C0360,2025-04,5.0,1.0,0.0,0.0,0,0,0,0
C0361,2025-04,1.0,0.0,2.0,3.0,0,0,0,0
C0362,2025-04,3.0,1.0,0.0,2.0,0,0,0,0
C0363,2025-04,1.0,0.0,0.0,0.0,0,0,1,0
C0364,2025-04,5.0,0.0,1.0,0.0,0,0,0,0
C0365,2025-04,1.0,2.0,0.0,0.0,0,0,0,0
C0366,2025-04,1.0,1.0,0.0,1.0,0,0,0,0
C0367,2025-04,2.0,2.0,0.0,0.0,0,0,0,0
C0368,2025-04,1.0,1.0,1.0,1.0,0,0,0,0
C0369,2025-04,1.0,0.0,0.0,1.0,0,0,1,0
C0370,2025-04,0.0,1.0,1.0,3.0,0,0,0,0
C0371,2025-04,3.0,0.0,0.0,1.0,0,0,0,0
C0372,2025-04,4.0,1.0,0.0,3.0,0,0,0,0
C0373,2025-04,2.0,1.0,2.0,2.0,0,0,0,0
C0374,2025-04,1.0,2.0,0.0,0.0,0,0,0,0
C0375,2025-04,3.0,0.0,0.0,2.0,0,0,0,0
C0376,2025-04,1.0,2.0,1.0,1.0,0,0,0,0
C0377,2025-04,0.0,2.0,0.0,0.0,0,0,0,0
C0378,2025-04,3.0,1.0,1.0,0.0,0,0,0,0
C0379,2025-04,2.0,1.0,0.0,0.0,0,1,0,0
C0380,2025-04,2.0,0.0,0.0,2.0,0,0,0,0
C0381,2025-04,0.0,1.0,0.0,0.0,0,0,0,0
C0382,2025-04,2.0,3.0,0.0,3.0,0,0,0,0
C0383,2025-04,2.0,1.0,2.0,2.0,1,0,0,0
C0384,2025-04,2.0,1.0,0.0,2.0,0,1,0,0
C0385,2025-04,2.0,4.0,0.0,0.0,0,0,0,0
C0386,2025-04,1.0,1.0,0.0,1.0,0,0,0,0
C0387,2025-04,2.0,1.0,2.0,1.0,0,1,0,0
C0388,2025-04,2.0,0.0,0.0,0.0,0,0,0,0
C0389,2025-04,1.0,4.0,0.0,3.0,0,0,0,0
C0390,2025-04,0.0,1.0,1.0,1.0,0,0,0,0
C0391,2025-04,3.0,2.0,0.0,0.0,0,0,0,0
C0392,2025-04,3.0,2.0,0.0,0.0,0,0,0,0
C0393,2025-04,2.0,0.0,0.0,1.0,0,0,0,0
C0394,2025-04,2.0,1.0,0.0,1.0,0,1,0,0
C0395,2025-04,0.0,1.0,1.0,0.0,0,1,0,0
C0396,2025-04,0.0,1.0,0.0,0.0,0,0,0,0
C0397,2025-04,2.0,1.0,0.0,0.0,0,0,0,0
C0398,2025-04,2.0,1.0,0.0,2.0,0,0,0,0
C0399,2025-04,1.0,0.0,0.0,2.0,0,0,0,0
C0400,2025-04,1.0,1.0,2.0,1.0,0,0,0,0
C0401,2025-04,3.0,1.0,0.0,1.0,0,0,0,0
C0402,2025-04,2.0,1.0,0.0,4.0,0,0,0,0
C0403,2025-04,1.0,2.0,0.0,0.0,0,0,0,0
C0404,2025-04,4.0,2.0,0.0,2.0,0,0,0,0
C0405,2025-04,2.0,0.0,0.0,1.0,0,0,0,0
C0406,2025-04,1.0,0.0,2.0,1.0,0,0,0,0
C0407,2025-04,3.0,1.0,1.0,0.0,0,0,0,0
C0408,2025-04,2.0,2.0,1.0,1.0,0,0,0,0
C0409,2025-04,2.0,1.0,0.0,1.0,0,0,0,0
C0410,2025-04,1.0,3.0,1.0,0.0,0,0,0,0
C0411,2025-04,2.0,1.0,0.0,0.0,0,0,0,0
C0412,2025-04,5.0,1.0,0.0,2.0,0,1,0,0
C0413,2025-04,2.0,1.0,1.0,1.0,0,0,0,0
C0414,2025-04,2.0,1.0,0.0,2.0,1,0,0,0
C0415,2025-04,1.0,0.0,1.0,1.0,0,0,0,0
C0416,2025-04,4.0,0.0,1.0,1.0,0,0,0,0
C0417,2025-04,5.0,4.0,1.0,1.0,0,0,0,0
C0418,2025-04,2.0,0.0,1.0,1.0,0,0,0,0
C0419,2025-04,3.0,1.0,0.0,0.0,0,0,0,0
C0420,2025-04,2.0,1.0,2.0,0.0,0,0,0,0
C0421,2025-04,2.0,2.0,0.0,1.0,1,0,0,0
C0422,2025-04,1.0,1.0,0.0,2.0,0,0,0,0
C0423,2025-04,1.0,2.0,0.0,2.0,0,0,0,0
C0424,2025-04,2.0,1.0,1.0,1.0,0,0,0,0
C0425,2025-04,0.0,0.0,0.0,3.0,0,0,0,0
C0426,2025-04,2.0,1.0,0.0,0.0,0,0,0,0
C0427,2025-04,1.0,1.0,2.0,1.0,0,1,0,0
C0428,2025-04,2.0,4.0,1.0,2.0,0,0,0,0
C0429,2025-04,1.0,1.0,0.0,1.0,0,0,0,0
C0430,2025-04,3.0,4.0,1.0,3.0,0,0,0,0
C0431,2025-04,1.0,1.0,1.0,2.0,0,0,0,0
C0432,2025-04,3.0,2.0,1.0,1.0,0,0,0,1
C0433,2025-04,1.0,1.0,2.0,0.0,0,0,0,0
C0434,2025-04,0.0,0.0,0.0,0.0,0,0,0,0
C0435,2025-04,1.0,3.0,0.0,1.0,0,0,0,0
C0436,2025-04,1.0,2.0,0.0,1.0,0,0,0,0
C0437,2025-04,0.0,2.0,0.0,1.0,0,0,0,0
C0438,2025-04,0.0,3.0,2.0,2.0,0,0,0,0
C0439,2025-04,2.0,2.0,0.0,3.0,0,0,0,0
C0440,2025-04,2.0,1.0,0.0,2.0,0,0,0,0
C0441,2025-04,4.0,0.0,1.0,0.0,0,0,0,0
C0442,2025-04,1.0,1.0,0.0,0.0,0,0,0,0
C0443,2025-04,4.0,2.0,0.0,2.0,0,0,0,0
C0444,2025-04,3.0,2.0,0.0,1.0,0,0,0,0
C0445,2025-04,1.0,0.0,0.0,1.0,0,0,0,0
C0446,2025-04,2.0,0.0,0.0,3.0,0,0,0,0
C0447,2025-04,3.0,0.0,1.0,1.0,0,0,0,0
C0448,2025-04,1.0,4.0,1.0,2.0,0,0,0,0
C0449,2025-04,2.0,1.0,0.0,1.0,0,0,0,0
C0450,2025-04,0.0,2.0,2.0,1.0,0,0,0,0
C0451,2025-04,0.0,1.0,1.0,0.0,0,0,0,0
C0452,2025-04,3.0,0.0,0.0,1.0,0,0,0,0
C0453,2025-04,4.0,1.0,2.0,1.0,0,0,0,0
C0454,2025-04,3.0,0.0,0.0,0.0,0,0,0,0
C0455,2025-04,3.0,2.0,0.0,2.0,0,0,0,0
C0456,2025-04,2.0,0.0,0.0,0.0,0,0,0,0
C0457,2025-04,0.0,1.0,1.0,2.0,0,0,0,0
C0458,2025-04,2.0,1.0,0.0,0.0,0,0,0,0
C0459,2025-04,3.0,0.0,2.0,2.0,0,0,0,0
C0460,2025-04,1.0,1.0,1.0,2.0,0,0,0,0
C0461,2025-04,3.0,0.0,0.0,0.0,0,0,0,0
C0462,2025-04,1.0,0.0,0.0,2.0,0,0,0,0
C0463,2025-04,2.0,4.0,0.0,2.0,0,0,0,0
C0464,2025-04,3.0,0.0,0.0,4.0,0,0,0,0
C0465,2025-04,3.0,1.0,0.0,2.0,0,0,0,0
C0466,2025-04,2.0,3.0,0.0,2.0,0,0,0,0
C0467,2025-04,2.0,1.0,1.0,1.0,0,0,0,1
C0468,2025-04,3.0,0.0,2.0,4.0,0,0,0,0
C0469,2025-04,2.0,0.0,0.0,2.0,0,0,0,0
C0470,2025-04,2.0,0.0,0.0,0.0,0,0,0,0
C0471,2025-04,0.0,0.0,0.0,1.0,0,0,0,0
C0472,2025-04,1.0,0.0,0.0,0.0,0,0,0,0
C0473,2025-04,1.0,1.0,1.0,1.0,0,0,0,0
C0474,2025-04,2.0,2.0,0.0,0.0,0,0,0,0
C0475,2025-04,0.0,0.0,1.0,1.0,0,0,0,0
C0476,2025-04,1.0,1.0,0.0,0.0,0,0,0,0
C0477,2025-04,2.0,2.0,1.0,0.0,0,0,0,0
C0478,2025-04,5.0,2.0,1.0,1.0,0,0,0,1
C0479,2025-04,0.0,1.0,0.0,3.0,0,0,0,0
C0480,2025-04,0.0,1.0,0.0,2.0,0,0,0,0
C0481,2025-04,2.0,1.0,0.0,0.0,0,0,0,0
C0482,2025-04,3.0,0.0,0.0,0.0,0,0,0,0
C0483,2025-04,1.0,1.0,0.0,0.0,0,0,0,0
C0484,2025-04,0.0,1.0,0.0,0.0,0,0,0,0
C0485,2025-04,1.0,1.0,0.0,0.0,0,0,0,0
C0486,2025-04,1.0,1.0,0.0,2.0,0,0,0,0
C0487,2025-04,1.0,1.0,0.0,2.0,0,0,0,0
C0488,2025-04,3.0,0.0,1.0,1.0,0,0,0,0
C0489,2025-04,1.0,0.0,0.0,1.0,0,0,0,0
C0490,2025-04,0.0,1.0,1.0,1.0,0,0,0,0
C0491,2025-04,2.0,1.0,0.0,2.0,1,0,0,0
C0492,2025-04,2.0,2.0,0.0,2.0,0,0,0,0
C0493,2025-04,1.0,3.0,1.0,1.0,0,0,0,1
C0494,2025-04,7.0,0.0,0.0,1.0,0,0,0,1
C0495,2025-04,0.0,1.0,0.0,1.0,0,0,0,0
C0496,2025-04,0.0,2.0,0.0,1.0,0,0,0,0
C0497,2025-04,2.0,0.0,2.0,0.0,0,0,0,0
C0498,2025-04,4.0,0.0,0.0,0.0,0,0,0,0
C0499,2025-04,2.0,0.0,0.0,0.0,0,0,0,0
C0500,2025-04,2.0,0.0,1.0,1.0,0,0,0,0
C0501,2025-04,1.0,3.0,1.0,1.0,0,0,0,0
C0502,2025-04,2.0,1.0,1.0,1.0,0,0,0,0
C0503,2025-04,2.0,1.0,2.0,1.0,0,0,0,0
C0504,2025-04,3.0,0.0,1.0,2.0,0,0,0,0
C0505,2025-04,1.0,2.0,1.0,1.0,0,0,0,0
C0506,2025-04,1.0,2.0,1.0,2.0,0,0,0,0
C0507,2025-04,1.0,3.0,3.0,1.0,0,0,0,0
C0508,2025-04,3.0,1.0,0.0,0.0,0,0,0,0
C0509,2025-04,3.0,0.0,0.0,0.0,0,0,0,0
C0510,2025-04,3.0,2.0,3.0,0.0,0,0,0,0
C0511,2025-04,1.0,3.0,0.0,0.0,0,0,1,0
C0512,2025-04,2.0,0.0,0.0,3.0,0,0,1,0
C0513,2025-04,1.0,1.0,1.0,1.0,0,0,0,0
C0514,2025-04,0.0,0.0,1.0,0.0,0,0,0,0
C0515,2025-04,2.0,2.0,0.0,1.0,0,0,0,0
C0516,2025-04,2.0,1.0,0.0,1.0,0,0,0,0
C0517,2025-04,2.0,2.0,3.0,1.0,0,0,0,0
C0518,2025-04,0.0,1.0,0.0,2.0,0,0,0,0
C0519,2025-04,1.0,0.0,0.0,0.0,0,0,0,0
C0520,2025-04,1.0,2.0,0.0,0.0,0,0,0,0
C0521,2025-04,2.0,1.0,0.0,0.0,0,0,0,0
C0522,2025-04,1.0,1.0,1.0,2.0,0,1,0,0
C0523,2025-04,1.0,1.0,0.0,2.0,0,0,0,0
C0524,2025-04,3.0,1.0,1.0,1.0,0,0,0,0
C0525,2025-04,2.0,2.0,0.0,1.0,0,0,0,0
C0526,2025-04,1.0,0.0,0.0,1.0,0,0,0,0
C0527,2025-04,3.0,1.0,0.0,3.0,0,0,0,0
C0528,2025-04,1.0,2.0,2.0,0.0,0,0,0,0
C0529,2025-04,2.0,2.0,0.0,1.0,0,0,0,0
C0530,2025-04,0.0,1.0,2.0,0.0,0,0,0,0
C0531,2025-04,0.0,1.0,1.0,1.0,0,0,0,1
C0532,2025-04,1.0,0.0,0.0,1.0,0,0,0,0
C0533,2025-04,2.0,0.0,3.0,0.0,0,0,0,0
C0534,2025-04,1.0,0.0,0.0,1.0,0,0,0,0
C0535,2025-04,2.0,2.0,0.0,1.0,0,0,0,0
C0536,2025-04,1.0,1.0,0.0,1.0,0,0,0,0
C0537,2025-04,2.0,2.0,3.0,1.0,0,0,0,0
C0538,2025-04,6.0,1.0,1.0,1.0,0,0,0,0
C0539,2025-04,1.0,2.0,1.0,1.0,0,0,0,0
C0540,2025-04,4.0,1.0,0.0,0.0,0,0,0,0
C0541,2025-04,1.0,0.0,0.0,0.0,0,0,0,0
C0542,2025-04,3.0,1.0,1.0,1.0,0,0,0,0
C0543,2025-04,1.0,0.0,0.0,0.0,0,0,0,0
C0544,2025-04,1.0,0.0,1.0,1.0,0,0,0,0
C0545,2025-04,1.0,1.0,0.0,0.0,0,0,0,0
C0546,2025-04,0.0,1.0,1.0,2.0,0,0,0,0
C0547,2025-04,2.0,1.0,0.0,1.0,0,0,0,0
C0548,2025-04,1.0,0.0,0.0,1.0,0,0,0,1
C0549,2025-04,0.0,2.0,0.0,2.0,0,0,0,0
C0550,2025-04,2.0,2.0,0.0,1.0,0,0,0,0
C0551,2025-04,0.0,1.0,0.0,1.0,0,0,0,0
C0552,2025-04,1.0,1.0,0.0,2.0,0,0,0,0
C0553,2025-04,0.0,1.0,1.0,1.0,0,0,0,0
C0554,2025-04,1.0,1.0,1.0,0.0,0,0,0,0
C0555,2025-04,5.0,0.0,0.0,2.0,0,0,0,0
C0556,2025-04,0.0,0.0,0.0,0.0,0,0,0,0
C0557,2025-04,1.0,2.0,1.0,2.0,0,0,0,0
C0558,2025-04,1.0,0.0,1.0,3.0,0,0,0,0
C0559,2025-04,1.0,4.0,0.0,0.0,0,0,1,0
C0560,2025-04,3.0,1.0,1.0,2.0,0,0,0,0
C0561,2025-04,3.0,1.0,0.0,1.0,0,0,0,0
C0562,2025-04,3.0,3.0,0.0,0.0,0,0,0,0
C0563,2025-04,3.0,0.0,1.0,2.0,0,0,0,0
C0564,2025-04,0.0,1.0,0.0,1.0,0,0,0,0
C0565,2025-04,1.0,1.0,1.0,0.0,0,0,0,0
C0566,2025-04,2.0,1.0,0.0,1.0,0,0,0,0
C0567,2025-04,1.0,2.0,1.0,2.0,0,0,0,0
C0568,2025-04,2.0,3.0,0.0,0.0,0,0,0,0
C0569,2025-04,5.0,1.0,1.0,0.0,0,0,0,0
C0570,2025-04,0.0,1.0,0.0,1.0,0,0,0,0
C0571,2025-04,4.0,0.0,1.0,0.0,0,0,0,0
C0572,2025-04,1.0,1.0,0.0,2.0,0,0,0,0
C0573,2025-04,0.0,1.0,0.0,1.0,0,0,0,0
C0574,2025-04,0.0,1.0,0.0,1.0,0,0,0,0
C0575,2025-04,0.0,0.0,0.0,1.0,0,0,0,0
C0576,2025-04,1.0,1.0,0.0,0.0,0,0,0,0
C0577,2025-04,2.0,1.0,0.0,0.0,0,0,0,0
C0578,2025-04,2.0,2.0,1.0,1.0,0,0,0,0
C0579,2025-04,2.0,0.0,0.0,0.0,0,0,0,0
C0580,2025-04,3.0,1.0,0.0,1.0,0,0,0,0
C0581,2025-04,4.0,3.0,1.0,2.0,0,0,0,0
C0582,2025-04,3.0,0.0,2.0,0.0,0,0,0,0
C0583,2025-04,1.0,3.0,1.0,3.0,0,0,0,0
C0584,2025-04,1.0,1.0,0.0,2.0,0,0,0,0
C0585,2025-04,0.0,1.0,1.0,1.0,0,0,0,0
C0586,2025-04,3.0,1.0,0.0,2.0,0,1,1,0
C0587,2025-04,3.0,2.0,1.0,1.0,0,0,0,0
C0588,2025-04,2.0,1.0,0.0,0.0,0,0,0,0
C0589,2025-04,1.0,1.0,0.0,0.0,0,0,0,0
C0590,2025-04,2.0,0.0,1.0,2.0,0,0,0,0
C0591,2025-04,1.0,1.0,2.0,2.0,0,0,0,0
C0592,2025-04,2.0,2.0,1.0,2.0,0,0,0,0
C0593,2025-04,2.0,2.0,2.0,2.0,0,0,0,0
C0594,2025-04,1.0,1.0,1.0,1.0,0,0,0,1
C0595,2025-04,4.0,1.0,1.0,1.0,0,0,0,0
C0596,2025-04,5.0,0.0,0.0,0.0,0,0,0,0
C0597,2025-04,3.0,0.0,1.0,0.0,0,0,0,0
C0598,2025-04,2.0,3.0,1.0,2.0,0,0,0,0
C0599,2025-04,2.0,2.0,0.0,1.0,0,0,0,0
C0600,2025-04,4.0,1.0,0.0,1.0,0,0,0,0
C0601,2025-04,0.0,1.0,1.0,1.0,0,0,0,1
C0602,2025-04,4.0,1.0,0.0,0.0,0,0,0,0
C0603,2025-04,3.0,1.0,0.0,1.0,0,0,0,0
C0604,2025-04,1.0,2.0,2.0,2.0,0,0,0,0
C0605,2025-04,0.0,0.0,0.0,1.0,0,0,0,0
C0606,2025-04,0.0,0.0,1.0,2.0,0,0,0,0
C0607,2025-04,1.0,1.0,0.0,1.0,0,0,0,1
C0608,2025-04,0.0,1.0,0.0,0.0,0,1,0,0
C0609,2025-04,0.0,2.0,0.0,2.0,0,0,0,0
C0610,2025-04,1.0,0.0,0.0,0.0,0,0,0,0
C0611,2025-04,2.0,3.0,1.0,1.0,1,0,0,0
C0612,2025-04,2.0,0.0,0.0,0.0,0,0,0,0
C0613,2025-04,0.0,1.0,1.0,2.0,0,0,0,0
C0614,2025-04,2.0,2.0,1.0,0.0,0,0,0,0
C0615,2025-04,1.0,0.0,1.0,4.0,0,0,0,0
C0616,2025-04,1.0,0.0,1.0,1.0,0,0,0,0
C0617,2025-04,2.0,1.0,0.0,1.0,0,0,0,0
C0618,2025-04,3.0,1.0,0.0,1.0,0,0,0,0
C0619,2025-04,1.0,4.0,0.0,1.0,0,0,0,0
C0620,2025-04,1.0,0.0,1.0,1.0,0,0,0,0
C0621,2025-04,1.0,1.0,1.0,0.0,0,0,0,0
C0622,2025-04,1.0,1.0,0.0,1.0,0,1,0,0
C0623,2025-04,0.0,3.0,1.0,0.0,0,0,0,0
C0624,2025-04,3.0,0.0,0.0,0.0,0,0,0,0
C0625,2025-04,3.0,2.0,1.0,0.0,0,0,0,0
C0626,2025-04,2.0,0.0,1.0,1.0,1,0,0,0
C0627,2025-04,2.0,2.0,0.0,1.0,0,0,0,0
C0628,2025-04,0.0,1.0,0.0,0.0,0,0,0,0
C0629,2025-04,0.0,1.0,1.0,2.0,0,0,0,0
C0630,2025-04,3.0,2.0,0.0,0.0,0,0,0,0
C0631,2025-04,2.0,1.0,0.0,2.0,0,0,0,0
C0632,2025-04,1.0,3.0,0.0,3.0,0,0,0,0
C0633,2025-04,3.0,1.0,1.0,1.0,0,0,0,0
C0634,2025-04,1.0,1.0,0.0,0.0,0,0,0,0
C0635,2025-04,2.0,3.0,1.0,1.0,0,0,0,0
C0636,2025-04,3.0,1.0,0.0,2.0,0,0,0,0
C0637,2025-04,2.0,0.0,1.0,0.0,0,0,0,0
C0638,2025-04,2.0,1.0,2.0,1.0,0,0,0,0
C0639,2025-04,1.0,1.0,0.0,1.0,0,0,0,0
C0640,2025-04,1.0,0.0,0.0,1.0,0,0,1,0
C0641,2025-04,0.0,2.0,1.0,1.0,0,0,0,0
C0642,2025-04,3.0,1.0,2.0,1.0,0,0,0,0
C0643,2025-04,1.0,1.0,1.0,1.0,0,0,0,0
C0644,2025-04,0.0,2.0,1.0,0.0,0,0,0,0
C0645,2025-04,3.0,0.0,0.0,1.0,0,0,0,0
C0646,2025-04,1.0,2.0,0.0,0.0,0,0,0,0
C0647,2025-04,2.0,0.0,0.0,1.0,0,0,0,1
C0648,2025-04,2.0,2.0,2.0,0.0,1,0,0,0
C0649,2025-04,2.0,1.0,1.0,0.0,0,0,0,0
C0650,2025-04,0.0,1.0,0.0,1.0,0,0,0,0
C0651,2025-04,2.0,0.0,0.0,1.0,0,0,0,0
C0652,2025-04,2.0,1.0,1.0,1.0,0,0,0,0
C0653,2025-04,2.0,0.0,0.0,0.0,0,0,0,0
C0654,2025-04,2.0,1.0,2.0,2.0,0,0,0,0
C0655,2025-04,1.0,0.0,0.0,0.0,0,0,0,0
C0656,2025-04,2.0,2.0,0.0,1.0,0,0,0,0
C0657,2025-04,4.0,2.0,0.0,0.0,0,0,0,0
C0658,2025-04,3.0,1.0,1.0,0.0,0,0,0,0
C0659,2025-04,4.0,4.0,1.0,2.0,0,0,0,0
C0660,2025-04,1.0,2.0,1.0,2.0,0,0,0,0
C0661,2025-04,2.0,1.0,3.0,4.0,0,0,0,0
C0662,2025-04,0.0,0.0,0.0,0.0,0,0,0,0
C0663,2025-04,2.0,2.0,0.0,1.0,0,0,0,0
C0664,2025-04,3.0,2.0,2.0,2.0,0,0,0,0
C0665,2025-04,1.0,3.0,0.0,4.0,0,0,0,0
C0666,2025-04,1.0,1.0,2.0,0.0,0,0,0,0
C0667,2025-04,1.0,1.0,1.0,1.0,0,0,0,0
C0668,2025-04,2.0,1.0,1.0,2.0,0,1,0,0
C0669,2025-04,3.0,0.0,1.0,2.0,0,0,0,0
C0670,2025-04,0.0,0.0,1.0,0.0,0,0,0,0
C0671,2025-04,2.0,1.0,0.0,0.0,1,1,0,0
C0672,2025-04,2.0,3.0,0.0,1.0,0,0,0,0
C0673,2025-04,2.0,4.0,0.0,2.0,0,0,0,0
C0674,2025-04,6.0,1.0,1.0,1.0,0,0,0,0
C0675,2025-04,1.0,4.0,1.0,0.0,0,0,0,0
C0676,2025-04,1.0,1.0,0.0,1.0,0,1,0,1
C0677,2025-04,2.0,1.0,1.0,0.0,0,0,0,0
C0678,2025-04,3.0,0.0,1.0,2.0,0,0,0,0
C0679,2025-04,1.0,1.0,0.0,0.0,0,0,0,0
C0680,2025-04,3.0,1.0,1.0,2.0,0,1,0,0
C0681,2025-04,2.0,1.0,2.0,1.0,0,1,0,0
C0682,2025-04,2.0,3.0,0.0,3.0,0,0,0,0
C0683,2025-04,3.0,0.0,0.0,3.0,0,0,0,0
C0684,2025-04,0.0,0.0,0.0,0.0,0,0,0,0
C0685,2025-04,1.0,1.0,0.0,0.0,0,0,0,0
C0686,2025-04,1.0,1.0,0.0,0.0,0,0,1,0
C0687,2025-04,1.0,1.0,0.0,2.0,0,0,0,0
C0688,2025-04,1.0,1.0,0.0,0.0,0,0,0,0
C0689,2025-04,4.0,1.0,1.0,1.0,0,0,0,0
C0690,2025-04,1.0,2.0,0.0,0.0,0,0,1,0
C0691,2025-04,2.0,3.0,1.0,0.0,0,0,0,0
C0692,2025-04,4.0,0.0,0.0,1.0,0,0,0,0
C0693,2025-04,0.0,3.0,0.0,0.0,0,0,0,0
C0694,2025-04,2.0,0.0,1.0,0.0,0,0,0,0
C0695,2025-04,2.0,0.0,1.0,2.0,0,0,0,0
C0696,2025-04,3.0,1.0,0.0,0.0,0,0,0,0
C0697,2025-04,2.0,1.0,0.0,1.0,1,0,0,0
C0698,2025-04,1.0,0.0,1.0,0.0,0,0,0,0
C0699,2025-04,2.0,0.0,0.0,0.0,0,0,0,0
C0700,2025-04,1.0,0.0,0.0,1.0,0,0,0,0
C0701,2025-04,4.0,1.0,0.0,0.0,0,0,0,0
C0702,2025-04,2.0,1.0,0.0,1.0,0,0,0,0
C0703,2025-04,0.0,3.0,0.0,0.0,0,0,0,0
C0704,2025-04,6.0,1.0,0.0,2.0,0,0,0,0
C0705,2025-04,1.0,0.0,1.0,2.0,0,0,0,0
C0706,2025-04,0.0,3.0,0.0,3.0,0,0,0,0
C0707,2025-04,3.0,3.0,0.0,1.0,0,0,0,1
C0708,2025-04,0.0,3.0,0.0,0.0,0,0,0,0
C0709,2025-04,4.0,1.0,0.0,1.0,0,0,0,0
C0710,2025-04,1.0,1.0,1.0,1.0,0,0,0,0
C0711,2025-04,1.0,0.0,1.0,1.0,0,0,0,0
C0712,2025-04,3.0,0.0,0.0,0.0,0,0,0,0
C0713,2025-04,0.0,2.0,0.0,1.0,0,0,0,0
C0714,2025-04,1.0,4.0,0.0,3.0,0,0,0,0
C0715,2025-04,2.0,0.0,1.0,0.0,0,0,0,0
C0716,2025-04,2.0,1.0,0.0,0.0,0,0,1,0
C0717,2025-04,2.0,1.0,1.0,1.0,0,0,0,0
C0718,2025-04,3.0,2.0,0.0,1.0,0,0,0,0
C0719,2025-04,2.0,1.0,0.0,0.0,0,0,0,0
C0720,2025-04,2.0,1.0,0.0,2.0,0,0,0,0
C0721,2025-04,1.0,3.0,0.0,0.0,0,0,0,0
C0722,2025-04,1.0,1.0,1.0,1.0,0,0,0,1
C0723,2025-04,1.0,0.0,1.0,1.0,0,0,0,1
C0724,2025-04,1.0,1.0,0.0,3.0,0,0,0,0
C0725,2025-04,0.0,2.0,0.0,0.0,0,0,0,0
C0726,2025-04,0.0,1.0,0.0,0.0,0,0,0,0
C0727,2025-04,0.0,2.0,2.0,1.0,0,0,0,0
C0728,2025-04,1.0,0.0,0.0,0.0,0,0,0,0
C0729,2025-04,3.0,2.0,0.0,0.0,0,0,0,0
C0730,2025-04,0.0,4.0,1.0,1.0,0,0,0,1
C0731,2025-04,5.0,2.0,1.0,1.0,0,0,0,1
C0732,2025-04,4.0,1.0,0.0,1.0,0,0,0,0
C0733,2025-04,2.0,1.0,2.0,2.0,0,0,0,0
C0734,2025-04,3.0,1.0,2.0,1.0,0,0,0,0
C0735,2025-04,0.0,0.0,0.0,1.0,0,0,0,0
C0736,2025-04,3.0,0.0,0.0,2.0,0,0,0,0
C0737,2025-04,1.0,1.0,0.0,1.0,0,0,0,0
C0738,2025-04,0.0,0.0,3.0,1.0,0,0,0,0
C0739,2025-04,1.0,1.0,0.0,1.0,0,0,0,0
C0740,2025-04,1.0,1.0,1.0,1.0,0,0,0,1
C0741,2025-04,1.0,1.0,0.0,2.0,0,0,0,0
C0742,2025-04,2.0,2.0,0.0,0.0,0,0,0,0
C0743,2025-04,2.0,1.0,0.0,0.0,0,0,0,0
C0744,2025-04,5.0,1.0,0.0,0.0,0,0,0,0
C0745,2025-04,1.0,1.0,1.0,2.0,0,0,0,0
C0746,2025-04,3.0,0.0,1.0,2.0,0,0,0,0
C0747,2025-04,0.0,1.0,0.0,0.0,0,0,0,0
C0748,2025-04,3.0,4.0,1.0,1.0,0,0,0,0
C0749,2025-04,6.0,1.0,1.0,2.0,0,0,0,0
C0750,2025-04,4.0,2.0,0.0,3.0,0,0,0,0
C0751,2025-04,0.0,0.0,0.0,2.0,0,0,1,0
C0752,2025-04,3.0,2.0,0.0,2.0,0,0,0,0
C0753,2025-04,3.0,0.0,1.0,1.0,0,0,0,0
C0754,2025-04,2.0,0.0,1.0,1.0,0,0,0,0
C0755,2025-04,0.0,1.0,0.0,0.0,0,1,0,0
C0756,2025-04,1.0,2.0,0.0,1.0,0,0,0,0
C0757,2025-04,1.0,0.0,0.0,0.0,0,0,0,0
C0758,2025-04,1.0,1.0,0.0,0.0,0,0,0,0
C0759,2025-04,2.0,3.0,0.0,0.0,1,0,0,0
C0760,2025-04,2.0,0.0,1.0,4.0,0,0,0,0
C0761,2025-04,5.0,2.0,1.0,2.0,0,0,0,0
C0762,2025-04,2.0,4.0,0.0,1.0,1,0,0,0
C0763,2025-04,2.0,1.0,0.0,0.0,0,0,0,0
C0764,2025-04,0.0,2.0,0.0,1.0,0,0,0,0
C0765,2025-04,2.0,2.0,0.0,0.0,0,0,0,0
C0766,2025-04,1.0,0.0,0.0,1.0,0,0,0,0
C0767,2025-04,3.0,0.0,0.0,0.0,0,0,0,0
C0768,2025-04,2.0,1.0,1.0,0.0,0,1,0,0
C0769,2025-04,2.0,1.0,3.0,1.0,0,0,0,0
C0770,2025-04,1.0,1.0,0.0,0.0,0,0,0,0
C0771,2025-04,0.0,2.0,0.0,1.0,0,0,0,0
C0772,2025-04,1.0,4.0,0.0,1.0,0,0,1,0
C0773,2025-04,0.0,1.0,0.0,1.0,0,0,0,0
C0774,2025-04,0.0,2.0,1.0,1.0,0,0,0,0
C0775,2025-04,4.0,0.0,1.0,0.0,0,0,0,0
C0776,2025-04,4.0,1.0,0.0,1.0,0,1,0,0
C0777,2025-04,4.0,0.0,1.0,1.0,0,0,0,0
C0778,2025-04,2.0,1.0,0.0,0.0,0,0,0,0
C0779,2025-04,3.0,2.0,0.0,0.0,0,0,0,0
C0780,2025-04,3.0,2.0,0.0,1.0,0,0,0,0
C0781,2025-04,3.0,2.0,0.0,0.0,0,0,0,0
C0782,2025-04,1.0,1.0,1.0,0.0,0,1,0,0
C0783,2025-04,3.0,1.0,0.0,1.0,0,0,0,0
C0784,2025-04,3.0,0.0,0.0,1.0,0,0,0,0
C0785,2025-04,1.0,0.0,1.0,0.0,0,0,0,0
C0786,2025-04,1.0,2.0,0.0,0.0,0,0,0,0
C0787,2025-04,0.0,2.0,0.0,0.0,0,0,0,0
C0788,2025-04,2.0,0.0,0.0,1.0,0,0,0,0
C0789,2025-04,1.0,1.0,1.0,1.0,0,0,0,0
C0790,2025-04,2.0,0.0,1.0,0.0,0,0,0,0
C0791,2025-04,1.0,2.0,0.0,2.0,0,0,0,0
C0792,2025-04,2.0,1.0,1.0,0.0,0,0,0,0
C0793,2025-04,4.0,1.0,0.0,1.0,0,0,0,1
C0794,2025-04,1.0,0.0,3.0,1.0,0,0,0,0
C0795,2025-04,5.0,3.0,0.0,1.0,0,0,0,1
C0796,2025-04,2.0,1.0,3.0,0.0,0,0,0,0
C0797,2025-04,1.0,0.0,0.0,1.0,0,0,0,0
C0798,2025-04,2.0,4.0,1.0,3.0,0,0,0,0
C0799,2025-04,2.0,2.0,1.0,1.0,0,0,0,0
C0800,2025-04,2.0,0.0,1.0,1.0,1,0,0,0
H0001,2025-05,1.0,1.0,1.0,0.0,0,0,0,0
H0002,2025-05,1.0,2.0,0.0,0.0,0,0,0,0
H0003,2025-05,1.0,3.0,1.0,0.0,0,0,0,0
H0004,2025-05,0.0,2.0,0.0,5.0,0,0,0,0
H0005,2025-05,5.0,3.0,0.0,3.0,0,0,0,0
H0006,2025-05,0.0,1.0,1.0,1.0,0,0,0,0
H0007,2025-05,1.0,1.0,0.0,1.0,0,0,0,0
H0008,2025-05,0.0,1.0,2.0,1.0,0,0,0,0
H0009,2025-05,4.0,0.0,1.0,1.0,0,0,0,0
H0010,2025-05,3.0,2.0,0.0,1.0,0,0,0,0
H0011,2025-05,3.0,1.0,1.0,1.0,0,0,0,0
H0012,2025-05,1.0,2.0,0.0,2.0,0,0,1,0
H0013,2025-05,2.0,1.0,0.0,1.0,0,0,0,1
H0014,2025-05,2.0,1.0,0.0,1.0,1,0,0,0
H0015,2025-05,4.0,3.0,0.0,2.0,0,0,0,0
H0016,2025-05,2.0,0.0,0.0,6.0,0,0,0,0
H0017,2025-05,2.0,2.0,0.0,0.0,0,0,0,0
H0018,2025-05,1.0,3.0,0.0,0.0,0,0,0,0
H0019,2025-05,3.0,1.0,1.0,1.0,0,0,0,0
H0020,2025-05,2.0,1.0,0.0,0.0,0,1,0,0
H0021,2025-05,2.0,3.0,0.0,0.0,0,0,0,0
H0022,2025-05,4.0,1.0,0.0,0.0,0,0,0,0
H0023,2025-05,5.0,2.0,1.0,1.0,0,0,0,0
H0024,2025-05,2.0,2.0,0.0,0.0,0,0,0,0
H0025,2025-05,2.0,2.0,0.0,1.0,1,0,0,0
H0026,2025-05,1.0,4.0,1.0,2.0,0,0,0,0
H0027,2025-05,3.0,0.0,0.0,0.0,0,0,0,0
H0028,2025-05,0.0,0.0,0.0,1.0,0,0,0,0
H0029,2025-05,1.0,0.0,1.0,0.0,0,0,0,0
H0030,2025-05,3.0,1.0,0.0,0.0,0,0,0,0
H0031,2025-05,2.0,0.0,1.0,2.0,0,0,0,0
H0032,2025-05,4.0,0.0,0.0,2.0,0,0,0,0
H0033,2025-05,3.0,2.0,0.0,0.0,0,0,0,0
H0034,2025-05,1.0,2.0,0.0,2.0,0,0,0,0
H0035,2025-05,3.0,4.0,0.0,3.0,0,0,0,0
H0036,2025-05,1.0,1.0,0.0,3.0,0,0,1,0
H0037,2025-05,0.0,1.0,2.0,0.0,0,0,0,0
H0038,2025-05,1.0,1.0,0.0,0.0,0,0,0,0
H0039,2025-05,2.0,0.0,0.0,0.0,0,0,0,0
H0040,2025-05,1.0,2.0,0.0,1.0,0,0,0,0
H0041,2025-05,0.0,2.0,0.0,1.0,0,0,0,1
H0042,2025-05,3.0,2.0,0.0,0.0,0,0,0,0
H0043,2025-05,1.0,3.0,0.0,0.0,0,0,0,0
H0044,2025-05,1.0,0.0,2.0,3.0,0,0,0,0
H0045,2025-05,2.0,0.0,0.0,0.0,0,0,0,0
H0046,2025-05,2.0,2.0,0.0,1.0,0,0,0,0
H0047,2025-05,1.0,2.0,1.0,2.0,0,0,0,0
H0048,2025-05,2.0,3.0,0.0,2.0,0,0,0,0
H0049,2025-05,2.0,3.0,0.0,0.0,0,0,0,0
H0050,2025-05,2.0,0.0,0.0,0.0,0,0,0,0
H0051,2025-05,2.0,0.0,0.0,1.0,0,0,0,0
H0052,2025-05,3.0,1.0,1.0,2.0,0,0,0,0
H0053,2025-05,0.0,2.0,0.0,2.0,0,0,0,0
H0054,2025-05,2.0,1.0,1.0,0.0,0,0,0,0
H0055,2025-05,4.0,0.0,0.0,1.0,0,0,0,0
H0056,2025-05,2.0,0.0,1.0,1.0,0,0,0,0
H0057,2025-05,2.0,1.0,0.0,4.0,1,1,0,0
H0058,2025-05,1.0,3.0,0.0,2.0,0,0,0,0
H0059,2025-05,1.0,2.0,1.0,1.0,0,0,0,1
H0060,2025-05,2.0,1.0,0.0,0.0,0,0,0,0
H0061,2025-05,2.0,1.0,0.0,0.0,0,0,0,0
H0062,2025-05,0.0,0.0,2.0,0.0,0,0,0,0
H0063,2025-05,1.0,0.0,0.0,1.0,0,0,0,0
H0064,2025-05,3.0,0.0,2.0,0.0,0,0,0,0
H0065,2025-05,1.0,0.0,1.0,2.0,0,0,0,0
H0066,2025-05,2.0,0.0,0.0,1.0,1,0,0,0
H0067,2025-05,4.0,0.0,2.0,0.0,0,0,0,0
H0068,2025-05,3.0,1.0,2.0,2.0,0,1,0,0
H0069,2025-05,3.0,2.0,0.0,2.0,0,0,0,0
H0070,2025-05,2.0,1.0,0.0,0.0,0,0,1,0
H0071,2025-05,3.0,0.0,1.0,1.0,0,0,0,0
H0072,2025-05,1.0,0.0,2.0,2.0,0,0,0,0
H0073,2025-05,2.0,0.0,0.0,1.0,0,0,0,0
H0074,2025-05,1.0,2.0,0.0,2.0,0,0,0,0
H0075,2025-05,0.0,2.0,1.0,2.0,0,0,0,0
H0076,2025-05,0.0,1.0,0.0,0.0,0,0,0,0
H0077,2025-05,2.0,1.0,1.0,0.0,0,0,0,0
H0078,2025-05,3.0,1.0,0.0,0.0,0,0,1,0
H0079,2025-05,1.0,2.0,0.0,1.0,0,0,0,0
H0080,2025-05,3.0,0.0,2.0,1.0,0,0,0,1
H0081,2025-05,1.0,1.0,0.0,2.0,0,0,0,0
H0082,2025-05,4.0,0.0,1.0,1.0,0,0,0,0
H0083,2025-05,3.0,4.0,1.0,1.0,0,0,0,0
H0084,2025-05,2.0,0.0,1.0,0.0,0,0,0,0
H0085,2025-05,2.0,1.0,2.0,2.0,0,0,0,0
H0086,2025-05,1.0,4.0,0.0,0.0,0,0,0,0
H0087,2025-05,2.0,1.0,0.0,0.0,0,0,0,0
H0088,2025-05,4.0,3.0,0.0,1.0,0,0,0,0
H0089,2025-05,1.0,1.0,0.0,1.0,0,0,0,0
H0090,2025-05,1.0,1.0,1.0,0.0,0,0,0,0
H0091,2025-05,3.0,0.0,0.0,1.0,0,0,0,1
H0092,2025-05,1.0,2.0,1.0,1.0,0,0,0,0
H0093,2025-05,1.0,1.0,0.0,0.0,0,0,0,0
H0094,2025-05,1.0,0.0,2.0,2.0,0,0,0,0
H0095,2025-05,1.0,1.0,0.0,1.0,0,0,0,0
H0096,2025-05,3.0,0.0,1.0,0.0,0,0,0,0
H0097,2025-05,1.0,1.0,0.0,2.0,0,0,1,0
H0098,2025-05,0.0,3.0,1.0,1.0,0,0,0,0
H0099,2025-05,3.0,2.0,0.0,2.0,0,0,0,0
H0100,2025-05,1.0,1.0,1.0,2.0,0,0,0,0
H0101,2025-05,6.0,0.0,0.0,2.0,0,0,0,0
H0102,2025-05,1.0,4.0,0.0,1.0,0,0,0,0
H0103,2025-05,5.0,0.0,0.0,2.0,0,0,0,0
H0104,2025-05,2.0,2.0,1.0,1.0,0,0,0,0
H0105,2025-05,3.0,1.0,0.0,0.0,0,0,0,0
H0106,2025-05,0.0,0.0,1.0,0.0,0,0,0,0
H0107,2025-05,1.0,3.0,0.0,2.0,0,0,0,0
H0108,2025-05,2.0,2.0,2.0,0.0,0,0,0,0
H0109,2025-05,4.0,0.0,2.0,1.0,0,0,0,0
H0110,2025-05,3.0,3.0,0.0,1.0,0,0,0,0
H0111,2025-05,5.0,1.0,1.0,3.0,0,0,0,0
H0112,2025-05,1.0,0.0,0.0,2.0,0,0,0,0
H0113,2025-05,1.0,0.0,0.0,1.0,0,0,0,0
H0114,2025-05,3.0,1.0,1.0,0.0,0,0,0,0
H0115,2025-05,2.0,1.0,0.0,2.0,0,0,0,0
H0116,2025-05,0.0,1.0,1.0,2.0,0,0,0,0
H0117,2025-05,4.0,4.0,1.0,0.0,0,0,0,0
H0118,2025-05,1.0,1.0,0.0,3.0,0,0,0,0
H0119,2025-05,2.0,1.0,0.0,2.0,0,0,0,0
H0120,2025-05,1.0,4.0,1.0,0.0,0,0,0,0
H0121,2025-05,0.0,2.0,0.0,0.0,0,0,0,0
H0122,2025-05,2.0,0.0,0.0,1.0,0,0,0,0
H0123,2025-05,0.0,1.0,1.0,0.0,0,0,0,0
H0124,2025-05,3.0,1.0,1.0,0.0,0,0,0,0
H0125,2025-05,5.0,1.0,0.0,1.0,0,0,0,0
H0126,2025-05,3.0,0.0,1.0,3.0,0,0,0,0
H0127,2025-05,2.0,0.0,0.0,2.0,1,0,0,0
H0128,2025-05,2.0,1.0,0.0,1.0,0,0,0,0
H0129,2025-05,3.0,1.0,0.0,1.0,0,0,0,0
H0130,2025-05,1.0,1.0,1.0,0.0,0,0,0,0
H0131,2025-05,1.0,0.0,1.0,1.0,0,0,0,1
H0132,2025-05,2.0,0.0,0.0,0.0,0,0,0,0
H0133,2025-05,1.0,2.0,1.0,1.0,0,0,0,0
H0134,2025-05,4.0,0.0,0.0,1.0,0,0,0,0
H0135,2025-05,4.0,2.0,0.0,1.0,0,0,0,0
H0136,2025-05,7.0,0.0,2.0,1.0,0,0,0,0
H0137,2025-05,1.0,1.0,1.0,1.0,0,0,0,1
H0138,2025-05,1.0,0.0,1.0,1.0,0,0,0,0
H0139,2025-05,1.0,3.0,1.0,1.0,0,0,0,0
H0140,2025-05,1.0,1.0,0.0,1.0,0,0,0,0
H0141,2025-05,2.0,1.0,0.0,0.0,1,0,0,0
H0142,2025-05,3.0,1.0,1.0,1.0,0,0,0,0
H0143,2025-05,7.0,0.0,0.0,0.0,0,0,0,0
H0144,2025-05,3.0,1.0,1.0,2.0,0,0,0,0
H0145,2025-05,3.0,0.0,0.0,1.0,0,0,0,0
H0146,2025-05,0.0,0.0,1.0,0.0,0,0,0,0
H0147,2025-05,3.0,1.0,0.0,3.0,0,0,0,0
H0148,2025-05,1.0,1.0,0.0,0.0,0,0,0,0
H0149,2025-05,3.0,0.0,2.0,1.0,0,0,0,0
H0150,2025-05,2.0,2.0,0.0,0.0,0,0,0,0
H0151,2025-05,3.0,1.0,0.0,0.0,0,0,0,0
H0152,2025-05,3.0,0.0,0.0,0.0,0,0,0,0
H0153,2025-05,3.0,0.0,0.0,2.0,0,0,0,0
H0154,2025-05,4.0,2.0,0.0,1.0,0,0,0,0
H0155,2025-05,1.0,3.0,2.0,0.0,0,0,0,0
H0156,2025-05,1.0,1.0,1.0,3.0,0,0,0,0
H0157,2025-05,5.0,2.0,1.0,1.0,0,0,0,0
H0158,2025-05,2.0,0.0,0.0,1.0,0,0,0,0
H0159,2025-05,3.0,1.0,1.0,0.0,0,0,0,0
H0160,2025-05,0.0,2.0,0.0,1.0,0,0,0,0
H0161,2025-05,2.0,2.0,2.0,3.0,0,0,0,0
H0162,2025-05,3.0,2.0,0.0,1.0,0,0,0,0
H0163,2025-05,0.0,0.0,0.0,1.0,0,0,0,1
H0164,2025-05,2.0,1.0,1.0,0.0,0,0,0,0
H0165,2025-05,2.0,1.0,1.0,1.0,0,0,0,0
H0166,2025-05,2.0,0.0,1.0,1.0,0,0,0,0
H0167,2025-05,0.0,2.0,2.0,0.0,0,0,0,0
H0168,2025-05,2.0,1.0,0.0,1.0,1,0,0,0
H0169,2025-05,2.0,0.0,0.0,3.0,0,0,0,0
H0170,2025-05,1.0,1.0,0.0,1.0,0,0,0,1
H0171,2025-05,2.0,3.0,1.0,1.0,1,0,0,0
H0172,2025-05,2.0,2.0,0.0,1.0,0,0,0,0
H0173,2025-05,3.0,2.0,1.0,0.0,0,0,0,0
H0174,2025-05,0.0,2.0,0.0,1.0,0,0,0,0
H0175,2025-05,5.0,1.0,0.0,4.0,0,0,0,0
H0176,2025-05,2.0,1.0,2.0,2.0,1,0,0,0
H0177,2025-05,2.0,0.0,0.0,0.0,0,0,0,0
H0178,2025-05,2.0,0.0,2.0,0.0,0,0,0,0
H0179,2025-05,1.0,1.0,0.0,2.0,0,0,0,0
H0180,2025-05,2.0,1.0,0.0,0.0,0,0,0,0
H0181,2025-05,4.0,0.0,2.0,0.0,0,0,0,0
H0182,2025-05,4.0,3.0,3.0,1.0,0,0,0,0
H0183,2025-05,3.0,2.0,1.0,0.0,0,0,0,0
H0184,2025-05,4.0,2.0,2.0,0.0,0,0,0,0
H0185,2025-05,2.0,0.0,0.0,1.0,0,0,0,0
H0186,2025-05,1.0,0.0,0.0,1.0,0,0,0,1
H0187,2025-05,0.0,1.0,2.0,1.0,0,0,0,0
H0188,2025-05,2.0,1.0,0.0,3.0,0,0,0,0
H0189,2025-05,2.0,2.0,0.0,1.0,0,0,0,0
H0190,2025-05,2.0,0.0,0.0,2.0,0,0,0,0
H0191,2025-05,0.0,1.0,1.0,0.0,0,0,0,0
H0192,2025-05,2.0,2.0,1.0,1.0,0,0,0,0
H0193,2025-05,3.0,0.0,0.0,0.0,0,0,0,0
H0194,2025-05,0.0,0.0,0.0,2.0,0,0,0,0
H0195,2025-05,0.0,2.0,1.0,2.0,0,0,0,0
H0196,2025-05,3.0,0.0,0.0,0.0,0,0,0,0
H0197,2025-05,0.0,1.0,1.0,0.0,0,0,0,0
H0198,2025-05,2.0,2.0,2.0,1.0,0,0,0,0
H0199,2025-05,1.0,0.0,1.0,1.0,0,0,0,0
H0200,2025-05,3.0,2.0,0.0,0.0,0,0,1,0
H0201,2025-05,2.0,2.0,1.0,2.0,0,0,0,0
H0202,2025-05,3.0,2.0,0.0,0.0,0,0,0,0
H0203,2025-05,5.0,0.0,1.0,2.0,0,0,0,0
H0204,2025-05,5.0,1.0,2.0,2.0,0,0,0,0
H0205,2025-05,1.0,2.0,1.0,2.0,0,0,0,0
H0206,2025-05,3.0,0.0,0.0,1.0,0,0,0,0
H0207,2025-05,3.0,0.0,1.0,0.0,0,0,0,0
H0208,2025-05,2.0,1.0,1.0,2.0,0,0,0,0
H0209,2025-05,2.0,4.0,0.0,1.0,0,0,1,0
H0210,2025-05,2.0,3.0,0.0,1.0,0,0,0,0
H0211,2025-05,2.0,3.0,0.0,1.0,0,0,0,0
H0212,2025-05,2.0,0.0,0.0,0.0,0,0,0,0
H0213,2025-05,0.0,3.0,3.0,0.0,0,0,0,0
H0214,2025-05,4.0,1.0,2.0,1.0,0,0,0,0
H0215,2025-05,1.0,3.0,0.0,1.0,0,0,0,0
H0216,2025-05,1.0,0.0,1.0,2.0,0,0,0,0
H0217,2025-05,5.0,1.0,1.0,0.0,0,1,0,0
H0218,2025-05,0.0,1.0,2.0,0.0,0,0,0,0
H0219,2025-05,1.0,1.0,1.0,3.0,0,0,0,0
H0220,2025-05,2.0,3.0,0.0,1.0,0,0,0,0
H0221,2025-05,3.0,1.0,0.0,0.0,0,0,0,0
H0222,2025-05,4.0,0.0,2.0,2.0,0,0,0,0
H0223,2025-05,0.0,2.0,3.0,1.0,0,0,0,0
H0224,2025-05,1.0,1.0,0.0,0.0,0,0,0,0
H0225,2025-05,2.0,1.0,0.0,1.0,0,0,0,0
H0226,2025-05,1.0,0.0,0.0,1.0,0,0,0,1
H0227,2025-05,2.0,2.0,0.0,1.0,0,0,1,0
H0228,2025-05,3.0,1.0,2.0,1.0,0,0,0,0
H0229,2025-05,1.0,2.0,0.0,2.0,0,0,0,0
H0230,2025-05,2.0,1.0,0.0,1.0,0,0,0,0
H0231,2025-05,0.0,1.0,0.0,1.0,0,0,0,0
H0232,2025-05,0.0,0.0,0.0,0.0,0,0,0,0
H0233,2025-05,0.0,1.0,0.0,1.0,0,0,1,0
H0234,2025-05,3.0,1.0,0.0,0.0,0,0,0,0
H0235,2025-05,2.0,0.0,0.0,1.0,0,0,0,0
H0236,2025-05,4.0,1.0,1.0,3.0,0,0,0,0
H0237,2025-05,2.0,1.0,2.0,2.0,0,0,0,0
H0238,2025-05,1.0,2.0,0.0,2.0,0,0,0,0
H0239,2025-05,5.0,2.0,1.0,1.0,0,0,0,1
H0240,2025-05,3.0,1.0,0.0,2.0,0,0,0,0
H0241,2025-05,3.0,1.0,0.0,0.0,0,0,0,0
H0242,2025-05,2.0,3.0,1.0,2.0,0,0,0,0
H0243,2025-05,0.0,1.0,1.0,1.0,0,0,0,0
H0244,2025-05,0.0,3.0,0.0,0.0,0,0,0,0
H0245,2025-05,1.0,1.0,3.0,0.0,0,0,0,0
H0246,2025-05,0.0,2.0,1.0,0.0,0,0,0,0
H0247,2025-05,1.0,1.0,1.0,1.0,0,0,0,1
H0248,2025-05,4.0,3.0,0.0,0.0,0,0,0,0
H0249,2025-05,2.0,2.0,0.0,2.0,0,0,0,0
H0250,2025-05,2.0,1.0,0.0,2.0,0,0,0,0
H0251,2025-05,2.0,0.0,0.0,0.0,0,0,0,0
H0252,2025-05,5.0,1.0,0.0,0.0,0,1,0,0
H0253,2025-05,5.0,1.0,1.0,0.0,0,0,0,0
H0254,2025-05,1.0,2.0,1.0,3.0,0,0,0,0
H0255,2025-05,1.0,1.0,1.0,0.0,0,0,0,0
H0256,2025-05,1.0,0.0,2.0,2.0,0,0,0,0
H0257,2025-05,4.0,1.0,1.0,4.0,0,0,0,0
H0258,2025-05,1.0,1.0,1.0,1.0,0,0,0,0
H0259,2025-05,3.0,2.0,0.0,0.0,0,0,0,0
H0260,2025-05,1.0,0.0,0.0,0.0,0,0,0,0
H0261,2025-05,2.0,0.0,0.0,1.0,0,0,0,0
H0262,2025-05,3.0,1.0,0.0,0.0,0,0,0,0
H0263,2025-05,4.0,0.0,1.0,0.0,0,0,0,0
H0264,2025-05,1.0,0.0,2.0,1.0,0,0,0,0
H0265,2025-05,3.0,0.0,2.0,1.0,0,0,0,0
H0266,2025-05,4.0,1.0,0.0,2.0,0,0,0,0
H0267,2025-05,2.0,1.0,1.0,0.0,0,0,0,0
H0268,2025-05,5.0,0.0,0.0,1.0,0,0,0,0
H0269,2025-05,2.0,0.0,2.0,0.0,0,0,0,0
H0270,2025-05,2.0,1.0,1.0,0.0,1,0,0,0
H0271,2025-05,2.0,0.0,1.0,0.0,0,0,0,0
H0272,2025-05,0.0,0.0,1.0,0.0,0,0,0,0
H0273,2025-05,4.0,1.0,3.0,4.0,0,0,0,0
H0274,2025-05,4.0,2.0,0.0,2.0,0,0,0,0
H0275,2025-05,3.0,1.0,0.0,1.0,0,0,0,0
H0276,2025-05,1.0,2.0,0.0,2.0,0,0,0,0
H0277,2025-05,2.0,0.0,0.0,3.0,0,0,0,0
H0278,2025-05,0.0,2.0,0.0,1.0,0,0,0,0
H0279,2025-05,1.0,2.0,1.0,2.0,0,0,0,0
H0280,2025-05,2.0,1.0,0.0,2.0,0,0,0,0
H0281,2025-05,1.0,2.0,0.0,2.0,0,0,0,0
H0282,2025-05,2.0,3.0,1.0,0.0,0,0,0,0
H0283,2025-05,0.0,1.0,0.0,2.0,0,1,0,0
H0284,2025-05,1.0,1.0,0.0,0.0,0,0,0,0
H0285,2025-05,2.0,1.0,1.0,2.0,0,0,0,0
H0286,2025-05,2.0,1.0,0.0,0.0,0,0,0,0
H0287,2025-05,1.0,2.0,0.0,1.0,0,0,0,0
H0288,2025-05,5.0,0.0,1.0,0.0,0,0,0,0
H0289,2025-05,2.0,1.0,0.0,2.0,0,0,1,0
H0290,2025-05,1.0,2.0,0.0,2.0,0,0,0,0
H0291,2025-05,2.0,0.0,1.0,1.0,0,0,0,0
H0292,2025-05,1.0,0.0,0.0,0.0,0,0,0,0
H0293,2025-05,2.0,0.0,0.0,3.0,0,0,0,0
H0294,2025-05,2.0,1.0,0.0,0.0,0,0,1,0
H0295,2025-05,0.0,1.0,1.0,0.0,0,0,0,0
H0296,2025-05,0.0,3.0,0.0,2.0,0,0,0,0
H0297,2025-05,0.0,1.0,0.0,1.0,0,0,0,0
H0298,2025-05,0.0,0.0,2.0,0.0,0,0,0,0
H0299,2025-05,2.0,1.0,0.0,0.0,0,0,0,0
H0300,2025-05,1.0,0.0,0.0,1.0,0,0,1,0
H0301,2025-05,2.0,0.0,0.0,2.0,0,0,0,0
H0302,2025-05,1.0,0.0,1.0,1.0,0,0,0,0
H0303,2025-05,2.0,1.0,1.0,2.0,0,0,0,0
H0304,2025-05,0.0,1.0,2.0,1.0,0,1,0,0
H0305,2025-05,4.0,0.0,1.0,0.0,0,0,0,0
H0306,2025-05,2.0,1.0,0.0,1.0,1,0,0,1
H0307,2025-05,1.0,3.0,2.0,0.0,0,0,0,0
H0308,2025-05,2.0,1.0,1.0,1.0,1,0,0,1
H0309,2025-05,0.0,0.0,3.0,1.0,0,0,0,0
H0310,2025-05,3.0,0.0,0.0,2.0,0,0,0,0
H0311,2025-05,0.0,4.0,1.0,0.0,0,0,0,0
H0312,2025-05,2.0,3.0,0.0,1.0,0,0,0,0
H0313,2025-05,2.0,0.0,0.0,1.0,0,0,0,0
H0314,2025-05,3.0,0.0,0.0,2.0,0,0,0,0
H0315,2025-05,7.0,0.0,2.0,1.0,0,0,0,0
H0316,2025-05,2.0,2.0,0.0,0.0,0,0,0,0
H0317,2025-05,3.0,2.0,1.0,3.0,0,0,0,0
H0318,2025-05,3.0,1.0,0.0,1.0,0,0,0,0
H0319,2025-05,2.0,1.0,0.0,0.0,0,0,0,0
H0320,2025-05,2.0,0.0,0.0,0.0,0,0,0,0
H0321,2025-05,0.0,1.0,2.0,0.0,0,0,0,0
H0322,2025-05,0.0,2.0,2.0,0.0,0,0,0,0
H0323,2025-05,0.0,0.0,0.0,3.0,0,0,0,0
H0324,2025-05,2.0,1.0,0.0,0.0,1,0,0,0
H0325,2025-05,2.0,0.0,1.0,1.0,0,0,0,0
H0326,2025-05,2.0,2.0,0.0,0.0,0,0,0,0
H0327,2025-05,3.0,1.0,0.0,1.0,0,0,0,0
H0328,2025-05,2.0,0.0,3.0,1.0,0,0,0,0
H0329,2025-05,5.0,1.0,1.0,3.0,0,0,0,0
H0330,2025-05,1.0,0.0,0.0,1.0,0,0,0,0
H0331,2025-05,0.0,1.0,1.0,1.0,0,0,0,1
H0332,2025-05,2.0,1.0,0.0,0.0,0,0,1,0
H0333,2025-05,1.0,4.0,0.0,1.0,0,0,1,0
H0334,2025-05,1.0,0.0,0.0,4.0,0,0,0,0
H0335,2025-05,3.0,0.0,3.0,2.0,0,0,0,0
H0336,2025-05,2.0,0.0,0.0,1.0,0,0,0,0
H0337,2025-05,1.0,1.0,0.0,0.0,0,0,0,0
H0338,2025-05,1.0,2.0,0.0,1.0,0,0,0,0
H0339,2025-05,6.0,0.0,0.0,0.0,0,0,0,0
H0340,2025-05,1.0,0.0,1.0,2.0,0,0,0,0
H0341,2025-05,0.0,3.0,3.0,1.0,0,0,0,0
H0342,2025-05,0.0,1.0,2.0,0.0,0,0,0,0
H0343,2025-05,4.0,0.0,1.0,3.0,0,0,0,0
H0344,2025-05,3.0,0.0,1.0,2.0,0,0,0,0
H0345,2025-05,0.0,2.0,1.0,2.0,0,0,0,0
H0346,2025-05,1.0,0.0,1.0,3.0,0,0,0,0
H0347,2025-05,3.0,0.0,1.0,0.0,0,0,0,0
H0348,2025-05,4.0,1.0,1.0,1.0,0,0,0,0
H0349,2025-05,1.0,1.0,0.0,0.0,0,0,0,0
H0350,2025-05,2.0,0.0,0.0,0.0,0,0,1,0
H0351,2025-05,1.0,2.0,0.0,1.0,0,0,0,0
H0352,2025-05,0.0,2.0,0.0,0.0,0,0,0,0
H0353,2025-05,2.0,2.0,2.0,0.0,0,0,0,0
H0354,2025-05,3.0,0.0,2.0,0.0,0,0,0,0
H0355,2025-05,0.0,0.0,1.0,0.0,0,0,0,0
H0356,2025-05,2.0,2.0,2.0,1.0,0,0,0,0
H0357,2025-05,1.0,0.0,0.0,0.0,0,0,0,0
H0358,2025-05,4.0,4.0,1.0,1.0,0,0,0,0
H0359,2025-05,2.0,1.0,2.0,1.0,0,0,0,0
H0360,2025-05,2.0,2.0,1.0,1.0,0,0,0,0
H0361,2025-05,0.0,0.0,0.0,3.0,0,0,0,0
H0362,2025-05,5.0,1.0,1.0,1.0,0,0,0,0
H0363,2025-05,0.0,0.0,2.0,0.0,0,0,0,0
H0364,2025-05,5.0,1.0,0.0,1.0,0,0,0,0
H0365,2025-05,0.0,1.0,1.0,1.0,0,0,0,0
H0366,2025-05,1.0,1.0,0.0,2.0,0,0,0,0
H0367,2025-05,1.0,0.0,0.0,1.0,0,0,0,0
H0368,2025-05,2.0,1.0,0.0,0.0,0,0,0,0
H0369,2025-05,1.0,1.0,1.0,1.0,0,0,0,0
H0370,2025-05,2.0,1.0,1.0,1.0,0,0,0,0
H0371,2025-05,1.0,4.0,1.0,2.0,0,0,0,0
H0372,2025-05,3.0,2.0,1.0,1.0,0,0,0,0
H0373,2025-05,0.0,0.0,0.0,1.0,0,0,0,0
H0374,2025-05,4.0,4.0,0.0,1.0,0,0,0,0
H0375,2025-05,1.0,1.0,2.0,1.0,0,0,0,0
H0376,2025-05,1.0,0.0,0.0,1.0,0,0,0,0
H0377,2025-05,2.0,2.0,0.0,0.0,0,0,0,0
H0378,2025-05,1.0,0.0,0.0,0.0,0,0,1,0
H0379,2025-05,1.0,2.0,0.0,1.0,0,0,0,1
H0380,2025-05,1.0,0.0,0.0,1.0,0,0,0,0
H0381,2025-05,1.0,1.0,1.0,2.0,0,0,0,0
H0382,2025-05,0.0,4.0,0.0,1.0,0,0,0,0
H0383,2025-05,2.0,0.0,0.0,1.0,0,0,0,1
H0384,2025-05,1.0,1.0,0.0,2.0,0,0,0,0
H0385,2025-05,2.0,1.0,0.0,1.0,0,0,0,0
H0386,2025-05,0.0,0.0,2.0,2.0,0,0,0,0
H0387,2025-05,3.0,2.0,1.0,2.0,0,0,0,0
H0388,2025-05,3.0,0.0,1.0,4.0,0,0,0,0
H0389,2025-05,4.0,0.0,0.0,0.0,0,0,0,0
H0390,2025-05,0.0,1.0,0.0,2.0,0,1,1,0
H0391,2025-05,4.0,4.0,1.0,3.0,0,0,0,0
H0392,2025-05,3.0,1.0,1.0,0.0,0,0,0,0
H0393,2025-05,5.0,1.0,0.0,1.0,0,0,0,0
H0394,2025-05,2.0,4.0,3.0,2.0,1,0,0,0
H0395,2025-05,2.0,0.0,0.0,0.0,0,0,0,0
H0396,2025-05,4.0,1.0,3.0,2.0,0,0,0,0
H0397,2025-05,2.0,1.0,0.0,1.0,0,0,0,0
H0398,2025-05,1.0,1.0,0.0,2.0,0,0,0,0
H0399,2025-05,1.0,1.0,2.0,3.0,0,0,0,0
H0400,2025-05,2.0,1.0,1.0,3.0,0,0,0,0
H0401,2025-05,2.0,2.0,1.0,0.0,0,0,0,0
H0402,2025-05,2.0,1.0,0.0,2.0,0,0,0,0
H0403,2025-05,4.0,2.0,1.0,0.0,0,0,0,0
H0404,2025-05,1.0,0.0,0.0,0.0,0,0,0,0
H0405,2025-05,2.0,2.0,0.0,0.0,0,0,0,0
H0406,2025-05,1.0,4.0,0.0,1.0,0,0,0,0
H0407,2025-05,1.0,1.0,0.0,0.0,0,0,1,0
H0408,2025-05,2.0,0.0,0.0,2.0,0,0,0,0
H0409,2025-05,2.0,1.0,0.0,0.0,0,1,0,0
H0410,2025-05,1.0,0.0,2.0,0.0,0,0,0,0
H0411,2025-05,3.0,1.0,0.0,0.0,0,0,0,0
H0412,2025-05,2.0,0.0,2.0,1.0,0,0,0,0
H0413,2025-05,3.0,1.0,0.0,0.0,0,0,0,0
H0414,2025-05,4.0,2.0,1.0,2.0,0,0,0,0
H0415,2025-05,0.0,0.0,0.0,1.0,0,0,0,0
H0416,2025-05,1.0,1.0,0.0,1.0,0,0,0,0
H0417,2025-05,3.0,1.0,0.0,1.0,0,0,0,0
H0418,2025-05,2.0,1.0,1.0,0.0,1,0,0,0
H0419,2025-05,0.0,0.0,0.0,2.0,0,0,0,0
H0420,2025-05,1.0,2.0,0.0,2.0,0,0,0,0
H0421,2025-05,1.0,0.0,0.0,1.0,0,0,0,0
H0422,2025-05,1.0,0.0,0.0,1.0,0,0,1,0
H0423,2025-05,2.0,3.0,0.0,2.0,0,0,0,0
H0424,2025-05,1.0,1.0,0.0,1.0,0,0,0,0
H0425,2025-05,1.0,2.0,0.0,1.0,0,0,0,0
H0426,2025-05,3.0,2.0,1.0,0.0,0,0,0,0
H0427,2025-05,2.0,2.0,1.0,0.0,0,0,0,0
H0428,2025-05,4.0,1.0,0.0,1.0,0,0,0,0
H0429,2025-05,4.0,2.0,1.0,0.0,0,0,0,0
H0430,2025-05,2.0,2.0,1.0,3.0,0,0,0,0
H0431,2025-05,1.0,0.0,1.0,0.0,0,0,0,0
H0432,2025-05,1.0,2.0,0.0,2.0,0,0,0,0
H0433,2025-05,1.0,2.0,2.0,1.0,0,0,0,1
H0434,2025-05,1.0,1.0,1.0,2.0,0,0,0,0
H0435,2025-05,2.0,0.0,2.0,1.0,0,0,0,0
H0436,2025-05,0.0,3.0,0.0,1.0,0,0,0,0
H0437,2025-05,0.0,0.0,0.0,1.0,0,0,0,0
H0438,2025-05,1.0,0.0,1.0,0.0,0,0,0,0
H0439,2025-05,2.0,4.0,2.0,0.0,0,0,0,0
H0440,2025-05,2.0,0.0,1.0,1.0,0,0,0,0
H0441,2025-05,2.0,1.0,2.0,2.0,0,0,0,0
H0442,2025-05,0.0,1.0,0.0,5.0,0,1,0,0
H0443,2025-05,3.0,2.0,1.0,0.0,0,0,0,0
H0444,2025-05,2.0,4.0,1.0,1.0,1,0,0,1
H0445,2025-05,3.0,1.0,1.0,1.0,0,0,0,1
H0446,2025-05,0.0,4.0,0.0,3.0,0,0,0,0
H0447,2025-05,1.0,0.0,0.0,0.0,0,0,0,0
H0448,2025-05,2.0,1.0,0.0,1.0,0,0,0,0
H0449,2025-05,2.0,0.0,0.0,2.0,0,0,0,0
H0450,2025-05,2.0,1.0,0.0,5.0,0,0,0,0
H0451,2025-05,2.0,0.0,0.0,1.0,0,0,0,0
H0452,2025-05,5.0,2.0,1.0,1.0,0,0,0,0
H0453,2025-05,4.0,2.0,1.0,1.0,0,0,0,0
H0454,2025-05,1.0,2.0,0.0,2.0,0,0,0,0
H0455,2025-05,1.0,1.0,0.0,0.0,0,0,0,0
H0456,2025-05,1.0,1.0,1.0,0.0,0,0,0,0
H0457,2025-05,1.0,0.0,0.0,1.0,0,0,0,0
H0458,2025-05,2.0,1.0,1.0,0.0,0,1,0,0
H0459,2025-05,3.0,0.0,0.0,3.0,0,0,0,0
H0460,2025-05,2.0,1.0,1.0,2.0,0,0,0,0
H0461,2025-05,2.0,2.0,1.0,1.0,0,0,0,0
H0462,2025-05,2.0,0.0,0.0,0.0,0,0,0,0
H0463,2025-05,0.0,1.0,1.0,3.0,0,0,0,0
H0464,2025-05,2.0,1.0,0.0,1.0,0,0,0,0
H0465,2025-05,4.0,0.0,0.0,1.0,0,0,0,0
H0466,2025-05,2.0,2.0,0.0,2.0,0,0,0,0
H0467,2025-05,4.0,1.0,1.0,3.0,0,0,0,0
H0468,2025-05,7.0,0.0,1.0,1.0,0,0,0,0
H0469,2025-05,2.0,2.0,0.0,1.0,0,0,0,1
H0470,2025-05,1.0,0.0,0.0,0.0,0,0,0,0
H0471,2025-05,2.0,0.0,0.0,1.0,0,0,0,0
H0472,2025-05,3.0,1.0,0.0,0.0,0,1,0,0
H0473,2025-05,4.0,1.0,1.0,1.0,0,1,0,0
H0474,2025-05,4.0,0.0,1.0,0.0,0,0,0,0
H0475,2025-05,3.0,1.0,1.0,0.0,0,0,0,0
H0476,2025-05,2.0,3.0,0.0,0.0,0,0,0,0
H0477,2025-05,2.0,1.0,0.0,1.0,0,0,0,1
H0478,2025-05,2.0,4.0,0.0,1.0,0,0,0,0
H0479,2025-05,1.0,0.0,2.0,1.0,0,0,0,0
H0480,2025-05,2.0,1.0,1.0,0.0,0,0,0,0
H0481,2025-05,3.0,1.0,0.0,0.0,0,0,0,0
H0482,2025-05,4.0,3.0,1.0,1.0,0,0,0,0
H0483,2025-05,3.0,2.0,2.0,3.0,0,0,0,0
H0484,2025-05,0.0,1.0,1.0,0.0,0,0,0,0
H0485,2025-05,1.0,0.0,3.0,3.0,0,0,0,0
H0486,2025-05,3.0,2.0,1.0,0.0,0,0,0,0
H0487,2025-05,4.0,1.0,0.0,2.0,0,0,0,0
H0488,2025-05,2.0,2.0,2.0,1.0,0,0,0,0
H0489,2025-05,0.0,0.0,1.0,1.0,0,0,0,0
H0490,2025-05,4.0,1.0,1.0,0.0,0,0,0,0
H0491,2025-05,2.0,1.0,1.0,0.0,0,0,0,0
H0492,2025-05,1.0,1.0,1.0,2.0,0,0,0,0
H0493,2025-05,0.0,1.0,0.0,3.0,0,0,0,0
H0494,2025-05,2.0,4.0,0.0,0.0,0,0,0,0
H0495,2025-05,1.0,2.0,1.0,1.0,0,0,0,0
H0496,2025-05,6.0,2.0,2.0,0.0,0,0,0,0
H0497,2025-05,2.0,1.0,0.0,0.0,0,0,0,0
H0498,2025-05,1.0,1.0,0.0,1.0,0,1,0,1
H0499,2025-05,2.0,1.0,1.0,0.0,0,0,0,0
H0500,2025-05,0.0,1.0,0.0,3.0,0,0,1,0
H0501,2025-05,6.0,0.0,2.0,2.0,0,0,0,0
H0502,2025-05,3.0,0.0,1.0,2.0,0,0,0,0
H0503,2025-05,1.0,2.0,0.0,1.0,0,0,0,0
H0504,2025-05,1.0,3.0,3.0,1.0,0,0,0,0
H0505,2025-05,2.0,0.0,0.0,0.0,0,0,0,0
H0506,2025-05,1.0,0.0,0.0,0.0,0,0,0,0
H0507,2025-05,3.0,1.0,0.0,1.0,0,0,0,0
H0508,2025-05,1.0,3.0,0.0,2.0,0,0,0,0
H0509,2025-05,4.0,0.0,2.0,3.0,0,0,0,0
H0510,2025-05,2.0,3.0,0.0,1.0,0,0,0,0
H0511,2025-05,3.0,0.0,0.0,2.0,0,0,1,0
H0512,2025-05,1.0,3.0,1.0,0.0,0,0,0,0
H0513,2025-05,1.0,1.0,1.0,0.0,0,0,0,0
H0514,2025-05,2.0,0.0,0.0,1.0,1,0,0,0
H0515,2025-05,3.0,0.0,0.0,0.0,0,0,0,0
H0516,2025-05,2.0,0.0,0.0,3.0,0,0,0,0
H0517,2025-05,0.0,1.0,0.0,1.0,0,0,0,1
H0518,2025-05,1.0,3.0,0.0,1.0,0,0,0,0
H0519,2025-05,1.0,0.0,1.0,2.0,0,0,0,0
H0520,2025-05,1.0,0.0,3.0,3.0,0,0,0,0
H0521,2025-05,0.0,1.0,0.0,2.0,0,0,0,0
H0522,2025-05,4.0,2.0,1.0,3.0,0,0,0,0
H0523,2025-05,5.0,2.0,0.0,1.0,0,0,0,0
H0524,2025-05,2.0,1.0,0.0,1.0,1,0,1,0
H0525,2025-05,2.0,1.0,1.0,0.0,0,0,0,0
H0526,2025-05,2.0,2.0,1.0,1.0,0,0,0,0
H0527,2025-05,2.0,0.0,2.0,0.0,0,0,0,0
H0528,2025-05,2.0,0.0,1.0,1.0,0,0,0,0
H0529,2025-05,2.0,1.0,0.0,0.0,0,0,0,0
H0530,2025-05,4.0,2.0,1.0,0.0,0,0,0,0
H0531,2025-05,0.0,1.0,0.0,1.0,0,0,0,0
H0532,2025-05,0.0,1.0,0.0,0.0,0,0,0,0
H0533,2025-05,2.0,1.0,1.0,1.0,0,0,0,0
H0534,2025-05,1.0,1.0,1.0,1.0,0,0,0,0
H0535,2025-05,3.0,1.0,0.0,0.0,0,0,0,0
H0536,2025-05,2.0,2.0,0.0,1.0,0,0,0,0
H0537,2025-05,1.0,1.0,0.0,2.0,0,0,0,0
H0538,2025-05,3.0,3.0,1.0,2.0,0,0,0,0
H0539,2025-05,4.0,3.0,0.0,2.0,0,0,0,0
H0540,2025-05,3.0,2.0,0.0,0.0,0,0,0,0
H0541,2025-05,2.0,0.0,0.0,0.0,0,0,0,0
H0542,2025-05,1.0,0.0,0.0,2.0,0,0,0,0
H0543,2025-05,2.0,0.0,0.0,0.0,0,0,0,0
H0544,2025-05,1.0,2.0,0.0,1.0,0,0,0,0
H0545,2025-05,4.0,0.0,1.0,0.0,0,0,0,0
H0546,2025-05,8.0,1.0,2.0,1.0,0,0,0,0
H0547,2025-05,0.0,1.0,3.0,0.0,0,0,0,0
H0548,2025-05,2.0,2.0,1.0,2.0,0,0,0,0
H0549,2025-05,3.0,2.0,0.0,3.0,0,0,0,0
H0550,2025-05,2.0,2.0,0.0,1.0,1,0,0,0
H0551,2025-05,2.0,0.0,0.0,1.0,0,0,0,0
H0552,2025-05,2.0,1.0,0.0,0.0,0,0,0,0
H0553,2025-05,0.0,0.0,0.0,1.0,0,0,0,1
H0554,2025-05,2.0,1.0,0.0,1.0,0,0,0,0
H0555,2025-05,2.0,1.0,1.0,0.0,0,0,0,0
H0556,2025-05,1.0,2.0,0.0,1.0,0,0,1,1
H0557,2025-05,2.0,0.0,0.0,1.0,0,0,0,0
H0558,2025-05,1.0,1.0,0.0,1.0,0,0,1,0
H0559,2025-05,3.0,2.0,2.0,2.0,0,0,0,0
H0560,2025-05,2.0,3.0,0.0,1.0,1,0,0,0
H0561,2025-05,2.0,1.0,0.0,2.0,0,0,0,0
H0562,2025-05,3.0,0.0,0.0,1.0,0,0,0,0
H0563,2025-05,0.0,2.0,0.0,1.0,0,0,0,0
H0564,2025-05,1.0,1.0,0.0,1.0,0,1,0,0
H0565,2025-05,0.0,0.0,0.0,3.0,0,0,0,0
H0566,2025-05,2.0,2.0,0.0,3.0,0,0,0,0
H0567,2025-05,2.0,3.0,0.0,2.0,1,0,0,0
H0568,2025-05,2.0,2.0,1.0,2.0,1,0,0,0
H0569,2025-05,1.0,1.0,0.0,4.0,0,1,0,0
H0570,2025-05,2.0,2.0,1.0,3.0,0,0,0,0
H0571,2025-05,3.0,2.0,1.0,2.0,0,0,0,0
H0572,2025-05,3.0,0.0,2.0,1.0,0,0,0,0
H0573,2025-05,5.0,1.0,0.0,0.0,0,1,0,0
H0574,2025-05,0.0,0.0,0.0,2.0,0,0,0,0
H0575,2025-05,3.0,1.0,1.0,1.0,0,0,0,0
H0576,2025-05,1.0,0.0,0.0,2.0,0,0,0,0
H0577,2025-05,0.0,1.0,0.0,1.0,0,0,0,1
H0578,2025-05,0.0,1.0,0.0,2.0,0,0,0,0
H0579,2025-05,1.0,1.0,0.0,0.0,0,0,0,0
H0580,2025-05,2.0,3.0,1.0,2.0,0,0,0,0
H0581,2025-05,1.0,1.0,2.0,1.0,0,0,0,0
H0582,2025-05,4.0,0.0,0.0,1.0,0,0,0,0
H0583,2025-05,4.0,3.0,0.0,3.0,0,0,0,0
H0584,2025-05,1.0,1.0,0.0,2.0,0,0,0,0
H0585,2025-05,4.0,3.0,0.0,0.0,0,0,0,0
H0586,2025-05,2.0,1.0,0.0,3.0,0,1,0,0
H0587,2025-05,1.0,1.0,0.0,3.0,0,0,1,0
H0588,2025-05,2.0,1.0,0.0,0.0,1,0,0,0
H0589,2025-05,4.0,2.0,1.0,0.0,0,0,0,0
H0590,2025-05,0.0,1.0,0.0,0.0,0,1,0,0
H0591,2025-05,0.0,1.0,0.0,2.0,0,0,0,0
H0592,2025-05,2.0,1.0,0.0,1.0,0,0,0,1
H0593,2025-05,3.0,0.0,0.0,0.0,0,0,0,0
H0594,2025-05,3.0,1.0,0.0,0.0,0,0,0,0
H0595,2025-05,2.0,1.0,0.0,1.0,0,0,0,0
H0596,2025-05,4.0,1.0,0.0,0.0,0,0,0,0
H0597,2025-05,1.0,2.0,2.0,5.0,0,0,0,0
H0598,2025-05,3.0,1.0,2.0,1.0,0,0,0,0
H0599,2025-05,3.0,4.0,0.0,1.0,0,0,0,1
H0600,2025-05,1.0,4.0,0.0,1.0,0,0,0,0
C0001,2025-05,0.0,1.0,1.0,1.0,0,0,0,1
C0002,2025-05,3.0,1.0,0.0,1.0,0,0,0,0
C0003,2025-05,3.0,1.0,1.0,3.0,0,1,0,0
C0004,2025-05,4.0,1.0,0.0,2.0,0,0,0,0
C0005,2025-05,0.0,0.0,1.0,2.0,0,0,0,0
C0006,2025-05,0.0,0.0,1.0,0.0,0,0,0,0
C0007,2025-05,2.0,4.0,0.0,1.0,0,0,0,0
C0008,2025-05,4.0,1.0,1.0,0.0,0,0,0,0
C0009,2025-05,0.0,1.0,0.0,1.0,0,1,0,0
C0010,2025-05,2.0,0.0,0.0,2.0,0,0,0,0
C0011,2025-05,2.0,2.0,1.0,1.0,0,0,0,1
C0012,2025-05,3.0,1.0,0.0,0.0,0,0,0,0
C0013,2025-05,6.0,0.0,1.0,2.0,0,0,0,0
C0014,2025-05,2.0,0.0,2.0,2.0,0,0,0,0
C0015,2025-05,0.0,0.0,1.0,1.0,0,0,0,0
C0016,2025-05,3.0,1.0,0.0,0.0,0,0,0,0
C0017,2025-05,3.0,1.0,0.0,0.0,0,0,0,0
C0018,2025-05,1.0,0.0,1.0,1.0,0,0,0,0
C0019,2025-05,3.0,1.0,0.0,1.0,0,0,0,0
C0020,2025-05,2.0,2.0,1.0,1.0,0,0,0,0
C0021,2025-05,3.0,0.0,0.0,1.0,0,0,0,0
C0022,2025-05,1.0,0.0,0.0,4.0,0,0,0,0
C0023,2025-05,2.0,1.0,0.0,1.0,0,0,0,0
C0024,2025-05,4.0,1.0,0.0,0.0,0,0,0,0
C0025,2025-05,1.0,0.0,0.0,2.0,0,0,0,0
C0026,2025-05,2.0,1.0,0.0,3.0,0,0,0,0
C0027,2025-05,3.0,1.0,1.0,1.0,0,0,0,0
C0028,2025-05,2.0,0.0,0.0,0.0,0,0,0,0
C0029,2025-05,0.0,1.0,1.0,3.0,0,0,0,0
C0030,2025-05,2.0,0.0,1.0,0.0,0,0,0,0
C0031,2025-05,0.0,1.0,1.0,0.0,0,0,0,0
C0032,2025-05,1.0,1.0,0.0,2.0,0,0,0,0
C0033,2025-05,0.0,0.0,0.0,1.0,0,0,0,1
C0034,2025-05,4.0,1.0,0.0,1.0,0,1,1,0
C0035,2025-05,0.0,0.0,0.0,1.0,0,0,0,0
C0036,2025-05,0.0,2.0,0.0,2.0,0,0,0,0
C0037,2025-05,4.0,1.0,0.0,1.0,0,0,0,1
C0038,2025-05,4.0,1.0,0.0,0.0,0,0,0,0
C0039,2025-05,3.0,1.0,0.0,1.0,0,0,0,1
C0040,2025-05,2.0,0.0,0.0,2.0,0,0,0,0
C0041,2025-05,2.0,2.0,0.0,0.0,0,0,0,0
C0042,2025-05,4.0,1.0,0.0,0.0,0,0,0,0
C0043,2025-05,5.0,2.0,0.0,1.0,0,0,0,0
C0044,2025-05,0.0,0.0,0.0,2.0,0,0,0,0
C0045,2025-05,1.0,1.0,1.0,1.0,0,0,0,0
C0046,2025-05,3.0,1.0,0.0,3.0,0,0,0,0
C0047,2025-05,2.0,0.0,2.0,1.0,1,0,0,0
C0048,2025-05,2.0,3.0,0.0,1.0,0,0,1,0
C0049,2025-05,3.0,0.0,0.0,1.0,0,0,0,0
C0050,2025-05,2.0,2.0,0.0,3.0,0,0,0,0
C0051,2025-05,2.0,0.0,1.0,0.0,0,0,0,0
C0052,2025-05,2.0,2.0,1.0,0.0,0,0,0,0
C0053,2025-05,2.0,1.0,0.0,1.0,0,0,0,0
C0054,2025-05,0.0,1.0,0.0,0.0,0,0,0,0
C0055,2025-05,2.0,3.0,0.0,1.0,0,0,0,0
C0056,2025-05,1.0,0.0,1.0,2.0,0,0,0,0
C0057,2025-05,4.0,2.0,0.0,3.0,0,0,0,0
C0058,2025-05,2.0,1.0,0.0,2.0,0,0,0,0
C0059,2025-05,4.0,2.0,1.0,1.0,0,0,0,0
C0060,2025-05,2.0,1.0,0.0,0.0,0,1,0,0
C0061,2025-05,2.0,1.0,0.0,2.0,1,1,0,0
C0062,2025-05,4.0,4.0,0.0,0.0,0,0,0,0
C0063,2025-05,2.0,1.0,0.0,1.0,0,1,1,0
C0064,2025-05,3.0,0.0,0.0,2.0,0,0,0,0
C0065,2025-05,1.0,1.0,1.0,1.0,0,0,0,0
C0066,2025-05,4.0,3.0,1.0,2.0,0,0,0,0
C0067,2025-05,3.0,3.0,0.0,0.0,0,0,0,0
C0068,2025-05,2.0,1.0,1.0,2.0,0,0,0,0
C0069,2025-05,2.0,4.0,1.0,3.0,0,0,0,0
C0070,2025-05,3.0,1.0,0.0,0.0,0,0,0,0
C0071,2025-05,2.0,1.0,1.0,0.0,0,0,0,0
C0072,2025-05,2.0,0.0,1.0,0.0,0,0,0,0
C0073,2025-05,2.0,2.0,0.0,1.0,0,0,0,1
C0074,2025-05,2.0,1.0,0.0,0.0,0,0,0,0
C0075,2025-05,0.0,1.0,1.0,2.0,0,0,0,0
C0076,2025-05,2.0,1.0,0.0,2.0,0,0,0,0
C0077,2025-05,3.0,0.0,2.0,1.0,0,0,0,1
C0078,2025-05,3.0,0.0,2.0,0.0,0,0,0,0
C0079,2025-05,3.0,3.0,0.0,0.0,0,0,0,0
C0080,2025-05,1.0,0.0,0.0,1.0,0,0,1,0
C0081,2025-05,2.0,1.0,0.0,1.0,0,1,0,0
C0082,2025-05,1.0,1.0,0.0,1.0,0,0,0,1
C0083,2025-05,1.0,3.0,0.0,2.0,0,0,0,0
C0084,2025-05,2.0,1.0,0.0,2.0,0,0,0,0
C0085,2025-05,1.0,1.0,2.0,2.0,0,0,0,0
C0086,2025-05,5.0,1.0,0.0,0.0,0,1,0,0
C0087,2025-05,2.0,1.0,2.0,2.0,0,0,0,0
C0088,2025-05,3.0,0.0,1.0,1.0,0,0,0,1
C0089,2025-05,2.0,0.0,0.0,1.0,1,0,0,0
C0090,2025-05,0.0,3.0,1.0,1.0,0,0,0,0
C0091,2025-05,2.0,0.0,0.0,1.0,0,0,0,0
C0092,2025-05,0.0,1.0,1.0,2.0,0,0,0,0
C0093,2025-05,2.0,1.0,1.0,1.0,0,0,0,0
C0094,2025-05,6.0,1.0,0.0,2.0,0,0,0,0
C0095,2025-05,2.0,2.0,0.0,0.0,0,0,0,0
C0096,2025-05,3.0,3.0,2.0,0.0,0,0,0,0
C0097,2025-05,1.0,3.0,0.0,1.0,0,0,0,0
C0098,2025-05,3.0,2.0,0.0,0.0,0,0,0,0
C0099,2025-05,1.0,1.0,1.0,0.0,0,0,0,0
C0100,2025-05,5.0,1.0,0.0,1.0,0,0,0,0
C0101,2025-05,3.0,1.0,1.0,3.0,0,0,0,0
C0102,2025-05,1.0,1.0,1.0,0.0,0,0,0,0
C0103,2025-05,0.0,0.0,0.0,0.0,0,0,0,0
C0104,2025-05,5.0,1.0,0.0,1.0,0,0,0,1
C0105,2025-05,1.0,2.0,2.0,1.0,0,0,0,0
C0106,2025-05,2.0,1.0,0.0,2.0,1,0,0,0
C0107,2025-05,1.0,1.0,0.0,1.0,0,0,0,0
C0108,2025-05,4.0,0.0,1.0,2.0,0,0,0,0
C0109,2025-05,1.0,2.0,0.0,1.0,0,0,0,0
C0110,2025-05,1.0,3.0,2.0,1.0,0,0,0,0
C0111,2025-05,4.0,1.0,1.0,0.0,0,0,0,0
C0112,2025-05,3.0,1.0,1.0,1.0,0,0,0,0
C0113,2025-05,1.0,3.0,0.0,1.0,0,0,0,0
C0114,2025-05,4.0,1.0,1.0,4.0,0,0,0,0
C0115,2025-05,2.0,0.0,0.0,2.0,0,0,0,0
C0116,2025-05,0.0,0.0,1.0,1.0,0,0,0,0
C0117,2025-05,3.0,1.0,0.0,3.0,0,0,0,0
C0118,2025-05,1.0,0.0,1.0,2.0,0,0,0,0
C0119,2025-05,0.0,2.0,1.0,2.0,0,0,0,0
C0120,2025-05,0.0,2.0,0.0,2.0,0,0,0,0
C0121,2025-05,3.0,1.0,1.0,0.0,0,0,0,0
C0122,2025-05,0.0,0.0,1.0,0.0,0,0,0,0
C0123,2025-05,2.0,0.0,1.0,1.0,0,0,0,0
C0124,2025-05,4.0,1.0,2.0,1.0,0,0,0,0
C0125,2025-05,3.0,2.0,1.0,1.0,0,0,0,0
C0126,2025-05,2.0,0.0,0.0,1.0,0,0,0,0
C0127,2025-05,1.0,1.0,1.0,0.0,0,0,0,0
C0128,2025-05,3.0,1.0,0.0,2.0,0,0,0,0
C0129,2025-05,1.0,0.0,0.0,1.0,0,0,0,0
C0130,2025-05,0.0,0.0,0.0,1.0,0,0,1,0
C0131,2025-05,3.0,0.0,1.0,2.0,0,0,0,0
C0132,2025-05,1.0,0.0,2.0,2.0,0,0,0,0
C0133,2025-05,2.0,0.0,0.0,2.0,0,0,0,0
C0134,2025-05,0.0,3.0,0.0,3.0,0,0,0,0
C0135,2025-05,2.0,0.0,0.0,2.0,0,0,0,0
C0136,2025-05,2.0,1.0,1.0,0.0,0,0,0,0
C0137,2025-05,0.0,1.0,0.0,2.0,0,0,0,0
C0138,2025-05,2.0,0.0,3.0,1.0,0,0,0,0
C0139,2025-05,1.0,2.0,2.0,1.0,0,0,0,1
C0140,2025-05,3.0,1.0,2.0,3.0,0,0,0,0
C0141,2025-05,2.0,1.0,0.0,2.0,0,0,0,0
C0142,2025-05,6.0,1.0,0.0,2.0,0,0,0,0
C0143,2025-05,1.0,1.0,0.0,3.0,0,0,0,0
C0144,2025-05,1.0,1.0,1.0,3.0,0,0,0,0
C0145,2025-05,4.0,0.0,0.0,1.0,0,0,0,0
C0146,2025-05,3.0,1.0,0.0,2.0,0,0,0,0
C0147,2025-05,3.0,0.0,0.0,3.0,0,0,0,0
C0148,2025-05,1.0,2.0,0.0,0.0,0,0,0,0
C0149,2025-05,7.0,0.0,0.0,1.0,0,0,0,0
C0150,2025-05,2.0,1.0,1.0,3.0,0,0,0,0
C0151,2025-05,2.0,2.0,0.0,1.0,0,0,0,0
C0152,2025-05,0.0,3.0,2.0,2.0,0,0,0,0
C0153,2025-05,0.0,1.0,0.0,3.0,0,0,0,0
C0154,2025-05,1.0,2.0,0.0,1.0,0,0,0,1
C0155,2025-05,0.0,1.0,0.0,3.0,0,0,0,0
C0156,2025-05,2.0,2.0,0.0,2.0,1,0,1,0
C0157,2025-05,3.0,2.0,0.0,1.0,0,0,0,0
C0158,2025-05,2.0,0.0,2.0,1.0,0,0,0,1
C0159,2025-05,4.0,1.0,2.0,3.0,0,0,0,0
C0160,2025-05,2.0,3.0,0.0,1.0,0,0,0,0
C0161,2025-05,2.0,0.0,0.0,2.0,0,0,0,0
C0162,2025-05,2.0,1.0,0.0,0.0,0,0,0,0
C0163,2025-05,2.0,0.0,0.0,0.0,0,0,0,0
C0164,2025-05,2.0,1.0,0.0,2.0,0,0,0,0
C0165,2025-05,2.0,1.0,0.0,2.0,0,0,0,0
C0166,2025-05,3.0,1.0,1.0,2.0,0,0,0,0
C0167,2025-05,4.0,0.0,0.0,1.0,0,0,0,0
C0168,2025-05,5.0,1.0,0.0,0.0,0,0,0,0
C0169,2025-05,5.0,0.0,0.0,2.0,0,0,0,0
C0170,2025-05,3.0,0.0,2.0,0.0,0,0,0,0
C0171,2025-05,0.0,0.0,3.0,2.0,0,0,0,0
C0172,2025-05,3.0,0.0,0.0,0.0,0,0,0,0
C0173,2025-05,3.0,2.0,0.0,1.0,0,0,0,0
C0174,2025-05,0.0,1.0,0.0,1.0,0,0,0,0
C0175,2025-05,2.0,0.0,0.0,2.0,0,0,0,0
C0176,2025-05,1.0,1.0,0.0,0.0,0,0,0,0
C0177,2025-05,1.0,1.0,0.0,2.0,0,0,0,0
C0178,2025-05,5.0,2.0,1.0,1.0,0,0,0,0
C0179,2025-05,2.0,0.0,1.0,1.0,0,0,0,0
C0180,2025-05,1.0,0.0,0.0,3.0,0,0,0,0
C0181,2025-05,3.0,1.0,1.0,0.0,0,0,0,0
C0182,2025-05,1.0,0.0,0.0,1.0,0,0,0,1
C0183,2025-05,0.0,1.0,0.0,1.0,0,0,0,0
C0184,2025-05,1.0,0.0,0.0,0.0,0,0,0,0
C0185,2025-05,2.0,1.0,0.0,3.0,0,0,0,0
C0186,2025-05,3.0,3.0,1.0,1.0,0,0,0,0
C0187,2025-05,2.0,4.0,0.0,1.0,0,0,0,0
C0188,2025-05,2.0,2.0,0.0,3.0,0,0,0,0
C0189,2025-05,2.0,1.0,0.0,3.0,0,0,0,0
C0190,2025-05,1.0,1.0,0.0,2.0,0,0,0,0
C0191,2025-05,4.0,1.0,0.0,1.0,0,0,0,0
C0192,2025-05,0.0,3.0,0.0,1.0,0,0,0,0
C0193,2025-05,5.0,1.0,0.0,1.0,0,0,0,0
C0194,2025-05,5.0,2.0,1.0,1.0,0,0,0,0
C0195,2025-05,1.0,1.0,0.0,1.0,0,0,0,0
C0196,2025-05,0.0,2.0,0.0,2.0,0,0,0,0
C0197,2025-05,1.0,3.0,0.0,3.0,0,0,0,0
C0198,2025-05,2.0,2.0,3.0,3.0,0,0,0,0
C0199,2025-05,2.0,1.0,1.0,1.0,0,0,0,0
C0200,2025-05,5.0,2.0,0.0,2.0,0,0,0,0
C0201,2025-05,2.0,0.0,0.0,1.0,0,0,0,0
C0202,2025-05,3.0,0.0,1.0,0.0,0,0,0,0
C0203,2025-05,2.0,0.0,0.0,1.0,0,0,0,1
C0204,2025-05,4.0,0.0,2.0,1.0,0,0,0,0
C0205,2025-05,2.0,1.0,0.0,0.0,0,0,0,0
C0206,2025-05,1.0,1.0,0.0,2.0,0,0,0,0
C0207,2025-05,6.0,2.0,1.0,1.0,0,0,0,0
C0208,2025-05,1.0,1.0,0.0,0.0,0,0,1,0
C0209,2025-05,2.0,0.0,0.0,1.0,0,0,0,0
C0210,2025-05,3.0,1.0,0.0,1.0,0,0,0,1
C0211,2025-05,2.0,1.0,0.0,1.0,0,0,0,0
C0212,2025-05,1.0,3.0,0.0,1.0,0,0,0,0
C0213,2025-05,5.0,1.0,1.0,4.0,0,0,0,0
C0214,2025-05,5.0,1.0,0.0,2.0,0,0,0,0
C0215,2025-05,1.0,1.0,0.0,0.0,0,0,0,0
C0216,2025-05,2.0,0.0,0.0,0.0,1,0,0,0
C0217,2025-05,1.0,3.0,0.0,0.0,0,0,0,0
C0218,2025-05,3.0,0.0,1.0,1.0,0,0,0,0
C0219,2025-05,2.0,1.0,0.0,0.0,0,0,0,0
C0220,2025-05,5.0,0.0,0.0,2.0,0,0,0,0
C0221,2025-05,1.0,0.0,0.0,1.0,0,0,0,0
C0222,2025-05,4.0,1.0,0.0,3.0,0,0,0,0
C0223,2025-05,2.0,0.0,0.0,1.0,0,0,0,0
C0224,2025-05,1.0,0.0,0.0,0.0,0,0,0,0
C0225,2025-05,5.0,1.0,0.0,0.0,0,0,0,0
C0226,2025-05,3.0,1.0,0.0,0.0,0,0,0,0
C0227,2025-05,2.0,1.0,0.0,1.0,0,0,1,1
C0228,2025-05,2.0,1.0,2.0,0.0,0,0,0,0
C0229,2025-05,0.0,1.0,0.0,1.0,0,0,0,0
C0230,2025-05,1.0,0.0,0.0,0.0,0,0,0,0
C0231,2025-05,3.0,2.0,0.0,1.0,0,0,0,0
C0232,2025-05,0.0,0.0,1.0,3.0,0,0,0,0
C0233,2025-05,3.0,2.0,0.0,0.0,0,0,0,0
C0234,2025-05,1.0,0.0,0.0,0.0,0,0,0,0
C0235,2025-05,3.0,0.0,0.0,0.0,0,0,0,0
C0236,2025-05,2.0,0.0,1.0,1.0,0,0,0,0
C0237,2025-05,2.0,0.0,0.0,0.0,0,0,0,0
C0238,2025-05,3.0,0.0,1.0,3.0,0,0,0,0
C0239,2025-05,1.0,0.0,0.0,3.0,0,0,0,0
C0240,2025-05,4.0,4.0,1.0,0.0,0,0,0,0
C0241,2025-05,3.0,1.0,3.0,2.0,0,0,0,0
C0242,2025-05,0.0,2.0,1.0,0.0,0,0,0,0
C0243,2025-05,3.0,1.0,0.0,1.0,0,0,0,0
C0244,2025-05,2.0,1.0,0.0,4.0,1,0,0,0
C0245,2025-05,2.0,1.0,0.0,2.0,0,0,0,0
C0246,2025-05,0.0,0.0,2.0,0.0,0,0,0,0
C0247,2025-05,3.0,0.0,0.0,2.0,0,0,0,0
C0248,2025-05,2.0,1.0,0.0,0.0,0,0,0,0
C0249,2025-05,1.0,1.0,0.0,0.0,0,0,0,0
C0250,2025-05,4.0,1.0,1.0,1.0,0,0,0,0
C0251,2025-05,1.0,1.0,0.0,1.0,0,0,0,0
C0252,2025-05,2.0,0.0,2.0,0.0,0,0,0,0
C0253,2025-05,0.0,2.0,1.0,3.0,0,0,0,0
C0254,2025-05,2.0,1.0,1.0,1.0,0,0,0,0
C0255,2025-05,4.0,2.0,1.0,3.0,0,0,0,0
C0256,2025-05,3.0,0.0,0.0,2.0,0,0,0,0
C0257,2025-05,2.0,0.0,2.0,1.0,0,0,0,0
C0258,2025-05,4.0,1.0,0.0,1.0,0,0,0,0
C0259,2025-05,2.0,1.0,0.0,4.0,0,1,0,0
C0260,2025-05,3.0,2.0,1.0,0.0,0,0,0,0
C0261,2025-05,4.0,0.0,1.0,1.0,0,0,0,0
C0262,2025-05,2.0,2.0,0.0,0.0,1,0,0,0
C0263,2025-05,0.0,1.0,0.0,1.0,0,1,0,0
C0264,2025-05,2.0,2.0,0.0,0.0,1,0,0,0
C0265,2025-05,1.0,1.0,1.0,2.0,0,0,0,0
C0266,2025-05,2.0,1.0,0.0,1.0,0,0,0,0
C0267,2025-05,1.0,2.0,0.0,0.0,0,0,0,0
C0268,2025-05,3.0,1.0,3.0,0.0,0,0,0,0
C0269,2025-05,0.0,0.0,0.0,1.0,0,0,0,0
C0270,2025-05,1.0,0.0,1.0,1.0,0,0,0,0
C0271,2025-05,2.0,3.0,0.0,0.0,0,0,0,0
C0272,2025-05,2.0,1.0,0.0,1.0,0,0,0,0
C0273,2025-05,0.0,1.0,3.0,1.0,0,0,0,0
C0274,2025-05,6.0,1.0,0.0,1.0,0,0,0,0
C0275,2025-05,4.0,1.0,2.0,0.0,0,0,0,0
C0276,2025-05,2.0,2.0,1.0,1.0,0,0,0,0
C0277,2025-05,0.0,0.0,0.0,2.0,0,0,0,0
C0278,2025-05,3.0,0.0,1.0,0.0,0,0,0,0
C0279,2025-05,2.0,2.0,0.0,0.0,0,0,0,0
C0280,2025-05,1.0,3.0,2.0,3.0,0,0,0,0
C0281,2025-05,0.0,1.0,0.0,1.0,0,1,0,0
C0282,2025-05,1.0,1.0,1.0,0.0,0,0,0,0
C0283,2025-05,2.0,0.0,2.0,1.0,0,0,0,0
C0284,2025-05,1.0,2.0,1.0,0.0,0,0,0,0
C0285,2025-05,2.0,2.0,0.0,3.0,0,0,0,0
C0286,2025-05,0.0,1.0,0.0,0.0,0,1,0,0
C0287,2025-05,1.0,1.0,0.0,0.0,0,1,0,0
C0288,2025-05,2.0,2.0,0.0,1.0,0,0,0,0
C0289,2025-05,4.0,2.0,1.0,0.0,0,0,0,0
C0290,2025-05,2.0,0.0,0.0,0.0,0,0,0,0
C0291,2025-05,3.0,1.0,0.0,2.0,0,0,0,0
C0292,2025-05,0.0,1.0,0.0,1.0,0,0,0,0
C0293,2025-05,2.0,3.0,0.0,2.0,0,0,1,0
C0294,2025-05,0.0,0.0,0.0,2.0,0,0,0,0
C0295,2025-05,3.0,1.0,1.0,3.0,0,0,0,0
C0296,2025-05,3.0,1.0,1.0,1.0,0,0,0,0
C0297,2025-05,2.0,2.0,0.0,2.0,0,0,0,0
C0298,2025-05,5.0,2.0,2.0,1.0,0,0,0,0
C0299,2025-05,1.0,1.0,3.0,1.0,0,0,0,0
C0300,2025-05,2.0,1.0,1.0,2.0,0,0,0,0
C0301,2025-05,2.0,0.0,0.0,0.0,0,0,0,0
C0302,2025-05,4.0,2.0,0.0,1.0,0,0,0,0
C0303,2025-05,1.0,0.0,0.0,0.0,0,0,0,0
C0304,2025-05,4.0,0.0,0.0,1.0,0,0,0,0
C0305,2025-05,2.0,1.0,1.0,2.0,0,0,0,0
C0306,2025-05,2.0,3.0,2.0,0.0,0,0,0,0
C0307,2025-05,1.0,0.0,2.0,2.0,0,0,0,0
C0308,2025-05,1.0,1.0,0.0,1.0,0,0,0,0
C0309,2025-05,2.0,0.0,0.0,0.0,1,0,0,0
C0310,2025-05,1.0,0.0,0.0,0.0,0,0,0,0
C0311,2025-05,1.0,3.0,0.0,0.0,0,0,0,0
C0312,2025-05,0.0,4.0,0.0,0.0,0,0,0,0
C0313,2025-05,2.0,2.0,1.0,0.0,0,0,0,0
C0314,2025-05,4.0,1.0,0.0,1.0,0,0,0,0
C0315,2025-05,1.0,1.0,2.0,1.0,0,0,0,1
C0316,2025-05,4.0,3.0,0.0,1.0,0,0,0,1
C0317,2025-05,2.0,1.0,0.0,1.0,0,0,1,0
C0318,2025-05,3.0,2.0,0.0,1.0,0,0,0,0
C0319,2025-05,3.0,2.0,0.0,1.0,0,0,0,0
C0320,2025-05,2.0,4.0,0.0,0.0,1,0,0,0
C0321,2025-05,0.0,0.0,0.0,1.0,0,0,0,0
C0322,2025-05,0.0,1.0,0.0,1.0,0,0,0,0
C0323,2025-05,1.0,4.0,2.0,1.0,0,0,0,0
C0324,2025-05,2.0,1.0,0.0,2.0,0,0,0,0
C0325,2025-05,3.0,0.0,0.0,1.0,0,0,0,0
C0326,2025-05,1.0,0.0,0.0,1.0,0,0,0,1
C0327,2025-05,3.0,2.0,0.0,0.0,0,0,0,0
C0328,2025-05,2.0,1.0,0.0,2.0,0,0,0,0
C0329,2025-05,0.0,1.0,0.0,1.0,0,0,0,0
C0330,2025-05,5.0,1.0,1.0,1.0,0,0,0,0
C0331,2025-05,2.0,3.0,0.0,1.0,0,0,0,1
C0332,2025-05,3.0,2.0,0.0,0.0,0,0,0,0
C0333,2025-05,2.0,1.0,0.0,2.0,0,0,0,0
C0334,2025-05,4.0,0.0,1.0,0.0,0,0,0,0
C0335,2025-05,2.0,1.0,0.0,0.0,0,0,0,0
C0336,2025-05,2.0,1.0,0.0,0.0,0,0,0,0
C0337,2025-05,2.0,1.0,2.0,0.0,1,0,0,0
C0338,2025-05,1.0,2.0,0.0,1.0,0,0,0,0
C0339,2025-05,0.0,1.0,1.0,1.0,0,0,0,0
C0340,2025-05,1.0,0.0,0.0,1.0,0,0,0,0
C0341,2025-05,1.0,0.0,0.0,0.0,0,0,0,0
C0342,2025-05,3.0,2.0,2.0,0.0,0,0,0,0
C0343,2025-05,1.0,1.0,1.0,1.0,0,0,0,0
C0344,2025-05,1.0,1.0,1.0,2.0,0,0,0,0
C0345,2025-05,2.0,1.0,0.0,1.0,1,0,0,0
C0346,2025-05,3.0,1.0,0.0,3.0,0,0,0,0
C0347,2025-05,3.0,1.0,1.0,1.0,0,0,0,0
C0348,2025-05,0.0,1.0,1.0,0.0,0,0,0,0
C0349,2025-05,4.0,0.0,0.0,1.0,0,0,0,0
C0350,2025-05,2.0,2.0,0.0,0.0,0,0,0,0
C0351,2025-05,4.0,1.0,0.0,1.0,0,0,0,0
C0352,2025-05,8.0,1.0,1.0,0.0,0,0,0,0
C0353,2025-05,2.0,4.0,3.0,2.0,1,0,0,0
C0354,2025-05,2.0,0.0,0.0,1.0,0,0,0,0
C0355,2025-05,4.0,1.0,0.0,2.0,0,0,0,0
C0356,2025-05,1.0,4.0,0.0,3.0,0,0,0,0
C0357,2025-05,1.0,2.0,1.0,0.0,0,0,0,0
C0358,2025-05,2.0,2.0,2.0,5.0,0,0,0,0
C0359,2025-05,2.0,1.0,0.0,2.0,0,0,0,0
C0360,2025-05,1.0,3.0,1.0,0.0,0,0,0,0
C0361,2025-05,1.0,2.0,0.0,1.0,0,0,0,0
C0362,2025-05,2.0,1.0,0.0,1.0,0,0,0,0
C0363,2025-05,2.0,3.0,0.0,0.0,0,0,0,0
C0364,2025-05,2.0,1.0,2.0,1.0,0,1,0,0
C0365,2025-05,3.0,1.0,1.0,1.0,0,0,0,0
C0366,2025-05,2.0,0.0,1.0,1.0,0,0,0,0
C0367,2025-05,3.0,0.0,0.0,0.0,0,0,0,0
C0368,2025-05,2.0,3.0,0.0,1.0,0,0,1,0
C0369,2025-05,5.0,1.0,0.0,0.0,0,0,1,0
C0370,2025-05,1.0,1.0,0.0,1.0,0,0,0,0
C0371,2025-05,3.0,1.0,0.0,2.0,0,0,0,0
C0372,2025-05,2.0,1.0,0.0,3.0,1,0,1,0
C0373,2025-05,5.0,2.0,0.0,0.0,0,0,0,0
C0374,2025-05,4.0,3.0,0.0,0.0,0,0,0,0
C0375,2025-05,2.0,1.0,0.0,0.0,0,0,1,0
C0376,2025-05,1.0,0.0,1.0,1.0,0,0,0,0
C0377,2025-05,2.0,0.0,2.0,1.0,1,0,0,0
C0378,2025-05,3.0,1.0,0.0,0.0,0,0,1,0
C0379,2025-05,2.0,1.0,0.0,0.0,0,1,0,0
C0380,2025-05,3.0,0.0,0.0,2.0,0,0,0,0
C0381,2025-05,2.0,1.0,0.0,1.0,0,0,0,0
C0382,2025-05,5.0,0.0,1.0,0.0,0,0,0,0
C0383,2025-05,2.0,1.0,0.0,1.0,0,0,0,0
C0384,2025-05,0.0,0.0,1.0,1.0,0,0,0,0
C0385,2025-05,1.0,2.0,0.0,2.0,0,0,0,0
C0386,2025-05,3.0,1.0,0.0,0.0,0,1,0,0
C0387,2025-05,0.0,1.0,1.0,1.0,0,0,0,0
C0388,2025-05,2.0,0.0,1.0,1.0,0,0,0,0
C0389,2025-05,2.0,0.0,0.0,1.0,0,0,0,0
C0390,2025-05,2.0,2.0,2.0,0.0,0,0,0,0
C0391,2025-05,3.0,0.0,0.0,2.0,0,0,0,0
C0392,2025-05,2.0,2.0,1.0,1.0,0,0,0,0
C0393,2025-05,0.0,3.0,0.0,0.0,0,0,0,0
C0394,2025-05,1.0,1.0,2.0,1.0,0,0,0,0
C0395,2025-05,3.0,2.0,0.0,3.0,0,0,0,0
C0396,2025-05,2.0,0.0,1.0,1.0,0,0,0,0
C0397,2025-05,6.0,1.0,1.0,1.0,0,0,0,1
C0398,2025-05,2.0,0.0,0.0,2.0,0,0,0,0
C0399,2025-05,1.0,0.0,1.0,3.0,0,0,0,0
C0400,2025-05,2.0,1.0,1.0,0.0,0,0,0,0
C0401,2025-05,0.0,2.0,0.0,1.0,0,0,0,0
C0402,2025-05,3.0,0.0,1.0,0.0,0,0,0,0
C0403,2025-05,1.0,1.0,0.0,1.0,0,0,0,0
C0404,2025-05,2.0,2.0,0.0,1.0,1,0,1,0
C0405,2025-05,1.0,1.0,0.0,3.0,0,0,0,0
C0406,2025-05,1.0,3.0,0.0,2.0,0,0,0,0
C0407,2025-05,1.0,2.0,0.0,1.0,0,0,0,0
C0408,2025-05,3.0,1.0,0.0,1.0,0,0,0,0
C0409,2025-05,1.0,0.0,0.0,1.0,0,0,0,0
C0410,2025-05,2.0,1.0,1.0,1.0,0,0,0,0
C0411,2025-05,1.0,1.0,2.0,1.0,0,0,0,0
C0412,2025-05,0.0,2.0,0.0,1.0,0,0,0,0
C0413,2025-05,2.0,0.0,2.0,1.0,0,0,0,0
C0414,2025-05,5.0,2.0,3.0,1.0,0,0,0,0
C0415,2025-05,0.0,2.0,1.0,1.0,0,0,0,0
C0416,2025-05,2.0,1.0,0.0,1.0,0,0,0,0
C0417,2025-05,0.0,2.0,0.0,2.0,0,0,1,0
C0418,2025-05,1.0,2.0,1.0,5.0,0,0,0,0
C0419,2025-05,3.0,3.0,2.0,2.0,0,0,0,0
C0420,2025-05,2.0,0.0,1.0,1.0,0,0,0,0
C0421,2025-05,2.0,1.0,0.0,1.0,0,0,0,0
C0422,2025-05,3.0,2.0,0.0,1.0,0,0,0,0
C0423,2025-05,1.0,1.0,1.0,0.0,0,0,0,0
C0424,2025-05,2.0,2.0,0.0,2.0,1,0,1,0
C0425,2025-05,0.0,0.0,1.0,0.0,0,0,0,0
C0426,2025-05,2.0,3.0,2.0,1.0,0,0,0,0
C0427,2025-05,5.0,1.0,0.0,1.0,0,0,0,0
C0428,2025-05,3.0,4.0,1.0,1.0,0,0,0,0
C0429,2025-05,2.0,1.0,1.0,0.0,0,0,0,0
C0430,2025-05,2.0,3.0,2.0,1.0,0,0,0,0
C0431,2025-05,4.0,0.0,0.0,2.0,0,0,0,0
C0432,2025-05,2.0,4.0,2.0,1.0,0,0,0,0
C0433,2025-05,0.0,0.0,0.0,0.0,0,0,0,0
C0434,2025-05,2.0,1.0,1.0,0.0,0,0,0,0
C0435,2025-05,5.0,1.0,1.0,4.0,0,0,0,0
C0436,2025-05,1.0,2.0,1.0,0.0,0,0,0,0
C0437,2025-05,1.0,0.0,1.0,0.0,0,0,0,0
C0438,2025-05,4.0,2.0,1.0,0.0,0,0,0,0
C0439,2025-05,3.0,1.0,0.0,1.0,0,0,0,0
C0440,2025-05,1.0,1.0,0.0,1.0,0,0,0,0
C0441,2025-05,6.0,2.0,0.0,1.0,0,0,0,0
C0442,2025-05,2.0,0.0,2.0,1.0,0,0,0,0
C0443,2025-05,1.0,3.0,0.0,4.0,0,0,0,0
C0444,2025-05,2.0,0.0,0.0,3.0,0,0,0,0
C0445,2025-05,1.0,0.0,1.0,0.0,0,0,0,0
C0446,2025-05,2.0,0.0,0.0,1.0,0,0,0,0
C0447,2025-05,4.0,1.0,1.0,1.0,0,1,0,1
C0448,2025-05,0.0,0.0,1.0,0.0,0,0,0,0
C0449,2025-05,3.0,0.0,0.0,1.0,0,0,0,0
C0450,2025-05,1.0,1.0,1.0,0.0,0,0,0,0
C0451,2025-05,2.0,1.0,0.0,0.0,0,0,0,0
C0452,2025-05,3.0,2.0,1.0,0.0,0,0,0,0
C0453,2025-05,0.0,1.0,0.0,1.0,0,0,0,0
C0454,2025-05,2.0,1.0,1.0,0.0,0,0,0,0
C0455,2025-05,0.0,2.0,0.0,1.0,0,0,0,0
C0456,2025-05,2.0,1.0,1.0,1.0,0,0,0,0
C0457,2025-05,1.0,1.0,0.0,3.0,0,0,0,0
C0458,2025-05,2.0,0.0,0.0,2.0,0,0,0,0
C0459,2025-05,0.0,0.0,0.0,0.0,0,0,0,0
C0460,2025-05,2.0,1.0,1.0,3.0,0,0,0,0
C0461,2025-05,1.0,0.0,0.0,1.0,0,0,0,0
C0462,2025-05,2.0,2.0,1.0,2.0,0,0,0,0
C0463,2025-05,1.0,1.0,0.0,1.0,0,0,0,0
C0464,2025-05,2.0,1.0,3.0,1.0,0,0,0,0
C0465,2025-05,1.0,0.0,0.0,0.0,0,0,0,0
C0466,2025-05,2.0,0.0,0.0,1.0,0,0,0,0
C0467,2025-05,2.0,0.0,1.0,2.0,0,0,0,0
C0468,2025-05,2.0,1.0,1.0,1.0,0,1,0,0
C0469,2025-05,4.0,0.0,1.0,0.0,0,0,0,0
C0470,2025-05,2.0,0.0,2.0,1.0,0,0,0,0
C0471,2025-05,0.0,0.0,0.0,2.0,0,0,0,0
C0472,2025-05,3.0,2.0,2.0,1.0,0,0,0,0
C0473,2025-05,2.0,0.0,1.0,0.0,0,0,0,0
C0474,2025-05,3.0,0.0,0.0,4.0,0,0,0,0
C0475,2025-05,3.0,3.0,0.0,0.0,0,0,0,0
C0476,2025-05,3.0,1.0,0.0,2.0,0,0,0,0
C0477,2025-05,0.0,3.0,0.0,1.0,0,0,0,0
C0478,2025-05,1.0,3.0,2.0,0.0,0,0,0,0
C0479,2025-05,0.0,1.0,3.0,3.0,0,0,0,0
C0480,2025-05,5.0,0.0,0.0,0.0,0,0,0,0
C0481,2025-05,3.0,0.0,1.0,1.0,0,0,0,0
C0482,2025-05,2.0,2.0,1.0,1.0,0,0,0,0
C0483,2025-05,0.0,0.0,0.0,1.0,0,0,0,0
C0484,2025-05,1.0,0.0,1.0,0.0,0,0,0,0
C0485,2025-05,3.0,1.0,0.0,0.0,0,1,0,0
C0486,2025-05,1.0,1.0,0.0,0.0,0,0,0,0
C0487,2025-05,2.0,1.0,0.0,1.0,0,0,0,0
C0488,2025-05,1.0,0.0,1.0,0.0,0,0,0,0
C0489,2025-05,1.0,0.0,0.0,0.0,0,0,0,0
C0490,2025-05,3.0,0.0,0.0,0.0,0,0,1,0
C0491,2025-05,2.0,3.0,1.0,2.0,0,0,0,0
C0492,2025-05,5.0,1.0,1.0,4.0,0,0,0,0
C0493,2025-05,6.0,1.0,1.0,2.0,0,1,0,0
C0494,2025-05,2.0,1.0,0.0,0.0,1,0,0,0
C0495,2025-05,4.0,4.0,1.0,0.0,0,0,0,0
C0496,2025-05,0.0,0.0,0.0,1.0,0,0,0,0
C0497,2025-05,1.0,1.0,0.0,1.0,0,0,0,0
C0498,2025-05,2.0,1.0,3.0,1.0,1,0,0,0
C0499,2025-05,2.0,3.0,0.0,2.0,0,0,0,0
C0500,2025-05,6.0,1.0,1.0,0.0,0,0,0,0
C0501,2025-05,1.0,1.0,0.0,1.0,0,1,0,0
C0502,2025-05,2.0,1.0,2.0,1.0,1,0,0,1
C0503,2025-05,1.0,0.0,3.0,1.0,0,0,0,0
C0504,2025-05,1.0,1.0,2.0,1.0,0,0,0,0
C0505,2025-05,0.0,0.0,0.0,1.0,0,0,0,0
C0506,2025-05,1.0,2.0,0.0,1.0,0,0,0,0
C0507,2025-05,2.0,2.0,0.0,2.0,0,0,0,0
C0508,2025-05,2.0,1.0,2.0,1.0,0,0,0,0
C0509,2025-05,2.0,3.0,0.0,3.0,0,0,0,0
C0510,2025-05,1.0,1.0,0.0,1.0,0,0,0,0
C0511,2025-05,2.0,4.0,0.0,2.0,0,0,0,0
C0512,2025-05,2.0,3.0,1.0,0.0,0,0,0,0
C0513,2025-05,2.0,0.0,1.0,0.0,0,0,0,0
C0514,2025-05,5.0,1.0,1.0,0.0,0,0,0,0
C0515,2025-05,5.0,1.0,1.0,1.0,0,0,0,0
C0516,2025-05,0.0,1.0,2.0,0.0,0,0,0,0
C0517,2025-05,1.0,1.0,0.0,1.0,0,0,0,0
C0518,2025-05,0.0,1.0,1.0,1.0,0,0,0,0
C0519,2025-05,2.0,1.0,2.0,1.0,0,0,0,0
C0520,2025-05,1.0,2.0,0.0,0.0,0,0,0,0
C0521,2025-05,1.0,3.0,0.0,2.0,0,0,0,0
C0522,2025-05,1.0,0.0,0.0,1.0,0,0,0,0
C0523,2025-05,1.0,2.0,1.0,2.0,0,0,0,0
C0524,2025-05,2.0,0.0,0.0,2.0,0,0,0,0
C0525,2025-05,1.0,1.0,1.0,0.0,0,1,0,0
C0526,2025-05,1.0,0.0,1.0,0.0,0,0,0,0
C0527,2025-05,3.0,1.0,1.0,1.0,0,1,0,0
C0528,2025-05,2.0,1.0,2.0,0.0,0,0,0,0
C0529,2025-05,0.0,4.0,0.0,1.0,0,0,0,0
C0530,2025-05,0.0,1.0,1.0,2.0,0,0,0,0
C0531,2025-05,4.0,0.0,1.0,0.0,0,0,0,0
C0532,2025-05,1.0,0.0,0.0,0.0,0,0,0,0
C0533,2025-05,1.0,3.0,0.0,1.0,0,0,0,0
C0534,2025-05,2.0,1.0,1.0,1.0,0,0,0,1
C0535,2025-05,4.0,1.0,1.0,1.0,0,0,0,0
C0536,2025-05,2.0,1.0,0.0,1.0,0,0,0,0
C0537,2025-05,3.0,1.0,0.0,0.0,0,0,0,0
C0538,2025-05,3.0,2.0,1.0,1.0,0,0,0,0
C0539,2025-05,2.0,2.0,0.0,1.0,0,0,0,0
C0540,2025-05,3.0,0.0,0.0,2.0,0,0,0,0
C0541,2025-05,4.0,1.0,0.0,3.0,0,0,0,0
C0542,2025-05,2.0,3.0,0.0,0.0,0,0,0,0
C0543,2025-05,2.0,1.0,0.0,0.0,0,0,0,0
C0544,2025-05,0.0,0.0,0.0,1.0,0,0,0,0
C0545,2025-05,0.0,1.0,0.0,1.0,0,0,0,0
C0546,2025-05,1.0,1.0,2.0,1.0,0,0,0,0
C0547,2025-05,0.0,0.0,0.0,1.0,0,0,0,0
C0548,2025-05,3.0,1.0,1.0,1.0,0,0,0,0
C0549,2025-05,2.0,1.0,0.0,0.0,1,0,0,0
C0550,2025-05,2.0,4.0,0.0,1.0,0,0,0,0
C0551,2025-05,1.0,1.0,0.0,3.0,0,0,1,0
C0552,2025-05,3.0,1.0,1.0,2.0,0,0,0,0
C0553,2025-05,1.0,1.0,0.0,3.0,0,0,0,0
C0554,2025-05,1.0,0.0,0.0,0.0,0,0,0,0
C0555,2025-05,2.0,2.0,2.0,1.0,0,0,0,0
C0556,2025-05,3.0,2.0,2.0,2.0,0,0,0,0
C0557,2025-05,1.0,1.0,1.0,0.0,0,0,0,0
C0558,2025-05,2.0,2.0,0.0,0.0,0,0,0,0
C0559,2025-05,5.0,1.0,0.0,0.0,0,0,0,0
C0560,2025-05,2.0,0.0,2.0,0.0,0,0,0,0
C0561,2025-05,1.0,3.0,0.0,2.0,0,0,0,0
C0562,2025-05,4.0,1.0,1.0,1.0,0,1,0,0
C0563,2025-05,0.0,2.0,0.0,1.0,0,0,0,0
C0564,2025-05,1.0,1.0,1.0,2.0,0,0,0,0
C0565,2025-05,1.0,2.0,2.0,0.0,0,0,0,0
C0566,2025-05,1.0,1.0,1.0,1.0,0,0,0,0
C0567,2025-05,4.0,0.0,0.0,0.0,0,0,0,0
C0568,2025-05,4.0,0.0,0.0,2.0,0,0,0,0
C0569,2025-05,3.0,0.0,2.0,1.0,0,0,0,0
C0570,2025-05,4.0,3.0,0.0,0.0,0,0,0,0
C0571,2025-05,3.0,1.0,1.0,1.0,0,0,0,0
C0572,2025-05,1.0,2.0,2.0,0.0,0,0,0,0
C0573,2025-05,2.0,2.0,1.0,1.0,0,0,0,0
C0574,2025-05,2.0,0.0,1.0,1.0,0,0,0,0
C0575,2025-05,4.0,3.0,0.0,1.0,0,0,0,0
C0576,2025-05,7.0,1.0,0.0,2.0,0,0,0,0
C0577,2025-05,0.0,1.0,1.0,0.0,0,0,0,0
C0578,2025-05,0.0,2.0,0.0,2.0,0,0,0,0
C0579,2025-05,1.0,1.0,0.0,2.0,0,0,0,0
C0580,2025-05,4.0,3.0,1.0,2.0,0,0,0,0
C0581,2025-05,2.0,0.0,1.0,4.0,0,0,0,0
C0582,2025-05,1.0,1.0,0.0,0.0,0,0,0,0
C0583,2025-05,2.0,0.0,0.0,1.0,0,0,0,0
C0584,2025-05,2.0,2.0,0.0,3.0,0,0,0,0
C0585,2025-05,3.0,4.0,0.0,1.0,0,0,0,0
C0586,2025-05,0.0,2.0,1.0,2.0,0,0,0,0
C0587,2025-05,2.0,0.0,0.0,1.0,0,0,0,0
C0588,2025-05,0.0,1.0,0.0,1.0,0,0,0,0
C0589,2025-05,2.0,2.0,0.0,2.0,0,0,0,0
C0590,2025-05,2.0,0.0,0.0,0.0,0,0,0,0
C0591,2025-05,2.0,0.0,0.0,1.0,0,0,1,0
C0592,2025-05,2.0,2.0,0.0,2.0,0,0,0,0
C0593,2025-05,1.0,1.0,0.0,1.0,0,0,0,0
C0594,2025-05,4.0,0.0,0.0,1.0,0,0,0,0
C0595,2025-05,1.0,2.0,0.0,1.0,0,0,1,0
C0596,2025-05,3.0,1.0,0.0,1.0,0,0,0,0
C0597,2025-05,2.0,4.0,0.0,3.0,0,0,0,0
C0598,2025-05,2.0,0.0,0.0,2.0,0,0,0,0
C0599,2025-05,4.0,0.0,2.0,1.0,0,0,0,0
C0600,2025-05,1.0,3.0,0.0,1.0,0,0,0,0
C0601,2025-05,1.0,1.0,1.0,2.0,0,0,0,0
C0602,2025-05,0.0,0.0,1.0,0.0,0,0,0,0
C0603,2025-05,2.0,2.0,0.0,1.0,0,0,0,0
C0604,2025-05,2.0,3.0,1.0,3.0,1,0,0,0
C0605,2025-05,1.0,3.0,1.0,1.0,0,0,0,0
C0606,2025-05,3.0,0.0,2.0,1.0,0,0,0,0
C0607,2025-05,1.0,2.0,0.0,1.0,0,0,0,0
C0608,2025-05,3.0,1.0,2.0,0.0,0,0,0,0
C0609,2025-05,5.0,1.0,1.0,1.0,0,0,0,0
C0610,2025-05,1.0,2.0,1.0,0.0,0,0,0,0
C0611,2025-05,3.0,1.0,2.0,2.0,0,0,0,0
C0612,2025-05,1.0,3.0,1.0,0.0,0,0,0,0
C0613,2025-05,0.0,0.0,0.0,2.0,0,0,0,0
C0614,2025-05,3.0,1.0,0.0,1.0,0,0,0,0
C0615,2025-05,1.0,1.0,0.0,1.0,0,1,0,0
C0616,2025-05,3.0,1.0,0.0,0.0,0,0,0,0
C0617,2025-05,2.0,2.0,0.0,2.0,0,0,0,0
C0618,2025-05,1.0,2.0,0.0,1.0,0,0,0,0
C0619,2025-05,0.0,1.0,1.0,0.0,0,0,0,0
C0620,2025-05,2.0,0.0,2.0,1.0,0,0,0,0
C0621,2025-05,1.0,2.0,1.0,3.0,0,0,0,0
C0622,2025-05,1.0,3.0,1.0,2.0,0,0,0,0
C0623,2025-05,1.0,0.0,0.0,1.0,0,0,0,0
C0624,2025-05,0.0,1.0,2.0,0.0,0,0,0,0
C0625,2025-05,0.0,1.0,0.0,3.0,0,0,0,0
C0626,2025-05,0.0,0.0,0.0,4.0,0,0,0,0
C0627,2025-05,1.0,0.0,0.0,1.0,0,0,0,0
C0628,2025-05,2.0,3.0,0.0,2.0,0,0,0,0
C0629,2025-05,4.0,0.0,0.0,0.0,0,0,0,0
C0630,2025-05,5.0,0.0,0.0,2.0,0,0,0,0
C0631,2025-05,2.0,0.0,0.0,2.0,0,0,0,0
C0632,2025-05,4.0,1.0,0.0,1.0,0,0,0,0
C0633,2025-05,1.0,1.0,1.0,3.0,0,0,0,0
C0634,2025-05,4.0,0.0,0.0,1.0,0,0,0,0
C0635,2025-05,5.0,1.0,2.0,0.0,0,0,0,0
C0636,2025-05,2.0,0.0,0.0,2.0,1,0,1,0
C0637,2025-05,2.0,1.0,0.0,1.0,0,0,0,0
C0638,2025-05,3.0,1.0,0.0,1.0,0,0,0,0
C0639,2025-05,3.0,1.0,0.0,1.0,0,0,0,0
C0640,2025-05,4.0,1.0,0.0,2.0,0,0,1,0
C0641,2025-05,3.0,2.0,0.0,1.0,0,0,0,0
C0642,2025-05,2.0,0.0,0.0,1.0,0,0,0,0
C0643,2025-05,2.0,1.0,0.0,0.0,0,0,0,0
C0644,2025-05,6.0,2.0,1.0,3.0,0,0,0,0
C0645,2025-05,1.0,2.0,2.0,0.0,0,0,0,0
C0646,2025-05,1.0,3.0,0.0,2.0,0,0,0,0
C0647,2025-05,1.0,2.0,1.0,0.0,0,0,0,0
C0648,2025-05,0.0,2.0,1.0,0.0,0,0,0,0
C0649,2025-05,1.0,1.0,1.0,1.0,0,0,0,0
C0650,2025-05,2.0,4.0,0.0,1.0,0,0,0,1
C0651,2025-05,1.0,1.0,1.0,0.0,0,0,0,0
C0652,2025-05,2.0,2.0,0.0,1.0,0,0,0,0
C0653,2025-05,1.0,1.0,2.0,2.0,0,0,0,0
C0654,2025-05,3.0,1.0,1.0,2.0,0,0,0,0
C0655,2025-05,1.0,3.0,2.0,2.0,0,0,0,0
C0656,2025-05,1.0,2.0,2.0,0.0,0,0,0,0
C0657,2025-05,0.0,1.0,0.0,0.0,0,0,0,0
C0658,2025-05,4.0,1.0,0.0,1.0,0,0,0,0
C0659,2025-05,2.0,1.0,1.0,1.0,0,1,0,0
C0660,2025-05,1.0,0.0,0.0,0.0,0,0,0,0
C0661,2025-05,2.0,1.0,0.0,1.0,0,0,0,0
C0662,2025-05,3.0,2.0,1.0,1.0,0,0,0,0
C0663,2025-05,1.0,2.0,0.0,2.0,0,0,0,0
C0664,2025-05,0.0,4.0,0.0,2.0,0,0,0,0
C0665,2025-05,2.0,0.0,0.0,0.0,0,0,0,0
C0666,2025-05,1.0,1.0,0.0,1.0,0,0,0,0
C0667,2025-05,3.0,0.0,2.0,0.0,0,0,0,0
C0668,2025-05,2.0,0.0,0.0,1.0,0,0,0,0
C0669,2025-05,2.0,1.0,0.0,3.0,0,0,1,0
C0670,2025-05,2.0,1.0,1.0,2.0,0,0,0,0
C0671,2025-05,2.0,1.0,0.0,0.0,0,0,0,0
C0672,2025-05,2.0,2.0,0.0,2.0,0,0,0,0
C0673,2025-05,1.0,3.0,0.0,1.0,0,0,0,0
C0674,2025-05,1.0,1.0,0.0,3.0,0,0,0,0
C0675,2025-05,5.0,4.0,0.0,2.0,0,0,0,0
C0676,2025-05,1.0,1.0,0.0,0.0,0,0,0,0
C0677,2025-05,2.0,0.0,2.0,0.0,0,0,0,0
C0678,2025-05,1.0,2.0,1.0,0.0,0,0,0,0
C0679,2025-05,2.0,1.0,0.0,0.0,0,0,0,0
C0680,2025-05,3.0,1.0,0.0,1.0,0,0,0,0
C0681,2025-05,2.0,1.0,1.0,0.0,0,1,0,0
C0682,2025-05,2.0,3.0,1.0,3.0,0,0,0,0
C0683,2025-05,1.0,4.0,3.0,3.0,0,0,0,0
C0684,2025-05,0.0,0.0,1.0,2.0,0,0,0,0
C0685,2025-05,2.0,1.0,0.0,0.0,0,0,0,0
C0686,2025-05,3.0,0.0,0.0,2.0,0,0,0,0
C0687,2025-05,3.0,1.0,1.0,1.0,0,0,0,0
C0688,2025-05,2.0,2.0,2.0,1.0,0,0,0,0
C0689,2025-05,2.0,0.0,1.0,0.0,0,0,0,0
C0690,2025-05,4.0,2.0,0.0,1.0,0,0,0,0
C0691,2025-05,0.0,2.0,0.0,3.0,0,0,0,0
C0692,2025-05,1.0,3.0,0.0,1.0,0,0,0,0
C0693,2025-05,3.0,1.0,0.0,2.0,0,0,0,0
C0694,2025-05,2.0,0.0,0.0,0.0,0,0,0,0
C0695,2025-05,4.0,1.0,0.0,2.0,0,0,0,0
C0696,2025-05,0.0,1.0,2.0,3.0,0,0,0,0
C0697,2025-05,3.0,1.0,0.0,2.0,0,0,0,0
C0698,2025-05,1.0,1.0,0.0,0.0,0,0,0,0
C0699,2025-05,0.0,0.0,0.0,1.0,0,0,0,0
C0700,2025-05,1.0,3.0,1.0,1.0,0,0,0,0
C0701,2025-05,2.0,1.0,1.0,2.0,0,0,0,0
C0702,2025-05,0.0,0.0,0.0,1.0,0,0,0,0
C0703,2025-05,2.0,0.0,0.0,1.0,0,0,0,0
C0704,2025-05,2.0,0.0,1.0,1.0,0,0,0,0
C0705,2025-05,1.0,2.0,1.0,0.0,0,0,0,0
C0706,2025-05,2.0,1.0,3.0,3.0,0,1,0,0
C0707,2025-05,3.0,3.0,1.0,3.0,0,0,0,0
C0708,2025-05,0.0,1.0,0.0,2.0,0,0,0,0
C0709,2025-05,1.0,2.0,0.0,1.0,0,0,0,0
C0710,2025-05,2.0,2.0,0.0,0.0,0,0,0,0
C0711,2025-05,1.0,0.0,0.0,1.0,0,0,0,0
C0712,2025-05,3.0,1.0,0.0,1.0,0,0,0,0
C0713,2025-05,2.0,2.0,0.0,1.0,0,0,0,0
C0714,2025-05,0.0,1.0,0.0,1.0,0,0,0,0
C0715,2025-05,4.0,0.0,0.0,1.0,0,0,0,0
C0716,2025-05,3.0,3.0,1.0,4.0,0,0,0,0
C0717,2025-05,3.0,0.0,0.0,1.0,0,0,0,0
C0718,2025-05,1.0,1.0,0.0,2.0,0,0,0,0
C0719,2025-05,1.0,2.0,0.0,1.0,0,0,0,0
C0720,2025-05,2.0,0.0,1.0,0.0,0,0,0,0
C0721,2025-05,1.0,1.0,1.0,0.0,0,0,0,0
C0722,2025-05,3.0,0.0,1.0,0.0,0,0,0,0
C0723,2025-05,2.0,0.0,1.0,0.0,0,0,0,0
C0724,2025-05,2.0,2.0,0.0,0.0,0,0,0,0
C0725,2025-05,1.0,1.0,0.0,0.0,0,0,0,0
C0726,2025-05,4.0,2.0,0.0,2.0,0,0,0,0
C0727,2025-05,0.0,1.0,1.0,2.0,0,0,0,0
C0728,2025-05,6.0,2.0,0.0,0.0,0,0,1,0
C0729,2025-05,3.0,1.0,3.0,1.0,0,0,0,0
C0730,2025-05,1.0,0.0,0.0,0.0,0,0,0,0
C0731,2025-05,2.0,2.0,0.0,2.0,0,0,0,0
C0732,2025-05,4.0,1.0,3.0,1.0,0,0,0,0
C0733,2025-05,3.0,4.0,0.0,2.0,0,0,0,0
C0734,2025-05,4.0,1.0,2.0,1.0,0,0,0,0
C0735,2025-05,0.0,3.0,0.0,0.0,0,0,1,0
C0736,2025-05,3.0,0.0,3.0,1.0,0,0,0,0
C0737,2025-05,7.0,0.0,2.0,2.0,0,0,0,0
C0738,2025-05,2.0,1.0,1.0,1.0,0,0,0,0
C0739,2025-05,2.0,0.0,3.0,2.0,0,0,0,0
C0740,2025-05,0.0,1.0,0.0,2.0,0,0,0,0
C0741,2025-05,1.0,2.0,0.0,1.0,0,0,0,0
C0742,2025-05,1.0,0.0,3.0,1.0,0,0,0,0
C0743,2025-05,2.0,2.0,1.0,1.0,0,0,0,0
C0744,2025-05,3.0,1.0,1.0,0.0,0,0,0,0
C0745,2025-05,2.0,0.0,1.0,1.0,0,0,0,0
C0746,2025-05,4.0,1.0,0.0,1.0,0,0,0,0
C0747,2025-05,0.0,1.0,0.0,1.0,0,0,0,1
C0748,2025-05,3.0,1.0,0.0,1.0,0,1,0,0
C0749,2025-05,3.0,1.0,0.0,1.0,0,0,0,0
C0750,2025-05,4.0,1.0,1.0,1.0,0,0,0,0
C0751,2025-05,3.0,0.0,0.0,0.0,0,0,0,0
C0752,2025-05,2.0,1.0,0.0,0.0,0,0,1,0
C0753,2025-05,2.0,1.0,1.0,0.0,0,0,0,0
C0754,2025-05,4.0,2.0,1.0,2.0,0,0,0,0
C0755,2025-05,1.0,2.0,0.0,1.0,0,0,0,0
C0756,2025-05,4.0,0.0,2.0,0.0,0,0,0,0
C0757,2025-05,3.0,1.0,0.0,2.0,0,0,1,0
C0758,2025-05,1.0,0.0,0.0,0.0,0,0,0,0
C0759,2025-05,1.0,1.0,1.0,1.0,0,1,0,0
C0760,2025-05,2.0,2.0,1.0,2.0,0,0,0,0
C0761,2025-05,3.0,0.0,0.0,1.0,0,0,0,0
C0762,2025-05,3.0,2.0,0.0,0.0,0,0,0,0
C0763,2025-05,1.0,0.0,1.0,0.0,0,0,0,0
C0764,2025-05,1.0,2.0,2.0,1.0,0,0,0,0
C0765,2025-05,6.0,1.0,0.0,3.0,0,0,0,0
C0766,2025-05,1.0,1.0,3.0,1.0,0,0,0,0
C0767,2025-05,2.0,1.0,0.0,1.0,0,0,0,0
C0768,2025-05,0.0,2.0,1.0,0.0,0,0,0,0
C0769,2025-05,3.0,4.0,0.0,2.0,0,0,0,0
C0770,2025-05,6.0,0.0,0.0,2.0,0,0,0,0
C0771,2025-05,2.0,0.0,0.0,2.0,0,0,0,0
C0772,2025-05,2.0,2.0,1.0,2.0,0,0,0,0
C0773,2025-05,3.0,0.0,1.0,1.0,0,0,0,0
C0774,2025-05,1.0,1.0,0.0,5.0,0,0,0,0
C0775,2025-05,4.0,2.0,0.0,3.0,0,0,0,0
C0776,2025-05,0.0,1.0,2.0,2.0,0,0,0,0
C0777,2025-05,2.0,1.0,0.0,0.0,0,0,0,0
C0778,2025-05,2.0,0.0,2.0,0.0,0,0,0,0
C0779,2025-05,1.0,0.0,0.0,0.0,0,0,0,0
C0780,2025-05,1.0,1.0,0.0,2.0,0,0,0,0
C0781,2025-05,2.0,2.0,0.0,1.0,0,0,1,0
C0782,2025-05,2.0,0.0,0.0,0.0,0,0,1,0
C0783,2025-05,6.0,1.0,0.0,1.0,0,0,0,0
C0784,2025-05,1.0,4.0,1.0,1.0,0,0,0,0
C0785,2025-05,3.0,2.0,0.0,0.0,0,0,0,0
C0786,2025-05,2.0,1.0,2.0,2.0,0,0,0,0
C0787,2025-05,2.0,2.0,1.0,0.0,0,0,0,0
C0788,2025-05,2.0,1.0,1.0,2.0,0,0,0,0
C0789,2025-05,3.0,1.0,1.0,1.0,0,0,0,1
C0790,2025-05,3.0,0.0,0.0,0.0,0,0,0,0
C0791,2025-05,0.0,0.0,1.0,2.0,0,0,0,0
C0792,2025-05,1.0,1.0,1.0,0.0,0,0,0,0
C0793,2025-05,0.0,1.0,0.0,1.0,0,0,0,0
C0794,2025-05,2.0,1.0,0.0,0.0,0,0,0,0
C0795,2025-05,5.0,1.0,0.0,0.0,0,0,0,0
C0796,2025-05,1.0,0.0,0.0,1.0,0,0,0,0
C0797,2025-05,4.0,0.0,0.0,2.0,0,0,0,0
C0798,2025-05,3.0,2.0,2.0,2.0,0,0,0,0
C0799,2025-05,2.0,2.0,0.0,1.0,0,0,0,0
C0800,2025-05,1.0,2.0,0.0,0.0,0,0,0,0
H0001,2025-06,0.0,2.0,0.0,5.0,0,0,1,0
H0002,2025-06,2.0,1.0,2.0,2.0,0,0,0,0
H0003,2025-06,2.0,1.0,0.0,1.0,0,1,0,0
H0004,2025-06,3.0,0.0,1.0,1.0,0,0,0,0
H0005,2025-06,4.0,1.0,0.0,1.0,0,0,0,0
H0006,2025-06,3.0,1.0,0.0,1.0,0,0,0,0
H0007,2025-06,2.0,2.0,0.0,0.0,0,0,0,0
H0008,2025-06,0.0,1.0,1.0,1.0,0,0,0,0
H0009,2025-06,2.0,0.0,1.0,2.0,0,0,0,0
H0010,2025-06,4.0,4.0,1.0,1.0,0,0,0,0
H0011,2025-06,1.0,0.0,0.0,0.0,0,0,0,0
H0012,2025-06,1.0,4.0,2.0,1.0,0,0,0,0
H0013,2025-06,0.0,4.0,0.0,3.0,0,0,1,0
H0014,2025-06,3.0,0.0,2.0,1.0,0,0,0,0
H0015,2025-06,1.0,1.0,1.0,0.0,0,0,0,0
H0016,2025-06,1.0,0.0,0.0,0.0,0,0,0,0
H0017,2025-06,3.0,3.0,0.0,1.0,0,0,0,0
H0018,2025-06,1.0,1.0,1.0,0.0,0,0,0,0
H0019,2025-06,2.0,1.0,0.0,0.0,0,0,0,0
H0020,2025-06,0.0,4.0,0.0,0.0,0,0,0,0
H0021,2025-06,2.0,0.0,0.0,1.0,1,0,0,0
H0022,2025-06,5.0,0.0,0.0,2.0,0,0,0,0
H0023,2025-06,3.0,0.0,0.0,3.0,0,0,0,0
H0024,2025-06,2.0,2.0,2.0,1.0,1,0,0,1
H0025,2025-06,2.0,0.0,0.0,1.0,0,0,0,1
H0026,2025-06,1.0,0.0,2.0,0.0,0,0,0,0
H0027,2025-06,3.0,1.0,0.0,1.0,0,0,0,0
H0028,2025-06,3.0,3.0,1.0,1.0,0,0,0,0
H0029,2025-06,2.0,1.0,0.0,1.0,0,0,0,0
H0030,2025-06,1.0,1.0,2.0,0.0,0,0,0,0
H0031,2025-06,1.0,0.0,2.0,0.0,0,0,0,0
H0032,2025-06,3.0,2.0,0.0,2.0,0,0,0,0
H0033,2025-06,5.0,1.0,2.0,1.0,0,1,0,0
H0034,2025-06,2.0,2.0,0.0,1.0,0,0,0,1
H0035,2025-06,1.0,0.0,0.0,1.0,0,0,0,0
H0036,2025-06,1.0,3.0,0.0,2.0,0,0,0,0
H0037,2025-06,4.0,0.0,1.0,1.0,0,0,0,0
H0038,2025-06,1.0,1.0,1.0,1.0,0,0,0,0
H0039,2025-06,1.0,2.0,1.0,3.0,0,0,0,0
H0040,2025-06,2.0,2.0,0.0,0.0,0,0,0,0
H0041,2025-06,2.0,2.0,2.0,1.0,0,0,0,0
H0042,2025-06,0.0,0.0,0.0,3.0,0,0,0,0
H0043,2025-06,1.0,1.0,0.0,2.0,0,1,0,0
H0044,2025-06,3.0,2.0,1.0,1.0,0,0,0,0
H0045,2025-06,2.0,0.0,0.0,0.0,1,0,0,0
H0046,2025-06,2.0,0.0,1.0,1.0,0,0,0,1
H0047,2025-06,4.0,0.0,1.0,1.0,0,0,0,0
H0048,2025-06,1.0,0.0,0.0,2.0,0,0,0,0
H0049,2025-06,2.0,0.0,0.0,0.0,0,0,0,0
H0050,2025-06,5.0,1.0,0.0,4.0,0,0,0,0
H0051,2025-06,1.0,2.0,1.0,1.0,0,0,0,0
H0052,2025-06,5.0,1.0,1.0,0.0,0,0,0,0
H0053,2025-06,0.0,0.0,1.0,0.0,0,0,0,0
H0054,2025-06,2.0,1.0,0.0,2.0,0,0,0,0
H0055,2025-06,3.0,2.0,1.0,0.0,0,0,0,0
H0056,2025-06,2.0,3.0,0.0,2.0,0,0,0,0
H0057,2025-06,0.0,1.0,0.0,0.0,0,0,0,0
H0058,2025-06,1.0,1.0,1.0,1.0,0,0,0,0
H0059,2025-06,2.0,0.0,0.0,0.0,0,0,0,0
H0060,2025-06,3.0,0.0,0.0,1.0,0,0,1,1
H0061,2025-06,1.0,1.0,1.0,1.0,0,0,0,0
H0062,2025-06,1.0,2.0,0.0,1.0,0,0,0,0
H0063,2025-06,3.0,0.0,1.0,1.0,0,0,0,0
H0064,2025-06,1.0,1.0,1.0,6.0,0,0,0,0
H0065,2025-06,4.0,1.0,2.0,1.0,0,0,0,0
H0066,2025-06,1.0,2.0,1.0,0.0,0,0,0,0
H0067,2025-06,2.0,1.0,1.0,3.0,0,1,0,0
H0068,2025-06,2.0,2.0,0.0,1.0,0,0,0,0
H0069,2025-06,4.0,1.0,1.0,1.0,0,0,0,1
H0070,2025-06,0.0,1.0,0.0,1.0,0,1,0,0
H0071,2025-06,1.0,1.0,0.0,2.0,0,0,0,0
H0072,2025-06,0.0,1.0,1.0,2.0,0,1,0,0
H0073,2025-06,1.0,1.0,2.0,1.0,0,0,0,0
H0074,2025-06,1.0,1.0,1.0,0.0,0,0,0,0
H0075,2025-06,2.0,1.0,0.0,1.0,0,0,0,0
H0076,2025-06,3.0,2.0,1.0,0.0,0,0,0,0
H0077,2025-06,2.0,0.0,0.0,2.0,0,0,0,0
H0078,2025-06,1.0,2.0,2.0,2.0,0,0,0,0
H0079,2025-06,2.0,0.0,0.0,1.0,0,0,0,0
H0080,2025-06,1.0,0.0,1.0,1.0,0,0,0,0
H0081,2025-06,8.0,4.0,0.0,1.0,0,0,0,0
H0082,2025-06,1.0,0.0,0.0,0.0,0,0,0,0
H0083,2025-06,1.0,1.0,1.0,2.0,0,0,0,0
H0084,2025-06,2.0,2.0,1.0,0.0,0,0,0,0
H0085,2025-06,1.0,1.0,0.0,2.0,0,0,0,0
H0086,2025-06,2.0,3.0,1.0,1.0,0,0,0,0
H0087,2025-06,2.0,0.0,1.0,0.0,1,0,0,0
H0088,2025-06,3.0,2.0,1.0,6.0,0,0,0,0
H0089,2025-06,3.0,1.0,0.0,2.0,0,0,1,0
H0090,2025-06,2.0,1.0,1.0,1.0,0,0,0,0
H0091,2025-06,2.0,2.0,0.0,2.0,1,0,0,0
H0092,2025-06,2.0,0.0,0.0,2.0,0,0,0,0
H0093,2025-06,0.0,4.0,0.0,3.0,0,0,0,0
H0094,2025-06,2.0,1.0,1.0,1.0,0,0,0,0
H0095,2025-06,2.0,2.0,0.0,0.0,0,0,1,0
H0096,2025-06,1.0,0.0,1.0,2.0,0,0,0,0
H0097,2025-06,0.0,3.0,0.0,0.0,0,0,1,0
H0098,2025-06,3.0,1.0,0.0,2.0,0,0,0,0
H0099,2025-06,4.0,1.0,0.0,1.0,0,0,0,1
H0100,2025-06,1.0,1.0,0.0,1.0,0,0,0,0
H0101,2025-06,1.0,2.0,0.0,0.0,0,0,0,0
H0102,2025-06,1.0,1.0,1.0,3.0,0,0,0,0
H0103,2025-06,2.0,0.0,0.0,1.0,1,0,0,0
H0104,2025-06,1.0,0.0,0.0,1.0,0,0,0,0
H0105,2025-06,1.0,0.0,1.0,0.0,0,0,0,0
H0106,2025-06,4.0,0.0,0.0,1.0,0,0,0,0
H0107,2025-06,2.0,0.0,1.0,1.0,0,0,0,1
H0108,2025-06,2.0,1.0,0.0,0.0,0,0,0,0
H0109,2025-06,2.0,2.0,0.0,1.0,0,0,0,0
H0110,2025-06,0.0,1.0,0.0,1.0,0,1,0,0
H0111,2025-06,2.0,2.0,1.0,1.0,0,0,0,0
H0112,2025-06,0.0,0.0,2.0,3.0,0,0,0,0
H0113,2025-06,1.0,2.0,0.0,2.0,0,0,1,0
H0114,2025-06,1.0,2.0,1.0,2.0,0,0,0,0
H0115,2025-06,0.0,2.0,0.0,0.0,0,0,1,0
H0116,2025-06,5.0,1.0,1.0,0.0,0,0,0,0
H0117,2025-06,1.0,2.0,2.0,0.0,0,0,0,0
H0118,2025-06,3.0,2.0,2.0,0.0,0,0,0,0
H0119,2025-06,1.0,0.0,0.0,2.0,0,0,0,0
H0120,2025-06,2.0,0.0,2.0,0.0,0,0,0,0
H0121,2025-06,3.0,1.0,0.0,2.0,0,0,1,0
H0122,2025-06,1.0,1.0,0.0,1.0,0,0,0,0
H0123,2025-06,2.0,1.0,0.0,2.0,0,0,0,0
H0124,2025-06,1.0,1.0,0.0,1.0,0,1,0,0
H0125,2025-06,1.0,3.0,1.0,2.0,0,0,0,0
H0126,2025-06,0.0,1.0,1.0,1.0,0,0,0,0
H0127,2025-06,2.0,1.0,0.0,3.0,0,0,0,0
H0128,2025-06,1.0,1.0,0.0,1.0,0,0,0,0
H0129,2025-06,2.0,0.0,0.0,2.0,0,0,0,0
H0130,2025-06,2.0,1.0,1.0,0.0,0,1,0,0
H0131,2025-06,3.0,0.0,0.0,0.0,0,0,0,0
H0132,2025-06,2.0,2.0,0.0,1.0,0,0,0,0
H0133,2025-06,0.0,2.0,1.0,0.0,0,0,0,0
H0134,2025-06,2.0,3.0,2.0,0.0,0,0,0,0
H0135,2025-06,2.0,2.0,1.0,2.0,1,0,0,0
H0136,2025-06,2.0,4.0,1.0,1.0,0,0,0,0
H0137,2025-06,2.0,3.0,0.0,0.0,0,0,0,0
H0138,2025-06,1.0,1.0,1.0,1.0,0,1,0,0
H0139,2025-06,3.0,0.0,0.0,5.0,0,0,0,0
H0140,2025-06,1.0,0.0,1.0,0.0,0,0,0,0
H0141,2025-06,4.0,1.0,0.0,1.0,0,0,0,0
H0142,2025-06,2.0,1.0,1.0,3.0,0,0,0,0
H0143,2025-06,2.0,0.0,0.0,1.0,0,0,0,0
H0144,2025-06,2.0,0.0,0.0,2.0,0,0,0,0
H0145,2025-06,3.0,1.0,1.0,2.0,0,0,0,0
H0146,2025-06,1.0,4.0,0.0,0.0,0,0,0,0
H0147,2025-06,6.0,0.0,0.0,3.0,0,0,0,0
H0148,2025-06,1.0,4.0,1.0,1.0,0,0,0,0
H0149,2025-06,1.0,2.0,0.0,4.0,0,0,0,0
H0150,2025-06,3.0,2.0,0.0,0.0,0,0,1,0
H0151,2025-06,3.0,1.0,0.0,0.0,0,1,0,0
H0152,2025-06,2.0,2.0,0.0,0.0,0,0,0,0
H0153,2025-06,2.0,0.0,1.0,0.0,0,0,0,0
H0154,2025-06,6.0,2.0,1.0,1.0,0,0,0,0
H0155,2025-06,3.0,2.0,0.0,0.0,0,0,0,0
H0156,2025-06,0.0,0.0,1.0,1.0,0,0,0,0
H0157,2025-06,1.0,0.0,0.0,3.0,0,0,0,0
H0158,2025-06,2.0,1.0,0.0,1.0,0,0,0,0
H0159,2025-06,0.0,1.0,0.0,0.0,0,0,0,0
H0160,2025-06,1.0,1.0,0.0,2.0,0,0,0,0
H0161,2025-06,5.0,1.0,1.0,1.0,0,0,0,0
H0162,2025-06,2.0,0.0,0.0,1.0,0,0,0,0
H0163,2025-06,1.0,1.0,3.0,1.0,0,0,0,0
H0164,2025-06,2.0,1.0,0.0,1.0,0,0,0,0
H0165,2025-06,0.0,1.0,0.0,1.0,0,0,0,0
H0166,2025-06,3.0,2.0,0.0,3.0,0,0,1,0
H0167,2025-06,2.0,1.0,1.0,0.0,0,0,0,0
H0168,2025-06,4.0,0.0,1.0,1.0,0,0,0,0
H0169,2025-06,4.0,0.0,1.0,2.0,0,0,0,0
H0170,2025-06,2.0,1.0,0.0,2.0,0,0,0,0
H0171,2025-06,1.0,1.0,0.0,0.0,0,0,0,0
H0172,2025-06,1.0,2.0,1.0,2.0,0,0,0,0
H0173,2025-06,2.0,0.0,2.0,0.0,0,0,0,0
H0174,2025-06,2.0,1.0,0.0,1.0,0,0,0,0
H0175,2025-06,2.0,3.0,0.0,1.0,1,0,0,0
H0176,2025-06,3.0,2.0,0.0,2.0,0,0,0,0
H0177,2025-06,1.0,1.0,1.0,1.0,0,0,0,0
H0178,2025-06,1.0,2.0,0.0,1.0,0,0,0,0
H0179,2025-06,1.0,4.0,0.0,2.0,0,0,0,0
H0180,2025-06,3.0,0.0,2.0,2.0,0,0,0,0
H0181,2025-06,2.0,3.0,1.0,1.0,0,0,0,0
H0182,2025-06,2.0,4.0,0.0,2.0,1,0,0,0
H0183,2025-06,1.0,0.0,0.0,2.0,0,0,0,0
H0184,2025-06,1.0,1.0,0.0,0.0,0,0,0,0
H0185,2025-06,1.0,0.0,0.0,3.0,0,0,0,0
H0186,2025-06,3.0,1.0,0.0,2.0,0,0,0,0
H0187,2025-06,1.0,0.0,0.0,2.0,0,0,0,0
H0188,2025-06,1.0,1.0,1.0,1.0,0,0,0,0
H0189,2025-06,4.0,2.0,1.0,0.0,0,0,0,0
H0190,2025-06,2.0,1.0,0.0,0.0,0,0,0,0
H0191,2025-06,1.0,1.0,0.0,1.0,0,0,0,0
H0192,2025-06,3.0,0.0,0.0,5.0,0,0,0,0
H0193,2025-06,0.0,2.0,2.0,1.0,0,0,0,0
H0194,2025-06,1.0,1.0,0.0,1.0,0,0,0,0
H0195,2025-06,4.0,2.0,0.0,2.0,0,0,0,0
H0196,2025-06,0.0,1.0,1.0,2.0,0,0,0,0
H0197,2025-06,3.0,1.0,0.0,0.0,0,0,0,0
H0198,2025-06,1.0,1.0,0.0,2.0,0,0,0,0
H0199,2025-06,1.0,2.0,1.0,0.0,0,0,0,0
H0200,2025-06,0.0,2.0,1.0,1.0,0,0,0,0
H0201,2025-06,2.0,4.0,1.0,0.0,0,0,0,0
H0202,2025-06,2.0,2.0,1.0,0.0,0,0,0,0
H0203,2025-06,2.0,0.0,1.0,1.0,0,0,0,1
H0204,2025-06,1.0,1.0,0.0,0.0,0,0,0,0
H0205,2025-06,2.0,1.0,0.0,1.0,0,0,0,0
H0206,2025-06,1.0,2.0,1.0,2.0,0,0,0,0
H0207,2025-06,0.0,3.0,0.0,0.0,0,0,0,0
H0208,2025-06,2.0,1.0,0.0,1.0,0,0,0,0
H0209,2025-06,5.0,0.0,0.0,1.0,0,0,0,0
H0210,2025-06,2.0,4.0,2.0,1.0,0,0,0,0
H0211,2025-06,2.0,1.0,0.0,0.0,0,0,0,0
H0212,2025-06,2.0,4.0,0.0,0.0,1,0,0,0
H0213,2025-06,1.0,2.0,0.0,0.0,0,0,0,0
H0214,2025-06,4.0,2.0,0.0,3.0,0,0,0,0
H0215,2025-06,2.0,3.0,0.0,0.0,0,0,0,0
H0216,2025-06,2.0,3.0,1.0,1.0,0,0,0,0
H0217,2025-06,1.0,0.0,0.0,1.0,0,0,0,0
H0218,2025-06,3.0,2.0,0.0,2.0,0,0,0,0
H0219,2025-06,0.0,0.0,1.0,0.0,0,0,0,0
H0220,2025-06,2.0,1.0,1.0,0.0,0,0,0,0
H0221,2025-06,2.0,1.0,3.0,1.0,0,0,0,0
H0222,2025-06,2.0,4.0,0.0,0.0,1,0,0,0
H0223,2025-06,3.0,1.0,0.0,0.0,0,0,0,0
H0224,2025-06,3.0,2.0,0.0,2.0,0,0,0,0
H0225,2025-06,2.0,0.0,1.0,4.0,0,0,0,0
H0226,2025-06,2.0,1.0,1.0,0.0,0,0,0,0
H0227,2025-06,2.0,1.0,0.0,2.0,0,0,0,0
H0228,2025-06,5.0,1.0,1.0,1.0,0,0,0,0
H0229,2025-06,2.0,1.0,1.0,0.0,0,0,0,0
H0230,2025-06,4.0,0.0,0.0,3.0,0,0,0,0
H0231,2025-06,3.0,0.0,0.0,1.0,0,0,0,0
H0232,2025-06,1.0,4.0,0.0,0.0,0,0,1,0
H0233,2025-06,0.0,1.0,1.0,1.0,0,0,0,1
H0234,2025-06,0.0,4.0,0.0,0.0,0,0,0,0
H0235,2025-06,1.0,1.0,0.0,5.0,0,0,0,0
H0236,2025-06,4.0,1.0,1.0,1.0,0,0,0,0
H0237,2025-06,2.0,1.0,0.0,2.0,0,0,0,0
H0238,2025-06,3.0,0.0,0.0,0.0,0,0,1,0
H0239,2025-06,0.0,0.0,0.0,1.0,0,0,0,0
H0240,2025-06,0.0,2.0,0.0,2.0,0,0,0,0
H0241,2025-06,1.0,0.0,3.0,0.0,0,0,0,0
H0242,2025-06,2.0,1.0,1.0,0.0,0,0,0,0
H0243,2025-06,2.0,2.0,0.0,0.0,0,0,0,0
H0244,2025-06,1.0,2.0,1.0,3.0,0,0,0,0
H0245,2025-06,3.0,2.0,0.0,2.0,0,0,0,0
H0246,2025-06,3.0,1.0,1.0,0.0,0,0,0,0
H0247,2025-06,3.0,4.0,1.0,0.0,0,0,0,0
H0248,2025-06,2.0,3.0,2.0,0.0,0,0,0,0
H0249,2025-06,5.0,0.0,0.0,4.0,0,0,0,0
H0250,2025-06,5.0,2.0,0.0,2.0,0,0,0,0
H0251,2025-06,0.0,2.0,0.0,2.0,0,0,1,0
H0252,2025-06,0.0,0.0,0.0,0.0,0,0,0,0
H0253,2025-06,2.0,1.0,0.0,1.0,0,0,0,0
H0254,2025-06,1.0,2.0,1.0,3.0,0,0,0,0
H0255,2025-06,3.0,1.0,1.0,2.0,0,0,0,0
H0256,2025-06,1.0,1.0,0.0,3.0,0,0,0,0
H0257,2025-06,2.0,1.0,0.0,2.0,1,0,0,0
H0258,2025-06,3.0,0.0,0.0,1.0,0,0,0,0
H0259,2025-06,1.0,0.0,0.0,0.0,0,0,0,0
H0260,2025-06,0.0,4.0,0.0,3.0,0,0,0,0
H0261,2025-06,1.0,0.0,0.0,3.0,0,0,0,0
H0262,2025-06,1.0,2.0,1.0,2.0,0,0,0,0
H0263,2025-06,4.0,0.0,2.0,1.0,0,0,0,0
H0264,2025-06,2.0,2.0,0.0,1.0,0,0,1,0
H0265,2025-06,0.0,3.0,0.0,1.0,0,0,0,0
H0266,2025-06,1.0,2.0,0.0,1.0,0,0,0,0
H0267,2025-06,3.0,0.0,1.0,0.0,0,0,0,0
H0268,2025-06,1.0,1.0,1.0,2.0,0,0,0,0
H0269,2025-06,2.0,2.0,2.0,2.0,0,0,0,0
H0270,2025-06,2.0,1.0,1.0,3.0,0,0,0,0
H0271,2025-06,3.0,0.0,1.0,2.0,0,0,0,0
H0272,2025-06,1.0,0.0,1.0,1.0,0,0,0,0
H0273,2025-06,3.0,4.0,0.0,3.0,0,0,0,0
H0274,2025-06,2.0,1.0,0.0,0.0,0,0,0,0
H0275,2025-06,5.0,1.0,2.0,1.0,0,0,0,0
H0276,2025-06,2.0,1.0,1.0,1.0,0,0,0,0
H0277,2025-06,0.0,1.0,0.0,0.0,0,0,0,0
H0278,2025-06,3.0,3.0,0.0,4.0,0,0,0,0
H0279,2025-06,3.0,0.0,1.0,1.0,0,0,0,0
H0280,2025-06,3.0,1.0,1.0,1.0,0,0,0,0
H0281,2025-06,2.0,1.0,0.0,1.0,0,0,0,0
H0282,2025-06,1.0,0.0,1.0,0.0,0,0,0,0
H0283,2025-06,2.0,0.0,1.0,0.0,0,0,0,0
H0284,2025-06,1.0,2.0,3.0,0.0,0,0,0,0
H0285,2025-06,2.0,1.0,0.0,2.0,1,0,1,0
H0286,2025-06,2.0,0.0,0.0,1.0,0,0,0,0
H0287,2025-06,1.0,1.0,2.0,1.0,0,0,0,0
H0288,2025-06,1.0,0.0,1.0,1.0,0,0,0,0
H0289,2025-06,1.0,4.0,1.0,0.0,0,0,0,0
H0290,2025-06,2.0,1.0,1.0,1.0,0,0,0,1
H0291,2025-06,4.0,1.0,0.0,2.0,0,0,0,0
H0292,2025-06,0.0,1.0,0.0,2.0,0,0,0,0
H0293,2025-06,0.0,0.0,0.0,0.0,0,0,0,0
H0294,2025-06,3.0,3.0,2.0,1.0,0,0,0,0
H0295,2025-06,1.0,1.0,0.0,3.0,0,0,0,0
H0296,2025-06,0.0,2.0,0.0,1.0,0,0,0,0
H0297,2025-06,2.0,4.0,0.0,2.0,0,0,0,0
H0298,2025-06,1.0,0.0,2.0,1.0,0,0,0,0
H0299,2025-06,0.0,1.0,1.0,1.0,0,0,0,0
H0300,2025-06,3.0,2.0,0.0,1.0,0,0,0,0
H0301,2025-06,2.0,1.0,2.0,2.0,0,0,0,0
H0302,2025-06,1.0,3.0,1.0,0.0,0,0,0,0
H0303,2025-06,2.0,1.0,1.0,1.0,0,0,0,0
H0304,2025-06,1.0,0.0,0.0,1.0,0,0,0,0
H0305,2025-06,2.0,1.0,0.0,2.0,0,0,0,0
H0306,2025-06,3.0,1.0,0.0,0.0,0,0,0,0
H0307,2025-06,1.0,1.0,1.0,2.0,0,0,0,0
H0308,2025-06,0.0,2.0,2.0,3.0,0,0,0,0
H0309,2025-06,3.0,1.0,2.0,1.0,0,0,0,0
H0310,2025-06,2.0,2.0,2.0,1.0,0,0,0,0
H0311,2025-06,2.0,0.0,1.0,2.0,0,0,0,0
H0312,2025-06,1.0,1.0,1.0,0.0,0,0,0,0
H0313,2025-06,1.0,1.0,0.0,1.0,0,0,0,0
H0314,2025-06,5.0,0.0,1.0,0.0,0,0,0,0
H0315,2025-06,1.0,0.0,1.0,1.0,0,0,0,0
H0316,2025-06,1.0,1.0,2.0,2.0,0,0,0,0
H0317,2025-06,4.0,1.0,1.0,2.0,0,0,0,0
H0318,2025-06,1.0,1.0,0.0,1.0,0,0,0,0
H0319,2025-06,0.0,0.0,0.0,2.0,0,0,0,0
H0320,2025-06,0.0,1.0,0.0,1.0,0,0,1,1
H0321,2025-06,2.0,4.0,3.0,1.0,1,0,0,1
H0322,2025-06,7.0,4.0,2.0,3.0,0,0,0,0
H0323,2025-06,4.0,4.0,0.0,2.0,0,0,0,0
H0324,2025-06,5.0,1.0,0.0,0.0,0,1,0,0
H0325,2025-06,0.0,0.0,1.0,1.0,0,0,0,0
H0326,2025-06,3.0,2.0,0.0,3.0,0,0,0,0
H0327,2025-06,1.0,1.0,1.0,1.0,0,0,0,0
H0328,2025-06,3.0,2.0,1.0,0.0,0,0,0,0
H0329,2025-06,2.0,1.0,0.0,0.0,1,0,0,0
H0330,2025-06,1.0,1.0,0.0,2.0,0,0,0,0
H0331,2025-06,5.0,1.0,1.0,1.0,0,0,0,0
H0332,2025-06,2.0,1.0,1.0,1.0,0,1,0,0
H0333,2025-06,2.0,4.0,1.0,3.0,0,0,0,0
H0334,2025-06,0.0,1.0,1.0,2.0,0,1,0,0
H0335,2025-06,3.0,1.0,0.0,2.0,0,0,0,0
H0336,2025-06,1.0,2.0,0.0,2.0,0,0,1,0
H0337,2025-06,2.0,1.0,1.0,1.0,0,0,0,1
H0338,2025-06,2.0,1.0,1.0,0.0,0,0,0,0
H0339,2025-06,2.0,1.0,0.0,0.0,0,1,0,0
H0340,2025-06,2.0,1.0,0.0,1.0,0,0,0,0
H0341,2025-06,2.0,4.0,2.0,1.0,0,0,0,0
H0342,2025-06,3.0,1.0,1.0,0.0,0,0,0,0
H0343,2025-06,1.0,1.0,0.0,0.0,0,0,0,0
H0344,2025-06,4.0,1.0,2.0,2.0,0,0,0,0
H0345,2025-06,2.0,0.0,0.0,1.0,0,0,1,1
H0346,2025-06,4.0,1.0,0.0,2.0,0,1,0,0
H0347,2025-06,3.0,1.0,0.0,2.0,0,0,0,0
H0348,2025-06,2.0,4.0,1.0,1.0,0,0,0,0
H0349,2025-06,1.0,0.0,0.0,0.0,0,0,0,0
H0350,2025-06,2.0,2.0,0.0,0.0,0,0,0,0
H0351,2025-06,1.0,0.0,1.0,1.0,0,0,0,0
H0352,2025-06,3.0,1.0,1.0,1.0,0,0,0,0
H0353,2025-06,5.0,0.0,0.0,2.0,0,0,0,0
H0354,2025-06,2.0,3.0,0.0,0.0,0,0,0,0
H0355,2025-06,0.0,0.0,0.0,1.0,0,0,0,1
H0356,2025-06,2.0,0.0,0.0,2.0,1,0,0,0
H0357,2025-06,2.0,1.0,0.0,1.0,0,0,0,0
H0358,2025-06,1.0,2.0,0.0,1.0,0,0,1,0
H0359,2025-06,2.0,2.0,0.0,2.0,0,0,0,0
H0360,2025-06,3.0,2.0,1.0,1.0,0,0,0,0
H0361,2025-06,2.0,0.0,1.0,0.0,0,0,0,0
H0362,2025-06,1.0,1.0,0.0,0.0,0,0,0,0
H0363,2025-06,1.0,0.0,0.0,1.0,0,0,0,0
H0364,2025-06,1.0,2.0,0.0,0.0,0,0,0,0
H0365,2025-06,3.0,0.0,1.0,4.0,0,0,0,0
H0366,2025-06,2.0,2.0,0.0,0.0,1,0,1,0
H0367,2025-06,2.0,1.0,2.0,1.0,1,0,0,1
H0368,2025-06,0.0,3.0,0.0,0.0,0,0,0,0
H0369,2025-06,3.0,1.0,0.0,1.0,0,0,0,0
H0370,2025-06,5.0,1.0,0.0,0.0,0,0,0,0
H0371,2025-06,1.0,0.0,1.0,0.0,0,0,0,0
H0372,2025-06,2.0,3.0,2.0,0.0,0,0,0,0
H0373,2025-06,1.0,4.0,2.0,0.0,0,0,0,0
H0374,2025-06,0.0,2.0,1.0,3.0,0,0,0,0
H0375,2025-06,1.0,1.0,1.0,2.0,0,1,0,0
H0376,2025-06,2.0,0.0,2.0,0.0,0,0,0,0
H0377,2025-06,2.0,3.0,0.0,0.0,0,0,0,0
H0378,2025-06,2.0,0.0,1.0,0.0,0,0,0,0
H0379,2025-06,7.0,3.0,0.0,0.0,0,0,1,0
H0380,2025-06,1.0,1.0,3.0,2.0,0,0,0,0
H0381,2025-06,1.0,2.0,0.0,0.0,0,0,0,0
H0382,2025-06,3.0,1.0,0.0,1.0,0,0,0,0
H0383,2025-06,1.0,3.0,0.0,3.0,0,0,0,0
H0384,2025-06,0.0,0.0,0.0,3.0,0,0,0,0
H0385,2025-06,2.0,3.0,0.0,1.0,0,0,0,0
H0386,2025-06,3.0,3.0,1.0,2.0,0,0,0,0
H0387,2025-06,3.0,3.0,0.0,1.0,0,0,0,0
H0388,2025-06,3.0,3.0,0.0,1.0,0,0,0,0
H0389,2025-06,1.0,2.0,1.0,1.0,0,0,0,0
H0390,2025-06,7.0,2.0,0.0,2.0,0,0,0,0
H0391,2025-06,4.0,0.0,0.0,3.0,0,0,0,0
H0392,2025-06,2.0,0.0,0.0,1.0,0,0,0,1
H0393,2025-06,2.0,1.0,0.0,1.0,0,0,0,0
H0394,2025-06,3.0,3.0,1.0,1.0,0,0,0,0
H0395,2025-06,1.0,2.0,1.0,2.0,0,0,0,0
H0396,2025-06,0.0,1.0,1.0,1.0,0,0,0,0
H0397,2025-06,1.0,2.0,3.0,1.0,0,0,0,0
H0398,2025-06,1.0,2.0,0.0,1.0,0,0,0,0
H0399,2025-06,4.0,3.0,0.0,4.0,0,0,0,0
H0400,2025-06,3.0,1.0,1.0,0.0,0,0,0,0
H0401,2025-06,2.0,2.0,1.0,1.0,0,0,0,0
H0402,2025-06,0.0,1.0,1.0,3.0,0,0,0,0
H0403,2025-06,3.0,1.0,1.0,3.0,0,0,0,0
H0404,2025-06,2.0,0.0,0.0,0.0,0,0,0,0
H0405,2025-06,0.0,1.0,1.0,1.0,0,0,0,0
H0406,2025-06,1.0,3.0,1.0,0.0,0,0,0,0
H0407,2025-06,3.0,1.0,2.0,1.0,0,0,0,0
H0408,2025-06,2.0,0.0,1.0,2.0,1,0,0,0
H0409,2025-06,3.0,2.0,1.0,4.0,0,0,0,0
H0410,2025-06,1.0,1.0,0.0,0.0,0,0,0,0
H0411,2025-06,0.0,2.0,0.0,1.0,0,0,0,0
H0412,2025-06,4.0,0.0,1.0,0.0,0,0,0,0
H0413,2025-06,3.0,1.0,0.0,1.0,0,0,0,0
H0414,2025-06,3.0,1.0,0.0,1.0,0,0,0,0
H0415,2025-06,1.0,0.0,0.0,1.0,0,0,0,0
H0416,2025-06,3.0,0.0,0.0,3.0,0,0,0,0
H0417,2025-06,2.0,0.0,1.0,1.0,0,0,0,0
H0418,2025-06,3.0,1.0,1.0,1.0,0,0,0,0
H0419,2025-06,2.0,1.0,1.0,3.0,0,0,0,0
H0420,2025-06,2.0,1.0,1.0,3.0,0,0,0,0
H0421,2025-06,4.0,2.0,3.0,1.0,0,0,0,0
H0422,2025-06,3.0,1.0,1.0,1.0,0,0,0,1
H0423,2025-06,1.0,1.0,0.0,1.0,0,0,0,0
H0424,2025-06,1.0,1.0,0.0,4.0,0,0,0,0
H0425,2025-06,3.0,0.0,0.0,0.0,0,0,0,0
H0426,2025-06,2.0,1.0,0.0,0.0,0,0,0,0
H0427,2025-06,4.0,1.0,1.0,1.0,0,0,0,0
H0428,2025-06,1.0,0.0,1.0,0.0,0,0,0,0
H0429,2025-06,0.0,2.0,0.0,0.0,0,0,0,0
H0430,2025-06,3.0,1.0,1.0,0.0,0,0,0,0
H0431,2025-06,1.0,2.0,0.0,1.0,0,0,0,1
H0432,2025-06,2.0,0.0,1.0,0.0,0,0,0,0
H0433,2025-06,3.0,3.0,0.0,2.0,0,0,0,0
H0434,2025-06,2.0,1.0,0.0,1.0,0,0,0,0
H0435,2025-06,4.0,0.0,0.0,1.0,0,0,0,0
H0436,2025-06,4.0,1.0,1.0,1.0,0,0,0,0
H0437,2025-06,2.0,1.0,1.0,1.0,0,0,0,0
H0438,2025-06,4.0,1.0,0.0,0.0,0,0,0,0
H0439,2025-06,4.0,1.0,0.0,1.0,0,1,0,0
H0440,2025-06,3.0,0.0,0.0,0.0,0,0,1,0
H0441,2025-06,2.0,1.0,2.0,3.0,0,0,0,0
H0442,2025-06,1.0,2.0,0.0,2.0,0,0,0,0
H0443,2025-06,2.0,2.0,0.0,1.0,0,0,0,1
H0444,2025-06,3.0,0.0,3.0,2.0,0,0,0,0
H0445,2025-06,1.0,4.0,0.0,1.0,0,0,0,0
H0446,2025-06,0.0,2.0,0.0,1.0,0,0,0,0
H0447,2025-06,1.0,1.0,0.0,0.0,0,0,0,0
H0448,2025-06,4.0,3.0,0.0,2.0,0,0,0,0
H0449,2025-06,4.0,0.0,0.0,1.0,0,0,0,0
H0450,2025-06,0.0,1.0,2.0,2.0,0,1,0,0
H0451,2025-06,1.0,0.0,0.0,0.0,0,0,0,0
H0452,2025-06,1.0,2.0,1.0,2.0,0,0,0,0
H0453,2025-06,1.0,0.0,1.0,1.0,0,0,0,0
H0454,2025-06,1.0,1.0,1.0,1.0,0,0,0,0
H0455,2025-06,4.0,0.0,0.0,1.0,0,0,0,0
H0456,2025-06,1.0,1.0,0.0,1.0,0,0,0,0
H0457,2025-06,0.0,1.0,0.0,0.0,0,0,0,0
H0458,2025-06,0.0,2.0,2.0,4.0,0,0,0,0
H0459,2025-06,3.0,2.0,1.0,0.0,0,0,0,0
H0460,2025-06,2.0,0.0,0.0,1.0,1,0,0,0
H0461,2025-06,4.0,2.0,0.0,1.0,0,0,0,0
H0462,2025-06,2.0,2.0,1.0,1.0,0,0,0,0
H0463,2025-06,2.0,2.0,0.0,0.0,0,0,0,0
H0464,2025-06,4.0,1.0,3.0,1.0,0,0,0,0
H0465,2025-06,6.0,3.0,1.0,0.0,0,0,0,0
H0466,2025-06,1.0,0.0,0.0,1.0,0,0,0,0
H0467,2025-06,3.0,1.0,0.0,3.0,0,0,0,0
H0468,2025-06,3.0,1.0,0.0,0.0,0,0,0,0
H0469,2025-06,3.0,0.0,0.0,1.0,0,0,0,0
H0470,2025-06,2.0,3.0,1.0,0.0,0,0,0,0
H0471,2025-06,3.0,1.0,0.0,0.0,0,0,0,0
H0472,2025-06,2.0,0.0,0.0,0.0,1,0,0,0
H0473,2025-06,1.0,1.0,0.0,1.0,0,0,0,0
H0474,2025-06,3.0,1.0,0.0,2.0,0,0,0,0
H0475,2025-06,2.0,0.0,0.0,2.0,0,0,0,0
H0476,2025-06,1.0,1.0,1.0,1.0,0,0,0,0
H0477,2025-06,2.0,0.0,0.0,1.0,0,0,0,0
H0478,2025-06,2.0,1.0,0.0,1.0,0,0,1,0
H0479,2025-06,1.0,1.0,1.0,2.0,0,0,0,0
H0480,2025-06,1.0,1.0,2.0,0.0,0,0,0,0
H0481,2025-06,1.0,1.0,1.0,1.0,0,0,0,1
H0482,2025-06,5.0,1.0,1.0,1.0,0,0,0,0
H0483,2025-06,0.0,0.0,1.0,1.0,0,0,0,0
H0484,2025-06,2.0,0.0,1.0,2.0,0,0,0,0
H0485,2025-06,2.0,1.0,2.0,1.0,0,0,0,0
H0486,2025-06,2.0,1.0,1.0,0.0,0,0,0,0
H0487,2025-06,4.0,0.0,0.0,2.0,0,0,0,0
H0488,2025-06,2.0,1.0,0.0,0.0,1,0,0,0
H0489,2025-06,2.0,3.0,1.0,0.0,0,0,0,0
H0490,2025-06,5.0,3.0,0.0,1.0,0,0,0,0
H0491,2025-06,1.0,1.0,1.0,2.0,0,0,0,0
H0492,2025-06,2.0,0.0,0.0,0.0,0,0,0,0
H0493,2025-06,1.0,1.0,0.0,0.0,0,0,0,0
H0494,2025-06,5.0,0.0,1.0,0.0,0,0,0,0
H0495,2025-06,3.0,2.0,1.0,1.0,0,0,0,0
H0496,2025-06,4.0,1.0,1.0,0.0,0,0,0,0
H0497,2025-06,7.0,0.0,1.0,0.0,0,0,0,0
H0498,2025-06,1.0,0.0,0.0,0.0,0,0,0,0
H0499,2025-06,2.0,2.0,0.0,0.0,0,0,0,0
H0500,2025-06,2.0,0.0,0.0,0.0,0,0,0,0
H0501,2025-06,5.0,1.0,2.0,2.0,0,0,0,0
H0502,2025-06,3.0,0.0,0.0,0.0,0,0,0,0
H0503,2025-06,2.0,3.0,0.0,0.0,1,0,0,0
H0504,2025-06,1.0,2.0,0.0,0.0,0,0,0,0
H0505,2025-06,4.0,2.0,0.0,2.0,0,0,0,0
H0506,2025-06,3.0,3.0,1.0,1.0,0,0,0,0
H0507,2025-06,1.0,0.0,0.0,2.0,0,0,0,0
H0508,2025-06,2.0,0.0,0.0,0.0,0,0,0,0
H0509,2025-06,2.0,0.0,0.0,1.0,0,0,0,0
H0510,2025-06,2.0,0.0,1.0,1.0,0,0,0,0
H0511,2025-06,3.0,4.0,1.0,2.0,0,0,0,0
H0512,2025-06,2.0,1.0,0.0,2.0,0,0,0,0
H0513,2025-06,1.0,1.0,0.0,1.0,0,0,0,0
H0514,2025-06,4.0,2.0,0.0,2.0,0,0,0,0
H0515,2025-06,1.0,0.0,0.0,0.0,0,0,0,0
H0516,2025-06,6.0,1.0,1.0,0.0,0,1,0,0
H0517,2025-06,2.0,2.0,1.0,2.0,0,0,0,0
H0518,2025-06,1.0,3.0,0.0,1.0,0,0,0,0
H0519,2025-06,1.0,1.0,1.0,1.0,0,0,0,0
H0520,2025-06,3.0,1.0,0.0,1.0,0,0,0,0
H0521,2025-06,1.0,2.0,1.0,2.0,0,0,0,0
H0522,2025-06,1.0,0.0,0.0,1.0,0,0,0,0
H0523,2025-06,2.0,0.0,0.0,0.0,0,0,0,0
H0524,2025-06,3.0,3.0,0.0,3.0,0,0,0,0
H0525,2025-06,3.0,1.0,0.0,0.0,0,0,0,0
H0526,2025-06,0.0,0.0,3.0,4.0,0,0,0,0
H0527,2025-06,4.0,1.0,1.0,3.0,0,0,0,0
H0528,2025-06,2.0,2.0,0.0,2.0,0,0,0,0
H0529,2025-06,4.0,1.0,0.0,3.0,0,0,0,0
H0530,2025-06,3.0,3.0,1.0,0.0,0,0,0,0
H0531,2025-06,2.0,0.0,0.0,0.0,1,0,0,0
H0532,2025-06,0.0,0.0,0.0,0.0,0,0,0,0
H0533,2025-06,2.0,1.0,0.0,2.0,0,0,0,0
H0534,2025-06,1.0,1.0,0.0,0.0,0,1,0,0
H0535,2025-06,2.0,1.0,0.0,1.0,0,0,0,0
H0536,2025-06,3.0,0.0,0.0,2.0,0,0,0,0
H0537,2025-06,3.0,1.0,0.0,3.0,0,0,1,0
H0538,2025-06,3.0,1.0,2.0,1.0,0,0,0,0
H0539,2025-06,2.0,0.0,0.0,0.0,0,0,0,0
H0540,2025-06,2.0,0.0,0.0,0.0,0,0,0,0
H0541,2025-06,0.0,1.0,1.0,2.0,0,1,0,0
H0542,2025-06,1.0,1.0,1.0,1.0,0,1,0,1
H0543,2025-06,2.0,0.0,0.0,0.0,0,0,0,0
H0544,2025-06,3.0,1.0,1.0,1.0,0,0,0,0
H0545,2025-06,1.0,0.0,1.0,2.0,0,0,0,0
H0546,2025-06,1.0,1.0,1.0,1.0,0,0,0,0
H0547,2025-06,4.0,2.0,0.0,2.0,0,0,0,0
H0548,2025-06,5.0,1.0,0.0,2.0,0,0,0,0
H0549,2025-06,1.0,1.0,0.0,0.0,0,0,0,0
H0550,2025-06,3.0,0.0,1.0,0.0,0,0,0,0
H0551,2025-06,3.0,1.0,2.0,1.0,0,0,0,0
H0552,2025-06,1.0,3.0,0.0,0.0,0,0,0,0
H0553,2025-06,2.0,4.0,0.0,0.0,1,0,1,0
H0554,2025-06,5.0,1.0,0.0,0.0,0,0,0,0
H0555,2025-06,2.0,1.0,0.0,4.0,0,0,0,0
H0556,2025-06,1.0,1.0,0.0,0.0,0,0,0,0
H0557,2025-06,0.0,4.0,1.0,2.0,0,0,0,0
H0558,2025-06,0.0,0.0,0.0,1.0,0,0,0,0
H0559,2025-06,2.0,1.0,0.0,0.0,0,0,0,0
H0560,2025-06,2.0,1.0,1.0,4.0,0,0,0,0
H0561,2025-06,3.0,2.0,0.0,1.0,0,0,0,0
H0562,2025-06,0.0,2.0,1.0,3.0,0,0,0,0
H0563,2025-06,1.0,2.0,0.0,1.0,0,0,0,0
H0564,2025-06,5.0,1.0,2.0,1.0,0,0,0,0
H0565,2025-06,2.0,3.0,0.0,2.0,0,0,0,0
H0566,2025-06,2.0,2.0,2.0,0.0,0,0,0,0
H0567,2025-06,3.0,0.0,0.0,0.0,0,0,0,0
H0568,2025-06,2.0,1.0,0.0,1.0,0,0,0,0
H0569,2025-06,1.0,0.0,1.0,0.0,0,0,0,0
H0570,2025-06,2.0,4.0,0.0,2.0,0,0,0,0
H0571,2025-06,1.0,0.0,0.0,5.0,0,0,0,0
H0572,2025-06,2.0,0.0,0.0,2.0,0,0,0,0
H0573,2025-06,2.0,1.0,0.0,0.0,0,0,0,0
H0574,2025-06,1.0,2.0,0.0,0.0,0,0,0,0
H0575,2025-06,5.0,1.0,1.0,0.0,0,0,0,0
H0576,2025-06,0.0,1.0,0.0,0.0,0,0,0,0
H0577,2025-06,1.0,2.0,0.0,2.0,0,0,0,0
H0578,2025-06,3.0,1.0,0.0,1.0,0,0,0,0
H0579,2025-06,5.0,0.0,1.0,1.0,0,0,0,0
H0580,2025-06,2.0,2.0,1.0,2.0,1,0,0,0
H0581,2025-06,3.0,0.0,0.0,2.0,0,0,0,0
H0582,2025-06,2.0,2.0,1.0,3.0,0,0,0,0
H0583,2025-06,1.0,0.0,0.0,1.0,0,0,0,0
H0584,2025-06,1.0,0.0,1.0,1.0,0,0,0,0
H0585,2025-06,2.0,0.0,0.0,1.0,0,0,0,0
H0586,2025-06,1.0,0.0,2.0,1.0,0,0,0,0
H0587,2025-06,3.0,0.0,1.0,2.0,0,0,0,0
H0588,2025-06,2.0,2.0,2.0,0.0,0,0,0,0
H0589,2025-06,2.0,0.0,0.0,1.0,1,0,0,0
H0590,2025-06,2.0,1.0,0.0,1.0,0,0,0,0
H0591,2025-06,4.0,3.0,1.0,1.0,0,0,0,0
H0592,2025-06,1.0,0.0,1.0,1.0,0,0,0,0
H0593,2025-06,7.0,1.0,3.0,2.0,0,0,0,0
H0594,2025-06,0.0,2.0,1.0,0.0,0,0,0,0
H0595,2025-06,2.0,1.0,0.0,3.0,0,0,0,0
H0596,2025-06,1.0,3.0,0.0,3.0,0,0,0,0
H0597,2025-06,3.0,3.0,2.0,3.0,0,0,0,0
H0598,2025-06,4.0,0.0,0.0,1.0,0,0,0,0
H0599,2025-06,2.0,1.0,0.0,0.0,0,0,0,0
H0600,2025-06,1.0,4.0,0.0,1.0,0,0,0,0
C0001,2025-06,0.0,0.0,2.0,3.0,0,0,0,0
C0002,2025-06,0.0,1.0,0.0,1.0,0,1,0,0
C0003,2025-06,0.0,1.0,0.0,2.0,0,0,0,0
C0004,2025-06,3.0,2.0,0.0,3.0,0,0,0,0
C0005,2025-06,6.0,0.0,0.0,0.0,0,0,0,0
C0006,2025-06,2.0,0.0,2.0,2.0,0,0,0,0
C0007,2025-06,2.0,2.0,1.0,1.0,0,0,0,0
C0008,2025-06,2.0,0.0,2.0,1.0,0,0,0,0
C0009,2025-06,4.0,0.0,0.0,2.0,0,0,0,0
C0010,2025-06,2.0,3.0,0.0,2.0,0,0,0,0
C0011,2025-06,3.0,3.0,1.0,4.0,0,0,0,0
C0012,2025-06,2.0,0.0,0.0,3.0,0,0,0,0
C0013,2025-06,0.0,2.0,1.0,0.0,0,0,0,0
C0014,2025-06,3.0,1.0,0.0,0.0,0,0,0,0
C0015,2025-06,2.0,0.0,0.0,1.0,0,0,0,0
C0016,2025-06,2.0,1.0,0.0,0.0,1,0,0,0
C0017,2025-06,2.0,2.0,1.0,2.0,0,0,0,0
C0018,2025-06,2.0,0.0,0.0,1.0,0,0,0,0
C0019,2025-06,1.0,0.0,1.0,0.0,0,0,0,0
C0020,2025-06,1.0,1.0,1.0,3.0,0,1,0,0
C0021,2025-06,2.0,1.0,1.0,0.0,0,1,0,0
C0022,2025-06,3.0,1.0,0.0,1.0,0,0,0,0
C0023,2025-06,6.0,2.0,0.0,1.0,0,0,0,0
C0024,2025-06,1.0,2.0,0.0,1.0,0,0,0,0
C0025,2025-06,2.0,3.0,2.0,3.0,0,0,0,0
C0026,2025-06,5.0,0.0,0.0,2.0,0,0,1,0
C0027,2025-06,0.0,0.0,0.0,2.0,0,0,1,0
C0028,2025-06,2.0,0.0,0.0,1.0,0,0,0,0
C0029,2025-06,3.0,1.0,0.0,0.0,0,0,0,0
C0030,2025-06,1.0,2.0,0.0,0.0,0,0,0,0
C0031,2025-06,1.0,0.0,0.0,1.0,0,0,0,1
C0032,2025-06,2.0,0.0,3.0,0.0,0,0,0,0
C0033,2025-06,2.0,1.0,1.0,1.0,0,0,0,0
C0034,2025-06,1.0,0.0,0.0,1.0,0,0,0,0
C0035,2025-06,4.0,1.0,0.0,2.0,0,1,0,0
C0036,2025-06,3.0,1.0,0.0,1.0,0,0,0,0
C0037,2025-06,3.0,0.0,0.0,1.0,0,0,0,0
C0038,2025-06,3.0,1.0,0.0,1.0,0,0,0,0
C0039,2025-06,1.0,1.0,1.0,0.0,0,1,0,0
C0040,2025-06,2.0,2.0,1.0,3.0,0,0,0,0
C0041,2025-06,3.0,2.0,0.0,3.0,0,0,0,0
C0042,2025-06,3.0,2.0,1.0,1.0,0,0,0,0
C0043,2025-06,0.0,0.0,0.0,1.0,0,0,0,0
C0044,2025-06,0.0,2.0,1.0,3.0,0,0,0,0
C0045,2025-06,1.0,1.0,0.0,1.0,0,0,0,0
C0046,2025-06,2.0,1.0,0.0,1.0,1,0,0,0
C0047,2025-06,2.0,2.0,1.0,0.0,0,0,0,0
C0048,2025-06,1.0,3.0,0.0,0.0,0,0,0,0
C0049,2025-06,3.0,3.0,0.0,1.0,0,0,0,0
C0050,2025-06,3.0,1.0,1.0,1.0,0,0,0,0
C0051,2025-06,3.0,0.0,2.0,1.0,0,0,0,0
C0052,2025-06,2.0,2.0,0.0,2.0,0,0,0,0
C0053,2025-06,3.0,0.0,0.0,0.0,0,0,0,0
C0054,2025-06,2.0,2.0,0.0,0.0,0,0,0,0
C0055,2025-06,1.0,1.0,0.0,0.0,0,0,0,0
C0056,2025-06,2.0,0.0,0.0,0.0,0,0,0,0
C0057,2025-06,2.0,1.0,1.0,0.0,0,0,0,0
C0058,2025-06,1.0,0.0,0.0,4.0,0,0,0,0
C0059,2025-06,3.0,2.0,1.0,1.0,0,0,0,0
C0060,2025-06,2.0,1.0,0.0,1.0,0,0,0,0
C0061,2025-06,1.0,4.0,0.0,1.0,0,0,0,0
C0062,2025-06,0.0,0.0,2.0,1.0,0,0,0,0
C0063,2025-06,2.0,1.0,1.0,1.0,0,0,0,0
C0064,2025-06,0.0,0.0,0.0,0.0,0,0,0,0
C0065,2025-06,1.0,1.0,0.0,3.0,0,0,0,0
C0066,2025-06,2.0,2.0,3.0,0.0,1,0,0,0
C0067,2025-06,2.0,1.0,0.0,0.0,1,0,0,0
C0068,2025-06,5.0,2.0,0.0,0.0,0,0,0,0
C0069,2025-06,0.0,1.0,1.0,0.0,0,0,0,0
C0070,2025-06,4.0,2.0,1.0,1.0,0,0,0,0
C0071,2025-06,2.0,1.0,1.0,0.0,1,0,0,0
C0072,2025-06,3.0,3.0,0.0,2.0,0,0,0,0
C0073,2025-06,0.0,3.0,0.0,2.0,0,0,0,0
C0074,2025-06,4.0,2.0,0.0,1.0,0,0,0,0
C0075,2025-06,3.0,1.0,0.0,1.0,0,0,0,0
C0076,2025-06,2.0,2.0,2.0,1.0,0,0,0,1
C0077,2025-06,0.0,1.0,0.0,0.0,0,0,1,0
C0078,2025-06,2.0,0.0,0.0,0.0,0,0,0,0
C0079,2025-06,4.0,0.0,1.0,2.0,0,0,0,0
C0080,2025-06,2.0,1.0,0.0,1.0,0,0,0,0
C0081,2025-06,4.0,0.0,1.0,1.0,0,0,0,0
C0082,2025-06,3.0,2.0,0.0,0.0,0,0,1,0
C0083,2025-06,3.0,1.0,1.0,2.0,0,0,0,0
C0084,2025-06,4.0,3.0,0.0,0.0,0,0,1,0
C0085,2025-06,3.0,1.0,0.0,0.0,0,1,0,0
C0086,2025-06,2.0,2.0,0.0,2.0,0,0,0,0
C0087,2025-06,4.0,1.0,1.0,1.0,0,0,0,0
C0088,2025-06,4.0,2.0,1.0,2.0,0,0,0,0
C0089,2025-06,3.0,0.0,0.0,0.0,0,0,1,0
C0090,2025-06,2.0,1.0,1.0,1.0,0,0,0,0
C0091,2025-06,2.0,0.0,0.0,2.0,0,0,0,0
C0092,2025-06,3.0,0.0,0.0,4.0,0,0,0,0
C0093,2025-06,4.0,0.0,0.0,3.0,0,0,0,0
C0094,2025-06,0.0,0.0,1.0,1.0,0,0,0,0
C0095,2025-06,3.0,4.0,0.0,2.0,0,0,0,0
C0096,2025-06,1.0,0.0,2.0,2.0,0,0,0,0
C0097,2025-06,2.0,1.0,1.0,2.0,0,0,0,0
C0098,2025-06,0.0,1.0,1.0,1.0,0,0,0,0
C0099,2025-06,3.0,2.0,1.0,2.0,0,0,0,0
C0100,2025-06,3.0,1.0,1.0,2.0,0,0,0,0
C0101,2025-06,0.0,0.0,0.0,1.0,0,0,0,0
C0102,2025-06,0.0,1.0,2.0,0.0,0,0,0,0
C0103,2025-06,2.0,0.0,0.0,3.0,0,0,0,0
C0104,2025-06,7.0,1.0,2.0,1.0,0,0,0,0
C0105,2025-06,3.0,2.0,1.0,2.0,0,0,0,0
C0106,2025-06,3.0,2.0,1.0,2.0,0,0,0,0
C0107,2025-06,6.0,0.0,0.0,1.0,0,0,0,0
C0108,2025-06,6.0,1.0,0.0,0.0,0,0,0,0
C0109,2025-06,8.0,0.0,2.0,0.0,0,0,0,0
C0110,2025-06,1.0,0.0,0.0,1.0,0,0,0,0
C0111,2025-06,2.0,1.0,0.0,0.0,0,0,0,0
C0112,2025-06,4.0,2.0,2.0,4.0,0,0,0,0
C0113,2025-06,0.0,2.0,0.0,1.0,0,0,0,0
C0114,2025-06,0.0,2.0,1.0,0.0,0,0,0,0
C0115,2025-06,1.0,0.0,0.0,2.0,0,0,0,0
C0116,2025-06,1.0,1.0,1.0,3.0,0,0,0,0
C0117,2025-06,1.0,0.0,0.0,1.0,0,0,0,0
C0118,2025-06,4.0,0.0,1.0,0.0,0,0,0,0
C0119,2025-06,3.0,0.0,0.0,2.0,0,0,0,0
C0120,2025-06,1.0,1.0,1.0,1.0,0,1,0,0
C0121,2025-06,1.0,1.0,0.0,3.0,0,0,0,0
C0122,2025-06,4.0,2.0,1.0,0.0,0,0,0,0
C0123,2025-06,0.0,0.0,0.0,1.0,0,0,0,0
C0124,2025-06,3.0,0.0,0.0,1.0,0,0,0,0
C0125,2025-06,5.0,1.0,0.0,2.0,0,0,0,0
C0126,2025-06,1.0,0.0,0.0,2.0,0,0,0,0
C0127,2025-06,3.0,1.0,1.0,3.0,0,0,0,0
C0128,2025-06,4.0,1.0,1.0,2.0,0,0,0,0
C0129,2025-06,2.0,1.0,0.0,2.0,1,0,0,0
C0130,2025-06,1.0,1.0,1.0,1.0,0,0,0,0
C0131,2025-06,0.0,0.0,2.0,1.0,0,0,0,0
C0132,2025-06,0.0,3.0,0.0,0.0,0,0,0,0
C0133,2025-06,2.0,1.0,1.0,1.0,0,0,0,0
C0134,2025-06,0.0,3.0,1.0,0.0,0,0,0,0
C0135,2025-06,3.0,1.0,0.0,2.0,0,0,0,0
C0136,2025-06,1.0,0.0,1.0,1.0,0,0,0,0
C0137,2025-06,4.0,1.0,0.0,0.0,0,0,0,0
C0138,2025-06,2.0,0.0,0.0,0.0,0,0,0,0
C0139,2025-06,1.0,0.0,0.0,1.0,0,0,1,0
C0140,2025-06,2.0,1.0,0.0,1.0,0,0,0,1
C0141,2025-06,1.0,2.0,0.0,1.0,0,0,1,0
C0142,2025-06,3.0,3.0,1.0,2.0,0,0,0,0
C0143,2025-06,3.0,1.0,0.0,0.0,0,0,0,0
C0144,2025-06,2.0,1.0,0.0,0.0,0,0,0,0
C0145,2025-06,1.0,1.0,0.0,3.0,0,0,0,0
C0146,2025-06,2.0,2.0,1.0,1.0,0,0,0,0
C0147,2025-06,4.0,0.0,1.0,2.0,0,0,0,0
C0148,2025-06,1.0,1.0,1.0,0.0,0,0,0,0
C0149,2025-06,2.0,2.0,1.0,1.0,1,0,0,0
C0150,2025-06,2.0,2.0,2.0,1.0,0,0,0,0
C0151,2025-06,6.0,0.0,0.0,1.0,0,0,0,0
C0152,2025-06,1.0,2.0,1.0,3.0,0,0,0,0
C0153,2025-06,0.0,0.0,0.0,2.0,0,0,0,0
C0154,2025-06,2.0,0.0,0.0,0.0,0,0,0,0
C0155,2025-06,2.0,0.0,1.0,0.0,1,0,0,0
C0156,2025-06,2.0,4.0,0.0,1.0,0,0,0,0
C0157,2025-06,4.0,0.0,1.0,1.0,0,0,0,0
C0158,2025-06,7.0,1.0,0.0,0.0,0,0,0,0
C0159,2025-06,5.0,2.0,1.0,2.0,0,0,0,0
C0160,2025-06,0.0,3.0,0.0,1.0,0,0,0,0
C0161,2025-06,1.0,1.0,1.0,0.0,0,0,0,0
C0162,2025-06,3.0,2.0,0.0,0.0,0,0,0,0
C0163,2025-06,2.0,2.0,0.0,1.0,0,0,0,0
C0164,2025-06,0.0,1.0,0.0,4.0,0,0,0,0
C0165,2025-06,1.0,0.0,1.0,1.0,0,0,0,0
C0166,2025-06,0.0,3.0,3.0,1.0,0,0,0,0
C0167,2025-06,4.0,0.0,1.0,1.0,0,0,0,0
C0168,2025-06,3.0,1.0,0.0,1.0,0,0,0,0
C0169,2025-06,1.0,2.0,0.0,0.0,0,0,0,0
C0170,2025-06,1.0,2.0,0.0,1.0,0,0,0,0
C0171,2025-06,1.0,2.0,1.0,0.0,0,0,0,0
C0172,2025-06,7.0,2.0,2.0,2.0,0,0,0,0
C0173,2025-06,1.0,0.0,2.0,2.0,0,0,0,0
C0174,2025-06,2.0,0.0,0.0,1.0,0,0,0,0
C0175,2025-06,3.0,0.0,1.0,1.0,0,0,0,0
C0176,2025-06,2.0,1.0,1.0,1.0,0,1,0,0
C0177,2025-06,0.0,2.0,0.0,1.0,0,0,0,0
C0178,2025-06,2.0,0.0,1.0,2.0,1,0,0,0
C0179,2025-06,1.0,1.0,1.0,0.0,0,0,0,0
C0180,2025-06,2.0,1.0,0.0,0.0,0,0,0,0
C0181,2025-06,0.0,1.0,0.0,2.0,0,0,0,0
C0182,2025-06,1.0,2.0,1.0,1.0,0,0,0,0
C0183,2025-06,0.0,0.0,0.0,3.0,0,0,0,0
C0184,2025-06,1.0,0.0,1.0,1.0,0,0,0,0
C0185,2025-06,2.0,2.0,1.0,2.0,0,0,0,0
C0186,2025-06,4.0,1.0,1.0,5.0,0,0,0,0
C0187,2025-06,1.0,1.0,0.0,0.0,0,0,0,0
C0188,2025-06,0.0,1.0,0.0,1.0,0,0,0,0
C0189,2025-06,5.0,2.0,1.0,1.0,0,0,0,0
C0190,2025-06,1.0,0.0,1.0,1.0,0,0,0,1
C0191,2025-06,3.0,1.0,0.0,0.0,0,0,0,0
C0192,2025-06,2.0,0.0,1.0,1.0,1,0,0,0
C0193,2025-06,2.0,0.0,0.0,3.0,0,0,0,0
C0194,2025-06,2.0,1.0,1.0,1.0,0,0,0,0
C0195,2025-06,2.0,0.0,2.0,0.0,0,0,0,0
C0196,2025-06,0.0,1.0,0.0,2.0,0,0,0,0
C0197,2025-06,3.0,1.0,1.0,3.0,0,0,0,0
C0198,2025-06,1.0,0.0,0.0,1.0,0,0,0,0
C0199,2025-06,2.0,1.0,0.0,1.0,0,0,0,1
C0200,2025-06,2.0,3.0,2.0,1.0,0,0,0,1
C0201,2025-06,1.0,1.0,0.0,0.0,0,0,0,0
C0202,2025-06,1.0,1.0,2.0,1.0,0,0,0,0
C0203,2025-06,3.0,4.0,0.0,0.0,0,0,0,0
C0204,2025-06,1.0,3.0,2.0,1.0,0,0,0,0
C0205,2025-06,0.0,1.0,2.0,3.0,0,0,0,0
C0206,2025-06,3.0,2.0,2.0,2.0,0,0,0,0
C0207,2025-06,3.0,1.0,0.0,1.0,0,0,0,0
C0208,2025-06,2.0,3.0,0.0,1.0,0,0,0,0
C0209,2025-06,3.0,0.0,0.0,0.0,0,0,0,0
C0210,2025-06,3.0,0.0,1.0,1.0,0,0,0,0
C0211,2025-06,1.0,0.0,1.0,3.0,0,0,0,0
C0212,2025-06,1.0,1.0,0.0,2.0,0,0,0,0
C0213,2025-06,3.0,2.0,0.0,4.0,0,0,0,0
C0214,2025-06,2.0,1.0,2.0,1.0,0,0,0,0
C0215,2025-06,2.0,1.0,0.0,1.0,0,0,0,0
C0216,2025-06,2.0,1.0,1.0,0.0,0,0,0,0
C0217,2025-06,2.0,0.0,1.0,3.0,1,0,0,0
C0218,2025-06,3.0,0.0,0.0,3.0,0,0,0,0
C0219,2025-06,1.0,0.0,1.0,1.0,0,0,0,1
C0220,2025-06,3.0,1.0,1.0,1.0,0,0,0,0
C0221,2025-06,2.0,0.0,0.0,1.0,0,0,0,0
C0222,2025-06,0.0,1.0,1.0,0.0,0,0,0,0
C0223,2025-06,0.0,1.0,0.0,1.0,0,0,0,0
C0224,2025-06,5.0,2.0,0.0,2.0,0,0,0,0
C0225,2025-06,1.0,1.0,1.0,1.0,0,0,0,0
C0226,2025-06,1.0,1.0,0.0,0.0,0,1,0,0
C0227,2025-06,2.0,1.0,0.0,1.0,0,0,0,0
C0228,2025-06,0.0,2.0,0.0,1.0,0,0,0,0
C0229,2025-06,1.0,1.0,0.0,0.0,0,0,0,0
C0230,2025-06,1.0,0.0,1.0,0.0,0,0,0,0
C0231,2025-06,4.0,0.0,1.0,0.0,0,0,0,0
C0232,2025-06,2.0,0.0,0.0,0.0,0,0,0,0
C0233,2025-06,1.0,2.0,1.0,0.0,0,0,0,0
C0234,2025-06,2.0,1.0,0.0,1.0,0,0,0,1
C0235,2025-06,3.0,0.0,0.0,3.0,0,0,0,0
C0236,2025-06,3.0,1.0,1.0,0.0,0,0,0,0
C0237,2025-06,4.0,1.0,1.0,0.0,0,0,0,0
C0238,2025-06,1.0,1.0,0.0,3.0,0,0,0,0
C0239,2025-06,3.0,0.0,0.0,2.0,0,0,1,0
C0240,2025-06,3.0,0.0,1.0,2.0,0,0,0,0
C0241,2025-06,2.0,0.0,1.0,1.0,0,0,0,0
C0242,2025-06,0.0,0.0,0.0,0.0,0,0,0,0
C0243,2025-06,0.0,2.0,0.0,1.0,0,0,0,0
C0244,2025-06,1.0,1.0,0.0,1.0,0,0,0,0
C0245,2025-06,0.0,0.0,0.0,0.0,0,0,0,0
C0246,2025-06,2.0,4.0,0.0,0.0,0,0,0,0
C0247,2025-06,2.0,1.0,1.0,3.0,0,0,0,0
C0248,2025-06,5.0,1.0,2.0,1.0,0,0,0,0
C0249,2025-06,4.0,2.0,1.0,0.0,0,0,0,0
C0250,2025-06,1.0,2.0,0.0,2.0,0,0,0,0
C0251,2025-06,0.0,0.0,0.0,2.0,0,0,0,0
C0252,2025-06,2.0,1.0,0.0,2.0,0,0,0,0
C0253,2025-06,4.0,2.0,0.0,2.0,0,0,1,0
C0254,2025-06,2.0,0.0,0.0,2.0,0,0,0,0
C0255,2025-06,5.0,1.0,1.0,1.0,0,0,0,0
C0256,2025-06,4.0,1.0,1.0,0.0,0,0,0,0
C0257,2025-06,3.0,0.0,2.0,1.0,0,0,0,0
C0258,2025-06,1.0,1.0,2.0,1.0,0,0,0,0
C0259,2025-06,2.0,1.0,1.0,1.0,0,0,0,0
C0260,2025-06,3.0,1.0,0.0,1.0,0,0,0,0
C0261,2025-06,1.0,0.0,0.0,3.0,0,0,0,0
C0262,2025-06,3.0,2.0,0.0,1.0,0,0,0,0
C0263,2025-06,1.0,0.0,0.0,0.0,0,0,0,0
C0264,2025-06,2.0,0.0,0.0,1.0,0,0,0,0
C0265,2025-06,0.0,1.0,0.0,1.0,0,0,0,0
C0266,2025-06,3.0,2.0,0.0,2.0,0,0,0,0
C0267,2025-06,3.0,1.0,0.0,2.0,0,0,0,0
C0268,2025-06,3.0,1.0,0.0,2.0,0,0,0,0
C0269,2025-06,4.0,3.0,0.0,1.0,0,0,0,0
C0270,2025-06,2.0,2.0,0.0,2.0,0,0,0,0
C0271,2025-06,2.0,0.0,0.0,1.0,0,0,0,0
C0272,2025-06,0.0,3.0,1.0,1.0,0,0,0,0
C0273,2025-06,1.0,1.0,0.0,1.0,0,0,0,0
C0274,2025-06,0.0,1.0,1.0,2.0,0,0,0,0
C0275,2025-06,2.0,4.0,0.0,2.0,0,0,0,0
C0276,2025-06,1.0,0.0,0.0,1.0,0,0,0,1
C0277,2025-06,6.0,4.0,2.0,1.0,0,0,0,0
C0278,2025-06,2.0,0.0,1.0,0.0,0,0,0,0
C0279,2025-06,1.0,1.0,0.0,1.0,0,0,0,0
C0280,2025-06,1.0,2.0,1.0,1.0,0,0,0,0
C0281,2025-06,4.0,0.0,0.0,1.0,0,0,0,0
C0282,2025-06,2.0,1.0,0.0,1.0,0,0,0,0
C0283,2025-06,0.0,2.0,0.0,1.0,0,0,0,0
C0284,2025-06,2.0,3.0,0.0,3.0,1,0,0,0
C0285,2025-06,4.0,0.0,0.0,0.0,0,0,0,0
C0286,2025-06,0.0,0.0,0.0,1.0,0,0,0,0
C0287,2025-06,2.0,0.0,0.0,2.0,0,0,0,0
C0288,2025-06,0.0,1.0,0.0,1.0,0,0,0,0
C0289,2025-06,0.0,1.0,1.0,1.0,0,0,0,0
C0290,2025-06,1.0,2.0,1.0,0.0,0,0,0,0
C0291,2025-06,3.0,1.0,1.0,1.0,0,0,0,0
C0292,2025-06,0.0,2.0,0.0,2.0,0,0,0,0
C0293,2025-06,0.0,1.0,0.0,2.0,0,0,0,0
C0294,2025-06,3.0,1.0,0.0,2.0,0,0,0,0
C0295,2025-06,1.0,0.0,1.0,0.0,0,0,0,0
C0296,2025-06,0.0,1.0,0.0,1.0,0,0,0,0
C0297,2025-06,2.0,1.0,1.0,0.0,0,0,0,0
C0298,2025-06,2.0,3.0,0.0,2.0,0,0,0,0
C0299,2025-06,1.0,0.0,1.0,1.0,0,0,0,0
C0300,2025-06,2.0,1.0,0.0,2.0,0,0,0,0
C0301,2025-06,0.0,1.0,1.0,2.0,0,1,0,0
C0302,2025-06,3.0,3.0,1.0,1.0,0,0,0,0
C0303,2025-06,5.0,0.0,2.0,4.0,0,0,0,0
C0304,2025-06,0.0,0.0,1.0,1.0,0,0,0,0
C0305,2025-06,0.0,0.0,0.0,2.0,0,0,0,0
C0306,2025-06,0.0,2.0,1.0,2.0,0,0,0,0
C0307,2025-06,5.0,1.0,0.0,0.0,0,1,0,0
C0308,2025-06,2.0,4.0,0.0,1.0,0,0,1,0
C0309,2025-06,2.0,2.0,0.0,1.0,0,0,0,0
C0310,2025-06,1.0,1.0,1.0,0.0,0,0,0,0
C0311,2025-06,0.0,2.0,1.0,1.0,0,0,0,0
C0312,2025-06,2.0,2.0,0.0,1.0,0,0,0,0
C0313,2025-06,2.0,0.0,0.0,2.0,0,0,0,0
C0314,2025-06,3.0,3.0,3.0,2.0,0,0,0,0
C0315,2025-06,3.0,2.0,1.0,1.0,0,0,0,0
C0316,2025-06,2.0,1.0,2.0,2.0,0,0,0,0
C0317,2025-06,1.0,0.0,1.0,2.0,0,0,0,0
C0318,2025-06,0.0,1.0,3.0,1.0,0,0,0,0
C0319,2025-06,0.0,2.0,1.0,0.0,0,0,0,0
C0320,2025-06,0.0,2.0,0.0,0.0,0,0,0,0
C0321,2025-06,1.0,0.0,1.0,1.0,0,0,0,0
C0322,2025-06,1.0,1.0,0.0,0.0,0,0,0,0
C0323,2025-06,3.0,2.0,0.0,0.0,0,0,0,0
C0324,2025-06,3.0,2.0,0.0,0.0,0,0,0,0
C0325,2025-06,1.0,0.0,1.0,0.0,0,0,0,0
C0326,2025-06,0.0,1.0,1.0,1.0,0,0,0,0
C0327,2025-06,3.0,0.0,0.0,1.0,0,0,0,0
C0328,2025-06,1.0,1.0,0.0,3.0,0,0,0,0
C0329,2025-06,2.0,1.0,1.0,3.0,0,0,0,0
C0330,2025-06,3.0,3.0,1.0,1.0,0,0,0,1
C0331,2025-06,1.0,2.0,0.0,1.0,0,0,0,0
C0332,2025-06,3.0,0.0,0.0,2.0,0,0,0,0
C0333,2025-06,1.0,0.0,0.0,3.0,0,0,0,0
C0334,2025-06,0.0,1.0,0.0,2.0,0,0,0,0
C0335,2025-06,1.0,1.0,0.0,0.0,0,0,1,0
C0336,2025-06,3.0,2.0,0.0,1.0,0,0,0,0
C0337,2025-06,3.0,0.0,0.0,0.0,0,0,0,0
C0338,2025-06,1.0,1.0,0.0,0.0,0,0,0,0
C0339,2025-06,2.0,4.0,0.0,2.0,0,0,0,0
C0340,2025-06,0.0,0.0,0.0,2.0,0,0,0,0
C0341,2025-06,4.0,0.0,0.0,1.0,0,0,0,0
C0342,2025-06,3.0,1.0,0.0,1.0,0,0,0,0
C0343,2025-06,2.0,1.0,1.0,3.0,0,0,0,0
C0344,2025-06,2.0,1.0,0.0,3.0,0,1,0,0
C0345,2025-06,4.0,1.0,0.0,0.0,0,0,0,0
C0346,2025-06,2.0,1.0,1.0,2.0,0,0,0,0
C0347,2025-06,3.0,4.0,0.0,1.0,0,0,0,0
C0348,2025-06,2.0,0.0,1.0,1.0,1,0,0,0
C0349,2025-06,3.0,1.0,1.0,0.0,0,0,0,0
C0350,2025-06,4.0,0.0,0.0,1.0,0,0,0,0
C0351,2025-06,1.0,2.0,0.0,2.0,0,0,0,0
C0352,2025-06,4.0,0.0,1.0,2.0,0,0,0,0
C0353,2025-06,2.0,2.0,0.0,1.0,0,0,0,1
C0354,2025-06,1.0,2.0,0.0,0.0,0,0,0,0
C0355,2025-06,7.0,2.0,1.0,0.0,0,0,0,0
C0356,2025-06,3.0,1.0,0.0,1.0,0,0,0,0
C0357,2025-06,2.0,2.0,0.0,1.0,1,0,0,0
C0358,2025-06,2.0,2.0,0.0,1.0,1,0,1,1
C0359,2025-06,1.0,2.0,2.0,1.0,0,0,0,0
C0360,2025-06,2.0,1.0,1.0,1.0,0,0,0,0
C0361,2025-06,2.0,2.0,1.0,2.0,0,0,0,0
C0362,2025-06,5.0,2.0,0.0,1.0,0,0,0,0
C0363,2025-06,2.0,2.0,0.0,1.0,0,0,0,0
C0364,2025-06,1.0,1.0,0.0,1.0,0,0,0,0
C0365,2025-06,2.0,2.0,1.0,0.0,0,0,0,0
C0366,2025-06,1.0,1.0,0.0,2.0,0,0,0,0
C0367,2025-06,2.0,1.0,0.0,4.0,0,0,0,0
C0368,2025-06,3.0,0.0,0.0,0.0,0,0,0,0
C0369,2025-06,2.0,3.0,0.0,0.0,0,0,0,0
C0370,2025-06,4.0,2.0,1.0,3.0,0,0,0,0
C0371,2025-06,2.0,3.0,0.0,0.0,0,0,0,0
C0372,2025-06,2.0,2.0,3.0,0.0,0,0,0,0
C0373,2025-06,1.0,1.0,0.0,1.0,0,0,0,0
C0374,2025-06,6.0,2.0,0.0,3.0,0,0,0,0
C0375,2025-06,3.0,2.0,0.0,4.0,0,0,1,0
C0376,2025-06,2.0,2.0,1.0,1.0,0,0,0,0
C0377,2025-06,2.0,0.0,0.0,0.0,0,0,0,0
C0378,2025-06,3.0,3.0,1.0,1.0,0,0,0,0
C0379,2025-06,2.0,1.0,2.0,0.0,0,0,0,0
C0380,2025-06,3.0,0.0,0.0,1.0,0,0,0,0
C0381,2025-06,3.0,1.0,0.0,2.0,0,0,0,0
C0382,2025-06,5.0,1.0,0.0,1.0,0,0,0,0
C0383,2025-06,2.0,1.0,0.0,2.0,0,0,0,0
C0384,2025-06,0.0,0.0,1.0,2.0,0,0,0,0
C0385,2025-06,1.0,0.0,0.0,2.0,0,0,0,0
C0386,2025-06,2.0,3.0,0.0,5.0,0,0,0,0
C0387,2025-06,1.0,1.0,1.0,1.0,0,0,0,0
C0388,2025-06,2.0,0.0,1.0,0.0,0,0,0,0
C0389,2025-06,6.0,0.0,0.0,2.0,0,0,0,0
C0390,2025-06,2.0,0.0,1.0,1.0,0,0,0,0
C0391,2025-06,3.0,0.0,0.0,0.0,0,0,0,0
C0392,2025-06,2.0,1.0,1.0,0.0,0,0,0,0
C0393,2025-06,3.0,0.0,0.0,2.0,0,0,0,0
C0394,2025-06,2.0,1.0,0.0,0.0,0,1,0,0
C0395,2025-06,4.0,0.0,1.0,2.0,0,0,0,0
C0396,2025-06,2.0,0.0,0.0,0.0,0,0,0,0
C0397,2025-06,3.0,2.0,0.0,2.0,0,0,0,0
C0398,2025-06,2.0,1.0,0.0,0.0,0,0,0,0
C0399,2025-06,1.0,2.0,0.0,0.0,0,0,0,0
C0400,2025-06,2.0,0.0,1.0,1.0,0,0,0,0
C0401,2025-06,1.0,2.0,0.0,1.0,0,0,0,0
C0402,2025-06,3.0,0.0,1.0,3.0,0,0,0,0
C0403,2025-06,1.0,1.0,1.0,2.0,0,0,0,0
C0404,2025-06,4.0,1.0,1.0,1.0,0,0,0,1
C0405,2025-06,2.0,2.0,0.0,0.0,1,0,0,0
C0406,2025-06,3.0,1.0,1.0,0.0,0,0,0,0
C0407,2025-06,4.0,0.0,2.0,1.0,0,0,0,0
C0408,2025-06,3.0,2.0,0.0,2.0,0,0,0,0
C0409,2025-06,0.0,1.0,1.0,0.0,0,0,0,0
C0410,2025-06,3.0,3.0,2.0,2.0,0,0,0,0
C0411,2025-06,0.0,0.0,1.0,1.0,0,0,0,0
C0412,2025-06,2.0,0.0,0.0,1.0,0,0,0,0
C0413,2025-06,1.0,0.0,0.0,5.0,0,0,0,0
C0414,2025-06,2.0,0.0,1.0,3.0,0,0,0,0
C0415,2025-06,3.0,2.0,0.0,1.0,0,0,0,0
C0416,2025-06,3.0,1.0,3.0,2.0,0,0,0,0
C0417,2025-06,1.0,1.0,0.0,0.0,0,0,0,0
C0418,2025-06,2.0,1.0,0.0,1.0,0,0,0,1
C0419,2025-06,1.0,1.0,0.0,2.0,0,0,0,0
C0420,2025-06,2.0,1.0,1.0,1.0,0,0,0,0
C0421,2025-06,7.0,1.0,2.0,4.0,0,0,0,0
C0422,2025-06,0.0,0.0,1.0,1.0,0,0,0,0
C0423,2025-06,1.0,3.0,0.0,0.0,0,0,1,0
C0424,2025-06,3.0,3.0,0.0,2.0,0,0,0,0
C0425,2025-06,3.0,0.0,0.0,1.0,0,0,0,0
C0426,2025-06,7.0,1.0,1.0,0.0,0,0,0,0
C0427,2025-06,0.0,1.0,0.0,2.0,0,1,0,0
C0428,2025-06,4.0,0.0,0.0,1.0,0,0,0,0
C0429,2025-06,2.0,0.0,1.0,2.0,0,0,0,0
C0430,2025-06,0.0,3.0,0.0,0.0,0,0,0,0
C0431,2025-06,3.0,1.0,3.0,0.0,0,0,0,0
C0432,2025-06,4.0,1.0,0.0,2.0,0,0,0,0
C0433,2025-06,2.0,0.0,0.0,2.0,0,0,0,0
C0434,2025-06,5.0,1.0,0.0,3.0,0,0,0,0
C0435,2025-06,3.0,1.0,0.0,2.0,0,0,0,0
C0436,2025-06,0.0,1.0,1.0,0.0,0,0,0,0
C0437,2025-06,1.0,1.0,2.0,0.0,0,0,0,0
C0438,2025-06,3.0,0.0,0.0,0.0,0,0,0,0
C0439,2025-06,2.0,3.0,0.0,0.0,0,0,0,0
C0440,2025-06,5.0,1.0,1.0,0.0,0,1,0,0
C0441,2025-06,2.0,0.0,0.0,2.0,0,0,0,0
C0442,2025-06,2.0,0.0,0.0,4.0,0,0,0,0
C0443,2025-06,0.0,2.0,0.0,2.0,0,0,0,0
C0444,2025-06,4.0,3.0,1.0,0.0,0,0,0,0
C0445,2025-06,0.0,2.0,1.0,1.0,0,0,0,0
C0446,2025-06,2.0,2.0,1.0,3.0,0,0,0,0
C0447,2025-06,0.0,0.0,2.0,0.0,0,0,0,0
C0448,2025-06,2.0,2.0,0.0,1.0,0,0,0,1
C0449,2025-06,2.0,1.0,0.0,0.0,0,0,0,0
C0450,2025-06,3.0,0.0,0.0,0.0,0,0,0,0
C0451,2025-06,2.0,1.0,1.0,2.0,1,0,0,0
C0452,2025-06,1.0,0.0,0.0,2.0,0,0,0,0
C0453,2025-06,4.0,1.0,3.0,2.0,0,0,0,0
C0454,2025-06,1.0,0.0,0.0,2.0,0,0,0,0
C0455,2025-06,2.0,0.0,2.0,3.0,0,0,0,0
C0456,2025-06,1.0,0.0,0.0,2.0,0,0,0,0
C0457,2025-06,3.0,1.0,1.0,1.0,0,0,0,0
C0458,2025-06,2.0,2.0,1.0,2.0,0,0,0,0
C0459,2025-06,4.0,0.0,1.0,2.0,0,0,0,0
C0460,2025-06,3.0,2.0,0.0,3.0,0,0,0,0
C0461,2025-06,1.0,2.0,0.0,0.0,0,0,0,0
C0462,2025-06,2.0,0.0,0.0,2.0,0,0,0,0
C0463,2025-06,3.0,2.0,1.0,2.0,0,0,0,0
C0464,2025-06,3.0,4.0,0.0,0.0,0,0,0,0
C0465,2025-06,1.0,1.0,0.0,2.0,0,0,0,0
C0466,2025-06,1.0,2.0,3.0,0.0,0,0,0,0
C0467,2025-06,0.0,2.0,0.0,0.0,0,0,0,0
C0468,2025-06,1.0,1.0,1.0,2.0,0,0,0,0
C0469,2025-06,2.0,2.0,0.0,4.0,0,0,0,0
C0470,2025-06,3.0,1.0,0.0,0.0,0,0,0,0
C0471,2025-06,0.0,1.0,0.0,3.0,0,0,0,0
C0472,2025-06,2.0,1.0,0.0,0.0,0,0,0,0
C0473,2025-06,2.0,0.0,0.0,0.0,0,0,0,0
C0474,2025-06,4.0,2.0,1.0,1.0,0,0,0,0
C0475,2025-06,2.0,2.0,2.0,1.0,0,0,0,0
C0476,2025-06,1.0,1.0,0.0,0.0,0,1,0,0
C0477,2025-06,2.0,4.0,0.0,4.0,0,0,1,0
C0478,2025-06,5.0,1.0,1.0,3.0,0,0,0,0
C0479,2025-06,2.0,1.0,0.0,1.0,1,0,0,0
C0480,2025-06,3.0,1.0,0.0,0.0,0,0,1,0
C0481,2025-06,2.0,1.0,0.0,1.0,0,0,0,0
C0482,2025-06,1.0,3.0,0.0,0.0,0,0,0,0
C0483,2025-06,1.0,2.0,0.0,1.0,0,0,0,0
C0484,2025-06,3.0,1.0,0.0,0.0,0,0,0,0
C0485,2025-06,2.0,0.0,0.0,4.0,0,0,0,0
C0486,2025-06,4.0,1.0,0.0,0.0,0,0,1,0
C0487,2025-06,2.0,3.0,1.0,2.0,0,0,0,0
C0488,2025-06,1.0,0.0,1.0,2.0,0,0,0,0
C0489,2025-06,2.0,2.0,0.0,2.0,0,0,0,0
C0490,2025-06,6.0,2.0,2.0,2.0,0,0,0,0
C0491,2025-06,4.0,4.0,1.0,2.0,0,0,0,0
C0492,2025-06,1.0,1.0,1.0,1.0,0,0,0,0
C0493,2025-06,1.0,0.0,1.0,3.0,0,0,0,0
C0494,2025-06,0.0,2.0,1.0,1.0,0,0,0,1
C0495,2025-06,1.0,1.0,1.0,1.0,0,0,0,0
C0496,2025-06,2.0,0.0,0.0,0.0,0,0,0,0
C0497,2025-06,2.0,3.0,0.0,0.0,0,0,0,0
C0498,2025-06,2.0,1.0,1.0,1.0,0,0,0,1
C0499,2025-06,4.0,0.0,1.0,1.0,0,0,0,0
C0500,2025-06,3.0,1.0,0.0,1.0,0,0,0,0
C0501,2025-06,4.0,1.0,1.0,0.0,0,0,0,0
C0502,2025-06,2.0,0.0,1.0,1.0,0,0,0,0
C0503,2025-06,3.0,0.0,1.0,0.0,0,0,0,0
C0504,2025-06,0.0,1.0,0.0,1.0,0,1,0,0
C0505,2025-06,0.0,1.0,1.0,1.0,0,0,0,0
C0506,2025-06,4.0,3.0,0.0,2.0,0,0,0,0
C0507,2025-06,0.0,1.0,2.0,1.0,0,0,0,0
C0508,2025-06,3.0,1.0,0.0,1.0,0,0,0,0
C0509,2025-06,2.0,2.0,0.0,2.0,0,0,0,0
C0510,2025-06,1.0,0.0,0.0,1.0,0,0,0,0
C0511,2025-06,0.0,1.0,1.0,0.0,0,0,0,0
C0512,2025-06,0.0,2.0,2.0,1.0,0,0,0,0
C0513,2025-06,1.0,2.0,0.0,1.0,0,0,0,0
C0514,2025-06,1.0,2.0,0.0,3.0,0,0,0,0
C0515,2025-06,3.0,1.0,2.0,1.0,0,0,0,0
C0516,2025-06,3.0,2.0,0.0,0.0,0,0,0,0
C0517,2025-06,2.0,0.0,0.0,1.0,0,0,0,0
C0518,2025-06,1.0,1.0,0.0,3.0,0,0,0,0
C0519,2025-06,0.0,0.0,0.0,1.0,0,0,0,0
C0520,2025-06,2.0,0.0,1.0,2.0,0,0,0,0
C0521,2025-06,6.0,1.0,0.0,1.0,0,0,0,0
C0522,2025-06,2.0,0.0,0.0,0.0,0,0,0,0
C0523,2025-06,2.0,0.0,1.0,4.0,0,0,0,0
C0524,2025-06,3.0,3.0,0.0,1.0,0,0,0,0
C0525,2025-06,2.0,1.0,0.0,1.0,0,0,0,0
C0526,2025-06,4.0,1.0,0.0,1.0,0,0,0,0
C0527,2025-06,3.0,1.0,0.0,0.0,0,0,0,0
C0528,2025-06,1.0,0.0,0.0,2.0,0,0,0,0
C0529,2025-06,4.0,1.0,1.0,0.0,0,0,0,0
C0530,2025-06,2.0,1.0,0.0,3.0,0,0,0,0
C0531,2025-06,1.0,0.0,1.0,0.0,0,0,0,0
C0532,2025-06,3.0,0.0,1.0,1.0,0,0,0,0
C0533,2025-06,3.0,1.0,0.0,2.0,0,0,0,0
C0534,2025-06,2.0,1.0,0.0,1.0,0,0,0,0
C0535,2025-06,3.0,1.0,0.0,1.0,0,0,0,0
C0536,2025-06,1.0,1.0,0.0,2.0,0,0,0,0
C0537,2025-06,3.0,2.0,0.0,3.0,0,0,0,0
C0538,2025-06,2.0,1.0,1.0,2.0,1,0,0,0
C0539,2025-06,0.0,3.0,0.0,0.0,0,0,0,0
C0540,2025-06,6.0,1.0,0.0,2.0,0,1,0,0
C0541,2025-06,5.0,1.0,1.0,1.0,0,0,0,0
C0542,2025-06,5.0,0.0,0.0,1.0,0,0,0,1
C0543,2025-06,2.0,1.0,0.0,2.0,1,0,0,0
C0544,2025-06,2.0,1.0,2.0,0.0,0,0,0,0
C0545,2025-06,2.0,1.0,1.0,2.0,0,0,0,0
C0546,2025-06,2.0,1.0,1.0,0.0,0,0,0,0
C0547,2025-06,4.0,0.0,0.0,0.0,0,0,0,0
C0548,2025-06,2.0,1.0,0.0,0.0,0,0,0,0
C0549,2025-06,1.0,0.0,1.0,2.0,0,0,0,0
C0550,2025-06,0.0,0.0,1.0,1.0,0,0,0,1
C0551,2025-06,1.0,3.0,0.0,1.0,0,0,0,0
C0552,2025-06,3.0,2.0,1.0,1.0,0,0,0,0
C0553,2025-06,4.0,0.0,0.0,3.0,0,0,0,0
C0554,2025-06,1.0,1.0,1.0,1.0,0,0,0,0
C0555,2025-06,2.0,1.0,1.0,0.0,0,0,0,0
C0556,2025-06,1.0,2.0,2.0,0.0,0,0,0,0
C0557,2025-06,3.0,1.0,0.0,1.0,0,1,0,0
C0558,2025-06,3.0,2.0,1.0,3.0,0,0,0,0
C0559,2025-06,2.0,3.0,0.0,3.0,0,0,0,0
C0560,2025-06,2.0,3.0,0.0,2.0,0,0,0,0
C0561,2025-06,0.0,3.0,2.0,2.0,0,0,0,0
C0562,2025-06,1.0,0.0,0.0,1.0,0,0,0,0
C0563,2025-06,1.0,2.0,0.0,0.0,0,0,0,0
C0564,2025-06,5.0,3.0,0.0,1.0,0,0,0,0
C0565,2025-06,2.0,0.0,0.0,3.0,1,0,1,0
C0566,2025-06,4.0,4.0,1.0,2.0,0,0,0,0
C0567,2025-06,2.0,2.0,0.0,1.0,0,0,0,0
C0568,2025-06,1.0,0.0,1.0,1.0,0,0,0,1
C0569,2025-06,0.0,2.0,0.0,0.0,0,0,0,0
C0570,2025-06,2.0,1.0,1.0,1.0,0,0,0,0
C0571,2025-06,1.0,2.0,0.0,1.0,0,0,0,0
C0572,2025-06,4.0,3.0,0.0,2.0,0,0,0,0
C0573,2025-06,1.0,0.0,0.0,2.0,0,0,0,0
C0574,2025-06,1.0,2.0,0.0,0.0,0,0,0,0
C0575,2025-06,2.0,0.0,3.0,5.0,0,0,0,0
C0576,2025-06,1.0,1.0,1.0,3.0,0,0,0,0
C0577,2025-06,3.0,2.0,0.0,2.0,0,0,0,0
C0578,2025-06,4.0,1.0,2.0,0.0,0,0,0,0
C0579,2025-06,5.0,1.0,1.0,2.0,0,0,0,0
C0580,2025-06,3.0,2.0,0.0,1.0,0,0,0,1
C0581,2025-06,2.0,0.0,0.0,2.0,0,0,0,0
C0582,2025-06,1.0,1.0,1.0,2.0,0,0,0,0
C0583,2025-06,3.0,0.0,0.0,1.0,0,0,0,0
C0584,2025-06,1.0,1.0,1.0,2.0,0,0,0,0
C0585,2025-06,2.0,2.0,0.0,1.0,0,0,0,0
C0586,2025-06,3.0,1.0,0.0,2.0,0,0,0,0
C0587,2025-06,2.0,1.0,1.0,1.0,0,0,0,0
C0588,2025-06,3.0,1.0,1.0,2.0,0,1,0,0
C0589,2025-06,1.0,1.0,0.0,2.0,0,0,1,0
C0590,2025-06,0.0,1.0,0.0,1.0,0,0,0,0
C0591,2025-06,2.0,1.0,1.0,0.0,0,0,0,0
C0592,2025-06,1.0,2.0,1.0,1.0,0,0,0,0
C0593,2025-06,3.0,0.0,0.0,0.0,0,0,0,0
C0594,2025-06,2.0,1.0,0.0,1.0,0,0,0,0
C0595,2025-06,2.0,0.0,0.0,0.0,0,0,0,0
C0596,2025-06,0.0,0.0,0.0,0.0,0,0,0,0
C0597,2025-06,2.0,0.0,1.0,1.0,0,0,0,0
C0598,2025-06,2.0,1.0,0.0,2.0,0,0,0,0
C0599,2025-06,1.0,1.0,0.0,0.0,0,0,0,0
C0600,2025-06,3.0,1.0,0.0,3.0,0,0,0,0
C0601,2025-06,3.0,2.0,2.0,1.0,0,0,0,0
C0602,2025-06,2.0,2.0,1.0,1.0,0,0,0,0
C0603,2025-06,2.0,1.0,1.0,2.0,0,0,0,0
C0604,2025-06,3.0,3.0,1.0,2.0,0,0,0,0
C0605,2025-06,1.0,1.0,0.0,1.0,0,0,0,0
C0606,2025-06,2.0,0.0,0.0,2.0,0,0,0,0
C0607,2025-06,3.0,1.0,1.0,0.0,0,0,0,0
C0608,2025-06,3.0,3.0,2.0,0.0,0,0,0,0
C0609,2025-06,4.0,2.0,0.0,1.0,0,0,0,0
C0610,2025-06,1.0,4.0,0.0,0.0,0,0,0,0
C0611,2025-06,1.0,3.0,1.0,3.0,0,0,0,0
C0612,2025-06,1.0,3.0,1.0,2.0,0,0,0,0
C0613,2025-06,2.0,1.0,1.0,4.0,0,0,0,0
C0614,2025-06,3.0,0.0,1.0,0.0,0,0,0,0
C0615,2025-06,1.0,2.0,1.0,0.0,0,0,0,0
C0616,2025-06,0.0,0.0,0.0,2.0,0,0,0,0
C0617,2025-06,5.0,0.0,0.0,2.0,0,0,0,0
C0618,2025-06,2.0,0.0,0.0,1.0,0,0,0,0
C0619,2025-06,1.0,2.0,1.0,3.0,0,0,0,0
C0620,2025-06,6.0,0.0,1.0,1.0,0,0,0,0
C0621,2025-06,2.0,0.0,3.0,2.0,0,0,0,0
C0622,2025-06,2.0,2.0,0.0,1.0,0,0,0,1
C0623,2025-06,2.0,1.0,1.0,2.0,0,0,0,0
C0624,2025-06,2.0,2.0,0.0,1.0,0,0,0,0
C0625,2025-06,2.0,2.0,0.0,1.0,0,0,0,0
C0626,2025-06,0.0,1.0,0.0,0.0,0,0,0,0
C0627,2025-06,4.0,1.0,1.0,0.0,0,0,0,0
C0628,2025-06,2.0,1.0,0.0,4.0,0,0,0,0
C0629,2025-06,2.0,1.0,3.0,0.0,0,0,0,0
C0630,2025-06,0.0,0.0,1.0,1.0,0,0,0,1
C0631,2025-06,1.0,0.0,0.0,1.0,0,0,0,0
C0632,2025-06,2.0,0.0,1.0,0.0,0,0,0,0
C0633,2025-06,0.0,1.0,2.0,1.0,0,0,0,0
C0634,2025-06,3.0,1.0,0.0,0.0,0,0,0,0
C0635,2025-06,2.0,1.0,2.0,1.0,1,0,0,0
C0636,2025-06,1.0,0.0,3.0,0.0,0,0,0,0
C0637,2025-06,3.0,0.0,2.0,1.0,0,0,0,0
C0638,2025-06,2.0,1.0,0.0,0.0,1,0,0,0
C0639,2025-06,3.0,2.0,1.0,1.0,0,0,0,0
C0640,2025-06,2.0,1.0,0.0,2.0,0,0,0,0
C0641,2025-06,1.0,1.0,1.0,0.0,0,0,0,0
C0642,2025-06,2.0,3.0,0.0,0.0,0,0,0,0
C0643,2025-06,0.0,2.0,1.0,3.0,0,0,0,0
C0644,2025-06,1.0,1.0,1.0,1.0,0,1,0,0
C0645,2025-06,0.0,0.0,2.0,0.0,0,0,0,0
C0646,2025-06,2.0,1.0,3.0,1.0,0,0,0,0
C0647,2025-06,1.0,0.0,2.0,0.0,0,0,0,0
C0648,2025-06,4.0,0.0,0.0,2.0,0,0,0,0
C0649,2025-06,3.0,0.0,1.0,2.0,0,0,0,0
C0650,2025-06,2.0,1.0,1.0,1.0,0,0,0,0
C0651,2025-06,2.0,3.0,1.0,0.0,0,0,0,0
C0652,2025-06,1.0,1.0,1.0,0.0,0,0,0,0
C0653,2025-06,1.0,0.0,0.0,1.0,0,0,0,0
C0654,2025-06,2.0,2.0,0.0,2.0,0,0,0,0
C0655,2025-06,3.0,1.0,2.0,2.0,0,0,0,0
C0656,2025-06,1.0,1.0,0.0,1.0,0,0,0,0
C0657,2025-06,2.0,2.0,0.0,4.0,1,0,1,0
C0658,2025-06,2.0,3.0,1.0,0.0,0,0,0,0
C0659,2025-06,1.0,0.0,0.0,1.0,0,0,0,0
C0660,2025-06,2.0,1.0,0.0,1.0,0,0,0,0
C0661,2025-06,1.0,2.0,0.0,1.0,0,0,0,0
C0662,2025-06,1.0,1.0,1.0,1.0,0,0,0,0
C0663,2025-06,3.0,1.0,1.0,2.0,0,0,0,0
C0664,2025-06,2.0,1.0,1.0,0.0,0,1,0,0
C0665,2025-06,4.0,1.0,0.0,1.0,0,0,0,1
C0666,2025-06,0.0,1.0,0.0,2.0,0,0,0,0
C0667,2025-06,1.0,0.0,0.0,0.0,0,0,0,0
C0668,2025-06,1.0,3.0,1.0,2.0,0,0,0,0
C0669,2025-06,5.0,0.0,0.0,0.0,0,0,0,0
C0670,2025-06,2.0,1.0,0.0,1.0,0,1,0,1
C0671,2025-06,2.0,0.0,3.0,2.0,0,0,0,0
C0672,2025-06,3.0,1.0,1.0,2.0,0,0,0,0
C0673,2025-06,3.0,0.0,1.0,2.0,0,0,0,0
C0674,2025-06,2.0,2.0,1.0,1.0,0,0,0,0
C0675,2025-06,3.0,1.0,0.0,1.0,0,0,0,0
C0676,2025-06,2.0,1.0,1.0,0.0,0,0,0,0
C0677,2025-06,0.0,2.0,0.0,1.0,0,0,0,0
C0678,2025-06,3.0,1.0,0.0,2.0,0,0,0,0
C0679,2025-06,1.0,2.0,2.0,1.0,0,0,0,0
C0680,2025-06,3.0,2.0,1.0,1.0,0,0,0,1
C0681,2025-06,4.0,1.0,0.0,2.0,0,0,0,0
C0682,2025-06,2.0,2.0,0.0,0.0,0,0,0,0
C0683,2025-06,4.0,0.0,0.0,4.0,0,0,0,0
C0684,2025-06,2.0,2.0,2.0,0.0,0,0,0,0
C0685,2025-06,3.0,2.0,0.0,0.0,0,0,1,0
C0686,2025-06,4.0,2.0,2.0,1.0,0,0,0,0
C0687,2025-06,1.0,4.0,0.0,2.0,0,0,0,0
C0688,2025-06,1.0,1.0,0.0,2.0,0,0,0,0
C0689,2025-06,1.0,1.0,1.0,0.0,0,0,0,0
C0690,2025-06,2.0,2.0,1.0,0.0,0,0,0,0
C0691,2025-06,2.0,2.0,2.0,3.0,0,0,0,0
C0692,2025-06,2.0,1.0,1.0,0.0,0,0,0,0
C0693,2025-06,5.0,3.0,0.0,1.0,0,0,0,0
C0694,2025-06,3.0,0.0,0.0,1.0,0,0,0,1
C0695,2025-06,1.0,2.0,0.0,0.0,0,0,1,0
C0696,2025-06,1.0,1.0,0.0,2.0,0,0,0,0
C0697,2025-06,2.0,2.0,2.0,1.0,0,0,0,0
C0698,2025-06,2.0,1.0,1.0,0.0,0,0,0,0
C0699,2025-06,3.0,0.0,0.0,1.0,0,0,0,1
C0700,2025-06,0.0,1.0,1.0,1.0,0,0,0,0
C0701,2025-06,2.0,0.0,0.0,1.0,0,0,0,1
C0702,2025-06,0.0,1.0,0.0,1.0,0,0,1,0
C0703,2025-06,2.0,2.0,0.0,2.0,0,0,0,0
C0704,2025-06,1.0,3.0,3.0,3.0,0,0,0,0
C0705,2025-06,2.0,0.0,0.0,4.0,0,0,0,0
C0706,2025-06,2.0,2.0,0.0,0.0,0,0,0,0
C0707,2025-06,4.0,1.0,1.0,0.0,0,0,0,0
C0708,2025-06,0.0,2.0,1.0,0.0,0,0,0,0
C0709,2025-06,4.0,1.0,0.0,2.0,0,0,0,0
C0710,2025-06,2.0,1.0,0.0,0.0,1,0,0,0
C0711,2025-06,3.0,0.0,0.0,1.0,0,0,0,0
C0712,2025-06,0.0,1.0,1.0,4.0,0,0,0,0
C0713,2025-06,3.0,0.0,2.0,1.0,0,0,0,0
C0714,2025-06,5.0,3.0,1.0,1.0,0,0,0,1
C0715,2025-06,2.0,1.0,0.0,0.0,0,0,0,0
C0716,2025-06,0.0,0.0,1.0,3.0,0,0,0,0
C0717,2025-06,4.0,1.0,1.0,0.0,0,0,0,0
C0718,2025-06,2.0,1.0,1.0,0.0,0,0,0,0
C0719,2025-06,0.0,1.0,0.0,0.0,0,0,0,0
C0720,2025-06,0.0,1.0,2.0,1.0,0,0,0,0
C0721,2025-06,3.0,3.0,1.0,0.0,0,0,0,0
C0722,2025-06,2.0,1.0,0.0,1.0,1,0,0,0
C0723,2025-06,3.0,0.0,1.0,1.0,0,0,0,0
C0724,2025-06,2.0,1.0,0.0,0.0,0,0,0,0
C0725,2025-06,3.0,2.0,0.0,0.0,0,0,0,0
C0726,2025-06,4.0,1.0,0.0,1.0,0,0,0,0
C0727,2025-06,1.0,1.0,0.0,3.0,0,0,0,0
C0728,2025-06,2.0,0.0,1.0,1.0,0,0,0,0
C0729,2025-06,0.0,1.0,3.0,0.0,0,0,0,0
C0730,2025-06,4.0,0.0,1.0,1.0,0,0,0,0
C0731,2025-06,2.0,2.0,0.0,2.0,1,0,0,0
C0732,2025-06,1.0,1.0,0.0,0.0,0,0,0,0
C0733,2025-06,2.0,2.0,0.0,1.0,1,0,0,0
C0734,2025-06,4.0,0.0,1.0,1.0,0,0,0,0
C0735,2025-06,0.0,0.0,0.0,1.0,0,0,0,0
C0736,2025-06,2.0,2.0,1.0,2.0,1,0,0,0
C0737,2025-06,3.0,1.0,0.0,1.0,0,0,0,0
C0738,2025-06,2.0,1.0,0.0,0.0,0,0,0,0
C0739,2025-06,3.0,0.0,0.0,1.0,0,0,0,1
C0740,2025-06,1.0,1.0,3.0,1.0,0,0,0,0
C0741,2025-06,3.0,0.0,0.0,1.0,0,0,0,0
C0742,2025-06,4.0,2.0,0.0,0.0,0,0,0,0
C0743,2025-06,2.0,0.0,0.0,2.0,0,0,0,0
C0744,2025-06,2.0,2.0,0.0,1.0,0,0,0,0
C0745,2025-06,6.0,1.0,1.0,0.0,0,0,0,0
C0746,2025-06,1.0,2.0,0.0,1.0,0,0,0,0
C0747,2025-06,3.0,1.0,0.0,0.0,0,0,1,0
C0748,2025-06,1.0,1.0,0.0,1.0,0,0,0,0
C0749,2025-06,1.0,1.0,0.0,2.0,0,0,0,0
C0750,2025-06,3.0,2.0,2.0,2.0,0,0,0,0
C0751,2025-06,3.0,2.0,1.0,0.0,0,0,0,0
C0752,2025-06,3.0,4.0,0.0,2.0,0,0,0,0
C0753,2025-06,1.0,2.0,1.0,1.0,0,0,0,0
C0754,2025-06,2.0,4.0,2.0,2.0,0,0,0,0
C0755,2025-06,2.0,0.0,0.0,1.0,0,0,0,0
C0756,2025-06,4.0,2.0,0.0,1.0,0,0,0,0
C0757,2025-06,1.0,2.0,0.0,1.0,0,0,0,0
C0758,2025-06,1.0,1.0,1.0,2.0,0,0,0,0
C0759,2025-06,1.0,1.0,0.0,0.0,0,0,0,0
C0760,2025-06,2.0,2.0,0.0,4.0,0,0,0,0
C0761,2025-06,2.0,2.0,2.0,2.0,0,0,0,0
C0762,2025-06,2.0,0.0,0.0,0.0,0,0,0,0
C0763,2025-06,1.0,0.0,0.0,0.0,0,0,0,0
C0764,2025-06,2.0,0.0,1.0,3.0,0,0,0,0
C0765,2025-06,3.0,1.0,0.0,0.0,0,0,0,0
C0766,2025-06,5.0,1.0,0.0,2.0,0,0,0,0
C0767,2025-06,4.0,4.0,1.0,2.0,0,0,0,0
C0768,2025-06,4.0,1.0,2.0,1.0,0,0,0,0
C0769,2025-06,5.0,1.0,1.0,0.0,0,0,0,0
C0770,2025-06,1.0,3.0,0.0,3.0,0,0,0,0
C0771,2025-06,2.0,2.0,2.0,1.0,0,0,0,0
C0772,2025-06,1.0,1.0,0.0,0.0,0,1,1,0
C0773,2025-06,1.0,1.0,1.0,1.0,0,0,0,1
C0774,2025-06,2.0,1.0,1.0,3.0,0,0,0,0
C0775,2025-06,4.0,0.0,1.0,2.0,0,0,0,0
C0776,2025-06,4.0,1.0,1.0,1.0,0,1,0,0
C0777,2025-06,2.0,2.0,1.0,3.0,0,0,0,0
C0778,2025-06,3.0,2.0,0.0,2.0,0,0,0,0
C0779,2025-06,1.0,0.0,1.0,2.0,0,0,0,0
C0780,2025-06,2.0,3.0,0.0,3.0,0,0,0,0
C0781,2025-06,7.0,0.0,0.0,0.0,0,0,0,0
C0782,2025-06,3.0,0.0,0.0,0.0,0,0,0,0
C0783,2025-06,0.0,1.0,2.0,3.0,0,0,0,0
C0784,2025-06,0.0,2.0,1.0,2.0,0,0,0,0
C0785,2025-06,1.0,2.0,0.0,0.0,0,0,0,0
C0786,2025-06,7.0,1.0,0.0,2.0,0,0,0,0
C0787,2025-06,3.0,1.0,2.0,0.0,0,0,0,0
C0788,2025-06,1.0,1.0,1.0,2.0,0,0,0,0
C0789,2025-06,1.0,0.0,0.0,2.0,0,0,0,0
C0790,2025-06,4.0,1.0,1.0,1.0,0,0,0,0
C0791,2025-06,3.0,2.0,0.0,2.0,0,0,0,0
C0792,2025-06,5.0,1.0,0.0,0.0,0,0,0,0
C0793,2025-06,4.0,2.0,0.0,3.0,0,0,0,0
C0794,2025-06,3.0,1.0,1.0,0.0,0,0,0,0
C0795,2025-06,4.0,2.0,1.0,1.0,0,0,0,0
C0796,2025-06,3.0,1.0,0.0,2.0,0,0,0,0
C0797,2025-06,1.0,0.0,1.0,1.0,0,0,0,0
C0798,2025-06,0.0,0.0,0.0,0.0,0,0,0,0
C0799,2025-06,0.0,1.0,0.0,1.0,0,0,0,0
C0800,2025-06,5.0,1.0,0.0,0.0,0,1,0,0
