student_id,month,satisfaction,faculty_rating,satisfaction_missing,faculty_rating_missing
H0001,2025-01,3.019326731956051,3.575097300760489,0,0
H0002,2025-01,3.4973129528142013,3.3000982290922423,0,0
H0003,2025-01,3.114147201248722,3.72031641823139,0,0
H0004,2025-01,3.039110892564588,3.4187567049323206,0,0
H0005,2025-01,3.293039011599685,3.149001747166472,0,0
H0006,2025-01,2.4869119468897387,2.2480980732861413,0,0
H0007,2025-01,4.262570532842936,3.283848100068337,0,0
H0008,2025-01,3.3280914880473174,3.299161158032152,0,1
H0009,2025-01,3.179108282735634,3.3608629361314004,0,0
H0010,2025-01,3.329911204917731,3.531263384590872,0,0
H0011,2025-01,3.541816565857372,3.228545661449425,0,0
H0012,2025-01,2.779689564129793,2.651989084741388,0,0
H0013,2025-01,2.433308521009131,3.5223421839466478,0,0
H0014,2025-01,2.3987978501150446,2.5320760905876445,0,0
H0015,2025-01,2.45351596263266,3.2706578732898524,0,0
H0016,2025-01,3.2735144454174283,3.285912431079414,0,0
H0017,2025-01,2.4468354834035937,3.4058242342513183,0,0
H0018,2025-01,2.9031687343767945,3.282374990894302,0,0
H0019,2025-01,3.0170327558063152,3.250175580242768,0,0
H0020,2025-01,3.2084047805552203,3.350225418079055,0,0
H0021,2025-01,3.403450375394389,3.357774449220508,0,0
H0022,2025-01,3.328030708552618,4.0899683152493225,0,0
H0023,2025-01,3.70709970466985,3.212354230936228,0,0
H0024,2025-01,3.247684414889911,3.0925002582849133,0,0
H0025,2025-01,3.0258535917965843,2.861498840871308,0,0
H0026,2025-01,2.983318114699246,3.7368358339483327,0,0
H0027,2025-01,2.620660533476935,2.734683029317835,0,0
H0028,2025-01,2.527788687489436,3.822885026510552,0,0
H0029,2025-01,3.0621424834783526,3.299161158032152,0,1
H0030,2025-01,3.435154965476113,3.1279071805317624,0,0
H0031,2025-01,3.541860660569664,2.68394678338547,0,0
H0032,2025-01,3.2515518497499034,3.4956429342480466,0,0
H0033,2025-01,3.9067117047511255,3.425932156984857,0,0
H0034,2025-01,3.5843561298037727,3.5751100939157805,0,0
H0035,2025-01,3.1017614609202733,2.79555764612456,1,0
H0036,2025-01,3.021078656443257,3.649663224434883,0,0
H0037,2025-01,3.2076913050005715,3.6320756376985504,0,0
H0038,2025-01,3.107238062693085,3.673582820945815,0,0
H0039,2025-01,3.258060656353618,3.299161158032152,0,1
H0040,2025-01,3.072517791142781,3.209947611517456,0,0
H0041,2025-01,3.0279313961401844,2.920892543784055,0,0
H0042,2025-01,2.850927337263962,2.6483705369956008,0,0
H0043,2025-01,2.822772323913392,3.648179981108257,0,0
H0044,2025-01,3.1017614609202733,3.219973918700077,1,0
H0045,2025-01,3.283888717140217,3.471508745512126,0,0
H0046,2025-01,2.8347663140212576,3.98963225216764,0,0
H0047,2025-01,2.488648710963731,3.0910045800325565,0,0
H0048,2025-01,3.848489153238493,3.2331896527482376,0,0
H0049,2025-01,3.798380250421478,3.091799008311072,0,0
H0050,2025-01,3.376729853230694,3.4676866965598108,0,0
H0051,2025-01,3.026411765475366,3.624917734992189,0,0
H0052,2025-01,3.680031465534239,3.385717557585676,0,0
H0053,2025-01,3.454693000370932,4.258561453971145,0,0
H0054,2025-01,2.898087277831308,3.3731446774125238,0,0
H0055,2025-01,3.321870623874468,3.4223182780762698,0,0
H0056,2025-01,2.5643482029992906,3.13297416905778,0,0
H0057,2025-01,2.872446109744793,3.778784387109129,0,0
H0058,2025-01,3.280042335266666,3.232475750077593,0,0
H0059,2025-01,3.1017614609202733,3.2807566054607906,1,0
H0060,2025-01,3.52621597128873,3.786084960430132,0,0
H0061,2025-01,3.637303503635068,3.277355327231925,0,0
H0062,2025-01,2.2100370278685038,3.228007321117052,0,0
H0063,2025-01,2.986639090585317,3.5764071279408247,0,0
H0064,2025-01,4.018230391910953,3.299161158032152,0,1
H0065,2025-01,2.8792495738003554,3.282699375154594,0,0
H0066,2025-01,2.533712711623603,2.868374099766902,0,0
H0067,2025-01,1.8668102884279252,3.5248986361321424,0,0
H0068,2025-01,3.3429073684453163,3.338527742969632,0,0
H0069,2025-01,3.813139665470533,3.681218339871911,0,0
H0070,2025-01,2.9686478870632804,3.066583942123576,0,0
H0071,2025-01,2.857164373960561,3.6120806924048345,0,0
H0072,2025-01,2.789352019559581,3.432833764671568,0,0
H0073,2025-01,3.1017614609202733,3.103266010729459,1,0
H0074,2025-01,3.246050979177813,3.959533855320748,0,0
H0075,2025-01,2.7211079108873157,3.301626124235755,0,0
H0076,2025-01,3.23071552578997,3.5335732223037,0,0
H0077,2025-01,2.9145809756036303,3.3874993621208684,0,0
H0078,2025-01,2.083338875712248,3.982320213182562,0,0
H0079,2025-01,3.086250869475991,2.8750012738468387,0,0
H0080,2025-01,3.1958456023556288,3.2251023162138,0,0
H0081,2025-01,3.394930233315921,3.299161158032152,0,1
H0082,2025-01,2.902295373193054,3.231335030447358,0,0
H0083,2025-01,3.049278208542224,3.1300924264489214,0,0
H0084,2025-01,3.787037284775716,3.993483842279767,0,0
H0085,2025-01,4.175761678280345,3.61355880080037,0,0
H0086,2025-01,3.48382050519498,3.389339630585859,0,0
H0087,2025-01,3.1017614609202733,3.129624302543506,1,0
H0088,2025-01,2.3707403021489317,3.00169321210341,0,0
H0089,2025-01,3.522202375567065,3.7565129991489794,0,0
H0090,2025-01,2.672910478262453,3.492469141034277,0,0
H0091,2025-01,3.1017614609202733,3.6962947871226826,1,0
H0092,2025-01,4.282569749802319,3.185518610448761,0,0
H0093,2025-01,2.405486868855205,3.6736822772183264,0,0
H0094,2025-01,2.110289371865189,3.2985682198206043,0,0
H0095,2025-01,3.798778219477805,3.655283591425949,0,0
H0096,2025-01,2.550298608513001,2.654668763243237,0,0
H0097,2025-01,3.4332930500186105,3.513832225425884,0,0
H0098,2025-01,2.736504922516171,3.0607547228451217,0,0
H0099,2025-01,3.1017614609202733,3.686962319157213,1,0
H0100,2025-01,3.5844775525534907,3.362573885365277,0,0
H0101,2025-01,2.603514363205573,3.257239084038741,0,0
H0102,2025-01,2.945705736215609,2.404446217057169,0,0
H0103,2025-01,3.384646806338621,4.300747504555117,0,0
H0104,2025-01,2.858974322735281,3.299161158032152,0,1
H0105,2025-01,3.210298958001399,3.410354171173329,0,0
H0106,2025-01,3.132302071997332,3.0305314543835964,0,0
H0107,2025-01,3.1458718613360626,3.5461592208773625,0,0
H0108,2025-01,3.944358969011039,3.161868676465455,0,0
H0109,2025-01,4.394428695783583,3.0797289905322054,0,0
H0110,2025-01,3.120718733690452,3.371147694256671,0,0
H0111,2025-01,3.084148995695109,2.82128505486199,0,0
H0112,2025-01,3.632130958239577,3.4313263223248347,0,0
H0113,2025-01,3.15105796919779,3.714379819743251,0,0
H0114,2025-01,2.521047646914475,4.023065707189527,0,0
H0115,2025-01,3.4745682165742746,3.266621093679195,0,0
H0116,2025-01,3.5352880056812155,3.00945230396146,0,0
H0117,2025-01,3.1017614609202733,3.245790222181732,1,0
H0118,2025-01,2.815056374772289,2.641583490692386,0,0
H0119,2025-01,2.738511437252274,3.754507228325348,0,0
H0120,2025-01,3.197425753973192,2.837864286911998,0,0
H0121,2025-01,4.026161878624522,2.997491325364514,0,0
H0122,2025-01,2.505665751487677,3.199767108374909,0,0
H0123,2025-01,3.089736113610205,3.299161158032152,0,1
H0124,2025-01,3.112277160325599,2.923155160250851,0,0
H0125,2025-01,3.021053678939712,4.038907411027528,0,0
H0126,2025-01,3.470409947529331,2.618281375748931,0,0
H0127,2025-01,2.899811651081039,2.8591466490232333,0,0
H0128,2025-01,4.316302159073702,3.0292565188531206,0,0
H0129,2025-01,3.69770068969982,3.15153758976696,0,0
H0130,2025-01,3.0456020111754945,3.9219253108893466,0,0
H0131,2025-01,3.8227847380483775,2.805705074229817,0,0
H0132,2025-01,3.215639607240889,3.9230991516752542,0,0
H0133,2025-01,2.74571762321459,2.850649880241599,0,0
H0134,2025-01,3.091384948876084,2.8207713167232966,0,0
H0135,2025-01,2.728390371655796,2.229332272313021,0,0
H0136,2025-01,2.4325434720674,3.108641345497044,0,0
H0137,2025-01,2.275276511097346,2.955589189916226,0,0
H0138,2025-01,2.823587562249519,3.0006020626680656,0,0
H0139,2025-01,2.715317116498697,2.854663653694041,0,0
H0140,2025-01,3.5902362648125967,3.767113937134717,0,0
H0141,2025-01,2.4786164850384984,3.046623504711427,0,0
H0142,2025-01,2.5783597436380834,3.105933813618296,0,0
H0143,2025-01,3.4074094434375146,3.652082943573261,0,0
H0144,2025-01,3.017871003363961,3.4363996298069965,0,0
H0145,2025-01,3.1017614609202733,3.635186390675867,1,0
H0146,2025-01,3.4747356354778907,4.079178077349247,0,0
H0147,2025-01,4.124583153339989,3.3422112551504584,0,0
H0148,2025-01,3.397879593750418,3.2777845174479627,0,0
H0149,2025-01,3.274949898510517,3.629133495542464,0,0
H0150,2025-01,3.6622777891124025,2.499569536528319,0,0
H0151,2025-01,2.824637825050031,3.123685854655676,0,0
H0152,2025-01,2.218328841092597,3.083511103850713,0,0
H0153,2025-01,3.3136521906978,3.4951627856914453,0,0
H0154,2025-01,3.9501198003686686,2.9585824157120943,0,0
H0155,2025-01,2.2344935574246243,3.885016821462866,0,0
H0156,2025-01,3.116665365688951,2.832050467832232,0,0
H0157,2025-01,2.484861132830531,3.18367881158235,0,0
H0158,2025-01,2.8088751509247496,2.7847801925543822,0,0
H0159,2025-01,3.199924243743861,3.8489905262693194,0,0
H0160,2025-01,3.3584664503346358,2.3967757697323497,0,0
H0161,2025-01,3.238682322568025,4.05395998932752,0,0
H0162,2025-01,3.7554296652585504,3.9225449017846703,0,0
H0163,2025-01,3.716609476459454,3.1555910316665368,0,0
H0164,2025-01,2.9699727999066887,3.673859422219453,0,0
H0165,2025-01,3.663319307330567,3.415007054820917,0,0
H0166,2025-01,2.78465587048576,3.805970959394599,0,0
H0167,2025-01,2.727412487706732,3.5430156103900723,0,0
H0168,2025-01,2.4745133482220405,4.103023032699427,0,0
H0169,2025-01,4.050341571796906,2.995103807204515,0,0
H0170,2025-01,2.8781445276055573,3.2993433625813595,0,0
H0171,2025-01,2.001462148598285,2.6024822050747543,0,0
H0172,2025-01,3.3395903414798016,3.0886573012648983,0,0
H0173,2025-01,3.008306549677735,4.291962558393411,0,0
H0174,2025-01,3.1729717646182345,3.671589536518672,0,0
H0175,2025-01,3.174516215691344,3.8536597069026657,0,0
H0176,2025-01,2.776533302373644,3.3526704810797643,0,0
H0177,2025-01,4.293780534903045,3.4502157933786224,0,0
H0178,2025-01,4.064491726151711,3.2833045208687937,0,0
H0179,2025-01,3.5728348841167064,3.1571718803469566,0,0
H0180,2025-01,3.4069714876422053,3.256670533229091,0,0
H0181,2025-01,3.357330321588311,1.9850759525809587,0,0
H0182,2025-01,3.2633110032948567,3.314885905858864,0,0
H0183,2025-01,3.2634257307701717,3.2148607734437253,0,0
H0184,2025-01,3.5665254347085225,3.2437125055379337,0,0
H0185,2025-01,2.867265223782939,2.989513952240948,0,0
H0186,2025-01,3.331638810976636,3.3397956594924327,0,0
H0187,2025-01,2.7144126180222754,3.479246410010751,0,0
H0188,2025-01,3.4478264436397543,3.1066738603111563,0,0
H0189,2025-01,2.6953664573386726,3.014190380537112,0,0
H0190,2025-01,2.934811603204453,3.799938536494801,0,0
H0191,2025-01,1.6591908090984926,3.2665438882428472,0,0
H0192,2025-01,3.436372263450186,3.9541299793965967,0,0
H0193,2025-01,3.491670617350362,3.876713811290127,0,0
H0194,2025-01,3.635412758141308,4.307703871822863,0,0
H0195,2025-01,2.969472160862547,3.507839532385267,0,0
H0196,2025-01,3.644339745063657,4.239319583571356,0,0
H0197,2025-01,2.8907330479879763,2.7462633997004424,0,0
H0198,2025-01,2.9104352576585466,3.7940865018659937,0,0
H0199,2025-01,2.7085643125398198,3.3945040939398337,0,0
H0200,2025-01,3.352573582555723,3.8758357620356994,0,0
H0201,2025-01,2.2477274095582187,3.559794556800035,0,0
H0202,2025-01,2.5691468073481047,2.572753234906428,0,0
H0203,2025-01,3.270113198939106,3.020070394026813,0,0
H0204,2025-01,3.5576192906576765,3.68339183732578,0,0
H0205,2025-01,2.5252033982132303,3.6017106491000708,0,0
H0206,2025-01,3.0036361538450493,4.251945135745835,0,0
H0207,2025-01,3.331336064691346,3.0618258721204303,0,0
H0208,2025-01,3.1017614609202733,3.867879985720496,1,0
H0209,2025-01,3.151751764317769,3.5777709171803016,0,0
H0210,2025-01,3.297067426853832,3.167335832676577,0,0
H0211,2025-01,2.8716452770775454,3.2561069236222537,0,0
H0212,2025-01,2.9935606563781803,3.261586959537479,0,0
H0213,2025-01,2.700868973329109,3.4908606902509143,0,0
H0214,2025-01,2.658937775098332,3.167703432380049,0,0
H0215,2025-01,2.74994859007334,2.61457749557478,0,0
H0216,2025-01,3.085320014874548,3.299161158032152,0,1
H0217,2025-01,2.6050768487828364,3.3447118623832326,0,0
H0218,2025-01,2.709814719933369,2.7565323328522155,0,0
H0219,2025-01,3.18777515836624,3.5271032504671425,0,0
H0220,2025-01,3.03026943767918,3.7081397955556414,0,0
H0221,2025-01,3.278327874658074,4.077783666933044,0,0
H0222,2025-01,3.4315680510284268,3.62819768503343,0,0
H0223,2025-01,2.3558084316603067,2.320467195802983,0,0
H0224,2025-01,2.6011732529290703,3.4752073312644387,0,0
H0225,2025-01,3.7717613555214777,3.889489503908456,0,0
H0226,2025-01,2.8283682586304213,2.838308094930276,0,0
H0227,2025-01,3.552860045329999,3.434892564956172,0,0
H0228,2025-01,3.308826698959036,3.189446873646138,0,0
H0229,2025-01,3.6126446091204025,4.132291051548296,0,0
H0230,2025-01,2.556241176128068,3.262234087763385,0,0
H0231,2025-01,3.5475210649536697,4.100898380046984,0,0
H0232,2025-01,3.4732594599136,3.341972644141465,0,0
H0233,2025-01,3.4071539408215763,3.443698511297432,0,0
H0234,2025-01,3.084378357659166,3.744725389399814,0,0
H0235,2025-01,3.1017614609202733,2.883126948695576,1,0
H0236,2025-01,2.6405818201358144,3.23039845346717,0,0
H0237,2025-01,3.059959271946121,3.2475514614347603,0,0
H0238,2025-01,2.41843023593594,2.6617518341762585,0,0
H0239,2025-01,3.513615351163078,3.843237142935844,0,0
H0240,2025-01,3.2073829312415176,3.774100652380284,0,0
H0241,2025-01,2.023066277210656,3.148137920579273,0,0
H0242,2025-01,3.117222106080074,3.4374013720038805,0,0
H0243,2025-01,3.13702072388395,3.447526456029326,0,0
H0244,2025-01,3.1949308970587427,3.719281131437897,0,0
H0245,2025-01,3.618019008827529,3.2137709260340426,0,0
H0246,2025-01,3.3111449664477584,2.989300132561433,0,0
H0247,2025-01,2.1874298336325,2.8281772005304155,0,0
H0248,2025-01,2.269307331073777,3.152560088235971,0,0
H0249,2025-01,2.923091785240721,2.876437592757348,0,0
H0250,2025-01,3.3165902285771747,3.5753700291752746,0,0
H0251,2025-01,3.491535307598265,2.933871082599838,0,0
H0252,2025-01,4.006387948373498,3.031985614782144,0,0
H0253,2025-01,3.913814967718453,4.586954890549087,0,0
H0254,2025-01,3.3372581953636877,4.463776751354048,0,0
H0255,2025-01,3.691248957442789,3.509312105985259,0,0
H0256,2025-01,3.5779929914432747,3.895037686415134,0,0
H0257,2025-01,2.442696158630784,3.560423746600373,0,0
H0258,2025-01,2.3097295881493687,3.3225178187376008,0,0
H0259,2025-01,3.154265347993807,3.40369490225284,0,0
H0260,2025-01,2.70431033414584,3.4414752791850978,0,0
H0261,2025-01,3.0259062391045672,4.076990824060485,0,0
H0262,2025-01,2.649201229043166,3.680996308158405,0,0
H0263,2025-01,3.1017614609202733,4.259630729039159,1,0
H0264,2025-01,3.9645910611360304,3.6626763338199897,0,0
H0265,2025-01,3.3253996329795603,4.362379833227706,0,0
H0266,2025-01,2.79371919781232,3.2127629595133427,0,0
H0267,2025-01,2.3073956644417466,4.241621778073691,0,0
H0268,2025-01,3.413420979378732,3.20992712116912,0,0
H0269,2025-01,2.9819976592650312,2.6647083010751382,0,0
H0270,2025-01,3.199642423560908,4.419569019477578,0,0
H0271,2025-01,3.762153836503823,3.686295331183277,0,0
H0272,2025-01,2.860630140281686,3.771197370133382,0,0
H0273,2025-01,3.343467515270375,3.646174232429692,0,0
H0274,2025-01,2.8441016108622934,2.832486248144275,0,0
H0275,2025-01,2.6906858629993105,2.8609379125833523,0,0
H0276,2025-01,3.2765290954842623,3.292031897459767,0,0
H0277,2025-01,3.6442526818157583,3.5381343636379183,0,0
H0278,2025-01,3.393679210026516,2.364428185311814,0,0
H0279,2025-01,3.1366677151221176,3.809169061707792,0,0
H0280,2025-01,3.124589175872259,3.200121909931261,0,0
H0281,2025-01,3.186717645824173,4.008373300096947,0,0
H0282,2025-01,3.1017614609202733,2.891478816977065,1,0
H0283,2025-01,3.0013630446867565,3.3503821521660067,0,0
H0284,2025-01,3.5376969043103665,4.059097544762027,0,0
H0285,2025-01,3.302661184273276,3.610008328716426,0,0
H0286,2025-01,2.9523042769823205,3.006108307347348,0,0
H0287,2025-01,3.3920283044099238,3.6398602128050457,0,0
H0288,2025-01,2.656170016121292,3.299161158032152,0,1
H0289,2025-01,3.733245529293423,3.299161158032152,0,1
H0290,2025-01,3.1017614609202733,2.8243558077844084,1,0
H0291,2025-01,3.0751894899622494,2.852440336806965,0,0
H0292,2025-01,3.104362224505485,3.346522236065018,0,0
H0293,2025-01,3.481331773271184,3.216446670432832,0,0
H0294,2025-01,3.767751201510721,4.1770124648123055,0,0
H0295,2025-01,2.8154301691666905,3.4108619383389613,0,0
H0296,2025-01,3.765871944090261,2.943572511756916,0,0
H0297,2025-01,3.0975947712144998,4.107430624744892,0,0
H0298,2025-01,3.483435271370002,3.256622726539929,0,0
H0299,2025-01,2.7051062212115013,3.508389908633364,0,0
H0300,2025-01,3.177136546014761,2.830981557757452,0,0
H0301,2025-01,2.458903797509134,2.922226170895533,0,0
H0302,2025-01,3.2774222902070598,3.86509557733097,0,0
H0303,2025-01,3.1852682026457506,3.044809861035405,0,0
H0304,2025-01,3.3866044720154145,3.2254045246673795,0,0
H0305,2025-01,2.5680183984854392,3.2837917406799497,0,0
H0306,2025-01,4.3154787354743975,2.7419106874383283,0,0
H0307,2025-01,2.419694879275489,2.5371064324066928,0,0
H0308,2025-01,3.055998671107169,3.530661820306727,0,0
H0309,2025-01,3.4859410799401287,4.673295490157731,0,0
H0310,2025-01,3.6044901343882496,3.716744598121032,0,0
H0311,2025-01,2.918088165355435,3.6047564605676783,0,0
H0312,2025-01,3.34300733614316,3.0656694432050893,0,0
H0313,2025-01,3.1828460431878587,4.187290110410051,0,0
H0314,2025-01,3.705770467221742,2.9385000968243977,0,0
H0315,2025-01,3.1017614609202733,3.558992106087448,1,0
H0316,2025-01,3.201456630481234,3.692311057779519,0,0
H0317,2025-01,2.6404397308882643,3.409514221578745,0,0
H0318,2025-01,2.470594369835633,3.297956728466785,0,0
H0319,2025-01,2.579944581868907,3.6227372003324416,0,0
H0320,2025-01,3.2376942217381206,3.2669242804959104,0,0
H0321,2025-01,2.6014157875933304,3.513646541382317,0,0
H0322,2025-01,2.601545591759136,2.8853699665651105,0,0
H0323,2025-01,3.032179939868318,3.529454970848014,0,0
H0324,2025-01,3.1783526753926794,3.8351286845197743,0,0
H0325,2025-01,3.4090634585948854,3.6352158120036657,0,0
H0326,2025-01,3.1017614609202733,3.1134952170925416,1,0
H0327,2025-01,2.6217024234066777,3.593338542850143,0,0
H0328,2025-01,3.2065056806187777,3.555551117785932,0,0
H0329,2025-01,2.7523405590287133,2.735981128309818,0,0
H0330,2025-01,3.3801340457862743,3.812908166322051,0,0
H0331,2025-01,3.274202065075841,3.5656746588244124,0,0
H0332,2025-01,2.387043875705627,3.626415754076187,0,0
H0333,2025-01,4.058252563038019,3.344548378622881,0,0
H0334,2025-01,3.301375178064238,3.4348054424864625,0,0
H0335,2025-01,3.113644844107853,2.5076466391774908,0,0
H0336,2025-01,3.283501210351913,2.969923765528086,0,0
H0337,2025-01,4.403199281074785,3.9335077647728975,0,0
H0338,2025-01,3.386584612894736,4.148569842556553,0,0
H0339,2025-01,3.435536721923772,3.605659378294524,0,0
H0340,2025-01,2.4195178717046475,2.701328524256958,0,0
H0341,2025-01,2.8339944048939167,3.3379311855446843,0,0
H0342,2025-01,2.3635992885914474,3.009354426522105,0,0
H0343,2025-01,2.7708123187174407,3.654631048212104,0,0
H0344,2025-01,3.133190798161129,3.0839995054378075,0,0
H0345,2025-01,3.331273011624832,3.673407664728328,0,0
H0346,2025-01,3.20498574011339,3.0854802706233104,0,0
H0347,2025-01,2.70393175199654,3.6108691852150976,0,0
H0348,2025-01,3.6444134611158407,2.9140674830176927,0,0
H0349,2025-01,3.197909813872627,3.067148517187222,0,0
H0350,2025-01,2.1352757963821274,3.5490843207808216,0,0
H0351,2025-01,3.1712577081266,3.1342308485092416,0,0
H0352,2025-01,4.3691548854574735,3.739521388795085,0,0
H0353,2025-01,3.073851210470089,3.53036005147739,0,0
H0354,2025-01,1.7704339406520182,3.299161158032152,0,1
H0355,2025-01,2.7919403889014043,3.599843330086604,0,0
H0356,2025-01,2.0699549077670043,3.2673913278277795,0,0
H0357,2025-01,3.0121660314808008,3.8274547679352295,0,0
H0358,2025-01,2.2806013719780287,2.5200513461452694,0,0
H0359,2025-01,3.638120364039082,3.1050230662308955,0,0
H0360,2025-01,3.2569351003975897,2.5739883197417748,0,0
H0361,2025-01,3.4814306920704703,3.299161158032152,0,1
H0362,2025-01,3.9249371387772167,3.299161158032152,0,1
H0363,2025-01,2.8655565461697314,3.871875714028073,0,0
H0364,2025-01,3.2308451839324506,3.5275530071082395,0,0
H0365,2025-01,4.120521359945501,3.076684786538219,0,0
H0366,2025-01,3.439168051929273,3.420970543181837,0,0
H0367,2025-01,3.2611205275660518,2.4599312577844707,0,0
H0368,2025-01,2.671639160106711,3.062961649111385,0,0
H0369,2025-01,3.2119822025004465,2.627328318548347,0,0
H0370,2025-01,2.579427782725474,3.369860035437395,0,0
H0371,2025-01,3.5626836606326915,2.927189942519873,0,0
H0372,2025-01,2.4507617994756785,3.2932733675814867,0,0
H0373,2025-01,3.458393928414353,2.8802831138004423,0,0
H0374,2025-01,3.7329430064292177,3.362624922545569,0,0
H0375,2025-01,2.813003661817913,3.96328409573826,0,0
H0376,2025-01,3.9168591744318784,2.9947061497665945,0,0
H0377,2025-01,2.938833768082564,3.462495782449076,0,0
H0378,2025-01,2.5335388211952594,3.299161158032152,0,1
H0379,2025-01,3.0690037975206157,2.4542538495036967,0,0
H0380,2025-01,2.615748490039409,3.689085219210149,0,0
H0381,2025-01,2.7879783766628896,3.6362940015503873,0,0
H0382,2025-01,2.58573550726478,2.8293888738613915,0,0
H0383,2025-01,2.666929550812579,3.04698690341534,0,0
H0384,2025-01,2.50443693717337,3.145622010111637,0,0
H0385,2025-01,3.4768808257894763,3.299161158032152,0,1
H0386,2025-01,3.242206867802005,3.0429167150700467,0,0
H0387,2025-01,3.1655143996765043,3.433994579995673,0,0
H0388,2025-01,2.93376488374466,4.127483847757578,0,0
H0389,2025-01,3.296360849170073,3.312140447111301,0,0
H0390,2025-01,3.1017614609202733,3.687046472062141,1,0
H0391,2025-01,2.5566463805757937,3.2594965436911725,0,0
H0392,2025-01,4.107836323205479,2.842864732943519,0,0
H0393,2025-01,3.513319854931969,3.303804044067131,0,0
H0394,2025-01,2.6518716110410274,3.066223750845491,0,0
H0395,2025-01,2.6148900194681888,3.299161158032152,0,1
H0396,2025-01,2.1462938294521603,3.734757002323749,0,0
H0397,2025-01,2.641696152460826,3.297008939586434,0,0
H0398,2025-01,3.151290585418058,3.788213565262568,0,0
H0399,2025-01,3.1017614609202733,3.3386644628503506,1,0
H0400,2025-01,3.244589221931403,3.816938341240279,0,0
H0401,2025-01,3.515045753310114,3.5753757258995758,0,0
H0402,2025-01,2.8533581171663176,3.935177283721632,0,0
H0403,2025-01,3.6586819813660303,3.673269744238565,0,0
H0404,2025-01,3.668678709070921,4.171027050447044,0,0
H0405,2025-01,3.1017614609202733,2.8915107356038474,1,0
H0406,2025-01,2.754901216134277,3.08750950024488,0,0
H0407,2025-01,3.357520162830811,3.7052132170071,0,0
H0408,2025-01,4.003278976197895,3.629509739898302,0,0
H0409,2025-01,2.966408547848084,3.640342146092962,0,0
H0410,2025-01,2.490040764787327,3.079135253356551,0,0
H0411,2025-01,3.1017614609202733,3.545296290648153,1,0
H0412,2025-01,2.8977464913767843,3.299161158032152,0,1
H0413,2025-01,3.1017614609202733,3.388703363122094,1,0
H0414,2025-01,2.3985355297319297,3.299161158032152,0,1
H0415,2025-01,3.3235655627737115,3.3283950653848184,0,0
H0416,2025-01,3.961404097568437,3.644351578376925,0,0
H0417,2025-01,3.1167837786560555,3.436016144999709,0,0
H0418,2025-01,2.8443077119533635,2.6206747194243003,0,0
H0419,2025-01,3.855127010424388,3.329639573840634,0,0
H0420,2025-01,3.2599514814559725,3.1506662145787536,0,0
H0421,2025-01,3.398477384496754,2.2349441324810098,0,0
H0422,2025-01,3.1017614609202733,4.094411306338889,1,0
H0423,2025-01,3.270682676808217,3.3081346183308207,0,0
H0424,2025-01,2.91991039976878,3.3592567561850317,0,0
H0425,2025-01,3.430363034367008,3.7868970021006634,0,0
H0426,2025-01,2.736534409185599,3.25843826210247,0,0
H0427,2025-01,2.784459889064532,3.630136826526396,0,0
H0428,2025-01,3.1505297638203613,3.03862781666749,0,0
H0429,2025-01,3.8357069062768474,3.355525049916805,0,0
H0430,2025-01,3.239311876406871,3.52064124522998,0,0
H0431,2025-01,2.848571015057938,3.299161158032152,0,1
H0432,2025-01,2.3811133810606275,3.264719600211349,0,0
H0433,2025-01,3.8625639664745006,2.40238471294144,0,0
H0434,2025-01,3.09299542434168,3.8226075470891168,0,0
H0435,2025-01,3.303232003477084,3.3741665916112207,0,0
H0436,2025-01,3.5360169336227667,3.4312408364621803,0,0
H0437,2025-01,3.2007243864386736,3.5295716340510266,0,0
H0438,2025-01,2.393745201663373,2.5834767623342465,0,0
H0439,2025-01,2.8502440244177807,2.9201801182215235,0,0
H0440,2025-01,2.741003201463502,3.453334581388821,0,0
H0441,2025-01,2.6014545799543622,3.535129537361148,0,0
H0442,2025-01,2.7823385124741487,3.159093872032225,0,0
H0443,2025-01,3.1017614609202733,3.298237770655041,1,0
H0444,2025-01,3.3450372441212224,3.4734321014744003,0,0
H0445,2025-01,2.797592431968363,3.2090247778718237,0,0
H0446,2025-01,3.498755533205613,2.7816902450376664,0,0
H0447,2025-01,3.257880145703824,3.301595472737473,0,0
H0448,2025-01,2.648841952317819,3.1745208364291897,0,0
H0449,2025-01,2.573853052029166,3.299100072161803,0,0
H0450,2025-01,3.0497415733054187,2.881749378473468,0,0
H0451,2025-01,4.063145698964232,3.596765051050728,0,0
H0452,2025-01,2.802034186976307,3.535442684273363,0,0
H0453,2025-01,3.2354206863009978,2.7127940069789065,0,0
H0454,2025-01,3.0552879039525647,3.299161158032152,0,1
H0455,2025-01,3.70841069964608,4.569332577583265,0,0
H0456,2025-01,3.026461178311842,3.411063857667935,0,0
H0457,2025-01,1.9093634134330757,2.697064741769079,0,0
H0458,2025-01,2.851941230279792,3.177164363251616,0,0
H0459,2025-01,2.864487040560203,2.7349825204179004,0,0
H0460,2025-01,3.464665781805892,3.343254881340516,0,0
H0461,2025-01,3.102324340080593,3.4865568124780446,0,0
H0462,2025-01,3.227539637631674,3.1468475512686496,0,0
H0463,2025-01,2.655376142613294,3.8822106394447857,0,0
H0464,2025-01,4.165667521479278,3.656942744275928,0,0
H0465,2025-01,3.637083457017527,2.994839694477286,0,0
H0466,2025-01,2.8796480204264023,2.8861805922607973,0,0
H0467,2025-01,2.395177251763132,2.922148986910677,0,0
H0468,2025-01,2.1427628302586634,2.673592220641664,0,0
H0469,2025-01,3.62708509545838,3.45092945223503,0,0
H0470,2025-01,3.1213202146962327,2.910877461511212,0,0
H0471,2025-01,2.8189815012411152,3.67651719359865,0,0
H0472,2025-01,3.0459643466138027,2.9094587694692904,0,0
H0473,2025-01,2.732843760871308,3.8018492460043576,0,0
H0474,2025-01,3.628026724605644,3.647974735955204,0,0
H0475,2025-01,3.218863886173722,3.8167837595672,0,0
H0476,2025-01,2.63187769527996,3.675174534808333,0,0
H0477,2025-01,3.005017270339366,4.159706164978999,0,0
H0478,2025-01,2.9027828650299865,2.945687073368823,0,0
H0479,2025-01,2.9668605666841232,3.3740302003856586,0,0
H0480,2025-01,3.725000305609498,3.5484043928027718,0,0
H0481,2025-01,3.863229933861383,3.958085218184049,0,0
H0482,2025-01,3.1017614609202733,3.644575766156127,1,0
H0483,2025-01,3.150514307272434,3.890182388826057,0,0
H0484,2025-01,3.0375563871257456,2.955310739872032,0,0
H0485,2025-01,2.2227040235310715,2.825665882934498,0,0
H0486,2025-01,2.7109048880759605,3.299161158032152,0,1
H0487,2025-01,2.667220263644261,3.225811601477082,0,0
H0488,2025-01,3.735015764569909,3.395665353699125,0,0
H0489,2025-01,2.77562987723178,2.795948414697602,0,0
H0490,2025-01,3.3363060943623437,2.814866469331226,0,0
H0491,2025-01,2.889823873299934,3.044065885035942,0,0
H0492,2025-01,2.4772235772329547,2.332891253400337,0,0
H0493,2025-01,3.2114573951681984,3.041903160382243,0,0
H0494,2025-01,3.642739918934404,3.6480193385322233,0,0
H0495,2025-01,2.985635348779315,3.245874206648669,0,0
H0496,2025-01,3.1047867220717635,3.408515253568944,0,0
H0497,2025-01,3.288880444610097,3.8694969538144,0,0
H0498,2025-01,3.3861103082564035,3.621360463819491,0,0
H0499,2025-01,2.203260018784814,3.668551192185632,0,0
H0500,2025-01,3.010897874749657,3.469660167574087,0,0
H0501,2025-01,3.60982598657911,3.5615724141181206,0,0
H0502,2025-01,2.3698332724384445,2.9704810254376515,0,0
H0503,2025-01,2.423823284424372,3.415760990418054,0,0
H0504,2025-01,2.813249004937323,3.869245793797959,0,0
H0505,2025-01,3.28520896458132,3.299161158032152,0,1
H0506,2025-01,2.843457167712125,2.723408443137417,0,0
H0507,2025-01,3.938232619888656,3.806640341464902,0,0
H0508,2025-01,3.1017614609202733,3.6172573977780695,1,0
H0509,2025-01,2.0108150361181565,3.163675975353476,0,0
H0510,2025-01,2.89459844183419,2.519680381796585,0,0
H0511,2025-01,3.1017614609202733,4.096771372357743,1,0
H0512,2025-01,3.336723033472931,3.337979531399049,0,0
H0513,2025-01,3.155091749936867,3.4968093734792918,0,0
H0514,2025-01,3.058842093963625,3.9289610434550255,0,0
H0515,2025-01,3.5753279858772893,2.453421606139825,0,0
H0516,2025-01,2.834387007460747,3.640002646493796,0,0
H0517,2025-01,2.510863922244506,3.191830785203064,0,0
H0518,2025-01,2.039001523722105,3.864738977413523,0,0
H0519,2025-01,3.749762526886588,3.4665088398506887,0,0
H0520,2025-01,3.1017614609202733,3.104340354821822,1,0
H0521,2025-01,2.739691407403348,3.5525748122555068,0,0
H0522,2025-01,2.382994353412628,2.189146988995865,0,0
H0523,2025-01,3.672266957902609,3.678203502127127,0,0
H0524,2025-01,4.0775852944293725,2.5617778414311214,0,0
H0525,2025-01,3.2259973949071776,3.321297676939843,0,0
H0526,2025-01,2.722569148292263,3.349396535667964,0,0
H0527,2025-01,3.49151394520206,3.515380256948436,0,0
H0528,2025-01,2.562615265234735,4.156684532822217,0,0
H0529,2025-01,2.4119603957016547,2.1232578673961164,0,0
H0530,2025-01,2.0864492454359094,3.633071605398039,0,0
H0531,2025-01,2.8242228448617075,4.057156530769799,0,0
H0532,2025-01,2.3058573781297733,2.876238460978831,0,0
H0533,2025-01,3.746803232670212,3.117403453058996,0,0
H0534,2025-01,2.519351982136463,3.299161158032152,0,1
H0535,2025-01,3.6029616284614367,3.766687156837348,0,0
H0536,2025-01,3.173369676593715,3.6702322137631738,0,0
H0537,2025-01,2.764515507167828,2.808164937553876,0,0
H0538,2025-01,3.3367116216810584,2.9805071132540237,0,0
H0539,2025-01,3.407318233082812,4.121005065871819,0,0
H0540,2025-01,2.386170807567616,2.614778605581015,0,0
H0541,2025-01,2.523893516906663,2.346241828762434,0,0
H0542,2025-01,3.1760850371474643,2.582680984270408,0,0
H0543,2025-01,2.4288381071586835,3.2336511315589886,0,0
H0544,2025-01,3.1017614609202733,3.924606738534331,1,0
H0545,2025-01,3.2515654195050194,2.906651307234183,0,0
H0546,2025-01,3.063633197710728,4.011399183961911,0,0
H0547,2025-01,3.0131069237734085,3.639055344915428,0,0
H0548,2025-01,3.1714992185387483,3.6913664345536223,0,0
H0549,2025-01,2.715855168045446,2.0101194862816563,0,0
H0550,2025-01,2.6697628039321573,2.8966323715836277,0,0
H0551,2025-01,3.114822621052784,2.9097267882801545,0,0
H0552,2025-01,3.082705458051715,4.00829010322842,0,0
H0553,2025-01,3.3301609161827628,3.2019327546195444,0,0
H0554,2025-01,3.721094639192176,3.299161158032152,0,1
H0555,2025-01,2.840183347734205,3.4660560005664065,0,0
H0556,2025-01,3.3092499895145373,2.9737432269195923,0,0
H0557,2025-01,2.445041460268075,3.368532258067584,0,0
H0558,2025-01,3.3552231430838413,2.9874291982315184,0,0
H0559,2025-01,3.071781886098007,4.357011000802358,0,0
H0560,2025-01,3.0082104947602364,2.844421215021001,0,0
H0561,2025-01,3.13966977078298,4.170180342481717,0,0
H0562,2025-01,3.0436822459705564,3.0251489068996875,0,0
H0563,2025-01,4.219877540809106,3.402145690887274,0,0
H0564,2025-01,3.3519308328052166,3.708777481331433,0,0
H0565,2025-01,3.291391292710847,3.40822469012763,0,0
H0566,2025-01,2.6509790799952766,3.299161158032152,0,1
H0567,2025-01,3.894738729705663,3.996974320922253,0,0
H0568,2025-01,3.3057040058978417,3.69918136704922,0,0
H0569,2025-01,3.286947406038553,3.2186891452391246,0,0
H0570,2025-01,3.526932642473928,3.048788816783102,0,0
H0571,2025-01,3.074329324131688,3.2524476918392007,0,0
H0572,2025-01,2.635438147744864,3.0866185752259323,0,0
H0573,2025-01,1.8827967913384065,3.070030345078165,0,0
H0574,2025-01,2.9377680861993976,3.341145765848892,0,0
H0575,2025-01,2.6754843885895525,2.6318867156186423,0,0
H0576,2025-01,2.517396212343195,2.828319793451326,0,0
H0577,2025-01,3.835162772660391,3.704953152139869,0,0
H0578,2025-01,3.588191154136648,2.4406739465124434,0,0
H0579,2025-01,2.1611012763550383,3.6761718638541607,0,0
H0580,2025-01,3.2436454828920613,3.142632408141224,0,0
H0581,2025-01,2.821046078109333,4.046727180683034,0,0
H0582,2025-01,3.296945136174044,3.818830983549595,0,0
H0583,2025-01,2.667173430440423,3.104164071156996,0,0
H0584,2025-01,2.718129648730921,3.0866718905198964,0,0
H0585,2025-01,3.4694364113878726,3.8804765029961863,0,0
H0586,2025-01,3.5013691051225027,3.8383298637705066,0,0
H0587,2025-01,4.102607074694587,3.9765102860287542,0,0
H0588,2025-01,3.227043594655465,3.957423338706668,0,0
H0589,2025-01,2.717128632247958,3.106925891970128,0,0
H0590,2025-01,3.704683717193381,3.551098072405765,0,0
H0591,2025-01,3.3210576526642512,2.817510083000699,0,0
H0592,2025-01,3.2515725548218906,2.73813117193168,0,0
H0593,2025-01,2.9483031952339096,3.5282138656036,0,0
H0594,2025-01,2.522676993355962,3.049607871163849,0,0
H0595,2025-01,3.224206189242554,3.129519939295389,0,0
H0596,2025-01,2.818627532267455,3.2043383018561578,0,0
H0597,2025-01,3.1017614609202733,2.726077945839119,1,0
H0598,2025-01,4.273613757747181,3.8593254384519255,0,0
H0599,2025-01,3.9291521407021937,3.247775279596864,0,0
H0600,2025-01,3.443569202574403,2.71144136149864,0,0
C0001,2025-01,2.542044114875173,3.1417343591845244,0,0
C0002,2025-01,2.4285372224598483,3.6006300089791368,0,0
C0003,2025-01,3.277269023241049,3.5547472218169025,0,0
C0004,2025-01,3.803993742527656,3.119487046327673,0,0
C0005,2025-01,3.045553725674469,3.258374429055988,0,0
C0006,2025-01,2.9276248429327763,2.946667728211348,0,0
C0007,2025-01,2.8182186430965834,2.717541538632809,0,0
C0008,2025-01,2.6183674152902974,3.163114142114537,0,0
C0009,2025-01,2.439144309518145,2.668620113164494,0,0
C0010,2025-01,2.508767687126821,3.0672707126797567,0,0
C0011,2025-01,3.340666637465911,3.4330940680020854,0,0
C0012,2025-01,2.987962407828576,2.9260143537948107,0,0
C0013,2025-01,3.531856069915733,3.316033389806432,0,0
C0014,2025-01,2.294462787442757,3.927618487016694,0,0
C0015,2025-01,2.7274324188012327,4.309860061805955,0,0
C0016,2025-01,3.088174071723398,3.0800286067629776,0,0
C0017,2025-01,2.5632243703556528,3.523750905957031,0,0
C0018,2025-01,2.494404713027192,3.0148069670552005,0,0
C0019,2025-01,3.6378579021297215,3.177845745435927,0,0
C0020,2025-01,2.948578300486472,2.939851754752591,0,0
C0021,2025-01,2.653254114178822,3.111903117881798,0,0
C0022,2025-01,2.923543170513199,3.676938613881901,0,0
C0023,2025-01,2.915949385748112,2.70239967591846,0,0
C0024,2025-01,2.962394906380712,2.7888726013174905,0,0
C0025,2025-01,2.49944052639816,3.1160344833777183,0,0
C0026,2025-01,2.779136752472291,3.1887861739095085,0,0
C0027,2025-01,3.6095633882165488,3.393102731975436,0,0
C0028,2025-01,4.037846681688929,3.495435056688203,0,0
C0029,2025-01,2.404238620045957,3.982993809808191,0,0
C0030,2025-01,3.114354587359652,2.832158811882504,0,0
C0031,2025-01,2.9721883191430134,2.8922532767286997,0,0
C0032,2025-01,2.9851824542236884,3.3364038377134326,0,0
C0033,2025-01,2.884499850635724,4.00536643129783,0,0
C0034,2025-01,3.108149107284844,2.4199706858157417,0,0
C0035,2025-01,3.3643620871164046,3.385739829490294,0,0
C0036,2025-01,4.323331813411702,3.2977203934177464,0,0
C0037,2025-01,2.414210227664339,3.5605560842065973,0,0
C0038,2025-01,2.127641530930728,3.386121332008282,0,0
C0039,2025-01,4.033099987920044,3.32693639500722,0,0
C0040,2025-01,2.942671314214218,3.3759181285660462,0,0
C0041,2025-01,2.652451442886432,2.8215869970787213,0,0
C0042,2025-01,3.1017614609202733,3.501156236547504,1,0
C0043,2025-01,2.687889326819018,4.046229789596619,0,0
C0044,2025-01,3.50030644036458,3.5455480642653243,0,0
C0045,2025-01,3.269726826848854,3.3197919937592206,0,0
C0046,2025-01,3.387847229664239,3.0682918626897324,0,0
C0047,2025-01,3.654082987085804,3.765595641727536,0,0
C0048,2025-01,3.500264342692026,3.262910967385977,0,0
C0049,2025-01,3.092187067657712,2.736863390885411,0,0
C0050,2025-01,3.9231084863225,3.770755372722535,0,0
C0051,2025-01,3.025305876935436,2.609969758557563,0,0
C0052,2025-01,2.6896392455345906,3.3182807765046616,0,0
C0053,2025-01,3.1017614609202733,2.3231369083931344,1,0
C0054,2025-01,2.694620304760189,3.299161158032152,0,1
C0055,2025-01,3.1496541143808496,3.081286541148734,0,0
C0056,2025-01,2.515854202134621,2.526580163381629,0,0
C0057,2025-01,3.171744062561707,3.434855919110836,0,0
C0058,2025-01,2.999878737957629,3.103608714581648,0,0
C0059,2025-01,2.3037346094045974,3.127357671079547,0,0
C0060,2025-01,2.477764956967519,3.0188742715158408,0,0
C0061,2025-01,2.9766205824377314,2.607623456191461,0,0
C0062,2025-01,3.275840145688868,2.7325019889532443,0,0
C0063,2025-01,3.0386682628138413,3.129580011470935,0,0
C0064,2025-01,2.47573801551883,3.968456433971188,0,0
C0065,2025-01,4.587145361508672,3.694499626406897,0,0
C0066,2025-01,3.1017614609202733,4.245060251014744,1,0
C0067,2025-01,3.190804174441082,2.803052594587427,0,0
C0068,2025-01,3.546043996548796,2.8277057327573183,0,0
C0069,2025-01,3.43333817480662,3.613301832853552,0,0
C0070,2025-01,3.212451082859205,3.311850319681767,0,0
C0071,2025-01,3.9678216717187698,3.296055262348624,0,0
C0072,2025-01,3.610715266600647,3.236122005482152,0,0
C0073,2025-01,2.9410926075988626,3.1941177226217943,0,0
C0074,2025-01,3.0885886259680966,2.092001004391126,0,0
C0075,2025-01,2.4729344983975863,3.0092370083077045,0,0
C0076,2025-01,2.8377438056833757,2.608754036766292,0,0
C0077,2025-01,3.1017614609202733,3.0036506365940334,1,0
C0078,2025-01,3.3822762947667857,3.402226562374284,0,0
C0079,2025-01,2.640223808388192,3.922895122363359,0,0
C0080,2025-01,2.9197492685348205,3.178719978441599,0,0
C0081,2025-01,3.9949453886865474,3.5216333436973914,0,0
C0082,2025-01,3.6783198306920735,3.299161158032152,0,1
C0083,2025-01,3.363109252574364,3.1169328254259945,0,0
C0084,2025-01,3.0872171874351606,3.2867098885049977,0,0
C0085,2025-01,3.140026542417203,2.8253979322935554,0,0
C0086,2025-01,2.889986254876233,3.817823103306561,0,0
C0087,2025-01,3.078160523773213,3.8234292065928095,0,0
C0088,2025-01,3.523749110399249,2.9107034173923623,0,0
C0089,2025-01,3.176876034182444,2.6804505504304834,0,0
C0090,2025-01,3.410876510892622,3.005794523277145,0,0
C0091,2025-01,3.8216590352773214,3.3630710939812314,0,0
C0092,2025-01,3.768742326714573,2.844151956548417,0,0
C0093,2025-01,3.2317928137655363,2.672568040052574,0,0
C0094,2025-01,3.871670906829328,3.5643258129834834,0,0
C0095,2025-01,3.03158615651073,3.465178794889244,0,0
C0096,2025-01,2.600527187615732,2.9505688171135693,0,0
C0097,2025-01,2.706989853634005,3.218857855022902,0,0
C0098,2025-01,3.358340502511738,3.1625712155992893,0,0
C0099,2025-01,3.2123612798231376,3.3737342760229514,0,0
C0100,2025-01,3.948739301439785,3.1594327134394278,0,0
C0101,2025-01,3.028290230923964,3.5326227262457945,0,0
C0102,2025-01,3.684888720711255,3.777554315581576,0,0
C0103,2025-01,3.5340862829992536,4.282444217610012,0,0
C0104,2025-01,3.748266468172252,3.4500091194034748,0,0
C0105,2025-01,3.459478355903262,3.5713597346944272,0,0
C0106,2025-01,3.1292001286596896,2.5797626721788847,0,0
C0107,2025-01,3.1681491119445853,3.1647415470826794,0,0
C0108,2025-01,2.856914182971644,2.8537919829829343,0,0
C0109,2025-01,2.291737998793218,2.832130713287617,0,0
C0110,2025-01,2.596587429279859,3.299161158032152,0,1
C0111,2025-01,3.00569790033539,3.240966558076785,0,0
C0112,2025-01,3.0284207020765077,3.3266907475081102,0,0
C0113,2025-01,2.843934091418057,3.503194045017972,0,0
C0114,2025-01,3.5445351431415384,3.5120063539032573,0,0
C0115,2025-01,3.3575091417179026,3.0005810235661743,0,0
C0116,2025-01,3.236852863509311,3.641987905686,0,0
C0117,2025-01,3.1017614609202733,3.658402857226063,1,0
C0118,2025-01,3.25649697599322,3.846421309906738,0,0
C0119,2025-01,2.8762201792073063,3.191408755341921,0,0
C0120,2025-01,3.340429409688653,3.0301706027873365,0,0
C0121,2025-01,2.969053647769348,3.619671447573662,0,0
C0122,2025-01,3.1017614609202733,3.3995429492555287,1,0
C0123,2025-01,2.928581627224557,2.834891557256188,0,0
C0124,2025-01,3.266703222233289,2.297081583563995,0,0
C0125,2025-01,3.720417469571197,4.012206699676774,0,0
C0126,2025-01,2.449050472068962,2.581145973883812,0,0
C0127,2025-01,3.5378038694026905,3.4619186063038248,0,0
C0128,2025-01,3.556503408005904,4.1021920247609325,0,0
C0129,2025-01,3.3524032993865958,2.7049013094860355,0,0
C0130,2025-01,2.914824475401783,2.52193782527294,0,0
C0131,2025-01,2.4980893510033404,3.1602544192632345,0,0
C0132,2025-01,3.769252120190131,4.311546579296522,0,0
C0133,2025-01,3.537194242825133,4.050919639176236,0,0
C0134,2025-01,3.5134079677719825,2.883883082726991,0,0
C0135,2025-01,3.0274648166049527,3.8451724404082617,0,0
C0136,2025-01,3.082755539371884,3.4202856607543035,0,0
C0137,2025-01,2.831305410591386,3.1644093714602155,0,0
C0138,2025-01,2.514331301819514,2.89479330476297,0,0
C0139,2025-01,2.394101908920025,3.8437355230224064,0,0
C0140,2025-01,2.4870568444843943,2.462399385145276,0,0
C0141,2025-01,3.609765040935084,3.7041559761737055,0,0
C0142,2025-01,2.54874553153404,3.203536107415519,0,0
C0143,2025-01,2.4906205102251797,3.553373271297096,0,0
C0144,2025-01,3.1863131733805545,3.922887145996922,0,0
C0145,2025-01,3.510095511983037,2.964939886900241,0,0
C0146,2025-01,4.4663299770297495,3.0873548113470357,0,0
C0147,2025-01,3.5540994121566047,2.9623473817761403,0,0
C0148,2025-01,2.7158666672760603,3.449312959548725,0,0
C0149,2025-01,2.8198381866131266,3.60695811034248,0,0
C0150,2025-01,3.34794689857638,3.0805083702802123,0,0
C0151,2025-01,3.1017614609202733,3.37460957342855,1,0
C0152,2025-01,3.736155279830248,4.189922324928721,0,0
C0153,2025-01,3.2120863384252885,3.664763495035494,0,0
C0154,2025-01,2.803256256390816,3.625362278860832,0,0
C0155,2025-01,2.207383941196721,2.2837001066164704,0,0
C0156,2025-01,3.732202920056818,3.7126801185943177,0,0
C0157,2025-01,3.1641969634398586,3.762262738640955,0,0
C0158,2025-01,3.0725784402546314,2.7133542579034917,0,0
C0159,2025-01,3.3673254006298303,3.1829275387078866,0,0
C0160,2025-01,2.467282218379541,3.2837298701290494,0,0
C0161,2025-01,2.869738628224962,2.6507992354227605,0,0
C0162,2025-01,2.829035919154621,3.223776535041829,0,0
C0163,2025-01,2.9482356319746765,3.2412688534637457,0,0
C0164,2025-01,3.682987155224752,3.87450672358662,0,0
C0165,2025-01,3.426252317151291,3.026295673128512,0,0
C0166,2025-01,3.08428772186812,3.114437315702649,0,0
C0167,2025-01,2.9076657712641887,3.892347571671197,0,0
C0168,2025-01,3.248242546793369,2.98503212946398,0,0
C0169,2025-01,2.9523084236590957,3.5255422153852667,0,0
C0170,2025-01,2.1188361264003515,3.438441589519752,0,0
C0171,2025-01,3.3989429972030614,3.703154523636368,0,0
C0172,2025-01,2.096998045750712,2.8743308878775955,0,0
C0173,2025-01,3.1247245710850944,2.8655539392961846,0,0
C0174,2025-01,2.133725095052533,3.6326689918655632,0,0
C0175,2025-01,2.638649713035772,3.029814453589273,0,0
C0176,2025-01,3.480303401153945,2.9237893711200247,0,0
C0177,2025-01,3.0772453426573274,3.2780263734955333,0,0
C0178,2025-01,2.38386568570612,3.1217241500994803,0,0
C0179,2025-01,2.8288586506467066,3.702826107679885,0,0
C0180,2025-01,3.118412314829881,3.105517150029049,0,0
C0181,2025-01,3.003300333914375,3.933950406395643,0,0
C0182,2025-01,2.959030628443036,3.4914644614040404,0,0
C0183,2025-01,3.005272184931972,2.9628843084568555,0,0
C0184,2025-01,3.03646943793475,3.671253792234313,0,0
C0185,2025-01,2.5143024275220167,2.915947638941101,0,0
C0186,2025-01,2.7703034998749434,2.869958272994842,0,0
C0187,2025-01,2.735723204333141,3.3027998396911533,0,0
C0188,2025-01,4.302845788651666,3.770198834510353,0,0
C0189,2025-01,3.0242066699215013,3.0043866386446205,0,0
C0190,2025-01,2.86227254716458,2.4201575596590983,0,0
C0191,2025-01,3.154297999540666,3.236892985993395,0,0
C0192,2025-01,2.847297077917931,2.913449764147125,0,0
C0193,2025-01,3.2019215967500814,3.690424417425757,0,0
C0194,2025-01,3.45748105654427,3.265464359024059,0,0
C0195,2025-01,3.696428013983615,3.355952804777328,0,0
C0196,2025-01,4.272588530489449,3.40200783817925,0,0
C0197,2025-01,3.688308877407934,3.4966052877967395,0,0
C0198,2025-01,3.411299704320466,3.551002965454235,0,0
C0199,2025-01,3.4806407894399625,3.520528783409559,0,0
C0200,2025-01,2.646603115627472,4.010878765680232,0,0
C0201,2025-01,2.579848835822191,3.3974073270351908,0,0
C0202,2025-01,3.1017614609202733,3.0768437988474537,1,0
C0203,2025-01,3.3474727321089404,3.178268852987961,0,0
C0204,2025-01,3.705172414842691,3.496609719695373,0,0
C0205,2025-01,3.586041000210801,3.839805596541896,0,0
C0206,2025-01,3.268595093431803,4.05322435119251,0,0
C0207,2025-01,3.722545998018029,2.7759026918605327,0,0
C0208,2025-01,2.9781285952627177,3.8814012215619154,0,0
C0209,2025-01,2.746194657837111,3.426359399881571,0,0
C0210,2025-01,3.289056441350973,2.9960730362554786,0,0
C0211,2025-01,3.741501031009314,3.2719677589432337,0,0
C0212,2025-01,2.9898199204783933,4.023884272366495,0,0
C0213,2025-01,2.1258708749721897,3.298935182411268,0,0
C0214,2025-01,2.840379170553954,2.5693267574426586,0,0
C0215,2025-01,3.7899715916292585,3.12291595837114,0,0
C0216,2025-01,1.4075494357928986,2.48850790838208,0,0
C0217,2025-01,3.5957955359240428,3.0571445642484854,0,0
C0218,2025-01,2.3551375261022143,3.299161158032152,0,1
C0219,2025-01,3.302854802846401,2.739911012389193,0,0
C0220,2025-01,2.4460203599715413,3.3460346591163197,0,0
C0221,2025-01,2.707855471654864,4.102182208479836,0,0
C0222,2025-01,3.158274237248703,3.7514352327402047,0,0
C0223,2025-01,3.940138067896963,4.180670902660515,0,0
C0224,2025-01,3.023742277497239,3.299161158032152,0,1
C0225,2025-01,3.890076365470813,3.713641209035785,0,0
C0226,2025-01,2.7930766129644344,3.4728965019097218,0,0
C0227,2025-01,2.761636011933623,3.444566939064498,0,0
C0228,2025-01,3.4080663069665973,4.106284544347673,0,0
C0229,2025-01,2.965568931065668,3.601812437226773,0,0
C0230,2025-01,3.220087879168242,2.545880695527784,0,0
C0231,2025-01,2.7529857250428464,3.043698486506432,0,0
C0232,2025-01,3.3993903403761183,3.1926931176703355,0,0
C0233,2025-01,3.3689230671521453,2.7894925348751256,0,0
C0234,2025-01,3.859651797632694,3.728756348736197,0,0
C0235,2025-01,2.846514285951196,3.846428674244333,0,0
C0236,2025-01,3.150231973278476,3.2056374596402124,0,0
C0237,2025-01,3.1868110562870458,3.254265671514182,0,0
C0238,2025-01,2.707821910650638,2.9497760332974625,0,0
C0239,2025-01,2.96824370235736,3.307211198827578,0,0
C0240,2025-01,2.110611144077076,3.693120186608012,0,0
C0241,2025-01,3.405345253827045,2.8318611969099603,0,0
C0242,2025-01,3.0673112148487647,3.227185196389623,0,0
C0243,2025-01,3.0855729450628435,3.315043814919733,0,0
C0244,2025-01,2.9815670659738585,3.222247625176279,0,0
C0245,2025-01,2.536709104742253,3.2696420003150206,0,0
C0246,2025-01,3.2041637821827464,3.944315049208513,0,0
C0247,2025-01,3.073576496198713,2.7322600120256832,0,0
C0248,2025-01,3.9555711305131216,3.4371042872044426,0,0
C0249,2025-01,2.466546809381504,3.968484025660216,0,0
C0250,2025-01,2.8303662223848023,2.7403970737467187,0,0
C0251,2025-01,2.5594658603793,3.165581836746145,0,0
C0252,2025-01,3.655240328481424,3.400343092856682,0,0
C0253,2025-01,3.1017614609202733,3.3781214727272832,1,0
C0254,2025-01,3.1017614609202733,3.376500318420301,1,0
C0255,2025-01,3.798297097286744,3.3539932684269025,0,0
C0256,2025-01,3.435753535829196,3.461700901723296,0,0
C0257,2025-01,3.146924021939252,3.127035622647842,0,0
C0258,2025-01,3.6605039690998575,3.82008586415155,0,0
C0259,2025-01,2.964744619332872,3.529620001489484,0,0
C0260,2025-01,3.1985186680963986,2.545545153615341,0,0
C0261,2025-01,3.693443343351357,3.384759894335911,0,0
C0262,2025-01,3.328290149669994,3.313601144124469,0,0
C0263,2025-01,3.1733017306279336,3.68563870450079,0,0
C0264,2025-01,3.479937985299074,3.756041761052937,0,0
C0265,2025-01,2.99405872647014,4.00709963462608,0,0
C0266,2025-01,3.350551871717665,3.4266455428891978,0,0
C0267,2025-01,2.938697279150705,3.068492753446967,0,0
C0268,2025-01,3.651753024024631,3.12766756780206,0,0
C0269,2025-01,3.4903020871309978,2.81447358554988,0,0
C0270,2025-01,4.4858936096440845,3.988772241642543,0,0
C0271,2025-01,3.12328339276371,2.88954455871692,0,0
C0272,2025-01,3.403758395208476,3.774283877822065,0,0
C0273,2025-01,3.222743139339384,3.2209168422883376,0,0
C0274,2025-01,2.979251326240336,2.4075405452421843,0,0
C0275,2025-01,3.4272352848187677,3.734187008032464,0,0
C0276,2025-01,2.205764535479492,1.8047900169269964,0,0
C0277,2025-01,2.925514282590949,2.927914583527496,0,0
C0278,2025-01,4.313823141469702,3.6742296702378634,0,0
C0279,2025-01,3.81100172266108,2.4644039029593925,0,0
C0280,2025-01,3.461393352175087,3.2983133205680093,0,0
C0281,2025-01,3.443769425490397,3.000833251426136,0,0
C0282,2025-01,2.7000757397894053,3.0834168408769123,0,0
C0283,2025-01,2.7242738981223145,3.8031626006299737,0,0
C0284,2025-01,2.5772432305067605,3.1892272348229245,0,0
C0285,2025-01,2.6285558860095244,3.1960951655909,0,0
C0286,2025-01,3.601675656599844,3.29910664774529,0,0
C0287,2025-01,3.660703846566898,3.9214995024057098,0,0
C0288,2025-01,3.7939741622292953,3.90494054160585,0,0
C0289,2025-01,3.649447206379988,3.11297829495814,0,0
C0290,2025-01,2.996203689217342,2.8950221866840806,0,0
C0291,2025-01,3.7291849278033458,3.155743129105901,0,0
C0292,2025-01,2.1566786128170845,3.1276279675385745,0,0
C0293,2025-01,3.5360870744119657,4.204919620756124,0,0
C0294,2025-01,3.276026675841552,3.5601506140781853,0,0
C0295,2025-01,2.889112517283169,2.5938033715937268,0,0
C0296,2025-01,3.0915517244625503,3.3745555099921467,0,0
C0297,2025-01,2.9309762780189144,3.278965808442873,0,0
C0298,2025-01,2.5926829726477503,3.503859505611392,0,0
C0299,2025-01,2.90280689437501,3.326137871889348,0,0
C0300,2025-01,2.5687292361410643,3.985201254431529,0,0
C0301,2025-01,3.1017614609202733,2.8889689339728557,1,0
C0302,2025-01,2.6099442482272144,2.805486522344773,0,0
C0303,2025-01,2.3891677378003693,3.617222638895448,0,0
C0304,2025-01,3.5101511870440127,2.651646338872114,0,0
C0305,2025-01,2.590551285413096,3.1385821811497854,0,0
C0306,2025-01,2.069604229171726,3.449608254111514,0,0
C0307,2025-01,2.7862824284055505,2.3038826247641504,0,0
C0308,2025-01,2.5463738627608405,3.2790341449761136,0,0
C0309,2025-01,4.160724680337246,3.060853897978101,0,0
C0310,2025-01,3.2779056373742703,2.667034859428524,0,0
C0311,2025-01,2.563649800542488,2.985059762934307,0,0
C0312,2025-01,3.274048710310398,3.153874247963063,0,0
C0313,2025-01,3.27339035543454,3.299161158032152,0,1
C0314,2025-01,2.9430552779678334,3.698763929221179,0,0
C0315,2025-01,3.852962814862789,3.372407108950996,0,0
C0316,2025-01,2.68427276100629,3.12509058552562,0,0
C0317,2025-01,3.8439841131812287,3.0232991963303504,0,0
C0318,2025-01,3.150514869250992,3.5983544624749557,0,0
C0319,2025-01,3.235065603731731,4.250960473119199,0,0
C0320,2025-01,2.974259170746388,3.206994257860626,0,0
C0321,2025-01,2.828423816582297,3.098808104317132,0,0
C0322,2025-01,2.814460670464268,2.796317227730881,0,0
C0323,2025-01,2.157000455963139,3.695755766410045,0,0
C0324,2025-01,3.2293765531882594,3.647143932149325,0,0
C0325,2025-01,3.264060314008969,3.2213654126658957,0,0
C0326,2025-01,2.65560446463077,3.2644468092158965,0,0
C0327,2025-01,3.5503861512401507,3.058820789133601,0,0
C0328,2025-01,3.416521059627753,2.882801989111155,0,0
C0329,2025-01,2.71247097941624,3.6292889313209127,0,0
C0330,2025-01,2.4835144282732826,3.0825308717556035,0,0
C0331,2025-01,3.507869955675377,3.299161158032152,0,1
C0332,2025-01,3.213020707009302,2.951097823813476,0,0
C0333,2025-01,3.0256759471864263,2.363216837961992,0,0
C0334,2025-01,3.4595079044143517,4.335871899261074,0,0
C0335,2025-01,3.22267904117119,3.38523717121368,0,0
C0336,2025-01,3.618442454114024,3.5008479860514727,0,0
C0337,2025-01,2.788100353539693,2.714451505331782,0,0
C0338,2025-01,3.78274213995294,3.191275745518521,0,0
C0339,2025-01,3.3391922843735378,3.135290129743697,0,0
C0340,2025-01,2.274684445807469,2.748841610501828,0,0
C0341,2025-01,3.6822189580947295,3.257004228489825,0,0
C0342,2025-01,2.795250849704966,3.640078766369108,0,0
C0343,2025-01,3.4052388380399696,3.55073269547904,0,0
C0344,2025-01,3.847299850141999,3.4005765648179875,0,0
C0345,2025-01,2.893887381184819,3.9366441281347626,0,0
C0346,2025-01,3.004411159425844,3.547376187924677,0,0
C0347,2025-01,2.8199635492573454,2.311205495832744,0,0
C0348,2025-01,2.3986437877059346,3.19786036258301,0,0
C0349,2025-01,3.808602501556016,3.8203465497292335,0,0
C0350,2025-01,3.3281957982806163,3.396072623707488,0,0
C0351,2025-01,3.1017614609202733,4.333346297945017,1,0
C0352,2025-01,3.3427084113522385,4.058481443356883,0,0
C0353,2025-01,3.408442306822864,3.397178375279128,0,0
C0354,2025-01,3.691435724090248,3.0158164475633598,0,0
C0355,2025-01,2.208649890440836,3.0845321269881154,0,0
C0356,2025-01,2.755592294380711,3.5430799131063564,0,0
C0357,2025-01,3.620100929540235,2.7681356119892784,0,0
C0358,2025-01,2.789748138445674,3.157589143499223,0,0
C0359,2025-01,2.6824844622830533,2.305549441324178,0,0
C0360,2025-01,3.485762689188926,3.060972535870639,0,0
C0361,2025-01,3.4732296872183177,2.409420398931198,0,0
C0362,2025-01,3.5188438825596338,3.273146700554826,0,0
C0363,2025-01,2.9683042440422858,3.177334439241013,0,0
C0364,2025-01,2.8788919107412023,3.798400385275966,0,0
C0365,2025-01,2.681078577855924,3.299161158032152,0,1
C0366,2025-01,3.210296676773253,2.8580043593727,0,0
C0367,2025-01,2.5537127196730065,2.6470642223874177,0,0
C0368,2025-01,2.730288866697194,3.583922406044391,0,0
C0369,2025-01,2.660422769149306,3.3918403050554757,0,0
C0370,2025-01,2.951818837077924,3.919470169382924,0,0
C0371,2025-01,3.655590899009397,3.7021949864674655,0,0
C0372,2025-01,3.603812419674449,3.5815523656017936,0,0
C0373,2025-01,3.1373393768963385,3.764203513700899,0,0
C0374,2025-01,3.028001139828416,3.592280178072372,0,0
C0375,2025-01,2.11395599683377,3.802472439494347,0,0
C0376,2025-01,2.816853271834914,2.6202562076744416,0,0
C0377,2025-01,3.446647118120461,2.9258221425412687,0,0
C0378,2025-01,2.6441234408733254,2.4502814282635974,0,0
C0379,2025-01,2.6395110809114577,3.46053414684012,0,0
C0380,2025-01,3.969379663406513,4.174275688885495,0,0
C0381,2025-01,2.5801934179933426,3.6422783267710472,0,0
C0382,2025-01,3.749961656321636,3.016498594718339,0,0
C0383,2025-01,4.316837638869462,3.42863386325808,0,0
C0384,2025-01,3.0704650967108718,3.4570737358174366,0,0
C0385,2025-01,3.986979828734936,3.6841670890082345,0,0
C0386,2025-01,2.402498210548276,2.826233590598035,0,0
C0387,2025-01,2.4933038384619013,3.299161158032152,0,1
C0388,2025-01,3.1399239928587472,3.182942855985464,0,0
C0389,2025-01,3.686071510245964,3.345287082869643,0,0
C0390,2025-01,3.110384076013041,3.69218937547849,0,0
C0391,2025-01,2.970548040093551,3.1101258141319343,0,0
C0392,2025-01,2.4680274760020837,3.299161158032152,0,1
C0393,2025-01,2.836811594464577,3.164837152223627,0,0
C0394,2025-01,3.10083743766092,3.584554478511119,0,0
C0395,2025-01,3.0430107759825185,3.664363324010973,0,0
C0396,2025-01,2.497657044252021,3.299161158032152,0,1
C0397,2025-01,3.1017614609202733,3.25982030864911,1,0
C0398,2025-01,2.885575422503477,3.039336067194088,0,0
C0399,2025-01,2.9302040289924576,2.5316603335184524,0,0
C0400,2025-01,2.727194584107264,4.075474501412099,0,0
C0401,2025-01,3.1017614609202733,3.783295557858661,1,0
C0402,2025-01,3.043653328614191,3.2886181266847405,0,0
C0403,2025-01,2.9258537149163946,3.299161158032152,0,1
C0404,2025-01,3.233358784725466,2.987859080765228,0,0
C0405,2025-01,3.1613027432456557,2.0053898755409656,0,0
C0406,2025-01,2.457544728538648,3.299161158032152,0,1
C0407,2025-01,3.4809654300414463,2.853016736799164,0,0
C0408,2025-01,2.6349353178174697,3.4824248474033896,0,0
C0409,2025-01,2.7869093655632646,3.508349560468303,0,0
C0410,2025-01,3.035265634560305,3.0995445279810485,0,0
C0411,2025-01,2.8842990899381595,2.894752345811677,0,0
C0412,2025-01,3.5964330049249145,2.9995775226243406,0,0
C0413,2025-01,3.333909847878477,3.198216749552482,0,0
C0414,2025-01,3.3995081111355208,3.1182536740460867,0,0
C0415,2025-01,3.073601672276733,3.0274337193957668,0,0
C0416,2025-01,3.715776657758998,3.931118560498034,0,0
C0417,2025-01,3.2021684777995287,4.26910903418017,0,0
C0418,2025-01,2.764721713656165,3.62640208225086,0,0
C0419,2025-01,3.3014252784291696,3.3879218869131265,0,0
C0420,2025-01,2.7501989967669704,2.992923259570951,0,0
C0421,2025-01,3.700231302791347,3.0701607391027377,0,0
C0422,2025-01,3.093187930529771,2.7561891037537496,0,0
C0423,2025-01,2.7889114181180896,3.541085653440097,0,0
C0424,2025-01,2.9471539161981832,3.726996709243834,0,0
C0425,2025-01,3.488656970970702,2.7946149554982127,0,0
C0426,2025-01,3.9759616854616224,3.6891710451877326,0,0
C0427,2025-01,3.1417460893827243,3.65534377017946,0,0
C0428,2025-01,3.4905925448033,3.243691657380103,0,0
C0429,2025-01,3.7420492916534553,3.264844361721318,0,0
C0430,2025-01,3.001613628813568,3.5608528112537314,0,0
C0431,2025-01,3.1936502436730576,3.639623575566701,0,0
C0432,2025-01,3.1017614609202733,3.496682629453338,1,0
C0433,2025-01,2.747735243614516,3.260166610214282,0,0
C0434,2025-01,3.5629061654169827,3.187289189897725,0,0
C0435,2025-01,3.1017614609202733,3.1677637812774133,1,0
C0436,2025-01,3.123587892246188,2.849366086201613,0,0
C0437,2025-01,4.314118579930047,2.990020288729476,0,0
C0438,2025-01,2.024730338595995,3.327139593497211,0,0
C0439,2025-01,2.964418419482308,3.1363784858045984,0,0
C0440,2025-01,3.0551795732160305,3.706593870893129,0,0
C0441,2025-01,3.268867391625525,3.1184849049411483,0,0
C0442,2025-01,2.170346553814417,2.997027752020753,0,0
C0443,2025-01,2.902184203056162,3.3039711533528737,0,0
C0444,2025-01,2.729393119686664,3.4722637193927186,0,0
C0445,2025-01,3.2383661203214213,3.668366055288011,0,0
C0446,2025-01,3.8959298944214114,3.3532512022038485,0,0
C0447,2025-01,2.521690658251626,3.917304239564844,0,0
C0448,2025-01,2.76189289058147,2.751051522090786,0,0
C0449,2025-01,2.879509460249594,2.1286932361402457,0,0
C0450,2025-01,3.2577878047031845,4.1563475780461125,0,0
C0451,2025-01,3.305067254323097,3.3193998684922104,0,0
C0452,2025-01,2.828820013700701,3.806783594366765,0,0
C0453,2025-01,2.50874226579702,3.1286990158046,0,0
C0454,2025-01,3.621622022972379,3.353882205138412,0,0
C0455,2025-01,2.7735574601810837,3.188892372225688,0,0
C0456,2025-01,3.3049803633985624,3.4221679690622646,0,0
C0457,2025-01,2.355609284876779,3.083658611821281,0,0
C0458,2025-01,3.564755735162175,3.635106093955394,0,0
C0459,2025-01,2.7241084121723294,2.789108872065215,0,0
C0460,2025-01,2.8505002615262063,3.0884100996177235,0,0
C0461,2025-01,3.031319031468562,3.299161158032152,0,1
C0462,2025-01,2.819129909489868,3.800732402254254,0,0
C0463,2025-01,3.1248983433444373,2.8897249400441893,0,0
C0464,2025-01,3.423814579593921,2.786386799243598,0,0
C0465,2025-01,2.5547789229222886,3.2597384620981136,0,0
C0466,2025-01,2.765763971670258,4.217728587182047,0,0
C0467,2025-01,3.640306538023911,3.664340807804522,0,0
C0468,2025-01,2.9654373868861,2.511047699575825,0,0
C0469,2025-01,3.753586281993388,3.6724298748449375,0,0
C0470,2025-01,3.008398614492329,3.448605439798634,0,0
C0471,2025-01,2.401198048147298,3.315656956963048,0,0
C0472,2025-01,2.575002953985668,3.5547983017076303,0,0
C0473,2025-01,2.9177175815653835,3.280684248922608,0,0
C0474,2025-01,3.3042968214846105,3.245637590077157,0,0
C0475,2025-01,2.8124152866175613,2.525069574145195,0,0
C0476,2025-01,3.0920768288953675,4.002869364715102,0,0
C0477,2025-01,3.3695476744363058,3.201821894461448,0,0
C0478,2025-01,2.907183410158743,2.6226285854422917,0,0
C0479,2025-01,2.801843292315109,3.0094776089881567,0,0
C0480,2025-01,2.8581955723900347,3.3000461660879514,0,0
C0481,2025-01,3.951884166562965,3.299161158032152,0,1
C0482,2025-01,3.434217401171939,3.489016803829819,0,0
C0483,2025-01,2.6850529577537974,3.74391017997463,0,0
C0484,2025-01,3.022862400636347,2.608797345474984,0,0
C0485,2025-01,3.300096464300354,3.005164038953702,0,0
C0486,2025-01,2.464863808549203,3.013257461854323,0,0
C0487,2025-01,3.122503903096471,3.1050743420855222,0,0
C0488,2025-01,2.8227864626236823,3.866711565439005,0,0
C0489,2025-01,2.597002012494689,3.0141621200453472,0,0
C0490,2025-01,3.846188085362253,3.8773062522906176,0,0
C0491,2025-01,3.163412689102219,3.43445671649859,0,0
C0492,2025-01,3.0687156182284068,3.6911597888907743,0,0
C0493,2025-01,2.6230931198948837,3.2001686077097657,0,0
C0494,2025-01,4.316145768989828,3.588849874916724,0,0
C0495,2025-01,3.8583163174652495,3.186049464642185,0,0
C0496,2025-01,2.2119928412516927,3.628432207135137,0,0
C0497,2025-01,3.4313459448856443,3.723680420828328,0,0
C0498,2025-01,3.6519349322708567,3.3431541917322765,0,0
C0499,2025-01,2.890264915023172,3.555620764934214,0,0
C0500,2025-01,3.442442098053715,3.0887840906768016,0,0
C0501,2025-01,2.47365347942556,3.5500610107180437,0,0
C0502,2025-01,2.898554052575304,3.184998679622101,0,0
C0503,2025-01,2.929488418633264,3.614922793656457,0,0
C0504,2025-01,2.730893592207278,3.375154994781501,0,0
C0505,2025-01,3.1643843326615904,3.7785352224470032,0,0
C0506,2025-01,2.6194395743571683,2.663334077303022,0,0
C0507,2025-01,3.5878747084889246,3.7547326392889855,0,0
C0508,2025-01,2.039556898009588,2.822198920710256,0,0
C0509,2025-01,3.688509307405412,2.631978803592831,0,0
C0510,2025-01,3.404260624615346,3.881522315700345,0,0
C0511,2025-01,3.7767690835758487,2.9739761487376617,0,0
C0512,2025-01,3.198276972841962,3.35088697998568,0,0
C0513,2025-01,2.6598140484342103,3.876343327029506,0,0
C0514,2025-01,2.6340421597701797,2.3998904616680026,0,0
C0515,2025-01,2.5909280097300846,3.0184742757618994,0,0
C0516,2025-01,3.049787911884608,3.345271996467274,0,0
C0517,2025-01,2.7104646863188053,2.6769853138351407,0,0
C0518,2025-01,2.9553766660603005,3.3244998319382493,0,0
C0519,2025-01,2.7890709214203397,3.5494018732859827,0,0
C0520,2025-01,2.9602495275899647,4.031882358766542,0,0
C0521,2025-01,3.398571797301998,3.361322724194117,0,0
C0522,2025-01,3.599491469047857,3.163673681007314,0,0
C0523,2025-01,2.5391021043900794,3.2556808098310714,0,0
C0524,2025-01,3.860892419748944,4.073898764471416,0,0
C0525,2025-01,3.123050840088709,2.868325783104742,0,0
C0526,2025-01,2.951100514394961,3.7909484036873016,0,0
C0527,2025-01,2.5084465529069355,2.0378301650033883,0,0
C0528,2025-01,3.288149558213296,3.6570692054762,0,0
C0529,2025-01,3.4261401715944557,3.598587110764261,0,0
C0530,2025-01,2.595962373952001,2.435244868798537,0,0
C0531,2025-01,2.60710259546936,3.4171684448405157,0,0
C0532,2025-01,3.411570744585779,2.5041987690203777,0,0
C0533,2025-01,2.7542935140266644,3.2180211637261764,0,0
C0534,2025-01,3.21056427044899,3.347851441523293,0,0
C0535,2025-01,3.803907387067709,3.096970192904462,0,0
C0536,2025-01,3.2571045394490303,3.7929777582299327,0,0
C0537,2025-01,2.393258422854905,3.0664744509420347,0,0
C0538,2025-01,3.152703033500196,3.261264975599178,0,0
C0539,2025-01,3.568675327598526,3.7421529956987554,0,0
C0540,2025-01,3.1017614609202733,3.129698917994145,1,0
C0541,2025-01,3.0226893361489777,3.0276782942250184,0,0
C0542,2025-01,2.6969444739348805,3.304161233097621,0,0
C0543,2025-01,2.6073809326224247,3.124583910385439,0,0
C0544,2025-01,3.639267581397556,3.881013354700773,0,0
C0545,2025-01,2.740557720882001,2.998599935197339,0,0
C0546,2025-01,2.310844406661454,3.3008870717881305,0,0
C0547,2025-01,2.753135983739914,2.6895373053710507,0,0
C0548,2025-01,3.160230793650625,2.371127239001445,0,0
C0549,2025-01,3.3318085431282745,3.676144629223937,0,0
C0550,2025-01,3.6854561982050935,2.8017806025383285,0,0
C0551,2025-01,3.2768335586734025,3.327867305204588,0,0
C0552,2025-01,3.19205505633755,3.741574288187987,0,0
C0553,2025-01,3.14284015740814,3.233074785462045,0,0
C0554,2025-01,3.21670258800941,3.467869343891829,0,0
C0555,2025-01,2.557402894023979,2.324198229570927,0,0
C0556,2025-01,3.2875240960473917,3.8714532857385895,0,0
C0557,2025-01,3.0503650162379805,3.4992099275581228,0,0
C0558,2025-01,3.919274957674539,2.8288924654975123,0,0
C0559,2025-01,1.7184682620651657,2.620853206863904,0,0
C0560,2025-01,3.54896551049866,4.146716147760692,0,0
C0561,2025-01,3.323548629987962,3.13641972383342,0,0
C0562,2025-01,3.227641545174371,2.866308650766815,0,0
C0563,2025-01,2.5788971150419746,3.136696616167728,0,0
C0564,2025-01,2.6291823358135686,3.5709026185059325,0,0
C0565,2025-01,3.3128342914054585,3.307603784242064,0,0
C0566,2025-01,3.5770585437374978,3.365394684321712,0,0
C0567,2025-01,2.85423232811448,3.087352597989882,0,0
C0568,2025-01,3.757666454750926,3.8213399862997504,0,0
C0569,2025-01,2.5526420800452128,2.8876188444633266,0,0
C0570,2025-01,3.2641733421852472,4.142174166558444,0,0
C0571,2025-01,3.1017614609202733,2.878939821167972,1,0
C0572,2025-01,2.633179615450703,3.551425041915422,0,0
C0573,2025-01,4.026606686620507,3.409758197920176,0,0
C0574,2025-01,2.65597802318966,2.9880357883454307,0,0
C0575,2025-01,2.659218154973692,2.4865596631979314,0,0
C0576,2025-01,3.047695610600809,3.1567210594017823,0,0
C0577,2025-01,3.513949038671432,3.371614026834751,0,0
C0578,2025-01,2.977976138626733,2.7254162173244336,0,0
C0579,2025-01,2.764909549258897,3.299161158032152,0,1
C0580,2025-01,4.0234563424763685,3.523269826679473,0,0
C0581,2025-01,2.988102846671039,3.2499757375552965,0,0
C0582,2025-01,3.6413902632290016,3.2810653250503106,0,0
C0583,2025-01,3.180394457931629,2.993526735610493,0,0
C0584,2025-01,3.294234488217514,3.539372759526138,0,0
C0585,2025-01,2.853541850443707,3.566945524659197,0,0
C0586,2025-01,4.130808313373886,3.5099164190489405,0,0
C0587,2025-01,3.548025214930735,3.2323573631205447,0,0
C0588,2025-01,3.9455716270345063,2.922088115924287,0,0
C0589,2025-01,3.0496290767055774,3.696432425342665,0,0
C0590,2025-01,1.96481194855511,3.1168845720255525,0,0
C0591,2025-01,2.6522805571413373,2.4939228310879265,0,0
C0592,2025-01,4.023414739381507,2.993287681125194,0,0
C0593,2025-01,2.698795297722434,3.2186949784359977,0,0
C0594,2025-01,3.602256788245319,3.294439102996787,0,0
C0595,2025-01,2.6041514376201382,2.484969640389392,0,0
C0596,2025-01,3.0800683421661645,3.3577442330852136,0,0
C0597,2025-01,3.306540153024846,3.232757513441297,0,0
C0598,2025-01,3.992224620976727,3.472928483716736,0,0
C0599,2025-01,3.964062217971872,4.667315531581879,0,0
C0600,2025-01,2.1600477920421945,3.3393479088717606,0,0
C0601,2025-01,3.320754756299731,2.750347181153894,0,0
C0602,2025-01,2.72624066956171,3.3630610144201523,0,0
C0603,2025-01,2.721438298183679,3.240379186621798,0,0
C0604,2025-01,3.191742037093116,3.480030474273437,0,0
C0605,2025-01,3.7773389064784695,3.839553512556801,0,0
C0606,2025-01,3.1017614609202733,4.114830698780349,1,0
C0607,2025-01,3.3540404458010005,3.60807875724176,0,0
C0608,2025-01,3.1575603375230346,3.212600713821024,0,0
C0609,2025-01,4.091792140072485,4.236468989592844,0,0
C0610,2025-01,3.1017614609202733,2.8051970158374893,1,0
C0611,2025-01,3.823575916444442,3.234028354162276,0,0
C0612,2025-01,2.6724933004175693,3.1170118704797,0,0
C0613,2025-01,3.0127745277026263,2.265704116409773,0,0
C0614,2025-01,3.1621442482594184,4.0624434227113415,0,0
C0615,2025-01,2.7493704758333126,3.720940714762026,0,0
C0616,2025-01,3.1534981181391006,2.214913863883208,0,0
C0617,2025-01,3.3905300951304493,3.8643363291714334,0,0
C0618,2025-01,2.6471299685274605,2.818231154728578,0,0
C0619,2025-01,2.821621297920543,3.509036904750065,0,0
C0620,2025-01,3.1017614609202733,3.627969627623731,1,0
C0621,2025-01,4.167702497166864,2.829011951040302,0,0
C0622,2025-01,3.713258319106379,3.354498884249728,0,0
C0623,2025-01,3.3410841386386565,3.043952618900978,0,0
C0624,2025-01,2.484320010517636,2.918481606474756,0,0
C0625,2025-01,3.643646063023114,3.87919026643412,0,0
C0626,2025-01,3.240444678568448,3.3129018131497943,0,0
C0627,2025-01,3.1017614609202733,3.7855015618235983,1,0
C0628,2025-01,2.3699049569124,2.949665010939647,0,0
C0629,2025-01,3.235852018365496,2.69557040459826,0,0
C0630,2025-01,3.818218189825768,3.569303458313875,0,0
C0631,2025-01,2.7404763963290515,3.039999597585024,0,0
C0632,2025-01,3.155127227922605,2.9510611195436973,0,0
C0633,2025-01,2.6684169559264874,3.451119457454316,0,0
C0634,2025-01,2.9976345667716995,3.299161158032152,0,1
C0635,2025-01,2.890037762928117,3.297350990074689,0,0
C0636,2025-01,3.390054319209166,3.1370461342860856,0,0
C0637,2025-01,3.1017614609202733,3.741189190715256,1,0
C0638,2025-01,3.242159568446504,3.1140833387590443,0,0
C0639,2025-01,3.7299134801419904,3.7510169424356663,0,0
C0640,2025-01,3.787300510674089,3.6188597735071046,0,0
C0641,2025-01,3.1017614609202733,3.760721520929893,1,0
C0642,2025-01,3.56403942759484,3.4743047471742807,0,0
C0643,2025-01,2.5673932680356497,3.126750045686687,0,0
C0644,2025-01,3.189927129716231,3.299161158032152,0,1
C0645,2025-01,2.972922391823552,2.952885461598292,0,0
C0646,2025-01,2.649437175426074,3.404979838516791,0,0
C0647,2025-01,3.1346655379399664,2.780349728705769,0,0
C0648,2025-01,3.1119442376867337,3.499233738203405,0,0
C0649,2025-01,2.9024405874689148,3.649560763185359,0,0
C0650,2025-01,3.630316861672872,3.1035044588589646,0,0
C0651,2025-01,3.276014377607821,3.101780098023564,0,0
C0652,2025-01,3.519569389834806,3.1675107985537654,0,0
C0653,2025-01,3.973937214358057,2.930617807196916,0,0
C0654,2025-01,3.468849071325766,3.6089138548673048,0,0
C0655,2025-01,3.147313919762576,3.4512514303707267,0,0
C0656,2025-01,2.463575110965557,2.831972365415653,0,0
C0657,2025-01,2.7853293185511023,3.08032291856429,0,0
C0658,2025-01,2.189083722652521,2.6521244261378367,0,0
C0659,2025-01,3.1017614609202733,3.7660885293682655,1,0
C0660,2025-01,3.1017614609202733,3.920477575718332,1,0
C0661,2025-01,3.1017614609202733,2.771418359523493,1,0
C0662,2025-01,2.1933432742128325,3.461841645648713,0,0
C0663,2025-01,3.1555017682548074,3.397108336641206,0,0
C0664,2025-01,3.772113517423385,3.852326717966844,0,0
C0665,2025-01,3.3273968905231257,2.5247337142945456,0,0
C0666,2025-01,3.714987675911005,3.623594313129328,0,0
C0667,2025-01,3.1017614609202733,3.4970104524992034,1,0
C0668,2025-01,3.1091979769777898,3.4405817312474904,0,0
C0669,2025-01,1.9885163408347224,3.199932910155811,0,0
C0670,2025-01,2.5884822550556903,3.294659945962023,0,0
C0671,2025-01,3.0155120251063234,3.060282689755634,0,0
C0672,2025-01,3.20212300117221,4.008199912013936,0,0
C0673,2025-01,2.989557617450364,3.200634586944898,0,0
C0674,2025-01,2.9808980098571105,3.601617546465436,0,0
C0675,2025-01,3.035199285229796,3.807578849078976,0,0
C0676,2025-01,3.7195621813215167,4.056719826422391,0,0
C0677,2025-01,3.9343878099719167,3.078033570764572,0,0
C0678,2025-01,4.041748534955163,3.727043574612039,0,0
C0679,2025-01,4.014415912885996,3.5659685217472386,0,0
C0680,2025-01,2.73220418871281,2.8796744446770863,0,0
C0681,2025-01,2.9503667848777635,3.0901045380788594,0,0
C0682,2025-01,2.869588830764532,4.138437932650035,0,0
C0683,2025-01,3.3071604029182917,3.09063075233092,0,0
C0684,2025-01,3.0297721647303115,3.1235939060611653,0,0
C0685,2025-01,2.6948031538802453,3.2103600605676417,0,0
C0686,2025-01,3.4216193541513285,2.7877039403911867,0,0
C0687,2025-01,2.9145063620485145,3.1519466675246144,0,0
C0688,2025-01,3.1839363262721334,3.299161158032152,0,1
C0689,2025-01,3.094554898476147,3.290819082568688,0,0
C0690,2025-01,3.414254122349985,3.2841046156944564,0,0
C0691,2025-01,3.2902737999916343,3.9771470363603454,0,0
C0692,2025-01,3.739393954323566,3.265898028502524,0,0
C0693,2025-01,2.238645002344936,2.959553153893865,0,0
C0694,2025-01,3.353299413476832,3.807144591651453,0,0
C0695,2025-01,3.3264223231342784,2.9857822853006994,0,0
C0696,2025-01,2.968309577512408,3.979982360014624,0,0
C0697,2025-01,3.5068809047923253,2.963167369336277,0,0
C0698,2025-01,3.888906147637012,3.959611782018871,0,0
C0699,2025-01,3.0900268268355013,4.11048259669165,0,0
C0700,2025-01,3.766350203149045,3.007213777072138,0,0
C0701,2025-01,2.5265816134435397,3.191068662199809,0,0
C0702,2025-01,3.2482500709974835,3.152002059874035,0,0
C0703,2025-01,2.6237092823407884,3.4815233503560266,0,0
C0704,2025-01,2.9673936007590624,3.039613171078553,0,0
C0705,2025-01,3.032097410979464,3.1719198752969744,0,0
C0706,2025-01,2.6031868147334354,2.8925475408960817,0,0
C0707,2025-01,1.5699112087223983,2.6247067625586653,0,0
C0708,2025-01,3.2616410028306184,2.7810913577064564,0,0
C0709,2025-01,3.604862557863629,3.4881612553226065,0,0
C0710,2025-01,2.848346653783418,3.1849436430540554,0,0
C0711,2025-01,2.8742830117203764,2.889627208090652,0,0
C0712,2025-01,2.85180929767599,3.2602388910541724,0,0
C0713,2025-01,2.3799232480885903,3.08573677964966,0,0
C0714,2025-01,2.446594435863017,3.968946761533224,0,0
C0715,2025-01,3.704493024991886,3.474681695440059,0,0
C0716,2025-01,3.403813268840723,3.583189951650636,0,0
C0717,2025-01,3.368678358197628,2.623017554544699,0,0
C0718,2025-01,3.509841678260685,3.64170857149812,0,0
C0719,2025-01,3.49858998239994,3.5796458835529914,0,0
C0720,2025-01,3.4446196273994167,3.299161158032152,0,1
C0721,2025-01,2.7494062162376625,3.0868816038173463,0,0
C0722,2025-01,3.0946065919317376,3.1446677823227174,0,0
C0723,2025-01,3.185345213201854,3.7912775619968273,0,0
C0724,2025-01,3.0502144121850585,2.8846779418675776,0,0
C0725,2025-01,3.6903903499393778,3.648905482046581,0,0
C0726,2025-01,3.619623404725208,3.259369193410674,0,0
C0727,2025-01,1.9827213814056048,3.1410834110330828,0,0
C0728,2025-01,2.9606231355475168,3.190914094365352,0,0
C0729,2025-01,3.011856705939151,3.36936915905659,0,0
C0730,2025-01,3.790887120772156,4.112981069784087,0,0
C0731,2025-01,2.3425262137012037,3.3460411494376388,0,0
C0732,2025-01,1.315783276651251,2.532783922038365,0,0
C0733,2025-01,3.344834742031032,3.015137576000701,0,0
C0734,2025-01,3.4185427124606176,2.740144238311748,0,0
C0735,2025-01,2.181951839249604,2.441643673414576,0,0
C0736,2025-01,3.177025726253436,2.953372887810981,0,0
C0737,2025-01,3.777093400300282,3.3378187833418447,0,0
C0738,2025-01,2.395002199098801,3.614135819024352,0,0
C0739,2025-01,2.6440523837273315,3.252601947744646,0,0
C0740,2025-01,3.162838652833735,2.6905673524606044,0,0
C0741,2025-01,2.575251934242241,3.0855498924406395,0,0
C0742,2025-01,2.6759497635546707,2.7731296460212587,0,0
C0743,2025-01,2.423582815388412,2.342431049306396,0,0
C0744,2025-01,3.071507973566683,3.273430072110881,0,0
C0745,2025-01,2.6663154163791365,3.552201923341784,0,0
C0746,2025-01,3.0450870111312724,3.067158017697774,0,0
C0747,2025-01,3.457296218427061,2.8565399328859566,0,0
C0748,2025-01,3.6317710971710526,2.879174599968142,0,0
C0749,2025-01,3.930648812123481,2.9739034747186097,0,0
C0750,2025-01,3.1031557660934537,3.527813191531848,0,0
C0751,2025-01,2.798036398124859,3.085088786098339,0,0
C0752,2025-01,2.960257054283543,3.5796138289734456,0,0
C0753,2025-01,3.204365000175001,3.74617888120274,0,0
C0754,2025-01,3.491373238612737,3.5633410408791737,0,0
C0755,2025-01,2.6667630914842406,2.736782573805077,0,0
C0756,2025-01,3.326491489542956,3.019766949352664,0,0
C0757,2025-01,2.677070960532532,2.7949498191261526,0,0
C0758,2025-01,2.522338443527181,3.213615918014383,0,0
C0759,2025-01,3.291238391189279,3.1805742622658357,0,0
C0760,2025-01,3.3525822058441315,2.1354273381972817,0,0
C0761,2025-01,2.2145693663953407,3.4735408904117446,0,0
C0762,2025-01,2.968566518318759,3.5789038762887118,0,0
C0763,2025-01,2.7381799740789035,2.9744074742153552,0,0
C0764,2025-01,3.838566075884303,3.6760453582419066,0,0
C0765,2025-01,3.324445506962653,3.027171576335129,0,0
C0766,2025-01,2.2741212633260104,2.6319295373864136,0,0
C0767,2025-01,3.585285000687536,4.1919519267539,0,0
C0768,2025-01,3.577365801137355,3.487117470083616,0,0
C0769,2025-01,2.231248989494645,3.201960327124225,0,0
C0770,2025-01,3.87628971772204,3.299161158032152,0,1
C0771,2025-01,2.9353822220748493,3.547414855793224,0,0
C0772,2025-01,3.5301189730978777,3.2888416912652576,0,0
C0773,2025-01,3.1017614609202733,2.8812120843174336,1,0
C0774,2025-01,2.4148448561870453,3.975778010638395,0,0
C0775,2025-01,3.863098144611115,3.4652690034279257,0,0
C0776,2025-01,2.670323937678781,3.7433285385213377,0,0
C0777,2025-01,2.5199298460551813,3.0500788047930456,0,0
C0778,2025-01,2.63965660106126,3.299161158032152,0,1
C0779,2025-01,2.98244278236914,3.789807885347999,0,0
C0780,2025-01,3.4779602052496594,3.6007294413384465,0,0
C0781,2025-01,3.1017614609202733,3.299161158032152,1,1
C0782,2025-01,3.6163980207883855,2.9234904658997185,0,0
C0783,2025-01,3.0756812648163083,2.499255407669732,0,0
C0784,2025-01,2.372540754215965,3.3339984248955874,0,0
C0785,2025-01,3.099938145618654,3.299161158032152,0,1
C0786,2025-01,3.441395175756789,3.984189584482383,0,0
C0787,2025-01,2.8465454709526394,3.7214403637750992,0,0
C0788,2025-01,4.199277741212975,3.463203359311949,0,0
C0789,2025-01,3.4428416833253244,3.328961038381845,0,0
C0790,2025-01,3.65584818269037,2.956561673385601,0,0
C0791,2025-01,3.415775575996924,3.61445121910416,0,0
C0792,2025-01,2.6670596377041327,3.0604935706194936,0,0
C0793,2025-01,3.725228746647443,3.844517220934512,0,0
C0794,2025-01,3.3014851362779494,3.823408785993161,0,0
C0795,2025-01,2.814427623207131,3.042725021599201,0,0
C0796,2025-01,2.7190554145515757,3.118849470294854,0,0
C0797,2025-01,2.855090886484867,4.060092639943367,0,0
C0798,2025-01,3.1781844618332675,3.372513072294933,0,0
C0799,2025-01,3.2351116976625267,3.302162729666672,0,0
C0800,2025-01,2.959720956830761,3.744190357409784,0,0
H0001,2025-02,2.9117428302801187,3.25497358480448,0,0
H0002,2025-02,3.1017614609202733,3.334398902565482,1,0
H0003,2025-02,3.1017614609202733,2.9380396646333136,1,0
H0004,2025-02,3.10275570243823,3.520945257518304,0,0
H0005,2025-02,3.5353820662910587,3.348559515543494,0,0
H0006,2025-02,2.342727017228724,3.4260042611624275,0,0
H0007,2025-02,2.8646022949271277,3.072618281249736,0,0
H0008,2025-02,3.2585651022653632,3.299161158032152,0,1
H0009,2025-02,3.1212982234404048,3.24996096358548,0,0
H0010,2025-02,2.7220893099813663,3.346699648210372,0,0
H0011,2025-02,3.1960386487975763,2.5838937847426298,0,0
H0012,2025-02,2.774805688478236,4.031617483169357,0,0
H0013,2025-02,3.305474464794941,2.76493853468744,0,0
H0014,2025-02,3.1017614609202733,3.475622363462819,1,0
H0015,2025-02,3.4122047594092564,3.698862863699872,0,0
H0016,2025-02,3.279128132045663,3.599898196524596,0,0
H0017,2025-02,3.1017614609202733,3.145877710135468,1,0
H0018,2025-02,3.147115103486427,4.062961749379512,0,0
H0019,2025-02,3.905899505906449,2.982554633221889,0,0
H0020,2025-02,2.820075988050596,3.149266543795316,0,0
H0021,2025-02,2.7352633829265733,2.5684641197760425,0,0
H0022,2025-02,2.934969341940356,3.6915324901152218,0,0
H0023,2025-02,2.8764756089651238,3.433594677610049,0,0
H0024,2025-02,2.6233063825258967,3.26454418150664,0,0
H0025,2025-02,3.027647386804614,3.0619061179168967,0,0
H0026,2025-02,3.2795404457289283,3.4514573842497698,0,0
H0027,2025-02,2.763298552886253,3.280024341120144,0,0
H0028,2025-02,3.994489311375703,3.9280506555701207,0,0
H0029,2025-02,3.387853282216218,3.4952799718303624,0,0
H0030,2025-02,3.614459257688583,2.853907831909952,0,0
H0031,2025-02,3.088689614595775,2.260110074113176,0,0
H0032,2025-02,3.049802119800917,4.141843536784814,0,0
H0033,2025-02,3.232572649442937,3.239882287221052,0,0
H0034,2025-02,2.974780394812493,3.0603761467284967,0,0
H0035,2025-02,3.015846625612278,3.523789451024004,0,0
H0036,2025-02,3.215703716951503,3.538427586426808,0,0
H0037,2025-02,2.9488391804947254,2.769764284192449,0,0
H0038,2025-02,3.255585859833628,2.7217238062472524,0,0
H0039,2025-02,3.497162166037855,3.831920616114596,0,0
H0040,2025-02,2.9394516445239964,3.388606455297304,0,0
H0041,2025-02,3.5398723824305733,3.217099329545915,0,0
H0042,2025-02,3.158240667060633,3.365786601060444,0,0
H0043,2025-02,2.979317834153908,3.203255225567629,0,0
H0044,2025-02,3.4123346957016567,3.4240381928834287,0,0
H0045,2025-02,3.365714358641621,3.3841584613744016,0,0
H0046,2025-02,3.2829408238705597,3.045744829106619,0,0
H0047,2025-02,2.6560548784930504,3.491565038442773,0,0
H0048,2025-02,3.3864462620161118,3.641850825188764,0,0
H0049,2025-02,2.864299337154369,3.4218201600260505,0,0
H0050,2025-02,3.1017614609202733,3.773166137760725,1,0
H0051,2025-02,4.045345827412656,3.709004363314809,0,0
H0052,2025-02,3.144017140645775,3.2414404667227594,0,0
H0053,2025-02,3.0347100213417466,3.183537465906298,0,0
H0054,2025-02,2.745857768220335,2.8697326982906524,0,0
H0055,2025-02,2.9350838055745814,3.3105455737467286,0,0
H0056,2025-02,2.642616540831116,2.8438223228712918,0,0
H0057,2025-02,2.583873915553796,3.4583832552922606,0,0
H0058,2025-02,2.0169042223920908,3.599301395247898,0,0
H0059,2025-02,2.7957418575465165,3.30741137688049,0,0
H0060,2025-02,3.1017614609202733,3.1188482064864,1,0
H0061,2025-02,2.8769544438965653,3.322876300834218,0,0
H0062,2025-02,2.564504715367305,3.452620981856902,0,0
H0063,2025-02,3.208022486206404,2.683915569353081,0,0
H0064,2025-02,3.1913335726687064,3.336703249620621,0,0
H0065,2025-02,3.544613024787628,3.523834324138626,0,0
H0066,2025-02,3.5402069902665705,3.1868724747880743,0,0
H0067,2025-02,3.558048926304121,3.357521247516076,0,0
H0068,2025-02,3.447513364543691,2.564658740535253,0,0
H0069,2025-02,2.9125178391873177,3.624417612950432,0,0
H0070,2025-02,3.1434969080826822,3.7123953838914776,0,0
H0071,2025-02,3.410510199360317,3.6720325421636937,0,0
H0072,2025-02,3.48999378738234,3.299161158032152,0,1
H0073,2025-02,2.662412256146209,2.414262066720253,0,0
H0074,2025-02,4.028215646735635,3.530044323478811,0,0
H0075,2025-02,3.1271586315976663,3.299161158032152,0,1
H0076,2025-02,3.286850397878444,3.447521179289578,0,0
H0077,2025-02,3.559398838726768,2.948286797935578,0,0
H0078,2025-02,2.7943454243660244,3.253849128804795,0,0
H0079,2025-02,3.3318710400877363,2.942054804511636,0,0
H0080,2025-02,3.1017614609202733,2.8864475862994405,1,0
H0081,2025-02,3.287748706562232,3.632224744808012,0,0
H0082,2025-02,2.4878522306881954,3.169147819441585,0,0
H0083,2025-02,3.0424544883070945,2.7686353132373807,0,0
H0084,2025-02,3.1017614609202733,3.0991481790287856,1,0
H0085,2025-02,2.297419322918439,3.026341831717852,0,0
H0086,2025-02,3.1202009721698087,3.0810001096742154,0,0
H0087,2025-02,3.0874481289913915,3.603874786658392,0,0
H0088,2025-02,2.8319775871313566,3.150018901069478,0,0
H0089,2025-02,3.663823564576656,3.993886562202918,0,0
H0090,2025-02,3.48975906392406,2.8061338151638715,0,0
H0091,2025-02,4.193997254510631,3.776440112895715,0,0
H0092,2025-02,3.146430434044046,3.263826958521146,0,0
H0093,2025-02,3.520409085266887,3.299161158032152,0,1
H0094,2025-02,2.5447312479023902,3.042859078811801,0,0
H0095,2025-02,3.0124929620230145,4.344815926836202,0,0
H0096,2025-02,2.761737009987771,3.136994989387083,0,0
H0097,2025-02,2.910109846390714,4.003585357110412,0,0
H0098,2025-02,3.1017614609202733,4.101532107852123,1,0
H0099,2025-02,3.983635297163009,3.2266307552507603,0,0
H0100,2025-02,3.18393611683524,2.85169537596274,0,0
H0101,2025-02,3.5756269011467205,3.2648907723998475,0,0
H0102,2025-02,3.1017614609202733,3.2356626080379627,1,0
H0103,2025-02,3.20354883606837,3.2165749191679245,0,0
H0104,2025-02,2.98281629289938,3.0234367483594657,0,0
H0105,2025-02,2.4321240099422337,3.9357819432878296,0,0
H0106,2025-02,3.1017614609202733,3.092635916977183,1,0
H0107,2025-02,2.7471164302931594,3.49809464007728,0,0
H0108,2025-02,3.082536344341205,3.63762978751324,0,0
H0109,2025-02,3.179415808963292,3.557443093582068,0,0
H0110,2025-02,3.22630466277218,4.063609957336832,0,0
H0111,2025-02,3.2240737218927777,3.523532731899192,0,0
H0112,2025-02,3.9294059687157,4.6940149537049045,0,0
H0113,2025-02,3.443965031538216,3.763195961650582,0,0
H0114,2025-02,2.7475778479866926,2.9623797662146227,0,0
H0115,2025-02,3.9565248471334415,4.2560702839276265,0,0
H0116,2025-02,2.44152093393298,3.232286348886534,0,0
H0117,2025-02,3.2910723008021447,3.68887080423566,0,0
H0118,2025-02,2.802904251798321,3.071792730985589,0,0
H0119,2025-02,2.040210124921288,2.6422949082297484,0,0
H0120,2025-02,3.1518085523170747,3.169092430213424,0,0
H0121,2025-02,2.6970667167638527,3.652598970022799,0,0
H0122,2025-02,3.5761970451237337,3.0011587718152146,0,0
H0123,2025-02,3.70377880134982,3.683527173133669,0,0
H0124,2025-02,2.370243375385473,2.7762142220797457,0,0
H0125,2025-02,3.9514358282616486,3.825285384160022,0,0
H0126,2025-02,2.1381862661952478,3.0527933674949383,0,0
H0127,2025-02,3.4793604002366565,3.558572441827982,0,0
H0128,2025-02,3.9984925495856527,3.3955684763943363,0,0
H0129,2025-02,2.5454640727014453,2.9131913658838045,0,0
H0130,2025-02,3.785223157244821,2.2952375049067726,0,0
H0131,2025-02,3.2762559882314988,2.8718795812063647,0,0
H0132,2025-02,3.386602056651984,3.2943033208161467,0,0
H0133,2025-02,3.9114520424803536,3.730998003836756,0,0
H0134,2025-02,3.4689162677747505,4.202277743049114,0,0
H0135,2025-02,2.420977227189476,3.0184526190321166,0,0
H0136,2025-02,1.4477341603561684,2.863144323479758,0,0
H0137,2025-02,2.7132661433926035,2.8166259532768856,0,0
H0138,2025-02,2.6815229616065075,3.625173734082426,0,0
H0139,2025-02,2.6278140684817703,3.4882275064495363,0,0
H0140,2025-02,2.799067047189774,3.4645148395744108,0,0
H0141,2025-02,2.0403875334055277,3.635051061920751,0,0
H0142,2025-02,2.7132061760273243,3.283580375288212,0,0
H0143,2025-02,3.302197616425295,3.299161158032152,0,1
H0144,2025-02,3.6351984092458025,3.048204345221504,0,0
H0145,2025-02,2.690145476637792,3.0376237079669552,0,0
H0146,2025-02,3.720138088298976,3.1684237567716,0,0
H0147,2025-02,1.9088742330967683,3.225433156502937,0,0
H0148,2025-02,2.7734440183013134,2.591526755938112,0,0
H0149,2025-02,3.3431682873340414,2.790519181514894,0,0
H0150,2025-02,3.385026857219538,2.867147147968616,0,0
H0151,2025-02,2.896706869114575,2.7465220239105848,0,0
H0152,2025-02,1.932899643103035,2.639298592214034,0,0
H0153,2025-02,4.090169085695069,3.567203718087433,0,0
H0154,2025-02,3.878915561927374,2.8710931878361534,0,0
H0155,2025-02,3.408828799047185,3.938634653439324,0,0
H0156,2025-02,3.409136104728169,3.4208259343815053,0,0
H0157,2025-02,3.287407029651592,3.4936239705175267,0,0
H0158,2025-02,3.267218301388231,3.3721477618486206,0,0
H0159,2025-02,3.388362402693,3.299161158032152,0,1
H0160,2025-02,3.067202256074218,3.098237576562685,0,0
H0161,2025-02,3.1661592328715744,3.608145245180345,0,0
H0162,2025-02,3.400550386755391,3.6483841104033328,0,0
H0163,2025-02,4.411015898254624,4.170980023619981,0,0
H0164,2025-02,3.902861547948816,3.208373955751333,0,0
H0165,2025-02,3.2719821202173134,4.23491306991823,0,0
H0166,2025-02,3.2945790606691734,2.8263782874327354,0,0
H0167,2025-02,3.2679449205031217,2.406561336104707,0,0
H0168,2025-02,1.855484849485293,3.796777403975105,0,0
H0169,2025-02,3.4026937148844785,3.903106157842738,0,0
H0170,2025-02,2.8539158439970302,3.241786271924411,0,0
H0171,2025-02,2.7842177792316045,3.826265195589198,0,0
H0172,2025-02,3.505359351687728,2.966996536773392,0,0
H0173,2025-02,3.5870336782873684,2.9249826522615248,0,0
H0174,2025-02,1.8942511608134625,3.0951574582240395,0,0
H0175,2025-02,3.167362754120334,2.9870487181513927,0,0
H0176,2025-02,4.183828360201665,3.357449232570265,0,0
H0177,2025-02,2.8733969756931583,3.095800567623165,0,0
H0178,2025-02,2.4621523999608472,2.9074629913369385,0,0
H0179,2025-02,3.1017614609202733,2.8719995584111087,1,0
H0180,2025-02,3.2044225811800287,3.505330904777009,0,0
H0181,2025-02,2.522748412257509,3.300466660023869,0,0
H0182,2025-02,2.474370055201924,3.299161158032152,0,1
H0183,2025-02,3.907427916380477,2.353304869168196,0,0
H0184,2025-02,3.269395163801502,2.962104492870024,0,0
H0185,2025-02,2.6577469351885434,2.7150433327995973,0,0
H0186,2025-02,3.6891280119700105,3.63284797195319,0,0
H0187,2025-02,2.977689139236708,2.742174420759529,0,0
H0188,2025-02,3.255501987481828,2.733232306823824,0,0
H0189,2025-02,3.1667343458511663,3.5477164521078253,0,0
H0190,2025-02,3.156696440716224,3.5983480606865514,0,0
H0191,2025-02,2.81592965379212,4.109096122797384,0,0
H0192,2025-02,3.6751310697322768,3.025141455622709,0,0
H0193,2025-02,3.1017614609202733,3.2345456475917285,1,0
H0194,2025-02,3.1017614609202733,2.922675245361891,1,0
H0195,2025-02,3.3284128649730342,2.837809430758261,0,0
H0196,2025-02,2.863212400754566,3.3503954147026933,0,0
H0197,2025-02,3.155501341086133,2.707631117343673,0,0
H0198,2025-02,3.916020880671655,3.3782313394384045,0,0
H0199,2025-02,3.3974583571392296,3.580183233850806,0,0
H0200,2025-02,2.8202097993782416,3.2696522902977234,0,0
H0201,2025-02,2.9023304184275034,3.844227803800168,0,0
H0202,2025-02,3.141040147279801,3.366138869723668,0,0
H0203,2025-02,2.988867018435563,3.511332695554705,0,0
H0204,2025-02,2.992381964516192,3.430741511136244,0,0
H0205,2025-02,3.828224474781094,3.8096071916876943,0,0
H0206,2025-02,2.7007160942984734,3.667285511597985,0,0
H0207,2025-02,3.737043127328195,3.0629667703548424,0,0
H0208,2025-02,2.7700194457073257,2.871048680256002,0,0
H0209,2025-02,3.748348307070877,3.642017088454157,0,0
H0210,2025-02,3.753500810372461,3.561599168566341,0,0
H0211,2025-02,2.0366093342073004,2.5632643870236063,0,0
H0212,2025-02,3.0001836685931007,3.5444237355055197,0,0
H0213,2025-02,2.5312777827326087,3.299161158032152,0,1
H0214,2025-02,3.1017614609202733,3.910791861918158,1,0
H0215,2025-02,2.8652724841766197,2.9078758527251187,0,0
H0216,2025-02,3.2908268131031964,3.686744281047782,0,0
H0217,2025-02,3.1017614609202733,3.243049041079812,1,0
H0218,2025-02,3.7554861159075297,3.802319562101116,0,0
H0219,2025-02,2.271376455117992,3.3540064079863714,0,0
H0220,2025-02,3.0999127527961674,3.8090158823318414,0,0
H0221,2025-02,4.416600712098511,3.281722635594273,0,0
H0222,2025-02,2.859830877456865,3.00573907475359,0,0
H0223,2025-02,2.5426773076504325,3.859281792044112,0,0
H0224,2025-02,3.0111430198881397,3.1878098152782632,0,0
H0225,2025-02,3.2289419452265733,2.29038769762093,0,0
H0226,2025-02,2.918770199599307,3.4531190534141767,0,0
H0227,2025-02,3.570886441179073,3.3843144407856114,0,0
H0228,2025-02,2.491245638732521,2.7191115610520367,0,0
H0229,2025-02,2.743968934678178,3.715856051721284,0,0
H0230,2025-02,4.054140890548883,3.07879317160704,0,0
H0231,2025-02,3.595285379782327,3.52054779665724,0,0
H0232,2025-02,2.850080865463216,2.620655921202916,0,0
H0233,2025-02,3.38378153892491,3.114870090710807,0,0
H0234,2025-02,2.2341678316583358,3.4758635060208958,0,0
H0235,2025-02,3.2657491192658714,2.9624974399396744,0,0
H0236,2025-02,3.934129660946242,2.781285532370425,0,0
H0237,2025-02,3.0498335390041715,3.0694028610561386,0,0
H0238,2025-02,3.284796210356003,3.6143782717265553,0,0
H0239,2025-02,3.3601736383910974,3.477892974734069,0,0
H0240,2025-02,3.376417616994551,3.9131072305354646,0,0
H0241,2025-02,2.957290176590732,4.616580154938761,0,0
H0242,2025-02,3.2812796150191983,3.299161158032152,0,1
H0243,2025-02,3.05685593144144,2.56655179184657,0,0
H0244,2025-02,3.557967726581592,3.855986689564121,0,0
H0245,2025-02,2.8999793740830326,2.9725927899762974,0,0
H0246,2025-02,2.6989818571208164,3.266214049482539,0,0
H0247,2025-02,2.445799444820881,3.405955621576562,0,0
H0248,2025-02,3.534458634725743,3.60820707345704,0,0
H0249,2025-02,2.9605018519435435,3.299161158032152,0,1
H0250,2025-02,3.2948049645383337,3.998270821455154,0,0
H0251,2025-02,3.077686130664386,2.911864688188537,0,0
H0252,2025-02,3.4101947439126854,3.7971779440140647,0,0
H0253,2025-02,3.811752099507452,2.5747347321670424,0,0
H0254,2025-02,3.4778696194277483,3.4830805480639246,0,0
H0255,2025-02,2.3336508675559284,3.6028088551050064,0,0
H0256,2025-02,2.812559269400899,3.113144272983141,0,0
H0257,2025-02,2.946243564155148,3.299161158032152,0,1
H0258,2025-02,2.649741500513724,3.5509334612080834,0,0
H0259,2025-02,3.951261410432498,3.857654020677236,0,0
H0260,2025-02,3.721858675470634,2.854945013077525,0,0
H0261,2025-02,2.7343444376612207,2.9223206707102425,0,0
H0262,2025-02,3.5799189314211564,2.8120423509027965,0,0
H0263,2025-02,3.628889986388925,3.0956026690893528,0,0
H0264,2025-02,3.145874102654326,2.718601517741157,0,0
H0265,2025-02,3.551407893470145,4.116080068672062,0,0
H0266,2025-02,2.9486531697096336,3.348058066921669,0,0
H0267,2025-02,3.826006639004189,3.4813510337785027,0,0
H0268,2025-02,3.546184721685341,2.731100898198589,0,0
H0269,2025-02,3.402591257333639,4.195890102053185,0,0
H0270,2025-02,3.1944627878313305,3.159866751367642,0,0
H0271,2025-02,2.9197766092682613,3.221470230737788,0,0
H0272,2025-02,3.727012978235019,3.279981033659963,0,0
H0273,2025-02,3.307476667079756,3.394306428150354,0,0
H0274,2025-02,2.8435486595486026,3.005103203864345,0,0
H0275,2025-02,3.300531586412382,2.562203137774895,0,0
H0276,2025-02,2.8496529823434438,3.537030421754064,0,0
H0277,2025-02,3.018764008349278,3.064434958513167,0,0
H0278,2025-02,3.408264345683977,3.4626855324465184,0,0
H0279,2025-02,2.1831687013361,2.556610492938339,0,0
H0280,2025-02,3.1966337548540573,3.164035004073198,0,0
H0281,2025-02,2.622300378972665,2.9580744071343346,0,0
H0282,2025-02,2.394019310233391,3.299161158032152,0,1
H0283,2025-02,3.4027244893964124,3.498672684841643,0,0
H0284,2025-02,3.3558254774274374,3.870013789317591,0,0
H0285,2025-02,2.920251841182419,4.122074020752681,0,0
H0286,2025-02,2.4435431285093285,3.3280047270217863,0,0
H0287,2025-02,3.2371634649434697,3.2843799264402627,0,0
H0288,2025-02,2.443641844953212,2.518483945191607,0,0
H0289,2025-02,3.6551807839132606,2.761346078747482,0,0
H0290,2025-02,3.2002656792939854,3.86763834126185,0,0
H0291,2025-02,2.8634870987578043,3.158486572348648,0,0
H0292,2025-02,3.9621286668319873,3.626399552229656,0,0
H0293,2025-02,2.6306401411708937,3.1345883607928178,0,0
H0294,2025-02,2.613059408484059,3.1622477497020007,0,0
H0295,2025-02,3.1017614609202733,3.317035342289478,1,0
H0296,2025-02,3.419449635253804,4.169183237700178,0,0
H0297,2025-02,3.8012546831276,2.6788764366141726,0,0
H0298,2025-02,3.018274277521751,2.416860870010841,0,0
H0299,2025-02,3.1017614609202733,3.131258895967695,1,0
H0300,2025-02,2.645576684297274,2.9405432998880325,0,0
H0301,2025-02,3.285211146978057,3.773929964809611,0,0
H0302,2025-02,2.57244360169182,3.7267698477937663,0,0
H0303,2025-02,3.1017614609202733,3.897484690594796,1,0
H0304,2025-02,3.102404398480252,3.654748990624138,0,0
H0305,2025-02,3.493655621297345,3.3379500002641573,0,0
H0306,2025-02,3.3151828389534312,3.186348973819359,0,0
H0307,2025-02,3.393663206134784,3.5790467892133893,0,0
H0308,2025-02,3.5454447046087285,2.853111755558408,0,0
H0309,2025-02,3.4467826054526687,3.857871291725914,0,0
H0310,2025-02,2.890342925000222,3.813342961998778,0,0
H0311,2025-02,3.0899320267631927,3.058919867452549,0,0
H0312,2025-02,3.002672410177161,2.998612152484344,0,0
H0313,2025-02,4.930949733754381,3.6338600445008074,0,0
H0314,2025-02,3.063928997931745,3.946229856098769,0,0
H0315,2025-02,3.0546356689926024,2.891109294599431,0,0
H0316,2025-02,4.470911118750881,3.921451421521114,0,0
H0317,2025-02,3.341051838836273,3.2799982725113,0,0
H0318,2025-02,2.1445662511374946,3.0129645831509864,0,0
H0319,2025-02,4.1354406193898985,2.7891683280803345,0,0
H0320,2025-02,3.1184972561673683,2.889116720502895,0,0
H0321,2025-02,1.8639671453110236,2.845470491826754,0,0
H0322,2025-02,2.7802191320822747,3.1247495705297497,0,0
H0323,2025-02,3.019874348568469,3.335718266382373,0,0
H0324,2025-02,2.8277006664410598,2.7720919788693714,0,0
H0325,2025-02,3.006507804819227,3.124442974042048,0,0
H0326,2025-02,3.499252936538753,4.1121092196807165,0,0
H0327,2025-02,3.296224461948957,2.7023700117020426,0,0
H0328,2025-02,3.611998906897124,3.078569023454632,0,0
H0329,2025-02,3.6208206752248255,3.031383694398712,0,0
H0330,2025-02,2.9775445365993454,2.979843750362367,0,0
H0331,2025-02,1.937790377936253,2.471651699383287,0,0
H0332,2025-02,2.056092212939183,4.096947896677822,0,0
H0333,2025-02,3.321274180643208,2.4546866705249912,0,0
H0334,2025-02,3.036114618643629,3.299161158032152,0,1
H0335,2025-02,4.0392033780664445,3.8354760339309015,0,0
H0336,2025-02,3.154216907193142,2.343020010916597,0,0
H0337,2025-02,2.7401437227583,3.990252286769678,0,0
H0338,2025-02,2.6795379002814905,3.512485647381496,0,0
H0339,2025-02,3.1660555184420973,2.866873855361046,0,0
H0340,2025-02,2.4546675281841246,3.1883741085914963,0,0
H0341,2025-02,3.9647433549761697,3.446406166039597,0,0
H0342,2025-02,2.2962683564958004,2.439709747475717,0,0
H0343,2025-02,3.0553181414422634,3.14293686035398,0,0
H0344,2025-02,2.272446586935415,3.143351985852985,0,0
H0345,2025-02,3.745508548121624,2.871862998616432,0,0
H0346,2025-02,2.770813849639508,3.315847022219556,0,0
H0347,2025-02,3.260729969600402,3.266505689349448,0,0
H0348,2025-02,3.071448137539822,3.764275340323984,0,0
H0349,2025-02,2.7302124616062278,2.974057083523141,0,0
H0350,2025-02,3.204938782072112,3.5263095550113337,0,0
H0351,2025-02,3.225772094114597,3.5918763552869937,0,0
H0352,2025-02,3.588786844527909,2.712084737007293,0,0
H0353,2025-02,3.554021225071613,3.4503948320786804,0,0
H0354,2025-02,3.1017614609202733,2.8633132338451763,1,0
H0355,2025-02,3.236217987564749,3.027390237423147,0,0
H0356,2025-02,2.7171259550830063,3.3480190518181665,0,0
H0357,2025-02,3.0607221006075545,3.4043338856665453,0,0
H0358,2025-02,2.6669769125999268,3.3126544040822297,0,0
H0359,2025-02,3.037194992459682,3.708600051840004,0,0
H0360,2025-02,3.4072500915136783,3.474052384547697,0,0
H0361,2025-02,3.4761169915141257,3.1705469907038166,0,0
H0362,2025-02,3.737767977774638,4.0413187704304345,0,0
H0363,2025-02,3.8492371974391193,3.803292337038792,0,0
H0364,2025-02,2.9305335533851293,3.6800148764424168,0,0
H0365,2025-02,3.1017614609202733,2.8039387898017964,1,0
H0366,2025-02,3.264063647446386,3.2424638749949475,0,0
H0367,2025-02,3.5200000764771158,3.7526269554838176,0,0
H0368,2025-02,3.79867662744951,3.270561864170656,0,0
H0369,2025-02,3.596833066351705,3.720431483847748,0,0
H0370,2025-02,2.954001465214229,3.4531946877532014,0,0
H0371,2025-02,2.8047703593589666,1.8279912674579863,0,0
H0372,2025-02,3.634859098923007,2.96093107698448,0,0
H0373,2025-02,2.715530988410693,4.150585339866143,0,0
H0374,2025-02,3.12317529421067,2.4302438326358806,0,0
H0375,2025-02,3.294848701605062,2.836407829273269,0,0
H0376,2025-02,3.795433337597405,3.2905895104037564,0,0
H0377,2025-02,3.1545399212685217,2.6174872521042576,0,0
H0378,2025-02,2.402884439225994,3.1680482546737205,0,0
H0379,2025-02,3.327432133650313,2.7050391472708006,0,0
H0380,2025-02,3.1277541138966605,3.261653270975047,0,0
H0381,2025-02,3.5175060933444184,3.559359802048599,0,0
H0382,2025-02,2.7310582838253388,3.2185365083114474,0,0
H0383,2025-02,3.2548642570124864,2.90916611828845,0,0
H0384,2025-02,3.0747345271597624,3.647944159834384,0,0
H0385,2025-02,2.7244448316557985,3.24107603184272,0,0
H0386,2025-02,2.814694496789977,3.7782755348455246,0,0
H0387,2025-02,3.1017614609202733,3.241884131684982,1,0
H0388,2025-02,2.4361271897633783,3.123069220336921,0,0
H0389,2025-02,3.022370530209485,3.313325473673281,0,0
H0390,2025-02,3.231553734745483,3.686485366967597,0,0
H0391,2025-02,3.372027819280341,3.632179001340029,0,0
H0392,2025-02,3.695836481224717,3.614343918830449,0,0
H0393,2025-02,4.198739584670503,3.5551276973883565,0,0
H0394,2025-02,2.11038543623269,3.317478247568768,0,0
H0395,2025-02,3.1795282128904496,2.7633343999572584,0,0
H0396,2025-02,3.409421682442347,2.5097522102658667,0,0
H0397,2025-02,2.8164745170023697,3.025319788865291,0,0
H0398,2025-02,3.0582448654022616,2.9676076923652763,0,0
H0399,2025-02,2.5005615685953297,3.0344983152684906,0,0
H0400,2025-02,3.241956654562614,3.1431217518759578,0,0
H0401,2025-02,3.316719786552839,4.3831259140778105,0,0
H0402,2025-02,2.8588443411039224,3.1501677732019253,0,0
H0403,2025-02,3.275325058504457,2.206738551864949,0,0
H0404,2025-02,4.342661732174581,3.5907922746893526,0,0
H0405,2025-02,2.80129799247962,3.7968635745961232,0,0
H0406,2025-02,3.4820246518409075,3.619242926501101,0,0
H0407,2025-02,3.1017614609202733,3.299161158032152,1,1
H0408,2025-02,3.4430669386682924,3.0504251861928022,0,0
H0409,2025-02,3.7669799310546783,3.196486970995729,0,0
H0410,2025-02,3.5958930733136185,2.832295434235224,0,0
H0411,2025-02,2.848474146907507,2.981797193480587,0,0
H0412,2025-02,2.2109443619761926,3.0897824230989053,0,0
H0413,2025-02,3.038807222361505,3.651087374727312,0,0
H0414,2025-02,3.101830501883643,4.488995925105557,0,0
H0415,2025-02,1.9107978604949392,3.40262269517554,0,0
H0416,2025-02,3.654008827354721,3.603398323549703,0,0
H0417,2025-02,3.210396979567401,2.643267276852824,0,0
H0418,2025-02,3.071358067904772,3.119324307880131,0,0
H0419,2025-02,3.0508761004060445,4.09733870608479,0,0
H0420,2025-02,2.685202969211673,3.051738108837889,0,0
H0421,2025-02,3.4010990294439005,3.015170529436757,0,0
H0422,2025-02,3.3805238854475874,4.675984039531786,0,0
H0423,2025-02,4.333912020218683,4.024109943607379,0,0
H0424,2025-02,3.602937434593468,3.804070129851469,0,0
H0425,2025-02,3.25101581564726,3.128217482354026,0,0
H0426,2025-02,2.838313532611027,3.2578747713555343,0,0
H0427,2025-02,3.1017614609202733,4.345382176833032,1,0
H0428,2025-02,3.1017614609202733,3.937689189255888,1,0
H0429,2025-02,3.828681067659452,3.257878144643622,0,0
H0430,2025-02,2.911158802306985,2.376021448437616,0,0
H0431,2025-02,3.094773900141844,3.0923940861254926,0,0
H0432,2025-02,2.975062390263451,3.550427348839587,0,0
H0433,2025-02,3.200856089023836,4.024148568457571,0,0
H0434,2025-02,3.103083450829608,3.225849906956304,0,0
H0435,2025-02,3.1222346100951017,3.1644941192639298,0,0
H0436,2025-02,3.43613442646464,3.642863816064291,0,0
H0437,2025-02,3.2561585502170147,3.089652496943564,0,0
H0438,2025-02,2.427764355652616,2.859103930311934,0,0
H0439,2025-02,3.037520307999916,3.354417044280071,0,0
H0440,2025-02,2.710861817147614,3.0399483821859565,0,0
H0441,2025-02,3.5603200091644345,4.044472769271814,0,0
H0442,2025-02,2.877336554596897,3.5395289013047995,0,0
H0443,2025-02,3.589350124777497,3.0686751489132056,0,0
H0444,2025-02,3.042785205546433,3.2627612053894364,0,0
H0445,2025-02,3.959633832552804,4.555567161179298,0,0
H0446,2025-02,3.0506846896644344,3.299161158032152,0,1
H0447,2025-02,3.3832408287965023,2.589039982733801,0,0
H0448,2025-02,3.617742909545983,2.8662261579105257,0,0
H0449,2025-02,3.94517126967829,3.683457734968316,0,0
H0450,2025-02,3.455616711477843,3.820043424911992,0,0
H0451,2025-02,4.362711526052332,3.3277172827734125,0,0
H0452,2025-02,3.113737910917004,3.085239540604117,0,0
H0453,2025-02,2.2772270446189826,2.878460283273069,0,0
H0454,2025-02,3.419714137092473,2.904869314630929,0,0
H0455,2025-02,3.655843717496201,4.115933583762999,0,0
H0456,2025-02,3.582387023355236,3.465831814057964,0,0
H0457,2025-02,2.5977150196193275,3.349823664551256,0,0
H0458,2025-02,2.977660995820705,3.667612088020009,0,0
H0459,2025-02,2.518439612267997,3.661658621332164,0,0
H0460,2025-02,2.4635886946994043,2.9095850715667337,0,0
H0461,2025-02,3.1017614609202733,2.9935946790093557,1,0
H0462,2025-02,3.701836103972776,3.639657526193581,0,0
H0463,2025-02,2.663754882636168,3.151099737068768,0,0
H0464,2025-02,3.122267270561783,3.350436168238154,0,0
H0465,2025-02,3.0732205491807485,2.486992660505401,0,0
H0466,2025-02,2.526724497201515,3.288618338880796,0,0
H0467,2025-02,2.6172543020669075,3.761592043775299,0,0
H0468,2025-02,3.725958622234838,3.677762185411231,0,0
H0469,2025-02,2.802054501199105,2.943308152590836,0,0
H0470,2025-02,2.2134451313426853,3.945586066005336,0,0
H0471,2025-02,2.356670284814742,2.6949643018753515,0,0
H0472,2025-02,2.0585031344978475,3.231153517169681,0,0
H0473,2025-02,3.9582873783883112,3.8213403734013633,0,0
H0474,2025-02,3.045305615911447,3.50130840331476,0,0
H0475,2025-02,2.777288825264318,3.994334357770003,0,0
H0476,2025-02,3.530349063557616,3.0481658866845454,0,0
H0477,2025-02,3.688748470334602,3.065380353891397,0,0
H0478,2025-02,2.854038586676769,3.0685605500259627,0,0
H0479,2025-02,3.712725357126747,3.647120844174647,0,0
H0480,2025-02,2.987816141811304,3.242193209884113,0,0
H0481,2025-02,2.4656491896505206,3.3002680209181734,0,0
H0482,2025-02,3.791077180882956,3.086994503975503,0,0
H0483,2025-02,2.497407450723064,3.197639015319881,0,0
H0484,2025-02,3.1723153597057565,3.2899781921552806,0,0
H0485,2025-02,3.639602528630707,2.9162157364980086,0,0
H0486,2025-02,3.012034906741986,3.0081412034714163,0,0
H0487,2025-02,3.263518053810306,3.1222024007188325,0,0
H0488,2025-02,3.264979406881907,3.467333570575984,0,0
H0489,2025-02,2.3718854465148937,3.23193172618785,0,0
H0490,2025-02,3.318979047783556,2.887266189645259,0,0
H0491,2025-02,3.2529030469723965,3.075398630701827,0,0
H0492,2025-02,2.9676999670137305,4.139839987824063,0,0
H0493,2025-02,3.312868793379628,3.299161158032152,0,1
H0494,2025-02,3.60936114200304,3.141095648200768,0,0
H0495,2025-02,3.171749035522385,3.329711145053315,0,0
H0496,2025-02,2.6488033077576256,2.3710131013955245,0,0
H0497,2025-02,2.8938020853273985,3.2128758998747395,0,0
H0498,2025-02,2.959107271229834,3.695765707721056,0,0
H0499,2025-02,2.7562901879764885,3.2239787929343224,0,0
H0500,2025-02,4.25780049352611,2.811085413203162,0,0
H0501,2025-02,1.870081837997669,2.561439642723113,0,0
H0502,2025-02,2.651131653771496,2.772960296119482,0,0
H0503,2025-02,3.294781876527653,3.171334803570876,0,0
H0504,2025-02,3.4100301024109583,4.137485084389527,0,0
H0505,2025-02,2.5230049088984168,3.0503328898945963,0,0
H0506,2025-02,2.7887407856007256,3.299161158032152,0,1
H0507,2025-02,3.3131223272760137,3.450003662332139,0,0
H0508,2025-02,2.3837484518299474,2.8574769800662927,0,0
H0509,2025-02,2.350608875546832,2.170605784087923,0,0
H0510,2025-02,4.039002613236762,4.361233500519297,0,0
H0511,2025-02,3.833988185419717,3.867017241385169,0,0
H0512,2025-02,3.129974646003064,3.76612954955058,0,0
H0513,2025-02,3.8038367319271513,3.711615652597688,0,0
H0514,2025-02,3.369196982541168,3.9655052885244673,0,0
H0515,2025-02,2.876668086531746,2.793696711094924,0,0
H0516,2025-02,2.342409382613596,3.1102509257505853,0,0
H0517,2025-02,3.3690555331279928,3.4957466600588294,0,0
H0518,2025-02,3.047445127585516,4.05050131065057,0,0
H0519,2025-02,3.826770773732379,3.788904766838246,0,0
H0520,2025-02,3.1017614609202733,3.415117616442438,1,0
H0521,2025-02,3.346200393658424,3.089576908781068,0,0
H0522,2025-02,2.6795343277323047,2.7175484163459727,0,0
H0523,2025-02,2.723638737380737,3.1836369134339195,0,0
H0524,2025-02,3.2126664787636563,3.1158579976969243,0,0
H0525,2025-02,2.948210245108327,3.6375894454607938,0,0
H0526,2025-02,2.9992709123439143,3.356923139665505,0,0
H0527,2025-02,3.116519345628313,3.946357742272233,0,0
H0528,2025-02,3.0817163653032438,3.68512198421191,0,0
H0529,2025-02,2.7854727984076644,3.042527994769124,0,0
H0530,2025-02,2.137232425290236,3.833065844459468,0,0
H0531,2025-02,3.8415861556357687,2.865493349718678,0,0
H0532,2025-02,2.522857150700056,3.299161158032152,0,1
H0533,2025-02,3.0188828347805026,2.674872015228709,0,0
H0534,2025-02,2.1157570995837767,2.808904240171192,0,0
H0535,2025-02,3.2092678096578453,3.3173134130528714,0,0
H0536,2025-02,3.2587622242179446,3.07658340009779,0,0
H0537,2025-02,3.764617453618243,3.244376319564028,0,0
H0538,2025-02,3.496195030346204,3.3353276175191717,0,0
H0539,2025-02,3.4526198878917747,3.497710870330093,0,0
H0540,2025-02,2.5073115599341205,3.061116900209587,0,0
H0541,2025-02,3.1264813049086704,3.299161158032152,0,1
H0542,2025-02,3.1017614609202733,3.307947579906506,1,0
H0543,2025-02,3.201585880365664,2.971352821513093,0,0
H0544,2025-02,3.5413363871241788,2.543127557911991,0,0
H0545,2025-02,3.355813753495014,3.7624298624489594,0,0
H0546,2025-02,2.9374564581947284,3.174833625627939,0,0
H0547,2025-02,2.6583746285817296,3.128089647187255,0,0
H0548,2025-02,3.4204377196202334,3.9703023574164056,0,0
H0549,2025-02,3.1692002007034006,2.6396000857326096,0,0
H0550,2025-02,3.1826029211473146,2.80147917520931,0,0
H0551,2025-02,3.1017614609202733,3.1930596109235228,1,0
H0552,2025-02,3.20060535726191,3.2590852668374124,0,0
H0553,2025-02,2.6426856807541594,4.322230578513741,0,0
H0554,2025-02,3.1322598639756984,2.990309546460437,0,0
H0555,2025-02,3.8041672853865047,3.5814455913014784,0,0
H0556,2025-02,3.890654336555281,3.2878492903157475,0,0
H0557,2025-02,3.203442678904411,2.9682190386302496,0,0
H0558,2025-02,2.509523484834172,2.40259195219798,0,0
H0559,2025-02,3.0134145631794538,2.814192545956473,0,0
H0560,2025-02,3.640446222796049,3.242287375802666,0,0
H0561,2025-02,3.8114536052675616,4.0105987129126826,0,0
H0562,2025-02,2.4825734987008223,2.936641986587449,0,0
H0563,2025-02,2.794197247243161,2.6873259603338817,0,0
H0564,2025-02,2.152540826450828,3.299161158032152,0,1
H0565,2025-02,3.6513952256672018,3.1798338261306918,0,0
H0566,2025-02,3.0083969181927586,3.4996480752386,0,0
H0567,2025-02,3.0913427929594905,3.75221313088598,0,0
H0568,2025-02,3.93490622313013,3.371613662636768,0,0
H0569,2025-02,2.7472373238609245,2.795450275045216,0,0
H0570,2025-02,2.920198139431213,2.995638697574598,0,0
H0571,2025-02,2.8899533115491223,3.502602017901626,0,0
H0572,2025-02,2.230040087125596,2.545393584241052,0,0
H0573,2025-02,3.016135335264408,2.9567491159489387,0,0
H0574,2025-02,2.820822810491015,2.318568413434571,0,0
H0575,2025-02,2.026715663927523,3.3219086094083354,0,0
H0576,2025-02,3.4646313096366352,2.8487876900135407,0,0
H0577,2025-02,2.9397634565005744,3.003993692379404,0,0
H0578,2025-02,3.2928543955780456,3.068444312510586,0,0
H0579,2025-02,3.313571889802013,2.8405104538716754,0,0
H0580,2025-02,3.1017614609202733,3.5811135169796904,1,0
H0581,2025-02,3.805360153963029,2.991332236795889,0,0
H0582,2025-02,3.4551608066289825,4.091419996910797,0,0
H0583,2025-02,3.7046564715404617,3.96325071438226,0,0
H0584,2025-02,3.1017614609202733,3.4913234322496693,1,0
H0585,2025-02,2.396124642143579,3.1693938280578253,0,0
H0586,2025-02,2.7029960247971543,3.399548891755224,0,0
H0587,2025-02,3.052232901850279,3.554750710871686,0,0
H0588,2025-02,3.413529124998432,3.491742775350559,0,0
H0589,2025-02,3.001875089499128,4.1147236833941205,0,0
H0590,2025-02,2.240567767277654,2.9213588344138843,0,0
H0591,2025-02,2.5329183784585063,3.339735059294774,0,0
H0592,2025-02,2.81238609189184,2.476445557644472,0,0
H0593,2025-02,3.546879906415423,3.312520224344289,0,0
H0594,2025-02,3.911840546087632,3.4436674695144256,0,0
H0595,2025-02,3.783397484746557,3.617788297778648,0,0
H0596,2025-02,3.1017614609202733,3.6346713674066353,1,0
H0597,2025-02,2.544190840778501,3.624817861190605,0,0
H0598,2025-02,2.0779539674489724,2.597189930164356,0,0
H0599,2025-02,2.6535449731084904,3.410075534025832,0,0
H0600,2025-02,2.903102451219611,3.9253936981261632,0,0
C0001,2025-02,2.6752497774809205,2.6972353880466096,0,0
C0002,2025-02,3.3794049799982817,2.955256507028914,0,0
C0003,2025-02,3.291307712439159,3.249437937328033,0,0
C0004,2025-02,2.8692524903309566,2.997088397035391,0,0
C0005,2025-02,2.77048630428564,3.0792936386866216,0,0
C0006,2025-02,2.5010635730804105,3.9507610711409566,0,0
C0007,2025-02,2.837514634883534,4.337636493678802,0,0
C0008,2025-02,2.7618688146334054,3.299161158032152,0,1
C0009,2025-02,4.259131380650793,4.218169178655742,0,0
C0010,2025-02,3.6716701739656568,2.8679763600607515,0,0
C0011,2025-02,2.396886069490355,3.481202989444488,0,0
C0012,2025-02,3.223100397658176,3.299161158032152,0,1
C0013,2025-02,2.642551443339153,3.0803916537413167,0,0
C0014,2025-02,3.298505914604158,3.256823744039741,0,0
C0015,2025-02,3.092136941838848,3.821794509442667,0,0
C0016,2025-02,2.8025777695448477,3.1754706637348336,0,0
C0017,2025-02,3.69713198166758,2.7522992116557017,0,0
C0018,2025-02,3.39400047809274,2.8789931744001667,0,0
C0019,2025-02,3.742104738497018,2.831446282240418,0,0
C0020,2025-02,3.486863498489945,3.569708002701281,0,0
C0021,2025-02,2.9942137959370445,3.557713665322785,0,0
C0022,2025-02,2.323914030733422,3.299161158032152,0,1
C0023,2025-02,3.019535648531606,3.395173992063336,0,0
C0024,2025-02,2.860778168141002,2.904315398167444,0,0
C0025,2025-02,2.8644049800752205,3.367021428544436,0,0
C0026,2025-02,2.9481210607442514,4.0198776987869165,0,0
C0027,2025-02,2.7242363295483307,3.1666042275443504,0,0
C0028,2025-02,3.864267093500792,2.982531393268085,0,0
C0029,2025-02,1.924197344606524,2.960606298392131,0,0
C0030,2025-02,2.5209319236639973,3.030795919735536,0,0
C0031,2025-02,3.236497199799197,3.669184185152162,0,0
C0032,2025-02,2.100064981119165,2.730926037306586,0,0
C0033,2025-02,2.5482685626950814,3.4592325762261544,0,0
C0034,2025-02,3.9941165427109273,3.1108673874382187,0,0
C0035,2025-02,3.33252604633454,2.970243138293658,0,0
C0036,2025-02,4.533711351809164,3.589297036360581,0,0
C0037,2025-02,2.112616963546646,3.0166126748361424,0,0
C0038,2025-02,4.063751031449294,3.620138819632154,0,0
C0039,2025-02,2.2122622737125512,2.8400147421547106,0,0
C0040,2025-02,3.3235377868375977,2.667241664379575,0,0
C0041,2025-02,1.9121874011519484,3.031899129789812,0,0
C0042,2025-02,3.0937706601230004,3.278279982441044,0,0
C0043,2025-02,3.6591980245122486,3.896846020864236,0,0
C0044,2025-02,3.2114569525071075,3.5039127823044867,0,0
C0045,2025-02,2.307855660416492,3.490058790709199,0,0
C0046,2025-02,2.808029476325963,2.6161977486444643,0,0
C0047,2025-02,3.5274035188139905,3.97583699268892,0,0
C0048,2025-02,2.30861959854462,3.284677807163712,0,0
C0049,2025-02,2.9205103858102146,3.299161158032152,0,1
C0050,2025-02,3.1560151656839133,3.794462920769792,0,0
C0051,2025-02,3.1862894097930727,3.3204523806914743,0,0
C0052,2025-02,2.4208340670491046,3.84419034292528,0,0
C0053,2025-02,2.636870769107009,2.815540508308335,0,0
C0054,2025-02,3.5126696725330877,3.299161158032152,0,1
C0055,2025-02,3.1775439759317847,3.7478311835473694,0,0
C0056,2025-02,2.880854773096063,3.571480952275358,0,0
C0057,2025-02,3.4178713738562934,2.632343035595435,0,0
C0058,2025-02,3.8981941211919606,4.370037248285183,0,0
C0059,2025-02,3.174352446278139,3.765494932612599,0,0
C0060,2025-02,3.084830329864624,3.509527122708237,0,0
C0061,2025-02,3.1017614609202733,3.079807463801949,1,0
C0062,2025-02,3.913292521702864,3.2578291738199643,0,0
C0063,2025-02,3.527797923738222,3.514316869114685,0,0
C0064,2025-02,3.953037485290028,4.127241739912818,0,0
C0065,2025-02,3.0720908969961944,4.299752703060754,0,0
C0066,2025-02,3.250640514733384,3.069583395975891,0,0
C0067,2025-02,3.138804057055565,2.926440840664549,0,0
C0068,2025-02,3.432202783407622,2.952029817432652,0,0
C0069,2025-02,2.4441275238849727,3.792206706591412,0,0
C0070,2025-02,2.871927267602189,2.706278483047029,0,0
C0071,2025-02,3.5932118093975025,2.811994448562382,0,0
C0072,2025-02,3.405412718194117,3.0076147270741256,0,0
C0073,2025-02,2.9857816002874618,3.503513890373972,0,0
C0074,2025-02,3.3456877313745244,4.048153221522191,0,0
C0075,2025-02,3.54102945475383,2.96608494247804,0,0
C0076,2025-02,3.450646883903125,3.5616590579756533,0,0
C0077,2025-02,3.382666386825554,3.3680636357140257,0,0
C0078,2025-02,3.000560856543161,3.0111088489703324,0,0
C0079,2025-02,3.0393044458463323,2.7336021467804263,0,0
C0080,2025-02,3.4045624925319125,3.278944136536936,0,0
C0081,2025-02,3.735319198953318,3.299161158032152,0,1
C0082,2025-02,3.73530849532078,4.354395500572661,0,0
C0083,2025-02,3.48175189732019,3.2393618183320387,0,0
C0084,2025-02,3.1567291842966907,3.8738176413598415,0,0
C0085,2025-02,2.334674513831038,2.7327632077812947,0,0
C0086,2025-02,2.982783766638582,3.355246777318361,0,0
C0087,2025-02,3.301798659327599,2.395272099474271,0,0
C0088,2025-02,3.414232807164077,3.586194355517646,0,0
C0089,2025-02,3.018858908615373,3.1847684353722783,0,0
C0090,2025-02,3.2686502602534158,3.350108832966676,0,0
C0091,2025-02,3.4554543704599365,3.414562960428189,0,0
C0092,2025-02,3.523275739860604,3.299161158032152,0,1
C0093,2025-02,3.507786629634169,3.0754059995384684,0,0
C0094,2025-02,3.209516421570549,3.7494841782505,0,0
C0095,2025-02,3.5217149351799355,3.089423632703645,0,0
C0096,2025-02,2.293240670062679,3.1625097647697804,0,0
C0097,2025-02,2.4803902580515538,3.195187993345507,0,0
C0098,2025-02,2.1121993729349025,3.684640061071951,0,0
C0099,2025-02,2.7125428942033976,3.382231480806115,0,0
C0100,2025-02,2.8665250312785897,3.916678605886136,0,0
C0101,2025-02,2.2073984218292755,3.334761881883692,0,0
C0102,2025-02,3.1017614609202733,3.299161158032152,1,1
C0103,2025-02,3.065502097559289,4.305472705913046,0,0
C0104,2025-02,2.623065844559358,2.9590413995709337,0,0
C0105,2025-02,2.887095645491707,3.833862798223329,0,0
C0106,2025-02,3.2784251390819947,2.9840820199739317,0,0
C0107,2025-02,3.5605499726893863,3.365364330168926,0,0
C0108,2025-02,3.080959768427576,3.2118096729321706,0,0
C0109,2025-02,3.327003391306187,3.362501477098156,0,0
C0110,2025-02,1.9115863275825524,3.299161158032152,0,1
C0111,2025-02,2.9915867571568824,3.4156835986027203,0,0
C0112,2025-02,3.415879791133303,3.1734684025108555,0,0
C0113,2025-02,3.1017614609202733,3.871940373202758,1,0
C0114,2025-02,3.476849415661565,2.6678448656392195,0,0
C0115,2025-02,3.7707133162239135,2.477816577236604,0,0
C0116,2025-02,2.827651968388053,3.701290481135272,0,0
C0117,2025-02,2.609590407799104,3.2461265436336006,0,0
C0118,2025-02,3.97079183827977,3.702133970999699,0,0
C0119,2025-02,3.66494711653428,3.4479845198093364,0,0
C0120,2025-02,3.766948563319021,3.7438540810050887,0,0
C0121,2025-02,2.1969879794921505,2.888790760161364,0,0
C0122,2025-02,3.072109946692332,3.1960103309261307,0,0
C0123,2025-02,3.8739091023243977,3.622319733663733,0,0
C0124,2025-02,3.131508105295309,3.080660836530332,0,0
C0125,2025-02,3.577810049490718,3.299161158032152,0,1
C0126,2025-02,3.309093166492284,2.732747833410194,0,0
C0127,2025-02,2.07455981526324,3.817080322711103,0,0
C0128,2025-02,4.023296250765883,2.534762694307786,0,0
C0129,2025-02,3.115003469829811,3.0537016095704184,0,0
C0130,2025-02,2.4527311461675065,2.6552562569889324,0,0
C0131,2025-02,3.216524649537853,3.611759744494552,0,0
C0132,2025-02,3.481796091409813,3.801368867203768,0,0
C0133,2025-02,3.344241714187413,3.299161158032152,0,1
C0134,2025-02,2.686097316419009,3.226729315880213,0,0
C0135,2025-02,2.8791837424791007,2.9737291914112323,0,0
C0136,2025-02,3.2546819456413285,3.22259847516685,0,0
C0137,2025-02,2.987627834078552,3.2680924889733984,0,0
C0138,2025-02,2.626176750048672,3.724867903054638,0,0
C0139,2025-02,3.1017614609202733,3.1022691220256795,1,0
C0140,2025-02,3.30211329504002,4.045433468080924,0,0
C0141,2025-02,3.1017614609202733,3.308727921790715,1,0
C0142,2025-02,3.772295468798626,3.611394534384156,0,0
C0143,2025-02,3.428104324929734,2.916750323354865,0,0
C0144,2025-02,3.779559727631172,3.831493236463232,0,0
C0145,2025-02,2.9834553365567,3.4096372805971704,0,0
C0146,2025-02,2.6541080780821864,3.125669865626974,0,0
C0147,2025-02,2.8403600732274272,2.8059127940869204,0,0
C0148,2025-02,3.7758005040122526,3.878771019259777,0,0
C0149,2025-02,3.1017614609202733,2.9357172304148875,1,0
C0150,2025-02,3.181659148689869,3.1271867058460976,0,0
C0151,2025-02,3.3653358250184984,3.5315519645907787,0,0
C0152,2025-02,3.1205591659855942,3.002245313334289,0,0
C0153,2025-02,3.300466283328913,3.7805429280501386,0,0
C0154,2025-02,2.944752653323554,3.25389417687981,0,0
C0155,2025-02,2.8882126761503266,3.3132770632556947,0,0
C0156,2025-02,3.338634513047784,4.095184329395432,0,0
C0157,2025-02,3.339365088166804,3.6361517106453247,0,0
C0158,2025-02,2.6659906935551385,3.922203174063965,0,0
C0159,2025-02,2.7540817256528376,3.544905571751946,0,0
C0160,2025-02,2.643454541773557,2.439947938146812,0,0
C0161,2025-02,2.6096669672380277,2.859639791075133,0,0
C0162,2025-02,3.0768125967720663,3.014869393355303,0,0
C0163,2025-02,2.7970242453553693,3.5025700140239486,0,0
C0164,2025-02,2.6043025737728303,4.225187204535169,0,0
C0165,2025-02,3.663464219081788,3.294468105867156,0,0
C0166,2025-02,2.600713363296927,3.0177920413636365,0,0
C0167,2025-02,2.1144369181979643,3.1921634435765167,0,0
C0168,2025-02,3.7059999214464745,3.75953048161682,0,0
C0169,2025-02,2.973683042815575,3.5507177167121933,0,0
C0170,2025-02,3.1017614609202733,3.648818520689268,1,0
C0171,2025-02,3.1425980702931184,3.009515072189827,0,0
C0172,2025-02,3.484199221703129,4.1737683544302095,0,0
C0173,2025-02,3.174421824415804,3.1426681278700386,0,0
C0174,2025-02,2.463041476123914,3.076446916896721,0,0
C0175,2025-02,2.597399121983058,3.846128320980299,0,0
C0176,2025-02,2.445260327277435,3.6901839689935114,0,0
C0177,2025-02,2.9823800791152464,3.173376185105992,0,0
C0178,2025-02,3.1017614609202733,3.412959700732684,1,0
C0179,2025-02,2.6115756450119605,3.0568306242304826,0,0
C0180,2025-02,2.379331045676627,3.1346731089374686,0,0
C0181,2025-02,2.7796680928966,3.4334378261068856,0,0
C0182,2025-02,2.583591284231713,4.129300439391538,0,0
C0183,2025-02,3.26514228792109,3.7668316510472297,0,0
C0184,2025-02,2.900832870004802,3.6994999131080286,0,0
C0185,2025-02,3.613247182705405,3.652922067467381,0,0
C0186,2025-02,2.77558517610919,2.75562901388799,0,0
C0187,2025-02,3.093657394787978,3.3883162640083317,0,0
C0188,2025-02,2.9879632794998963,3.1334516332364264,0,0
C0189,2025-02,3.2717562680219228,3.347411972416458,0,0
C0190,2025-02,2.6980767670141743,2.792972926250022,0,0
C0191,2025-02,3.1017614609202733,2.987805631784261,1,0
C0192,2025-02,4.403260717108987,3.295060969325946,0,0
C0193,2025-02,4.055005487466295,3.615831683182613,0,0
C0194,2025-02,3.359065289658272,4.1422058714745775,0,0
C0195,2025-02,3.5755431899108814,2.894011212129532,0,0
C0196,2025-02,3.9336302857052616,3.2529830205146166,0,0
C0197,2025-02,2.6962042177159504,3.1362388542037065,0,0
C0198,2025-02,2.3534466209275333,3.366914536608672,0,0
C0199,2025-02,2.910924301775073,2.6060305881538564,0,0
C0200,2025-02,2.9999829101630064,3.806025784203614,0,0
C0201,2025-02,1.9370194861103296,3.579058875378149,0,0
C0202,2025-02,3.216997746414739,4.449479949465785,0,0
C0203,2025-02,3.008375855387181,2.9978166913008577,0,0
C0204,2025-02,2.517271483374806,3.3801624026947814,0,0
C0205,2025-02,3.916155297493945,2.9192424686295477,0,0
C0206,2025-02,3.3189535118120044,4.182332191239378,0,0
C0207,2025-02,2.975198980446075,3.271487112681971,0,0
C0208,2025-02,3.3895601702767224,3.533917458366559,0,0
C0209,2025-02,2.536338338326716,3.299161158032152,0,1
C0210,2025-02,2.7394666180960776,3.842116314357488,0,0
C0211,2025-02,1.8988860666034613,2.977917666636712,0,0
C0212,2025-02,3.4956268790194693,3.465131637993532,0,0
C0213,2025-02,3.5817551647279355,3.942120719870177,0,0
C0214,2025-02,2.9080042099906622,2.8796942445396136,0,0
C0215,2025-02,3.142099591711835,3.388430300386573,0,0
C0216,2025-02,3.1017614609202733,3.233530992282472,1,0
C0217,2025-02,3.3918444830614574,3.5336033376608595,0,0
C0218,2025-02,2.761247209352838,3.3400004477938685,0,0
C0219,2025-02,3.312682875988316,3.0490421763077102,0,0
C0220,2025-02,3.857709671191821,2.886360578890129,0,0
C0221,2025-02,2.5729268907102165,3.6801712743823782,0,0
C0222,2025-02,3.04726751427741,3.076650490534572,0,0
C0223,2025-02,2.785111161720516,4.193613265285269,0,0
C0224,2025-02,2.7081826941266938,3.4238443454604206,0,0
C0225,2025-02,2.786192366126553,2.8838450013484542,0,0
C0226,2025-02,3.73162498848726,2.8790761568307035,0,0
C0227,2025-02,2.8366287950732127,3.300394746112395,0,0
C0228,2025-02,3.1878280323046035,3.407729234380105,0,0
C0229,2025-02,2.02628059218985,3.0286755076244605,0,0
C0230,2025-02,3.2503135441252304,3.020508121251228,0,0
C0231,2025-02,2.679168186950184,2.0193149589626307,0,0
C0232,2025-02,3.803224431124797,3.299161158032152,0,1
C0233,2025-02,2.6295482749503614,2.2226936128528987,0,0
C0234,2025-02,2.272006901548844,2.813316715502125,0,0
C0235,2025-02,2.9211092084583985,3.4267127309824743,0,0
C0236,2025-02,2.45120026065466,3.564337790889811,0,0
C0237,2025-02,3.155025891311015,2.288212538282956,0,0
C0238,2025-02,3.529378304190589,2.7587060669721457,0,0
C0239,2025-02,3.003626789814971,3.521880029855654,0,0
C0240,2025-02,3.1017614609202733,2.949230335285051,1,0
C0241,2025-02,3.246920938655183,3.549805678986333,0,0
C0242,2025-02,3.162691915129319,3.299161158032152,0,1
C0243,2025-02,2.619464672845302,3.11308092465326,0,0
C0244,2025-02,2.944485440605465,3.666716183558938,0,0
C0245,2025-02,3.1017614609202733,4.468314810904076,1,0
C0246,2025-02,2.927916135556119,3.038574166290517,0,0
C0247,2025-02,2.871332637775823,3.5507325077926044,0,0
C0248,2025-02,3.0268354697677764,4.119515614230539,0,0
C0249,2025-02,2.9568784625786906,4.358967286273565,0,0
C0250,2025-02,3.380155842549153,2.9989579771300683,0,0
C0251,2025-02,2.6243024580036103,2.9879470200290115,0,0
C0252,2025-02,3.1382078310049475,2.6736932872791046,0,0
C0253,2025-02,3.0808702089267044,2.823490311215583,0,0
C0254,2025-02,3.4612468365182822,3.133208948424966,0,0
C0255,2025-02,2.714473551014498,3.629875272819528,0,0
C0256,2025-02,3.3481557067318333,2.9144011748994365,0,0
C0257,2025-02,3.533537029959976,3.3344936682394586,0,0
C0258,2025-02,2.794561192963356,3.388341515865362,0,0
C0259,2025-02,3.159230894366224,2.8623913915751737,0,0
C0260,2025-02,3.260002031162464,3.626023906673933,0,0
C0261,2025-02,3.432121155024292,3.230510227685669,0,0
C0262,2025-02,3.156150325136071,3.147593583091187,0,0
C0263,2025-02,2.548133185679278,2.655986682890372,0,0
C0264,2025-02,2.627128685853963,2.958224233650369,0,0
C0265,2025-02,3.805325600336506,3.857842814358535,0,0
C0266,2025-02,3.085352547844981,2.752717345984438,0,0
C0267,2025-02,2.4613013411112425,3.623052924353509,0,0
C0268,2025-02,2.9927997128253634,3.1458683379374457,0,0
C0269,2025-02,3.3529983154342404,2.7617072143087107,0,0
C0270,2025-02,3.503770372594267,3.389078839402221,0,0
C0271,2025-02,2.836671156899281,3.5194275647876,0,0
C0272,2025-02,3.999645981010235,4.333076440829862,0,0
C0273,2025-02,2.7565866896414786,4.104905486806224,0,0
C0274,2025-02,2.013177228351811,2.7437728655803126,0,0
C0275,2025-02,2.3320444834347933,3.529534171786356,0,0
C0276,2025-02,2.4899227078753747,2.8789368576394634,0,0
C0277,2025-02,3.3327154593860984,3.077862504687034,0,0
C0278,2025-02,3.374913651737564,4.034939903092683,0,0
C0279,2025-02,3.0116117728805856,3.299161158032152,0,1
C0280,2025-02,2.6765679311079653,3.290834643048742,0,0
C0281,2025-02,3.111938290652329,2.4818307132703388,0,0
C0282,2025-02,2.4587392958758003,2.98402960757693,0,0
C0283,2025-02,3.296652182829741,3.0581170949731207,0,0
C0284,2025-02,3.194862588557328,3.357998854451357,0,0
C0285,2025-02,2.3690560922966792,3.299161158032152,0,1
C0286,2025-02,3.93889488633261,4.075567307253566,0,0
C0287,2025-02,2.163839022993147,2.849878673695576,0,0
C0288,2025-02,3.5938205172078765,4.170529538741878,0,0
C0289,2025-02,3.798168020096613,3.490805689228182,0,0
C0290,2025-02,2.5536471477135727,3.2006464669100105,0,0
C0291,2025-02,3.313492252215535,3.3250055109974803,0,0
C0292,2025-02,2.5576158780972063,3.271574157348329,0,0
C0293,2025-02,3.479009856483841,3.807364580474253,0,0
C0294,2025-02,3.1017614609202733,3.998076723594045,1,0
C0295,2025-02,3.25743408181899,3.35088452692939,0,0
C0296,2025-02,2.80005548465579,3.3119721057254528,0,0
C0297,2025-02,2.9861452988370027,3.075313320895187,0,0
C0298,2025-02,3.0611433680468574,3.8551962535421183,0,0
C0299,2025-02,3.4058014082275108,3.4304393962873143,0,0
C0300,2025-02,3.973828680583672,3.107839590610332,0,0
C0301,2025-02,4.05768971864618,2.7522320034998526,0,0
C0302,2025-02,3.6546881120315833,3.492301478276135,0,0
C0303,2025-02,3.1151796570246093,3.847085517264509,0,0
C0304,2025-02,3.547628206331219,3.942235709887397,0,0
C0305,2025-02,3.114290968051617,2.6632884467109057,0,0
C0306,2025-02,2.831364096172334,3.580592212117889,0,0
C0307,2025-02,3.625397739142964,3.3050318522593614,0,0
C0308,2025-02,3.643065530260336,3.953087604290771,0,0
C0309,2025-02,2.848170685959146,3.570629182286598,0,0
C0310,2025-02,3.771771304858588,3.384849837982713,0,0
C0311,2025-02,3.220232551933394,3.496895990409736,0,0
C0312,2025-02,2.164320670607024,1.8184223001853976,0,0
C0313,2025-02,2.9718860514889447,2.765276509578495,0,0
C0314,2025-02,2.749187416171304,2.668566245224619,0,0
C0315,2025-02,1.671430767812312,2.804926705457158,0,0
C0316,2025-02,2.5283888925053404,2.752511624431454,0,0
C0317,2025-02,3.4998527457040502,2.997799565586583,0,0
C0318,2025-02,2.998883571884762,3.279824388562017,0,0
C0319,2025-02,3.461976395834472,3.283583135151647,0,0
C0320,2025-02,3.4680384652167584,3.299161158032152,0,1
C0321,2025-02,2.19266756387479,2.822399294293409,0,0
C0322,2025-02,3.784389735386938,3.0836220431997483,0,0
C0323,2025-02,3.0000725158023025,3.2438498996064498,0,0
C0324,2025-02,3.1017614609202733,2.236912889683197,1,0
C0325,2025-02,4.3328528341376495,3.591605526842063,0,0
C0326,2025-02,3.52664912333071,3.389413213774722,0,0
C0327,2025-02,3.1017614609202733,3.299161158032152,1,1
C0328,2025-02,2.5835646500447744,2.5267105453594607,0,0
C0329,2025-02,2.735346997764009,3.0950952585441223,0,0
C0330,2025-02,2.5539243370136,3.536876765832318,0,0
C0331,2025-02,3.764707985540796,2.691614867628432,0,0
C0332,2025-02,3.2212498297847345,3.189158104164023,0,0
C0333,2025-02,2.92324020579168,2.4500898747693216,0,0
C0334,2025-02,2.9608615999949044,3.0922100717525214,0,0
C0335,2025-02,3.407822992880128,2.9603612463706463,0,0
C0336,2025-02,2.858122252134216,3.988552939185317,0,0
C0337,2025-02,3.994444381375864,3.231921692222708,0,0
C0338,2025-02,3.3447104755230974,3.299161158032152,0,1
C0339,2025-02,2.302884567274686,3.5816270004643047,0,0
C0340,2025-02,3.4874772254950672,3.2570343527405803,0,0
C0341,2025-02,3.738664896869953,3.8131585533489822,0,0
C0342,2025-02,3.258041181059469,3.032061326310401,0,0
C0343,2025-02,4.267086694326938,3.649146444113208,0,0
C0344,2025-02,3.3530318397094585,3.523387411967006,0,0
C0345,2025-02,3.088597359181292,2.837940514961746,0,0
C0346,2025-02,2.627564136755477,3.534115284228211,0,0
C0347,2025-02,3.0358304703507493,3.166213352408453,0,0
C0348,2025-02,2.986892643347309,2.25074919573719,0,0
C0349,2025-02,2.998049029688296,3.28138181171155,0,0
C0350,2025-02,3.540909190489948,3.6726279596543634,0,0
C0351,2025-02,3.553678576949428,3.336284875595228,0,0
C0352,2025-02,3.014173412442497,3.433885218602676,0,0
C0353,2025-02,3.5268500225016624,2.6862586617697355,0,0
C0354,2025-02,3.426608324712075,3.285055427201973,0,0
C0355,2025-02,2.481447763048516,2.876306024660963,0,0
C0356,2025-02,3.14346953517477,3.697475758092323,0,0
C0357,2025-02,3.313351083443188,3.186095883295645,0,0
C0358,2025-02,3.754130383005719,3.299161158032152,0,1
C0359,2025-02,3.2125798426136214,3.196446926462084,0,0
C0360,2025-02,3.465342252355617,2.935906857812907,0,0
C0361,2025-02,2.9181139944644703,3.5521554884763398,0,0
C0362,2025-02,3.0345737599205385,3.1767053461677666,0,0
C0363,2025-02,4.179217481358862,3.29210861882314,0,0
C0364,2025-02,3.1017614609202733,4.10075236345744,1,0
C0365,2025-02,3.017225172736996,3.500306709380983,0,0
C0366,2025-02,2.584431608058439,2.1449482318895585,0,0
C0367,2025-02,3.217532926424433,2.223008990111114,0,0
C0368,2025-02,2.865091611865385,4.16220088619975,0,0
C0369,2025-02,3.0774316574900915,3.2398570186898805,0,0
C0370,2025-02,3.5020891096489795,3.522296645146965,0,0
C0371,2025-02,3.6233498318270017,2.6413231457306674,0,0
C0372,2025-02,3.1017614609202733,3.3210571848696597,1,0
C0373,2025-02,2.358310119177148,3.0182321905505423,0,0
C0374,2025-02,2.7579905917579506,3.0448742971708413,0,0
C0375,2025-02,3.102667078599248,3.0667939740165653,0,0
C0376,2025-02,2.493848786626488,3.092228041649244,0,0
C0377,2025-02,2.189953015611284,3.115856250024137,0,0
C0378,2025-02,3.2792126389306886,3.435457127189356,0,0
C0379,2025-02,3.090797321165672,3.390446702595204,0,0
C0380,2025-02,3.651838679864186,3.509708262925168,0,0
C0381,2025-02,2.539894274024824,2.6387252435078,0,0
C0382,2025-02,2.98577686786036,3.2081771351125923,0,0
C0383,2025-02,3.6016323982824314,3.1596732024971232,0,0
C0384,2025-02,3.1923027000751976,3.469271039317046,0,0
C0385,2025-02,2.635925532156592,3.715204673062512,0,0
C0386,2025-02,3.422060475144068,3.1157419352463096,0,0
C0387,2025-02,3.707319051494659,2.8226674017936992,0,0
C0388,2025-02,3.243277926908505,3.6812463893727023,0,0
C0389,2025-02,3.0612209726641324,3.260529386782965,0,0
C0390,2025-02,3.8018889003400456,2.887810611226612,0,0
C0391,2025-02,3.150684367351675,3.1032148959618624,0,0
C0392,2025-02,3.035324609552028,3.7038135718220655,0,0
C0393,2025-02,2.8471363181729203,2.8329990823056965,0,0
C0394,2025-02,3.431514057576731,4.048242167080343,0,0
C0395,2025-02,3.329696787893681,3.390163337031441,0,0
C0396,2025-02,3.5687288991449115,4.107979395643945,0,0
C0397,2025-02,2.7400268373337333,3.573494813522348,0,0
C0398,2025-02,3.1017614609202733,3.638047973450038,1,0
C0399,2025-02,2.8942222828656683,3.170407990851924,0,0
C0400,2025-02,2.6298173786671386,3.5078309507873366,0,0
C0401,2025-02,2.587480011005012,3.1101883241934667,0,0
C0402,2025-02,2.501994128545531,2.728853462571006,0,0
C0403,2025-02,3.876449295433794,3.751333755580067,0,0
C0404,2025-02,2.9522709642564444,3.329311539495731,0,0
C0405,2025-02,2.2559536918691,2.5232456196754987,0,0
C0406,2025-02,3.1017614609202733,2.722093752568466,1,0
C0407,2025-02,2.683942542176557,3.779889007748387,0,0
C0408,2025-02,3.99301610120544,3.5379296575172483,0,0
C0409,2025-02,2.844629555556077,3.27756695283926,0,0
C0410,2025-02,3.2568211916881795,2.875288536891921,0,0
C0411,2025-02,2.858281559691705,3.5981997374586343,0,0
C0412,2025-02,2.46197105735613,3.3808744960042327,0,0
C0413,2025-02,3.600152214831356,4.016128826984273,0,0
C0414,2025-02,2.662795179656736,3.673945822465596,0,0
C0415,2025-02,3.6565244334612106,3.830002252940401,0,0
C0416,2025-02,2.922960243280789,3.054348107552821,0,0
C0417,2025-02,3.283237076349905,2.7295361051292035,0,0
C0418,2025-02,3.2139398217174566,3.224359729171172,0,0
C0419,2025-02,3.285291784315702,3.4210606630874003,0,0
C0420,2025-02,3.1967284347040925,3.0570974533736357,0,0
C0421,2025-02,2.9354615712425263,3.5322276756497577,0,0
C0422,2025-02,1.9654861337848708,3.004490848754952,0,0
C0423,2025-02,2.8774051024426064,2.985610522591404,0,0
C0424,2025-02,3.1017614609202733,3.848393314852474,1,0
C0425,2025-02,2.894225259360093,3.1766860358000018,0,0
C0426,2025-02,3.052583258949111,2.8411741820101244,0,0
C0427,2025-02,3.2171203144682163,3.7092300935493054,0,0
C0428,2025-02,3.294914636147776,3.1653665175961825,0,0
C0429,2025-02,2.503440133187939,2.773143575238652,0,0
C0430,2025-02,2.59842328407533,3.069599720090656,0,0
C0431,2025-02,3.271626112545844,3.893857988671405,0,0
C0432,2025-02,3.362616730133923,4.063719616400658,0,0
C0433,2025-02,2.911833411488381,2.7941346418889266,0,0
C0434,2025-02,3.1017614609202733,3.3281954511006644,1,0
C0435,2025-02,2.960727738738827,3.218021774838021,0,0
C0436,2025-02,2.8966844562195737,2.5141896884029262,0,0
C0437,2025-02,3.028476467540048,3.3937994563071805,0,0
C0438,2025-02,2.711616215883106,2.372589277004664,0,0
C0439,2025-02,3.1671333064997538,3.283154732079933,0,0
C0440,2025-02,3.36561191884753,3.299161158032152,0,1
C0441,2025-02,3.320168208365939,3.121518929487776,0,0
C0442,2025-02,3.1130815806469,3.9825109956012392,0,0
C0443,2025-02,2.7805351722450875,3.573847046648983,0,0
C0444,2025-02,2.975426018106655,2.964072324052624,0,0
C0445,2025-02,3.82690474693401,3.9594516550924026,0,0
C0446,2025-02,3.809659811868363,3.2963693242646963,0,0
C0447,2025-02,3.6265847747525983,3.314729574353117,0,0
C0448,2025-02,3.913410054587382,3.3026937467522783,0,0
C0449,2025-02,3.697258571824255,3.108387020646342,0,0
C0450,2025-02,3.429533779184469,3.382275238006274,0,0
C0451,2025-02,2.6675196607056404,3.422696499998974,0,0
C0452,2025-02,3.8188482120510185,3.209515138040304,0,0
C0453,2025-02,3.663947601535712,3.744675966943227,0,0
C0454,2025-02,3.3251973387058125,3.812142221342063,0,0
C0455,2025-02,2.3001501418872623,3.857319018693387,0,0
C0456,2025-02,1.6964218354594118,2.7921866253288194,0,0
C0457,2025-02,2.975598111790377,3.712816937176942,0,0
C0458,2025-02,3.076753639522012,4.361197545235093,0,0
C0459,2025-02,2.380976054764257,3.299161158032152,0,1
C0460,2025-02,3.260171447488804,3.3349940157371165,0,0
C0461,2025-02,2.4047500030998585,3.406860014425676,0,0
C0462,2025-02,2.4955827717585253,2.5627852644374083,0,0
C0463,2025-02,4.20978173613114,2.9146941929526884,0,0
C0464,2025-02,3.1017614609202733,3.075546814146344,1,0
C0465,2025-02,3.045496757236976,3.2854845305671634,0,0
C0466,2025-02,2.539758688665611,3.4119071362466906,0,0
C0467,2025-02,2.627837792375627,3.341463009523117,0,0
C0468,2025-02,2.7164572732194348,2.658883742647184,0,0
C0469,2025-02,3.225522964515272,4.089931419520044,0,0
C0470,2025-02,2.5934522115131164,3.112048213581042,0,0
C0471,2025-02,2.434444830815179,3.2047210253453216,0,0
C0472,2025-02,3.1017614609202733,3.330447609766786,1,0
C0473,2025-02,2.298905840422111,3.0262092845331425,0,0
C0474,2025-02,2.1687748236222237,3.1688036641068784,0,0
C0475,2025-02,2.317140681159606,2.7852736746726663,0,0
C0476,2025-02,2.893142743364861,2.478434861680176,0,0
C0477,2025-02,2.8676298168168315,3.122082158966796,0,0
C0478,2025-02,3.2703230900047986,3.955115098705839,0,0
C0479,2025-02,3.168752011801802,2.967548066981348,0,0
C0480,2025-02,3.735137795607976,2.992381512597225,0,0
C0481,2025-02,3.239157700824748,3.7715727231550056,0,0
C0482,2025-02,3.307915363605878,3.031181354886671,0,0
C0483,2025-02,1.676011952690461,3.299161158032152,0,1
C0484,2025-02,3.2473081369078707,3.45376432188667,0,0
C0485,2025-02,3.0913287246680943,3.105599604252374,0,0
C0486,2025-02,3.3987643598882715,3.346805234907355,0,0
C0487,2025-02,1.851774088881716,3.2482738602311394,0,0
C0488,2025-02,3.385069195036396,2.401411710011665,0,0
C0489,2025-02,2.3148066637352147,3.0427162590254184,0,0
C0490,2025-02,3.734289829342802,3.0842390083955227,0,0
C0491,2025-02,3.0245292876646808,2.9668822047998336,0,0
C0492,2025-02,2.9928938861537158,2.699700559665894,0,0
C0493,2025-02,2.9800782056235424,3.4963592809426705,0,0
C0494,2025-02,3.8063836185191,3.527567445275195,0,0
C0495,2025-02,3.1017614609202733,2.6412035388044064,1,0
C0496,2025-02,3.4550967821533938,2.5431517162625323,0,0
C0497,2025-02,2.922934534679797,3.4366991044397,0,0
C0498,2025-02,2.9180693256837715,3.551062460936738,0,0
C0499,2025-02,2.673585637197392,3.054217548780904,0,0
C0500,2025-02,3.9628210496800342,4.114974410274362,0,0
C0501,2025-02,3.453930948603605,3.4922961547422946,0,0
C0502,2025-02,2.598916148282487,3.140885676967846,0,0
C0503,2025-02,2.517663417638162,2.8514686978312143,0,0
C0504,2025-02,2.938312159524493,2.9602939127536194,0,0
C0505,2025-02,3.5740426607317537,2.389815543704133,0,0
C0506,2025-02,2.6591124154193704,3.3058709223816405,0,0
C0507,2025-02,2.660875913500627,2.9776896562492547,0,0
C0508,2025-02,3.348531006168132,3.6034622703052577,0,0
C0509,2025-02,2.148297541760012,2.468539134044726,0,0
C0510,2025-02,3.750732181342126,3.810291950930254,0,0
C0511,2025-02,2.4571903887865783,2.799553212405224,0,0
C0512,2025-02,2.915086953994928,2.9255300585194086,0,0
C0513,2025-02,2.918753899565649,3.4383896196478254,0,0
C0514,2025-02,2.4001563318137755,3.357851302930713,0,0
C0515,2025-02,3.700248693270367,3.604552554064027,0,0
C0516,2025-02,3.232670374472168,3.72617583334486,0,0
C0517,2025-02,3.1453654820687893,3.7269092778452912,0,0
C0518,2025-02,2.899600185541838,3.5776962294944044,0,0
C0519,2025-02,2.914107213210692,3.215554166151882,0,0
C0520,2025-02,3.625545502370563,2.880782181694056,0,0
C0521,2025-02,3.1049721944512525,3.723013289493905,0,0
C0522,2025-02,4.264400510691334,4.027941279708856,0,0
C0523,2025-02,2.577416839815492,3.0980577170540653,0,0
C0524,2025-02,3.010906596440843,2.990772882381243,0,0
C0525,2025-02,2.4079478561153334,2.639979958879371,0,0
C0526,2025-02,2.9641691227608136,3.299161158032152,0,1
C0527,2025-02,2.897600441093796,3.373361937946153,0,0
C0528,2025-02,3.8793002708181055,3.769832280168124,0,0
C0529,2025-02,3.440001608847111,3.270860246399005,0,0
C0530,2025-02,2.97261734502396,3.299161158032152,0,1
C0531,2025-02,2.354610084991288,3.940904735061972,0,0
C0532,2025-02,3.192916397731573,3.246326806200035,0,0
C0533,2025-02,3.1017614609202733,4.020353383106988,1,0
C0534,2025-02,2.4304519899806487,3.299161158032152,0,1
C0535,2025-02,3.150502717840816,3.172911306263828,0,0
C0536,2025-02,2.6908415289669945,3.0528602160438645,0,0
C0537,2025-02,2.7804354939931617,2.6034999801941527,0,0
C0538,2025-02,3.0813096975256795,2.779167072624789,0,0
C0539,2025-02,3.552246924292861,3.462849403986192,0,0
C0540,2025-02,2.49542472496479,3.0900190596128727,0,0
C0541,2025-02,3.9991461148632954,2.6021016675669584,0,0
C0542,2025-02,3.054947467806616,2.978893343345049,0,0
C0543,2025-02,3.0035919533805457,2.974687694486108,0,0
C0544,2025-02,2.1070947024382503,2.258970357865271,0,0
C0545,2025-02,2.6795477779742747,3.4479589344370845,0,0
C0546,2025-02,2.9631259964126957,3.598754725550492,0,0
C0547,2025-02,2.9356117513915283,3.423527998243967,0,0
C0548,2025-02,3.226340003780497,3.9679091525517873,0,0
C0549,2025-02,2.919132747438957,2.843654940395229,0,0
C0550,2025-02,3.419166226446415,2.577508447706994,0,0
C0551,2025-02,3.222342420412402,3.5585076042874912,0,0
C0552,2025-02,3.0773997091690006,3.299161158032152,0,1
C0553,2025-02,3.9776357428336415,3.690836476894468,0,0
C0554,2025-02,3.249496886694627,3.999011770409881,0,0
C0555,2025-02,2.6342572280608185,3.34252556941299,0,0
C0556,2025-02,2.8555262756518074,3.6737229500477886,0,0
C0557,2025-02,3.740427093368905,3.299161158032152,0,1
C0558,2025-02,3.0488162089745288,3.0363688444013226,0,0
C0559,2025-02,3.1017614609202733,2.957763894771039,1,0
C0560,2025-02,2.633206122726806,2.057535192590206,0,0
C0561,2025-02,2.6943360525738616,2.8968667994591986,0,0
C0562,2025-02,3.1908818405724864,3.5185318516612125,0,0
C0563,2025-02,3.239992117416201,3.737213865201651,0,0
C0564,2025-02,2.768080972438376,2.8710420120509217,0,0
C0565,2025-02,3.1017614609202733,3.8345077665819,1,0
C0566,2025-02,2.9083447945219847,2.235724687366777,0,0
C0567,2025-02,2.662079955617363,2.527635388146064,0,0
C0568,2025-02,2.3209064616323865,2.9196368413588902,0,0
C0569,2025-02,3.323597030126026,3.9594091885415015,0,0
C0570,2025-02,2.600895088512199,4.170433682851672,0,0
C0571,2025-02,2.736003609949065,3.057181128741316,0,0
C0572,2025-02,2.404565735295731,3.191414610067248,0,0
C0573,2025-02,3.1017614609202733,3.8188111469162505,1,0
C0574,2025-02,2.715347518712325,4.1241791562962735,0,0
C0575,2025-02,3.54098084139015,3.638195902789776,0,0
C0576,2025-02,2.775391774125493,2.416327622389639,0,0
C0577,2025-02,2.531016012559536,3.299161158032152,0,1
C0578,2025-02,3.6617896957571143,3.1873906469235207,0,0
C0579,2025-02,2.9954158266263,3.857407033623246,0,0
C0580,2025-02,3.542878150371932,3.65539690404393,0,0
C0581,2025-02,2.6517943842601754,3.020856863130564,0,0
C0582,2025-02,3.416566136891169,3.794065675365621,0,0
C0583,2025-02,4.251140267101942,3.725862662092897,0,0
C0584,2025-02,4.211948689048943,4.225136487313864,0,0
C0585,2025-02,3.100473265685169,3.5605119301867623,0,0
C0586,2025-02,3.526041375603585,3.0201714574912506,0,0
C0587,2025-02,2.8289338089177205,3.5903560929833267,0,0
C0588,2025-02,3.337602915093424,4.2093776327792085,0,0
C0589,2025-02,4.174621092312115,4.130566339646302,0,0
C0590,2025-02,2.464244308401627,2.903141141763899,0,0
C0591,2025-02,3.322166354323921,3.299161158032152,0,1
C0592,2025-02,4.017940564247032,3.1051054543111327,0,0
C0593,2025-02,3.3944058007199365,3.236781588822725,0,0
C0594,2025-02,3.578652800837101,3.5644198041655044,0,0
C0595,2025-02,2.3420425769260387,3.781644114996446,0,0
C0596,2025-02,2.957241066175517,3.858894170430233,0,0
C0597,2025-02,3.61478391885264,3.717365280695964,0,0
C0598,2025-02,2.5298269563741425,2.673898374088137,0,0
C0599,2025-02,3.018618459850217,3.226377054702167,0,0
C0600,2025-02,3.238817817268453,2.5303494169040137,0,0
C0601,2025-02,2.9250141784222152,2.9939860012282864,0,0
C0602,2025-02,2.7305970528200727,3.656670444190096,0,0
C0603,2025-02,3.525878387318349,3.811734347681461,0,0
C0604,2025-02,2.2583720754085426,1.9436098105357071,0,0
C0605,2025-02,2.51203360836881,3.612286775382468,0,0
C0606,2025-02,3.407095258515914,3.040735068435298,0,0
C0607,2025-02,2.3926717884319566,3.415145420281541,0,0
C0608,2025-02,2.2138886721685185,2.607541406686122,0,0
C0609,2025-02,3.015751276428433,3.940150748577597,0,0
C0610,2025-02,2.855587901222385,2.771911059989948,0,0
C0611,2025-02,3.0402519114726307,2.696629008726509,0,0
C0612,2025-02,2.64463709751898,3.348982922295724,0,0
C0613,2025-02,2.526380627007371,3.066746771571535,0,0
C0614,2025-02,2.443177202930663,3.299161158032152,0,1
C0615,2025-02,2.441393060477199,3.648933810196783,0,0
C0616,2025-02,3.3972203463564337,3.249362465548934,0,0
C0617,2025-02,2.907423567392841,3.325167720991359,0,0
C0618,2025-02,2.7292910587132457,3.407465184958209,0,0
C0619,2025-02,2.2592012047220136,3.624452836620186,0,0
C0620,2025-02,4.018057213532856,4.282368150083881,0,0
C0621,2025-02,3.234882645491701,2.7456447518851825,0,0
C0622,2025-02,2.516720862097382,3.311474354341655,0,0
C0623,2025-02,3.0156536205433886,3.30299760160167,0,0
C0624,2025-02,2.9597630346291117,3.3254981984517413,0,0
C0625,2025-02,2.834797201749197,3.0571732568382384,0,0
C0626,2025-02,3.204837048336459,2.943080337641502,0,0
C0627,2025-02,3.571974553199346,3.2431699166653294,0,0
C0628,2025-02,3.3574823778114165,2.431614993800439,0,0
C0629,2025-02,2.991733973625392,2.4278495307922388,0,0
C0630,2025-02,4.148586710800501,3.6335885515315938,0,0
C0631,2025-02,3.47349683222943,4.634718411970574,0,0
C0632,2025-02,2.9195626876208363,3.299161158032152,0,1
C0633,2025-02,3.0771409362554083,3.188433587770099,0,0
C0634,2025-02,2.9124358563909243,3.290213932328794,0,0
C0635,2025-02,3.603271454671368,3.8243811470667097,0,0
C0636,2025-02,2.604298477118327,3.1856550400116794,0,0
C0637,2025-02,4.1461392009581655,3.52597994250112,0,0
C0638,2025-02,3.566455571884242,2.5881917109815977,0,0
C0639,2025-02,4.152592214293181,3.627245509534956,0,0
C0640,2025-02,2.514106509011562,3.2971931850467704,0,0
C0641,2025-02,2.8771933111486905,3.297594738095902,0,0
C0642,2025-02,2.8313706119548523,3.824001518938133,0,0
C0643,2025-02,3.042141082732545,2.8857338122493386,0,0
C0644,2025-02,3.771311850617996,2.8404280204235866,0,0
C0645,2025-02,2.6728327291339946,2.8322359602888225,0,0
C0646,2025-02,3.0275558592057044,3.31381652646825,0,0
C0647,2025-02,2.6436982004381777,3.3022227656066367,0,0
C0648,2025-02,3.096277646370208,3.160912736269082,0,0
C0649,2025-02,3.041590814830369,2.8638318174746678,0,0
C0650,2025-02,3.164409013840334,3.070532981739256,0,0
C0651,2025-02,4.07657467970711,3.7330807280855063,0,0
C0652,2025-02,3.2488599860991094,3.870469501131783,0,0
C0653,2025-02,3.8807532611816695,4.57522995233393,0,0
C0654,2025-02,2.518534525047167,3.299161158032152,0,1
C0655,2025-02,2.7494078913776554,3.452010220219998,0,0
C0656,2025-02,3.509630082111906,2.9834484354189783,0,0
C0657,2025-02,3.368208029530322,3.131857834768986,0,0
C0658,2025-02,2.651874155702141,2.592679272268882,0,0
C0659,2025-02,2.714965129560432,3.380151574830344,0,0
C0660,2025-02,2.65633658465252,2.7038153780800105,0,0
C0661,2025-02,3.2838636672489026,2.937432809591189,0,0
C0662,2025-02,3.0201264485286377,2.753392823173778,0,0
C0663,2025-02,2.6967244624453803,3.878829198598152,0,0
C0664,2025-02,2.2637162754654376,3.0347870997762203,0,0
C0665,2025-02,2.91943714721626,2.5422415444090625,0,0
C0666,2025-02,3.1690627347080644,3.48216469300674,0,0
C0667,2025-02,2.9304169716778783,3.9432688543250265,0,0
C0668,2025-02,2.221216815800344,2.905026643990689,0,0
C0669,2025-02,3.064668608760399,2.9435345020927284,0,0
C0670,2025-02,1.96009307299949,2.820960678877052,0,0
C0671,2025-02,2.9379333814699966,3.4182059172278,0,0
C0672,2025-02,3.287044123339862,3.593437511249478,0,0
C0673,2025-02,3.1749872661864047,3.532717192557973,0,0
C0674,2025-02,2.323539091640814,2.6986911574266284,0,0
C0675,2025-02,3.7658059330678784,3.715091196153861,0,0
C0676,2025-02,3.2490402744728337,3.408491428721556,0,0
C0677,2025-02,3.3770492772698844,3.382569882201476,0,0
C0678,2025-02,3.5320054253881232,3.5051962345464225,0,0
C0679,2025-02,3.1672263382150043,3.849754256793102,0,0
C0680,2025-02,2.83721568474499,2.7211496378947446,0,0
C0681,2025-02,3.46060854823112,2.593127323328541,0,0
C0682,2025-02,2.6703437994656065,3.2262342096569245,0,0
C0683,2025-02,3.278879303912942,3.0786639517332453,0,0
C0684,2025-02,2.6534694227999727,3.716222230427012,0,0
C0685,2025-02,2.802703432775501,3.8342877247165017,0,0
C0686,2025-02,3.1616408484375427,3.037072662425532,0,0
C0687,2025-02,3.745919199353824,3.434152432695318,0,0
C0688,2025-02,3.2676384085815813,3.573819948430911,0,0
C0689,2025-02,2.1432567210910425,3.232337125229623,0,0
C0690,2025-02,3.278698150931753,3.299161158032152,0,1
C0691,2025-02,2.573580967742582,3.358463468651979,0,0
C0692,2025-02,2.97411721755054,2.6023073060947906,0,0
C0693,2025-02,2.972756906224339,3.3006681308691643,0,0
C0694,2025-02,2.410676187434209,2.825050968422161,0,0
C0695,2025-02,3.2761405573325604,3.3359068588078804,0,0
C0696,2025-02,2.6643274929188774,3.282808531147412,0,0
C0697,2025-02,3.969078814228114,4.383533607770692,0,0
C0698,2025-02,2.7242960940749623,3.236352287129577,0,0
C0699,2025-02,3.018514905922705,2.902548360367321,0,0
C0700,2025-02,2.754806695285524,3.9572154286006223,0,0
C0701,2025-02,3.919121170166724,3.8027496103244336,0,0
C0702,2025-02,2.55179995546698,3.527208336471875,0,0
C0703,2025-02,3.1017614609202733,2.8397056608511364,1,0
C0704,2025-02,3.1067610229382554,2.9734067033867326,0,0
C0705,2025-02,2.5946450523427087,2.8869314219593485,0,0
C0706,2025-02,3.553241546535609,3.161991181589907,0,0
C0707,2025-02,3.060702618814602,2.9806409869467547,0,0
C0708,2025-02,3.1017614609202733,3.163424418500341,1,0
C0709,2025-02,2.715127848328999,3.0221659810689108,0,0
C0710,2025-02,2.691397263016134,3.5037938143387803,0,0
C0711,2025-02,2.4171639691585107,2.395864427562297,0,0
C0712,2025-02,3.431552484994962,3.4110299330977307,0,0
C0713,2025-02,2.981273486247556,3.250642213909845,0,0
C0714,2025-02,3.607240942706551,3.522906125764444,0,0
C0715,2025-02,3.096579083859824,3.714846990935991,0,0
C0716,2025-02,2.964445041925479,3.077135459947192,0,0
C0717,2025-02,2.436247894722131,3.011630803587699,0,0
C0718,2025-02,2.8785026711946053,3.8967277541883742,0,0
C0719,2025-02,2.854159289681293,2.286751215357708,0,0
C0720,2025-02,3.302001339530184,3.770149155706673,0,0
C0721,2025-02,2.737677362480305,3.661843203027222,0,0
C0722,2025-02,2.610885613721983,3.7523414658114462,0,0
C0723,2025-02,3.203449324138063,2.9401364270038157,0,0
C0724,2025-02,2.8480559780098456,3.299161158032152,0,1
C0725,2025-02,2.810115225990377,3.5893246730300588,0,0
C0726,2025-02,2.3671223031471618,2.960539135783189,0,0
C0727,2025-02,3.034225772671984,3.002163019724553,0,0
C0728,2025-02,3.1017614609202733,3.3300695935349665,1,0
C0729,2025-02,3.1017614609202733,2.9201879814117526,1,0
C0730,2025-02,2.922038924825607,3.6147067061301614,0,0
C0731,2025-02,1.9161092634672008,3.429973772089564,0,0
C0732,2025-02,3.2463600872595006,2.890208648178782,0,0
C0733,2025-02,3.3776267694598987,2.696485986942575,0,0
C0734,2025-02,3.2329124993057565,3.227022632070473,0,0
C0735,2025-02,3.1017614609202733,2.9054492027586853,1,0
C0736,2025-02,2.8423733864219023,3.299161158032152,0,1
C0737,2025-02,3.204357656696695,3.257405365198629,0,0
C0738,2025-02,2.9351573669615725,4.040886519338936,0,0
C0739,2025-02,3.133894194622535,2.942899046567078,0,0
C0740,2025-02,2.819728896585161,2.7754138309691085,0,0
C0741,2025-02,2.8446907910237806,3.26843469760916,0,0
C0742,2025-02,2.7914269202390853,2.6710365898260724,0,0
C0743,2025-02,2.9343117534236702,2.747323699439397,0,0
C0744,2025-02,3.950194333233247,2.886215940953094,0,0
C0745,2025-02,3.5012664486404472,3.6939939384085294,0,0
C0746,2025-02,2.3666728817912226,3.561247938998287,0,0
C0747,2025-02,2.7367428376367164,2.815025855295203,0,0
C0748,2025-02,3.3295439077162605,3.813259759520906,0,0
C0749,2025-02,3.659970325578034,3.1737507644385974,0,0
C0750,2025-02,3.3054817851544533,3.089726013819964,0,0
C0751,2025-02,3.3691545403373344,3.843663821180481,0,0
C0752,2025-02,3.9387000148492826,3.2475810683269373,0,0
C0753,2025-02,3.1017614609202733,3.438957941643901,1,0
C0754,2025-02,3.99906269679202,3.94723272516208,0,0
C0755,2025-02,3.419227105673651,3.3417529028120323,0,0
C0756,2025-02,4.301793419585552,3.5718846572472103,0,0
C0757,2025-02,2.428880145985309,3.01044995425181,0,0
C0758,2025-02,3.8755117854314554,4.145033609636917,0,0
C0759,2025-02,3.939304570780029,3.2107812628689487,0,0
C0760,2025-02,3.1112412723129954,3.287688466345778,0,0
C0761,2025-02,2.4913776225828563,3.1829543266599223,0,0
C0762,2025-02,4.131294490313992,3.634363475081648,0,0
C0763,2025-02,2.710664400967897,3.546340707271639,0,0
C0764,2025-02,3.8437339790508527,2.4587565033093424,0,0
C0765,2025-02,3.5787070153233405,3.834242152353264,0,0
C0766,2025-02,3.038210438023112,3.953262676014987,0,0
C0767,2025-02,3.0323012785170262,3.807723177065293,0,0
C0768,2025-02,4.113340909434385,3.5532270006612707,0,0
C0769,2025-02,3.1593243870939363,3.974727628711532,0,0
C0770,2025-02,3.047789742866979,3.581444330816561,0,0
C0771,2025-02,2.188583116962878,3.6692079838167753,0,0
C0772,2025-02,3.354021491179324,3.356444953130659,0,0
C0773,2025-02,2.9485618217213565,3.5321367208263204,0,0
C0774,2025-02,3.365533699747143,3.632496202840993,0,0
C0775,2025-02,2.819113446071406,3.299161158032152,0,1
C0776,2025-02,3.6727693224976186,3.239440772068023,0,0
C0777,2025-02,3.926282373163626,2.996040036345578,0,0
C0778,2025-02,2.551107514584206,3.5826571010587944,0,0
C0779,2025-02,2.7453094941542,2.8054051308735883,0,0
C0780,2025-02,3.091385779610853,2.946710976252733,0,0
C0781,2025-02,3.814718419400498,3.746914213777639,0,0
C0782,2025-02,3.490088554584046,4.124869383421511,0,0
C0783,2025-02,3.235334090036606,3.6877506730787495,0,0
C0784,2025-02,3.1017614609202733,3.5126683519084203,1,0
C0785,2025-02,2.734231096646567,2.850262539717997,0,0
C0786,2025-02,2.9461916300315343,2.9378102690673304,0,0
C0787,2025-02,2.960922502035656,2.714309755766751,0,0
C0788,2025-02,3.721858512097731,3.0299975845743417,0,0
C0789,2025-02,3.85977575046316,3.3206614876557103,0,0
C0790,2025-02,2.5848965285860426,3.608368998787341,0,0
C0791,2025-02,3.6291812221089934,3.882532422076233,0,0
C0792,2025-02,3.3631653735322278,3.299161158032152,0,1
C0793,2025-02,2.8731021832965498,3.284458815124806,0,0
C0794,2025-02,2.939047558575988,3.431221420346129,0,0
C0795,2025-02,2.878685476477751,3.299161158032152,0,1
C0796,2025-02,3.0299779562382523,3.803691619375153,0,0
C0797,2025-02,2.832021943059629,3.299161158032152,0,1
C0798,2025-02,2.513003418846057,2.936020432388724,0,0
C0799,2025-02,2.4364569552496462,3.027902837139052,0,0
C0800,2025-02,3.6760320365037513,3.4401403879335204,0,0
H0001,2025-03,3.1017614609202733,3.1574140606801926,1,0
H0002,2025-03,2.339818055227682,3.3232618751241496,0,0
H0003,2025-03,2.435948109809281,3.3792309185197733,0,0
H0004,2025-03,2.9457908404418918,3.0007894718956494,0,0
H0005,2025-03,4.081872747999032,3.6961886819580942,0,0
H0006,2025-03,3.3546944801592145,4.111554248461224,0,0
H0007,2025-03,2.741540493226309,4.685100245690965,0,0
H0008,2025-03,2.8645706918899707,3.415669980560979,0,0
H0009,2025-03,2.949424134726052,3.432587567292715,0,0
H0010,2025-03,2.568014518677547,2.792799728255007,0,0
H0011,2025-03,2.705564109640412,3.474834279399281,0,0
H0012,2025-03,3.8508231125815855,3.155851247569617,0,0
H0013,2025-03,3.209724263603173,3.398258193345957,0,0
H0014,2025-03,2.501419581208303,2.31522829979912,0,0
H0015,2025-03,3.481708925008718,2.9622751135326557,0,0
H0016,2025-03,2.18507151992416,3.3350826895068653,0,0
H0017,2025-03,2.487292653395912,3.1436015031730373,0,0
H0018,2025-03,3.38657030298014,3.595417176050146,0,0
H0019,2025-03,3.1062300399660603,4.0555015132316345,0,0
H0020,2025-03,3.447366273185196,3.631428075761773,0,0
H0021,2025-03,2.5015446649603046,3.334802510556774,0,0
H0022,2025-03,2.8479910777231714,3.5703572500773246,0,0
H0023,2025-03,2.6637392915103693,3.569605584391227,0,0
H0024,2025-03,2.558553861009289,4.3141505737983845,0,0
H0025,2025-03,2.509113366013377,3.35754484798804,0,0
H0026,2025-03,3.9506541735687057,3.556730819720009,0,0
H0027,2025-03,2.5196413671184263,3.3671714801678823,0,0
H0028,2025-03,3.2444689748898106,3.705810393057159,0,0
H0029,2025-03,2.9577990847167537,3.299215668319014,0,0
H0030,2025-03,2.3982553544748164,3.299161158032152,0,1
H0031,2025-03,2.386003728232473,2.979056164300636,0,0
H0032,2025-03,2.3793157644965963,3.60004335194598,0,0
H0033,2025-03,3.0394584298934246,4.683754653326068,0,0
H0034,2025-03,3.07870020607312,3.5676684099526708,0,0
H0035,2025-03,2.852174193858927,3.34378207420876,0,0
H0036,2025-03,4.214354736953554,3.970455010959532,0,0
H0037,2025-03,3.604982475966616,3.268036787189227,0,0
H0038,2025-03,2.7916561394236536,3.5698965640834865,0,0
H0039,2025-03,2.064547374133056,3.5213376997812262,0,0
H0040,2025-03,2.3871906129952043,2.612445103550669,0,0
H0041,2025-03,4.079870577471671,3.420478377512966,0,0
H0042,2025-03,3.517577211523742,2.354829928072058,0,0
H0043,2025-03,3.068686358379145,2.4715363840401112,0,0
H0044,2025-03,3.767401923495733,3.1764066113877085,0,0
H0045,2025-03,2.581409881062138,2.7369099919267623,0,0
H0046,2025-03,2.763980042148213,3.439040928717953,0,0
H0047,2025-03,2.8846874503527085,2.73291603210654,0,0
H0048,2025-03,4.066507800622519,3.8323278769456537,0,0
H0049,2025-03,2.9147489552187733,3.1561566187226537,0,0
H0050,2025-03,3.1527945976336054,3.621778676935611,0,0
H0051,2025-03,3.189977755883559,3.299161158032152,0,1
H0052,2025-03,2.87028338145873,2.99269066887146,0,0
H0053,2025-03,3.4498293652477354,3.6803647520431744,0,0
H0054,2025-03,3.151885358023456,2.3538491365785257,0,0
H0055,2025-03,3.4450921344097707,3.6280477084110654,0,0
H0056,2025-03,2.7210217019542258,3.1679199036466104,0,0
H0057,2025-03,3.616669455790508,3.223853195066695,0,0
H0058,2025-03,3.009256886299523,3.331553480899094,0,0
H0059,2025-03,3.352508526327401,4.036717234157793,0,0
H0060,2025-03,3.6825172216166697,3.122780542810373,0,0
H0061,2025-03,3.388574046402122,3.106547142323424,0,0
H0062,2025-03,3.334159619739697,2.6193033819674225,0,0
H0063,2025-03,3.159675357914637,3.32639909068874,0,0
H0064,2025-03,3.6277983842038832,4.298535258081223,0,0
H0065,2025-03,2.735750369737272,2.861622134208599,0,0
H0066,2025-03,3.298932243719748,3.144876432896228,0,0
H0067,2025-03,2.7533508303538063,3.3978992176136944,0,0
H0068,2025-03,2.9733846125864662,3.4679129510068094,0,0
H0069,2025-03,3.058888189923752,3.7886575692815416,0,0
H0070,2025-03,2.402770242015546,3.3528310456556087,0,0
H0071,2025-03,3.1017614609202733,3.8962718181129614,1,0
H0072,2025-03,2.76029963790745,2.9434837121887525,0,0
H0073,2025-03,2.122792472617164,3.114907510175259,0,0
H0074,2025-03,2.9811288248252445,2.9701283327033576,0,0
H0075,2025-03,3.526530593089993,3.087846710341384,0,0
H0076,2025-03,3.2393531610951536,3.600673067473755,0,0
H0077,2025-03,3.089858210533162,3.449561178399531,0,0
H0078,2025-03,2.9955491274551265,3.668173350724167,0,0
H0079,2025-03,1.610674742314579,3.1611936658227178,0,0
H0080,2025-03,3.006436154459657,3.128453235475158,0,0
H0081,2025-03,3.3988198801861063,3.099150232877617,0,0
H0082,2025-03,3.594617420518584,3.426610768254485,0,0
H0083,2025-03,2.5537680370829983,3.3866095347510354,0,0
H0084,2025-03,3.1017614609202733,3.4088264269654016,1,0
H0085,2025-03,3.614380575118204,4.769592565550517,0,0
H0086,2025-03,3.880297422578961,3.059234181737264,0,0
H0087,2025-03,3.059727180642174,3.0737181433865617,0,0
H0088,2025-03,3.1017614609202733,2.982380434361572,1,0
H0089,2025-03,2.928233398049909,3.723010811318071,0,0
H0090,2025-03,3.182796537510185,3.815879440236913,0,0
H0091,2025-03,3.1017614609202733,3.3687950223294694,1,0
H0092,2025-03,2.348447566013738,2.7848374277643466,0,0
H0093,2025-03,3.797054689476284,2.9397050165161005,0,0
H0094,2025-03,3.0779633345175745,3.799733342271181,0,0
H0095,2025-03,2.8739627697441703,3.0951370932206848,0,0
H0096,2025-03,2.639814800064938,3.3460761714487144,0,0
H0097,2025-03,2.983083400144767,3.03396827876636,0,0
H0098,2025-03,3.766459023199447,3.3842270166343944,0,0
H0099,2025-03,2.8609004940795217,3.1321018999391885,0,0
H0100,2025-03,3.311475523100724,2.808598480473993,0,0
H0101,2025-03,2.5613692974975018,3.299161158032152,0,1
H0102,2025-03,1.967746156905979,3.299161158032152,0,1
H0103,2025-03,3.7101721974545887,3.299161158032152,0,1
H0104,2025-03,2.530105680231056,3.4656333045817904,0,0
H0105,2025-03,3.223192396240988,3.0744552225644064,0,0
H0106,2025-03,3.0245177250449906,3.253093372106917,0,0
H0107,2025-03,2.93261447039525,2.9096410959370504,0,0
H0108,2025-03,3.343426199081127,3.279348668019753,0,0
H0109,2025-03,3.922243548956855,4.372496926556862,0,0
H0110,2025-03,2.2696945019438037,3.009844115438961,0,0
H0111,2025-03,3.208926926247797,3.415466667447133,0,0
H0112,2025-03,3.62853204190773,3.5660581041710477,0,0
H0113,2025-03,3.1255054477869764,3.205836042717526,0,0
H0114,2025-03,3.79589341828268,3.618209433216233,0,0
H0115,2025-03,3.276058610615772,3.0991763365527576,0,0
H0116,2025-03,3.1017614609202733,3.543273995337757,1,0
H0117,2025-03,3.5281198160199243,3.377997051211556,0,0
H0118,2025-03,3.761102503390772,2.6003766646581217,0,0
H0119,2025-03,3.676815915974792,3.829374146572491,0,0
H0120,2025-03,3.394954185862761,3.1362486913416907,0,0
H0121,2025-03,2.997892395442938,2.87594852966956,0,0
H0122,2025-03,3.928440395220151,2.9739787677749447,0,0
H0123,2025-03,2.614960897656091,2.973448671987208,0,0
H0124,2025-03,3.958581685702229,3.299161158032152,0,1
H0125,2025-03,3.139539749032476,4.160426628154937,0,0
H0126,2025-03,2.334746206290813,3.1497677672938167,0,0
H0127,2025-03,3.735329947249586,3.3945239113806056,0,0
H0128,2025-03,3.1017614609202733,3.4151558574030325,1,0
H0129,2025-03,3.611689032947621,3.444409912857948,0,0
H0130,2025-03,3.896603728541286,3.299161158032152,0,1
H0131,2025-03,2.751733853661409,3.271903122120355,0,0
H0132,2025-03,3.510421755185735,1.8709015902627484,0,0
H0133,2025-03,3.494840113850866,3.377369946309578,0,0
H0134,2025-03,3.710865422117622,3.369246224474234,0,0
H0135,2025-03,2.3426582283678066,2.893759696066938,0,0
H0136,2025-03,3.540121720262274,3.369873571899737,0,0
H0137,2025-03,3.688775843561615,3.8594664089129753,0,0
H0138,2025-03,3.957004488873389,2.8933199427480125,0,0
H0139,2025-03,2.5371745097040312,3.3619470726483995,0,0
H0140,2025-03,3.008095352648445,3.158143800318632,0,0
H0141,2025-03,4.146075142626809,2.555912526663823,0,0
H0142,2025-03,2.36812075681814,3.572508331399761,0,0
H0143,2025-03,3.680364050280125,3.3102609023661667,0,0
H0144,2025-03,3.4510198678916137,4.385786148688147,0,0
H0145,2025-03,2.8286113185862347,3.588378832426593,0,0
H0146,2025-03,3.079342339331138,3.7480352462565785,0,0
H0147,2025-03,4.743154257645008,3.387162233312438,0,0
H0148,2025-03,3.142295504610532,3.2624824192222706,0,0
H0149,2025-03,3.0937326560366443,3.553404141187454,0,0
H0150,2025-03,2.5522576385908486,2.136858370223937,0,0
H0151,2025-03,3.67978961256152,3.88299089506104,0,0
H0152,2025-03,2.7335037438687224,3.0315759138043674,0,0
H0153,2025-03,2.853450099565781,3.056726056931005,0,0
H0154,2025-03,2.7839303132350945,3.042954255269008,0,0
H0155,2025-03,3.1017614609202733,3.29459925726612,1,0
H0156,2025-03,2.923235965081464,3.3295237286589034,0,0
H0157,2025-03,4.328723554216484,3.494559567922562,0,0
H0158,2025-03,3.29622605399696,3.8142433225819614,0,0
H0159,2025-03,2.7117238257430376,3.299161158032152,0,1
H0160,2025-03,3.3176526138178386,3.2558108689105376,0,0
H0161,2025-03,3.4212100194695103,3.9179548156656585,0,0
H0162,2025-03,3.1148791579167745,3.299161158032152,0,1
H0163,2025-03,3.482723368223286,3.4911189856760614,0,0
H0164,2025-03,2.9958988143258267,3.312832932053369,0,0
H0165,2025-03,3.327564969437314,3.277830651742712,0,0
H0166,2025-03,3.73179550193644,3.3979506723174464,0,0
H0167,2025-03,2.3713944286011523,3.1341543507579845,0,0
H0168,2025-03,3.7924754331617674,3.0879629602277467,0,0
H0169,2025-03,3.416632279623732,2.9730646674864123,0,0
H0170,2025-03,2.081329362306967,2.825953297483255,0,0
H0171,2025-03,3.119464802871286,3.6967348219432,0,0
H0172,2025-03,3.435210530348276,3.496519837119025,0,0
H0173,2025-03,3.1896086253725597,4.016255246796412,0,0
H0174,2025-03,4.261883313628252,3.006796194853105,0,0
H0175,2025-03,2.707545601739497,3.491505684284405,0,0
H0176,2025-03,3.6047302349690247,3.7655528849022897,0,0
H0177,2025-03,2.676169035361357,2.939081401305954,0,0
H0178,2025-03,2.724729419485136,3.027994759117496,0,0
H0179,2025-03,3.32557637577686,4.039198698950602,0,0
H0180,2025-03,2.57673535247158,3.078535618500496,0,0
H0181,2025-03,2.9620861595109726,3.6030396759030894,0,0
H0182,2025-03,2.4365899420366266,2.6452826772853264,0,0
H0183,2025-03,2.304078494713876,3.808888844252484,0,0
H0184,2025-03,3.283633596461981,3.441735111439891,0,0
H0185,2025-03,3.9269516387514143,3.13942897305888,0,0
H0186,2025-03,2.849232538388101,3.4994125348920617,0,0
H0187,2025-03,2.855269135179277,4.230465808819919,0,0
H0188,2025-03,3.250458356387276,3.203600220162704,0,0
H0189,2025-03,3.7759969556366815,3.2249159213860503,0,0
H0190,2025-03,3.3942078251692136,3.895692169152729,0,0
H0191,2025-03,2.745840954051785,3.4065852988696226,0,0
H0192,2025-03,2.6838196533272822,3.658592529892991,0,0
H0193,2025-03,3.1017614609202733,4.415658663698865,1,0
H0194,2025-03,2.6663618237509787,3.299161158032152,0,1
H0195,2025-03,2.6981842441924337,4.314981040051621,0,0
H0196,2025-03,4.010102372750025,3.362101256839433,0,0
H0197,2025-03,2.829675520349789,3.5746408748585328,0,0
H0198,2025-03,3.581236964721643,3.2419315607096992,0,0
H0199,2025-03,3.251296371041704,3.5773714886550345,0,0
H0200,2025-03,3.057883303065964,3.625273607235652,0,0
H0201,2025-03,2.66523388177086,3.623545969122719,0,0
H0202,2025-03,3.001349983562609,3.0601690759377984,0,0
H0203,2025-03,3.4072447037133218,2.758217202623856,0,0
H0204,2025-03,3.5435177567348224,3.215594579001575,0,0
H0205,2025-03,2.4099803540946194,2.738250638722307,0,0
H0206,2025-03,3.575527806597976,3.721960649819057,0,0
H0207,2025-03,3.2213979748628776,3.7627495892057383,0,0
H0208,2025-03,1.924958675567317,3.59621988577882,0,0
H0209,2025-03,3.2138304693692565,3.6099462994125817,0,0
H0210,2025-03,3.598590938145321,3.5145006242552035,0,0
H0211,2025-03,3.5451357615832624,3.535157776628421,0,0
H0212,2025-03,3.075643039716418,2.4203853154301824,0,0
H0213,2025-03,2.406366709520553,3.5601733581387047,0,0
H0214,2025-03,2.6648082801538435,3.299161158032152,0,1
H0215,2025-03,3.6865704713037823,3.0020786860165374,0,0
H0216,2025-03,2.6881660337765805,2.6684547499277924,0,0
H0217,2025-03,3.4833387486735847,3.399444834064552,0,0
H0218,2025-03,3.105883200418035,3.792139604672905,0,0
H0219,2025-03,3.03629004686504,2.7513617739364804,0,0
H0220,2025-03,2.541568427850663,3.012377750383552,0,0
H0221,2025-03,3.127297062282125,3.1810606595648783,0,0
H0222,2025-03,2.7691939371972,3.607956093127169,0,0
H0223,2025-03,3.931655190965457,3.521277944538344,0,0
H0224,2025-03,3.098921624916581,3.664343583929329,0,0
H0225,2025-03,3.1017614609202733,3.422120323933105,1,0
H0226,2025-03,3.41038647679201,3.99067414325287,0,0
H0227,2025-03,3.3307307998133084,3.759503573831838,0,0
H0228,2025-03,2.639248515108459,2.96061528557224,0,0
H0229,2025-03,2.715465602375094,2.8733338353609383,0,0
H0230,2025-03,3.260977434488937,3.574718155215133,0,0
H0231,2025-03,3.573844757830458,3.616580950611697,0,0
H0232,2025-03,2.834138269277603,2.4891232936711702,0,0
H0233,2025-03,3.9048538842726064,3.180887150404317,0,0
H0234,2025-03,3.3628340032931425,3.435822382010899,0,0
H0235,2025-03,3.240557319316641,2.7205820474307703,0,0
H0236,2025-03,3.5501754191816084,3.2794378868786827,0,0
H0237,2025-03,2.72900074389951,2.702633615260642,0,0
H0238,2025-03,2.522765085921921,2.4338235652045714,0,0
H0239,2025-03,3.5218569095128065,3.400446543646476,0,0
H0240,2025-03,3.1866800972455587,3.455108826802327,0,0
H0241,2025-03,2.7407465370631447,2.831889742738914,0,0
H0242,2025-03,4.004392896683182,2.760215648533813,0,0
H0243,2025-03,3.794780988363224,3.299161158032152,0,1
H0244,2025-03,2.362864672043752,3.0443673798944904,0,0
H0245,2025-03,3.252316292861666,3.5802243742702187,0,0
H0246,2025-03,3.1017614609202733,4.064634336500568,1,0
H0247,2025-03,2.6066101764710177,3.3298232104622394,0,0
H0248,2025-03,3.2337092783561854,3.292572388710131,0,0
H0249,2025-03,2.593407216480078,3.0175188773533583,0,0
H0250,2025-03,2.643409270244919,3.207381992953908,0,0
H0251,2025-03,2.795148450107247,2.6558577266553614,0,0
H0252,2025-03,2.898805390561541,2.89005269082908,0,0
H0253,2025-03,3.1017614609202733,3.564645137194317,1,0
H0254,2025-03,3.1389782914415,3.513377734575692,0,0
H0255,2025-03,3.4806798111210187,3.2434536704419985,0,0
H0256,2025-03,2.6283527070515302,2.7968965932405605,0,0
H0257,2025-03,1.524852450955413,2.965592257944288,0,0
H0258,2025-03,3.723272301899815,3.217452986166661,0,0
H0259,2025-03,3.472393593139411,3.54775961120728,0,0
H0260,2025-03,2.8755120126938496,2.983693794041282,0,0
H0261,2025-03,2.8572635364250387,3.038238301809717,0,0
H0262,2025-03,3.1017614609202733,3.870637798501454,1,0
H0263,2025-03,2.959699097013309,4.203761982781254,0,0
H0264,2025-03,3.04284641135213,3.421929371491077,0,0
H0265,2025-03,2.94997346684774,3.219842329502777,0,0
H0266,2025-03,2.9403494914507347,3.3261921708475497,0,0
H0267,2025-03,3.1099260497433474,3.1351069911970275,0,0
H0268,2025-03,2.3170120459722208,3.7323027147718735,0,0
H0269,2025-03,3.567698480654075,3.925491870431704,0,0
H0270,2025-03,2.9458366752848044,3.305960512817976,0,0
H0271,2025-03,3.5376597970932555,3.6177796821393895,0,0
H0272,2025-03,2.800536898470837,3.384361091829618,0,0
H0273,2025-03,3.423541980848715,4.066993908810671,0,0
H0274,2025-03,2.6533576801524417,3.150180008359097,0,0
H0275,2025-03,3.1017614609202733,3.308221887693647,1,0
H0276,2025-03,2.7344009884457914,3.089270338391323,0,0
H0277,2025-03,3.1017614609202733,3.553443690121066,1,0
H0278,2025-03,3.1905046728700053,3.4127494575668647,0,0
H0279,2025-03,3.43664451253998,3.494811680358099,0,0
H0280,2025-03,3.218994313801064,3.047308539547995,0,0
H0281,2025-03,2.9931148632697564,3.3061820248036646,0,0
H0282,2025-03,4.030316240342015,4.425555075783004,0,0
H0283,2025-03,2.9566330895656865,2.702178571529281,0,0
H0284,2025-03,2.6938172976998227,3.814231355691531,0,0
H0285,2025-03,3.278587326299604,3.299161158032152,0,1
H0286,2025-03,3.1732402214451194,2.48525841331706,0,0
H0287,2025-03,3.9938074194952247,2.495526444990425,0,0
H0288,2025-03,3.382935315607198,3.1363998229253207,0,0
H0289,2025-03,3.873436398185652,3.299161158032152,0,1
H0290,2025-03,3.926074573114818,4.267387856491304,0,0
H0291,2025-03,2.512170730846612,2.7889786881374388,0,0
H0292,2025-03,3.73301055855353,3.413901496473064,0,0
H0293,2025-03,2.666080716917269,3.008712245642672,0,0
H0294,2025-03,3.2921164073043703,3.514996099398056,0,0
H0295,2025-03,2.837955282416809,3.817189839913247,0,0
H0296,2025-03,3.186969043422985,3.627132976605397,0,0
H0297,2025-03,3.438612437346738,3.21302322683557,0,0
H0298,2025-03,3.438523589242731,3.1706156938777617,0,0
H0299,2025-03,3.1107285693807154,2.5455760439887607,0,0
H0300,2025-03,2.870150262616601,2.471276877147273,0,0
H0301,2025-03,3.439602933225128,2.810752007309673,0,0
H0302,2025-03,3.357536960904912,2.9508532160182286,0,0
H0303,2025-03,3.71796511578932,2.6572532003446554,0,0
H0304,2025-03,2.021726361540021,3.663064311772502,0,0
H0305,2025-03,3.130843413593217,3.223449056418055,0,0
H0306,2025-03,3.403491079063212,2.716080460841835,0,0
H0307,2025-03,2.354330627824329,2.6092746265300657,0,0
H0308,2025-03,2.651400032443247,3.299161158032152,0,1
H0309,2025-03,2.5731343523093777,3.382948718700021,0,0
H0310,2025-03,3.2660902848464453,2.8052059871207278,0,0
H0311,2025-03,2.72407449568996,3.057916002490094,0,0
H0312,2025-03,3.2254020377993893,4.003413062523374,0,0
H0313,2025-03,3.560547129769309,3.733336141661646,0,0
H0314,2025-03,2.327075597329127,2.8954892929163694,0,0
H0315,2025-03,3.1979667164381738,3.326131073761148,0,0
H0316,2025-03,3.316960257355454,3.28001416859816,0,0
H0317,2025-03,1.8263033481502808,2.86483208322915,0,0
H0318,2025-03,2.6191085600539967,2.803631974062997,0,0
H0319,2025-03,3.568068374744803,3.2339038272421505,0,0
H0320,2025-03,3.4358835451156247,3.5525946144428437,0,0
H0321,2025-03,2.206820227171677,3.6381332564199154,0,0
H0322,2025-03,3.1017614609202733,3.411691996138438,1,0
H0323,2025-03,2.3989413208265624,3.927282143664068,0,0
H0324,2025-03,3.232005351245154,2.6049456928216124,0,0
H0325,2025-03,3.4143206007978155,3.532006364424139,0,0
H0326,2025-03,2.468307593070037,3.503085498436129,0,0
H0327,2025-03,2.5788283571111816,2.931614740366261,0,0
H0328,2025-03,2.332914550683072,3.1311783793730514,0,0
H0329,2025-03,3.29053001401833,3.9312917887317393,0,0
H0330,2025-03,3.4264403071110974,3.452557984048953,0,0
H0331,2025-03,3.996330746617523,3.3026404304716315,0,0
H0332,2025-03,2.7226721681995443,4.305467375490323,0,0
H0333,2025-03,2.9387539771608737,3.18286397746997,0,0
H0334,2025-03,3.2096915709976432,3.6041834751026527,0,0
H0335,2025-03,3.4008447124493246,3.295263882851172,0,0
H0336,2025-03,2.28954142419728,3.146342748441314,0,0
H0337,2025-03,2.94768465465667,3.8320801269316167,0,0
H0338,2025-03,3.374219838412826,2.74879791511574,0,0
H0339,2025-03,3.4301188196945898,4.53409747817966,0,0
H0340,2025-03,3.3139547948853503,2.9191477987723875,0,0
H0341,2025-03,3.66644246400506,3.695176174060719,0,0
H0342,2025-03,2.130557513742019,3.2156168479347413,0,0
H0343,2025-03,2.6108988629291723,2.7453891926744536,0,0
H0344,2025-03,2.9392260144679407,2.828923903279502,0,0
H0345,2025-03,2.9673919266883115,2.713831452480223,0,0
H0346,2025-03,2.918308261430948,3.089279323156579,0,0
H0347,2025-03,3.529688651702464,3.599649837339871,0,0
H0348,2025-03,3.131830406338584,3.5244068233364123,0,0
H0349,2025-03,3.8935973292750594,3.19605566751268,0,0
H0350,2025-03,3.972360460898673,3.252083384358488,0,0
H0351,2025-03,3.1543230202581523,2.90716237911371,0,0
H0352,2025-03,4.203903019322345,3.4613542994760307,0,0
H0353,2025-03,2.866338137197024,2.9815085051344807,0,0
H0354,2025-03,2.257817049754603,2.7371124035282,0,0
H0355,2025-03,2.277390606772004,2.7531738738134237,0,0
H0356,2025-03,3.1821117401945904,3.628138686084823,0,0
H0357,2025-03,2.98662462050796,3.077968787281197,0,0
H0358,2025-03,2.5760435294505832,3.299161158032152,0,1
H0359,2025-03,3.4754720422304777,3.356115887836559,0,0
H0360,2025-03,3.122812969079368,4.139321619426036,0,0
H0361,2025-03,2.473531373897494,3.3329432000377266,0,0
H0362,2025-03,2.745856549634552,3.692179700110557,0,0
H0363,2025-03,3.70574714053456,3.016235158295542,0,0
H0364,2025-03,2.529026892537696,2.817725485409704,0,0
H0365,2025-03,2.533610815127545,4.087428088370013,0,0
H0366,2025-03,3.710016397720187,3.745243797425149,0,0
H0367,2025-03,3.1017614609202733,2.722486295166701,1,0
H0368,2025-03,3.6003841285768408,3.4169538115714344,0,0
H0369,2025-03,3.7308717568081087,3.8255473575900014,0,0
H0370,2025-03,3.1391527244512267,3.737683632931388,0,0
H0371,2025-03,3.3210278653863385,3.053178125758361,0,0
H0372,2025-03,3.579575004057507,3.558326415312024,0,0
H0373,2025-03,3.5759331467953763,3.086192575820701,0,0
H0374,2025-03,2.821980317605103,3.4876604321065314,0,0
H0375,2025-03,3.1292433411750378,3.2757245507044037,0,0
H0376,2025-03,2.521224542632412,3.5022950855041497,0,0
H0377,2025-03,3.1017614609202733,2.5562364027926803,1,0
H0378,2025-03,3.433604765153933,3.3916050613629314,0,0
H0379,2025-03,3.105337393372474,2.5527728837551287,0,0
H0380,2025-03,2.9342013507475224,4.0216602507200685,0,0
H0381,2025-03,3.437767019921463,3.0454692788638447,0,0
H0382,2025-03,2.5816491378180277,3.024770571416471,0,0
H0383,2025-03,2.9441982217375786,3.598515921879639,0,0
H0384,2025-03,3.5087103365649464,3.356413427142931,0,0
H0385,2025-03,3.253694219077257,3.4132873365239065,0,0
H0386,2025-03,2.8676025863176253,2.944729258436847,0,0
H0387,2025-03,4.002281337866936,3.013292233904141,0,0
H0388,2025-03,3.063537111344889,2.7507637656436064,0,0
H0389,2025-03,3.4867947577687173,3.2265037269328123,0,0
H0390,2025-03,3.156174150918195,3.5872396470033983,0,0
H0391,2025-03,2.744972826003091,2.6011416978985986,0,0
H0392,2025-03,3.2856878970586068,3.3530230688960376,0,0
H0393,2025-03,2.880034336648096,3.5061900096758816,0,0
H0394,2025-03,2.760075949464593,3.460810920600529,0,0
H0395,2025-03,3.006500374581411,2.4568837894338733,0,0
H0396,2025-03,3.137851646801796,2.788175041040313,0,0
H0397,2025-03,3.3620784980949354,3.453483669587972,0,0
H0398,2025-03,2.6135593706833915,3.806687991845256,0,0
H0399,2025-03,2.9024796329442006,3.0246343809450145,0,0
H0400,2025-03,2.9611084391598697,3.034530752048951,0,0
H0401,2025-03,4.367003906775893,3.3272162348253382,0,0
H0402,2025-03,2.779221449339788,3.265741227036439,0,0
H0403,2025-03,2.418212403790673,2.999474229708944,0,0
H0404,2025-03,3.7608066595674616,3.780309825529685,0,0
H0405,2025-03,3.4221883538245788,3.670205453001432,0,0
H0406,2025-03,3.068273987081227,3.2246604507141674,0,0
H0407,2025-03,3.349424165142432,3.56727065601404,0,0
H0408,2025-03,3.250945720093211,2.7723555649927696,0,0
H0409,2025-03,3.887399089068512,3.338235208445187,0,0
H0410,2025-03,3.25327986535318,3.4504174955607225,0,0
H0411,2025-03,2.638157299739115,3.9236883295191785,0,0
H0412,2025-03,2.116266644708757,2.853569243882671,0,0
H0413,2025-03,3.116899672227465,4.528936187070722,0,0
H0414,2025-03,2.9798472046941265,2.585735437885324,0,0
H0415,2025-03,3.6380946845339377,3.9790214339667016,0,0
H0416,2025-03,2.5606477064139894,3.964654242917444,0,0
H0417,2025-03,2.4877995842389296,4.041224316753125,0,0
H0418,2025-03,1.836024171381523,3.0607247928581653,0,0
H0419,2025-03,3.1263331961989604,3.3446184414862934,0,0
H0420,2025-03,2.5929486007622327,3.0643751759255182,0,0
H0421,2025-03,2.710339688218501,3.040163429609691,0,0
H0422,2025-03,3.1017614609202733,3.6871688247233463,1,0
H0423,2025-03,3.232312189201355,3.039680772506041,0,0
H0424,2025-03,2.998981863401121,3.402735048687654,0,0
H0425,2025-03,3.551212225046932,2.966159239356988,0,0
H0426,2025-03,3.3928173345600388,3.143729887857873,0,0
H0427,2025-03,3.8318979558551183,3.0890739187013048,0,0
H0428,2025-03,3.749472874762695,3.137359466310535,0,0
H0429,2025-03,3.556838958843344,3.3756085188996283,0,0
H0430,2025-03,2.7805586603390102,3.05918429766887,0,0
H0431,2025-03,3.3453895143436414,3.412817956946657,0,0
H0432,2025-03,2.102545104762439,3.1910274130544174,0,0
H0433,2025-03,2.7126921881180275,3.1283930110010267,0,0
H0434,2025-03,3.636157206795601,3.618467272064148,0,0
H0435,2025-03,3.056794371558106,3.898105116475437,0,0
H0436,2025-03,3.1017614609202733,3.340429597328284,1,0
H0437,2025-03,4.253538743501841,3.3912643201262256,0,0
H0438,2025-03,2.8780874253315485,3.3777475666791776,0,0
H0439,2025-03,2.734948368744041,2.84257955295514,0,0
H0440,2025-03,2.8095375364694144,2.6734168135094807,0,0
H0441,2025-03,2.9695562891713334,3.6190678136977774,0,0
H0442,2025-03,3.2230182645065417,3.382595771399904,0,0
H0443,2025-03,2.982556688667133,3.4484457850645054,0,0
H0444,2025-03,3.305784918522656,2.8119475902027125,0,0
H0445,2025-03,3.4416694598101167,3.805649618100196,0,0
H0446,2025-03,2.705553185580773,3.060226709897826,0,0
H0447,2025-03,2.971919288509401,3.479765941822767,0,0
H0448,2025-03,2.38826082359256,2.42710821055818,0,0
H0449,2025-03,3.357292411059733,3.089761134563791,0,0
H0450,2025-03,3.283880581601874,3.6839321400015295,0,0
H0451,2025-03,3.013402837511606,3.6514363666058416,0,0
H0452,2025-03,3.3616442741260686,2.8719270621922988,0,0
H0453,2025-03,3.1819202100292587,3.250890599825693,0,0
H0454,2025-03,4.0445554000548825,3.212686173031476,0,0
H0455,2025-03,3.346690872344368,3.100900000866232,0,0
H0456,2025-03,3.164452354893484,4.315341989605519,0,0
H0457,2025-03,3.1197661407876973,3.154328469048941,0,0
H0458,2025-03,2.526132302177863,2.200271612245552,0,0
H0459,2025-03,3.008500172303098,3.156047425711517,0,0
H0460,2025-03,2.412801006747874,2.8892819698569925,0,0
H0461,2025-03,2.77814313618342,2.0908548815339896,0,0
H0462,2025-03,3.723056743216522,3.606349778313621,0,0
H0463,2025-03,3.571427752022169,3.6880095905230696,0,0
H0464,2025-03,3.1017614609202733,3.299161158032152,1,1
H0465,2025-03,2.6911286803493994,3.1761335646920577,0,0
H0466,2025-03,3.260308796426006,3.04419462329467,0,0
H0467,2025-03,2.8895049951312344,3.099604212213252,0,0
H0468,2025-03,2.8838483253673264,3.561982024420999,0,0
H0469,2025-03,3.783005229791886,2.583748133509972,0,0
H0470,2025-03,2.6940044460346533,3.043993844310736,0,0
H0471,2025-03,2.753019844809434,3.5423629052208443,0,0
H0472,2025-03,3.104459179681152,2.56948393078514,0,0
H0473,2025-03,2.7738487687943127,3.9080883588859994,0,0
H0474,2025-03,3.036523788219184,3.9468086974244576,0,0
H0475,2025-03,3.771301107489893,3.1437064272113746,0,0
H0476,2025-03,3.958441276055809,2.914533548122784,0,0
H0477,2025-03,2.3780175023627423,2.751225896815388,0,0
H0478,2025-03,2.502574360654547,3.289697514748052,0,0
H0479,2025-03,2.7567409709964608,4.211238010777959,0,0
H0480,2025-03,1.5715469401442783,2.9249421255947072,0,0
H0481,2025-03,3.838062634656588,2.9704679569583234,0,0
H0482,2025-03,3.4828294393926367,3.301605080975142,0,0
H0483,2025-03,2.3435877215205108,3.1120956661077885,0,0
H0484,2025-03,2.5937352014907304,3.3828847709739254,0,0
H0485,2025-03,3.3188799182535504,2.8153914855185485,0,0
H0486,2025-03,3.130377803749364,2.684268548422275,0,0
H0487,2025-03,3.764608607183799,3.383541912448112,0,0
H0488,2025-03,3.412217718980015,3.299161158032152,0,1
H0489,2025-03,2.990809765030509,2.573616726014884,0,0
H0490,2025-03,2.5911247488703544,3.5179850470167016,0,0
H0491,2025-03,2.825685144957645,2.189975617831831,0,0
H0492,2025-03,3.998233800345728,3.444352443866027,0,0
H0493,2025-03,4.338485996926659,3.163900140849724,0,0
H0494,2025-03,3.881155525209696,3.84841408050968,0,0
H0495,2025-03,2.2611115375337723,2.53178968476195,0,0
H0496,2025-03,3.3875528556024603,3.497468694669685,0,0
H0497,2025-03,3.19116013317524,3.232405138904417,0,0
H0498,2025-03,3.1017614609202733,2.759726894351896,1,0
H0499,2025-03,3.1017614609202733,3.193756019468092,1,0
H0500,2025-03,2.7657552915420847,3.51389007239835,0,0
H0501,2025-03,3.1247802407039718,3.076631774586222,0,0
H0502,2025-03,2.491986033159619,3.1043966742219475,0,0
H0503,2025-03,2.975737691852948,3.5640346831856524,0,0
H0504,2025-03,3.265628837062928,3.132161935512023,0,0
H0505,2025-03,3.204683303246135,3.009295185654128,0,0
H0506,2025-03,2.4168387275578675,4.305201153083273,0,0
H0507,2025-03,3.4941741257070777,2.954644249205728,0,0
H0508,2025-03,2.954543093882694,2.48934405875161,0,0
H0509,2025-03,3.4492116247638585,3.0702993133618763,0,0
H0510,2025-03,3.8250271967908462,2.9232539895424643,0,0
H0511,2025-03,2.8513043570606844,3.701940667278703,0,0
H0512,2025-03,2.887469338860249,2.860037587715914,0,0
H0513,2025-03,3.148254608141287,3.7867531289777614,0,0
H0514,2025-03,2.9801068096763914,3.2035254973241125,0,0
H0515,2025-03,2.830519948191885,3.299161158032152,0,1
H0516,2025-03,3.398628995326292,3.941072274619317,0,0
H0517,2025-03,2.568024975471661,2.9321466417814968,0,0
H0518,2025-03,3.417077324609931,3.2463077881867157,0,0
H0519,2025-03,3.1017614609202733,3.0943487907453195,1,0
H0520,2025-03,2.316745181576092,3.1217954908677594,0,0
H0521,2025-03,3.4492356319682447,3.528586644450816,0,0
H0522,2025-03,3.193577671779785,3.383493281046525,0,0
H0523,2025-03,2.495000275007487,3.29928606892459,0,0
H0524,2025-03,2.8702506461492074,3.1803574148183253,0,0
H0525,2025-03,3.4178532991267314,2.277061921035586,0,0
H0526,2025-03,3.9109319677390473,3.219384621451965,0,0
H0527,2025-03,2.4921534291489382,2.521230712653308,0,0
H0528,2025-03,3.0014821731769947,2.8169886053455726,0,0
H0529,2025-03,2.5410738097356305,3.58070691707833,0,0
H0530,2025-03,3.131145432745172,3.655078373720236,0,0
H0531,2025-03,2.681145354329576,3.901631394722359,0,0
H0532,2025-03,3.658605546815031,3.3585764564025045,0,0
H0533,2025-03,3.492264481625885,2.8075411524483207,0,0
H0534,2025-03,3.537937350148716,2.7040754646834357,0,0
H0535,2025-03,3.0577666558970766,3.974419928510368,0,0
H0536,2025-03,2.9061061128215484,3.014303219342139,0,0
H0537,2025-03,3.213897463576781,2.90794284703278,0,0
H0538,2025-03,3.951238983757852,3.3171255434520046,0,0
H0539,2025-03,3.879021557505064,4.050109126680021,0,0
H0540,2025-03,3.927110164750502,3.0608435006778056,0,0
H0541,2025-03,2.973466981703325,3.1694352197790194,0,0
H0542,2025-03,2.684593868701118,2.616099645452113,0,0
H0543,2025-03,3.289246714305201,3.31472383614056,0,0
H0544,2025-03,3.1349363820094696,2.620510533259945,0,0
H0545,2025-03,3.190012337810273,2.8158727718347474,0,0
H0546,2025-03,2.5357421820431245,3.299161158032152,0,1
H0547,2025-03,2.663275832946178,2.930891487181688,0,0
H0548,2025-03,3.9519494850893846,2.87937550947775,0,0
H0549,2025-03,2.811691663930033,3.627071761422026,0,0
H0550,2025-03,3.3581526007990194,3.588268317301393,0,0
H0551,2025-03,2.40857212151276,2.9627873389102737,0,0
H0552,2025-03,3.2861104966774266,3.318310988774193,0,0
H0553,2025-03,2.850564085940018,3.169022579953745,0,0
H0554,2025-03,2.722346563014222,2.795151192502287,0,0
H0555,2025-03,3.8188154089930615,3.7631421965175456,0,0
H0556,2025-03,3.139410232080172,3.885803560091232,0,0
H0557,2025-03,3.9004293628699473,3.724191226731158,0,0
H0558,2025-03,3.072380599727962,3.143214246774951,0,0
H0559,2025-03,3.1017614609202733,2.560582278477489,1,0
H0560,2025-03,2.8630339152934834,2.671794446004679,0,0
H0561,2025-03,2.9914250592396088,2.848340644807174,0,0
H0562,2025-03,2.8897330988422407,3.793515132399517,0,0
H0563,2025-03,3.4124709827382818,3.1128274978840054,0,0
H0564,2025-03,2.883666199843561,3.4464010741271425,0,0
H0565,2025-03,2.6043271481130628,3.5571623789871327,0,0
H0566,2025-03,2.945149419955404,3.299161158032152,0,1
H0567,2025-03,3.9990057780379176,3.286005833767612,0,0
H0568,2025-03,3.419932054731416,3.5341801491834905,0,0
H0569,2025-03,3.1195039051226283,2.610072336078585,0,0
H0570,2025-03,2.407154588233739,3.3369623701274747,0,0
H0571,2025-03,2.8415719892170186,3.8745276215364566,0,0
H0572,2025-03,2.455907480519865,3.299161158032152,0,1
H0573,2025-03,3.090937272676689,3.5993298929464883,0,0
H0574,2025-03,2.410422753841441,3.3771390796247243,0,0
H0575,2025-03,3.313513301961672,3.319556104455992,0,0
H0576,2025-03,3.0577896153491086,3.54945802744365,0,0
H0577,2025-03,2.1177573347581267,3.338501590976804,0,0
H0578,2025-03,2.9871442442183267,3.4481861732738173,0,0
H0579,2025-03,3.601175614412913,2.929721459721053,0,0
H0580,2025-03,2.9249188314947663,2.109744194050485,0,0
H0581,2025-03,2.5217277316184648,3.8127698348427432,0,0
H0582,2025-03,3.680031377753133,3.998199445996552,0,0
H0583,2025-03,3.2924389990887795,2.8224077323810866,0,0
H0584,2025-03,3.391464677905613,3.5211509945007755,0,0
H0585,2025-03,2.9511057130595657,2.6916099092985752,0,0
H0586,2025-03,3.1017614609202733,3.501867755252615,1,0
H0587,2025-03,3.792363390673714,3.9298412372199967,0,0
H0588,2025-03,3.2780174416629606,3.299161158032152,0,1
H0589,2025-03,3.5857514712133485,4.39368276287942,0,0
H0590,2025-03,3.611725367147255,3.305984757577904,0,0
H0591,2025-03,3.6026022060198555,3.4935411268099736,0,0
H0592,2025-03,2.3735402316433403,3.737738620613485,0,0
H0593,2025-03,3.212512680500845,3.483532873478977,0,0
H0594,2025-03,2.522677952841121,3.449655930339888,0,0
H0595,2025-03,2.385666221710328,3.303986374317798,0,0
H0596,2025-03,3.146188623200754,3.36749434553282,0,0
H0597,2025-03,3.4368134060049518,2.8325496092680216,0,0
H0598,2025-03,2.773219836137097,3.376789764473763,0,0
H0599,2025-03,2.6744701323512348,3.2531666101468457,0,0
H0600,2025-03,2.662716810786473,3.217979756720993,0,0
C0001,2025-03,3.693561658026805,3.895190071665744,0,0
C0002,2025-03,2.5184052007801423,3.1035154043100124,0,0
C0003,2025-03,2.296848641133182,3.060092501233336,0,0
C0004,2025-03,2.83243145172271,3.244376771496677,0,0
C0005,2025-03,2.793998674049514,2.965268406975756,0,0
C0006,2025-03,2.587252614944114,3.343538071277542,0,0
C0007,2025-03,3.168922827275781,3.408424171283442,0,0
C0008,2025-03,3.108466786390975,3.5188776391100234,0,0
C0009,2025-03,2.8975043599558137,3.3206592437563933,0,0
C0010,2025-03,2.8351094580937106,3.3739707678886512,0,0
C0011,2025-03,2.3982492469959795,3.41675058512834,0,0
C0012,2025-03,2.470452144500589,4.051635054030976,0,0
C0013,2025-03,2.8337114736269986,2.813331289283404,0,0
C0014,2025-03,3.3885312734585464,3.0563261724570747,0,0
C0015,2025-03,2.9229109823394355,3.703258597363404,0,0
C0016,2025-03,4.117610778673777,3.297010655150808,0,0
C0017,2025-03,3.060262785160998,3.6744106219946215,0,0
C0018,2025-03,2.8144709599907736,2.852660307457759,0,0
C0019,2025-03,3.5037304042344424,3.663039384750788,0,0
C0020,2025-03,3.4480553502874374,3.663613546092284,0,0
C0021,2025-03,3.1399099324463,2.88089204649704,0,0
C0022,2025-03,2.8699356671937206,3.2754797780471185,0,0
C0023,2025-03,3.195234152841864,2.388739978848689,0,0
C0024,2025-03,3.7140384922123566,3.3304095564161207,0,0
C0025,2025-03,2.683769963946519,3.8023225038971087,0,0
C0026,2025-03,2.305685708048699,2.58776985770254,0,0
C0027,2025-03,3.1378206914877853,3.2790327086123576,0,0
C0028,2025-03,3.1017614609202733,3.0107939750837334,1,0
C0029,2025-03,2.217872240178009,3.5355459027855085,0,0
C0030,2025-03,2.8109025079465098,3.317312613829462,0,0
C0031,2025-03,3.8936444672013897,3.5642501646006064,0,0
C0032,2025-03,3.229088716947965,3.620034623506702,0,0
C0033,2025-03,3.4047398260220803,3.08065181537467,0,0
C0034,2025-03,3.119961736557352,3.2416293719148297,0,0
C0035,2025-03,3.404172071871721,2.995656409225907,0,0
C0036,2025-03,3.683832569970255,3.1843399806322337,0,0
C0037,2025-03,2.4360002180200087,2.9546592314745017,0,0
C0038,2025-03,2.2185508940205105,3.5297327256128117,0,0
C0039,2025-03,3.1017614609202733,2.777401404880496,1,0
C0040,2025-03,3.021164668283794,3.3437870005310546,0,0
C0041,2025-03,4.110185187720688,3.103851230398461,0,0
C0042,2025-03,2.4052916844668366,2.7703821626263125,0,0
C0043,2025-03,3.843872554947938,4.147127704412064,0,0
C0044,2025-03,2.699955153037673,3.797312962047133,0,0
C0045,2025-03,3.013643101259914,2.8310604624008184,0,0
C0046,2025-03,3.201338370168658,2.995613192698652,0,0
C0047,2025-03,3.24822501242165,3.505091518485255,0,0
C0048,2025-03,3.160410530190775,2.915178544280344,0,0
C0049,2025-03,2.897445874125475,3.379108692374475,0,0
C0050,2025-03,3.250172038413914,2.780877456415356,0,0
C0051,2025-03,2.5496127954675902,3.0933014114255646,0,0
C0052,2025-03,2.514123038582844,3.010121375273137,0,0
C0053,2025-03,2.8726600917529104,3.2944738810385346,0,0
C0054,2025-03,3.2524802943115017,3.916417275255275,0,0
C0055,2025-03,3.2512761267331114,3.0541869236351733,0,0
C0056,2025-03,2.9334229516513908,3.523560152249265,0,0
C0057,2025-03,3.746262231921973,3.710927424000392,0,0
C0058,2025-03,3.21336672788663,3.299161158032152,0,1
C0059,2025-03,3.193914976609738,3.188832136276838,0,0
C0060,2025-03,2.9664925106787265,3.4830548770324987,0,0
C0061,2025-03,2.763535956950004,2.6614104510221788,0,0
C0062,2025-03,2.028343918520651,2.9065367780873057,0,0
C0063,2025-03,3.512602055617612,3.6546147987223514,0,0
C0064,2025-03,2.728796725140395,3.211954903380433,0,0
C0065,2025-03,3.1564457783273783,3.259778654240232,0,0
C0066,2025-03,3.255202390879632,3.5097665685646686,0,0
C0067,2025-03,2.781920661913868,3.1987370747667465,0,0
C0068,2025-03,3.151985857067328,1.746008638951832,0,0
C0069,2025-03,2.992323011179692,3.7014117639504063,0,0
C0070,2025-03,2.801750270774206,3.09933533963148,0,0
C0071,2025-03,3.218941584020956,3.804991494970564,0,0
C0072,2025-03,1.8835294481677745,3.4687788843984544,0,0
C0073,2025-03,2.331567767704476,2.95577860577524,0,0
C0074,2025-03,3.331964941476607,2.6539481341613915,0,0
C0075,2025-03,2.834580506754766,3.691781194734727,0,0
C0076,2025-03,3.307829924331968,4.010994170183565,0,0
C0077,2025-03,2.6332489631532554,3.3125265652977816,0,0
C0078,2025-03,3.1017614609202733,3.3015447636612185,1,0
C0079,2025-03,3.431243056304528,3.8854334751725847,0,0
C0080,2025-03,2.6572928846820867,3.040525546653765,0,0
C0081,2025-03,3.8225418786431153,3.668297836488623,0,0
C0082,2025-03,3.4083592467514685,3.108991257312862,0,0
C0083,2025-03,3.5742876912947903,3.7153481770087087,0,0
C0084,2025-03,2.189713623360554,3.257167062803978,0,0
C0085,2025-03,3.155288147939362,3.2713190376215837,0,0
C0086,2025-03,4.243997026711311,3.7944549722568,0,0
C0087,2025-03,2.1645482254438,3.768535174219276,0,0
C0088,2025-03,3.836857655485515,3.570919403724584,0,0
C0089,2025-03,1.655620495667038,3.3489027604541457,0,0
C0090,2025-03,3.047453075155535,3.44773752724538,0,0
C0091,2025-03,2.7735549140383746,3.299161158032152,0,1
C0092,2025-03,3.26435589251727,3.455410438234948,0,0
C0093,2025-03,4.029949424505587,3.638731455176875,0,0
C0094,2025-03,2.673891851791302,3.4426940211971844,0,0
C0095,2025-03,3.8108932721996807,2.9391862452659527,0,0
C0096,2025-03,2.471354813177052,3.1294135501164737,0,0
C0097,2025-03,3.471760569453227,3.380206319065932,0,0
C0098,2025-03,2.4035785724294234,2.810500868163069,0,0
C0099,2025-03,3.538062432183988,2.212856845796865,0,0
C0100,2025-03,4.245565091188696,3.64449446547652,0,0
C0101,2025-03,3.115448924571801,4.093597997853939,0,0
C0102,2025-03,3.9168837381428574,3.614811315525957,0,0
C0103,2025-03,3.5181703655158687,3.5059343825327587,0,0
C0104,2025-03,2.801162651004463,2.6225392094285622,0,0
C0105,2025-03,2.8631035188920886,3.178659758753768,0,0
C0106,2025-03,2.282942063386141,2.152187438511437,0,0
C0107,2025-03,3.143293227734177,3.1352853552752578,0,0
C0108,2025-03,2.624810264979704,3.299161158032152,0,1
C0109,2025-03,3.524514875405772,3.852690322360238,0,0
C0110,2025-03,2.836997637686677,2.265572555086642,0,0
C0111,2025-03,3.709485718589303,2.9952437423578884,0,0
C0112,2025-03,2.747190372150214,3.6503367091990255,0,0
C0113,2025-03,2.2044737348567174,2.635673660346143,0,0
C0114,2025-03,3.1017614609202733,2.4632198355465684,1,0
C0115,2025-03,3.3322012034986868,3.072832483363516,0,0
C0116,2025-03,3.2980107206425457,3.032038743854328,0,0
C0117,2025-03,3.070627082484326,3.0884636110918144,0,0
C0118,2025-03,3.404662838870869,2.3837392523763064,0,0
C0119,2025-03,2.7104475984816445,3.890369680577508,0,0
C0120,2025-03,2.641835122989863,3.4589861730311777,0,0
C0121,2025-03,3.039043769029394,3.1811939048648723,0,0
C0122,2025-03,2.744596398680239,3.299161158032152,0,1
C0123,2025-03,2.820980341482639,3.021070116870918,0,0
C0124,2025-03,3.038753895642285,3.705714175459467,0,0
C0125,2025-03,3.1017614609202733,3.7276192752419,1,0
C0126,2025-03,2.190474077183769,2.840401478356883,0,0
C0127,2025-03,2.895031850572404,3.482947898700322,0,0
C0128,2025-03,3.507258063939551,2.861974539502825,0,0
C0129,2025-03,2.714062735695955,3.360523476580547,0,0
C0130,2025-03,2.302680409270258,2.638468443263112,0,0
C0131,2025-03,3.289601498292327,3.732879944959151,0,0
C0132,2025-03,3.025479066010836,3.3136084059998807,0,0
C0133,2025-03,2.356497601107621,3.269346130530001,0,0
C0134,2025-03,2.2639626076436867,3.298508342460659,0,0
C0135,2025-03,3.854061282758471,2.852594297007933,0,0
C0136,2025-03,2.6106404603390536,3.1644446451118604,0,0
C0137,2025-03,3.546862044469936,3.794740948987764,0,0
C0138,2025-03,3.2917103056898096,3.2557833416946207,0,0
C0139,2025-03,3.810451123961321,3.686200134344556,0,0
C0140,2025-03,3.028096410603086,2.9679722561919237,0,0
C0141,2025-03,3.06681669260442,3.622087875383293,0,0
C0142,2025-03,3.6112804174129978,3.637076105163787,0,0
C0143,2025-03,2.0857554745803624,3.515886285586399,0,0
C0144,2025-03,3.6665013316484862,3.80659333218596,0,0
C0145,2025-03,3.623014407708305,2.4801521265616726,0,0
C0146,2025-03,2.543140447987324,2.972634062364839,0,0
C0147,2025-03,3.2934861406129694,3.770949372912514,0,0
C0148,2025-03,3.4155186862271485,3.691765055352465,0,0
C0149,2025-03,3.1017614609202733,3.1257435508786844,1,0
C0150,2025-03,2.787014270526927,4.119855658515659,0,0
C0151,2025-03,2.729722884449598,3.3342082657029937,0,0
C0152,2025-03,2.9859894837856507,3.5690366871614567,0,0
C0153,2025-03,4.713855713789145,3.0315524354417187,0,0
C0154,2025-03,3.2018377631489336,3.721676122108111,0,0
C0155,2025-03,2.0915054363728167,3.4762891285429816,0,0
C0156,2025-03,3.077362931442482,3.538875467003504,0,0
C0157,2025-03,2.891521433396441,4.051357052585683,0,0
C0158,2025-03,3.777027148662154,3.1859612558262924,0,0
C0159,2025-03,3.605058583069013,3.612320249834747,0,0
C0160,2025-03,2.9989014987414966,3.612021986548578,0,0
C0161,2025-03,2.4249103978880715,3.083180287574989,0,0
C0162,2025-03,3.449808208700114,2.94997980646108,0,0
C0163,2025-03,2.9470233888250346,3.2667224443311054,0,0
C0164,2025-03,3.2957516161323626,3.799395538422348,0,0
C0165,2025-03,3.3383926762205838,2.9641520925092437,0,0
C0166,2025-03,3.020118356772465,2.9688531627875445,0,0
C0167,2025-03,3.438718432697644,3.583286328175173,0,0
C0168,2025-03,3.7329997621768247,3.1324918939521766,0,0
C0169,2025-03,3.427899456757256,3.0179304031759373,0,0
C0170,2025-03,2.2545720658905783,2.8081355329754105,0,0
C0171,2025-03,3.0860234130806825,3.7053568807881216,0,0
C0172,2025-03,1.5164226616284369,3.577996946569682,0,0
C0173,2025-03,2.842234644287005,2.40396663933534,0,0
C0174,2025-03,3.288890533603436,3.213541361454193,0,0
C0175,2025-03,3.6766039411201312,3.841187053866857,0,0
C0176,2025-03,3.3777849511279125,3.139675047873858,0,0
C0177,2025-03,3.2315719904753464,2.975735988269052,0,0
C0178,2025-03,3.698173731956994,4.25664855149442,0,0
C0179,2025-03,2.731910390540404,2.8271231512364743,0,0
C0180,2025-03,2.7454153982738814,3.483587817698112,0,0
C0181,2025-03,2.9504636755767457,3.295212252105174,0,0
C0182,2025-03,3.927948561207981,4.492696592334376,0,0
C0183,2025-03,3.213249173487384,3.641323969843192,0,0
C0184,2025-03,3.2969204648170845,2.559695914246429,0,0
C0185,2025-03,3.103548143223662,2.930800422445173,0,0
C0186,2025-03,3.079255234082884,2.963053182208069,0,0
C0187,2025-03,3.3713756801904777,3.601835273120615,0,0
C0188,2025-03,2.583273049066425,2.6437547829845567,0,0
C0189,2025-03,3.308805869749542,3.503672798826877,0,0
C0190,2025-03,2.892041957813461,3.287820957434,0,0
C0191,2025-03,3.690172040171044,3.29728277258778,0,0
C0192,2025-03,2.191377803429331,3.5609218274866974,0,0
C0193,2025-03,2.963905024629134,3.6037033790622486,0,0
C0194,2025-03,2.649814251346558,4.115329285611376,0,0
C0195,2025-03,3.5378669235404603,4.578223212042992,0,0
C0196,2025-03,3.712217279116555,3.154575102954146,0,0
C0197,2025-03,3.1943977865918605,3.43747790948171,0,0
C0198,2025-03,3.9123511160041646,3.0035290725492456,0,0
C0199,2025-03,3.112626644543811,3.375137908228616,0,0
C0200,2025-03,2.5526245284180504,3.003071407525585,0,0
C0201,2025-03,3.1017614609202733,3.05935618233344,1,0
C0202,2025-03,4.256122889679672,3.0841213703943087,0,0
C0203,2025-03,3.478529402056288,3.571129980831138,0,0
C0204,2025-03,2.910130872902136,4.11024721335144,0,0
C0205,2025-03,3.1017614609202733,3.0719511166599007,1,0
C0206,2025-03,3.3062085676625874,2.5278893388429795,0,0
C0207,2025-03,2.9440929057067726,3.5969814509940083,0,0
C0208,2025-03,3.798257468185267,3.299161158032152,0,1
C0209,2025-03,2.9801064172978524,4.319099519688857,0,0
C0210,2025-03,3.583382757888788,3.3399569093684414,0,0
C0211,2025-03,3.532835813127387,3.3549526959974494,0,0
C0212,2025-03,2.885562586727141,3.906459593669166,0,0
C0213,2025-03,2.747391072615457,2.6728002463916427,0,0
C0214,2025-03,3.5928802356046594,3.035766058246665,0,0
C0215,2025-03,3.113897240503985,3.732391861675925,0,0
C0216,2025-03,3.1998032503541616,2.705280759322323,0,0
C0217,2025-03,3.138173553947958,2.8631284108946105,0,0
C0218,2025-03,2.579166533310152,2.580489426877914,0,0
C0219,2025-03,3.686494884747215,2.8393905775260677,0,0
C0220,2025-03,2.807895346507092,3.202233219185082,0,0
C0221,2025-03,2.9076384956113457,3.394913169681589,0,0
C0222,2025-03,3.5840430745443186,3.218895971465031,0,0
C0223,2025-03,3.321323844846801,4.019344627850389,0,0
C0224,2025-03,3.003459207274157,3.1157753218335875,0,0
C0225,2025-03,2.9594150282930367,2.6818311370669106,0,0
C0226,2025-03,3.813136444007589,3.052000419554892,0,0
C0227,2025-03,1.791710872016787,2.827073353501655,0,0
C0228,2025-03,3.466912480586786,4.453231534884701,0,0
C0229,2025-03,3.1017614609202733,3.429828863320186,1,0
C0230,2025-03,3.102134232435996,4.0013978655959885,0,0
C0231,2025-03,3.1081276640938977,2.1664890242397,0,0
C0232,2025-03,3.5395676289033915,2.7210259572109035,0,0
C0233,2025-03,3.1844689162439432,2.56469363120094,0,0
C0234,2025-03,2.5407159053625707,3.0593688538541204,0,0
C0235,2025-03,3.2304438382111726,3.5087904058222814,0,0
C0236,2025-03,3.4181539562818863,3.722451944321045,0,0
C0237,2025-03,3.046743692791223,3.43566492412186,0,0
C0238,2025-03,3.6255999975544544,3.725956622242436,0,0
C0239,2025-03,2.8957446640859885,3.297097906550151,0,0
C0240,2025-03,2.819842037930393,3.075024743305108,0,0
C0241,2025-03,3.445265834756816,3.163315253367778,0,0
C0242,2025-03,3.4405401519038463,3.764577970230815,0,0
C0243,2025-03,4.106812907706657,3.816556607145881,0,0
C0244,2025-03,3.0986321136017145,2.927200487363769,0,0
C0245,2025-03,3.357250400550744,3.4186544725880705,0,0
C0246,2025-03,2.732199258193566,3.7609478882052048,0,0
C0247,2025-03,3.278828111162833,2.886980367677836,0,0
C0248,2025-03,2.4553581816662047,3.284630523453333,0,0
C0249,2025-03,3.551658465288861,3.1930016459287502,0,0
C0250,2025-03,3.01394672549369,3.662966179852164,0,0
C0251,2025-03,3.72490054551033,3.674267002961533,0,0
C0252,2025-03,3.811438661439669,3.687233639367223,0,0
C0253,2025-03,3.276045887964612,3.0045296995977213,0,0
C0254,2025-03,2.770111753529712,2.710447086612871,0,0
C0255,2025-03,3.2395320069209617,2.821037422821221,0,0
C0256,2025-03,2.5069933311414245,3.5023674746654843,0,0
C0257,2025-03,3.236336752088993,3.580161528643672,0,0
C0258,2025-03,2.595507246758118,3.448174870515212,0,0
C0259,2025-03,2.977103286279009,3.7118984906458254,0,0
C0260,2025-03,4.165078018773635,3.339362849368448,0,0
C0261,2025-03,2.869060600589183,3.0577418032327435,0,0
C0262,2025-03,2.6234885668571524,3.299161158032152,0,1
C0263,2025-03,2.1686150730850686,3.3971145772895905,0,0
C0264,2025-03,2.859671586911757,3.0611122595174507,0,0
C0265,2025-03,3.372983818232301,3.013822314276055,0,0
C0266,2025-03,2.3102414559399245,3.278088036984354,0,0
C0267,2025-03,2.671620138361372,3.384282823704471,0,0
C0268,2025-03,3.1313585744933112,3.253683453392165,0,0
C0269,2025-03,3.0171637753731426,3.6430914688692506,0,0
C0270,2025-03,2.8278696166002453,2.942679473857088,0,0
C0271,2025-03,2.841440782296245,2.607553635995923,0,0
C0272,2025-03,3.8521348589438418,2.8313374745642914,0,0
C0273,2025-03,2.6844748288657203,3.310695254859996,0,0
C0274,2025-03,3.826455221976995,3.8859297215810926,0,0
C0275,2025-03,2.812751144602547,2.9267679661173904,0,0
C0276,2025-03,2.8520467535706304,3.090581636072023,0,0
C0277,2025-03,3.358055263037073,3.378380725235661,0,0
C0278,2025-03,2.299592054792282,3.4618810651786767,0,0
C0279,2025-03,2.9521584503781866,3.299161158032152,0,1
C0280,2025-03,3.017646236208849,2.876030928456249,0,0
C0281,2025-03,3.9526672639047313,3.299161158032152,0,1
C0282,2025-03,4.07470942876652,3.878079661798239,0,0
C0283,2025-03,2.925564456652923,3.554851213274572,0,0
C0284,2025-03,3.102813640167138,2.7984506696675786,0,0
C0285,2025-03,3.1131024415340693,3.916923985872328,0,0
C0286,2025-03,2.890859904467495,3.827227517270262,0,0
C0287,2025-03,2.854970253425781,3.299161158032152,0,1
C0288,2025-03,3.55667604785476,3.065076946256568,0,0
C0289,2025-03,3.832059826783672,3.425220397957144,0,0
C0290,2025-03,3.726694115859434,3.9944313829878304,0,0
C0291,2025-03,4.255380208621619,3.353865429313652,0,0
C0292,2025-03,2.963421248840153,2.8151153876673773,0,0
C0293,2025-03,3.4899607928340712,3.498444421244317,0,0
C0294,2025-03,3.780605914475166,3.478211331780852,0,0
C0295,2025-03,2.146668701214396,2.370111014336078,0,0
C0296,2025-03,2.866220267685409,2.74009916109871,0,0
C0297,2025-03,3.300518479638785,3.299161158032152,0,1
C0298,2025-03,3.115709591851033,3.1801405783715317,0,0
C0299,2025-03,3.1710361921506727,4.145588170711244,0,0
C0300,2025-03,3.0848342332398206,3.593774397012697,0,0
C0301,2025-03,2.922531041721665,3.299161158032152,0,1
C0302,2025-03,1.9638513195454463,3.468669018336679,0,0
C0303,2025-03,3.3156222781610825,3.4337350755050373,0,0
C0304,2025-03,2.687438299411079,2.9615210551111493,0,0
C0305,2025-03,3.1705307497619213,3.1900871185216784,0,0
C0306,2025-03,2.7725898302877043,3.299161158032152,0,1
C0307,2025-03,3.2705070821095945,2.7652754428023285,0,0
C0308,2025-03,2.9339018102386154,3.5055149896640536,0,0
C0309,2025-03,2.572792001706752,3.181569678090769,0,0
C0310,2025-03,3.121387573732985,3.249916673592395,0,0
C0311,2025-03,2.4253195796726734,3.5837505991915064,0,0
C0312,2025-03,2.830384244962288,2.690964382284365,0,0
C0313,2025-03,2.8524496815359948,2.592943026589136,0,0
C0314,2025-03,2.545654803564781,3.3521644866213776,0,0
C0315,2025-03,3.182325544272945,2.7785652134873384,0,0
C0316,2025-03,2.459535668009658,3.026012834949368,0,0
C0317,2025-03,2.5264383817668965,3.5202258659962538,0,0
C0318,2025-03,2.795352617599193,3.3476836587657632,0,0
C0319,2025-03,3.5280025270897277,3.138279694636041,0,0
C0320,2025-03,2.983962317888409,3.436279035338833,0,0
C0321,2025-03,3.2254877203441508,2.9157544068977965,0,0
C0322,2025-03,1.7715786738542278,2.4075498703143983,0,0
C0323,2025-03,3.446071273185996,3.092105201670924,0,0
C0324,2025-03,2.284620349317285,2.7904871398191844,0,0
C0325,2025-03,2.77401432381862,2.8955705723641554,0,0
C0326,2025-03,3.5815561260923863,4.225753719819079,0,0
C0327,2025-03,3.06741146724883,2.583336307718928,0,0
C0328,2025-03,3.29119943246583,3.6186544741397135,0,0
C0329,2025-03,2.519852500828131,2.994354577092105,0,0
C0330,2025-03,3.427551535324511,3.2674428060282965,0,0
C0331,2025-03,3.442977726212888,3.1699625349481177,0,0
C0332,2025-03,3.3022316350755614,2.99035597913936,0,0
C0333,2025-03,3.5419092954425686,2.825500721047188,0,0
C0334,2025-03,2.328114645954084,3.688360163617332,0,0
C0335,2025-03,3.895083434056241,2.693352214268084,0,0
C0336,2025-03,2.103625972877735,3.341498913469206,0,0
C0337,2025-03,2.79233823189979,4.22211441465554,0,0
C0338,2025-03,3.198927690118927,3.882454005256842,0,0
C0339,2025-03,2.0281569346614736,2.5554521923208497,0,0
C0340,2025-03,3.1410679388548703,4.05562004938612,0,0
C0341,2025-03,3.945791225785457,3.803511245860722,0,0
C0342,2025-03,2.859539803176512,2.858647578464775,0,0
C0343,2025-03,2.5744238270072777,3.799809414219865,0,0
C0344,2025-03,2.9270959526075413,3.8119405110608566,0,0
C0345,2025-03,3.5420236581076767,3.034002696416199,0,0
C0346,2025-03,3.0546705721352123,3.399324586580843,0,0
C0347,2025-03,3.0176586308939006,3.299161158032152,0,1
C0348,2025-03,3.231459070125922,3.4624420304760752,0,0
C0349,2025-03,3.1959695046904706,3.43304512254912,0,0
C0350,2025-03,3.510685284704069,3.6641020188857527,0,0
C0351,2025-03,3.072267653134251,3.03430814954652,0,0
C0352,2025-03,2.3882471102918634,4.092848698822748,0,0
C0353,2025-03,3.47615815173012,3.201125131731139,0,0
C0354,2025-03,3.1017614609202733,3.684292003328178,1,0
C0355,2025-03,3.039272200720587,3.233554206864542,0,0
C0356,2025-03,2.7713107992418244,2.9280737554722505,0,0
C0357,2025-03,2.9136813332890954,3.3128417773281376,0,0
C0358,2025-03,3.5462910076799083,3.235868339193738,0,0
C0359,2025-03,3.4146990857695108,3.755065561663881,0,0
C0360,2025-03,3.803769924467456,3.4811903856030324,0,0
C0361,2025-03,2.8930928254209345,3.51552123434164,0,0
C0362,2025-03,3.2293100950453333,4.019922038753934,0,0
C0363,2025-03,2.6965903427470392,3.3055764674626,0,0
C0364,2025-03,3.192725445194147,2.821574981493214,0,0
C0365,2025-03,3.211077162697313,3.5745324906148763,0,0
C0366,2025-03,2.297815352636177,3.299161158032152,0,1
C0367,2025-03,3.0001801788857083,2.7132569156437194,0,0
C0368,2025-03,3.589052174317052,3.0517807915215176,0,0
C0369,2025-03,2.790095309701531,3.013196157975792,0,0
C0370,2025-03,3.2460534016528038,2.74032572195953,0,0
C0371,2025-03,3.432009593679058,3.5026610913582803,0,0
C0372,2025-03,2.6247357252586534,3.330208884462255,0,0
C0373,2025-03,3.5631250447979514,3.5562133458353413,0,0
C0374,2025-03,2.9783348059078367,3.680984690740036,0,0
C0375,2025-03,3.455072804495791,3.299161158032152,0,1
C0376,2025-03,2.895146251819268,2.643053214686718,0,0
C0377,2025-03,3.322246042133268,3.253772041063089,0,0
C0378,2025-03,2.99842576961769,3.660438512807049,0,0
C0379,2025-03,3.035845120695503,3.5030144146744986,0,0
C0380,2025-03,4.002544758668582,2.937484055332163,0,0
C0381,2025-03,3.460225198294316,3.3364850637667045,0,0
C0382,2025-03,3.071936696039579,3.6458662412952463,0,0
C0383,2025-03,3.346971074843076,3.20933031025839,0,0
C0384,2025-03,2.734606937284234,2.8465973257438413,0,0
C0385,2025-03,3.028808285277556,3.5918669678939144,0,0
C0386,2025-03,2.8702021792775616,2.8646410346846314,0,0
C0387,2025-03,2.977004436437748,3.7140107085962697,0,0
C0388,2025-03,3.237847523064146,3.299161158032152,0,1
C0389,2025-03,2.9044805454169067,3.5733140985979417,0,0
C0390,2025-03,3.259058045393152,3.0137053264862024,0,0
C0391,2025-03,3.343285054853178,3.693706588662794,0,0
C0392,2025-03,3.1017614609202733,3.378028101040937,1,0
C0393,2025-03,2.4907543551346243,2.8310348545018416,0,0
C0394,2025-03,3.702875330404195,3.63932497949384,0,0
C0395,2025-03,2.815535698844348,3.625665548240361,0,0
C0396,2025-03,2.7279270041852746,3.360933440343685,0,0
C0397,2025-03,3.588888945678059,3.09478836686822,0,0
C0398,2025-03,3.07833406985516,3.7734101689780832,0,0
C0399,2025-03,3.170415738726222,3.178495430107635,0,0
C0400,2025-03,2.8834693131638667,3.1982470976082724,0,0
C0401,2025-03,3.1017614609202733,2.710920296117422,1,0
C0402,2025-03,2.9121124615944294,3.696689554286728,0,0
C0403,2025-03,3.8517701265180175,3.7767065309801295,0,0
C0404,2025-03,3.3385688048100164,3.210477519617015,0,0
C0405,2025-03,3.1017614609202733,3.4603059882454223,1,0
C0406,2025-03,3.1017614609202733,3.636580297786905,1,0
C0407,2025-03,3.45701166991316,3.567730674853441,0,0
C0408,2025-03,3.889544946168103,3.2181558288057066,0,0
C0409,2025-03,3.218313017565412,2.8119119128010426,0,0
C0410,2025-03,2.416093417873029,2.8360581703043124,0,0
C0411,2025-03,3.132420607075566,3.35801601375205,0,0
C0412,2025-03,3.594894078843875,2.699567156618828,0,0
C0413,2025-03,2.447802241559603,3.95205761123285,0,0
C0414,2025-03,3.845312470757287,3.429397658754087,0,0
C0415,2025-03,3.1017614609202733,4.143913903743198,1,0
C0416,2025-03,3.160972260105096,2.8715089645940437,0,0
C0417,2025-03,2.821880202612993,3.232103263230861,0,0
C0418,2025-03,2.62725569413751,2.8592439185444114,0,0
C0419,2025-03,3.7864474875806087,2.781193416129997,0,0
C0420,2025-03,2.537065748060049,3.561655437413179,0,0
C0421,2025-03,3.8093867222141577,3.557044584662989,0,0
C0422,2025-03,3.4723062718906763,4.217843164867241,0,0
C0423,2025-03,3.388900995050376,3.4610798032441243,0,0
C0424,2025-03,3.250099116200472,3.1147358785558,0,0
C0425,2025-03,2.6492347202876108,3.5353415821878524,0,0
C0426,2025-03,3.480414196072991,3.272427141821008,0,0
C0427,2025-03,2.3147373566656246,2.949539864336768,0,0
C0428,2025-03,2.677311028646437,3.318560352933277,0,0
C0429,2025-03,2.351267756999475,2.9023290289803496,0,0
C0430,2025-03,3.015784438861113,2.8421860335695297,0,0
C0431,2025-03,3.1017614609202733,3.654429350320502,1,0
C0432,2025-03,2.926083647922625,2.872145794624017,0,0
C0433,2025-03,2.938622725072817,3.300656056259352,0,0
C0434,2025-03,3.3995921856310733,2.7335289710402417,0,0
C0435,2025-03,2.274031276446656,3.111515088727163,0,0
C0436,2025-03,3.638866318428422,3.352475989161309,0,0
C0437,2025-03,3.14050552739661,3.3390959612147237,0,0
C0438,2025-03,2.7739834050911054,2.861994074833932,0,0
C0439,2025-03,3.0886927684588694,3.5440167147467263,0,0
C0440,2025-03,3.367071814089706,3.425767846366941,0,0
C0441,2025-03,3.7635197870870094,2.7427103808433366,0,0
C0442,2025-03,3.030871673850696,3.675162939040457,0,0
C0443,2025-03,2.369467820408937,3.299161158032152,0,1
C0444,2025-03,2.4843556084985314,3.237334242807634,0,0
C0445,2025-03,3.5879406488273253,3.552370215036472,0,0
C0446,2025-03,3.669525710253007,2.92977457082249,0,0
C0447,2025-03,4.221358541901474,3.2489329130560582,0,0
C0448,2025-03,2.337478404193307,3.261465485067492,0,0
C0449,2025-03,3.111710858333512,2.7253457064448137,0,0
C0450,2025-03,3.1017614609202733,3.807551448613362,1,0
C0451,2025-03,3.067151964309769,2.635435501816958,0,0
C0452,2025-03,2.95781799187545,3.17629033333014,0,0
C0453,2025-03,3.258394822300986,4.109871898641831,0,0
C0454,2025-03,3.045873044923442,3.026700848674131,0,0
C0455,2025-03,3.0679813299903853,3.174982782488572,0,0
C0456,2025-03,3.5375169922122294,2.8427185180685277,0,0
C0457,2025-03,2.5935479449480034,2.732862274692604,0,0
C0458,2025-03,3.019434102433531,3.6231008882883047,0,0
C0459,2025-03,3.633484543012924,3.15071438565488,0,0
C0460,2025-03,2.508272454616681,3.3182404823734952,0,0
C0461,2025-03,3.138827521819542,3.274884407835648,0,0
C0462,2025-03,1.7781000691108182,2.871676334039992,0,0
C0463,2025-03,3.205229414219567,3.1016190010955738,0,0
C0464,2025-03,2.705974948962551,3.388512340794253,0,0
C0465,2025-03,3.822573680346928,4.083632608585788,0,0
C0466,2025-03,3.1017614609202733,3.113875950567548,1,0
C0467,2025-03,2.6024013947924654,2.736054636171734,0,0
C0468,2025-03,2.5502872624404804,4.34020096564759,0,0
C0469,2025-03,3.1183817943200864,3.034235624961656,0,0
C0470,2025-03,2.5757956665325548,2.275005441693936,0,0
C0471,2025-03,2.890945745460212,4.055217758363781,0,0
C0472,2025-03,3.004602642091529,2.7770301169838074,0,0
C0473,2025-03,2.5836486094116475,3.08226406291343,0,0
C0474,2025-03,3.355578585445316,3.8145627750871065,0,0
C0475,2025-03,2.7275693343389737,3.9418922196850414,0,0
C0476,2025-03,2.3935335433753733,3.44141480534696,0,0
C0477,2025-03,2.949952188310635,3.528861809566876,0,0
C0478,2025-03,3.020380713676117,3.773990909295371,0,0
C0479,2025-03,2.786708580315429,2.933168053159869,0,0
C0480,2025-03,3.1017614609202733,3.729254066959216,1,0
C0481,2025-03,3.000240390557458,3.2523753193783875,0,0
C0482,2025-03,2.2059527520155893,3.299161158032152,0,1
C0483,2025-03,3.436891398919165,3.733160192114827,0,0
C0484,2025-03,3.01049275127181,3.44367422999355,0,0
C0485,2025-03,2.572825198873383,3.5506184956887874,0,0
C0486,2025-03,2.449935657412452,3.348298669250942,0,0
C0487,2025-03,3.402818815948503,3.1769432474482167,0,0
C0488,2025-03,2.3680603220300416,3.2072115536445804,0,0
C0489,2025-03,2.5985319542437773,3.4447797841579124,0,0
C0490,2025-03,2.6061536432997743,3.918865633105349,0,0
C0491,2025-03,3.0089420922913344,2.816363882417915,0,0
C0492,2025-03,2.7712520240354803,2.975908530808435,0,0
C0493,2025-03,3.267721130306944,3.4838989689353888,0,0
C0494,2025-03,3.093632269692878,3.5846565815320166,0,0
C0495,2025-03,3.145961249303007,3.855012227860172,0,0
C0496,2025-03,2.984056318584832,3.5734414413437703,0,0
C0497,2025-03,3.1017614609202733,3.4066947378304078,1,0
C0498,2025-03,3.348921751760927,3.5323743526555416,0,0
C0499,2025-03,3.112737966599597,3.2973888816108,0,0
C0500,2025-03,3.832637400491248,3.398017781144468,0,0
C0501,2025-03,2.863829728957796,3.8603095484852905,0,0
C0502,2025-03,4.18899504888834,2.436642202029402,0,0
C0503,2025-03,4.445766182420586,3.3669205288598576,0,0
C0504,2025-03,3.710489552668649,3.107299966067784,0,0
C0505,2025-03,2.996129908860025,2.9171063274093303,0,0
C0506,2025-03,3.3486317945096102,2.8890875663269124,0,0
C0507,2025-03,3.4359916174456435,2.3617803614840325,0,0
C0508,2025-03,2.93109246564835,4.040871904632127,0,0
C0509,2025-03,3.4185720789211143,4.2855553480104,0,0
C0510,2025-03,3.26808563026478,3.61821679851155,0,0
C0511,2025-03,2.861925603367758,4.062692183940831,0,0
C0512,2025-03,3.1551720824709224,3.299161158032152,0,1
C0513,2025-03,3.2279349491224885,3.911238492885162,0,0
C0514,2025-03,2.240727517193916,2.888912965513976,0,0
C0515,2025-03,3.4637571359247894,2.833413733874809,0,0
C0516,2025-03,3.328269329764443,3.299161158032152,0,1
C0517,2025-03,3.1017614609202733,4.187818927946807,1,0
C0518,2025-03,3.516288201657895,3.761255941841404,0,0
C0519,2025-03,2.972506006480132,4.051515702210654,0,0
C0520,2025-03,3.861025447643863,2.531563103688765,0,0
C0521,2025-03,3.898024534835685,2.728271616615412,0,0
C0522,2025-03,2.8783542920228053,3.291041669123308,0,0
C0523,2025-03,3.137795582634284,3.906495659381809,0,0
C0524,2025-03,3.5342925013920325,3.8794274481046185,0,0
C0525,2025-03,2.6873626080456474,2.468783383964207,0,0
C0526,2025-03,2.737149301362205,3.010842563840366,0,0
C0527,2025-03,3.956517824013464,2.8269560184780835,0,0
C0528,2025-03,2.9848380556818146,3.3298578441853284,0,0
C0529,2025-03,3.823630405655824,4.068199024868964,0,0
C0530,2025-03,3.449367794738076,3.0367478218152666,0,0
C0531,2025-03,3.2532597675407686,3.084965861995227,0,0
C0532,2025-03,3.8756931325038257,2.976215106726725,0,0
C0533,2025-03,3.5609051896757107,3.6668252503781154,0,0
C0534,2025-03,3.387625900461736,3.25370216631259,0,0
C0535,2025-03,3.4175351234579394,2.813562730088478,0,0
C0536,2025-03,3.089913115167769,3.7361357654650735,0,0
C0537,2025-03,3.068841781425534,3.188665578963694,0,0
C0538,2025-03,2.592489632859485,3.3067733915069044,0,0
C0539,2025-03,3.547890377398282,2.976081512288621,0,0
C0540,2025-03,2.863474611893406,2.5536393510019395,0,0
C0541,2025-03,2.399811010706136,3.576581923819933,0,0
C0542,2025-03,3.363679281653809,3.437984138744889,0,0
C0543,2025-03,3.10470778439294,3.5145140703697746,0,0
C0544,2025-03,3.6599823048019537,3.062666889247609,0,0
C0545,2025-03,3.548264324907854,3.1012822695061923,0,0
C0546,2025-03,3.951316224441288,3.519530986927578,0,0
C0547,2025-03,3.181260904572988,3.656606531151292,0,0
C0548,2025-03,3.235034476978226,3.4310371063930827,0,0
C0549,2025-03,3.4387243672478487,2.914872033475918,0,0
C0550,2025-03,2.0547141504428907,3.7266562046177416,0,0
C0551,2025-03,2.500835617790491,3.4019690419099184,0,0
C0552,2025-03,2.937158860030763,3.176862810516414,0,0
C0553,2025-03,2.4213646250159107,3.133420983328132,0,0
C0554,2025-03,3.1017614609202733,3.1873424953983704,1,0
C0555,2025-03,2.8651043489406742,2.9195592274236013,0,0
C0556,2025-03,3.380201222512553,2.854273683093927,0,0
C0557,2025-03,3.596656990019987,3.284553668784022,0,0
C0558,2025-03,2.924409525354122,3.299161158032152,0,1
C0559,2025-03,3.290180982098314,3.008242762853884,0,0
C0560,2025-03,2.585589146270279,3.299161158032152,0,1
C0561,2025-03,3.529060878122405,2.876617019856547,0,0
C0562,2025-03,3.4704006508009297,4.001267999586792,0,0
C0563,2025-03,4.014780860893454,3.231366369225049,0,0
C0564,2025-03,4.141573629063332,3.741390042075418,0,0
C0565,2025-03,3.761734711259294,3.959747689149228,0,0
C0566,2025-03,2.965600413011134,4.022497109764315,0,0
C0567,2025-03,3.000397711082,3.299161158032152,0,1
C0568,2025-03,3.1017614609202733,3.098353855754595,1,0
C0569,2025-03,2.4578312892767284,2.4506835808415937,0,0
C0570,2025-03,3.743884958732164,3.767029598504677,0,0
C0571,2025-03,3.447170779565504,3.142021863600326,0,0
C0572,2025-03,3.573204009990957,4.049466415299738,0,0
C0573,2025-03,2.7658066740894207,3.141452173287499,0,0
C0574,2025-03,2.935005661854926,2.7487744892247346,0,0
C0575,2025-03,3.2871090119985062,2.640261765182802,0,0
C0576,2025-03,3.2039013489942407,3.299161158032152,0,1
C0577,2025-03,2.928904581504106,3.838726501715903,0,0
C0578,2025-03,2.871417398256487,2.697621556615882,0,0
C0579,2025-03,2.999646399362593,3.2278102320906497,0,0
C0580,2025-03,3.39537004940138,3.1562673217031136,0,0
C0581,2025-03,2.4498760772649644,2.664362289208321,0,0
C0582,2025-03,2.7477647903788696,3.3133494407864954,0,0
C0583,2025-03,3.097703844146631,3.78466496340284,0,0
C0584,2025-03,3.5218918494855824,3.47367519670663,0,0
C0585,2025-03,4.000171525535916,3.4072982177021687,0,0
C0586,2025-03,3.146788783386848,3.026868694164284,0,0
C0587,2025-03,2.609545279931146,3.164419451353086,0,0
C0588,2025-03,3.0188782185915586,3.38667791736693,0,0
C0589,2025-03,3.0577538251403755,4.205141283307299,0,0
C0590,2025-03,2.797560461032232,2.9817400102771217,0,0
C0591,2025-03,3.1017614609202733,2.79793471807686,1,0
C0592,2025-03,2.7886043216228806,2.80395322174247,0,0
C0593,2025-03,2.658836116052533,3.9895736350516766,0,0
C0594,2025-03,4.018914116866823,4.03704462732449,0,0
C0595,2025-03,3.0984415062877875,3.1166391400133784,0,0
C0596,2025-03,2.9239051041574093,3.536742949249948,0,0
C0597,2025-03,3.2366781975533696,3.3361325095243477,0,0
C0598,2025-03,3.7641921747566993,2.738242675997513,0,0
C0599,2025-03,3.6721898426540895,3.450339512729712,0,0
C0600,2025-03,3.1773295602956364,2.8437719714447827,0,0
C0601,2025-03,2.886458081041058,3.0087864782422504,0,0
C0602,2025-03,3.327311320485483,3.1694618994115,0,0
C0603,2025-03,2.836455919383524,3.699688327046765,0,0
C0604,2025-03,3.813049753783989,3.492811659078609,0,0
C0605,2025-03,4.570632187076098,3.193672885232812,0,0
C0606,2025-03,3.1458373963510264,3.6983043560375664,0,0
C0607,2025-03,3.1774430186896057,3.27174397747101,0,0
C0608,2025-03,2.538146886829483,2.869857744295296,0,0
C0609,2025-03,4.084986905261628,3.796613961065018,0,0
C0610,2025-03,3.029488495976226,3.0758892324315994,0,0
C0611,2025-03,2.0114736034410274,2.123540946800305,0,0
C0612,2025-03,3.1649030786321126,3.270051395079533,0,0
C0613,2025-03,2.736817889976527,2.6994486422996022,0,0
C0614,2025-03,3.1955237778024643,2.9881230730974404,0,0
C0615,2025-03,3.131099325548618,3.3531951887451776,0,0
C0616,2025-03,3.3766844856382785,2.760345140140226,0,0
C0617,2025-03,2.8668639504729003,3.4165438183540084,0,0
C0618,2025-03,3.1752788248017065,3.424860769042938,0,0
C0619,2025-03,3.4786706639900373,2.967710756535626,0,0
C0620,2025-03,3.219244676168802,3.3525647167295176,0,0
C0621,2025-03,2.9911145659471017,3.4929445563953654,0,0
C0622,2025-03,3.925958496078972,3.6390053379461063,0,0
C0623,2025-03,3.1017614609202733,3.131745091556613,1,0
C0624,2025-03,2.7325064245721267,3.128652220621777,0,0
C0625,2025-03,3.285742403800471,3.508333592420788,0,0
C0626,2025-03,3.174613742553205,2.724673769158984,0,0
C0627,2025-03,3.1686296187943634,2.9699678983216256,0,0
C0628,2025-03,3.285473911953357,3.727273858908805,0,0
C0629,2025-03,2.710684160597674,2.667035345196372,0,0
C0630,2025-03,2.671016552725733,3.752679679428105,0,0
C0631,2025-03,3.3223108442537845,3.299161158032152,0,1
C0632,2025-03,2.725225122155614,3.528059622049605,0,0
C0633,2025-03,3.6160478341059776,3.606334213066999,0,0
C0634,2025-03,3.189437863045981,3.810669523051709,0,0
C0635,2025-03,3.893426594026553,2.302829809519996,0,0
C0636,2025-03,3.789844701971408,3.0462955947245645,0,0
C0637,2025-03,3.585011427597419,4.10922732163952,0,0
C0638,2025-03,2.616221951675516,3.040756659739359,0,0
C0639,2025-03,2.950223617549888,3.7033907357512312,0,0
C0640,2025-03,4.033793961626229,3.346758168944719,0,0
C0641,2025-03,3.084271546986983,2.6765367000813263,0,0
C0642,2025-03,3.274392690401837,4.2378916449962425,0,0
C0643,2025-03,2.984104524920373,3.0971946610780523,0,0
C0644,2025-03,3.187617834394757,4.72628803569373,0,0
C0645,2025-03,2.9634698520869023,3.346775839917812,0,0
C0646,2025-03,3.1017614609202733,3.765855986733552,1,0
C0647,2025-03,2.4747543086631256,3.4045921605001235,0,0
C0648,2025-03,2.795787247941574,3.6921717040206974,0,0
C0649,2025-03,3.8766577105376334,3.555875047090104,0,0
C0650,2025-03,2.8911781428863104,3.71083473429805,0,0
C0651,2025-03,3.5764510796485967,3.457142145591301,0,0
C0652,2025-03,2.663637574694129,3.299161158032152,0,1
C0653,2025-03,2.5481552619288665,3.72939370726072,0,0
C0654,2025-03,2.6932930468375216,3.9457769207772246,0,0
C0655,2025-03,2.772325087104294,3.089206829514588,0,0
C0656,2025-03,2.809213089274224,4.112616587745825,0,0
C0657,2025-03,2.7610864541078817,2.903981188933192,0,0
C0658,2025-03,3.216492467269529,3.1028696623187964,0,0
C0659,2025-03,2.8779057292040515,2.781835243077743,0,0
C0660,2025-03,2.104846839155461,2.5360246264966118,0,0
C0661,2025-03,3.423625684398228,3.299161158032152,0,1
C0662,2025-03,3.1017614609202733,3.394119456562467,1,0
C0663,2025-03,3.9148376557193374,3.368048730733961,0,0
C0664,2025-03,2.938762250753556,3.930937075594253,0,0
C0665,2025-03,3.4303743123799597,2.6007347919079216,0,0
C0666,2025-03,2.6047737031574987,2.956770801012941,0,0
C0667,2025-03,2.910320534197182,3.079796141348247,0,0
C0668,2025-03,3.1772161943113613,2.958203987623291,0,0
C0669,2025-03,2.2807332602713126,2.809635041273306,0,0
C0670,2025-03,3.6087421546105087,3.1347438262047542,0,0
C0671,2025-03,2.875832795195528,3.1946657425587874,0,0
C0672,2025-03,2.217177019823535,2.628757183406481,0,0
C0673,2025-03,3.1942726681918963,3.5886838611547165,0,0
C0674,2025-03,2.9496215290674224,3.737407353994514,0,0
C0675,2025-03,2.6231032732369632,3.4092483082360374,0,0
C0676,2025-03,3.0607159871102625,3.025876589631673,0,0
C0677,2025-03,3.2434432270974973,3.299161158032152,0,1
C0678,2025-03,3.581622161798377,3.82524100648355,0,0
C0679,2025-03,2.99101167011819,2.852455525951763,0,0
C0680,2025-03,3.2409216891220267,3.4636348043346983,0,0
C0681,2025-03,2.652066574332721,2.868456163293116,0,0
C0682,2025-03,2.2188865543328493,2.9431275230968788,0,0
C0683,2025-03,3.395879734113936,3.1652053510976064,0,0
C0684,2025-03,2.642753189010226,3.2530518920528677,0,0
C0685,2025-03,1.92698473120501,2.485859271874685,0,0
C0686,2025-03,3.1017614609202733,2.885209346301727,1,0
C0687,2025-03,2.7905782663643404,3.047660099047135,0,0
C0688,2025-03,3.624919680745339,3.5145139067568985,0,0
C0689,2025-03,2.870087473013424,2.6257045678884547,0,0
C0690,2025-03,3.0409160018567465,3.661913349253599,0,0
C0691,2025-03,3.3153218251277434,3.888337962209633,0,0
C0692,2025-03,2.95464886477197,2.823278149061794,0,0
C0693,2025-03,3.439064825181249,3.1986572350198097,0,0
C0694,2025-03,3.885166204037642,3.9725985148107497,0,0
C0695,2025-03,2.630843485382984,3.220842457567967,0,0
C0696,2025-03,2.95511359688716,2.906162784525086,0,0
C0697,2025-03,3.946747148646859,3.7601306627747992,0,0
C0698,2025-03,2.8920648337500383,3.9535517957719417,0,0
C0699,2025-03,2.4770419703534787,2.980593122344649,0,0
C0700,2025-03,3.4008565332848493,3.049879794963009,0,0
C0701,2025-03,2.978238913536005,3.678673894801938,0,0
C0702,2025-03,3.9075191415369455,2.9687370825810917,0,0
C0703,2025-03,2.806983103615252,2.769202158111996,0,0
C0704,2025-03,2.996435060912193,3.3349576729360177,0,0
C0705,2025-03,2.960132674181432,2.981694188345752,0,0
C0706,2025-03,3.6075473180807167,2.658587235301958,0,0
C0707,2025-03,2.4961340888059422,3.9153327992166247,0,0
C0708,2025-03,2.812984353183652,2.6607689528006184,0,0
C0709,2025-03,2.97382649964061,3.309452545259408,0,0
C0710,2025-03,1.5950390059723838,2.2368186849764484,0,0
C0711,2025-03,2.9781997008918664,4.014919523382476,0,0
C0712,2025-03,3.050195282702696,3.353721333540794,0,0
C0713,2025-03,2.6828106942623435,3.8780577912483207,0,0
C0714,2025-03,3.762834295091949,3.2794246818020443,0,0
C0715,2025-03,3.510980687035324,4.304733574766563,0,0
C0716,2025-03,3.2134092060064554,2.875329698946307,0,0
C0717,2025-03,2.5426444865918247,3.299161158032152,0,1
C0718,2025-03,2.805340485930442,2.4140894430853432,0,0
C0719,2025-03,3.130989592812132,2.7130431140356226,0,0
C0720,2025-03,3.8290006167971935,2.991833884979254,0,0
C0721,2025-03,3.698125129760878,3.4610063226120125,0,0
C0722,2025-03,3.4850152351976718,3.261305686159186,0,0
C0723,2025-03,2.6167647542300725,3.423888258205754,0,0
C0724,2025-03,2.738660899806346,2.7304733392035665,0,0
C0725,2025-03,2.8965968684227272,4.220887646729922,0,0
C0726,2025-03,3.249737869740618,3.398905008341245,0,0
C0727,2025-03,2.727451701579449,2.5850603735695232,0,0
C0728,2025-03,2.282158104131035,3.207948189884856,0,0
C0729,2025-03,2.8797106164208714,3.2630671937918865,0,0
C0730,2025-03,3.661690005652539,2.714542704914665,0,0
C0731,2025-03,3.137604672198597,3.863013056954528,0,0
C0732,2025-03,3.1017614609202733,2.5623929270795927,1,0
C0733,2025-03,3.047686733010473,3.1663047508421287,0,0
C0734,2025-03,2.7665774516300536,3.594682366461976,0,0
C0735,2025-03,2.5979882072285374,3.268922924738922,0,0
C0736,2025-03,2.387854342220679,3.3374597088632667,0,0
C0737,2025-03,2.5738767860074274,3.717049511086984,0,0
C0738,2025-03,2.98666808625757,3.2803180113230166,0,0
C0739,2025-03,2.487458951386404,2.9704647716497696,0,0
C0740,2025-03,3.093631716039864,3.2465211649615617,0,0
C0741,2025-03,2.7834834350784856,4.1224786910999685,0,0
C0742,2025-03,3.376399730237132,3.204246013291958,0,0
C0743,2025-03,2.7613322489148606,2.313320290025058,0,0
C0744,2025-03,2.4085995660646637,3.751390714157633,0,0
C0745,2025-03,3.186239495910905,3.008871535227716,0,0
C0746,2025-03,2.8761656201578965,3.500869583332121,0,0
C0747,2025-03,3.579542867383622,3.0548885780497863,0,0
C0748,2025-03,2.9094964247987947,3.389702539202057,0,0
C0749,2025-03,2.286071431334124,3.1422641678113177,0,0
C0750,2025-03,2.995435504174203,3.1375456628241563,0,0
C0751,2025-03,2.831312780388179,3.3366091628179104,0,0
C0752,2025-03,2.942629503099716,3.057590205756065,0,0
C0753,2025-03,3.5315138676669258,2.779197023512887,0,0
C0754,2025-03,3.802410667972071,3.8051646163657815,0,0
C0755,2025-03,3.1017614609202733,2.906521649987751,1,0
C0756,2025-03,2.985284476098432,3.722182707029509,0,0
C0757,2025-03,3.199015486234827,3.346319009278859,0,0
C0758,2025-03,2.920087536969099,3.444322377336196,0,0
C0759,2025-03,2.8536276515681505,3.756834712482864,0,0
C0760,2025-03,3.872731257313334,3.6069018813670057,0,0
C0761,2025-03,3.0742412103539487,3.4927855154869505,0,0
C0762,2025-03,2.4578701975880963,3.415497392579587,0,0
C0763,2025-03,2.852267748131167,2.9158072354173936,0,0
C0764,2025-03,3.49928361535316,3.320877302853109,0,0
C0765,2025-03,3.7532229231838894,3.451208113649825,0,0
C0766,2025-03,3.256949951007474,2.550750730570194,0,0
C0767,2025-03,2.972343651625837,2.939716981539743,0,0
C0768,2025-03,3.5699130491255024,2.784717824716059,0,0
C0769,2025-03,3.2602944330138026,3.826991533234824,0,0
C0770,2025-03,2.5041023119485546,3.8277615750304017,0,0
C0771,2025-03,2.6291813932303096,3.299161158032152,0,1
C0772,2025-03,2.606999633187129,3.197238285925092,0,0
C0773,2025-03,2.635634281177452,3.1034765515473945,0,0
C0774,2025-03,2.5856897341587093,3.188454232636372,0,0
C0775,2025-03,3.4204702840657517,3.5565762017605698,0,0
C0776,2025-03,3.813447323152545,3.834638532112895,0,0
C0777,2025-03,2.287126304557776,2.650316837846053,0,0
C0778,2025-03,2.839045160052448,3.411754733612967,0,0
C0779,2025-03,3.696014233158916,3.78178270486004,0,0
C0780,2025-03,3.508950395172744,3.638374113543053,0,0
C0781,2025-03,3.0300912009231324,2.7700826756482564,0,0
C0782,2025-03,3.0618323707818185,3.7556660215937416,0,0
C0783,2025-03,3.651619560741536,3.152144913422621,0,0
C0784,2025-03,3.6821141445707344,3.8921028526631,0,0
C0785,2025-03,3.469268650567193,2.9763399218480795,0,0
C0786,2025-03,3.1519438895832743,3.873183304044323,0,0
C0787,2025-03,3.2189617015279595,4.079862763201726,0,0
C0788,2025-03,2.729685929494317,3.738483710854001,0,0
C0789,2025-03,3.1241248981852925,2.998350348267354,0,0
C0790,2025-03,3.0552434348106634,3.6245605639427856,0,0
C0791,2025-03,3.248026360229668,3.108178513410045,0,0
C0792,2025-03,1.7849889533772314,2.8300157767437333,0,0
C0793,2025-03,3.200791997520112,4.019574168450975,0,0
C0794,2025-03,3.811439989436538,3.4230753696415697,0,0
C0795,2025-03,2.977764725447792,3.0734235878881595,0,0
C0796,2025-03,1.7784857399629177,3.886229897201128,0,0
C0797,2025-03,3.586829249671892,4.02120922165384,0,0
C0798,2025-03,3.688468450521462,2.8907579076180454,0,0
C0799,2025-03,2.115355440418721,3.0783797275642764,0,0
C0800,2025-03,3.1017614609202733,2.88717141821989,1,0
H0001,2025-04,3.1963165564437745,3.053737911483144,0,0
H0002,2025-04,4.030789316401902,3.1127662369506064,0,0
H0003,2025-04,2.845623604009448,3.0749468790236727,0,0
H0004,2025-04,2.3588857725206944,2.932719851139222,0,0
H0005,2025-04,4.717540017038339,3.5020463480944515,0,0
H0006,2025-04,2.382562258118908,3.0386487326236837,0,0
H0007,2025-04,3.0068491676814686,3.36492463237828,0,0
H0008,2025-04,2.83620298441136,3.7852915431556737,0,0
H0009,2025-04,3.1017614609202733,4.093353126507206,1,0
H0010,2025-04,2.7194859125092363,3.4327755594536304,0,0
H0011,2025-04,2.6838158532223915,3.503363603504264,0,0
H0012,2025-04,3.314402302627835,3.299161158032152,0,1
H0013,2025-04,2.9773604408684,2.810803675518435,0,0
H0014,2025-04,2.783888887552351,3.0931567080330886,0,0
H0015,2025-04,3.0392785827469924,3.179508108782791,0,0
H0016,2025-04,2.711904144061556,3.473646515934827,0,0
H0017,2025-04,2.812727862594344,2.4306963073314103,0,0
H0018,2025-04,2.9689015033881407,3.8081333139962528,0,0
H0019,2025-04,3.001776150749888,3.190168957977616,0,0
H0020,2025-04,3.062966570629457,3.52674435585955,0,0
H0021,2025-04,3.3939541545110945,3.4174624625142944,0,0
H0022,2025-04,3.321043370493202,3.4410258446394097,0,0
H0023,2025-04,2.914904120453379,3.4286862388673867,0,0
H0024,2025-04,3.1214380826687864,3.7850263622912927,0,0
H0025,2025-04,2.9615217178518685,3.3314863307571563,0,0
H0026,2025-04,2.423655332529221,3.287213601113556,0,0
H0027,2025-04,3.634567800147921,3.235081590539279,0,0
H0028,2025-04,3.4135474452359844,4.056130547214832,0,0
H0029,2025-04,3.1067374065181115,3.407595373628192,0,0
H0030,2025-04,2.840072617221573,3.366787648755916,0,0
H0031,2025-04,3.4432464447647098,3.443670125877715,0,0
H0032,2025-04,2.822521848433848,3.299161158032152,0,1
H0033,2025-04,3.5761574433046817,3.2611135117432326,0,0
H0034,2025-04,3.508919041151004,3.635564074523007,0,0
H0035,2025-04,2.7399198662598763,3.209500687948494,0,0
H0036,2025-04,3.1017614609202733,2.647725543319109,1,0
H0037,2025-04,3.886322341329912,3.60488019365751,0,0
H0038,2025-04,3.0451430186003807,3.1300756294933088,0,0
H0039,2025-04,3.089778535840502,3.145185797734384,0,0
H0040,2025-04,3.211089236616393,3.32329678273062,0,0
H0041,2025-04,2.6471583920607595,3.0743257960392407,0,0
H0042,2025-04,3.339192722335586,3.900627200051293,0,0
H0043,2025-04,3.2035162659055425,3.183338560365613,0,0
H0044,2025-04,3.984694153136737,4.314873907465225,0,0
H0045,2025-04,3.571104453133064,3.299161158032152,0,1
H0046,2025-04,2.6816075208887264,2.7284450871031534,0,0
H0047,2025-04,2.494119894773668,3.4843656688975737,0,0
H0048,2025-04,4.069494688042184,3.5240264753325032,0,0
H0049,2025-04,2.3614890565419984,3.4857292976549727,0,0
H0050,2025-04,3.3168379105487253,3.266008658668364,0,0
H0051,2025-04,2.965130237134709,2.8447810949579653,0,0
H0052,2025-04,3.9940741380084672,3.235044719395681,0,0
H0053,2025-04,3.59524324221628,2.2598308771437794,0,0
H0054,2025-04,1.97632255502034,3.548395785960569,0,0
H0055,2025-04,2.007772662060071,2.789923461685076,0,0
H0056,2025-04,3.5508294555602564,3.299161158032152,0,1
H0057,2025-04,3.4074331394020514,3.2978027846673785,0,0
H0058,2025-04,2.794491402482124,3.851776505126083,0,0
H0059,2025-04,3.80624079387454,4.052787187309593,0,0
H0060,2025-04,3.326852483740156,3.5021142639669884,0,0
H0061,2025-04,2.745634703522676,3.335378802034154,0,0
H0062,2025-04,3.146321653932392,3.3247034106167472,0,0
H0063,2025-04,3.298019501925443,3.917777994671193,0,0
H0064,2025-04,3.087617767152709,3.831289705285237,0,0
H0065,2025-04,3.087981056012982,3.337643331408983,0,0
H0066,2025-04,3.1017614609202733,2.994586369181161,1,0
H0067,2025-04,2.9218314943835235,3.4431702344775013,0,0
H0068,2025-04,2.5503976660432803,2.519215401932949,0,0
H0069,2025-04,3.690249910003849,2.2036363771464464,0,0
H0070,2025-04,3.1017614609202733,3.410982619617177,1,0
H0071,2025-04,3.0998493790291994,3.654788270004493,0,0
H0072,2025-04,2.8947215889322733,4.26597942311937,0,0
H0073,2025-04,4.62620342765815,3.434001228049875,0,0
H0074,2025-04,2.83346976694064,3.584349839613397,0,0
H0075,2025-04,3.064401693655085,4.00582252675656,0,0
H0076,2025-04,3.1456442824142288,2.7807380096853875,0,0
H0077,2025-04,2.944576214868467,3.9828203214085898,0,0
H0078,2025-04,3.1017614609202733,2.874834548819714,1,0
H0079,2025-04,4.007148891768365,3.457792277896117,0,0
H0080,2025-04,3.479923187223954,3.298573091814846,0,0
H0081,2025-04,3.059106269165042,2.5464290751688985,0,0
H0082,2025-04,3.453876535498089,3.0491054627797927,0,0
H0083,2025-04,3.328475397291979,2.968737396552477,0,0
H0084,2025-04,3.649709089922601,3.2453014428066997,0,0
H0085,2025-04,3.4942848162486357,3.775426222770389,0,0
H0086,2025-04,2.456722276511496,2.7298401528747966,0,0
H0087,2025-04,3.077190509603184,2.475264295957045,0,0
H0088,2025-04,2.9461469428648037,3.1313194380726923,0,0
H0089,2025-04,2.891993112642763,2.989917937481622,0,0
H0090,2025-04,2.6971802298817806,3.4944000500108183,0,0
H0091,2025-04,2.9478107617449987,3.246442261822315,0,0
H0092,2025-04,2.9124498009079067,3.536346176782813,0,0
H0093,2025-04,3.884131306466629,2.641128596821537,0,0
H0094,2025-04,3.384514227546112,3.2418023300008083,0,0
H0095,2025-04,3.480406796895001,4.8028057617340725,0,0
H0096,2025-04,3.2358917695291787,3.229469280052093,0,0
H0097,2025-04,2.934428615845214,3.530603832574798,0,0
H0098,2025-04,2.418180882005136,3.942212442880301,0,0
H0099,2025-04,3.00344409833182,3.096424182857175,0,0
H0100,2025-04,3.5405757727263927,3.026534725910609,0,0
H0101,2025-04,3.476021946146457,2.417817666733725,0,0
H0102,2025-04,3.091526206881224,3.305332111383924,0,0
H0103,2025-04,3.1227111709348203,4.439473746429434,0,0
H0104,2025-04,3.043846578967305,3.5283645320058468,0,0
H0105,2025-04,2.884298101277894,3.299161158032152,0,1
H0106,2025-04,2.914299995989408,2.93142913426614,0,0
H0107,2025-04,2.391464768980615,3.340412546519107,0,0
H0108,2025-04,2.501821273668588,3.3819340722103424,0,0
H0109,2025-04,3.007903739507205,3.225892832439869,0,0
H0110,2025-04,2.9523202381762057,3.299161158032152,0,1
H0111,2025-04,2.52577419097086,2.8014714788913224,0,0
H0112,2025-04,2.9522502910510764,2.580008102955104,0,0
H0113,2025-04,3.6839377200873056,4.31358790165274,0,0
H0114,2025-04,3.3630792147687973,3.3646593047315707,0,0
H0115,2025-04,2.1332111267989,3.8073921283254646,0,0
H0116,2025-04,3.032507884297748,3.1856197159224884,0,0
H0117,2025-04,3.376058371651959,3.241916224527942,0,0
H0118,2025-04,3.4788678308786767,3.299161158032152,0,1
H0119,2025-04,3.378347148033284,3.1766872464008213,0,0
H0120,2025-04,2.900283175913669,2.705112315733288,0,0
H0121,2025-04,2.846202809019324,3.0764609618215117,0,0
H0122,2025-04,3.165955571830583,2.6667845288710343,0,0
H0123,2025-04,3.1017614609202733,2.96638470128658,1,0
H0124,2025-04,3.4196172636543927,3.3860377145993183,0,0
H0125,2025-04,4.137111775703251,3.4592801844804977,0,0
H0126,2025-04,2.936487952749851,3.3522980912006592,0,0
H0127,2025-04,3.357846276570474,4.020768713034846,0,0
H0128,2025-04,3.383627895044161,3.815688674592072,0,0
H0129,2025-04,2.6527056781606464,3.4324842734683183,0,0
H0130,2025-04,2.432380397291144,2.42834916451088,0,0
H0131,2025-04,3.2005167541302897,3.045692370040256,0,0
H0132,2025-04,2.8860032265501445,2.920619394297157,0,0
H0133,2025-04,2.6742804244312586,3.299161158032152,0,1
H0134,2025-04,3.5658126173116216,2.443852857839787,0,0
H0135,2025-04,3.2343590102198454,3.93354450137864,0,0
H0136,2025-04,3.54973814163595,3.52746650818554,0,0
H0137,2025-04,2.6660746956003534,3.3157002133192344,0,0
H0138,2025-04,2.430258563666277,2.9758561940389416,0,0
H0139,2025-04,3.0672594379223543,3.183571047730246,0,0
H0140,2025-04,1.877603775445544,3.372462681482104,0,0
H0141,2025-04,3.12912680069101,3.624227572078532,0,0
H0142,2025-04,2.043204953713251,3.5769038116427354,0,0
H0143,2025-04,3.114328963396241,2.858705110383289,0,0
H0144,2025-04,2.1800261703040102,3.299161158032152,0,1
H0145,2025-04,2.3459027032283544,2.519241006673511,0,0
H0146,2025-04,3.5517490169550925,3.193094837424463,0,0
H0147,2025-04,2.73639941295708,3.5555845453892583,0,0
H0148,2025-04,3.1017614609202733,3.299161158032152,1,1
H0149,2025-04,3.362577548186834,2.8118956293576503,0,0
H0150,2025-04,3.801775054017223,3.787605288174074,0,0
H0151,2025-04,3.4172056213867323,3.782752192525829,0,0
H0152,2025-04,3.803185220741408,3.217554311131556,0,0
H0153,2025-04,3.826592563096198,3.795145159612122,0,0
H0154,2025-04,2.6585127914168205,3.299161158032152,0,1
H0155,2025-04,2.4614858931685664,3.915718389621328,0,0
H0156,2025-04,2.9534587055877477,3.287060242227609,0,0
H0157,2025-04,3.3194571764144496,3.8249209805648032,0,0
H0158,2025-04,3.659777029076341,3.53524964234152,0,0
H0159,2025-04,3.2060160176049552,3.2263383440650477,0,0
H0160,2025-04,3.5164722516100646,3.0613502235006496,0,0
H0161,2025-04,3.277201921086568,3.6065895875259097,0,0
H0162,2025-04,3.177943183761734,3.8837051574553936,0,0
H0163,2025-04,2.68254067630171,3.2401492082515446,0,0
H0164,2025-04,3.0104401966005465,3.4022053079348225,0,0
H0165,2025-04,3.351827688795178,3.153474588243776,0,0
H0166,2025-04,3.2816828465698507,2.656867825383115,0,0
H0167,2025-04,2.283679821256907,2.5304184015674047,0,0
H0168,2025-04,2.517953274266549,2.4417023636735733,0,0
H0169,2025-04,2.774845274979194,3.555483889365846,0,0
H0170,2025-04,3.628193910571346,3.1014220352318578,0,0
H0171,2025-04,3.577586626173321,3.299161158032152,0,1
H0172,2025-04,3.277770631768662,3.052430721733033,0,0
H0173,2025-04,2.7607587152314697,4.048960407156133,0,0
H0174,2025-04,2.850682118116083,3.317413846580697,0,0
H0175,2025-04,2.9127840733521904,3.3292597750452715,0,0
H0176,2025-04,2.8072043908504893,3.444158950868142,0,0
H0177,2025-04,3.6545907100963912,2.861857926509716,0,0
H0178,2025-04,3.1624566063607213,3.0893419285141555,0,0
H0179,2025-04,3.4501614562813754,3.0540415059584416,0,0
H0180,2025-04,2.9011668293975834,2.5179015201630186,0,0
H0181,2025-04,2.724862932960118,3.0339996811273395,0,0
H0182,2025-04,3.4153687276774187,3.350100456342256,0,0
H0183,2025-04,4.094364072003868,3.1488811763461424,0,0
H0184,2025-04,3.199940947717486,3.9291275666880106,0,0
H0185,2025-04,2.3405651072360123,3.238777605933893,0,0
H0186,2025-04,2.719336368679599,3.3172676610848817,0,0
H0187,2025-04,3.1404063792792174,2.7201010486700348,0,0
H0188,2025-04,3.76268510718286,3.898407381658882,0,0
H0189,2025-04,3.465864236643084,3.5633405580685134,0,0
H0190,2025-04,3.4695424689560266,4.171538259001531,0,0
H0191,2025-04,2.658499644970064,3.6314932046907344,0,0
H0192,2025-04,3.627626388399439,2.8845667816938847,0,0
H0193,2025-04,2.462170417859842,2.916178194183163,0,0
H0194,2025-04,3.252050192447803,2.7302904743666594,0,0
H0195,2025-04,2.6810669367092936,3.5396810476397995,0,0
H0196,2025-04,3.4043942805052985,3.9435084511416094,0,0
H0197,2025-04,2.966303188927909,3.182015833167011,0,0
H0198,2025-04,3.770165283207228,3.600916366924148,0,0
H0199,2025-04,3.027709175107021,3.1759677874620365,0,0
H0200,2025-04,2.1539166495143696,2.941525992794774,0,0
H0201,2025-04,3.0553798755425574,3.423603809762024,0,0
H0202,2025-04,3.354278793731628,3.6080724602734016,0,0
H0203,2025-04,3.501591376139089,3.313026525884501,0,0
H0204,2025-04,3.113154216487401,3.167176672427841,0,0
H0205,2025-04,3.538044215140934,3.299161158032152,0,1
H0206,2025-04,3.4165131477858197,3.2385095151451293,0,0
H0207,2025-04,3.491109316577759,3.514121437874118,0,0
H0208,2025-04,3.032172145563424,3.741618690191366,0,0
H0209,2025-04,2.4619868335945463,3.3228533812015275,0,0
H0210,2025-04,2.6377424748170206,3.424252760596307,0,0
H0211,2025-04,2.586165537283756,3.645018649608239,0,0
H0212,2025-04,2.6987186159665253,3.4062205370645504,0,0
H0213,2025-04,2.870881097865266,3.633068630130048,0,0
H0214,2025-04,3.016171017378586,3.312814068557154,0,0
H0215,2025-04,3.0789805746469705,3.500408303241326,0,0
H0216,2025-04,2.980060724585792,3.399961579800597,0,0
H0217,2025-04,4.004069498029525,2.956499779813901,0,0
H0218,2025-04,3.8709162974519775,3.299161158032152,0,1
H0219,2025-04,2.790393602453904,3.0094329108303364,0,0
H0220,2025-04,3.4141218955523143,2.843093002185161,0,0
H0221,2025-04,4.495859716318316,3.234589986101973,0,0
H0222,2025-04,3.108194947730732,4.048800634393457,0,0
H0223,2025-04,2.5476152641944205,3.299161158032152,0,1
H0224,2025-04,2.8175794551742737,3.712654413070972,0,0
H0225,2025-04,3.913942725996709,2.840718912872024,0,0
H0226,2025-04,2.742721881875421,3.967767838249247,0,0
H0227,2025-04,3.0628535267440222,3.131711530087935,0,0
H0228,2025-04,2.711871036826295,3.299161158032152,0,1
H0229,2025-04,3.626958937006336,3.1552079482626025,0,0
H0230,2025-04,3.5333965957698044,3.0188451865289494,0,0
H0231,2025-04,3.921697996495969,3.720537292836199,0,0
H0232,2025-04,2.383895363775083,2.6462243852212595,0,0
H0233,2025-04,2.618636076491484,2.964381930266538,0,0
H0234,2025-04,2.3809289898120998,2.399453575514725,0,0
H0235,2025-04,2.501038471540451,4.080356370144001,0,0
H0236,2025-04,3.4949364777033813,3.299161158032152,0,1
H0237,2025-04,3.438130913296084,3.6986933618630857,0,0
H0238,2025-04,2.7745906989362457,3.356715797374993,0,0
H0239,2025-04,3.631986971064961,3.7536738318402807,0,0
H0240,2025-04,2.9134695754681985,3.4982588346840275,0,0
H0241,2025-04,3.456826701733717,3.3973541863764005,0,0
H0242,2025-04,2.4385280575175017,3.299161158032152,0,1
H0243,2025-04,3.996373879184156,3.6129665668517754,0,0
H0244,2025-04,3.534780395314588,2.995159335175741,0,0
H0245,2025-04,2.5349341601509785,2.8983584908226145,0,0
H0246,2025-04,2.957373664436528,3.3064841104212057,0,0
H0247,2025-04,2.810772413548022,3.031113334366786,0,0
H0248,2025-04,2.915628190712087,3.1220495285308365,0,0
H0249,2025-04,3.272170108938579,3.24825586913711,0,0
H0250,2025-04,3.125194046890627,2.9332345304561964,0,0
H0251,2025-04,2.622529688192161,3.0912100004701584,0,0
H0252,2025-04,3.1407828206585804,3.1891510551025606,0,0
H0253,2025-04,3.704889874612852,3.8384178120878936,0,0
H0254,2025-04,2.748061226137592,3.076734566374726,0,0
H0255,2025-04,3.350688222371503,3.437014689138433,0,0
H0256,2025-04,3.43745822805011,3.9543361464359226,0,0
H0257,2025-04,2.850017620613688,3.113866451835785,0,0
H0258,2025-04,3.439280361329167,3.3490496565023,0,0
H0259,2025-04,3.31615307609458,3.380049190507993,0,0
H0260,2025-04,2.9366871250352014,3.526304635747402,0,0
H0261,2025-04,3.224510462880504,2.8188501967717654,0,0
H0262,2025-04,2.3645244796671605,3.403965254684151,0,0
H0263,2025-04,2.8376210632860728,2.664129487545336,0,0
H0264,2025-04,3.240054829094861,4.206727450784483,0,0
H0265,2025-04,4.012605773382381,3.190363634101203,0,0
H0266,2025-04,2.8088906387541472,2.2325860113539893,0,0
H0267,2025-04,1.9656163430538665,4.030039483755397,0,0
H0268,2025-04,3.9039847236896223,3.765163786644414,0,0
H0269,2025-04,3.436554810060901,3.1166899343307763,0,0
H0270,2025-04,3.1067195556099385,2.854333414696532,0,0
H0271,2025-04,3.062094207506428,2.948783497733815,0,0
H0272,2025-04,2.8241574228778457,3.2046969365651607,0,0
H0273,2025-04,3.7784659328702377,3.494680570363131,0,0
H0274,2025-04,2.8543842445194576,3.4965178676401667,0,0
H0275,2025-04,2.787099183413389,2.404414776705225,0,0
H0276,2025-04,4.045292592875794,3.1662710910135963,0,0
H0277,2025-04,3.359946399887295,3.639761718831075,0,0
H0278,2025-04,3.431558674375507,3.299161158032152,0,1
H0279,2025-04,3.9627247175404943,3.593082166253719,0,0
H0280,2025-04,2.8972046113465377,2.20940119603208,0,0
H0281,2025-04,3.241080484570097,3.2192382684932124,0,0
H0282,2025-04,2.924127023150325,3.6873063160385087,0,0
H0283,2025-04,3.371183535325122,3.489126786897479,0,0
H0284,2025-04,3.664735104007471,2.943322879281704,0,0
H0285,2025-04,2.986000991257129,3.495973536485511,0,0
H0286,2025-04,3.3823655924271456,2.75084972978518,0,0
H0287,2025-04,3.193536329640892,3.87864243631423,0,0
H0288,2025-04,3.379281779616153,2.790524935917699,0,0
H0289,2025-04,3.720836985911429,3.877216566201589,0,0
H0290,2025-04,3.295744783303544,3.981852141273184,0,0
H0291,2025-04,3.779962130753801,4.003555651422295,0,0
H0292,2025-04,3.948179211775294,3.347608635918089,0,0
H0293,2025-04,3.017028519166507,3.377000084772756,0,0
H0294,2025-04,3.160204426542989,3.079580589737742,0,0
H0295,2025-04,1.985915233294468,3.8137099198319935,0,0
H0296,2025-04,3.6837542309236553,3.3551676605558587,0,0
H0297,2025-04,3.352346237927196,3.8333647389175,0,0
H0298,2025-04,2.690265590282651,3.452652808152692,0,0
H0299,2025-04,2.019121231957972,3.172921550423247,0,0
H0300,2025-04,2.1463353882406064,3.11628449071727,0,0
H0301,2025-04,2.288623894079308,3.142029867020717,0,0
H0302,2025-04,3.4467809368722864,3.450013820099523,0,0
H0303,2025-04,2.9702615227740403,3.304286402130038,0,0
H0304,2025-04,3.2480207346428527,2.74798195675817,0,0
H0305,2025-04,2.728035154495239,3.517197757992196,0,0
H0306,2025-04,2.9748479628993643,3.3891711654337,0,0
H0307,2025-04,3.121459397125549,2.590779994701246,0,0
H0308,2025-04,3.842866101775135,3.97663379858081,0,0
H0309,2025-04,3.250298038081551,2.645627431663615,0,0
H0310,2025-04,3.1890743949000875,3.4202650911308736,0,0
H0311,2025-04,2.1959022666800223,2.8265106538907583,0,0
H0312,2025-04,2.831875013316207,3.0561233332605955,0,0
H0313,2025-04,3.3619936984707994,3.335246428792745,0,0
H0314,2025-04,3.5334148079635046,2.940416167574085,0,0
H0315,2025-04,2.9041925695068342,3.835199573709848,0,0
H0316,2025-04,2.9573593364501254,2.656457697525897,0,0
H0317,2025-04,2.1764613786373634,2.779739612143057,0,0
H0318,2025-04,2.150264777148297,3.2491620830632506,0,0
H0319,2025-04,2.136624938006861,2.954710179444902,0,0
H0320,2025-04,3.3690113837306326,3.145241841589451,0,0
H0321,2025-04,2.8759695135273007,3.433575860399982,0,0
H0322,2025-04,3.1992934955818164,2.830899066174801,0,0
H0323,2025-04,3.029470191967756,3.299161158032152,0,1
H0324,2025-04,3.292914967670048,2.6378585699083708,0,0
H0325,2025-04,3.2964290899546227,2.7371408014191414,0,0
H0326,2025-04,3.32476802542711,3.835235806252024,0,0
H0327,2025-04,2.4916027233031794,3.1869361461141765,0,0
H0328,2025-04,3.2347574779314727,2.5133883372868606,0,0
H0329,2025-04,2.3962833506017103,2.5821764801512743,0,0
H0330,2025-04,2.758737086494041,3.011782574767042,0,0
H0331,2025-04,2.9252597012334856,2.966399534859107,0,0
H0332,2025-04,2.762812223630241,2.6195622361541844,0,0
H0333,2025-04,3.0885794358465573,3.081524708415844,0,0
H0334,2025-04,3.26660384402345,3.077647887983013,0,0
H0335,2025-04,3.543292516042869,3.1146736059257547,0,0
H0336,2025-04,2.6008681121227326,3.2725988032832865,0,0
H0337,2025-04,3.660644718794767,3.5395770891846343,0,0
H0338,2025-04,3.052860585546887,2.5013406205185795,0,0
H0339,2025-04,3.736138699378813,3.200146331303258,0,0
H0340,2025-04,3.110323421820157,2.71776386312299,0,0
H0341,2025-04,3.41138022215522,3.299161158032152,0,1
H0342,2025-04,3.7780462901917473,3.7186481921772456,0,0
H0343,2025-04,2.8337257065482997,3.4728579403551603,0,0
H0344,2025-04,2.951937333464729,2.931105300844388,0,0
H0345,2025-04,3.4841826345277767,3.08176629097917,0,0
H0346,2025-04,1.5935591678737289,3.461618089243033,0,0
H0347,2025-04,3.300721697843512,2.8436670962054267,0,0
H0348,2025-04,3.872770121316599,3.1911093630489344,0,0
H0349,2025-04,2.519843915426373,3.1958385266041587,0,0
H0350,2025-04,3.3837799096859604,2.933125717072688,0,0
H0351,2025-04,3.735126032206999,3.1202756407580043,0,0
H0352,2025-04,3.3130820645956427,3.2712006328337413,0,0
H0353,2025-04,3.259220267915875,3.0476867602734528,0,0
H0354,2025-04,2.33521973904626,3.0446118295456843,0,0
H0355,2025-04,3.3244909040951245,2.529514570679635,0,0
H0356,2025-04,3.308708411234237,3.791047748109338,0,0
H0357,2025-04,3.3220984832245493,3.15089075078626,0,0
H0358,2025-04,2.0981299672885583,2.8099548383232844,0,0
H0359,2025-04,3.1017614609202733,2.6501481141383665,1,0
H0360,2025-04,3.4287917853734933,2.271610245054389,0,0
H0361,2025-04,3.24130982791236,3.5324453681004364,0,0
H0362,2025-04,3.168203695620293,3.3103487831699696,0,0
H0363,2025-04,2.416719909521376,2.536445185282374,0,0
H0364,2025-04,2.8498663817162395,3.5934584260030555,0,0
H0365,2025-04,2.7374983043174783,3.3657123589681213,0,0
H0366,2025-04,3.584970567797483,3.976174798380873,0,0
H0367,2025-04,1.9615137882131244,3.928608427248661,0,0
H0368,2025-04,3.1017614609202733,3.277307803977202,1,0
H0369,2025-04,3.120054260553958,4.165420322426724,0,0
H0370,2025-04,3.3527558105354767,3.299161158032152,0,1
H0371,2025-04,3.372597064965621,3.4317045455980355,0,0
H0372,2025-04,3.1090772701411757,3.299161158032152,0,1
H0373,2025-04,2.869885032796051,3.509156358458648,0,0
H0374,2025-04,2.635075482023161,3.660889863119935,0,0
H0375,2025-04,4.052157261254866,3.67230197051684,0,0
H0376,2025-04,3.1017614609202733,3.800174966838989,1,0
H0377,2025-04,2.765588201818766,3.131617503146747,0,0
H0378,2025-04,3.4994230304713025,2.7113447706053373,0,0
H0379,2025-04,2.70841780870464,2.546197737978314,0,0
H0380,2025-04,2.059503871986078,3.0394267083344677,0,0
H0381,2025-04,3.1077854692157407,2.786970986621138,0,0
H0382,2025-04,3.096034607148926,3.368277050802678,0,0
H0383,2025-04,3.2662223585370804,3.008269665641485,0,0
H0384,2025-04,2.810547074511702,3.244562528628765,0,0
H0385,2025-04,2.929159180065341,3.488517152080135,0,0
H0386,2025-04,2.826214754259221,3.467327897180616,0,0
H0387,2025-04,2.440798053535782,2.29787153158716,0,0
H0388,2025-04,3.292779595152115,3.422887182683179,0,0
H0389,2025-04,3.155133284335693,3.834265838231877,0,0
H0390,2025-04,3.077304137510911,3.4446204212660643,0,0
H0391,2025-04,2.691511592329384,3.008731872960263,0,0
H0392,2025-04,2.7799497419031947,3.86597542562568,0,0
H0393,2025-04,3.2740351995758648,3.7011836606660617,0,0
H0394,2025-04,2.4038418032902604,3.689921283110457,0,0
H0395,2025-04,3.655128457088081,2.5518769038402263,0,0
H0396,2025-04,2.1061876776799284,3.528838381819559,0,0
H0397,2025-04,2.690015521307198,3.2732229151641845,0,0
H0398,2025-04,3.3080893317456184,2.990390779805265,0,0
H0399,2025-04,3.4312658591078806,3.806346993112599,0,0
H0400,2025-04,2.956984399360918,2.7464733084324666,0,0
H0401,2025-04,3.569653610678623,3.6640838519436296,0,0
H0402,2025-04,2.3166801643720696,3.3184588741950827,0,0
H0403,2025-04,2.573868166767077,3.299161158032152,0,1
H0404,2025-04,3.5630417580532474,3.6918222578099,0,0
H0405,2025-04,2.956717626728526,4.110248161535368,0,0
H0406,2025-04,2.8482347786984543,3.344274042542374,0,0
H0407,2025-04,3.321823177449189,3.547323208738301,0,0
H0408,2025-04,2.6722299082936787,2.992090432600808,0,0
H0409,2025-04,3.2346457592964724,3.092921138921542,0,0
H0410,2025-04,3.724159031274594,3.2863378257045945,0,0
H0411,2025-04,3.469684126349556,2.70035820993617,0,0
H0412,2025-04,3.1338085254541,2.856558472224253,0,0
H0413,2025-04,3.221873957729714,3.6322735184069015,0,0
H0414,2025-04,3.423329177260022,3.4856483950336963,0,0
H0415,2025-04,2.8929533449400164,2.9316702344884087,0,0
H0416,2025-04,4.106582268485431,3.354186448724484,0,0
H0417,2025-04,2.80325489441548,3.610687084540392,0,0
H0418,2025-04,3.7476350824841465,3.03300429016455,0,0
H0419,2025-04,3.463264468324415,3.906511663513379,0,0
H0420,2025-04,3.6911383137540175,3.018742153929077,0,0
H0421,2025-04,2.6048765593385643,3.610511670321011,0,0
H0422,2025-04,3.43607352391619,3.297409503771717,0,0
H0423,2025-04,3.735443697502903,3.299161158032152,0,1
H0424,2025-04,4.240660637299973,3.9824423417732855,0,0
H0425,2025-04,3.15997806022621,3.954317766222188,0,0
H0426,2025-04,3.126473074880603,3.754091740377831,0,0
H0427,2025-04,3.578791745935149,3.6308663378415154,0,0
H0428,2025-04,3.591647947460449,3.1955407939479104,0,0
H0429,2025-04,3.529589474559497,2.9185024980566503,0,0
H0430,2025-04,3.0079810896438346,2.580143245047492,0,0
H0431,2025-04,3.3961350913324138,2.737461462375389,0,0
H0432,2025-04,2.425115972380665,2.669718067812624,0,0
H0433,2025-04,3.197746130462083,3.299161158032152,0,1
H0434,2025-04,2.620750092366525,2.867566926617975,0,0
H0435,2025-04,4.111127616219961,3.779196239582308,0,0
H0436,2025-04,3.4287122871011984,3.563606055580181,0,0
H0437,2025-04,2.437847907491264,2.7873409430445486,0,0
H0438,2025-04,2.595815963917876,2.6794254334533547,0,0
H0439,2025-04,2.604319211124225,3.157414497344995,0,0
H0440,2025-04,3.488529866640372,3.555908373684244,0,0
H0441,2025-04,3.337827448239607,2.373194296694097,0,0
H0442,2025-04,3.1017614609202733,4.300905722521577,1,0
H0443,2025-04,2.918680566429686,3.521025625198241,0,0
H0444,2025-04,2.8257937685433303,3.143572356338938,0,0
H0445,2025-04,3.387591164857432,2.944515003988299,0,0
H0446,2025-04,2.933562943493516,3.6048973352048392,0,0
H0447,2025-04,3.0698496810094804,2.9548393374317863,0,0
H0448,2025-04,2.682514057437764,2.7279790472539727,0,0
H0449,2025-04,2.658340653842199,3.2792833604935083,0,0
H0450,2025-04,2.4658976166355884,3.299161158032152,0,1
H0451,2025-04,3.185222630730261,3.520590408716039,0,0
H0452,2025-04,2.906427961340884,3.574803381313689,0,0
H0453,2025-04,2.410207642477177,3.145535531963003,0,0
H0454,2025-04,3.02161527830678,3.328347887158388,0,0
H0455,2025-04,3.569164779229331,3.482445658509403,0,0
H0456,2025-04,4.023305843162915,3.312663581120973,0,0
H0457,2025-04,2.7115404866107644,3.4883697841293504,0,0
H0458,2025-04,3.772731193225518,3.226439058336596,0,0
H0459,2025-04,3.1017614609202733,2.8318753410821342,1,0
H0460,2025-04,3.740328655102376,3.235716768094864,0,0
H0461,2025-04,2.328829822863148,3.346913258321186,0,0
H0462,2025-04,2.472954670759477,3.077763300903951,0,0
H0463,2025-04,3.1017614609202733,3.208069074062374,1,0
H0464,2025-04,2.8715631376014774,4.124134147207449,0,0
H0465,2025-04,3.3100845978981925,4.375947327843559,0,0
H0466,2025-04,2.626186819830425,3.674835235753248,0,0
H0467,2025-04,3.4569265043846524,3.2548232197616978,0,0
H0468,2025-04,2.686766023314864,2.895767959579351,0,0
H0469,2025-04,3.1017614609202733,3.844699529072865,1,0
H0470,2025-04,3.449680318854473,3.644013694228336,0,0
H0471,2025-04,2.116670831255407,2.7722287217125303,0,0
H0472,2025-04,3.10206410301124,3.299161158032152,0,1
H0473,2025-04,3.1493988604275978,3.7328754069549297,0,0
H0474,2025-04,3.592121705782092,3.5272505988082736,0,0
H0475,2025-04,2.834785449188621,3.39312758616342,0,0
H0476,2025-04,3.1017614609202733,3.690795186159843,1,0
H0477,2025-04,3.561189306427001,3.788693521760396,0,0
H0478,2025-04,2.554842564230733,2.904136941386285,0,0
H0479,2025-04,3.135151247293243,3.487770289991572,0,0
H0480,2025-04,3.2818820358561425,3.5426247854213764,0,0
H0481,2025-04,3.2270884066843117,3.3198026869947785,0,0
H0482,2025-04,2.8312344162814984,3.439597274944131,0,0
H0483,2025-04,3.462135282690186,2.9541392320011566,0,0
H0484,2025-04,3.32840181541942,3.3633031064481904,0,0
H0485,2025-04,2.729768621997069,3.5477229819673006,0,0
H0486,2025-04,3.847039925571536,3.289657027164645,0,0
H0487,2025-04,2.6497656079153247,2.7274233320077865,0,0
H0488,2025-04,3.2725939862827187,3.4581592114094315,0,0
H0489,2025-04,2.997102320072988,3.2721134821234754,0,0
H0490,2025-04,2.4449189032685683,2.851069275513511,0,0
H0491,2025-04,3.1572140236272674,3.2128290471530003,0,0
H0492,2025-04,3.100549472358954,3.1330537349725254,0,0
H0493,2025-04,3.353104300427891,3.2497071195027623,0,0
H0494,2025-04,2.7164951275305875,3.061680958696403,0,0
H0495,2025-04,2.791130514845044,3.220385968103992,0,0
H0496,2025-04,3.367571931021715,3.279478697689828,0,0
H0497,2025-04,3.784347440272999,3.491899839351433,0,0
H0498,2025-04,3.5108172469444443,2.7034480701104577,0,0
H0499,2025-04,2.0039822260578464,3.242038256861665,0,0
H0500,2025-04,3.478781695966128,3.66988371268171,0,0
H0501,2025-04,2.938483966255208,2.759032405224115,0,0
H0502,2025-04,2.562056927676558,3.8704320888628456,0,0
H0503,2025-04,3.2689113962783063,3.6760345418632494,0,0
H0504,2025-04,2.6369498896395824,2.103428692667964,0,0
H0505,2025-04,3.3558204234579714,2.5174258566300023,0,0
H0506,2025-04,3.245455103433874,3.986564504371904,0,0
H0507,2025-04,3.270347322761116,3.1622073735871385,0,0
H0508,2025-04,3.5662498461826315,2.859742216853798,0,0
H0509,2025-04,2.5678300314563574,3.426584455251555,0,0
H0510,2025-04,3.913566427158957,3.1736392880451065,0,0
H0511,2025-04,2.6028001635877875,3.584498373288833,0,0
H0512,2025-04,3.165396655768442,3.923041582750813,0,0
H0513,2025-04,3.7227645289141273,2.5363496449177547,0,0
H0514,2025-04,3.5733812429625336,3.4072027526680806,0,0
H0515,2025-04,3.413700038568378,3.102037046518118,0,0
H0516,2025-04,3.950240159117856,3.8717457745045873,0,0
H0517,2025-04,2.804650784880232,3.352481251384392,0,0
H0518,2025-04,2.944958864102307,3.237758434723603,0,0
H0519,2025-04,2.9200884789778643,3.088660104831506,0,0
H0520,2025-04,3.131213796210674,3.79619528825974,0,0
H0521,2025-04,3.710638796276653,3.003602820364667,0,0
H0522,2025-04,2.8258324868621125,3.3418013138561022,0,0
H0523,2025-04,2.992303712854166,4.1689873775005,0,0
H0524,2025-04,1.8314339349887525,3.7064139232975433,0,0
H0525,2025-04,3.8161275119052687,4.002878696456049,0,0
H0526,2025-04,3.4020081553203587,3.037470714629097,0,0
H0527,2025-04,3.029205192692676,3.16553307033038,0,0
H0528,2025-04,3.2137324085768246,4.069887543833202,0,0
H0529,2025-04,3.2277178583509616,3.997142680384999,0,0
H0530,2025-04,2.807732400154559,3.9194316111829575,0,0
H0531,2025-04,3.1591927785656138,3.427321537594818,0,0
H0532,2025-04,3.043652940772361,2.660559993981928,0,0
H0533,2025-04,3.570371052592245,2.367791386138451,0,0
H0534,2025-04,3.0983872277309628,3.733702883265896,0,0
H0535,2025-04,3.846482595079922,3.4660993585414297,0,0
H0536,2025-04,3.160093045668929,3.790336198219052,0,0
H0537,2025-04,2.935547623794939,2.921452902780153,0,0
H0538,2025-04,2.9374930215524526,3.4977105407321574,0,0
H0539,2025-04,2.531712818922073,3.0374856043765046,0,0
H0540,2025-04,2.8533848149694983,2.6283219960824624,0,0
H0541,2025-04,3.1017614609202733,4.342289663996143,1,0
H0542,2025-04,3.062639744047202,3.1007776568820797,0,0
H0543,2025-04,3.020806222846852,3.468898891429397,0,0
H0544,2025-04,2.9051260054904247,4.002922518364102,0,0
H0545,2025-04,2.71056910350286,4.181949430745242,0,0
H0546,2025-04,3.325252434792808,3.1173740408564337,0,0
H0547,2025-04,2.7428289514757567,3.1644959306125084,0,0
H0548,2025-04,2.138485806844373,3.2420112227725664,0,0
H0549,2025-04,3.1017614609202733,2.99951532784842,1,0
H0550,2025-04,3.550886996514941,3.502641568376482,0,0
H0551,2025-04,4.1500830352266975,3.3420152510336845,0,0
H0552,2025-04,3.1017614609202733,3.7932937871760894,1,0
H0553,2025-04,3.548565491300344,3.3000051897573077,0,0
H0554,2025-04,3.1790993177249827,3.1530389382532995,0,0
H0555,2025-04,3.5097497428212105,3.2217915683080065,0,0
H0556,2025-04,3.3200042481802576,4.047850456767248,0,0
H0557,2025-04,3.0922585876144164,3.660571488820672,0,0
H0558,2025-04,2.529828676922909,3.899160544363772,0,0
H0559,2025-04,1.9984088175653825,3.288963382991452,0,0
H0560,2025-04,3.253179682737426,3.77718849893916,0,0
H0561,2025-04,3.43656541532402,3.952898249038852,0,0
H0562,2025-04,3.895497441065306,3.454919170964646,0,0
H0563,2025-04,1.9281319434674835,3.286907122410545,0,0
H0564,2025-04,3.529954977624892,3.0060320545998658,0,0
H0565,2025-04,3.061805578667572,2.9057369746165675,0,0
H0566,2025-04,3.50209354693698,3.108031993959584,0,0
H0567,2025-04,4.048419618476195,3.723134842233722,0,0
H0568,2025-04,2.4549621305911886,3.3083207249525737,0,0
H0569,2025-04,3.3534373133006623,3.3132520581780973,0,0
H0570,2025-04,3.0753950028669683,2.8237269721064058,0,0
H0571,2025-04,3.839114292549725,3.988131707377847,0,0
H0572,2025-04,3.1017614609202733,2.912226386755786,1,0
H0573,2025-04,2.920776684504539,3.299161158032152,0,1
H0574,2025-04,2.4326940518785576,2.700647700773824,0,0
H0575,2025-04,3.1017614609202733,3.36244443821306,1,0
H0576,2025-04,2.4008203346681336,3.28016289860591,0,0
H0577,2025-04,3.6606680439173616,2.769994402776254,0,0
H0578,2025-04,3.623037212960465,3.016004734124192,0,0
H0579,2025-04,2.4051570498786505,3.022878680326984,0,0
H0580,2025-04,3.028177139699864,2.775020254901559,0,0
H0581,2025-04,2.583969487692111,3.087384726007065,0,0
H0582,2025-04,2.5143912515601707,3.930096320389669,0,0
H0583,2025-04,3.726355610973521,4.322581281352644,0,0
H0584,2025-04,3.358081088242832,3.599908806457941,0,0
H0585,2025-04,3.1247822322685157,3.1329077018409817,0,0
H0586,2025-04,2.95072562307796,3.595841463222458,0,0
H0587,2025-04,3.5075025394595905,3.110748203807536,0,0
H0588,2025-04,2.4482374622364214,4.173465643479432,0,0
H0589,2025-04,3.420945449970888,4.238208682798957,0,0
H0590,2025-04,3.9263813839206856,3.6953344785969335,0,0
H0591,2025-04,3.3135976973223045,3.15424927082228,0,0
H0592,2025-04,2.5473731137601456,3.0407815387663573,0,0
H0593,2025-04,3.6396561959107943,3.1830979362242613,0,0
H0594,2025-04,2.840017156429405,3.5658611405560947,0,0
H0595,2025-04,3.5269687478226937,3.299161158032152,0,1
H0596,2025-04,3.4470057205458526,3.992696435839644,0,0
H0597,2025-04,3.776828243921013,3.250257472589531,0,0
H0598,2025-04,3.900979312676309,3.956373168923974,0,0
H0599,2025-04,3.232789669940468,3.499330973806124,0,0
H0600,2025-04,3.329695240799149,3.0942331056198107,0,0
C0001,2025-04,3.5811275874301858,3.299161158032152,0,1
C0002,2025-04,2.7961059599926474,3.931477021320074,0,0
C0003,2025-04,2.9171106165553584,3.084187614922022,0,0
C0004,2025-04,2.9316758365335827,3.383018426486701,0,0
C0005,2025-04,2.93347478597335,2.850337016499711,0,0
C0006,2025-04,3.354918780975662,2.930671145592835,0,0
C0007,2025-04,3.02627379752069,4.021210346189567,0,0
C0008,2025-04,4.460366957614619,3.299161158032152,0,1
C0009,2025-04,2.679082978344252,3.5097088081963568,0,0
C0010,2025-04,2.621876916557995,3.012602582908765,0,0
C0011,2025-04,2.8709711005068947,2.744239995725174,0,0
C0012,2025-04,3.23822013433042,3.130857561840352,0,0
C0013,2025-04,2.7652644056060214,3.232083685433392,0,0
C0014,2025-04,3.0598314529706805,2.728865977958826,0,0
C0015,2025-04,2.817617234192242,3.337943065955096,0,0
C0016,2025-04,3.5547341000841026,3.4720806755664344,0,0
C0017,2025-04,2.6121887921478404,2.5732898791594327,0,0
C0018,2025-04,2.724028075291745,3.831149988395556,0,0
C0019,2025-04,2.309209815762033,2.8851235114882483,0,0
C0020,2025-04,4.269163972255261,4.182433076082141,0,0
C0021,2025-04,3.437441969369849,3.106553926499916,0,0
C0022,2025-04,3.123298825802301,2.5337690038866136,0,0
C0023,2025-04,2.7878358403332406,2.607985663665839,0,0
C0024,2025-04,3.131340118571965,2.3918543208338203,0,0
C0025,2025-04,2.4009350420933746,2.507020730012865,0,0
C0026,2025-04,2.6961733561222925,3.0585285967487303,0,0
C0027,2025-04,3.1017614609202733,3.28191226289991,1,0
C0028,2025-04,3.489493352058145,2.4558782655167457,0,0
C0029,2025-04,2.537303125493493,2.7096945214248245,0,0
C0030,2025-04,3.561995656987353,4.153627945056841,0,0
C0031,2025-04,2.546075457824917,3.040273519356386,0,0
C0032,2025-04,2.7973240232175143,3.231105878331017,0,0
C0033,2025-04,3.529891065797763,3.6287025574197616,0,0
C0034,2025-04,2.191443682066984,3.299161158032152,0,1
C0035,2025-04,3.1998703466693463,3.276871788247344,0,0
C0036,2025-04,3.5540954697133254,3.861776331934486,0,0
C0037,2025-04,3.3344231136341627,3.993370319064767,0,0
C0038,2025-04,3.3398797081346028,2.741065612240717,0,0
C0039,2025-04,2.400639718682032,3.525183990592029,0,0
C0040,2025-04,2.584002716756368,2.2816946246918883,0,0
C0041,2025-04,3.2157109135965967,3.426546030987705,0,0
C0042,2025-04,3.1017614609202733,3.633023765297727,1,0
C0043,2025-04,2.7869092436709657,3.615259278834469,0,0
C0044,2025-04,3.4373412291415275,3.667276740169604,0,0
C0045,2025-04,2.1031792363414605,3.701900853932483,0,0
C0046,2025-04,3.05203140818428,3.031787829032346,0,0
C0047,2025-04,3.3601174451399314,3.5476611006967964,0,0
C0048,2025-04,3.0520406455645945,3.0197403680810275,0,0
C0049,2025-04,3.32980996816396,3.7789087431656094,0,0
C0050,2025-04,2.2446817681622235,3.344095850210559,0,0
C0051,2025-04,2.9752967107478607,3.5095813928847086,0,0
C0052,2025-04,3.5676690696180717,2.5515969809504626,0,0
C0053,2025-04,3.838760307317408,3.023361284578975,0,0
C0054,2025-04,3.610809094362652,3.356509276312186,0,0
C0055,2025-04,3.2148625610059005,2.84199931612428,0,0
C0056,2025-04,2.738051001063748,3.930923724349569,0,0
C0057,2025-04,2.374004353350442,2.731379404875936,0,0
C0058,2025-04,4.102455309713362,3.5306687380551374,0,0
C0059,2025-04,3.1017614609202733,4.240725164307356,1,0
C0060,2025-04,3.147316561925055,3.297781652173528,0,0
C0061,2025-04,3.4277448113383704,3.146195903125698,0,0
C0062,2025-04,3.5777324624513414,4.061639915207234,0,0
C0063,2025-04,2.40460397582026,3.061563972076353,0,0
C0064,2025-04,3.6264938030755376,3.228787671775812,0,0
C0065,2025-04,3.135421013953528,2.702217673461984,0,0
C0066,2025-04,3.1017614609202733,4.057461281017906,1,0
C0067,2025-04,3.02827593828618,3.612215914236487,0,0
C0068,2025-04,2.582795560822424,3.4861612032233373,0,0
C0069,2025-04,3.990531907808737,4.117135257193663,0,0
C0070,2025-04,2.6749412736961107,3.4114094572763123,0,0
C0071,2025-04,3.2705375584382907,3.1282280978402546,0,0
C0072,2025-04,2.9177912295527606,2.731960728969882,0,0
C0073,2025-04,3.563534035095186,3.4125703646744183,0,0
C0074,2025-04,3.5947934205259395,3.098432401970553,0,0
C0075,2025-04,3.0554887305713883,3.175297641140102,0,0
C0076,2025-04,3.3488677292931945,2.4413471350487264,0,0
C0077,2025-04,2.7642833933844875,3.4354968623299857,0,0
C0078,2025-04,3.0001206459676597,2.706111483113526,0,0
C0079,2025-04,3.375265155799031,3.761556091686233,0,0
C0080,2025-04,2.8291553186699776,2.6136386743942466,0,0
C0081,2025-04,3.939701005855721,4.100951396169148,0,0
C0082,2025-04,2.769315824935556,3.3579203097605723,0,0
C0083,2025-04,3.360403061984377,3.222504317093604,0,0
C0084,2025-04,2.394427691925884,3.234989820979046,0,0
C0085,2025-04,3.457692050971496,3.84501745924432,0,0
C0086,2025-04,3.580020429786352,3.721173724238589,0,0
C0087,2025-04,3.1017614609202733,2.6077512410664188,1,0
C0088,2025-04,2.9009332245066437,3.1323235074466718,0,0
C0089,2025-04,4.11580290375279,2.9733573954253023,0,0
C0090,2025-04,2.78587727781388,3.299161158032152,0,1
C0091,2025-04,3.701278141470089,2.8783613368508187,0,0
C0092,2025-04,3.2732307729504333,3.8293112035485,0,0
C0093,2025-04,3.174796126364461,3.069073143256006,0,0
C0094,2025-04,3.0619634435909004,2.562558187224536,0,0
C0095,2025-04,2.8550864760231693,2.602123432904897,0,0
C0096,2025-04,3.600199109309479,3.086553853424662,0,0
C0097,2025-04,3.1214137338967114,2.172368506703388,0,0
C0098,2025-04,2.9977066388896243,3.4074777554833453,0,0
C0099,2025-04,3.358147584296078,3.419117246258596,0,0
C0100,2025-04,3.612668599969509,3.575440387555469,0,0
C0101,2025-04,2.033575224792477,2.8069363616878835,0,0
C0102,2025-04,3.409097239839008,3.865226041821292,0,0
C0103,2025-04,3.1461868392839065,3.5309368322202106,0,0
C0104,2025-04,2.7149236155401653,3.590385760472836,0,0
C0105,2025-04,3.9375212361807,2.788564301254042,0,0
C0106,2025-04,3.88433765658954,2.6747053332539066,0,0
C0107,2025-04,2.562404818188855,2.7386948864090064,0,0
C0108,2025-04,3.0881865391327747,3.0613183771001133,0,0
C0109,2025-04,3.3755399257878502,3.684389165683554,0,0
C0110,2025-04,2.8955260703857046,3.5032106131671794,0,0
C0111,2025-04,2.708152299132239,3.6375951733701,0,0
C0112,2025-04,3.1334907910308862,3.0354154794494,0,0
C0113,2025-04,2.703784314525175,3.3954863355877705,0,0
C0114,2025-04,2.259820670264004,3.3811809417289087,0,0
C0115,2025-04,2.6165940796721228,2.943196078238537,0,0
C0116,2025-04,3.6928450549256193,3.582126383537758,0,0
C0117,2025-04,2.9594922541451827,3.193952256194048,0,0
C0118,2025-04,2.277141050626731,2.736191314003581,0,0
C0119,2025-04,3.568149711646764,4.414283534445519,0,0
C0120,2025-04,2.9831414681045256,3.300431998057761,0,0
C0121,2025-04,3.4300727345033657,3.299161158032152,0,1
C0122,2025-04,3.315004321878563,3.253006718063133,0,0
C0123,2025-04,3.2209133771033884,3.5177109367602903,0,0
C0124,2025-04,3.026614090349274,3.464477992532773,0,0
C0125,2025-04,3.0049371361114483,3.3470333505666248,0,0
C0126,2025-04,2.70466286513069,3.9360354692492456,0,0
C0127,2025-04,2.9367177526318606,3.489779773740891,0,0
C0128,2025-04,3.4935936076852867,3.814638934203491,0,0
C0129,2025-04,2.570317736231837,3.643509416730099,0,0
C0130,2025-04,2.933235291000178,3.6107456240334015,0,0
C0131,2025-04,4.122785138745791,3.427754555504984,0,0
C0132,2025-04,3.413767983921579,2.735763288516271,0,0
C0133,2025-04,3.614169680919213,2.7234094813747456,0,0
C0134,2025-04,2.922615741816056,3.299161158032152,0,1
C0135,2025-04,2.8233839992856624,3.40192313387806,0,0
C0136,2025-04,2.7539571363007926,3.0232167265835166,0,0
C0137,2025-04,3.815444717777858,3.645603186281603,0,0
C0138,2025-04,3.537951625730677,3.775670978276607,0,0
C0139,2025-04,2.3398654460118826,2.912506996370804,0,0
C0140,2025-04,2.945556801001361,2.8745646642049723,0,0
C0141,2025-04,2.6877482261264127,2.572872466876845,0,0
C0142,2025-04,2.947061974578276,3.1756564293580736,0,0
C0143,2025-04,2.3378405402390947,3.2641344633467053,0,0
C0144,2025-04,3.69942478425951,3.2720761925279582,0,0
C0145,2025-04,2.470116889277989,3.2036535293474104,0,0
C0146,2025-04,2.25212021138304,3.299161158032152,0,1
C0147,2025-04,2.82469346358392,3.8158793118849,0,0
C0148,2025-04,3.94530437076614,3.6243513040624857,0,0
C0149,2025-04,3.577865902247883,2.882339671361261,0,0
C0150,2025-04,3.8917902581374775,3.4589093503249635,0,0
C0151,2025-04,3.696154307551856,3.5705086007879228,0,0
C0152,2025-04,2.995491957103701,4.101936605314557,0,0
C0153,2025-04,3.121267674185061,3.299161158032152,0,1
C0154,2025-04,2.9101634054694845,3.7071291001622777,0,0
C0155,2025-04,2.415041205902574,3.182792700805463,0,0
C0156,2025-04,2.7552414958221183,3.4437087585458586,0,0
C0157,2025-04,3.5054890466463795,3.497380118457041,0,0
C0158,2025-04,2.785026172922604,3.138203845558557,0,0
C0159,2025-04,3.3971659861179626,3.970323835639755,0,0
C0160,2025-04,2.487999416895382,3.064999353102692,0,0
C0161,2025-04,3.215069991814105,3.718484440324875,0,0
C0162,2025-04,3.3098457634894167,2.752163712375741,0,0
C0163,2025-04,2.445756776728023,3.0045170432838813,0,0
C0164,2025-04,3.1068985072365587,3.0624120171480618,0,0
C0165,2025-04,3.156138742420995,3.2722257489089053,0,0
C0166,2025-04,3.226698207837811,3.884415658359501,0,0
C0167,2025-04,2.897941106561785,3.005269448384956,0,0
C0168,2025-04,3.3025475757775395,3.229973107308096,0,0
C0169,2025-04,3.108175900588047,3.971308276932438,0,0
C0170,2025-04,2.6735188237449496,3.1203541730246904,0,0
C0171,2025-04,2.793607791958468,4.001156405587161,0,0
C0172,2025-04,2.7852472561483475,3.543208276635505,0,0
C0173,2025-04,3.4102202778359585,2.878858592283748,0,0
C0174,2025-04,3.6456618976376,3.3541209587683607,0,0
C0175,2025-04,3.706583876661435,3.959891462481779,0,0
C0176,2025-04,3.128035700747924,4.394117923455331,0,0
C0177,2025-04,3.096188147445598,3.4495338954761743,0,0
C0178,2025-04,3.188317375959977,3.93139306778254,0,0
C0179,2025-04,2.96064443954664,3.690059647277636,0,0
C0180,2025-04,2.7640259048221147,3.270688845689077,0,0
C0181,2025-04,3.4036719505786217,2.806566173085981,0,0
C0182,2025-04,2.333643974183025,2.941523424122948,0,0
C0183,2025-04,3.212142416405257,3.3830679713683587,0,0
C0184,2025-04,3.535990938608306,3.428182942715412,0,0
C0185,2025-04,3.689348909045026,3.884026290536883,0,0
C0186,2025-04,2.91385304817998,3.363382105997972,0,0
C0187,2025-04,2.5209723878715247,2.4335403416187718,0,0
C0188,2025-04,2.9455087233461708,3.3349862920071627,0,0
C0189,2025-04,3.871008068043516,2.938999832173152,0,0
C0190,2025-04,3.0916462298562397,2.7786842035829915,0,0
C0191,2025-04,2.683001594264292,3.4076012087678165,0,0
C0192,2025-04,3.110938852498202,3.456103515399377,0,0
C0193,2025-04,3.5755163024723053,3.268150716507592,0,0
C0194,2025-04,3.20457383736406,3.749114266295764,0,0
C0195,2025-04,3.2520006609506127,2.7115053758304684,0,0
C0196,2025-04,3.083356452637271,3.250767598321449,0,0
C0197,2025-04,3.908883633841525,3.6671354767674775,0,0
C0198,2025-04,3.1017614609202733,3.525037827652093,1,0
C0199,2025-04,3.1334462213693604,3.6838282334572416,0,0
C0200,2025-04,2.878074955010144,3.299161158032152,0,1
C0201,2025-04,3.70081517383614,3.186292793830431,0,0
C0202,2025-04,2.9823317448975524,3.0364846999624864,0,0
C0203,2025-04,2.751166738114063,3.217566711723455,0,0
C0204,2025-04,3.4512861066830998,4.050986882493391,0,0
C0205,2025-04,2.539124727508065,3.946504249769768,0,0
C0206,2025-04,3.1008318061722986,3.743897967475799,0,0
C0207,2025-04,2.654131374540919,3.7437942846563943,0,0
C0208,2025-04,3.083912420940408,4.440820682152548,0,0
C0209,2025-04,3.1017614609202733,2.622359890495954,1,0
C0210,2025-04,2.141731647507368,2.912992721503904,0,0
C0211,2025-04,3.0313783988687213,2.9336760577072387,0,0
C0212,2025-04,2.9565419242802697,4.098834933421634,0,0
C0213,2025-04,2.4017427951650885,2.770126259547137,0,0
C0214,2025-04,2.487632219684474,2.995090050572089,0,0
C0215,2025-04,3.687456632770789,3.754914302130016,0,0
C0216,2025-04,3.8270152021955774,3.242928555867614,0,0
C0217,2025-04,3.470517792686422,2.9169759844301293,0,0
C0218,2025-04,3.589734769187479,2.862929388336121,0,0
C0219,2025-04,1.8082199778867163,3.0472355614467728,0,0
C0220,2025-04,3.206310803309793,3.0152075955829227,0,0
C0221,2025-04,3.3568883780174037,3.8293139590382745,0,0
C0222,2025-04,3.3218114611301743,3.298649099234185,0,0
C0223,2025-04,4.513962358835004,3.4653775373273685,0,0
C0224,2025-04,3.1017614609202733,3.131860373263224,1,0
C0225,2025-04,2.902878868012216,3.0386676404149213,0,0
C0226,2025-04,3.2154154468874574,3.103159089227736,0,0
C0227,2025-04,2.8721187642475208,3.1854535582651065,0,0
C0228,2025-04,2.6116398113486987,3.6019855632076827,0,0
C0229,2025-04,2.564184898284777,2.842167322708236,0,0
C0230,2025-04,3.340704296126155,3.086399568137049,0,0
C0231,2025-04,2.858738420792968,3.777365502524212,0,0
C0232,2025-04,2.5242466035800315,3.283938168880632,0,0
C0233,2025-04,3.4265429866805093,3.089626336932737,0,0
C0234,2025-04,4.633143213561121,3.396128599344467,0,0
C0235,2025-04,2.8169393105139773,3.1826948250075424,0,0
C0236,2025-04,2.4095842521311304,3.471398029211078,0,0
C0237,2025-04,3.468300765283626,2.882343015621609,0,0
C0238,2025-04,2.359834615310523,2.87089638239846,0,0
C0239,2025-04,2.64087362685648,3.150422802246633,0,0
C0240,2025-04,3.339171271761117,3.413630289127028,0,0
C0241,2025-04,3.489970014280876,3.976320878349581,0,0
C0242,2025-04,2.822355068987798,2.358126426331822,0,0
C0243,2025-04,2.7139080163726867,2.9580649825972345,0,0
C0244,2025-04,4.061526509242728,3.016479939474662,0,0
C0245,2025-04,3.140417921784496,3.789624780215971,0,0
C0246,2025-04,3.6506559481973166,2.8819896805058582,0,0
C0247,2025-04,3.0072818344930137,3.671545228373759,0,0
C0248,2025-04,3.674662143256975,3.3728331885069918,0,0
C0249,2025-04,2.686789435368674,3.903720402075815,0,0
C0250,2025-04,3.042664264053983,3.294053258752894,0,0
C0251,2025-04,3.0648075399682018,3.364636757551505,0,0
C0252,2025-04,2.8949666723651384,3.757490183945394,0,0
C0253,2025-04,3.559009932424281,3.0763641730523967,0,0
C0254,2025-04,3.0334385700489714,3.2204296765321843,0,0
C0255,2025-04,2.65119037996983,3.835121000341064,0,0
C0256,2025-04,2.944942678408672,2.8483861605340195,0,0
C0257,2025-04,2.3091365094056897,3.299161158032152,0,1
C0258,2025-04,2.883418329962232,3.62171432421028,0,0
C0259,2025-04,3.2987953616882844,3.299161158032152,0,1
C0260,2025-04,3.5670581038073177,3.8168361985791632,0,0
C0261,2025-04,1.565310991552135,2.450670836001067,0,0
C0262,2025-04,2.612454770005572,2.966310660373251,0,0
C0263,2025-04,3.133635307792156,2.807641943861019,0,0
C0264,2025-04,3.357730231658366,2.596827860745166,0,0
C0265,2025-04,2.884169809694473,3.696553389777784,0,0
C0266,2025-04,3.058628050581182,3.776045969573667,0,0
C0267,2025-04,2.9571132218958303,3.579527203760591,0,0
C0268,2025-04,3.0780394245118488,3.6477816771611833,0,0
C0269,2025-04,4.316774749157145,3.8594880136091207,0,0
C0270,2025-04,3.783274951548857,2.967865298531996,0,0
C0271,2025-04,2.4655780661464632,2.959890424748698,0,0
C0272,2025-04,2.6384157004858326,3.255139576282708,0,0
C0273,2025-04,3.492735443037817,3.2184305752894957,0,0
C0274,2025-04,2.2945405996623647,3.473143668389511,0,0
C0275,2025-04,3.0329463632744886,2.223840692678371,0,0
C0276,2025-04,3.189813364059288,3.299161158032152,0,1
C0277,2025-04,2.600349977174089,2.799925729021577,0,0
C0278,2025-04,3.196241344626275,3.8365593898152097,0,0
C0279,2025-04,3.3396831281094053,3.1417338780436945,0,0
C0280,2025-04,4.185328925527585,2.892067548076908,0,0
C0281,2025-04,3.6482509557775127,3.468776606317844,0,0
C0282,2025-04,3.0882265065054395,3.320235286397004,0,0
C0283,2025-04,2.708484056752041,4.516473570923521,0,0
C0284,2025-04,2.00096959175202,2.892597464996926,0,0
C0285,2025-04,3.078808470128564,3.476347501035705,0,0
C0286,2025-04,3.1017614609202733,2.595271790925905,1,0
C0287,2025-04,3.383541038279796,3.638230373353212,0,0
C0288,2025-04,3.502857661522225,2.964868962946402,0,0
C0289,2025-04,3.546896407678944,3.717400958567133,0,0
C0290,2025-04,2.870031326185471,2.5115824463882173,0,0
C0291,2025-04,3.033773345570805,3.299161158032152,0,1
C0292,2025-04,3.443101026134008,2.8869663808613515,0,0
C0293,2025-04,3.756015445990181,3.522433839896447,0,0
C0294,2025-04,3.1017614609202733,2.904218382347648,1,0
C0295,2025-04,3.086845310471673,4.104126100434128,0,0
C0296,2025-04,2.195857175263214,3.317475251152016,0,0
C0297,2025-04,2.997004694051977,2.4247770559105613,0,0
C0298,2025-04,3.1017614609202733,4.127738525220067,1,0
C0299,2025-04,3.5419678892385504,3.338085946571834,0,0
C0300,2025-04,3.81440993180824,3.9770359828803663,0,0
C0301,2025-04,2.9700418355611853,2.9635299951885385,0,0
C0302,2025-04,4.467848182505126,2.814324673154245,0,0
C0303,2025-04,3.378379370736856,3.381131336036159,0,0
C0304,2025-04,3.1017614609202733,3.299161158032152,1,1
C0305,2025-04,3.2018056160486643,2.7792674904395978,0,0
C0306,2025-04,2.707397362230619,3.5764864330947304,0,0
C0307,2025-04,3.1017614609202733,3.068863652969037,1,0
C0308,2025-04,2.974212927270161,3.039483529998054,0,0
C0309,2025-04,3.76511976597944,2.8313706936087284,0,0
C0310,2025-04,2.871089060700094,3.1761023099957835,0,0
C0311,2025-04,2.6031159472855725,3.7552018494204416,0,0
C0312,2025-04,3.487651556379048,3.0638970017568097,0,0
C0313,2025-04,3.509778687862096,3.572016213444065,0,0
C0314,2025-04,3.868935110015269,3.2710179300941484,0,0
C0315,2025-04,3.4426211012697894,3.319995156673597,0,0
C0316,2025-04,3.313017962266476,3.883449994651329,0,0
C0317,2025-04,3.204247123861259,3.289855796867809,0,0
C0318,2025-04,3.478622267811292,3.60944057916052,0,0
C0319,2025-04,3.1017614609202733,2.922983946359732,1,0
C0320,2025-04,2.6681799541851667,2.9344878028999912,0,0
C0321,2025-04,3.191063551172902,2.873342704160719,0,0
C0322,2025-04,2.992081736637444,3.427148783955099,0,0
C0323,2025-04,2.385644920773453,2.797124960721548,0,0
C0324,2025-04,3.1017614609202733,3.701565109919352,1,0
C0325,2025-04,3.4262421235401512,3.2150753326876216,0,0
C0326,2025-04,3.185260765170482,3.2114062194732726,0,0
C0327,2025-04,2.821461974685691,3.838002819370157,0,0
C0328,2025-04,2.6265226922528915,3.304822328961801,0,0
C0329,2025-04,2.858549249927714,3.1553525434538425,0,0
C0330,2025-04,2.196960435096223,3.241613728114584,0,0
C0331,2025-04,4.409815252995015,3.823709155646022,0,0
C0332,2025-04,3.352925628679731,3.0708929394885565,0,0
C0333,2025-04,2.756669639675738,3.0704082481821344,0,0
C0334,2025-04,3.1017614609202733,3.4462857655444843,1,0
C0335,2025-04,3.006956938107638,2.6956617484618546,0,0
C0336,2025-04,2.685482742005208,4.004691084085443,0,0
C0337,2025-04,2.525047386114119,3.4041451232049966,0,0
C0338,2025-04,3.91255562224322,3.550013543789083,0,0
C0339,2025-04,2.530021681667011,3.299161158032152,0,1
C0340,2025-04,2.534728180250176,3.352718951779725,0,0
C0341,2025-04,2.697943330472015,2.7165756854129537,0,0
C0342,2025-04,2.5956615207882145,3.2268385916682782,0,0
C0343,2025-04,3.48507919802405,3.3739951904414505,0,0
C0344,2025-04,3.096992940172117,3.698181570821793,0,0
C0345,2025-04,3.139129697228624,2.9708006730686027,0,0
C0346,2025-04,3.850185955918584,3.214168604171141,0,0
C0347,2025-04,2.2870674552395736,2.389783235082342,0,0
C0348,2025-04,2.837631335768388,3.042549810018119,0,0
C0349,2025-04,3.49644527239874,3.080456982276583,0,0
C0350,2025-04,3.0265018527130705,3.02773882023236,0,0
C0351,2025-04,2.418804040949216,3.1553717886739467,0,0
C0352,2025-04,2.4668063769387247,2.5133843750472304,0,0
C0353,2025-04,3.13325756797827,3.3277801638091766,0,0
C0354,2025-04,3.815312526805692,3.671812269182131,0,0
C0355,2025-04,2.331446388715878,3.4294033195838485,0,0
C0356,2025-04,3.087324616493054,3.862286738192099,0,0
C0357,2025-04,1.6765796771089878,3.293194136972565,0,0
C0358,2025-04,3.0408954184929886,3.0773084050835493,0,0
C0359,2025-04,2.5480737283804205,2.6392329612616523,0,0
C0360,2025-04,3.2903239422848163,2.9653474069407446,0,0
C0361,2025-04,3.1626892482022817,2.947214242818318,0,0
C0362,2025-04,3.1017614609202733,3.726985584204591,1,0
C0363,2025-04,2.9142347886743822,3.79942366676766,0,0
C0364,2025-04,3.6263049246189554,3.2686218630499946,0,0
C0365,2025-04,2.534122066477761,4.0003845880484885,0,0
C0366,2025-04,2.928931260219112,3.168177798241506,0,0
C0367,2025-04,3.9760782951089766,2.938306566412149,0,0
C0368,2025-04,2.7194477061839444,3.2239716334845934,0,0
C0369,2025-04,3.925370309505956,2.598327660729265,0,0
C0370,2025-04,3.92074605872867,3.275235267941227,0,0
C0371,2025-04,3.197004341467015,4.236237957600951,0,0
C0372,2025-04,2.7978176450544097,3.7283691404055377,0,0
C0373,2025-04,3.202289842567337,3.712512288523806,0,0
C0374,2025-04,4.106519198913511,3.299161158032152,0,1
C0375,2025-04,3.1017614609202733,3.270598325358988,1,0
C0376,2025-04,2.6462581304540165,3.5278627605282966,0,0
C0377,2025-04,2.677033208117163,3.3923080706540327,0,0
C0378,2025-04,2.579484101040588,3.902078731093772,0,0
C0379,2025-04,2.7950212303083863,3.3829021591100235,0,0
C0380,2025-04,3.278174758034887,3.001970187889714,0,0
C0381,2025-04,2.7681448899865577,3.813581301979524,0,0
C0382,2025-04,2.760944035088205,3.299161158032152,0,1
C0383,2025-04,3.1096516968166057,3.0424743375885037,0,0
C0384,2025-04,3.289639320544681,1.949189263924103,0,0
C0385,2025-04,2.9133399064014207,2.8972306731262827,0,0
C0386,2025-04,3.3442938892814063,3.24835307115592,0,0
C0387,2025-04,4.133356719183075,3.4472336827811185,0,0
C0388,2025-04,3.554469485223259,3.035975238415922,0,0
C0389,2025-04,3.792616159702472,3.385454139762364,0,0
C0390,2025-04,3.8692777802729497,3.535917497853403,0,0
C0391,2025-04,2.463334776092052,3.1791088069020947,0,0
C0392,2025-04,2.0364723008381014,2.25933351015062,0,0
C0393,2025-04,2.545943603038656,3.0203153507847333,0,0
C0394,2025-04,3.675508201885621,3.0885029486124225,0,0
C0395,2025-04,2.507571291609693,3.299161158032152,0,1
C0396,2025-04,3.085572578693906,2.980703261681989,0,0
C0397,2025-04,3.344143250577587,2.8927670213123093,0,0
C0398,2025-04,2.7425106267507617,4.288153193687179,0,0
C0399,2025-04,2.3653056791202656,2.6749795954452766,0,0
C0400,2025-04,2.376977274860055,3.6144035242364296,0,0
C0401,2025-04,3.878285349555732,2.489643406474873,0,0
C0402,2025-04,3.196378478058246,3.3288929211640146,0,0
C0403,2025-04,3.5591767453859697,3.5902364055685605,0,0
C0404,2025-04,3.15193655099109,3.143417857451293,0,0
C0405,2025-04,3.428809296414887,3.1656086049895835,0,0
C0406,2025-04,2.433452652100467,3.232515861810884,0,0
C0407,2025-04,3.1527757000617127,3.3486849582424187,0,0
C0408,2025-04,3.1017614609202733,3.705213460940164,1,0
C0409,2025-04,3.1813859001306217,3.424599840296024,0,0
C0410,2025-04,3.1017614609202733,3.462114464604706,1,0
C0411,2025-04,3.2249836818366555,2.9542765331933643,0,0
C0412,2025-04,2.2641093272036645,2.7541335481225757,0,0
C0413,2025-04,2.782402925236817,4.142545821980264,0,0
C0414,2025-04,3.295545585973948,3.364560906226266,0,0
C0415,2025-04,4.196746624104545,3.097409528768637,0,0
C0416,2025-04,2.9885517672269075,4.210067661060212,0,0
C0417,2025-04,3.0352625411843808,2.4628446900730894,0,0
C0418,2025-04,3.366208522073829,3.289403028252666,0,0
C0419,2025-04,3.560860528543744,3.468764653195149,0,0
C0420,2025-04,3.7520877647048825,3.299161158032152,0,1
C0421,2025-04,2.620690370755549,3.012565460920684,0,0
C0422,2025-04,3.2849167680290687,2.937751340566481,0,0
C0423,2025-04,2.8025441113665472,3.4519846568391404,0,0
C0424,2025-04,3.748132222918328,2.864438200315873,0,0
C0425,2025-04,2.858693425673473,3.0395483561909016,0,0
C0426,2025-04,3.0493409266037834,2.989132842892311,0,0
C0427,2025-04,2.32170061135293,3.0810526391481843,0,0
C0428,2025-04,2.681456127020842,2.3469304378483766,0,0
C0429,2025-04,3.1017614609202733,3.3493528335926634,1,0
C0430,2025-04,2.6709451362895447,2.90933258320374,0,0
C0431,2025-04,2.86167726755297,4.075052599418024,0,0
C0432,2025-04,3.4497896857375023,2.5475698293638813,0,0
C0433,2025-04,2.63544505440754,2.927042477577698,0,0
C0434,2025-04,3.0455550937333538,2.603409319160083,0,0
C0435,2025-04,3.1017614609202733,3.280496410009935,1,0
C0436,2025-04,3.190811446928993,3.610610755140776,0,0
C0437,2025-04,3.4456508521073053,3.879986213317361,0,0
C0438,2025-04,3.060814148456285,3.635955445338377,0,0
C0439,2025-04,2.0161199310682405,2.915998252045142,0,0
C0440,2025-04,3.2439053969754386,3.5107791313770047,0,0
C0441,2025-04,2.994446419980063,3.0699169798648427,0,0
C0442,2025-04,2.3199859385181987,3.67941483381836,0,0
C0443,2025-04,1.6114275598474392,3.105924724439202,0,0
C0444,2025-04,2.5913458125471656,3.7610520647794536,0,0
C0445,2025-04,3.87835892325098,3.370233095098971,0,0
C0446,2025-04,3.127089463995832,3.364435421158734,0,0
C0447,2025-04,3.8465528391357022,3.4068544178049662,0,0
C0448,2025-04,3.1017614609202733,3.2735532925692405,1,0
C0449,2025-04,3.719742017111751,3.608963786160456,0,0
C0450,2025-04,3.0864563980005126,3.098507628804035,0,0
C0451,2025-04,3.2369422441301343,2.992612125218862,0,0
C0452,2025-04,3.148216249418752,3.3574564115855594,0,0
C0453,2025-04,3.0221737617191398,3.040648572520893,0,0
C0454,2025-04,3.1017614609202733,3.839627476041133,1,0
C0455,2025-04,3.852139911499251,4.405133272921351,0,0
C0456,2025-04,3.491837607879656,2.528776017134058,0,0
C0457,2025-04,3.2572284730646164,2.797566527601025,0,0
C0458,2025-04,3.654379374216593,3.5275496367538755,0,0
C0459,2025-04,2.9114489742904186,3.3699091821749287,0,0
C0460,2025-04,2.939220934872155,2.421907790660463,0,0
C0461,2025-04,3.037126726731938,3.4901700998991614,0,0
C0462,2025-04,2.417155286970117,3.509589190888057,0,0
C0463,2025-04,2.674717710545086,4.33955247292254,0,0
C0464,2025-04,3.3456839578357505,3.24233100151277,0,0
C0465,2025-04,3.2164475432263147,3.919563147008139,0,0
C0466,2025-04,2.953152835540698,3.565199248157441,0,0
C0467,2025-04,2.900213444031713,3.299161158032152,0,1
C0468,2025-04,2.85856600537811,2.9783258267285317,0,0
C0469,2025-04,3.5880825101413407,3.713905297235496,0,0
C0470,2025-04,3.153534567003684,3.385019683255145,0,0
C0471,2025-04,2.8636034146811187,3.128710823772316,0,0
C0472,2025-04,3.135085834993944,2.3993358999772347,0,0
C0473,2025-04,3.5750790687158456,3.0352686377691924,0,0
C0474,2025-04,3.3881941368945445,3.3304048538864186,0,0
C0475,2025-04,4.157790215024903,3.3642980340699165,0,0
C0476,2025-04,3.2195978612016387,3.617667861518509,0,0
C0477,2025-04,2.753459623223754,3.3365155589443534,0,0
C0478,2025-04,3.365702441707214,2.9674335740386315,0,0
C0479,2025-04,2.400983433125231,3.6580979478802416,0,0
C0480,2025-04,3.336718148102497,2.455930516406304,0,0
C0481,2025-04,3.4224488534945023,3.6449437602841,0,0
C0482,2025-04,3.2503295972656305,1.9596872462707695,0,0
C0483,2025-04,2.859872767709431,3.9109751561910606,0,0
C0484,2025-04,2.944737734010539,2.970500352858544,0,0
C0485,2025-04,3.266173806115249,3.9919471651809055,0,0
C0486,2025-04,3.376737924531536,2.6428588330985807,0,0
C0487,2025-04,2.949794768657615,4.060882973820734,0,0
C0488,2025-04,3.623090592890851,3.307100857179498,0,0
C0489,2025-04,3.045600792226733,2.9356051442782523,0,0
C0490,2025-04,3.434588825746743,3.2467687402851264,0,0
C0491,2025-04,2.7509921150098906,4.086410103904498,0,0
C0492,2025-04,2.355091760103627,2.6306799704496893,0,0
C0493,2025-04,3.106412028792591,3.874952062129771,0,0
C0494,2025-04,3.1017614609202733,4.003153541941601,1,0
C0495,2025-04,3.227878241548528,3.242713296448084,0,0
C0496,2025-04,3.41128649491894,2.808244652556076,0,0
C0497,2025-04,3.283756421555593,3.6185139073547927,0,0
C0498,2025-04,3.0140715952583794,2.978378734667231,0,0
C0499,2025-04,2.6249751524521243,2.830698704343856,0,0
C0500,2025-04,3.906357418656981,3.7814362947045024,0,0
C0501,2025-04,2.7195631564223595,3.450154106010121,0,0
C0502,2025-04,3.621425073656616,3.332495805917482,0,0
C0503,2025-04,3.0910243794386174,3.124969074249208,0,0
C0504,2025-04,3.2574524248922363,3.825366647277321,0,0
C0505,2025-04,2.9647899198320053,3.6323928316951855,0,0
C0506,2025-04,3.121402820358907,2.726954617964272,0,0
C0507,2025-04,3.305246838514749,2.812301542431005,0,0
C0508,2025-04,3.1017614609202733,3.343867920681584,1,0
C0509,2025-04,3.925438204231097,2.978530438976103,0,0
C0510,2025-04,3.510186357193447,2.97397586291211,0,0
C0511,2025-04,3.710378073704684,3.957840166110132,0,0
C0512,2025-04,2.8318730205841733,2.740638236564691,0,0
C0513,2025-04,2.487504666623481,2.898433055704852,0,0
C0514,2025-04,2.666852586310542,3.436652691487213,0,0
C0515,2025-04,3.331377305709452,3.339450729451423,0,0
C0516,2025-04,2.700661166134515,2.5788876710900106,0,0
C0517,2025-04,3.262148918872077,3.3398294264212285,0,0
C0518,2025-04,2.6635508096305496,2.911796247968521,0,0
C0519,2025-04,3.224695935528454,4.299329511720186,0,0
C0520,2025-04,3.4674253564758484,3.822264140850885,0,0
C0521,2025-04,3.263970082344451,2.8169161158923623,0,0
C0522,2025-04,3.595833604576416,3.276553468294816,0,0
C0523,2025-04,3.1490509658804657,3.137077996670625,0,0
C0524,2025-04,2.8043066250708995,3.78984649743826,0,0
C0525,2025-04,3.717501770745419,3.449182925274969,0,0
C0526,2025-04,2.833747166895172,2.74751121266006,0,0
C0527,2025-04,3.2545999258688343,3.4933067476076918,0,0
C0528,2025-04,3.969482119837777,3.1861828445730387,0,0
C0529,2025-04,2.8686599106955786,2.8813686601626696,0,0
C0530,2025-04,2.386629190534242,3.785605042968946,0,0
C0531,2025-04,3.5063985257955115,4.045678592916935,0,0
C0532,2025-04,2.931638929421323,2.667199817052417,0,0
C0533,2025-04,3.483844950603648,3.74128656846332,0,0
C0534,2025-04,2.523042711948176,3.5589093056428345,0,0
C0535,2025-04,2.7459982367380613,3.561796407310626,0,0
C0536,2025-04,3.4027239794895827,3.477461646212926,0,0
C0537,2025-04,3.1017614609202733,3.299161158032152,1,1
C0538,2025-04,3.3550095219685248,3.038279285541684,0,0
C0539,2025-04,3.2055644288937115,3.098848281906021,0,0
C0540,2025-04,4.048965141629804,1.9203465884090165,0,0
C0541,2025-04,3.802971647765827,3.5486993006468146,0,0
C0542,2025-04,2.731583508729733,2.7623176482470395,0,0
C0543,2025-04,2.8046088777128197,2.953382701411779,0,0
C0544,2025-04,3.7189627872361015,3.42653660585775,0,0
C0545,2025-04,2.8823141292344365,3.6568995022624593,0,0
C0546,2025-04,4.724803706867116,3.8871731819312862,0,0
C0547,2025-04,2.9011910929272,3.390351398313154,0,0
C0548,2025-04,3.3694698491384742,3.5658922001956395,0,0
C0549,2025-04,3.0768758925925344,3.676318048705979,0,0
C0550,2025-04,2.3688166555040446,3.1429452169861576,0,0
C0551,2025-04,3.670861365977135,3.3477378082191858,0,0
C0552,2025-04,3.1017614609202733,2.33233843449556,1,0
C0553,2025-04,3.452592021296537,3.376999049148126,0,0
C0554,2025-04,3.974906462012823,2.919886269815605,0,0
C0555,2025-04,2.948780154608169,2.6302455917978,0,0
C0556,2025-04,2.7987850243921715,4.102614792725122,0,0
C0557,2025-04,3.192648056115404,3.098142807437385,0,0
C0558,2025-04,3.1017614609202733,3.4435101992816386,1,0
C0559,2025-04,2.678076857749019,2.4127660913706235,0,0
C0560,2025-04,2.954355623221258,3.690921289649535,0,0
C0561,2025-04,3.353857135804355,4.044167257356504,0,0
C0562,2025-04,2.8979375133196448,2.432362260618031,0,0
C0563,2025-04,2.662923190089898,3.299161158032152,0,1
C0564,2025-04,3.434641529815753,3.299161158032152,0,1
C0565,2025-04,3.068168901725595,3.162265853231613,0,0
C0566,2025-04,2.635007998257427,3.015348609069537,0,0
C0567,2025-04,2.4008751947583478,2.8963161305971563,0,0
C0568,2025-04,4.265887988458225,3.6072780117610974,0,0
C0569,2025-04,3.305859179956335,3.032907304350003,0,0
C0570,2025-04,4.256623431309074,3.690131938978511,0,0
C0571,2025-04,2.611193356786436,3.1979481195394945,0,0
C0572,2025-04,2.6421284168950354,2.981802337412368,0,0
C0573,2025-04,2.6006681948486405,2.917591349949723,0,0
C0574,2025-04,2.8555762235183155,3.747885778339118,0,0
C0575,2025-04,2.4537934207334398,3.958751095110692,0,0
C0576,2025-04,2.749226961919573,3.052995738222734,0,0
C0577,2025-04,2.75904694105017,2.7465089820737867,0,0
C0578,2025-04,3.214947431789594,3.188700127501353,0,0
C0579,2025-04,3.39227327511174,3.701421303442544,0,0
C0580,2025-04,3.6200147030775622,3.290612441292008,0,0
C0581,2025-04,4.204527788306192,2.7552305078962003,0,0
C0582,2025-04,3.2115547960766166,3.353338334221359,0,0
C0583,2025-04,4.058647789854028,3.319778866490732,0,0
C0584,2025-04,3.913827134592735,3.567243376566625,0,0
C0585,2025-04,3.748828111242077,3.886766120462858,0,0
C0586,2025-04,3.114748043221481,3.4778564790354785,0,0
C0587,2025-04,3.012541182239078,3.2254658859892595,0,0
C0588,2025-04,3.814514123308713,2.458001125310361,0,0
C0589,2025-04,4.3543329606544825,2.631627186964758,0,0
C0590,2025-04,3.1124893393481106,3.171526004177982,0,0
C0591,2025-04,2.897923667728453,3.1527935042553983,0,0
C0592,2025-04,2.989632382103561,3.6302986193606617,0,0
C0593,2025-04,3.48958157499538,4.218173884994578,0,0
C0594,2025-04,2.380664239546655,3.0128981467118905,0,0
C0595,2025-04,2.247001999545508,3.007960416100456,0,0
C0596,2025-04,3.1017614609202733,2.784851561203288,1,0
C0597,2025-04,3.1315313276343497,3.9995366393075,0,0
C0598,2025-04,2.9291855118790164,3.2022142459470637,0,0
C0599,2025-04,3.153037068752027,3.189931114720741,0,0
C0600,2025-04,3.485686494631778,3.5562763388991816,0,0
C0601,2025-04,2.942673321285997,2.4817481786838878,0,0
C0602,2025-04,3.265582386758939,2.748582582531652,0,0
C0603,2025-04,2.921787458697461,2.9923730055141027,0,0
C0604,2025-04,3.216987294983875,2.833549815955509,0,0
C0605,2025-04,3.6725586012618825,2.7009806247601604,0,0
C0606,2025-04,2.653853901107923,3.3552007257488365,0,0
C0607,2025-04,2.972537738290692,3.2753618855419817,0,0
C0608,2025-04,3.132324796275465,3.46762762819809,0,0
C0609,2025-04,2.886456171955345,3.664904733834361,0,0
C0610,2025-04,3.464932311013844,4.009048156404873,0,0
C0611,2025-04,3.3013079068651847,3.046226784572037,0,0
C0612,2025-04,2.498660552543063,3.202058219377849,0,0
C0613,2025-04,3.2178901877520465,3.341577218391561,0,0
C0614,2025-04,3.4262432339005118,3.357821689797672,0,0
C0615,2025-04,2.366027614304132,3.7788891839523,0,0
C0616,2025-04,2.687327665610554,2.954392086599662,0,0
C0617,2025-04,3.691237090664458,3.5699392851922185,0,0
C0618,2025-04,4.059318261893572,4.233700036958254,0,0
C0619,2025-04,2.9377387631434244,2.7190756538640675,0,0
C0620,2025-04,3.291578321192332,3.089943384171031,0,0
C0621,2025-04,3.173230257024995,3.340518684817671,0,0
C0622,2025-04,3.3079930577040804,3.423894864147862,0,0
C0623,2025-04,2.7192997614347,2.4039685392913377,0,0
C0624,2025-04,3.217747719731612,2.588250533238889,0,0
C0625,2025-04,3.235593382492272,4.294525758667337,0,0
C0626,2025-04,2.340052089412746,3.889010980298407,0,0
C0627,2025-04,2.661778464467848,3.4952239273062715,0,0
C0628,2025-04,3.0310583470253345,3.7589766835421328,0,0
C0629,2025-04,2.4659033796270142,3.044485358333389,0,0
C0630,2025-04,4.237547878238614,3.5241273066960312,0,0
C0631,2025-04,3.188043597112981,3.413071113216104,0,0
C0632,2025-04,2.7576817635659228,3.0868711553713366,0,0
C0633,2025-04,3.7632184030057054,2.9615178772695137,0,0
C0634,2025-04,2.863434477294271,3.6621113789665687,0,0
C0635,2025-04,2.530315735319295,2.959683563499371,0,0
C0636,2025-04,4.017948240228931,3.317037045907346,0,0
C0637,2025-04,2.923818171758548,3.415379873482711,0,0
C0638,2025-04,3.5335800807750744,3.299161158032152,0,1
C0639,2025-04,3.9352389945044215,3.979670493216648,0,0
C0640,2025-04,2.968197457375287,3.5584048579864858,0,0
C0641,2025-04,2.6583708384126044,3.2745271434265506,0,0
C0642,2025-04,3.232493772176323,3.634277485609225,0,0
C0643,2025-04,3.4037337225412063,3.604620224627328,0,0
C0644,2025-04,3.2406767852864142,3.6574272440047,0,0
C0645,2025-04,3.1724815679558165,3.679425919514719,0,0
C0646,2025-04,3.3557767396719207,2.946952065342835,0,0
C0647,2025-04,2.8171084799062824,3.066089739162233,0,0
C0648,2025-04,3.150321836531353,2.611253463262893,0,0
C0649,2025-04,2.763015019176132,3.2949773665990136,0,0
C0650,2025-04,3.305052414887727,3.299161158032152,0,1
C0651,2025-04,3.245071041708905,3.0969590068392883,0,0
C0652,2025-04,3.277606239789451,2.7819215619077875,0,0
C0653,2025-04,2.931295335747007,3.99954225877169,0,0
C0654,2025-04,2.9313275263959566,2.0484212221211004,0,0
C0655,2025-04,3.154271353170377,4.34734901756825,0,0
C0656,2025-04,2.736034650153456,3.557346924765552,0,0
C0657,2025-04,3.295470541485255,3.1031253662593565,0,0
C0658,2025-04,1.8811347474962608,2.814039885515666,0,0
C0659,2025-04,3.5958691823751017,3.359488229810568,0,0
C0660,2025-04,2.400554896349728,3.123496438517321,0,0
C0661,2025-04,2.974204279782515,3.2863778859804973,0,0
C0662,2025-04,2.6627190332661765,3.116078334712719,0,0
C0663,2025-04,2.35965035468176,3.918032217714162,0,0
C0664,2025-04,3.2275701834047896,3.5444005888397667,0,0
C0665,2025-04,2.789490840076355,3.426852010448907,0,0
C0666,2025-04,3.427537864794324,3.949377852155223,0,0
C0667,2025-04,4.116874936661928,3.090416318680994,0,0
C0668,2025-04,2.562843152544548,2.7507758030342373,0,0
C0669,2025-04,2.325526878331648,3.259892107559359,0,0
C0670,2025-04,3.1017614609202733,3.295796365603928,1,0
C0671,2025-04,3.2918776404223187,2.962940887078897,0,0
C0672,2025-04,1.822700957013434,3.300387953444706,0,0
C0673,2025-04,2.435951306929616,3.618456843511927,0,0
C0674,2025-04,3.1399150908962103,2.598572404992106,0,0
C0675,2025-04,3.063991913386084,3.7314357636375526,0,0
C0676,2025-04,3.477984540869056,3.340684781271267,0,0
C0677,2025-04,3.1391157927805784,3.521249551845684,0,0
C0678,2025-04,3.5222729525355554,4.030126146510715,0,0
C0679,2025-04,3.127485363851059,3.4921633745933094,0,0
C0680,2025-04,3.4332619055141818,3.813796214928576,0,0
C0681,2025-04,2.9198502721279755,3.6630979173858753,0,0
C0682,2025-04,2.7129072499192706,3.086907109839584,0,0
C0683,2025-04,3.4846241899248165,3.649951888552444,0,0
C0684,2025-04,3.7890075842109296,2.732876047149339,0,0
C0685,2025-04,3.5396971425267254,3.1659146583443607,0,0
C0686,2025-04,2.540111711853064,2.3785873494596794,0,0
C0687,2025-04,2.4612003111127665,3.701471012956065,0,0
C0688,2025-04,2.791168344070027,3.512897209871911,0,0
C0689,2025-04,3.16488530441811,3.1780341550025337,0,0
C0690,2025-04,3.376676773717993,3.576002083378739,0,0
C0691,2025-04,2.7366733189409227,3.1914846494890976,0,0
C0692,2025-04,3.5406622800417127,2.4706796746965174,0,0
C0693,2025-04,2.6346129320019185,3.0791325023616336,0,0
C0694,2025-04,3.5057863792716164,4.245044526447973,0,0
C0695,2025-04,2.8418915705806658,3.5458600346142743,0,0
C0696,2025-04,3.4551381425088223,3.14410445002111,0,0
C0697,2025-04,3.2014185554176824,3.4720981154223507,0,0
C0698,2025-04,2.2112887796426293,3.5710723889580844,0,0
C0699,2025-04,3.3657739793908665,3.383264802738584,0,0
C0700,2025-04,2.3071004977897958,3.2227683954381194,0,0
C0701,2025-04,2.851052200263166,3.0534623634955445,0,0
C0702,2025-04,2.2835895593694886,3.124503887004732,0,0
C0703,2025-04,3.1015350268862742,3.4801603704169235,0,0
C0704,2025-04,2.753503436882452,3.5244027175422965,0,0
C0705,2025-04,3.0841590623462456,2.5627849077668934,0,0
C0706,2025-04,2.8501075081787253,3.299161158032152,0,1
C0707,2025-04,3.1074384107542667,2.899482813335575,0,0
C0708,2025-04,3.7249523489652185,3.248574665394817,0,0
C0709,2025-04,3.69178438797726,3.419775184403072,0,0
C0710,2025-04,2.804036296679075,2.9751416466985328,0,0
C0711,2025-04,4.087758302952475,3.1140688852459744,0,0
C0712,2025-04,2.93407781170854,3.8228217374001208,0,0
C0713,2025-04,2.419306313139141,2.9549473792227774,0,0
C0714,2025-04,2.583558997221709,3.3751768514471063,0,0
C0715,2025-04,3.6434217182050816,2.850634615460694,0,0
C0716,2025-04,2.2792307741517672,3.451847787964822,0,0
C0717,2025-04,3.0103219119457068,2.9143877660787245,0,0
C0718,2025-04,3.5080989243683764,3.025363767659392,0,0
C0719,2025-04,2.720464174920739,2.320890331604091,0,0
C0720,2025-04,3.34248851306237,3.4269974570350934,0,0
C0721,2025-04,2.838603337754844,3.585551180599236,0,0
C0722,2025-04,2.983890739324674,3.6594441059468905,0,0
C0723,2025-04,3.836212811084822,3.4166357819073707,0,0
C0724,2025-04,3.320558588192673,3.025780722212348,0,0
C0725,2025-04,3.112592130501484,4.249468375310901,0,0
C0726,2025-04,2.033344282041889,2.9387901920465533,0,0
C0727,2025-04,3.73194956390593,3.276458219469827,0,0
C0728,2025-04,3.648877323637108,3.372321082775541,0,0
C0729,2025-04,3.3757398114427333,3.786375640686385,0,0
C0730,2025-04,2.8988652057516413,3.580838531208688,0,0
C0731,2025-04,2.5702149232355813,4.18403428663375,0,0
C0732,2025-04,3.288326569049514,3.320748088992384,0,0
C0733,2025-04,2.8357774023124827,2.673011949868768,0,0
C0734,2025-04,3.1017614609202733,3.680660558596249,1,0
C0735,2025-04,3.51992943614156,3.750292914293105,0,0
C0736,2025-04,2.8977385113434253,3.1740595696466363,0,0
C0737,2025-04,3.389545206160172,3.299161158032152,0,1
C0738,2025-04,3.54979466136834,4.14950234086826,0,0
C0739,2025-04,2.554721385901465,3.4686905117259927,0,0
C0740,2025-04,3.209784281635913,2.666909009419811,0,0
C0741,2025-04,4.26993845365161,3.1796354144966705,0,0
C0742,2025-04,3.63911001146622,3.3125103146704875,0,0
C0743,2025-04,2.91678420929514,3.2058659386543478,0,0
C0744,2025-04,3.1951329600162883,2.984321627539797,0,0
C0745,2025-04,2.72906893202593,3.759269893539664,0,0
C0746,2025-04,3.1017614609202733,2.7886721625803967,1,0
C0747,2025-04,2.6599866582948306,3.966590842284887,0,0
C0748,2025-04,2.8998216187490526,3.0709551387472187,0,0
C0749,2025-04,3.530999256828893,3.615935038924082,0,0
C0750,2025-04,3.1017614609202733,4.053947922744407,1,0
C0751,2025-04,3.688897409200708,3.677751799155458,0,0
C0752,2025-04,4.020936458509055,3.60531317195887,0,0
C0753,2025-04,2.9449858466029184,4.175815997152709,0,0
C0754,2025-04,3.4490120267242257,4.001066814359505,0,0
C0755,2025-04,2.9753901314557067,3.305984910879734,0,0
C0756,2025-04,3.643038469412533,3.722574465990265,0,0
C0757,2025-04,3.1933857788531075,3.771586591567639,0,0
C0758,2025-04,2.733250711711313,2.9595703318379885,0,0
C0759,2025-04,3.96336881468744,3.064455617048378,0,0
C0760,2025-04,3.810050434255043,4.174197318813889,0,0
C0761,2025-04,2.9073816724667165,3.255798976718632,0,0
C0762,2025-04,2.924090470185796,2.730698508053675,0,0
C0763,2025-04,3.4513533053905614,3.575780151655507,0,0
C0764,2025-04,2.420420154401457,2.536608424350184,0,0
C0765,2025-04,3.369360618134843,3.453226853990384,0,0
C0766,2025-04,2.253312305511262,3.0590894028989366,0,0
C0767,2025-04,3.805311554423148,2.793535986882392,0,0
C0768,2025-04,3.0308521053666166,3.43000301577841,0,0
C0769,2025-04,3.012139793685615,3.2623422118640715,0,0
C0770,2025-04,3.367809033336344,3.510647636163465,0,0
C0771,2025-04,3.4602637159465277,3.422902588775048,0,0
C0772,2025-04,2.287122932373712,2.960017596544632,0,0
C0773,2025-04,2.245877111928895,3.299161158032152,0,1
C0774,2025-04,3.011719310446944,2.70367818661797,0,0
C0775,2025-04,1.914252831475649,2.6579733666333416,0,0
C0776,2025-04,2.9566404166110085,3.4115887942865686,0,0
C0777,2025-04,3.3053863999268684,3.133157024615065,0,0
C0778,2025-04,3.1017614609202733,3.1152985233070973,1,0
C0779,2025-04,2.9510896543470766,3.03429676348769,0,0
C0780,2025-04,2.8660144416832303,2.898491612545883,0,0
C0781,2025-04,3.173215504402899,3.4214601341691946,0,0
C0782,2025-04,2.9952495309869582,3.5257790448982123,0,0
C0783,2025-04,2.265219081060826,3.64579304558698,0,0
C0784,2025-04,2.6958427076727807,2.6402255085287294,0,0
C0785,2025-04,3.092637201078764,3.3768726229282606,0,0
C0786,2025-04,2.478496308972204,3.288594047009601,0,0
C0787,2025-04,3.287839115295645,2.956736055805376,0,0
C0788,2025-04,2.7703632268599083,3.349670361308305,0,0
C0789,2025-04,3.944929344202509,3.330400409042072,0,0
C0790,2025-04,2.97842427168581,3.382720033528389,0,0
C0791,2025-04,3.673867705736688,2.83383369062506,0,0
C0792,2025-04,2.6657252031055103,2.6349337422895047,0,0
C0793,2025-04,2.483799779117616,3.4664456242342565,0,0
C0794,2025-04,3.351792500694404,3.47033691448428,0,0
C0795,2025-04,2.4189198411390938,2.9180368246685,0,0
C0796,2025-04,2.603380318570391,3.8217201384443378,0,0
C0797,2025-04,3.518692752670434,3.3715886868207,0,0
C0798,2025-04,3.407970809637485,3.580527290528047,0,0
C0799,2025-04,2.777482774527217,3.299161158032152,0,1
C0800,2025-04,2.964781177729711,3.3634924793063603,0,0
H0001,2025-05,2.28844247445676,3.299161158032152,0,1
H0002,2025-05,2.659756590251685,2.848148484759684,0,0
H0003,2025-05,2.626615840250283,2.472220130649065,0,0
H0004,2025-05,2.687808993950261,3.5893517687262144,0,0
H0005,2025-05,3.3236788909345525,2.9152013126442955,0,0
H0006,2025-05,2.288142675371337,2.801191119354692,0,0
H0007,2025-05,2.9352594203179274,3.299161158032152,0,1
H0008,2025-05,3.2540179350448515,3.65921265021113,0,0
H0009,2025-05,3.1017614609202733,3.149267487653629,1,0
H0010,2025-05,2.5190998804136364,3.4555731071672104,0,0
H0011,2025-05,3.517354114969568,3.044035966787779,0,0
H0012,2025-05,3.0179103387470465,3.091012402966359,0,0
H0013,2025-05,3.188405294151773,3.182331866678198,0,0
H0014,2025-05,2.920925090032171,2.822631352824941,0,0
H0015,2025-05,3.1017614609202733,2.6676654391055155,1,0
H0016,2025-05,3.230261262540785,4.1677377210804885,0,0
H0017,2025-05,3.5952729629659856,3.299161158032152,0,1
H0018,2025-05,3.4306776087953965,3.659057495231969,0,0
H0019,2025-05,2.0206686587048406,3.0708079002214657,0,0
H0020,2025-05,3.04466091521891,2.645935480045358,0,0
H0021,2025-05,3.170176401568663,2.604090562342548,0,0
H0022,2025-05,3.103697016958724,2.747417014855608,0,0
H0023,2025-05,2.8968739976054247,3.4047861039502734,0,0
H0024,2025-05,3.346937214774231,3.809243393958496,0,0
H0025,2025-05,3.0724494953742245,2.923379658261066,0,0
H0026,2025-05,2.8400820505056563,3.1826565114574104,0,0
H0027,2025-05,3.192175184888485,3.1205718861474696,0,0
H0028,2025-05,3.544086861604302,3.676433374585592,0,0
H0029,2025-05,3.1017614609202733,3.999606221326581,1,0
H0030,2025-05,2.919730628005217,3.299161158032152,0,1
H0031,2025-05,3.1017614609202733,3.2847636856703746,1,0
H0032,2025-05,2.9979114310763677,3.564365743221581,0,0
H0033,2025-05,3.471958159979659,3.299161158032152,0,1
H0034,2025-05,3.564978365220932,2.90293294301892,0,0
H0035,2025-05,3.0367473880159093,3.0257771362421937,0,0
H0036,2025-05,3.445067793021822,3.6738821570592015,0,0
H0037,2025-05,2.362388668203158,4.203286337195762,0,0
H0038,2025-05,3.0210659395998825,3.299161158032152,0,1
H0039,2025-05,4.053255009783235,3.2860842261922003,0,0
H0040,2025-05,2.951716684083473,3.0705037164812707,0,0
H0041,2025-05,2.97732522169986,2.901709843462577,0,0
H0042,2025-05,2.714552478421997,3.6455605951664887,0,0
H0043,2025-05,3.4542374027647686,3.659060746329601,0,0
H0044,2025-05,4.264500195687389,3.9428234714499055,0,0
H0045,2025-05,3.064219953843223,3.4139020539450824,0,0
H0046,2025-05,2.559955856548161,3.22872450893532,0,0
H0047,2025-05,2.957808898292393,3.5550651735501853,0,0
H0048,2025-05,3.623898064066974,3.674264716313676,0,0
H0049,2025-05,2.5106193287203604,2.6525740230224364,0,0
H0050,2025-05,2.885459098380552,3.86487080176208,0,0
H0051,2025-05,3.1017614609202733,3.966831220083504,1,0
H0052,2025-05,3.0500100300365007,3.3670049808016613,0,0
H0053,2025-05,3.752008207238229,3.757821436168548,0,0
H0054,2025-05,3.6009481284940605,3.4185005192038407,0,0
H0055,2025-05,3.0202464185918347,3.311108396032359,0,0
H0056,2025-05,2.9274430729564926,3.9083949402341487,0,0
H0057,2025-05,3.333927792953704,3.299161158032152,0,1
H0058,2025-05,2.783151806567494,3.493966495236138,0,0
H0059,2025-05,2.801633169545844,3.194057688871759,0,0
H0060,2025-05,2.3140739277430464,2.9779875532321016,0,0
H0061,2025-05,2.6502065861673483,3.1774412134869863,0,0
H0062,2025-05,3.5855720407303564,3.161069932057035,0,0
H0063,2025-05,2.921999415207765,3.0191241657969545,0,0
H0064,2025-05,2.6732374675964232,2.4178350127699906,0,0
H0065,2025-05,3.152169915557449,3.141873089553316,0,0
H0066,2025-05,2.9572955274383546,2.9286341541230168,0,0
H0067,2025-05,2.969892168858268,2.7431511217620947,0,0
H0068,2025-05,2.318852905792276,3.927717053122693,0,0
H0069,2025-05,4.224851028870348,3.444792953719854,0,0
H0070,2025-05,3.493912012559165,3.220615725534561,0,0
H0071,2025-05,2.7319946708537937,3.787989921773252,0,0
H0072,2025-05,2.251262510441186,3.393553033715332,0,0
H0073,2025-05,2.9434063500676104,3.567148590703152,0,0
H0074,2025-05,3.269920651393684,4.083698954247108,0,0
H0075,2025-05,3.8673955358421663,3.9638387214474977,0,0
H0076,2025-05,3.3307131950302606,3.376826154488084,0,0
H0077,2025-05,3.488791588574445,2.6624765496909166,0,0
H0078,2025-05,3.1733819711674327,3.104438816965101,0,0
H0079,2025-05,2.9722560476614865,3.437981486875371,0,0
H0080,2025-05,3.688843262006399,3.8610147143060862,0,0
H0081,2025-05,3.4031429834857607,3.4798463715848764,0,0
H0082,2025-05,3.487193669129611,3.0060220032650022,0,0
H0083,2025-05,3.098283634355444,3.2623170654375224,0,0
H0084,2025-05,3.3150938034535966,3.858873994398576,0,0
H0085,2025-05,2.378044212765789,3.0371744107768066,0,0
H0086,2025-05,4.009714826146676,4.387236581530588,0,0
H0087,2025-05,3.38751449753454,3.7277636528873614,0,0
H0088,2025-05,3.4415959645153102,2.553161414064744,0,0
H0089,2025-05,3.221003481979901,2.8705805518883163,0,0
H0090,2025-05,2.895366970742227,3.272012485843951,0,0
H0091,2025-05,3.1017614609202733,3.333356289235786,1,0
H0092,2025-05,3.3368084916926963,2.5408859151401377,0,0
H0093,2025-05,2.3765432918254046,3.603258721610897,0,0
H0094,2025-05,2.81342004995583,3.198055130582956,0,0
H0095,2025-05,3.262398336390763,3.6537481505832674,0,0
H0096,2025-05,3.426065980242277,3.359390345905064,0,0
H0097,2025-05,2.416296402877707,3.707326050733183,0,0
H0098,2025-05,3.1017614609202733,3.3319906124711296,1,0
H0099,2025-05,2.9756051437164253,3.791124877654348,0,0
H0100,2025-05,2.7871926525485327,2.3293623329751725,0,0
H0101,2025-05,2.2036552653569004,2.7715294233156693,0,0
H0102,2025-05,2.8154499375798365,2.985029460889167,0,0
H0103,2025-05,2.92051451145756,3.241184061696379,0,0
H0104,2025-05,3.168244308089331,3.0477900456906304,0,0
H0105,2025-05,3.35029524826695,3.9951383575939095,0,0
H0106,2025-05,2.1213392343608284,2.672471960612115,0,0
H0107,2025-05,3.5449704636426995,3.3501349638321622,0,0
H0108,2025-05,3.036915740187364,3.43500014427102,0,0
H0109,2025-05,3.2832777092560854,2.8641585478995166,0,0
H0110,2025-05,2.5323387189288717,2.9304141589984174,0,0
H0111,2025-05,3.2081878127633896,3.189215978780206,0,0
H0112,2025-05,3.3158430332457605,3.576029149709818,0,0
H0113,2025-05,3.1017614609202733,3.36853836557454,1,0
H0114,2025-05,3.5515898425302144,3.441996840375308,0,0
H0115,2025-05,3.725738313162348,3.4011794602140686,0,0
H0116,2025-05,3.073529173751736,4.1375379132636825,0,0
H0117,2025-05,2.794092939720623,3.3174672757478216,0,0
H0118,2025-05,2.982202681925381,3.621410124309913,0,0
H0119,2025-05,3.179243490916169,4.33062193945875,0,0
H0120,2025-05,3.4532781962816106,3.166602268098141,0,0
H0121,2025-05,3.1017614609202733,3.111959925904052,1,0
H0122,2025-05,3.15806901949619,3.038637904299162,0,0
H0123,2025-05,3.1017614609202733,3.8791950536932354,1,0
H0124,2025-05,2.7937378211034747,3.217433864668495,0,0
H0125,2025-05,3.822787175290792,3.747558390298622,0,0
H0126,2025-05,2.99743193024989,2.889916543624972,0,0
H0127,2025-05,3.164504452140784,3.460688858601731,0,0
H0128,2025-05,3.462329127187541,3.2002826280024976,0,0
H0129,2025-05,3.800648387103964,2.978565260221422,0,0
H0130,2025-05,2.534168726140571,3.390504427194243,0,0
H0131,2025-05,3.3841982198674616,3.6944246891568975,0,0
H0132,2025-05,3.4087307831471727,3.178594241075719,0,0
H0133,2025-05,2.7476117271198177,3.1915702363910685,0,0
H0134,2025-05,2.973770286414647,3.6000339351639266,0,0
H0135,2025-05,2.6980678268721547,2.7393931755289724,0,0
H0136,2025-05,3.0055585802258764,3.650323170630901,0,0
H0137,2025-05,3.4513442781535044,3.361755682618384,0,0
H0138,2025-05,2.7001749286333667,2.935102770172791,0,0
H0139,2025-05,2.4334671691780154,3.3159832231868607,0,0
H0140,2025-05,3.732617457993453,3.4349840499077287,0,0
H0141,2025-05,2.571428795332288,3.000117932625662,0,0
H0142,2025-05,2.962990139981643,3.417536725401675,0,0
H0143,2025-05,3.1239494115990176,3.662384858061989,0,0
H0144,2025-05,2.9787799815128677,3.0975327369342662,0,0
H0145,2025-05,3.167207959497006,3.1346673421839326,0,0
H0146,2025-05,3.2482088089468024,3.4938204296746806,0,0
H0147,2025-05,3.6975876065861137,2.969865854268631,0,0
H0148,2025-05,3.4871064381704926,2.9707656348134885,0,0
H0149,2025-05,2.6121729676117496,2.376322523631406,0,0
H0150,2025-05,2.970105639276011,3.6356904057461374,0,0
H0151,2025-05,2.2973811061951763,3.6204233525753855,0,0
H0152,2025-05,3.68504580151593,3.220845645377484,0,0
H0153,2025-05,3.256471328736946,3.3389221829230085,0,0
H0154,2025-05,2.7650680853986174,3.4674168151934115,0,0
H0155,2025-05,4.246353514672737,4.289973224277718,0,0
H0156,2025-05,2.614242929981492,2.209068210360884,0,0
H0157,2025-05,4.496455240214382,3.299161158032152,0,1
H0158,2025-05,3.268143913348192,3.623530084857941,0,0
H0159,2025-05,3.334439660254706,2.848414432449688,0,0
H0160,2025-05,1.77711675211083,2.4607805785313914,0,0
H0161,2025-05,2.6294288035271585,3.0187093024881984,0,0
H0162,2025-05,3.788824320887376,3.291407822347966,0,0
H0163,2025-05,3.146024985488075,3.622057597598873,0,0
H0164,2025-05,3.485308991809379,3.6839077160382407,0,0
H0165,2025-05,3.0980700691327523,2.8895538212592298,0,0
H0166,2025-05,3.188292572558837,3.508357018453649,0,0
H0167,2025-05,3.196671812104369,3.309798200440053,0,0
H0168,2025-05,3.3138522898449474,3.3879349151299203,0,0
H0169,2025-05,3.0617549939314017,3.273008927855583,0,0
H0170,2025-05,2.682413200163688,3.451340089308769,0,0
H0171,2025-05,3.813661397166008,4.066807741853568,0,0
H0172,2025-05,2.927063634970212,3.521645347686261,0,0
H0173,2025-05,3.500675451982622,3.753833941285799,0,0
H0174,2025-05,3.342870919492555,3.4188549848563667,0,0
H0175,2025-05,3.75585939922764,3.624200656417429,0,0
H0176,2025-05,3.449883888461885,3.902271191230954,0,0
H0177,2025-05,3.655791574088759,3.3829065174021213,0,0
H0178,2025-05,3.145025992418607,3.552184648588812,0,0
H0179,2025-05,2.4887800330738656,3.6726776070995855,0,0
H0180,2025-05,3.1892852381879133,3.402804946090193,0,0
H0181,2025-05,3.0213094241215326,2.9708625772425736,0,0
H0182,2025-05,2.756498247945754,3.240662421982654,0,0
H0183,2025-05,3.743034877273987,2.812285683233911,0,0
H0184,2025-05,2.699208443328398,3.067012646640268,0,0
H0185,2025-05,3.0205961964297168,2.0799936747630943,0,0
H0186,2025-05,2.6752857055560773,3.873857184418577,0,0
H0187,2025-05,2.5312523689799264,4.001533575288192,0,0
H0188,2025-05,3.2993663953961696,3.8922759246897503,0,0
H0189,2025-05,2.860588081219547,3.592380969774478,0,0
H0190,2025-05,3.510182524703024,3.673952238677392,0,0
H0191,2025-05,2.5726267101576976,2.4734224118822348,0,0
H0192,2025-05,2.951100756920403,3.248987858024793,0,0
H0193,2025-05,3.1723529295427326,3.3729204630138097,0,0
H0194,2025-05,3.261094990039424,2.780726536936007,0,0
H0195,2025-05,3.369241463785737,3.390772303958845,0,0
H0196,2025-05,2.360281426660408,3.1900570416612783,0,0
H0197,2025-05,2.3879510844696497,2.5026506032889664,0,0
H0198,2025-05,3.337091138703755,4.061243046006378,0,0
H0199,2025-05,2.959643171641193,2.715499766900121,0,0
H0200,2025-05,3.777047000071696,2.785115795214466,0,0
H0201,2025-05,3.415487237349468,3.1685323606122173,0,0
H0202,2025-05,2.516669060275279,3.299161158032152,0,1
H0203,2025-05,1.412214442174113,3.4091479913180263,0,0
H0204,2025-05,3.317293729334758,3.889791739138749,0,0
H0205,2025-05,2.79052440868593,2.6146214098839127,0,0
H0206,2025-05,3.2882436004683533,3.8295583458845366,0,0
H0207,2025-05,2.8923903884844657,3.144881469338184,0,0
H0208,2025-05,2.956031330294665,3.585791286594013,0,0
H0209,2025-05,3.693031093399687,3.200100208731354,0,0
H0210,2025-05,3.079261022644208,3.3693439418359827,0,0
H0211,2025-05,2.8138758203451286,3.031857289555137,0,0
H0212,2025-05,2.9066110895875323,3.656701503487236,0,0
H0213,2025-05,2.698541591653022,3.075278107977778,0,0
H0214,2025-05,2.396383852544981,2.8980977655938296,0,0
H0215,2025-05,3.719754159500542,3.737091862526528,0,0
H0216,2025-05,3.124349864140389,2.653742872532332,0,0
H0217,2025-05,3.196601418710925,3.242771438391145,0,0
H0218,2025-05,3.074870547825986,3.299161158032152,0,1
H0219,2025-05,3.383912891151209,3.2539282866645305,0,0
H0220,2025-05,3.844991370870692,3.432529779558803,0,0
H0221,2025-05,3.212793366315462,4.049034773971407,0,0
H0222,2025-05,3.1017614609202733,3.291249043495537,1,0
H0223,2025-05,2.4749536829493533,3.041599651370458,0,0
H0224,2025-05,3.2979316720427563,3.453840536200848,0,0
H0225,2025-05,3.6539402836088746,3.677007633491835,0,0
H0226,2025-05,2.508977259194954,3.3752927645366038,0,0
H0227,2025-05,3.261718506260629,3.783719484268836,0,0
H0228,2025-05,2.8741909376147907,3.3522926737107346,0,0
H0229,2025-05,3.48538255663301,3.0861832728769625,0,0
H0230,2025-05,3.493752886799018,2.870267214919194,0,0
H0231,2025-05,3.699706739908045,3.032006818021169,0,0
H0232,2025-05,3.1714622894768314,3.4036121877102183,0,0
H0233,2025-05,2.786523580427624,3.687465090778148,0,0
H0234,2025-05,1.879989804773952,3.1189542144227453,0,0
H0235,2025-05,3.4497739712866524,3.0686911896283875,0,0
H0236,2025-05,2.692878278654468,2.879267521178446,0,0
H0237,2025-05,2.720273109804137,2.5945452212752955,0,0
H0238,2025-05,3.63541781548044,3.299161158032152,0,1
H0239,2025-05,4.004138433801268,3.3952272357501725,0,0
H0240,2025-05,3.6059888116574568,3.750823181615355,0,0
H0241,2025-05,3.490667587483937,3.2237174511130644,0,0
H0242,2025-05,1.7797472996913024,2.987060089890632,0,0
H0243,2025-05,3.742962950079983,3.3002388939922045,0,0
H0244,2025-05,2.665723048738041,3.445415848976616,0,0
H0245,2025-05,2.8190116837573576,2.9953649365859536,0,0
H0246,2025-05,2.413723698994717,3.162477606851307,0,0
H0247,2025-05,2.850297352581017,2.5079979557738774,0,0
H0248,2025-05,3.570695360994058,3.2170172407689046,0,0
H0249,2025-05,4.059507452714958,3.138896480386813,0,0
H0250,2025-05,2.4409329322238618,2.8775266570153404,0,0
H0251,2025-05,3.3813722055400137,3.4836246269763884,0,0
H0252,2025-05,3.027828271653624,3.4938834429364243,0,0
H0253,2025-05,3.823590890774119,3.042803258415516,0,0
H0254,2025-05,2.581540361468883,2.7062820939224994,0,0
H0255,2025-05,3.558394690847757,4.001052213468531,0,0
H0256,2025-05,2.751777295365407,3.0554647196480684,0,0
H0257,2025-05,3.5169260660902726,3.032459026126709,0,0
H0258,2025-05,3.3185445477525413,3.981021905852249,0,0
H0259,2025-05,4.103849374078847,3.3126759031750104,0,0
H0260,2025-05,2.473050812167884,3.3097559038749327,0,0
H0261,2025-05,3.6985236125448337,3.692232217514266,0,0
H0262,2025-05,2.6297517220512336,3.549034495240645,0,0
H0263,2025-05,3.51105049512866,3.664487350552684,0,0
H0264,2025-05,3.5825428844761014,3.476375731419789,0,0
H0265,2025-05,2.8006904624187543,2.789886901323853,0,0
H0266,2025-05,3.2617189577459107,4.040578231495569,0,0
H0267,2025-05,3.9689039085960567,3.3321501927784074,0,0
H0268,2025-05,3.395089942538706,3.630421989242683,0,0
H0269,2025-05,3.3075618103512734,3.964284824324193,0,0
H0270,2025-05,3.3425005524796307,3.911268464150371,0,0
H0271,2025-05,3.5483448581978463,3.981786510966989,0,0
H0272,2025-05,3.098772189213809,2.517646893456088,0,0
H0273,2025-05,3.835524945982314,3.299161158032152,0,1
H0274,2025-05,3.1017614609202733,2.5512367789894173,1,0
H0275,2025-05,3.123944289679192,3.088054052884906,0,0
H0276,2025-05,3.3399672575573405,3.792932760087698,0,0
H0277,2025-05,2.620462419708451,3.6190910559588394,0,0
H0278,2025-05,2.3056246658962,3.1795186540222904,0,0
H0279,2025-05,3.243728084180572,3.128158439799352,0,0
H0280,2025-05,2.430913682501986,3.334370478084259,0,0
H0281,2025-05,3.246422510914023,3.663324873100181,0,0
H0282,2025-05,3.5051739897803174,3.657838730174048,0,0
H0283,2025-05,3.233007103801683,3.953939139925943,0,0
H0284,2025-05,2.651011124390994,4.225768487688805,0,0
H0285,2025-05,2.571467593208527,2.654698098672838,0,0
H0286,2025-05,2.990322466597046,3.5420475966458858,0,0
H0287,2025-05,3.098779338325107,3.959325464635243,0,0
H0288,2025-05,3.5406276074860084,3.4692150692971846,0,0
H0289,2025-05,2.790410877333403,2.5520037029822307,0,0
H0290,2025-05,3.5833955398631385,3.443548640181957,0,0
H0291,2025-05,2.6430274571526517,3.164399899251546,0,0
H0292,2025-05,3.851346032704644,2.4008637000178528,0,0
H0293,2025-05,3.523694117429192,3.306840724525776,0,0
H0294,2025-05,3.2538022155428665,3.738499073842205,0,0
H0295,2025-05,2.294472816359237,4.091996027314781,0,0
H0296,2025-05,2.529703039787835,2.9074396093247348,0,0
H0297,2025-05,3.255752763790645,2.9250895408249287,0,0
H0298,2025-05,3.159690767559132,2.7295107268446146,0,0
H0299,2025-05,2.548282137101725,3.326828141074788,0,0
H0300,2025-05,3.218681675911689,3.499152461336233,0,0
H0301,2025-05,3.324647508531944,3.8786490004804497,0,0
H0302,2025-05,4.318835445759194,3.29442050220312,0,0
H0303,2025-05,3.089316394206327,3.974742994542068,0,0
H0304,2025-05,3.1936606312525786,4.010690361650331,0,0
H0305,2025-05,2.491145734613799,3.404969236545368,0,0
H0306,2025-05,2.9135917117383547,3.57898379928484,0,0
H0307,2025-05,2.614827464219596,2.805935042670999,0,0
H0308,2025-05,3.40383501757984,3.907115050686512,0,0
H0309,2025-05,3.1017614609202733,3.631329445483527,1,0
H0310,2025-05,2.939648917717214,3.580193999387673,0,0
H0311,2025-05,2.566851433980761,3.3998999213865906,0,0
H0312,2025-05,3.3816276400953225,3.780687523477536,0,0
H0313,2025-05,3.942737783848109,3.7809508399703793,0,0
H0314,2025-05,3.911324461020611,3.148939761398222,0,0
H0315,2025-05,2.98894692404074,3.184209440891037,0,0
H0316,2025-05,3.078924965710054,2.7922219300483526,0,0
H0317,2025-05,3.426370087650432,2.872185617719525,0,0
H0318,2025-05,2.9054474223153446,4.207086974022404,0,0
H0319,2025-05,3.84171403495814,3.79520641065033,0,0
H0320,2025-05,2.79390772255489,3.210378667838316,0,0
H0321,2025-05,2.7035211744186114,3.421381966362324,0,0
H0322,2025-05,2.653780162699425,4.275260221367155,0,0
H0323,2025-05,2.98355221564903,2.8484105881250263,0,0
H0324,2025-05,3.0176065010776805,3.528698852538039,0,0
H0325,2025-05,3.456815972730086,3.3841228349025743,0,0
H0326,2025-05,2.8721214756303874,3.6660393386497416,0,0
H0327,2025-05,3.1681146816396804,2.3149408521605244,0,0
H0328,2025-05,3.0726578756958114,2.5249012532213486,0,0
H0329,2025-05,2.3744898203599623,3.000375451704591,0,0
H0330,2025-05,3.1017614609202733,3.633350593821129,1,0
H0331,2025-05,2.55345108442738,3.206896429322451,0,0
H0332,2025-05,3.801218847636551,4.16520770899584,0,0
H0333,2025-05,2.920444372349964,3.428058845146745,0,0
H0334,2025-05,3.576894909037141,2.4581969329496114,0,0
H0335,2025-05,3.2529505735605166,3.2100241044649915,0,0
H0336,2025-05,3.3389240175198887,2.7823758322199805,0,0
H0337,2025-05,3.8576640522515553,2.700085219698427,0,0
H0338,2025-05,2.8130083005741846,2.953729898642774,0,0
H0339,2025-05,3.610745384099765,3.0876211468202794,0,0
H0340,2025-05,3.146339100712928,3.235826245927816,0,0
H0341,2025-05,3.2302545257754733,3.35490787941358,0,0
H0342,2025-05,3.725470576882525,3.937996236044261,0,0
H0343,2025-05,2.740747333516212,3.591685631429162,0,0
H0344,2025-05,2.6875918555139275,3.4412119267087515,0,0
H0345,2025-05,2.359192596936133,2.6686402016357222,0,0
H0346,2025-05,2.421036661972698,3.010940117142494,0,0
H0347,2025-05,2.281004250584613,3.19530140545093,0,0
H0348,2025-05,4.05807283721538,3.299161158032152,0,1
H0349,2025-05,3.3117393419863754,3.9320475410883273,0,0
H0350,2025-05,3.080227915940437,3.299161158032152,0,1
H0351,2025-05,3.386747053446828,3.531660825107517,0,0
H0352,2025-05,3.611060141677821,3.4595673629397803,0,0
H0353,2025-05,2.5984114665282223,2.6898481634169373,0,0
H0354,2025-05,2.763169316532866,3.382259283830068,0,0
H0355,2025-05,2.584865887832721,3.2281519546582467,0,0
H0356,2025-05,2.455349202676252,3.724278009634144,0,0
H0357,2025-05,2.50288474662953,3.576366231026431,0,0
H0358,2025-05,3.578622049474212,2.8421672506553817,0,0
H0359,2025-05,2.431904879550954,2.448732558727858,0,0
H0360,2025-05,2.9881339663749165,2.809204412661105,0,0
H0361,2025-05,2.877627767768112,2.557317500661166,0,0
H0362,2025-05,3.0862092820952576,3.973677181557184,0,0
H0363,2025-05,3.315900091873638,3.91879861579733,0,0
H0364,2025-05,2.6772277100220467,3.1344417534525344,0,0
H0365,2025-05,3.199941236009567,3.554292867466689,0,0
H0366,2025-05,3.1352717949008886,3.556323882974768,0,0
H0367,2025-05,2.715635337753875,2.836190109951462,0,0
H0368,2025-05,2.672123795337966,2.933950872654976,0,0
H0369,2025-05,3.293702350844429,4.066350270189387,0,0
H0370,2025-05,3.33168696816637,3.809811987122776,0,0
H0371,2025-05,2.5707957394781418,4.124817379854516,0,0
H0372,2025-05,2.883337112985409,3.594943996825969,0,0
H0373,2025-05,3.839509540478571,3.791010979781606,0,0
H0374,2025-05,3.552124162006966,3.8634265010737567,0,0
H0375,2025-05,4.108483504870911,3.4283499333601,0,0
H0376,2025-05,3.967384667955488,4.497107472130202,0,0
H0377,2025-05,3.2223528776408275,3.645982111958894,0,0
H0378,2025-05,3.3840194016964213,2.4394119301540185,0,0
H0379,2025-05,2.95512395200463,3.299161158032152,0,1
H0380,2025-05,3.1324732766328656,3.5710120384436377,0,0
H0381,2025-05,3.194657025245982,2.8982667229766155,0,0
H0382,2025-05,3.1762334005700383,3.0291063837951464,0,0
H0383,2025-05,3.0556789722184505,3.145338250313285,0,0
H0384,2025-05,3.67452135006314,3.785151713646167,0,0
H0385,2025-05,2.899688517064652,2.975107586241027,0,0
H0386,2025-05,2.537652778698157,3.5582787637037225,0,0
H0387,2025-05,2.515777015566975,3.300374363228465,0,0
H0388,2025-05,3.244953922791936,3.5939554082828837,0,0
H0389,2025-05,3.1950968979615406,3.614497458963077,0,0
H0390,2025-05,3.2344358645575357,3.299161158032152,0,1
H0391,2025-05,3.25989638149341,3.649109570078513,0,0
H0392,2025-05,3.463496788736484,3.597017962742937,0,0
H0393,2025-05,2.412230581703347,3.2146767994810643,0,0
H0394,2025-05,3.3770005907325125,3.2661920540049314,0,0
H0395,2025-05,3.1095993381453004,2.9805569901312507,0,0
H0396,2025-05,3.51958360868297,3.6991697161198505,0,0
H0397,2025-05,2.945217089893205,2.498970612056244,0,0
H0398,2025-05,3.13427876585191,3.8235757900698943,0,0
H0399,2025-05,3.2503493140884,3.299161158032152,0,1
H0400,2025-05,3.188080775616524,2.88611774576823,0,0
H0401,2025-05,3.475597462931303,3.7044179860119977,0,0
H0402,2025-05,2.547593998449891,3.6744451197826025,0,0
H0403,2025-05,2.844892885621357,3.818056885934504,0,0
H0404,2025-05,3.389326139413872,2.806366005276723,0,0
H0405,2025-05,3.834611165609034,4.193808796983716,0,0
H0406,2025-05,2.961938742402357,3.5404031118132857,0,0
H0407,2025-05,4.194409994763202,3.760534713298556,0,0
H0408,2025-05,3.5463565234123524,3.2987185400505368,0,0
H0409,2025-05,3.344871858834698,3.181060599411611,0,0
H0410,2025-05,3.603891667901712,3.5758961972544268,0,0
H0411,2025-05,2.9148164385835265,2.488088420422707,0,0
H0412,2025-05,2.376195902057655,2.8189524828087738,0,0
H0413,2025-05,3.290931984018059,3.555861457491196,0,0
H0414,2025-05,2.964100513164089,3.406693412026364,0,0
H0415,2025-05,2.672475821669785,3.152816354185485,0,0
H0416,2025-05,3.320054021089345,2.640280545960591,0,0
H0417,2025-05,3.1017614609202733,3.135554893501378,1,0
H0418,2025-05,2.87458184143934,3.932724604166888,0,0
H0419,2025-05,3.7425373041140384,3.373162988403665,0,0
H0420,2025-05,3.4348559845012905,2.936716907196596,0,0
H0421,2025-05,3.4424648498089767,3.299161158032152,0,1
H0422,2025-05,2.8485502202765884,2.893309663457019,0,0
H0423,2025-05,3.097908781751608,3.119691391921823,0,0
H0424,2025-05,3.1042607915257245,3.38693605254283,0,0
H0425,2025-05,3.727460581010257,3.50608936035717,0,0
H0426,2025-05,3.5794666565593087,2.92656985399013,0,0
H0427,2025-05,3.705032631413258,3.673337288322756,0,0
H0428,2025-05,3.366339329690782,3.538675406405283,0,0
H0429,2025-05,3.49456173515518,4.459044534098005,0,0
H0430,2025-05,3.4500196753590093,3.058512555591068,0,0
H0431,2025-05,3.1017614609202733,3.352416242409582,1,0
H0432,2025-05,2.963565679639755,3.299161158032152,0,1
H0433,2025-05,3.2716501578734283,3.631828621619396,0,0
H0434,2025-05,3.1017614609202733,3.00222839183898,1,0
H0435,2025-05,2.8678870906344303,3.299161158032152,0,1
H0436,2025-05,3.490373663153441,3.262287635562397,0,0
H0437,2025-05,2.5756979977939354,3.171108206272278,0,0
H0438,2025-05,3.1432674137477017,2.8370202775092914,0,0
H0439,2025-05,3.520881073706806,2.3336059646645757,0,0
H0440,2025-05,3.641596762070339,3.087102620258611,0,0
H0441,2025-05,2.1707471048898923,2.581378996558241,0,0
H0442,2025-05,2.732026298423994,3.3710720197278814,0,0
H0443,2025-05,3.473366761503687,3.3428527543899085,0,0
H0444,2025-05,3.377653627679311,3.43225946350917,0,0
H0445,2025-05,3.638964553121257,3.7435093064068217,0,0
H0446,2025-05,2.625048465750296,3.066910498761213,0,0
H0447,2025-05,2.643507119137186,3.4051318266882094,0,0
H0448,2025-05,2.9633466735942786,3.5535423849472685,0,0
H0449,2025-05,3.4791360489818395,3.503351173317492,0,0
H0450,2025-05,2.695082051356267,2.52352252987756,0,0
H0451,2025-05,3.973509743390173,3.443851949979354,0,0
H0452,2025-05,3.380752268393697,2.741442056592204,0,0
H0453,2025-05,3.230123352256272,3.541320721614378,0,0
H0454,2025-05,2.6629692456042564,3.378770461260004,0,0
H0455,2025-05,4.498636105924103,3.6781740602206776,0,0
H0456,2025-05,3.198961127234413,3.167270566587477,0,0
H0457,2025-05,2.186834307601324,3.348722124839716,0,0
H0458,2025-05,2.815652207691745,3.700986804732632,0,0
H0459,2025-05,2.057923888890217,4.106361253369206,0,0
H0460,2025-05,2.7840352083851485,3.933903230395682,0,0
H0461,2025-05,2.8362159651408287,3.0430323667638,0,0
H0462,2025-05,4.365251361295488,4.0912438084688505,0,0
H0463,2025-05,2.31425997732634,3.402086328620838,0,0
H0464,2025-05,3.969375129631832,3.2374702203820376,0,0
H0465,2025-05,3.458240560122052,3.8942003630836126,0,0
H0466,2025-05,2.7875793629090198,3.3854175954414782,0,0
H0467,2025-05,2.0593799834789115,3.460804415872585,0,0
H0468,2025-05,2.7495525406256265,3.4686844804643204,0,0
H0469,2025-05,3.080067220964023,3.2408764339313314,0,0
H0470,2025-05,4.009477047132511,2.384383115517905,0,0
H0471,2025-05,2.416275162606911,2.731045521686496,0,0
H0472,2025-05,3.1357514232235464,3.190262305801658,0,0
H0473,2025-05,3.1688769299986426,3.438048818724845,0,0
H0474,2025-05,3.3059094239763382,3.820860391299396,0,0
H0475,2025-05,3.706953269215016,3.903651543046201,0,0
H0476,2025-05,2.643884143856985,3.2327690255389,0,0
H0477,2025-05,3.3541883193939084,3.655354539633144,0,0
H0478,2025-05,2.82191108897333,3.053134575424269,0,0
H0479,2025-05,2.846968005916734,3.820874858478803,0,0
H0480,2025-05,3.1458543143296,4.030808617315454,0,0
H0481,2025-05,4.010706823573807,3.3251315399342367,0,0
H0482,2025-05,4.116433823476636,3.0737390570640355,0,0
H0483,2025-05,3.1017614609202733,2.829378078635987,1,0
H0484,2025-05,3.249489507948381,4.047560947239808,0,0
H0485,2025-05,3.5944292330096017,2.716197881037252,0,0
H0486,2025-05,3.090426082877008,3.4301337241626944,0,0
H0487,2025-05,2.7844526467559803,2.769092023635159,0,0
H0488,2025-05,3.258865743678093,2.971174889220732,0,0
H0489,2025-05,3.2034627672560303,3.757432247376925,0,0
H0490,2025-05,2.6465583782199595,3.057816354126396,0,0
H0491,2025-05,2.173729550544892,3.299161158032152,0,1
H0492,2025-05,2.5228270338302514,3.800416742672227,0,0
H0493,2025-05,2.575694576245289,2.8510376026163167,0,0
H0494,2025-05,2.6672212639851924,3.3478076154586787,0,0
H0495,2025-05,3.537216858014193,3.2015349770109056,0,0
H0496,2025-05,3.3950737859212494,3.098216998752424,0,0
H0497,2025-05,3.001285041805442,3.400464933574479,0,0
H0498,2025-05,3.311349319409885,3.644617154653714,0,0
H0499,2025-05,3.512426926417747,3.079552129292212,0,0
H0500,2025-05,2.585075395940679,3.299161158032152,0,1
H0501,2025-05,3.4704080196119054,3.630756787720644,0,0
H0502,2025-05,3.2147433106887826,3.123248153974768,0,0
H0503,2025-05,2.965955828153785,3.705101393319018,0,0
H0504,2025-05,3.0074089993155635,3.565050364376295,0,0
H0505,2025-05,3.50051584045708,2.442411316225546,0,0
H0506,2025-05,2.659378981423368,2.6700878647680413,0,0
H0507,2025-05,3.857443508002187,3.2725302888165464,0,0
H0508,2025-05,2.1499212352825663,3.3036007238739185,0,0
H0509,2025-05,2.7050620361290343,3.4155499078111182,0,0
H0510,2025-05,3.2062982840775427,3.5243922118993805,0,0
H0511,2025-05,2.748182161748473,3.316225613322028,0,0
H0512,2025-05,2.653068425293936,3.306759814140384,0,0
H0513,2025-05,3.1897751921940403,2.323981769102634,0,0
H0514,2025-05,2.519336272557619,2.996863847377304,0,0
H0515,2025-05,3.2981318746175,3.392638130795483,0,0
H0516,2025-05,3.003143904834424,3.696650331464944,0,0
H0517,2025-05,4.019219042425581,3.311896036728592,0,0
H0518,2025-05,3.755598623419256,2.5993475099232453,0,0
H0519,2025-05,3.264157495545952,4.053117550492952,0,0
H0520,2025-05,2.8657447141282,2.850437658108417,0,0
H0521,2025-05,2.544495765581855,3.3353613867527243,0,0
H0522,2025-05,2.655010836451102,2.893879957701856,0,0
H0523,2025-05,3.537107298522254,3.4055704871154058,0,0
H0524,2025-05,3.6838132271103854,3.5814026113474995,0,0
H0525,2025-05,2.721931578156733,3.299161158032152,0,1
H0526,2025-05,2.452819814892928,3.7459101066032994,0,0
H0527,2025-05,2.5115345497262385,2.827887884362639,0,0
H0528,2025-05,3.37043252994266,4.079570239103302,0,0
H0529,2025-05,3.15523195261192,3.438521576020824,0,0
H0530,2025-05,3.2965277956354844,2.583497652473347,0,0
H0531,2025-05,2.045580406268348,3.265166521091749,0,0
H0532,2025-05,3.2934841229681964,3.196481116850183,0,0
H0533,2025-05,3.332939759175596,3.299161158032152,0,1
H0534,2025-05,2.2198786983780585,2.523578808342961,0,0
H0535,2025-05,3.074538313662196,3.3155229480854445,0,0
H0536,2025-05,3.4322824336712654,2.98709713987125,0,0
H0537,2025-05,2.7235717892743287,3.5818635802338585,0,0
H0538,2025-05,3.155943381151978,3.299161158032152,0,1
H0539,2025-05,3.381760035613413,3.844484674984845,0,0
H0540,2025-05,3.4302166428722165,3.2010743727855564,0,0
H0541,2025-05,3.8312633074075375,3.0449399797419163,0,0
H0542,2025-05,3.344528926399555,3.2453555870186865,0,0
H0543,2025-05,2.3746972030022016,3.296261999961504,0,0
H0544,2025-05,3.1017614609202733,3.4149746313707667,1,0
H0545,2025-05,3.101692419956904,3.4029760478104234,0,0
H0546,2025-05,3.478312322314478,3.023244017829903,0,0
H0547,2025-05,2.1555528343650145,3.08764576322189,0,0
H0548,2025-05,3.621712209221135,2.7687350128274946,0,0
H0549,2025-05,3.619194527389738,2.849818599465388,0,0
H0550,2025-05,3.097304190091167,3.66769996028436,0,0
H0551,2025-05,2.5924356852193187,3.2265819049817366,0,0
H0552,2025-05,3.3026512237343413,3.789395828992476,0,0
H0553,2025-05,3.042360817254641,3.764453066642696,0,0
H0554,2025-05,3.590529031463108,3.836875182176236,0,0
H0555,2025-05,2.497200836606466,3.660273876354277,0,0
H0556,2025-05,3.624612982185854,3.484911454438192,0,0
H0557,2025-05,3.101376631405385,3.664844699716715,0,0
H0558,2025-05,2.169440453904139,3.112894597870687,0,0
H0559,2025-05,3.411432842180062,3.524721145208856,0,0
H0560,2025-05,3.363513769659164,3.364328620162161,0,0
H0561,2025-05,2.6441730699304253,3.299161158032152,0,1
H0562,2025-05,3.244414642380433,2.586063270398982,0,0
H0563,2025-05,2.5539029889419123,2.737283435063941,0,0
H0564,2025-05,2.6793611547193623,3.311165046270868,0,0
H0565,2025-05,2.6257077286930133,2.7749013361302164,0,0
H0566,2025-05,2.660019783428348,3.6352121169202793,0,0
H0567,2025-05,3.283972789801568,3.041996764473517,0,0
H0568,2025-05,3.418531335408644,4.025141934309992,0,0
H0569,2025-05,2.2628468398834976,3.3802524071569344,0,0
H0570,2025-05,1.941346779965416,4.155533443311984,0,0
H0571,2025-05,2.8903900015084125,3.332631287085221,0,0
H0572,2025-05,2.3073891251204803,3.783833398960154,0,0
H0573,2025-05,3.7679922950146674,3.5889434566874963,0,0
H0574,2025-05,4.02016944033076,3.5111027517641995,0,0
H0575,2025-05,2.6627615501412287,3.042767094203879,0,0
H0576,2025-05,2.1059477806757294,2.911573957859959,0,0
H0577,2025-05,3.2510820275738954,3.810796433963001,0,0
H0578,2025-05,2.602903973408049,3.28362624820132,0,0
H0579,2025-05,3.4206732107675424,3.163440001625483,0,0
H0580,2025-05,3.188136572623137,3.449923826726388,0,0
H0581,2025-05,2.7173780500567584,2.54405811391511,0,0
H0582,2025-05,2.772140348890596,3.2005159263580056,0,0
H0583,2025-05,2.4310786670129225,4.414335280018637,0,0
H0584,2025-05,3.252806581929806,3.299161158032152,0,1
H0585,2025-05,2.548840627976756,2.909033386134108,0,0
H0586,2025-05,2.7631898701830773,3.1435326928070197,0,0
H0587,2025-05,3.212379982434239,3.7595194384297,0,0
H0588,2025-05,3.0483683167744813,3.474228616325294,0,0
H0589,2025-05,3.2054192392089536,3.827415053623169,0,0
H0590,2025-05,2.519175956448776,2.8112365805523147,0,0
H0591,2025-05,2.738343541746006,3.040585562562787,0,0
H0592,2025-05,2.590350509466216,3.289040832026856,0,0
H0593,2025-05,3.877827600200999,3.897454895858716,0,0
H0594,2025-05,3.226943732740318,2.684059613031722,0,0
H0595,2025-05,3.061492895123376,4.128262418788356,0,0
H0596,2025-05,3.012340160496634,4.353618296076743,0,0
H0597,2025-05,2.68194435855598,3.2122358677048,0,0
H0598,2025-05,3.3055286389059058,3.115039343732516,0,0
H0599,2025-05,3.7544483417216026,3.365165120644428,0,0
H0600,2025-05,2.1125691189257028,3.299161158032152,0,1
C0001,2025-05,1.915755332465697,2.834672474001236,0,0
C0002,2025-05,3.051597917436889,2.6025943380349306,0,0
C0003,2025-05,3.606601219450798,2.9522818046549784,0,0
C0004,2025-05,3.4678012303321486,3.575672035764823,0,0
C0005,2025-05,2.761349878028171,3.289325333423786,0,0
C0006,2025-05,2.9970636728407394,3.1631281260994606,0,0
C0007,2025-05,2.955138977582953,3.703543899392516,0,0
C0008,2025-05,3.1017614609202733,3.456106936191454,1,0
C0009,2025-05,3.3099770542484928,3.0718854275752,0,0
C0010,2025-05,2.9683015883769968,2.7960897897195904,0,0
C0011,2025-05,4.002124598021644,3.5086480342785213,0,0
C0012,2025-05,3.330876951870733,3.508552948075792,0,0
C0013,2025-05,3.1017614609202733,3.1617750219644223,1,0
C0014,2025-05,3.1017614609202733,3.845019743106303,1,0
C0015,2025-05,3.482587154108712,3.100308042851333,0,0
C0016,2025-05,3.532770934284928,2.885343011741584,0,0
C0017,2025-05,2.8833468765868595,4.393512077980581,0,0
C0018,2025-05,3.328670909211246,3.364184401071005,0,0
C0019,2025-05,3.564629563280198,2.826186454042376,0,0
C0020,2025-05,3.810007910554979,3.026762238455165,0,0
C0021,2025-05,2.736863721743085,3.434016324247732,0,0
C0022,2025-05,3.601723769739554,3.086124012294453,0,0
C0023,2025-05,3.1017614609202733,3.3163299878601187,1,0
C0024,2025-05,2.386363342848544,3.487968603116073,0,0
C0025,2025-05,2.84913634775486,3.104913113781823,0,0
C0026,2025-05,3.956726517488759,2.2844228873389985,0,0
C0027,2025-05,3.167745739055729,2.866640025415359,0,0
C0028,2025-05,1.9467522169671672,3.305467575058757,0,0
C0029,2025-05,3.034295514275048,3.007434116234016,0,0
C0030,2025-05,2.602038595942243,3.3664804812434657,0,0
C0031,2025-05,3.207859538132157,3.6318118726087993,0,0
C0032,2025-05,3.453562983843986,2.8316721092204764,0,0
C0033,2025-05,3.462163208205065,2.769454249598977,0,0
C0034,2025-05,3.041321363673974,3.308225775135105,0,0
C0035,2025-05,3.725380008451342,3.420065021538772,0,0
C0036,2025-05,3.653634759620115,3.745961425873697,0,0
C0037,2025-05,3.08419118724773,3.265919575210904,0,0
C0038,2025-05,2.654681821028771,2.335275441675956,0,0
C0039,2025-05,2.737153688950672,3.1925064440191475,0,0
C0040,2025-05,2.8042487086763703,2.897625384831884,0,0
C0041,2025-05,3.006335614818461,2.929869228456909,0,0
C0042,2025-05,3.0721437498960484,3.057665883351084,0,0
C0043,2025-05,3.53777693672351,3.742405499745967,0,0
C0044,2025-05,2.870405937812294,3.472333669418889,0,0
C0045,2025-05,3.1517788126085797,2.352395630529301,0,0
C0046,2025-05,3.1017614609202733,2.5952910726340765,1,0
C0047,2025-05,2.98038215130602,3.258613448190072,0,0
C0048,2025-05,2.9756689002784347,3.305099542245812,0,0
C0049,2025-05,3.553212339226807,3.780953280484526,0,0
C0050,2025-05,2.898041234857055,3.299895439176618,0,0
C0051,2025-05,2.9798054500051454,3.376355261768808,0,0
C0052,2025-05,3.6516935624371474,3.366194192709703,0,0
C0053,2025-05,3.3504280686957246,3.050687027212002,0,0
C0054,2025-05,3.371007735530952,3.0393866314304203,0,0
C0055,2025-05,2.3101942929935264,3.09903368367998,0,0
C0056,2025-05,3.222355183430662,3.834776777346448,0,0
C0057,2025-05,2.533551934306238,3.5647105739321416,0,0
C0058,2025-05,2.992142682837561,3.694064325954336,0,0
C0059,2025-05,2.948425420803641,3.637090761181576,0,0
C0060,2025-05,2.76382649296522,3.0595295850657243,0,0
C0061,2025-05,3.141164437539377,3.035473581332444,0,0
C0062,2025-05,3.0214556308352547,3.055046985116068,0,0
C0063,2025-05,3.1626049561617204,3.764915257165423,0,0
C0064,2025-05,3.4113272153220047,3.55500522965931,0,0
C0065,2025-05,3.643776650661151,3.4586324763266623,0,0
C0066,2025-05,3.0246217626879845,2.9469386196375247,0,0
C0067,2025-05,3.5377670986375604,2.7918867187523797,0,0
C0068,2025-05,3.487486537026933,3.1052255021435013,0,0
C0069,2025-05,2.815073736608091,3.743585642296538,0,0
C0070,2025-05,2.9161565199340096,2.9817669787061027,0,0
C0071,2025-05,3.718257660826734,2.5088248359696146,0,0
C0072,2025-05,3.201644332915379,3.358297922251037,0,0
C0073,2025-05,3.837768106218758,3.7351403486058414,0,0
C0074,2025-05,3.245253598744154,3.551810609190615,0,0
C0075,2025-05,3.0929285769600554,3.0535846967349074,0,0
C0076,2025-05,3.143541796091515,2.943343198932017,0,0
C0077,2025-05,3.5524380667794864,2.745502781703307,0,0
C0078,2025-05,3.3591143274670587,3.67642308907983,0,0
C0079,2025-05,3.902844153381148,3.3107124425474934,0,0
C0080,2025-05,3.590884803554528,2.822429244384043,0,0
C0081,2025-05,3.259395722122967,3.607559321544307,0,0
C0082,2025-05,2.605457384366563,3.7874365613082936,0,0
C0083,2025-05,3.074063326850501,3.542925177437616,0,0
C0084,2025-05,2.2678831145752385,3.3801538493951355,0,0
C0085,2025-05,3.533025044271524,2.6036252457483853,0,0
C0086,2025-05,2.7953234736014543,3.460659593600698,0,0
C0087,2025-05,3.1924320966395707,3.0324106786082883,0,0
C0088,2025-05,2.688911981469209,3.349788249976776,0,0
C0089,2025-05,2.859337497116637,3.4545004519092544,0,0
C0090,2025-05,3.144908720214697,3.589466798018864,0,0
C0091,2025-05,2.8217975484353888,3.806793219169151,0,0
C0092,2025-05,2.7648488927492947,2.258254647052272,0,0
C0093,2025-05,2.446072414877282,3.972701551795881,0,0
C0094,2025-05,3.4441911349233787,3.843070054912658,0,0
C0095,2025-05,3.7059460513504177,3.582657854199959,0,0
C0096,2025-05,3.502467665257247,3.840251552485155,0,0
C0097,2025-05,3.1017614609202733,2.690361893207773,1,0
C0098,2025-05,3.712043911443303,2.578684080860999,0,0
C0099,2025-05,2.9191663807009225,2.803893301613724,0,0
C0100,2025-05,2.834414514063313,3.115586522806152,0,0
C0101,2025-05,3.1201273821364603,3.57576479222066,0,0
C0102,2025-05,3.251460764545121,4.292633319115925,0,0
C0103,2025-05,2.890521702496248,2.727285542395393,0,0
C0104,2025-05,2.850652409688368,3.185185075039076,0,0
C0105,2025-05,3.346407619234975,3.299161158032152,0,1
C0106,2025-05,3.698294984871666,3.2521284360980998,0,0
C0107,2025-05,2.875980191318864,3.119698053315114,0,0
C0108,2025-05,2.438489274510247,3.1542797562420724,0,0
C0109,2025-05,3.179111958246553,4.33366395336867,0,0
C0110,2025-05,3.24750839283502,3.092224995685249,0,0
C0111,2025-05,2.8279997204897844,3.5445929935332523,0,0
C0112,2025-05,3.3301002422761927,3.4180855062593345,0,0
C0113,2025-05,3.3370127463154216,2.613057826447154,0,0
C0114,2025-05,2.6619324740377133,3.2586758819566866,0,0
C0115,2025-05,2.3753820939323624,3.522710383083348,0,0
C0116,2025-05,3.4117431306548784,3.659189269119567,0,0
C0117,2025-05,3.3196663432243017,4.145585521914359,0,0
C0118,2025-05,3.000692651757481,2.7249955452018098,0,0
C0119,2025-05,2.5754899951517847,3.4775634477788238,0,0
C0120,2025-05,2.44607371727144,2.910890793607244,0,0
C0121,2025-05,3.550001068721883,3.2804038494780863,0,0
C0122,2025-05,3.201165920659227,2.893705860293628,0,0
C0123,2025-05,3.623290161177792,3.640268222898213,0,0
C0124,2025-05,3.43161469781967,3.205970862299869,0,0
C0125,2025-05,2.7122102487384963,3.6578738456904287,0,0
C0126,2025-05,2.882055736251505,2.8583841733694517,0,0
C0127,2025-05,3.1088438634476336,3.662805842879981,0,0
C0128,2025-05,3.1567111241928054,2.9948494479515717,0,0
C0129,2025-05,3.063479661570048,3.5456414420735096,0,0
C0130,2025-05,2.8375279623345206,3.245927231886287,0,0
C0131,2025-05,3.6906109452203375,3.563803149988707,0,0
C0132,2025-05,2.610368981564626,2.7555644178306498,0,0
C0133,2025-05,3.1037012090827973,4.110617609695825,0,0
C0134,2025-05,2.40497067927747,2.8265208344083126,0,0
C0135,2025-05,3.478633119446588,3.2008333480929774,0,0
C0136,2025-05,2.931499392519703,2.930602338614388,0,0
C0137,2025-05,2.809087179613881,3.4291249377038118,0,0
C0138,2025-05,2.7716150568317093,3.912619824951217,0,0
C0139,2025-05,2.5388943963115063,3.281646573690287,0,0
C0140,2025-05,2.6408241443786777,2.875428582052019,0,0
C0141,2025-05,3.125386445417243,3.7687375861103263,0,0
C0142,2025-05,3.6876614229945655,3.694440287719386,0,0
C0143,2025-05,3.848538558797572,3.384812579037024,0,0
C0144,2025-05,3.205562551368077,2.795946824860811,0,0
C0145,2025-05,2.6428319599832197,3.5325753695860342,0,0
C0146,2025-05,2.009201555000417,2.804746034194949,0,0
C0147,2025-05,2.4857931028552103,3.11220001333385,0,0
C0148,2025-05,2.466773434864521,2.8274408035457514,0,0
C0149,2025-05,2.637042509871909,3.7973252351804536,0,0
C0150,2025-05,2.94967630495005,3.539426008637492,0,0
C0151,2025-05,3.1667703697629537,3.8375816154659534,0,0
C0152,2025-05,4.045366157492554,3.704543276542357,0,0
C0153,2025-05,4.2546039806478895,3.2113705739723177,0,0
C0154,2025-05,2.692950010386784,2.868076692609933,0,0
C0155,2025-05,3.123406305865739,3.22321563229094,0,0
C0156,2025-05,3.732481227655619,3.299161158032152,0,1
C0157,2025-05,2.897510222344412,3.2009853056650805,0,0
C0158,2025-05,3.2178051640255068,2.943644021374365,0,0
C0159,2025-05,3.1017614609202733,3.1041095118497783,1,0
C0160,2025-05,3.5135931610646307,3.27460282344362,0,0
C0161,2025-05,3.139980714337386,4.290632996324129,0,0
C0162,2025-05,3.3743625646505557,3.778348443762062,0,0
C0163,2025-05,4.168716063582953,3.7063429160861294,0,0
C0164,2025-05,3.297895203015326,3.524706445723353,0,0
C0165,2025-05,2.97195560813247,3.4499700166483103,0,0
C0166,2025-05,3.764110124286125,3.674034745454588,0,0
C0167,2025-05,3.914677803359252,3.1170261461539552,0,0
C0168,2025-05,3.000867361579953,3.0928902098324405,0,0
C0169,2025-05,3.560254086565837,3.5021235590454407,0,0
C0170,2025-05,3.6465380703690378,3.8423878725966034,0,0
C0171,2025-05,3.562847581710967,3.985157153958196,0,0
C0172,2025-05,2.869430568506052,3.587066689410661,0,0
C0173,2025-05,2.789447742706054,4.11645288494114,0,0
C0174,2025-05,2.7496939876376514,3.268207974402334,0,0
C0175,2025-05,2.7337089134685373,3.06856834931321,0,0
C0176,2025-05,3.191697578119564,3.024198685819951,0,0
C0177,2025-05,2.9798367453932366,3.087041963754445,0,0
C0178,2025-05,2.4169816128446966,2.848063354188485,0,0
C0179,2025-05,2.9121182620908206,2.598387172525012,0,0
C0180,2025-05,3.040147464932868,3.2681330506966013,0,0
C0181,2025-05,3.3528321920309043,3.686433113418144,0,0
C0182,2025-05,2.66738786975149,2.782315915727762,0,0
C0183,2025-05,2.134619329857243,2.691091972401615,0,0
C0184,2025-05,3.6166294735567592,2.6811026820131723,0,0
C0185,2025-05,2.5868629711811764,3.072747417118585,0,0
C0186,2025-05,1.4572416495753493,3.270650240003528,0,0
C0187,2025-05,3.1587872730972366,3.969235685669996,0,0
C0188,2025-05,3.4110774885804345,3.1831677177224558,0,0
C0189,2025-05,2.477153488711144,2.402133240196697,0,0
C0190,2025-05,3.4586633855362,3.817932168649748,0,0
C0191,2025-05,3.2620332261643066,3.68594813256587,0,0
C0192,2025-05,3.0790477138256973,3.299161158032152,0,1
C0193,2025-05,2.7892128579610493,3.299161158032152,0,1
C0194,2025-05,4.268386235165572,3.299161158032152,0,1
C0195,2025-05,2.812938290181144,3.299161158032152,0,1
C0196,2025-05,3.278276358045048,2.8741332240042965,0,0
C0197,2025-05,3.051225345153567,3.20862780317528,0,0
C0198,2025-05,3.676419403877549,3.440622648233626,0,0
C0199,2025-05,3.08634575249189,3.5403782238999764,0,0
C0200,2025-05,3.1017614609202733,2.564839014457401,1,0
C0201,2025-05,2.818929939628615,2.607015036595673,0,0
C0202,2025-05,3.2580545809400565,2.9232907579225245,0,0
C0203,2025-05,2.9382724613160915,2.4989824590219656,0,0
C0204,2025-05,2.6848983001488698,3.046288685551453,0,0
C0205,2025-05,2.5702390326803743,3.933845640860536,0,0
C0206,2025-05,3.069911457363232,3.7524817749804815,0,0
C0207,2025-05,4.044044179516184,3.7479963434610326,0,0
C0208,2025-05,3.1017614609202733,3.51095291280709,1,0
C0209,2025-05,2.7302286183317945,2.855278077544193,0,0
C0210,2025-05,3.2757589514978758,2.915885003976782,0,0
C0211,2025-05,4.244870400984778,2.7811354129174366,0,0
C0212,2025-05,3.786034565423413,3.8910470986706,0,0
C0213,2025-05,3.4338451312523213,2.965734119535873,0,0
C0214,2025-05,2.7272636414196496,3.061500962163131,0,0
C0215,2025-05,3.334622588851677,3.239193338529867,0,0
C0216,2025-05,1.546122039962102,3.4512801878804305,0,0
C0217,2025-05,3.7955233047794064,2.708487233908591,0,0
C0218,2025-05,2.831690689980789,3.0460333681179352,0,0
C0219,2025-05,3.2623692754457694,2.918614404184284,0,0
C0220,2025-05,4.26828088448968,3.83736024946881,0,0
C0221,2025-05,2.970022790364925,3.284822966830199,0,0
C0222,2025-05,2.8671059737603173,2.744428542809586,0,0
C0223,2025-05,3.103811248616015,3.954928316783337,0,0
C0224,2025-05,3.3277848040934117,2.8520100129661667,0,0
C0225,2025-05,3.522446790417106,3.665880392375011,0,0
C0226,2025-05,3.434063412295618,3.5715847660963864,0,0
C0227,2025-05,2.9306312399005616,3.699174168519384,0,0
C0228,2025-05,3.5020525049242224,3.2536012275033794,0,0
C0229,2025-05,2.8701924207356324,3.3898341217750363,0,0
C0230,2025-05,3.6037820447980864,2.8204865502958514,0,0
C0231,2025-05,3.5273196547470897,3.0355247312431164,0,0
C0232,2025-05,2.76014363375048,2.921944992185419,0,0
C0233,2025-05,2.582973299192568,2.7032327255555346,0,0
C0234,2025-05,3.4237814174346037,2.782702248680786,0,0
C0235,2025-05,3.4333649054900164,2.614962433347703,0,0
C0236,2025-05,3.000208983396304,3.0405064093639966,0,0
C0237,2025-05,3.3144816645823587,3.533815643223293,0,0
C0238,2025-05,3.1017614609202733,3.5010833788901805,1,0
C0239,2025-05,3.279153796798812,3.4374261509643578,0,0
C0240,2025-05,2.748328947718332,3.299161158032152,0,1
C0241,2025-05,2.993793911482169,3.650487587083057,0,0
C0242,2025-05,3.34793596352861,2.582092096942876,0,0
C0243,2025-05,3.9134954574770826,3.2848799329661054,0,0
C0244,2025-05,2.7562005720495453,3.029516764950302,0,0
C0245,2025-05,2.9409059600880028,3.299161158032152,0,1
C0246,2025-05,2.840722223522301,3.629483948242333,0,0
C0247,2025-05,3.491892334106097,3.2921905592004608,0,0
C0248,2025-05,4.10354407733442,3.543765155938719,0,0
C0249,2025-05,2.242309875618486,3.8450071454741455,0,0
C0250,2025-05,2.66660802198464,2.953693342084537,0,0
C0251,2025-05,3.2911588602142685,4.145328581367749,0,0
C0252,2025-05,2.737186164094741,3.3219731323829755,0,0
C0253,2025-05,3.127549023484712,3.05963311296354,0,0
C0254,2025-05,2.213215339874981,2.887123872388792,0,0
C0255,2025-05,3.340517062897036,3.312814811189474,0,0
C0256,2025-05,3.1017614609202733,3.4622015621225906,1,0
C0257,2025-05,3.3211913001761864,3.6906572626018894,0,0
C0258,2025-05,3.101584126859815,3.540325747630882,0,0
C0259,2025-05,3.421942389850752,2.4386506851464747,0,0
C0260,2025-05,3.2074982141063,3.8361666958817655,0,0
C0261,2025-05,2.904440304514231,3.6530429598510823,0,0
C0262,2025-05,2.393873740837971,2.6587921265672816,0,0
C0263,2025-05,3.2560662011587427,3.299161158032152,0,1
C0264,2025-05,3.274568181736048,2.8350397293495586,0,0
C0265,2025-05,2.848442825552685,3.6816274244441,0,0
C0266,2025-05,2.064854075710226,3.818503025724617,0,0
C0267,2025-05,3.239482867696849,3.539157647077656,0,0
C0268,2025-05,2.602659946997105,3.41437799340027,0,0
C0269,2025-05,2.881000678420275,3.610898616141773,0,0
C0270,2025-05,3.9161192126202975,2.772480463694655,0,0
C0271,2025-05,2.931157682485968,3.0182337720107806,0,0
C0272,2025-05,3.398634067193615,3.74375069704288,0,0
C0273,2025-05,3.891204588093261,3.507954898124852,0,0
C0274,2025-05,3.1295950733043814,3.929892212843893,0,0
C0275,2025-05,3.4266298659849435,3.299161158032152,0,1
C0276,2025-05,3.819036160147311,3.455529706422844,0,0
C0277,2025-05,3.0845619946140386,3.585216660277097,0,0
C0278,2025-05,3.858585692754061,3.5048326559780225,0,0
C0279,2025-05,3.1017614609202733,3.685439864754775,1,0
C0280,2025-05,2.6697375610478558,3.338345592569276,0,0
C0281,2025-05,3.1859177868587407,2.8138073155861827,0,0
C0282,2025-05,2.740222998806636,3.46291050682238,0,0
C0283,2025-05,3.011435809145963,3.1716218704228005,0,0
C0284,2025-05,3.645879975026444,3.375469523393533,0,0
C0285,2025-05,2.2546449125770254,3.3984139446308195,0,0
C0286,2025-05,2.652754422768015,3.850149729768902,0,0
C0287,2025-05,3.1017614609202733,2.513265824955633,1,0
C0288,2025-05,3.314008127535089,3.496547361382416,0,0
C0289,2025-05,3.5946157541106043,3.299161158032152,0,1
C0290,2025-05,2.111741752074658,3.299161158032152,0,1
C0291,2025-05,3.59328068045117,3.948792519131468,0,0
C0292,2025-05,3.715263100889648,4.604667710686703,0,0
C0293,2025-05,2.6349390867271656,3.70219646835139,0,0
C0294,2025-05,2.815594043800914,4.146616851785689,0,0
C0295,2025-05,2.5138499049500336,2.4890133048586414,0,0
C0296,2025-05,2.3698848682253244,3.533757368199048,0,0
C0297,2025-05,3.821418929119401,3.913672132032716,0,0
C0298,2025-05,3.3387997108124683,3.470667368030173,0,0
C0299,2025-05,3.265068322557925,3.299161158032152,0,1
C0300,2025-05,4.042148153804379,3.056525023242737,0,0
C0301,2025-05,2.828144284685014,2.7633528045088664,0,0
C0302,2025-05,3.1017614609202733,3.798237249707353,1,0
C0303,2025-05,3.4310767335486494,3.2387266567432427,0,0
C0304,2025-05,2.389504103295917,3.646601338257343,0,0
C0305,2025-05,2.976838607698432,2.402379947262478,0,0
C0306,2025-05,3.358134448781485,3.114477120937314,0,0
C0307,2025-05,3.581064546505844,2.42530983515995,0,0
C0308,2025-05,3.340895511059106,3.634467940694946,0,0
C0309,2025-05,3.4906701296599776,4.055188482507603,0,0
C0310,2025-05,3.700520779503853,3.762333453949826,0,0
C0311,2025-05,2.103492774397808,3.698766555165214,0,0
C0312,2025-05,3.5143879786087195,2.657226955996731,0,0
C0313,2025-05,3.1399050107898057,3.25462466935558,0,0
C0314,2025-05,2.670806073065175,3.1547298947899027,0,0
C0315,2025-05,2.9825400499932453,3.021246943823064,0,0
C0316,2025-05,2.5427698108993293,2.7068525147911155,0,0
C0317,2025-05,3.039364828583962,3.75605151712334,0,0
C0318,2025-05,3.454276690959872,3.086887505708316,0,0
C0319,2025-05,3.476898705895615,3.513969995825076,0,0
C0320,2025-05,2.725535196276054,3.1364659766115714,0,0
C0321,2025-05,3.782511557296228,3.1758517541957336,0,0
C0322,2025-05,2.3235044265261737,2.762655769786284,0,0
C0323,2025-05,2.42293895108924,3.257091047252037,0,0
C0324,2025-05,2.3619645575901744,3.391062996117397,0,0
C0325,2025-05,3.4928847637106704,3.222758700857474,0,0
C0326,2025-05,2.828951981491302,3.295900023055329,0,0
C0327,2025-05,2.9604614445839466,3.1857407697476323,0,0
C0328,2025-05,2.673800276390408,3.7419374971346526,0,0
C0329,2025-05,2.330818303813026,3.91075203627917,0,0
C0330,2025-05,2.9529622642705773,3.385115759277088,0,0
C0331,2025-05,2.8215943772873056,3.756864325765076,0,0
C0332,2025-05,3.532207942943143,4.123019460193,0,0
C0333,2025-05,2.9035219813367195,3.3512230614625502,0,0
C0334,2025-05,2.5721570694242617,3.486638154399768,0,0
C0335,2025-05,2.752182658367499,2.910854866572884,0,0
C0336,2025-05,2.831885254718148,2.4894354461821404,0,0
C0337,2025-05,2.663435692729044,3.4067764249229744,0,0
C0338,2025-05,3.768779135728776,4.188557715895308,0,0
C0339,2025-05,2.8372770259133397,2.9683008311412564,0,0
C0340,2025-05,3.115447975805354,3.324383957904776,0,0
C0341,2025-05,3.1600422247094224,3.5482344603149767,0,0
C0342,2025-05,3.467650788760601,3.254636218817059,0,0
C0343,2025-05,3.514811850416638,3.954292195172471,0,0
C0344,2025-05,2.7013758811296644,2.453291167435321,0,0
C0345,2025-05,3.34506968421896,3.0780088301777733,0,0
C0346,2025-05,3.5657836554800144,3.239185021540764,0,0
C0347,2025-05,2.9547433012071966,2.7329863499225087,0,0
C0348,2025-05,2.1389857193512274,3.158764977587234,0,0
C0349,2025-05,3.1017614609202733,3.282373841778496,1,0
C0350,2025-05,2.977464037247401,4.167601634653405,0,0
C0351,2025-05,2.884471748476868,4.178671517112637,0,0
C0352,2025-05,3.1017614609202733,2.192555106648899,1,0
C0353,2025-05,3.2728773145445,3.299161158032152,0,1
C0354,2025-05,3.383475662508884,2.9670143811342737,0,0
C0355,2025-05,3.1017614609202733,3.9884367764078896,1,0
C0356,2025-05,2.616567024459475,3.259047038239656,0,0
C0357,2025-05,2.6230689432036867,2.599064025562619,0,0
C0358,2025-05,3.972491096614214,3.1506359739945764,0,0
C0359,2025-05,2.6766470762473817,2.656935094340521,0,0
C0360,2025-05,3.6765148429286825,3.58610969649545,0,0
C0361,2025-05,3.3438265537302576,2.478802945598475,0,0
C0362,2025-05,3.1017614609202733,2.9912064476843376,1,0
C0363,2025-05,3.3626819561554857,2.755107916000349,0,0
C0364,2025-05,3.9865628223685263,3.800224230647253,0,0
C0365,2025-05,3.2845861060127293,3.192013727120541,0,0
C0366,2025-05,2.6120871326442945,3.425191135874987,0,0
C0367,2025-05,3.512614555587607,3.3333582240544715,0,0
C0368,2025-05,3.2669521244411066,2.595023134691144,0,0
C0369,2025-05,2.968536024871766,2.8920402895691546,0,0
C0370,2025-05,3.2597809116408207,3.615761844453869,0,0
C0371,2025-05,3.1163843289825577,3.015012921852401,0,0
C0372,2025-05,3.0540585280707915,2.875947730317848,0,0
C0373,2025-05,2.844894922228087,3.299161158032152,0,1
C0374,2025-05,3.1017614609202733,2.8464417471775465,1,0
C0375,2025-05,2.572182093786937,2.927638883287453,0,0
C0376,2025-05,2.7151157367034005,3.1931480132978467,0,0
C0377,2025-05,2.650904420044621,2.951889946325707,0,0
C0378,2025-05,2.794978340152192,3.44129369993492,0,0
C0379,2025-05,3.869133376504527,2.971602978661958,0,0
C0380,2025-05,3.7651849546635168,3.533971456360445,0,0
C0381,2025-05,3.8116029212776574,3.4911899710511043,0,0
C0382,2025-05,2.619917849341891,3.195241512524285,0,0
C0383,2025-05,2.727647988296634,3.711633939393928,0,0
C0384,2025-05,3.1017614609202733,3.3377623843816084,1,0
C0385,2025-05,3.5284081633593574,3.464967337883735,0,0
C0386,2025-05,2.799906902580517,3.678053498791628,0,0
C0387,2025-05,4.125408241334818,3.319511680136793,0,0
C0388,2025-05,2.9270561057005984,3.299161158032152,0,1
C0389,2025-05,2.9788042639988435,3.23543748718539,0,0
C0390,2025-05,3.786924054875752,3.3498979254973484,0,0
C0391,2025-05,2.9055712357828365,3.575267700903831,0,0
C0392,2025-05,2.7122844749599744,3.1434039975470567,0,0
C0393,2025-05,3.478902164368708,3.1368965055180995,0,0
C0394,2025-05,3.662481350967984,3.61678339503134,0,0
C0395,2025-05,3.267991860560242,3.3262878292303046,0,0
C0396,2025-05,3.4557491535139704,3.5163245831753827,0,0
C0397,2025-05,3.1017614609202733,3.599972083607921,1,0
C0398,2025-05,2.7686172502890507,2.89457272902647,0,0
C0399,2025-05,2.327813607860881,2.846087949495787,0,0
C0400,2025-05,3.2856217150707354,3.9370145395894407,0,0
C0401,2025-05,4.069219181435017,3.186892602125796,0,0
C0402,2025-05,3.069595635138189,2.604989575578963,0,0
C0403,2025-05,2.3372481369761475,3.565153329301664,0,0
C0404,2025-05,3.2714788530127814,2.7772229228605765,0,0
C0405,2025-05,3.830006422733289,3.603915031208421,0,0
C0406,2025-05,4.127794627542521,3.490555056237094,0,0
C0407,2025-05,3.270247743628621,3.737934291824689,0,0
C0408,2025-05,2.793095058619085,3.5360405920151323,0,0
C0409,2025-05,2.9864752101559664,3.225663513599196,0,0
C0410,2025-05,3.275009840336595,1.976552513975478,0,0
C0411,2025-05,2.7481919155747647,3.00090253683698,0,0
C0412,2025-05,2.890482186853675,3.8831364577085385,0,0
C0413,2025-05,3.794940405513829,2.5461996038293004,0,0
C0414,2025-05,3.40465996655279,2.95693613960964,0,0
C0415,2025-05,4.201403450829659,3.954311713526839,0,0
C0416,2025-05,2.2536075047516557,3.6904055772745257,0,0
C0417,2025-05,2.568669581685238,3.5093263455243293,0,0
C0418,2025-05,1.824318300021706,3.56457975705077,0,0
C0419,2025-05,3.0781496372474204,3.799279057487965,0,0
C0420,2025-05,2.7363532965745367,3.5780128425076403,0,0
C0421,2025-05,3.0257039135512445,3.5247273155191774,0,0
C0422,2025-05,3.230897803129575,3.1310023503851507,0,0
C0423,2025-05,3.881021984252178,3.263833385130665,0,0
C0424,2025-05,3.826877432480048,4.219316485460403,0,0
C0425,2025-05,2.7233544419834272,3.078333916583337,0,0
C0426,2025-05,3.623582676574861,3.473189256015301,0,0
C0427,2025-05,2.7623830707303125,3.2070184667474004,0,0
C0428,2025-05,3.1017614609202733,2.6305308656268824,1,0
C0429,2025-05,2.6228046246603447,3.741648298287074,0,0
C0430,2025-05,3.0458619208448896,3.299161158032152,0,1
C0431,2025-05,2.7101313731503915,3.4290659029096022,0,0
C0432,2025-05,3.1017614609202733,2.8889693019428515,1,0
C0433,2025-05,3.13128809535727,3.053937065742486,0,0
C0434,2025-05,2.7752265132013303,3.5922172191075106,0,0
C0435,2025-05,2.904289997513191,2.730173313662116,0,0
C0436,2025-05,2.8893424675673143,2.7044923133394887,0,0
C0437,2025-05,3.089747991626717,3.524542024976006,0,0
C0438,2025-05,3.037782507932261,2.8095590013843577,0,0
C0439,2025-05,3.3312725410074906,2.247579106356311,0,0
C0440,2025-05,3.1390213968166885,3.376963217203542,0,0
C0441,2025-05,3.4829779576636226,3.415533893426327,0,0
C0442,2025-05,3.216546935348397,3.4630466627468324,0,0
C0443,2025-05,3.849709984724332,3.574545741179173,0,0
C0444,2025-05,3.1867603818667534,2.9170401283199583,0,0
C0445,2025-05,3.249027538916837,4.261229952701191,0,0
C0446,2025-05,3.6148823260740217,3.6872121200844497,0,0
C0447,2025-05,2.7399428216258093,3.0834893361381326,0,0
C0448,2025-05,3.2693451564377747,3.6877972411374462,0,0
C0449,2025-05,2.39973076612138,3.293299007653558,0,0
C0450,2025-05,3.332685475296065,3.6982958862951048,0,0
C0451,2025-05,2.576192060277103,4.04218671797584,0,0
C0452,2025-05,3.1051128548121647,3.0588014708446583,0,0
C0453,2025-05,4.108866041975381,3.7963011674178255,0,0
C0454,2025-05,3.72829005130691,3.596664908136284,0,0
C0455,2025-05,3.5286164565969798,2.6368052588773665,0,0
C0456,2025-05,3.504407281348232,2.865008874634797,0,0
C0457,2025-05,3.3763537093006986,3.465745135511901,0,0
C0458,2025-05,4.072511851131137,3.784173967547901,0,0
C0459,2025-05,2.870095823761736,3.299161158032152,0,1
C0460,2025-05,3.611443942286845,3.478222843614585,0,0
C0461,2025-05,3.215592328548824,2.433530187582225,0,0
C0462,2025-05,1.56922347173024,2.9264963612034305,0,0
C0463,2025-05,3.1017614609202733,3.380536020808571,1,0
C0464,2025-05,3.914782432930557,3.2471435900331773,0,0
C0465,2025-05,4.103329186639648,2.9405158069739183,0,0
C0466,2025-05,2.394118979563907,3.671496366231024,0,0
C0467,2025-05,2.9015226560134075,2.843988476258505,0,0
C0468,2025-05,3.767594279943542,3.0566129935907944,0,0
C0469,2025-05,3.3678702658582016,3.192024209145204,0,0
C0470,2025-05,3.2919143355676006,3.4654239736520736,0,0
C0471,2025-05,3.726034084431439,2.611291999168208,0,0
C0472,2025-05,2.9961587220783983,2.81213634574148,0,0
C0473,2025-05,3.899069733015185,3.74792940498207,0,0
C0474,2025-05,3.3535939005517656,3.2459536332082943,0,0
C0475,2025-05,2.8868143222269245,3.299161158032152,0,1
C0476,2025-05,3.530779742758698,3.5226068430727477,0,0
C0477,2025-05,2.931001098399256,3.470342449165547,0,0
C0478,2025-05,3.5083895396693547,2.8351994757946386,0,0
C0479,2025-05,3.4354729547279024,3.740365283590391,0,0
C0480,2025-05,3.001148895460799,3.865604687078749,0,0
C0481,2025-05,4.078778148627554,3.959851825683632,0,0
C0482,2025-05,2.6742278722987627,3.130035186773501,0,0
C0483,2025-05,2.617396205359431,3.1891533328862747,0,0
C0484,2025-05,2.604407698187532,3.2658540977114523,0,0
C0485,2025-05,2.765478284666803,3.1587141731099,0,0
C0486,2025-05,2.948572125675762,2.9676086713895926,0,0
C0487,2025-05,3.1492213357326118,3.118980403387128,0,0
C0488,2025-05,2.380833248241065,3.5218953556592214,0,0
C0489,2025-05,3.1017614609202733,3.636035392986559,1,0
C0490,2025-05,2.764804866943277,2.8783936128820726,0,0
C0491,2025-05,3.180833871662153,3.66524387411072,0,0
C0492,2025-05,2.8442648005773177,3.800012211143229,0,0
C0493,2025-05,2.885168046699021,2.897569641364902,0,0
C0494,2025-05,3.817654091465568,3.3678541221770257,0,0
C0495,2025-05,3.699465955344376,2.9223963045997943,0,0
C0496,2025-05,3.306105536893007,3.220170982645513,0,0
C0497,2025-05,2.792983881953184,3.518627202946905,0,0
C0498,2025-05,2.643563816254289,3.291575417474592,0,0
C0499,2025-05,3.227723288055547,3.7738833509743417,0,0
C0500,2025-05,2.969222771264678,3.4498708835220366,0,0
C0501,2025-05,3.5870740396393623,3.5652288291426864,0,0
C0502,2025-05,3.0684766516326176,3.3097288990098277,0,0
C0503,2025-05,3.2594461347928965,3.299161158032152,0,1
C0504,2025-05,3.1017614609202733,3.892329711033609,1,0
C0505,2025-05,3.862351677130452,3.779208648581661,0,0
C0506,2025-05,3.1017614609202733,2.774535420217842,1,0
C0507,2025-05,3.341285312881717,3.639954924701376,0,0
C0508,2025-05,2.962356230528288,3.3548986611851377,0,0
C0509,2025-05,2.897035009787849,2.966197925149682,0,0
C0510,2025-05,3.223156938075576,3.376935571227567,0,0
C0511,2025-05,2.8865333392715007,3.672690920160992,0,0
C0512,2025-05,2.8080082760666616,3.186363913223468,0,0
C0513,2025-05,3.413578019525342,2.7770753981627774,0,0
C0514,2025-05,3.653652298358394,3.207663162236521,0,0
C0515,2025-05,3.9189424849452896,2.4818382809119246,0,0
C0516,2025-05,4.377345663755847,3.6050794416670913,0,0
C0517,2025-05,3.1926758189592976,3.677825456748207,0,0
C0518,2025-05,3.460758052084452,3.163805760561941,0,0
C0519,2025-05,3.339441187779628,3.897207625494912,0,0
C0520,2025-05,3.4140351687441206,2.471930480572258,0,0
C0521,2025-05,3.2400466318421985,2.946187285803483,0,0
C0522,2025-05,2.5364061765970054,2.9934134943090696,0,0
C0523,2025-05,3.699091272920151,2.9525924586287973,0,0
C0524,2025-05,4.056195272132444,2.9065136959336737,0,0
C0525,2025-05,2.63474859931261,2.7959122600930533,0,0
C0526,2025-05,3.072160766513304,2.5687712969777734,0,0
C0527,2025-05,4.269592454293606,3.3890583030775283,0,0
C0528,2025-05,3.635665367840538,3.5099357375386995,0,0
C0529,2025-05,3.160862024009532,3.5621153928737788,0,0
C0530,2025-05,3.199521246223923,3.024306230204061,0,0
C0531,2025-05,3.295237453448177,3.637606527235896,0,0
C0532,2025-05,3.7505290344641455,3.181310614133268,0,0
C0533,2025-05,4.156557180091297,3.988575288132424,0,0
C0534,2025-05,2.688085546820383,3.3947354944346864,0,0
C0535,2025-05,2.314794146593341,3.200620366443492,0,0
C0536,2025-05,2.815342167813935,3.828471668329836,0,0
C0537,2025-05,2.4073692386230867,2.974213532391542,0,0
C0538,2025-05,3.219499010991149,3.46022883995596,0,0
C0539,2025-05,3.1017614609202733,3.007413139481131,1,0
C0540,2025-05,3.478989025174938,3.845288164255933,0,0
C0541,2025-05,2.12587098960811,3.789646241811712,0,0
C0542,2025-05,3.833361752784804,2.443095858316673,0,0
C0543,2025-05,2.747337182307367,3.1785396350449115,0,0
C0544,2025-05,2.83564583709686,4.023233785589508,0,0
C0545,2025-05,2.994504684276553,2.7205295281894264,0,0
C0546,2025-05,3.668121240436319,3.383084747470402,0,0
C0547,2025-05,2.940106451863117,3.102076474307992,0,0
C0548,2025-05,3.441090949180293,3.126005060962969,0,0
C0549,2025-05,3.3142956575284703,4.113523035782534,0,0
C0550,2025-05,3.932316095206868,3.822223615282669,0,0
C0551,2025-05,2.4453674616123617,2.804478385655909,0,0
C0552,2025-05,3.253227107362833,3.307399001495025,0,0
C0553,2025-05,4.083444150668597,3.992778797632962,0,0
C0554,2025-05,3.086837427162425,3.107119181299677,0,0
C0555,2025-05,2.9476206072695983,3.4358607392229192,0,0
C0556,2025-05,3.2194256065643105,2.9934095310777358,0,0
C0557,2025-05,3.1017614609202733,3.8672761585539703,1,0
C0558,2025-05,3.919138686150801,3.521006906811788,0,0
C0559,2025-05,3.0308921242590112,2.7362768098184107,0,0
C0560,2025-05,2.7073030310059885,3.502649320729999,0,0
C0561,2025-05,2.688211605966253,2.9927845178613084,0,0
C0562,2025-05,2.7847419391849315,3.69715872010093,0,0
C0563,2025-05,2.845962516448251,3.797324269015341,0,0
C0564,2025-05,4.115077776949368,3.655569587559065,0,0
C0565,2025-05,3.1539644265326707,3.5027607452680125,0,0
C0566,2025-05,3.1017614609202733,2.952790299476294,1,0
C0567,2025-05,1.9086774268429736,2.501265664960415,0,0
C0568,2025-05,3.3405301354173687,3.6651191492233375,0,0
C0569,2025-05,2.709098883184732,2.1073173173052977,0,0
C0570,2025-05,3.610042749086301,2.942308292670129,0,0
C0571,2025-05,3.307315368040616,3.588889578613668,0,0
C0572,2025-05,3.237336847332838,3.040156189236062,0,0
C0573,2025-05,3.939965826285352,4.224214231830594,0,0
C0574,2025-05,3.0430166968984755,2.7357588373771757,0,0
C0575,2025-05,2.877857451552525,2.823982919564541,0,0
C0576,2025-05,3.159193042106149,2.9285334301478367,0,0
C0577,2025-05,3.609600196436672,2.816037815364773,0,0
C0578,2025-05,3.286152558645782,3.773880396685613,0,0
C0579,2025-05,3.692701238260786,2.8269633746424807,0,0
C0580,2025-05,2.764068910359747,3.4932805352521874,0,0
C0581,2025-05,2.531378928856766,3.299161158032152,0,1
C0582,2025-05,3.501741125563992,3.7239870226860097,0,0
C0583,2025-05,2.7192538998777787,3.4732651535903347,0,0
C0584,2025-05,3.101600339994814,2.9735337787041245,0,0
C0585,2025-05,3.206422630796802,3.2592573204335684,0,0
C0586,2025-05,3.52589374479286,3.6917765534224034,0,0
C0587,2025-05,3.509828953576566,3.945301123106804,0,0
C0588,2025-05,2.926958680731148,3.0333002196955814,0,0
C0589,2025-05,2.848288319410476,2.6622888849614497,0,0
C0590,2025-05,2.7941611374702533,3.628177460761346,0,0
C0591,2025-05,3.367932998358972,3.2166383074919294,0,0
C0592,2025-05,2.8582158583596646,3.157181226467657,0,0
C0593,2025-05,2.9452516856090902,3.0095941909942225,0,0
C0594,2025-05,3.603354175658045,2.959095851179593,0,0
C0595,2025-05,3.5209005167052503,2.405478915769038,0,0
C0596,2025-05,3.18428719952941,3.7227519090061456,0,0
C0597,2025-05,3.463410960986801,3.845355061199192,0,0
C0598,2025-05,2.225886238745212,3.262305154843633,0,0
C0599,2025-05,3.015921600888768,3.3427175564521048,0,0
C0600,2025-05,2.700807802780278,4.16431959188541,0,0
C0601,2025-05,2.5330413665924327,3.675018450810995,0,0
C0602,2025-05,3.3270301494501853,3.492233081429763,0,0
C0603,2025-05,3.248258231062452,3.2525902698244464,0,0
C0604,2025-05,2.8812781300514763,3.6331172574409214,0,0
C0605,2025-05,2.1380087899148785,3.345844426795912,0,0
C0606,2025-05,3.1017614609202733,4.05039114641536,1,0
C0607,2025-05,4.078226743063771,3.1590380327712637,0,0
C0608,2025-05,2.803872417074037,2.901014016725032,0,0
C0609,2025-05,3.1020100870276512,3.943509345406242,0,0
C0610,2025-05,2.901057393999112,4.012296600567588,0,0
C0611,2025-05,2.322922316705087,3.240576202762745,0,0
C0612,2025-05,3.759560295114309,3.5284956090331216,0,0
C0613,2025-05,3.3699200813221166,3.2660568347017205,0,0
C0614,2025-05,3.399545562605179,2.550547316776592,0,0
C0615,2025-05,3.003415099869281,3.7482543639492096,0,0
C0616,2025-05,3.362930012407579,3.4023341632578417,0,0
C0617,2025-05,3.2046315502939646,3.296679926813255,0,0
C0618,2025-05,3.1847801488260057,3.041374797304175,0,0
C0619,2025-05,3.1017614609202733,4.278171046828168,1,0
C0620,2025-05,2.481877587767668,2.865005754053984,0,0
C0621,2025-05,3.227572773790885,3.5160612777874998,0,0
C0622,2025-05,3.740101409005329,3.101713522858313,0,0
C0623,2025-05,2.800000646379678,2.9786146901439565,0,0
C0624,2025-05,3.490970932285546,3.084968040356197,0,0
C0625,2025-05,3.461939175884201,3.699909713582829,0,0
C0626,2025-05,3.361348155786424,3.0354874053219203,0,0
C0627,2025-05,2.178405895848956,3.557430824252052,0,0
C0628,2025-05,2.6123520514564684,2.806574104019236,0,0
C0629,2025-05,3.5108225142360623,3.999350264910368,0,0
C0630,2025-05,4.155459652088616,2.947977770583384,0,0
C0631,2025-05,3.2648792898732983,4.028758576428392,0,0
C0632,2025-05,3.721298810099885,2.67046294896555,0,0
C0633,2025-05,3.830600995825918,3.5902712703575954,0,0
C0634,2025-05,2.75700543078379,3.299161158032152,0,1
C0635,2025-05,3.4533543323288294,2.931591604665357,0,0
C0636,2025-05,3.000732020338134,3.7814210002370174,0,0
C0637,2025-05,4.034343336631229,3.803862048879685,0,0
C0638,2025-05,2.315439157486802,3.141640847412563,0,0
C0639,2025-05,2.6197070819657764,2.808968577069565,0,0
C0640,2025-05,4.544675278827579,3.733321102769497,0,0
C0641,2025-05,2.663295963849923,3.175847118061736,0,0
C0642,2025-05,2.778503380626628,2.650401112545256,0,0
C0643,2025-05,3.823890487484453,3.502782422851502,0,0
C0644,2025-05,2.573048109438097,3.299161158032152,0,1
C0645,2025-05,3.673475017864611,2.5163332903768545,0,0
C0646,2025-05,3.6299857665758086,3.008555093838365,0,0
C0647,2025-05,2.96083531564578,3.260004407445044,0,0
C0648,2025-05,2.963701882354419,4.242444371171652,0,0
C0649,2025-05,3.202665876480239,3.454783086909964,0,0
C0650,2025-05,2.691362726208247,3.4511534862926814,0,0
C0651,2025-05,3.2854354831720785,2.62635314476483,0,0
C0652,2025-05,3.364523847145513,3.6340250679580177,0,0
C0653,2025-05,2.514238563291639,3.356475697283601,0,0
C0654,2025-05,3.0041909121438186,3.4914248950609146,0,0
C0655,2025-05,2.8975393672646104,3.8113267550312937,0,0
C0656,2025-05,3.458942059634844,3.853863375044632,0,0
C0657,2025-05,3.531846647687874,3.627339874363502,0,0
C0658,2025-05,3.145818422768088,3.002147016568091,0,0
C0659,2025-05,2.7770872926419905,3.103122037438733,0,0
C0660,2025-05,4.0927944012314885,3.202901889510199,0,0
C0661,2025-05,3.6143736883820985,3.3974068150464967,0,0
C0662,2025-05,2.5810817410454043,3.755727806662887,0,0
C0663,2025-05,3.6716569711756297,3.1957991352468182,0,0
C0664,2025-05,3.1316854965358027,2.959871755014841,0,0
C0665,2025-05,2.960475479347167,2.942546622040943,0,0
C0666,2025-05,3.028468768156969,3.026063689033529,0,0
C0667,2025-05,2.7530552038113822,3.0090614693393816,0,0
C0668,2025-05,2.0385628677051613,3.3463540168651926,0,0
C0669,2025-05,2.675330751632419,3.2712599922257626,0,0
C0670,2025-05,2.1065730179752054,3.016444796455002,0,0
C0671,2025-05,3.03024017046722,3.307593484328015,0,0
C0672,2025-05,3.3890574120758976,2.9445095817191573,0,0
C0673,2025-05,2.3162112093609384,3.7616265764764,0,0
C0674,2025-05,3.243038401431952,2.7866992387366367,0,0
C0675,2025-05,3.89382474193544,3.1788871473361024,0,0
C0676,2025-05,3.2973877219949,4.375968227385581,0,0
C0677,2025-05,3.262229248167684,2.9210200088187053,0,0
C0678,2025-05,3.393696885927501,3.6003873914927533,0,0
C0679,2025-05,2.860040458710796,3.0284870876452548,0,0
C0680,2025-05,3.034644821069097,3.872563960351779,0,0
C0681,2025-05,3.3614177526321973,2.6683384253170077,0,0
C0682,2025-05,2.519042549832541,3.3300034034777544,0,0
C0683,2025-05,2.8447773850784333,3.311689259095242,0,0
C0684,2025-05,2.713715444607621,3.664884128727524,0,0
C0685,2025-05,3.113793760512567,3.054974587775093,0,0
C0686,2025-05,2.522039832696345,4.041527277066778,0,0
C0687,2025-05,3.1246468224936605,3.2207808039560173,0,0
C0688,2025-05,2.8205343032876184,3.868902921023679,0,0
C0689,2025-05,3.0754996105642944,3.684982284497101,0,0
C0690,2025-05,2.425686655663304,3.125202478463245,0,0
C0691,2025-05,2.474081581392676,2.883665573220376,0,0
C0692,2025-05,2.701762616971214,3.0379348669448456,0,0
C0693,2025-05,2.655359625141502,3.258427664491275,0,0
C0694,2025-05,3.2668542529616844,3.049021654489345,0,0
C0695,2025-05,3.9094403225520944,3.5711029374533148,0,0
C0696,2025-05,2.134284615694892,3.563291496333199,0,0
C0697,2025-05,3.300202951376229,3.194222949721932,0,0
C0698,2025-05,3.023854218658636,2.8318990736237986,0,0
C0699,2025-05,3.164116884790841,3.299161158032152,0,1
C0700,2025-05,3.484853452583837,3.306771688389275,0,0
C0701,2025-05,2.850216630603245,3.299161158032152,0,1
C0702,2025-05,2.9326102952131285,3.299161158032152,0,1
C0703,2025-05,2.8614423577428534,3.427356393123796,0,0
C0704,2025-05,3.1443967630542944,3.599627590443188,0,0
C0705,2025-05,3.681657751392337,3.6334357674110738,0,0
C0706,2025-05,3.178424032031234,3.3819479629735563,0,0
C0707,2025-05,2.8342257367091794,2.8725259564183023,0,0
C0708,2025-05,3.123155653758788,2.830500444511725,0,0
C0709,2025-05,3.222086546714224,3.12288475504433,0,0
C0710,2025-05,3.1021123385119247,3.94445052199734,0,0
C0711,2025-05,3.0720442268984187,3.299161158032152,0,1
C0712,2025-05,2.881813815552743,3.2034522509036902,0,0
C0713,2025-05,3.186034256022007,4.018883681642756,0,0
C0714,2025-05,3.415396756299889,3.655760570555155,0,0
C0715,2025-05,3.027134837549982,3.643771345446667,0,0
C0716,2025-05,2.497451012108991,3.054385203076659,0,0
C0717,2025-05,3.1818071759581152,3.613650310408549,0,0
C0718,2025-05,3.6299290730536526,3.507966166247844,0,0
C0719,2025-05,3.143791052675507,3.6025143406664606,0,0
C0720,2025-05,2.876411530668212,3.075692902737168,0,0
C0721,2025-05,2.8004166109131368,2.5597555335419777,0,0
C0722,2025-05,2.812109773275707,3.0966351445866813,0,0
C0723,2025-05,4.1373058620164125,3.4122220178246945,0,0
C0724,2025-05,2.8891422612983253,3.271689750389733,0,0
C0725,2025-05,3.287754308828822,3.85729102380815,0,0
C0726,2025-05,3.418924053246134,3.8855329811964383,0,0
C0727,2025-05,3.1017614609202733,2.355595891624981,1,0
C0728,2025-05,3.1882104445592554,2.8534694571861485,0,0
C0729,2025-05,2.114500080893384,3.5753251339997383,0,0
C0730,2025-05,2.7537563272011045,3.0298726824225657,0,0
C0731,2025-05,3.156507352941878,3.8427357122760393,0,0
C0732,2025-05,3.671539484955316,2.988095874605997,0,0
C0733,2025-05,4.264425663614351,3.552811452988672,0,0
C0734,2025-05,2.606082407918023,2.6204689525294387,0,0
C0735,2025-05,2.3798662072278223,3.451450620223469,0,0
C0736,2025-05,2.604241260950844,2.3814262832047755,0,0
C0737,2025-05,3.3434129185338675,3.3195597326102044,0,0
C0738,2025-05,2.445906138763726,3.100025801526644,0,0
C0739,2025-05,3.693692275867595,3.639612526232104,0,0
C0740,2025-05,2.988937696259566,3.763270080216812,0,0
C0741,2025-05,3.339353071112041,3.299161158032152,0,1
C0742,2025-05,2.855968370018876,3.4956236098229363,0,0
C0743,2025-05,3.381192860316788,2.872576723129601,0,0
C0744,2025-05,3.3993041596482407,3.8324223195413514,0,0
C0745,2025-05,2.795440606933701,3.65967238203835,0,0
C0746,2025-05,3.0163931437247355,3.19880660282632,0,0
C0747,2025-05,3.3139716633016825,3.572400022828393,0,0
C0748,2025-05,3.412635008125996,3.112175643706094,0,0
C0749,2025-05,3.776668353134216,3.299161158032152,0,1
C0750,2025-05,3.003218477247404,3.724533886116443,0,0
C0751,2025-05,2.314369081341709,3.3088855777939106,0,0
C0752,2025-05,2.72930410903268,3.0054014992577325,0,0
C0753,2025-05,3.750444061653392,3.299161158032152,0,1
C0754,2025-05,3.2866431897594963,2.6649157389433387,0,0
C0755,2025-05,2.8857038340949237,3.3011521540335944,0,0
C0756,2025-05,3.5155594453637398,3.0797101441442827,0,0
C0757,2025-05,2.5884922671942605,2.576106357858124,0,0
C0758,2025-05,2.872815924565202,3.299161158032152,0,1
C0759,2025-05,3.146574739007672,3.869223326684241,0,0
C0760,2025-05,2.0714545258786004,3.299161158032152,0,1
C0761,2025-05,2.835950067812852,3.385748516910345,0,0
C0762,2025-05,3.103825558812723,3.5698676818260826,0,0
C0763,2025-05,2.804091876704146,3.194931222716268,0,0
C0764,2025-05,2.2682283303436845,3.299161158032152,0,1
C0765,2025-05,2.814005560094432,3.276582080797564,0,0
C0766,2025-05,2.9262119052634943,2.8400316413330784,0,0
C0767,2025-05,2.989746786548589,3.392913977047834,0,0
C0768,2025-05,2.5526804839492123,3.913642893620368,0,0
C0769,2025-05,3.4201833511470703,3.2164605921885934,0,0
C0770,2025-05,2.325834798497848,3.35064715470933,0,0
C0771,2025-05,3.507705656766555,3.607030926704305,0,0
C0772,2025-05,2.386074011961553,4.084418885005727,0,0
C0773,2025-05,1.9140900273435844,3.535942752318129,0,0
C0774,2025-05,2.873119238933583,3.098336580760884,0,0
C0775,2025-05,3.022705433993693,2.111917127891968,0,0
C0776,2025-05,2.632644503002412,3.299161158032152,0,1
C0777,2025-05,3.292565298496193,3.0370366555769923,0,0
C0778,2025-05,3.1694042778319123,2.131255633671332,0,0
C0779,2025-05,2.233262615392833,2.929300105552766,0,0
C0780,2025-05,2.7022861843635915,3.6400069152663113,0,0
C0781,2025-05,3.1972431122481098,3.4492174291485536,0,0
C0782,2025-05,3.327180585112695,3.190555553017595,0,0
C0783,2025-05,2.807971998932943,3.2378420393877048,0,0
C0784,2025-05,2.9131099393544213,3.081245704248976,0,0
C0785,2025-05,3.493907293939312,3.7186418528310994,0,0
C0786,2025-05,2.729983861878459,3.520043630255952,0,0
C0787,2025-05,3.344511798758933,3.349368917554572,0,0
C0788,2025-05,3.4715724606119904,2.9156068047172017,0,0
C0789,2025-05,3.2129002912528146,3.5938187038068725,0,0
C0790,2025-05,3.1017614609202733,2.3995966823510555,1,0
C0791,2025-05,3.857064300890212,3.640884986694956,0,0
C0792,2025-05,2.8944425755687853,3.2115510473237574,0,0
C0793,2025-05,3.68546178138129,3.591573151775043,0,0
C0794,2025-05,3.935522864385475,3.459122659865949,0,0
C0795,2025-05,2.675140667670555,2.577115964862072,0,0
C0796,2025-05,3.4648056624392574,2.866942828685747,0,0
C0797,2025-05,2.667641946644102,3.4967283057472938,0,0
C0798,2025-05,3.5787719690184616,3.100527215732771,0,0
C0799,2025-05,2.940279043323464,2.812222412859292,0,0
C0800,2025-05,2.4973331272627406,3.340296858912676,0,0
H0001,2025-06,2.9663742104506783,2.777389481003654,0,0
H0002,2025-06,2.6990730256054305,3.320258621431109,0,0
H0003,2025-06,3.3772878313196046,3.6566110762665542,0,0
H0004,2025-06,2.9385445438044298,2.711425568682871,0,0
H0005,2025-06,3.1615141099380657,3.4808865694296185,0,0
H0006,2025-06,3.4540608618010147,3.38013865275404,0,0
H0007,2025-06,2.9791033557097104,3.9866928389267295,0,0
H0008,2025-06,2.5593591020551054,3.4628838552619445,0,0
H0009,2025-06,3.5538756492853687,3.355573889095647,0,0
H0010,2025-06,3.258237641928716,4.410967740380292,0,0
H0011,2025-06,3.515950738589602,3.366814530464512,0,0
H0012,2025-06,2.61301319707252,3.3536981940135293,0,0
H0013,2025-06,3.4574246182106565,4.198652639889388,0,0
H0014,2025-06,3.786008824520613,2.6577759349201493,0,0
H0015,2025-06,2.8481205885446643,3.5565713079976358,0,0
H0016,2025-06,2.565231273165665,3.317469393030591,0,0
H0017,2025-06,3.067272094107527,3.299161158032152,0,1
H0018,2025-06,2.851719524984333,3.0791358179793766,0,0
H0019,2025-06,3.5407239257973373,3.1831763154715715,0,0
H0020,2025-06,2.613780915873888,2.357189308716473,0,0
H0021,2025-06,3.007665890798153,3.4680294775574305,0,0
H0022,2025-06,3.1017614609202733,2.4899867836234955,1,0
H0023,2025-06,3.255509508340707,4.151761369397869,0,0
H0024,2025-06,2.5084129734739147,3.5837876818414607,0,0
H0025,2025-06,3.080606133882059,2.1685481921297547,0,0
H0026,2025-06,3.4763920437979503,2.4567823338469257,0,0
H0027,2025-06,2.93526847456854,2.677520874241309,0,0
H0028,2025-06,3.196506617654356,3.6028819714785056,0,0
H0029,2025-06,2.8597810283526752,3.293487136053485,0,0
H0030,2025-06,3.2420182567364084,3.299161158032152,0,1
H0031,2025-06,2.755716607196327,3.669060560126385,0,0
H0032,2025-06,2.951401499079616,2.8384865963145725,0,0
H0033,2025-06,3.1017614609202733,3.509310982849797,1,0
H0034,2025-06,2.721219323690407,2.81872405631291,0,0
H0035,2025-06,3.749924923838578,3.5578223137019984,0,0
H0036,2025-06,3.62756585231225,3.368427270699765,0,0
H0037,2025-06,3.7977632303105855,3.3678563068583194,0,0
H0038,2025-06,2.5516477144791216,2.519609382279032,0,0
H0039,2025-06,3.685309924133247,4.113768335472033,0,0
H0040,2025-06,3.308862808770604,3.5749788072283923,0,0
H0041,2025-06,1.9736029709793976,2.5458305081021697,0,0
H0042,2025-06,2.6444099726185444,3.790685305939714,0,0
H0043,2025-06,2.7183098198483253,2.92157444890542,0,0
H0044,2025-06,3.072216751088848,3.068310012080925,0,0
H0045,2025-06,3.25600502683723,3.967975794421179,0,0
H0046,2025-06,2.7318317425466625,3.617627056139656,0,0
H0047,2025-06,2.9386430046563152,2.891600144198728,0,0
H0048,2025-06,3.152945820234404,3.027912704513366,0,0
H0049,2025-06,2.188815464336312,3.1348849840761384,0,0
H0050,2025-06,3.4801247168735823,2.8651911813412485,0,0
H0051,2025-06,2.710529012101452,3.088052874843351,0,0
H0052,2025-06,3.142877965731192,3.786647569451286,0,0
H0053,2025-06,3.742011931739479,2.4501773778724782,0,0
H0054,2025-06,2.86134775624622,2.544070491668041,0,0
H0055,2025-06,3.1940874318713104,2.8079115132110086,0,0
H0056,2025-06,2.71364534421552,3.661392565368333,0,0
H0057,2025-06,2.823281301811448,3.5408820238207297,0,0
H0058,2025-06,2.0788087197046403,2.627848176767684,0,0
H0059,2025-06,3.3714853167693675,3.150066241003606,0,0
H0060,2025-06,3.5262700881109184,3.8261307707391055,0,0
H0061,2025-06,2.9453337275017435,3.609869051261801,0,0
H0062,2025-06,3.10165028100813,3.586532936068989,0,0
H0063,2025-06,3.5888294466974973,2.4309449974404016,0,0
H0064,2025-06,2.889536962434563,3.753188861175047,0,0
H0065,2025-06,3.1017614609202733,2.654854304168984,1,0
H0066,2025-06,2.806132691490927,2.875196788072921,0,0
H0067,2025-06,3.900278629693671,3.0770172719509428,0,0
H0068,2025-06,3.4246158533580022,4.20315140179648,0,0
H0069,2025-06,2.696367637195308,3.6076633378395377,0,0
H0070,2025-06,3.1606996743521085,3.403693754774133,0,0
H0071,2025-06,3.8553292673648554,3.079931534127369,0,0
H0072,2025-06,3.3121730606630613,3.0898876396669066,0,0
H0073,2025-06,2.897061920225793,3.2180998392465874,0,0
H0074,2025-06,3.5179885021779027,3.8587011201394734,0,0
H0075,2025-06,4.0546024041642,3.0535633545170446,0,0
H0076,2025-06,2.8479161179559656,3.352942790256122,0,0
H0077,2025-06,2.847344262914454,3.0183724296918664,0,0
H0078,2025-06,1.9946794405006083,2.547838564439943,0,0
H0079,2025-06,3.712748364202783,3.780086937067357,0,0
H0080,2025-06,2.2132325799792283,2.454411440623172,0,0
H0081,2025-06,2.911294039996565,3.66740887774144,0,0
H0082,2025-06,2.6436538377277965,2.9287171926511686,0,0
H0083,2025-06,3.734176021470194,3.444529659312892,0,0
H0084,2025-06,3.881648017637219,3.299161158032152,0,1
H0085,2025-06,2.952266219505564,3.039148936369515,0,0
H0086,2025-06,3.359525124880208,3.397308252799351,0,0
H0087,2025-06,3.2107578856130163,3.5664936436999786,0,0
H0088,2025-06,2.661612014026708,2.4788417005271453,0,0
H0089,2025-06,3.0692808510598955,3.7006751213555726,0,0
H0090,2025-06,2.9449251251867112,3.5421969939807894,0,0
H0091,2025-06,2.9220037329271045,3.135985982490092,0,0
H0092,2025-06,2.499135970372101,3.324009488916036,0,0
H0093,2025-06,3.046230219827189,3.1486323027388585,0,0
H0094,2025-06,3.072514238439251,2.907663511951593,0,0
H0095,2025-06,3.999366027612973,3.275526060535088,0,0
H0096,2025-06,3.8153492852339688,3.299161158032152,0,1
H0097,2025-06,2.6115283444946806,2.796634360020843,0,0
H0098,2025-06,3.5092033451338294,3.181454319863251,0,0
H0099,2025-06,2.875435538288574,3.307015376571301,0,0
H0100,2025-06,1.8994414540843976,4.052627263725545,0,0
H0101,2025-06,2.782669895910484,3.299161158032152,0,1
H0102,2025-06,2.6125578353103887,3.299161158032152,0,1
H0103,2025-06,2.78327883526154,3.928086267091552,0,0
H0104,2025-06,3.0017668810924185,3.536432101491435,0,0
H0105,2025-06,2.432544143185561,3.053228131117964,0,0
H0106,2025-06,2.81509418546411,2.7616560370939163,0,0
H0107,2025-06,3.028648427641578,2.165534567918563,0,0
H0108,2025-06,2.84617008959922,2.797207819137117,0,0
H0109,2025-06,2.887196132680899,2.6961945382118646,0,0
H0110,2025-06,3.3016767067426547,3.4500862471234788,0,0
H0111,2025-06,3.699604170336218,2.651153466251156,0,0
H0112,2025-06,2.951743304827281,3.3258142043076093,0,0
H0113,2025-06,3.1077950162044505,3.581350538865263,0,0
H0114,2025-06,3.338076452508316,2.9626035249895315,0,0
H0115,2025-06,3.1277385173761325,3.299161158032152,0,1
H0116,2025-06,3.791641194699872,3.35780305273617,0,0
H0117,2025-06,2.856252934035612,3.504980209510216,0,0
H0118,2025-06,2.374553396544383,3.6966815790645855,0,0
H0119,2025-06,3.3473623673363027,2.167778750979904,0,0
H0120,2025-06,2.455580781453399,2.679473132738189,0,0
H0121,2025-06,3.4886362266087936,2.324033484823696,0,0
H0122,2025-06,3.1742524977627595,3.874257512921575,0,0
H0123,2025-06,4.20030021250239,3.5802565321176827,0,0
H0124,2025-06,2.8354705627832457,3.547859510088456,0,0
H0125,2025-06,2.767883838594895,3.34007975885601,0,0
H0126,2025-06,2.9041722397931125,3.299161158032152,0,1
H0127,2025-06,3.5476577520528942,3.066650228930593,0,0
H0128,2025-06,3.1017614609202733,2.8713459921603994,1,0
H0129,2025-06,2.630978541080997,3.626822075680646,0,0
H0130,2025-06,3.508687903041742,3.069504295076111,0,0
H0131,2025-06,3.670108622787439,3.551204181369981,0,0
H0132,2025-06,3.087594604879054,3.089889996492942,0,0
H0133,2025-06,3.1017614609202733,3.501533010449258,1,0
H0134,2025-06,3.486191673707263,2.849964620711782,0,0
H0135,2025-06,2.7899995836027656,2.737036488238998,0,0
H0136,2025-06,3.0447550180838028,3.453478698087563,0,0
H0137,2025-06,3.4334561813296114,2.5876949842798807,0,0
H0138,2025-06,3.538380119924849,3.415164954356467,0,0
H0139,2025-06,2.7051392862920918,3.188845123575624,0,0
H0140,2025-06,3.7730891477584594,3.299161158032152,0,1
H0141,2025-06,2.8367287666898733,4.202600143104084,0,0
H0142,2025-06,3.095965967819629,3.5494132616082323,0,0
H0143,2025-06,3.103845588530028,3.1213765743368427,0,0
H0144,2025-06,3.010286041316382,2.62723982978426,0,0
H0145,2025-06,3.5721155008651784,2.9059289034096016,0,0
H0146,2025-06,2.471603545663059,3.273931046326328,0,0
H0147,2025-06,3.1610937583197063,3.970112220699913,0,0
H0148,2025-06,2.438511601001901,3.0707096435147445,0,0
H0149,2025-06,2.557308629863176,3.2675603458920977,0,0
H0150,2025-06,2.230477856139704,3.7377292520362175,0,0
H0151,2025-06,3.019514132178963,3.9079225822128993,0,0
H0152,2025-06,1.7595170042813344,3.53762978203128,0,0
H0153,2025-06,3.1236946024529755,4.039554503314276,0,0
H0154,2025-06,3.4918388434996883,3.5984341223787464,0,0
H0155,2025-06,4.220830266322515,3.817853032528691,0,0
H0156,2025-06,4.104479006949103,2.7688580742769697,0,0
H0157,2025-06,3.741290446165233,3.626117195260576,0,0
H0158,2025-06,2.103846246634344,2.938708311498313,0,0
H0159,2025-06,3.1388421525975096,3.2062828318147685,0,0
H0160,2025-06,3.2193108843823426,3.800239201002255,0,0
H0161,2025-06,2.2706377500829533,4.172169798246444,0,0
H0162,2025-06,2.527735054055952,3.06123374893326,0,0
H0163,2025-06,4.2676852401608265,2.984746354460544,0,0
H0164,2025-06,2.196545831038803,2.9939374623533928,0,0
H0165,2025-06,3.1226609281177224,3.2321042362996955,0,0
H0166,2025-06,4.176662509370043,3.4179800266018616,0,0
H0167,2025-06,2.614084384087888,2.783105484366732,0,0
H0168,2025-06,3.721868843031257,2.680833265944685,0,0
H0169,2025-06,3.256824120664867,3.133642555436676,0,0
H0170,2025-06,2.181808424040215,3.34445411578839,0,0
H0171,2025-06,3.1017614609202733,3.2366829230065246,1,0
H0172,2025-06,2.5144187621552385,3.1246852273633934,0,0
H0173,2025-06,3.424454407351568,3.3192415496724097,0,0
H0174,2025-06,3.194825581139654,3.934204766014486,0,0
H0175,2025-06,3.757595697025448,3.5268026109769246,0,0
H0176,2025-06,3.082757683261799,3.235781217913209,0,0
H0177,2025-06,3.6188451139131166,3.610864809695915,0,0
H0178,2025-06,3.1017614609202733,2.993628884001984,1,0
H0179,2025-06,3.4022417976402863,2.8271327089740623,0,0
H0180,2025-06,3.023661534313923,3.299161158032152,0,1
H0181,2025-06,2.828089183341786,3.597936669453965,0,0
H0182,2025-06,3.301315575402075,3.6765951520215503,0,0
H0183,2025-06,2.979486416872164,4.486161684990806,0,0
H0184,2025-06,3.443709979564217,3.829528990963471,0,0
H0185,2025-06,3.275710584551925,2.6893342110928504,0,0
H0186,2025-06,2.9503608616820727,3.86207806524713,0,0
H0187,2025-06,2.597081615820924,3.4167174461008614,0,0
H0188,2025-06,2.589587142605923,2.483678186022189,0,0
H0189,2025-06,2.637373657387421,2.5379995637806365,0,0
H0190,2025-06,3.0431778600000765,3.199117947845481,0,0
H0191,2025-06,2.7826802148805605,3.299161158032152,0,1
H0192,2025-06,2.4234743990765373,3.620668960253349,0,0
H0193,2025-06,3.3623620991227274,3.5162093181482885,0,0
H0194,2025-06,3.1017614609202733,3.063199791701458,1,0
H0195,2025-06,3.74374700201333,3.940161120170165,0,0
H0196,2025-06,4.058617728888017,3.749736818143972,0,0
H0197,2025-06,3.908685892387968,3.137330352038842,0,0
H0198,2025-06,3.1017614609202733,3.5075575294861694,1,0
H0199,2025-06,2.5712186620738127,4.121663472665425,0,0
H0200,2025-06,3.1875942416671377,3.975744964823945,0,0
H0201,2025-06,2.9380242710204496,2.792449380070966,0,0
H0202,2025-06,3.284067955476951,3.474587932363612,0,0
H0203,2025-06,3.251492961562896,2.991491109673504,0,0
H0204,2025-06,3.070828768725234,3.0036894370011624,0,0
H0205,2025-06,3.1330440509746675,3.073167717025367,0,0
H0206,2025-06,3.6721081514801663,3.299161158032152,0,1
H0207,2025-06,3.007102583664554,3.141911272249902,0,0
H0208,2025-06,2.5435296639733176,2.558429579248892,0,0
H0209,2025-06,3.054295035027587,2.9405353902136344,0,0
H0210,2025-06,3.2357445531036206,3.146384660019829,0,0
H0211,2025-06,3.0017727200300914,3.623925267505025,0,0
H0212,2025-06,2.9724044706550368,2.771818745639086,0,0
H0213,2025-06,3.342271367430539,4.192211578763424,0,0
H0214,2025-06,2.7096667207169944,3.18107643072266,0,0
H0215,2025-06,3.1961369498203944,3.2899618993071837,0,0
H0216,2025-06,4.383775171111216,3.381457389996657,0,0
H0217,2025-06,3.594641222740764,3.299161158032152,0,1
H0218,2025-06,4.357818281025166,3.450366263925762,0,0
H0219,2025-06,3.696610820659113,3.2374270930657483,0,0
H0220,2025-06,3.591302794516682,3.3880575865566964,0,0
H0221,2025-06,3.1017614609202733,2.868218455167709,1,0
H0222,2025-06,2.8805556937335832,3.025892635449336,0,0
H0223,2025-06,2.795061964010816,2.721360339799132,0,0
H0224,2025-06,3.1925032965182467,3.463357267091736,0,0
H0225,2025-06,2.9686447694677933,3.616400344668896,0,0
H0226,2025-06,2.749889791501101,3.694764759309229,0,0
H0227,2025-06,2.459702290826125,3.9091528506532582,0,0
H0228,2025-06,3.0846243121558743,2.71911170199603,0,0
H0229,2025-06,3.240166706664496,2.7105526031618945,0,0
H0230,2025-06,3.5649345990641312,3.206094721871835,0,0
H0231,2025-06,2.8800213727833857,3.755594352410815,0,0
H0232,2025-06,2.824515252443674,4.011768728904981,0,0
H0233,2025-06,3.013035334064791,3.1000080957063907,0,0
H0234,2025-06,3.2765556062991936,2.622938915488533,0,0
H0235,2025-06,3.776749242538594,2.8118923958249065,0,0
H0236,2025-06,3.2755296009851893,3.192773763457185,0,0
H0237,2025-06,2.5364109413136333,3.0405932864404126,0,0
H0238,2025-06,2.3735131818909907,3.299161158032152,0,1
H0239,2025-06,3.4511193444429678,3.399150449309215,0,0
H0240,2025-06,3.5153105703685186,3.1295660146594484,0,0
H0241,2025-06,3.4059603027364065,3.1575879288903854,0,0
H0242,2025-06,2.9207972172996493,3.1160462516826297,0,0
H0243,2025-06,3.676850027671438,3.3854626726789125,0,0
H0244,2025-06,2.941662038751952,3.330705811085726,0,0
H0245,2025-06,2.48595684293653,3.650913455959601,0,0
H0246,2025-06,3.127032665314868,3.183650533768604,0,0
H0247,2025-06,3.1280429868160686,3.3735553342567077,0,0
H0248,2025-06,2.3325838568786943,2.4016136498728016,0,0
H0249,2025-06,3.163079215976219,2.997089679035911,0,0
H0250,2025-06,2.610449882842405,4.711017519798544,0,0
H0251,2025-06,3.037721708195648,3.390798480036102,0,0
H0252,2025-06,4.184889093957679,3.4217109652663966,0,0
H0253,2025-06,2.3686998532440606,3.091562678702153,0,0
H0254,2025-06,2.6766788778928747,3.633832723517466,0,0
H0255,2025-06,2.691231707278,3.690316707678417,0,0
H0256,2025-06,3.604480764846796,4.036243553178798,0,0
H0257,2025-06,3.545835369267439,3.616156422643488,0,0
H0258,2025-06,2.539835763694676,3.604661866478854,0,0
H0259,2025-06,3.113318370176364,3.2474114745265807,0,0
H0260,2025-06,2.935636605104194,3.187174905018982,0,0
H0261,2025-06,4.067801099528846,3.01725134818128,0,0
H0262,2025-06,3.3011568696327647,2.673670351108344,0,0
H0263,2025-06,2.6937580118378843,3.1847227648735967,0,0
H0264,2025-06,3.139934010433543,3.0534337114170627,0,0
H0265,2025-06,3.5461088587965404,3.521601590543995,0,0
H0266,2025-06,3.779716985212642,3.492348006676971,0,0
H0267,2025-06,3.239980731372837,3.465676499014074,0,0
H0268,2025-06,3.1017614609202733,3.085498316671415,1,0
H0269,2025-06,2.987255553516704,3.299161158032152,0,1
H0270,2025-06,3.276488762691383,3.975341510911927,0,0
H0271,2025-06,4.255234654972036,4.497081134312298,0,0
H0272,2025-06,3.217524149647679,3.6622606824602,0,0
H0273,2025-06,2.681252808646588,3.37995820167582,0,0
H0274,2025-06,3.0380719028724554,2.978722409332945,0,0
H0275,2025-06,3.0102039615364844,3.242095951376465,0,0
H0276,2025-06,2.653710533178314,3.47616330390644,0,0
H0277,2025-06,3.195571371327607,2.9623687883589183,0,0
H0278,2025-06,3.26856156627188,2.6346740895410523,0,0
H0279,2025-06,3.373351151558777,3.5265070267136367,0,0
H0280,2025-06,2.347338666080104,3.3179256997134243,0,0
H0281,2025-06,3.3350696966076896,3.8060093776361743,0,0
H0282,2025-06,3.586020551503029,2.689939951225003,0,0
H0283,2025-06,3.975202755655221,3.4694601675460555,0,0
H0284,2025-06,3.129683984575081,3.348817766516567,0,0
H0285,2025-06,2.233513018353344,3.0076291018040147,0,0
H0286,2025-06,3.050371059159628,2.995135544414304,0,0
H0287,2025-06,3.803257845605871,3.3737190357349216,0,0
H0288,2025-06,2.836212327295003,3.42126557177526,0,0
H0289,2025-06,3.4321126967618816,2.541469410897145,0,0
H0290,2025-06,2.949906719607494,3.805414096612048,0,0
H0291,2025-06,2.952209792957324,2.8902744059118866,0,0
H0292,2025-06,3.6516495352144327,3.3461314690819206,0,0
H0293,2025-06,3.0089324358963974,3.069991452526897,0,0
H0294,2025-06,3.6031686091436903,3.8262332940408106,0,0
H0295,2025-06,2.145050751473516,3.978195691511474,0,0
H0296,2025-06,2.499989514267643,3.885513546205745,0,0
H0297,2025-06,3.5106888053387704,3.0907299826292167,0,0
H0298,2025-06,3.1017614609202733,3.299161158032152,1,1
H0299,2025-06,2.2281595143202138,2.7718947787636696,0,0
H0300,2025-06,3.262729500366268,2.468656709960074,0,0
H0301,2025-06,2.8592608579172234,3.2107795469990803,0,0
H0302,2025-06,3.045275766372566,3.897364663157728,0,0
H0303,2025-06,3.0627226977133035,3.766490247223038,0,0
H0304,2025-06,3.254662683208566,3.882019406169509,0,0
H0305,2025-06,2.607213214013917,3.1460122297105366,0,0
H0306,2025-06,2.4567315050835257,2.9749162894721093,0,0
H0307,2025-06,3.238791093463467,2.728393736547443,0,0
H0308,2025-06,2.1164750501536878,3.299161158032152,0,1
H0309,2025-06,3.399512026786212,3.191577666874904,0,0
H0310,2025-06,2.2664824041040275,3.373111979426603,0,0
H0311,2025-06,2.5590662558394106,3.030290748549379,0,0
H0312,2025-06,3.034312809449033,4.165363977459153,0,0
H0313,2025-06,3.1017614609202733,3.26470212559481,1,0
H0314,2025-06,3.092121854399833,3.5832088077728645,0,0
H0315,2025-06,2.99955084598332,3.0993928990135884,0,0
H0316,2025-06,3.0453311578441093,3.428027689367573,0,0
H0317,2025-06,2.88354420680157,2.8392172227872057,0,0
H0318,2025-06,3.579145600671898,3.237643934665639,0,0
H0319,2025-06,3.433837491320421,3.3566043550894165,0,0
H0320,2025-06,2.590204419989576,3.3937187590568527,0,0
H0321,2025-06,3.0846318324186632,2.1276321304225148,0,0
H0322,2025-06,3.250211076659186,3.970865014756432,0,0
H0323,2025-06,3.1676233055487453,3.66623689650242,0,0
H0324,2025-06,3.642904120950076,3.7844929997706807,0,0
H0325,2025-06,4.153841784633154,3.299161158032152,0,1
H0326,2025-06,3.612093537446496,2.694740101541157,0,0
H0327,2025-06,3.768158048112753,2.835052352626305,0,0
H0328,2025-06,2.4409653049749807,2.772882539310664,0,0
H0329,2025-06,2.5800319440851265,3.528444979025671,0,0
H0330,2025-06,3.939716353491874,2.8681697914307787,0,0
H0331,2025-06,2.9791968895821355,3.299161158032152,0,1
H0332,2025-06,3.6002466589412605,3.1983601773918333,0,0
H0333,2025-06,2.673761304827841,3.053400342237028,0,0
H0334,2025-06,3.404601895381646,3.445601702441037,0,0
H0335,2025-06,3.2608750434065223,4.359442288603819,0,0
H0336,2025-06,2.3638468633225305,2.8178152911259837,0,0
H0337,2025-06,3.135130302388361,3.4536403113553567,0,0
H0338,2025-06,2.242971723847181,2.975812137127183,0,0
H0339,2025-06,3.779422182656875,3.783247555566863,0,0
H0340,2025-06,3.5830990716142788,3.503983791502318,0,0
H0341,2025-06,3.209833003171266,3.2871040012944333,0,0
H0342,2025-06,2.894811145210316,3.170037643335508,0,0
H0343,2025-06,3.0248385921101826,3.688099239684212,0,0
H0344,2025-06,2.882131166243421,3.3533733148325804,0,0
H0345,2025-06,2.016898942543202,3.6331554564542903,0,0
H0346,2025-06,3.054507534730168,3.8643434308639257,0,0
H0347,2025-06,2.4937608855726063,3.670123046094285,0,0
H0348,2025-06,3.188757364450036,3.116097391076019,0,0
H0349,2025-06,3.3816444611416987,2.9690027612998886,0,0
H0350,2025-06,4.074652174494357,3.352474344541404,0,0
H0351,2025-06,2.635623584551395,3.2831414836806427,0,0
H0352,2025-06,3.518883051539807,3.3685327228548365,0,0
H0353,2025-06,3.3477076514693933,2.495806996484968,0,0
H0354,2025-06,3.413546271409329,3.2454442283606304,0,0
H0355,2025-06,2.733409553043237,3.3540159770902487,0,0
H0356,2025-06,3.547411662368698,2.872900056996662,0,0
H0357,2025-06,3.5986299633964585,3.0792414672026904,0,0
H0358,2025-06,3.443277717773275,2.643924447334762,0,0
H0359,2025-06,2.6570948945427246,3.5863622522424032,0,0
H0360,2025-06,2.791385299583879,2.8955873788349766,0,0
H0361,2025-06,3.1017614609202733,3.4781434640688222,1,0
H0362,2025-06,3.5871533840077143,3.9081306557173647,0,0
H0363,2025-06,3.5689756707973244,3.816310837059533,0,0
H0364,2025-06,3.689009750513939,3.058948569416672,0,0
H0365,2025-06,2.578266842681028,2.7315322220459723,0,0
H0366,2025-06,2.12833508565857,2.272086659350091,0,0
H0367,2025-06,2.8323202780123062,3.022242000595821,0,0
H0368,2025-06,3.085167090373102,3.4660138933103126,0,0
H0369,2025-06,4.116418300629651,2.9307226520562395,0,0
H0370,2025-06,2.893757547098807,3.299161158032152,0,1
H0371,2025-06,2.688499131721285,3.634031799497441,0,0
H0372,2025-06,3.9375838898906346,3.4585338407404453,0,0
H0373,2025-06,3.1174516886555663,3.3232249970598597,0,0
H0374,2025-06,3.968052970499217,3.091027290420341,0,0
H0375,2025-06,3.138699793982824,3.299161158032152,0,1
H0376,2025-06,3.418326184313777,2.8352525519450453,0,0
H0377,2025-06,3.010428563490819,3.7634866264786977,0,0
H0378,2025-06,3.312928302574327,2.7740499115306774,0,0
H0379,2025-06,3.15056153870501,3.6740836222968554,0,0
H0380,2025-06,2.2375187769092038,3.731735425595428,0,0
H0381,2025-06,3.589446266582337,3.6213750579730073,0,0
H0382,2025-06,3.195299160067805,3.0052833342809278,0,0
H0383,2025-06,3.227857081662047,4.146394184844645,0,0
H0384,2025-06,3.225331141590819,2.9918850605235257,0,0
H0385,2025-06,2.2400301012359067,3.0711997486446507,0,0
H0386,2025-06,3.091620594723002,2.6382193039618973,0,0
H0387,2025-06,3.057521005211071,3.136809921964528,0,0
H0388,2025-06,3.264345206266688,3.7604286808982224,0,0
H0389,2025-06,3.538751908881362,3.697849860121903,0,0
H0390,2025-06,3.2076506103738103,3.3536128391105,0,0
H0391,2025-06,3.1113062949628496,3.702467641457389,0,0
H0392,2025-06,2.646004692699483,3.0810835642688463,0,0
H0393,2025-06,3.7893516762434376,3.4005233349084123,0,0
H0394,2025-06,3.0823761518969404,3.634213686139216,0,0
H0395,2025-06,2.964067507587357,3.641094916689082,0,0
H0396,2025-06,3.7794238836152094,3.8557507417746,0,0
H0397,2025-06,2.945505924020326,2.499283301616161,0,0
H0398,2025-06,3.651608133262493,3.748967687527999,0,0
H0399,2025-06,3.1017614609202733,3.2465026744414973,1,0
H0400,2025-06,3.01374651757764,3.2300039045715065,0,0
H0401,2025-06,2.4281248944086,3.3432725374219445,0,0
H0402,2025-06,2.629978623459758,3.3657524733040867,0,0
H0403,2025-06,3.4149487982241933,3.5198154557547303,0,0
H0404,2025-06,2.9313484723737253,3.292463375883398,0,0
H0405,2025-06,2.876507903842391,3.538202892818825,0,0
H0406,2025-06,2.98802666213932,3.5799227564296805,0,0
H0407,2025-06,3.048191042137011,3.512093551578706,0,0
H0408,2025-06,3.1017614609202733,3.446376862453396,1,0
H0409,2025-06,3.264145557703648,2.882000348594405,0,0
H0410,2025-06,3.300764686069373,2.7721681192080148,0,0
H0411,2025-06,3.4995545675818187,4.066549717300683,0,0
H0412,2025-06,3.345243177437788,2.9211863555331123,0,0
H0413,2025-06,3.3490601906464463,3.347633823702723,0,0
H0414,2025-06,3.58386310372556,3.4649210752828408,0,0
H0415,2025-06,3.075118492177808,3.0371273198433064,0,0
H0416,2025-06,2.580482308407787,3.065656451964108,0,0
H0417,2025-06,3.42829749314273,3.299161158032152,0,1
H0418,2025-06,3.134098117445654,3.837047484543593,0,0
H0419,2025-06,3.0511355411835623,2.95504591647414,0,0
H0420,2025-06,2.2027379401979617,2.4300392586500568,0,0
H0421,2025-06,2.614736264365281,2.825746394477293,0,0
H0422,2025-06,3.503488772423224,3.4796837739854825,0,0
H0423,2025-06,4.0294853692143935,3.600005588525697,0,0
H0424,2025-06,4.186678413605545,2.774984823588813,0,0
H0425,2025-06,3.5409523875025584,3.219485385341508,0,0
H0426,2025-06,3.354898584441401,4.107581181545446,0,0
H0427,2025-06,3.348032334966108,3.578817825107484,0,0
H0428,2025-06,2.7790484482504323,2.6031822456162264,0,0
H0429,2025-06,3.429031526243901,3.639773690535851,0,0
H0430,2025-06,2.8952656581642287,3.792023911406361,0,0
H0431,2025-06,3.549861774164582,3.1215477626493278,0,0
H0432,2025-06,2.68831802413546,4.640047795915981,0,0
H0433,2025-06,2.8723122702598736,2.830923751699902,0,0
H0434,2025-06,2.5965342776498934,3.107973603609905,0,0
H0435,2025-06,4.422680755752171,3.631883376298965,0,0
H0436,2025-06,3.555468916046403,2.5974940558960715,0,0
H0437,2025-06,3.2091893760299945,3.3488433245854266,0,0
H0438,2025-06,2.943467901659071,3.4769061036604407,0,0
H0439,2025-06,2.8390195791811865,2.9357311598917915,0,0
H0440,2025-06,3.3104721046004144,3.533253359227116,0,0
H0441,2025-06,3.164323847778556,3.6204005244980473,0,0
H0442,2025-06,3.0318581581311728,2.826707229655865,0,0
H0443,2025-06,3.012277746428162,3.5822639656252817,0,0
H0444,2025-06,3.002573884568463,3.846943779303863,0,0
H0445,2025-06,2.880568707812186,3.4602416386286787,0,0
H0446,2025-06,2.6378724381232828,3.299161158032152,0,1
H0447,2025-06,2.9602655536197515,3.783415947879377,0,0
H0448,2025-06,2.296001145503073,2.360006514020418,0,0
H0449,2025-06,3.1017614609202733,4.11766238000752,1,0
H0450,2025-06,3.0157395545180568,3.5770102607081573,0,0
H0451,2025-06,3.9826388577936687,4.183913401506612,0,0
H0452,2025-06,4.383762435386648,3.646392390435354,0,0
H0453,2025-06,2.80222163405673,3.877896063088065,0,0
H0454,2025-06,3.5905750043968725,3.147919860635016,0,0
H0455,2025-06,3.2005482845208264,4.031269609711654,0,0
H0456,2025-06,3.5675528655957107,3.294829903977669,0,0
H0457,2025-06,2.9687804002544067,2.9867723302041997,0,0
H0458,2025-06,3.3768523005312296,3.3550049592418816,0,0
H0459,2025-06,3.3521813105101943,3.0421217582697784,0,0
H0460,2025-06,2.898640919677604,4.030583526742882,0,0
H0461,2025-06,2.8978095750931203,3.8720949542852297,0,0
H0462,2025-06,2.9570784899471603,3.115737793193687,0,0
H0463,2025-06,2.038701126095021,2.92731119136192,0,0
H0464,2025-06,4.509199750719179,3.135840113418902,0,0
H0465,2025-06,2.7877399139135286,2.602550248597749,0,0
H0466,2025-06,2.792200739879811,3.367724357070386,0,0
H0467,2025-06,3.3341304918586148,3.501952780562973,0,0
H0468,2025-06,2.8516727266217865,3.8624694816973593,0,0
H0469,2025-06,1.977050930970078,3.05982147369154,0,0
H0470,2025-06,2.6406471083591505,3.523049581635933,0,0
H0471,2025-06,3.265144196845998,3.524728914822143,0,0
H0472,2025-06,2.725875679605882,3.3649003436570037,0,0
H0473,2025-06,2.9005178491465817,3.477495327635704,0,0
H0474,2025-06,3.063499599827595,3.012011119390085,0,0
H0475,2025-06,3.235033868239761,4.201328196806239,0,0
H0476,2025-06,3.9971923737836095,3.5317676950777237,0,0
H0477,2025-06,3.1238972732999373,3.5968551138187905,0,0
H0478,2025-06,2.8292668435985324,3.311955511074009,0,0
H0479,2025-06,3.265216913878821,3.621543787361285,0,0
H0480,2025-06,2.665245580890928,3.199333441083068,0,0
H0481,2025-06,3.2738042528435223,2.7257971944166304,0,0
H0482,2025-06,3.767903626112952,3.9185339213832298,0,0
H0483,2025-06,2.9053016438520447,3.3151699830708643,0,0
H0484,2025-06,3.5517695571763688,3.153545983160401,0,0
H0485,2025-06,3.4664797609279265,4.015794821191404,0,0
H0486,2025-06,2.444692592761601,2.541084931917278,0,0
H0487,2025-06,2.5436265664844133,3.303114351878273,0,0
H0488,2025-06,3.158691401812201,3.959655480432325,0,0
H0489,2025-06,3.3442731990921226,3.095434026406988,0,0
H0490,2025-06,3.157207790071456,3.020473287618988,0,0
H0491,2025-06,3.2142691691038827,3.3497514594448963,0,0
H0492,2025-06,2.614643012363836,4.47044759884292,0,0
H0493,2025-06,3.4795054838639543,3.001622714301805,0,0
H0494,2025-06,3.503825494641474,3.2611083615587697,0,0
H0495,2025-06,2.558898247038956,3.13802256611449,0,0
H0496,2025-06,2.825742717419516,3.02431955801108,0,0
H0497,2025-06,2.6334045843544405,2.261284444179677,0,0
H0498,2025-06,3.426360332523785,2.8537637381901595,0,0
H0499,2025-06,2.09087541800984,3.1023490926906825,0,0
H0500,2025-06,3.1600511177821176,3.299161158032152,0,1
H0501,2025-06,3.741846305863494,3.640892286022923,0,0
H0502,2025-06,2.526638244171009,2.7964422885405487,0,0
H0503,2025-06,3.1017614609202733,2.9288684190165326,1,0
H0504,2025-06,4.212647515996999,3.967878058301548,0,0
H0505,2025-06,2.3740682544267235,3.8986063304624343,0,0
H0506,2025-06,3.0990264076976533,2.640790124274869,0,0
H0507,2025-06,1.996922424023664,2.8146368073006185,0,0
H0508,2025-06,2.1195357414409903,3.299161158032152,0,1
H0509,2025-06,2.670472933974,3.223913680816898,0,0
H0510,2025-06,3.0638549222678506,3.111581618782496,0,0
H0511,2025-06,3.6382264157918103,3.212637088959053,0,0
H0512,2025-06,3.1017614609202733,2.9860056051496304,1,0
H0513,2025-06,2.6557776883847755,3.0233602886581874,0,0
H0514,2025-06,3.4567261390361788,4.127515720294258,0,0
H0515,2025-06,3.664355474151093,2.597520853210381,0,0
H0516,2025-06,3.9982522757354593,3.9057676546865863,0,0
H0517,2025-06,4.0001417798630605,3.425461081247718,0,0
H0518,2025-06,3.4664044275996764,3.4157497686146527,0,0
H0519,2025-06,3.306111440659861,3.6737249414056232,0,0
H0520,2025-06,2.5057164054105607,3.96714292565464,0,0
H0521,2025-06,2.502779254590619,3.430085159580367,0,0
H0522,2025-06,3.426056174366278,3.5257545310738783,0,0
H0523,2025-06,3.694120138103313,4.3693949331845685,0,0
H0524,2025-06,2.9216473726539527,3.1716376749755324,0,0
H0525,2025-06,2.717472904532883,3.493323877479395,0,0
H0526,2025-06,3.3375574346144674,3.5009505727971377,0,0
H0527,2025-06,3.393256398107838,2.892627999287944,0,0
H0528,2025-06,2.6356876666938884,3.477563263244289,0,0
H0529,2025-06,2.4979180747514245,3.303496358978549,0,0
H0530,2025-06,3.650973396465648,3.981554276567762,0,0
H0531,2025-06,2.8757867242118462,3.612278553709906,0,0
H0532,2025-06,2.172156977430838,2.962503258890348,0,0
H0533,2025-06,3.4302250099446683,3.1855272991425414,0,0
H0534,2025-06,3.092389553947773,2.97241306777835,0,0
H0535,2025-06,2.8217239621107915,4.364747447547467,0,0
H0536,2025-06,2.6465330051022726,3.11966486965505,0,0
H0537,2025-06,3.1017614609202733,3.5363068618455755,1,0
H0538,2025-06,2.69584266742657,3.7801663900012175,0,0
H0539,2025-06,3.3627303294315696,2.488162816833616,0,0
H0540,2025-06,3.178442575470791,2.3619653893131334,0,0
H0541,2025-06,3.338701728216141,3.9128601370729448,0,0
H0542,2025-06,3.2306783049846017,2.8739004793501826,0,0
H0543,2025-06,2.728854405103722,3.7145869012165886,0,0
H0544,2025-06,3.4342472197546035,3.1944840547509528,0,0
H0545,2025-06,2.8116389556553325,3.087172596828028,0,0
H0546,2025-06,1.862579456061296,3.0487992299492808,0,0
H0547,2025-06,2.632584831378303,3.461189946688693,0,0
H0548,2025-06,2.973944068281634,3.563500813071849,0,0
H0549,2025-06,3.178103567193304,4.868098182763232,0,0
H0550,2025-06,2.982667677586174,2.9807806541129054,0,0
H0551,2025-06,2.536359707659881,3.466125461721127,0,0
H0552,2025-06,2.7443044004226342,3.714286096634521,0,0
H0553,2025-06,3.189567879402769,3.2316192703230824,0,0
H0554,2025-06,3.178114875112456,3.299161158032152,0,1
H0555,2025-06,2.904081451245931,2.9878148333430032,0,0
H0556,2025-06,3.8287739981039857,3.03740232657121,0,0
H0557,2025-06,3.16043636884886,2.813071035071866,0,0
H0558,2025-06,3.3050056322917096,3.1075695439496736,0,0
H0559,2025-06,3.6311015763755816,3.299161158032152,0,1
H0560,2025-06,2.655298281166236,2.7898938890249854,0,0
H0561,2025-06,2.104763596625109,3.307713451467604,0,0
H0562,2025-06,3.8705642376190257,3.4176080203106336,0,0
H0563,2025-06,3.83930568620006,3.0749432429579238,0,0
H0564,2025-06,3.1017614609202733,3.319958758118541,1,0
H0565,2025-06,2.932138540676925,2.8089591311658566,0,0
H0566,2025-06,2.6871479813231613,3.297827049607572,0,0
H0567,2025-06,3.1826972016897197,3.769926161878285,0,0
H0568,2025-06,3.1017614609202733,3.8174309330712295,1,0
H0569,2025-06,2.8679261005845444,2.899949887040963,0,0
H0570,2025-06,2.5198156172626183,3.192169877437125,0,0
H0571,2025-06,3.1017614609202733,3.299161158032152,1,1
H0572,2025-06,4.103917824634553,3.2637726781017995,0,0
H0573,2025-06,2.680896462299634,3.063283832382278,0,0
H0574,2025-06,3.5880156289829683,3.319333537635365,0,0
H0575,2025-06,3.0658620707598825,3.0596672592130405,0,0
H0576,2025-06,2.691465124243888,3.17185207914993,0,0
H0577,2025-06,3.127342677854055,2.886341003636589,0,0
H0578,2025-06,3.1116914869897494,2.633183088006771,0,0
H0579,2025-06,3.068912193400882,3.1674534676807604,0,0
H0580,2025-06,3.201594082489898,3.4503558019611136,0,0
H0581,2025-06,2.5345376871233745,3.399662206677436,0,0
H0582,2025-06,2.908601692538246,3.072491167064853,0,0
H0583,2025-06,3.196986899842287,4.125338671252528,0,0
H0584,2025-06,2.699916116587557,2.794058466411436,0,0
H0585,2025-06,1.8872449691492923,2.5379136808014056,0,0
H0586,2025-06,2.788311057970188,2.647483727297529,0,0
H0587,2025-06,3.016210306040381,2.862162114750783,0,0
H0588,2025-06,3.1752125809563387,3.865706817066743,0,0
H0589,2025-06,2.700551838973013,3.2157465145524657,0,0
H0590,2025-06,2.851386826360965,3.248978630770652,0,0
H0591,2025-06,2.585652511529147,3.0811787054918622,0,0
H0592,2025-06,3.5416835031505878,2.6180000736384024,0,0
H0593,2025-06,2.731897331195162,2.9430492229911738,0,0
H0594,2025-06,2.996078203278521,3.393944578448842,0,0
H0595,2025-06,3.2593586332904545,3.386194041180881,0,0
H0596,2025-06,3.1017614609202733,2.8971413460352218,1,0
H0597,2025-06,3.583093190875803,2.998261375286332,0,0
H0598,2025-06,3.7297077708699553,3.5562795127883278,0,0
H0599,2025-06,2.7450312669568526,3.0256228845242568,0,0
H0600,2025-06,3.003981357028236,3.667299739156856,0,0
C0001,2025-06,2.980724925020423,3.4458621834552146,0,0
C0002,2025-06,3.326903692129001,3.316272635215301,0,0
C0003,2025-06,2.509865165914923,3.0412834950534413,0,0
C0004,2025-06,2.866915834092612,3.004501004216276,0,0
C0005,2025-06,2.884856410238759,3.203378328417217,0,0
C0006,2025-06,3.1159856431199167,3.333352958618349,0,0
C0007,2025-06,2.6863409587888025,2.737210799643825,0,0
C0008,2025-06,3.757382521669965,3.415337289139404,0,0
C0009,2025-06,3.5317664414976533,4.0226192510311645,0,0
C0010,2025-06,3.104488238717444,3.425751308408303,0,0
C0011,2025-06,4.616356335347701,3.2356318318375377,0,0
C0012,2025-06,3.622850243412376,3.9422498014413625,0,0
C0013,2025-06,3.099190171226573,3.1279815069813792,0,0
C0014,2025-06,3.0011396832050616,3.854970719322832,0,0
C0015,2025-06,3.5535451795110475,3.59514322586286,0,0
C0016,2025-06,3.6575283691643374,3.3572054897373205,0,0
C0017,2025-06,4.198457490043396,3.299161158032152,0,1
C0018,2025-06,3.0472809861840813,3.299161158032152,0,1
C0019,2025-06,2.6089617803912786,3.0687832820823515,0,0
C0020,2025-06,2.765500523273279,2.349423173632597,0,0
C0021,2025-06,2.857760153888933,2.600025385050067,0,0
C0022,2025-06,2.974362139159197,2.82375473794064,0,0
C0023,2025-06,3.2136270158645788,3.21246310669982,0,0
C0024,2025-06,3.3903365168192154,3.6154429539893456,0,0
C0025,2025-06,3.910611731754432,3.059119844643001,0,0
C0026,2025-06,2.878299929213087,3.307958220662924,0,0
C0027,2025-06,3.3873367315015663,3.1374833486569216,0,0
C0028,2025-06,3.337341515703544,3.412904690364781,0,0
C0029,2025-06,3.563869159118499,3.3276580879758826,0,0
C0030,2025-06,3.2885152115101333,2.976967336979701,0,0
C0031,2025-06,2.8922417445769804,4.237467328978063,0,0
C0032,2025-06,3.337478310620659,3.2467557812514207,0,0
C0033,2025-06,2.431792407762821,3.9434481841132487,0,0
C0034,2025-06,2.409922421201306,3.538138727289754,0,0
C0035,2025-06,3.430569155916838,3.979494764391672,0,0
C0036,2025-06,3.1076280601603203,3.691899824587532,0,0
C0037,2025-06,3.077781995065309,3.670028071956484,0,0
C0038,2025-06,2.9993918845500347,2.323183838762491,0,0
C0039,2025-06,2.8621459669849867,3.1076236587821597,0,0
C0040,2025-06,3.340247111798451,2.9347684058468606,0,0
C0041,2025-06,2.858716357269355,3.710846662167439,0,0
C0042,2025-06,3.486134614657959,4.06982114677559,0,0
C0043,2025-06,3.781623025881324,3.38053065781967,0,0
C0044,2025-06,4.338491944094018,3.367402413169949,0,0
C0045,2025-06,2.3342982966824573,2.636586016247486,0,0
C0046,2025-06,3.382726278834747,3.772586495490137,0,0
C0047,2025-06,2.700718336328257,3.566582769268993,0,0
C0048,2025-06,3.593811619769669,3.470513021940281,0,0
C0049,2025-06,2.7706710437645574,2.989915014700616,0,0
C0050,2025-06,3.334120630830001,3.107239195666086,0,0
C0051,2025-06,1.901782656741272,3.219380750584393,0,0
C0052,2025-06,2.816929367360194,3.7007455182410487,0,0
C0053,2025-06,3.641161770121478,2.523928602696638,0,0
C0054,2025-06,3.565397205554729,2.88443754421906,0,0
C0055,2025-06,3.015879933416813,2.9789276172706503,0,0
C0056,2025-06,3.705537078749616,3.609138732559587,0,0
C0057,2025-06,3.113935553938055,3.0170492599058005,0,0
C0058,2025-06,2.7204188269450507,3.7562343047374114,0,0
C0059,2025-06,2.7367360170896955,3.53227702897264,0,0
C0060,2025-06,3.9221676327441193,2.7767424152390605,0,0
C0061,2025-06,3.72573404672724,3.137026236358903,0,0
C0062,2025-06,2.838472709905966,2.8973659418031925,0,0
C0063,2025-06,3.1685283653001086,4.530991190410616,0,0
C0064,2025-06,3.644424651160756,4.007338444262218,0,0
C0065,2025-06,3.2361577995522257,3.1544222662634027,0,0
C0066,2025-06,3.986505478188623,3.3979016691877213,0,0
C0067,2025-06,3.342307321575122,3.926598346629791,0,0
C0068,2025-06,3.937997639396549,2.93888427909644,0,0
C0069,2025-06,3.4376323692439663,4.019883822614593,0,0
C0070,2025-06,3.218470993698489,3.720124589815,0,0
C0071,2025-06,3.1017614609202733,3.806541552474651,1,0
C0072,2025-06,3.878160035910848,3.491829626500553,0,0
C0073,2025-06,2.975992471776063,3.263003339890877,0,0
C0074,2025-06,3.193857576233265,3.058702698976098,0,0
C0075,2025-06,3.37600801552125,3.563287107895784,0,0
C0076,2025-06,2.912721016042208,3.837328296396466,0,0
C0077,2025-06,3.89205323375291,2.953801548143108,0,0
C0078,2025-06,3.201220772401767,3.051164225745446,0,0
C0079,2025-06,2.3239334128872517,3.939877286241024,0,0
C0080,2025-06,2.402404205486342,3.2136412039695217,0,0
C0081,2025-06,4.305632211533863,3.158313556275092,0,0
C0082,2025-06,3.068356225786224,3.299161158032152,0,1
C0083,2025-06,3.47771912392154,3.362404709790526,0,0
C0084,2025-06,3.418188566581344,2.798886762123597,0,0
C0085,2025-06,3.1017614609202733,3.15044947188998,1,0
C0086,2025-06,3.1580657530097587,3.15755736051578,0,0
C0087,2025-06,3.292600012375173,2.820937233727328,0,0
C0088,2025-06,3.446222841451542,4.026525773571521,0,0
C0089,2025-06,2.864383623062857,3.743037005739855,0,0
C0090,2025-06,3.153568461783263,3.299161158032152,0,1
C0091,2025-06,3.0427031521454406,3.2641748880714303,0,0
C0092,2025-06,3.1017614609202733,3.1205025581872,1,0
C0093,2025-06,2.691551170016929,4.065235968976767,0,0
C0094,2025-06,3.7403203847586495,2.909228281699781,0,0
C0095,2025-06,3.001431971239029,3.4308002207265207,0,0
C0096,2025-06,2.631893726836168,3.1448840144424404,0,0
C0097,2025-06,3.7425130899942447,3.7474210904765815,0,0
C0098,2025-06,2.470163280659253,3.282373632272326,0,0
C0099,2025-06,2.76178318737228,4.182810647412832,0,0
C0100,2025-06,2.79211136896394,2.661521808775072,0,0
C0101,2025-06,3.4261872196472223,3.932376155958067,0,0
C0102,2025-06,3.3820463398127845,3.163655907947493,0,0
C0103,2025-06,2.642326459593744,3.5381362734062183,0,0
C0104,2025-06,2.8783593321161844,3.9071841629621167,0,0
C0105,2025-06,3.1796822439547783,3.299161158032152,0,1
C0106,2025-06,2.532373918001687,3.2932284219476964,0,0
C0107,2025-06,3.1253837417610906,3.263844943024078,0,0
C0108,2025-06,2.103151009951643,2.2930690195715795,0,0
C0109,2025-06,2.5732504225752533,3.2032306820595355,0,0
C0110,2025-06,2.3501538740271246,3.5725396654193764,0,0
C0111,2025-06,2.7297145075309603,3.299161158032152,0,1
C0112,2025-06,3.895200841963316,3.426437406986401,0,0
C0113,2025-06,3.353971013498496,3.7720248000351058,0,0
C0114,2025-06,3.1017614609202733,2.56700511409115,1,0
C0115,2025-06,2.603648753190767,2.8092664990370104,0,0
C0116,2025-06,3.4474705291656558,3.473633558525638,0,0
C0117,2025-06,2.5816409168155694,2.8611939835504026,0,0
C0118,2025-06,2.692063499085833,3.2751585497636886,0,0
C0119,2025-06,3.438054124286785,3.0234208290929394,0,0
C0120,2025-06,2.9046425319925606,3.4405546311243067,0,0
C0121,2025-06,2.677077222131159,3.313392923174438,0,0
C0122,2025-06,2.445465748520107,3.444664355030895,0,0
C0123,2025-06,3.5425577346762616,3.351243981163643,0,0
C0124,2025-06,3.226884487744299,3.9763312657439056,0,0
C0125,2025-06,3.1017614609202733,3.299161158032152,1,1
C0126,2025-06,3.503306135839545,4.283569041776843,0,0
C0127,2025-06,3.9953093930130392,4.24155262636332,0,0
C0128,2025-06,3.1017614609202733,3.0346035842686043,1,0
C0129,2025-06,3.1017614609202733,3.002885956021168,1,0
C0130,2025-06,3.4157681682277308,3.383134548247427,0,0
C0131,2025-06,3.55246397906622,3.0750333171595434,0,0
C0132,2025-06,2.862033954593968,3.690852303256341,0,0
C0133,2025-06,3.1017614609202733,3.457083336748434,1,0
C0134,2025-06,3.1017614609202733,3.3677613358303278,1,0
C0135,2025-06,3.224338787228497,3.5632092973899097,0,0
C0136,2025-06,3.0333135757167065,3.0702863410996626,0,0
C0137,2025-06,2.390076488366252,2.997538802056578,0,0
C0138,2025-06,2.8888427935148218,2.9864496563516973,0,0
C0139,2025-06,2.2301511098643267,3.333056832435668,0,0
C0140,2025-06,3.3223367296739617,2.2921387751477105,0,0
C0141,2025-06,2.708821022393216,3.19954381929499,0,0
C0142,2025-06,4.275422244640432,3.643386929597777,0,0
C0143,2025-06,2.6169270474255355,2.90803887822066,0,0
C0144,2025-06,3.715965680332039,4.2713620823464575,0,0
C0145,2025-06,3.6710483004480863,2.649994313298245,0,0
C0146,2025-06,3.690037176977613,2.6544988172494275,0,0
C0147,2025-06,3.772122552626171,3.357296717300586,0,0
C0148,2025-06,2.9796852999615244,2.959314447955207,0,0
C0149,2025-06,2.0422960264505474,3.495654726624636,0,0
C0150,2025-06,3.3976890679678227,3.5009362866715543,0,0
C0151,2025-06,3.1282472144886566,4.369566607440403,0,0
C0152,2025-06,3.265627543926692,3.5226570385835814,0,0
C0153,2025-06,2.9628801467417496,2.963333029329131,0,0
C0154,2025-06,2.8988397414577505,2.4493855315638537,0,0
C0155,2025-06,3.166503458518335,3.688044046090672,0,0
C0156,2025-06,3.1017614609202733,4.13570834263507,1,0
C0157,2025-06,3.7931702761247816,3.470840599948335,0,0
C0158,2025-06,2.697083013707574,2.755179068674669,0,0
C0159,2025-06,2.2987828706980435,3.2110296263904115,0,0
C0160,2025-06,3.5672107141172877,2.479107063683732,0,0
C0161,2025-06,2.8500402397514915,3.5275662646776613,0,0
C0162,2025-06,3.045837954183188,3.7451960207174735,0,0
C0163,2025-06,3.757387718022912,3.574110044187023,0,0
C0164,2025-06,2.748018837975324,3.299161158032152,0,1
C0165,2025-06,2.8579430105558656,3.113306103106614,0,0
C0166,2025-06,2.2327186071325857,4.2426427567347,0,0
C0167,2025-06,1.910033747436115,3.299161158032152,0,1
C0168,2025-06,3.402790990536025,3.480411411922008,0,0
C0169,2025-06,3.803530765345312,3.0063993197252765,0,0
C0170,2025-06,2.5146953740522733,2.563443232956262,0,0
C0171,2025-06,3.0274953365785384,3.723737651352709,0,0
C0172,2025-06,2.051071100923104,2.763569461741016,0,0
C0173,2025-06,2.569402784405553,2.751424793369732,0,0
C0174,2025-06,3.5859333618517466,3.71026453043866,0,0
C0175,2025-06,3.997561770136292,3.5422405210493944,0,0
C0176,2025-06,2.5453461067466003,2.477661356188533,0,0
C0177,2025-06,2.6830415463672344,3.014678971795732,0,0
C0178,2025-06,2.9533196399161823,3.309791721046883,0,0
C0179,2025-06,2.526981096577895,3.3862755221196563,0,0
C0180,2025-06,2.682849069525457,2.8224915966902118,0,0
C0181,2025-06,3.3020066976219486,3.7951299104223857,0,0
C0182,2025-06,2.934990717451179,2.9132797885297577,0,0
C0183,2025-06,2.761301388316008,3.5098797930511845,0,0
C0184,2025-06,2.4185738188159,3.2306272743284863,0,0
C0185,2025-06,3.755693354467676,2.970343708267283,0,0
C0186,2025-06,2.6488172485327945,3.324404837670928,0,0
C0187,2025-06,2.392214650601551,3.322381634266978,0,0
C0188,2025-06,3.858892208881416,4.695571920847804,0,0
C0189,2025-06,4.008121026329006,3.6054985565544047,0,0
C0190,2025-06,2.2908188461928147,2.8406530819214,0,0
C0191,2025-06,3.236836144207097,2.9646881008156902,0,0
C0192,2025-06,2.797725182173391,3.2650623243098256,0,0
C0193,2025-06,3.717795271004799,4.0770376960193335,0,0
C0194,2025-06,3.325234269484601,3.840472637036544,0,0
C0195,2025-06,3.258331528894446,3.16485468293284,0,0
C0196,2025-06,3.021642527017459,2.5887132569428832,0,0
C0197,2025-06,3.4563451672980405,3.5315324025252157,0,0
C0198,2025-06,2.8212258087300963,3.1545681971491195,0,0
C0199,2025-06,2.486940225028863,3.482820520459016,0,0
C0200,2025-06,3.5407346687213312,3.4325032095509256,0,0
C0201,2025-06,2.828216702450786,2.859908980964473,0,0
C0202,2025-06,3.586577391718045,3.502292366136284,0,0
C0203,2025-06,3.109288879599525,3.3481676889310834,0,0
C0204,2025-06,3.2263318319108047,2.377852915476107,0,0
C0205,2025-06,3.734539906099676,3.6398889946992448,0,0
C0206,2025-06,3.7450107406199376,3.4910446996158333,0,0
C0207,2025-06,2.1662785402198845,2.7277775977093013,0,0
C0208,2025-06,3.536670680147586,3.5897912558254865,0,0
C0209,2025-06,2.730531444545925,2.9749405134713465,0,0
C0210,2025-06,4.217656185617875,3.659483282132407,0,0
C0211,2025-06,2.6137584657612507,3.275914975954043,0,0
C0212,2025-06,3.982902639116781,3.761118800555962,0,0
C0213,2025-06,2.9647866599817294,3.123443071659898,0,0
C0214,2025-06,2.897546497312077,2.9615575987873184,0,0
C0215,2025-06,3.062486441602929,3.324459274239479,0,0
C0216,2025-06,2.846271069815261,3.5736377911122625,0,0
C0217,2025-06,3.262531505401478,3.4122223599828345,0,0
C0218,2025-06,2.702880669765223,4.134933880100433,0,0
C0219,2025-06,3.321869078778528,3.4985306142645065,0,0
C0220,2025-06,4.154306389745877,4.201303805135579,0,0
C0221,2025-06,3.025375642466577,3.299694188672901,0,0
C0222,2025-06,3.1474338212675788,2.966937197807687,0,0
C0223,2025-06,3.934367487576638,3.6267190195866794,0,0
C0224,2025-06,2.7918637373824158,2.2401231902983567,0,0
C0225,2025-06,3.5927339072905085,2.438484093783697,0,0
C0226,2025-06,3.33503475069259,3.780258166443438,0,0
C0227,2025-06,3.096536130233449,3.311919204277966,0,0
C0228,2025-06,3.389122062759929,3.072414697140826,0,0
C0229,2025-06,2.204761717725201,3.245785731169022,0,0
C0230,2025-06,3.519059324700288,3.299161158032152,0,1
C0231,2025-06,2.684470378708651,3.129221183923227,0,0
C0232,2025-06,3.517630200630365,2.9853480181634056,0,0
C0233,2025-06,2.99372050355137,2.4386873751379663,0,0
C0234,2025-06,3.4929858205833475,3.11170687434741,0,0
C0235,2025-06,2.7416806757584347,3.3327301892860994,0,0
C0236,2025-06,4.628833563294058,3.13923609681581,0,0
C0237,2025-06,2.7292262699898915,2.948615638985701,0,0
C0238,2025-06,3.744775755064033,3.343473786593617,0,0
C0239,2025-06,4.371518371308987,3.18523566966706,0,0
C0240,2025-06,2.690308774320304,3.0439253466079323,0,0
C0241,2025-06,2.8088235567510784,3.0573793307070343,0,0
C0242,2025-06,3.2886605964101547,3.491085636540724,0,0
C0243,2025-06,2.655525981548845,3.3576056064061484,0,0
C0244,2025-06,3.109049186338442,3.291702875181683,0,0
C0245,2025-06,3.299549921301601,3.384029702212376,0,0
C0246,2025-06,2.679949248210772,2.921888394316632,0,0
C0247,2025-06,3.3303793383809057,3.4159714184066567,0,0
C0248,2025-06,2.649094992168959,3.6526921995104864,0,0
C0249,2025-06,3.6885468075323695,3.049998434967171,0,0
C0250,2025-06,3.508736211006513,3.564364573281175,0,0
C0251,2025-06,3.998324848907437,4.097461069626531,0,0
C0252,2025-06,3.6393003095245566,2.602010160504061,0,0
C0253,2025-06,3.284707064098668,2.8852594503439217,0,0
C0254,2025-06,3.343398767029532,3.471297545214412,0,0
C0255,2025-06,3.648050217950473,2.968088227057866,0,0
C0256,2025-06,2.446049936090895,3.386997071831891,0,0
C0257,2025-06,2.060779814586082,2.1841178566229966,0,0
C0258,2025-06,1.9463881287928917,2.7681582862354177,0,0
C0259,2025-06,2.882857513274228,3.299161158032152,0,1
C0260,2025-06,3.132429947633618,3.5156750711716045,0,0
C0261,2025-06,2.3618896537142486,2.9314735952632605,0,0
C0262,2025-06,2.613466440265878,3.5234029148923667,0,0
C0263,2025-06,3.171355693049274,3.254228938550583,0,0
C0264,2025-06,2.036072631103807,3.2401060567083744,0,0
C0265,2025-06,3.25150205322764,3.505572365076893,0,0
C0266,2025-06,3.399105786430293,3.9780903315807583,0,0
C0267,2025-06,2.7655481802359207,3.3917821755256856,0,0
C0268,2025-06,3.1024045102200706,3.0659679986163946,0,0
C0269,2025-06,3.852824571369669,3.3897441529675625,0,0
C0270,2025-06,2.784154538833335,3.398067539297421,0,0
C0271,2025-06,3.412916319940127,3.512836490718436,0,0
C0272,2025-06,2.5554507394984274,2.9702411135513898,0,0
C0273,2025-06,2.672005485284428,3.3194294798765283,0,0
C0274,2025-06,2.401778739068738,2.711950716045637,0,0
C0275,2025-06,3.407539172554929,2.6245519466524314,0,0
C0276,2025-06,2.7875518160640578,3.126604423767067,0,0
C0277,2025-06,2.840941030557821,3.6271554969827102,0,0
C0278,2025-06,3.897344953302831,3.269014282094366,0,0
C0279,2025-06,3.250333836673655,3.024106935978692,0,0
C0280,2025-06,3.19948485778303,3.988996789446155,0,0
C0281,2025-06,3.1362006266878497,3.95521078517668,0,0
C0282,2025-06,3.175844011306907,3.2332467706030097,0,0
C0283,2025-06,3.3880927863673893,3.482477580136337,0,0
C0284,2025-06,3.3994455385249163,3.281085465111431,0,0
C0285,2025-06,4.231814264297677,3.7111219882803543,0,0
C0286,2025-06,3.4913474515005327,2.969535414053718,0,0
C0287,2025-06,3.0284611401329906,3.7565432408275696,0,0
C0288,2025-06,2.523168490274388,3.333856673806729,0,0
C0289,2025-06,3.618597797015864,4.059220757922176,0,0
C0290,2025-06,2.8653798957315058,2.974512016737244,0,0
C0291,2025-06,2.8963685480969037,3.63111243133842,0,0
C0292,2025-06,3.5643877798206214,3.483837944434786,0,0
C0293,2025-06,2.841421941402772,2.971119966499898,0,0
C0294,2025-06,3.176700461597413,3.913440178021725,0,0
C0295,2025-06,3.2302272452290723,2.807164071946651,0,0
C0296,2025-06,2.848115510320148,3.299161158032152,0,1
C0297,2025-06,3.453451374615269,3.951744136643748,0,0
C0298,2025-06,3.190527503274597,3.5220171950274186,0,0
C0299,2025-06,2.6798412443099013,3.165230382033024,0,0
C0300,2025-06,2.557421484618035,3.491881491789042,0,0
C0301,2025-06,4.023616122578118,3.621533912437118,0,0
C0302,2025-06,4.041266118430395,3.4059276091945803,0,0
C0303,2025-06,2.1464765701092143,3.661876073388948,0,0
C0304,2025-06,2.602904150837672,3.7362691413137217,0,0
C0305,2025-06,3.1436431068685486,3.796134368278689,0,0
C0306,2025-06,2.8885482574254326,2.7134810870762136,0,0
C0307,2025-06,3.399895716103853,3.677174825028651,0,0
C0308,2025-06,3.734477447356394,3.878582064380733,0,0
C0309,2025-06,2.7928935632626306,3.234028479975688,0,0
C0310,2025-06,3.635141274713919,3.8763870411937953,0,0
C0311,2025-06,3.020702443164396,3.8314126001532394,0,0
C0312,2025-06,3.6337462965889697,3.126490895403699,0,0
C0313,2025-06,3.683080994258247,3.3860816521686923,0,0
C0314,2025-06,2.319234349242324,3.504976210665665,0,0
C0315,2025-06,2.5335555840415367,3.2741403359149817,0,0
C0316,2025-06,3.800900766026471,3.0850700543194165,0,0
C0317,2025-06,3.144855352362022,3.750336224477363,0,0
C0318,2025-06,3.0353833240509704,3.807705354959344,0,0
C0319,2025-06,3.1017614609202733,2.9781592732825226,1,0
C0320,2025-06,2.273063179182726,3.003385274104228,0,0
C0321,2025-06,3.136238856289041,3.879872542161281,0,0
C0322,2025-06,3.3047469921984725,2.828113126476696,0,0
C0323,2025-06,3.538665141153027,2.5748131345502783,0,0
C0324,2025-06,3.185675534360745,3.7497812452181423,0,0
C0325,2025-06,3.1547295336315315,3.528773657858474,0,0
C0326,2025-06,3.778191614044223,3.206781858394129,0,0
C0327,2025-06,2.866432932264908,2.887518126653561,0,0
C0328,2025-06,2.7987192977128874,3.950685168190059,0,0
C0329,2025-06,3.185096203368378,2.957692198722405,0,0
C0330,2025-06,2.9661466296589563,3.732928941134097,0,0
C0331,2025-06,4.254742388930583,3.250012836433003,0,0
C0332,2025-06,2.733046341897718,3.0377720819823715,0,0
C0333,2025-06,3.2855678528034797,2.666768450789568,0,0
C0334,2025-06,3.5038840650760843,3.2101076309021037,0,0
C0335,2025-06,3.1436194664457275,2.6710721892099896,0,0
C0336,2025-06,3.1017614609202733,3.3071493465795934,1,0
C0337,2025-06,2.103471173992867,3.596478103525116,0,0
C0338,2025-06,2.9998863631914854,3.181520425464366,0,0
C0339,2025-06,2.3697273670357246,3.460409023861421,0,0
C0340,2025-06,3.2596998447566867,3.19327789464822,0,0
C0341,2025-06,3.010418168682128,3.299161158032152,0,1
C0342,2025-06,3.4868102993057324,2.7377362168818595,0,0
C0343,2025-06,2.869538509951593,2.959221669008393,0,0
C0344,2025-06,3.24586837589946,3.4191940908840968,0,0
C0345,2025-06,2.5916691046989477,3.1641667027288825,0,0
C0346,2025-06,3.504521689834195,4.205191855610292,0,0
C0347,2025-06,1.8076390007905363,3.2044367342661983,0,0
C0348,2025-06,3.576710069683605,3.171667238954965,0,0
C0349,2025-06,2.966783082679993,2.7890543154745737,0,0
C0350,2025-06,3.1271571094069235,2.381113461844356,0,0
C0351,2025-06,3.3899506913679343,3.730057035516129,0,0
C0352,2025-06,3.0679671663928167,3.0561810432665144,0,0
C0353,2025-06,2.8584253159416564,3.4665049427168886,0,0
C0354,2025-06,3.8317264215533138,3.085013343588247,0,0
C0355,2025-06,2.6768714881998,2.882935231894313,0,0
C0356,2025-06,2.788831327764749,3.31424340122669,0,0
C0357,2025-06,3.1788334247038166,3.003502810796112,0,0
C0358,2025-06,2.875473170695261,3.3253816441182926,0,0
C0359,2025-06,2.0960001182014785,2.74404775261602,0,0
C0360,2025-06,3.7434808775871296,3.662191006682177,0,0
C0361,2025-06,1.7038943385329004,2.295313639683992,0,0
C0362,2025-06,2.166757107451754,3.3703115094352976,0,0
C0363,2025-06,2.4643412031325638,2.694134595491673,0,0
C0364,2025-06,3.1837335302921907,3.596597537207031,0,0
C0365,2025-06,2.7617716555797,2.756875937736253,0,0
C0366,2025-06,3.2805669334933185,3.293370801698808,0,0
C0367,2025-06,2.7204338568675004,3.3628632345188163,0,0
C0368,2025-06,4.366693727402163,4.007557291412342,0,0
C0369,2025-06,2.350435488501123,3.591307279820056,0,0
C0370,2025-06,3.456754983862338,3.3504250413368872,0,0
C0371,2025-06,3.3410619378738144,3.8623859946424575,0,0
C0372,2025-06,3.2417590683595603,3.323324794671926,0,0
C0373,2025-06,3.314415716485549,3.299161158032152,0,1
C0374,2025-06,2.503106622649035,3.52890220225198,0,0
C0375,2025-06,3.3776038058878792,3.299161158032152,0,1
C0376,2025-06,2.400563321442097,3.366213144874238,0,0
C0377,2025-06,3.502583756926876,3.683903758544021,0,0
C0378,2025-06,2.5256445200076563,3.693006523521424,0,0
C0379,2025-06,3.158809940762392,2.710747957772271,0,0
C0380,2025-06,2.94259643489236,2.577913322564453,0,0
C0381,2025-06,2.859125970701048,3.299161158032152,0,1
C0382,2025-06,2.9706491496487475,3.0697034221804835,0,0
C0383,2025-06,2.5087471882028365,2.681021587886174,0,0
C0384,2025-06,3.063255921246516,3.4487553185103943,0,0
C0385,2025-06,2.7510649797522166,3.8982103627760103,0,0
C0386,2025-06,2.843154289188605,2.905797684695253,0,0
C0387,2025-06,3.247197896024052,3.723006904117573,0,0
C0388,2025-06,2.937035173361788,3.356070291765091,0,0
C0389,2025-06,3.727798937783204,3.2526920082315787,0,0
C0390,2025-06,3.332121791595963,2.7273056601554595,0,0
C0391,2025-06,3.685571691584815,4.044736322694968,0,0
C0392,2025-06,2.739414364379654,3.3007292726494954,0,0
C0393,2025-06,3.245248916572578,4.0424599857744905,0,0
C0394,2025-06,3.58249636198935,3.8341935171499335,0,0
C0395,2025-06,4.018118938228246,4.132652177290185,0,0
C0396,2025-06,2.1010436393118463,3.9563105717636087,0,0
C0397,2025-06,2.92326453793786,3.3688641704218165,0,0
C0398,2025-06,3.4553274554922875,3.227855620300142,0,0
C0399,2025-06,2.5551166881188863,3.1919500114673443,0,0
C0400,2025-06,2.996074374199016,3.226479715771877,0,0
C0401,2025-06,3.649336057121424,3.2755381316349528,0,0
C0402,2025-06,2.8427970165349823,3.211673121820426,0,0
C0403,2025-06,3.649891165257229,3.6466364986130615,0,0
C0404,2025-06,3.315350874451506,3.593146324181334,0,0
C0405,2025-06,3.5019300280399164,2.779190507610406,0,0
C0406,2025-06,3.529640318840851,3.0174723371950605,0,0
C0407,2025-06,2.90609940387485,3.0436309416730127,0,0
C0408,2025-06,3.50984188357252,3.768462471365285,0,0
C0409,2025-06,4.231261869480521,3.440214176077559,0,0
C0410,2025-06,2.681886518702685,2.733247669667483,0,0
C0411,2025-06,3.1017614609202733,3.048444839842847,1,0
C0412,2025-06,3.309281775405511,3.3090094260319987,0,0
C0413,2025-06,3.4351429781381078,2.77451944995314,0,0
C0414,2025-06,3.0351476330742835,3.361500221175044,0,0
C0415,2025-06,3.3740569259087656,2.829728813128481,0,0
C0416,2025-06,3.215437848085916,3.2820232500309894,0,0
C0417,2025-06,3.1017614609202733,3.2960982964379677,1,0
C0418,2025-06,3.5041466592434527,3.5912368675981323,0,0
C0419,2025-06,3.7122250594907062,3.267942907705578,0,0
C0420,2025-06,2.9993325288567463,3.717663360787749,0,0
C0421,2025-06,3.181869643875103,3.605449992721016,0,0
C0422,2025-06,2.85251292528102,3.596515865743597,0,0
C0423,2025-06,3.005675780199168,3.2930155257439213,0,0
C0424,2025-06,2.2839467478721014,3.718881413361341,0,0
C0425,2025-06,3.724631973779819,3.742005838900549,0,0
C0426,2025-06,3.5141952585264087,3.373852902415964,0,0
C0427,2025-06,2.935932661031309,2.80506027769635,0,0
C0428,2025-06,3.273495230393136,3.177135262691696,0,0
C0429,2025-06,1.874737299485689,3.520267645274392,0,0
C0430,2025-06,2.956176829681411,4.109399388048705,0,0
C0431,2025-06,2.304109692773111,3.487995407302456,0,0
C0432,2025-06,3.666477592489094,3.193000022722908,0,0
C0433,2025-06,3.418006877615757,2.907494985338924,0,0
C0434,2025-06,2.381387986606147,2.3914899593816736,0,0
C0435,2025-06,3.3841942897874877,3.299161158032152,0,1
C0436,2025-06,3.079433435900586,3.209155139513408,0,0
C0437,2025-06,2.698511068619246,3.9662679878926737,0,0
C0438,2025-06,4.090312231476515,3.3297979653997243,0,0
C0439,2025-06,2.516320082378819,3.78899414263286,0,0
C0440,2025-06,3.751224047985177,3.620059907790135,0,0
C0441,2025-06,2.6384795677321145,3.1622930857807083,0,0
C0442,2025-06,2.201893987345913,3.18809665424815,0,0
C0443,2025-06,2.986442672195411,2.817643033210877,0,0
C0444,2025-06,3.496780637627245,3.294002861469206,0,0
C0445,2025-06,2.9170865325140114,4.074678051360168,0,0
C0446,2025-06,3.389092867153653,3.0157112816590264,0,0
C0447,2025-06,3.47219704863542,3.299161158032152,0,1
C0448,2025-06,3.145721504553112,3.074335080124301,0,0
C0449,2025-06,4.092447747589807,3.0183692620848275,0,0
C0450,2025-06,3.0003720166621024,3.1251685153647024,0,0
C0451,2025-06,3.275566469280018,3.139386562177809,0,0
C0452,2025-06,2.839418520428226,3.6504803844893545,0,0
C0453,2025-06,2.8272990983681097,3.4163744575703774,0,0
C0454,2025-06,3.333728727200204,3.436902270456973,0,0
C0455,2025-06,3.261022384265132,3.6127701774705514,0,0
C0456,2025-06,3.668075598444206,4.224270745020871,0,0
C0457,2025-06,2.96802158243928,3.283554908278312,0,0
C0458,2025-06,2.410206783775027,3.059739181151849,0,0
C0459,2025-06,2.7184851232988105,3.4106992306451653,0,0
C0460,2025-06,3.1017614609202733,2.512656124654434,1,0
C0461,2025-06,2.5079107155483125,3.1410370522821176,0,0
C0462,2025-06,2.057624082517179,2.9229379586447064,0,0
C0463,2025-06,3.63480349139748,4.090023664899816,0,0
C0464,2025-06,3.12901799107643,3.4426942352600887,0,0
C0465,2025-06,3.840358078458636,3.16630253118992,0,0
C0466,2025-06,3.494813803627467,2.8093889900121014,0,0
C0467,2025-06,1.882962265306863,3.0752195152701667,0,0
C0468,2025-06,2.9589943597213937,2.8751727319584703,0,0
C0469,2025-06,3.697721876501223,3.2275688572505894,0,0
C0470,2025-06,3.229056823955014,2.546881249533393,0,0
C0471,2025-06,2.6473709966392365,4.25472548537257,0,0
C0472,2025-06,2.990535497897763,3.265699818799864,0,0
C0473,2025-06,2.644355226620272,3.492496593205944,0,0
C0474,2025-06,3.321504028919964,2.998884254730104,0,0
C0475,2025-06,3.1113578078148336,2.622085010367276,0,0
C0476,2025-06,4.227993217060831,2.943777056205106,0,0
C0477,2025-06,2.79975698897088,2.8597973895445006,0,0
C0478,2025-06,2.911259603927165,3.0851388732684835,0,0
C0479,2025-06,1.998266431625373,3.46168147840428,0,0
C0480,2025-06,3.748508440932462,3.5617033622375107,0,0
C0481,2025-06,2.8177132913072205,3.2009656627156517,0,0
C0482,2025-06,2.1756874468796736,2.6972183799942204,0,0
C0483,2025-06,2.475181433209624,2.610202485700828,0,0
C0484,2025-06,3.1017614609202733,2.634328021479715,1,0
C0485,2025-06,3.5286577231470098,2.163146359451276,0,0
C0486,2025-06,3.330802905131301,2.987050691441208,0,0
C0487,2025-06,3.284510641303793,2.36671712789718,0,0
C0488,2025-06,2.77380765392511,2.3576828924038558,0,0
C0489,2025-06,4.3326156328589525,3.749805790463845,0,0
C0490,2025-06,2.329030494046081,3.370293167158241,0,0
C0491,2025-06,3.1343135338582586,4.0534734327750925,0,0
C0492,2025-06,2.025207829721513,3.116274113664495,0,0
C0493,2025-06,3.230563565617221,3.9813817866471455,0,0
C0494,2025-06,3.410375651144306,3.78707949080939,0,0
C0495,2025-06,3.1017614609202733,2.542692761609994,1,0
C0496,2025-06,3.1600214965962325,2.4849506353552258,0,0
C0497,2025-06,3.639958885811021,3.5193612731685944,0,0
C0498,2025-06,2.472015237639145,2.931912783406051,0,0
C0499,2025-06,2.5792451146460853,2.880479440278879,0,0
C0500,2025-06,3.901032027817737,3.190277422121439,0,0
C0501,2025-06,4.048893431374547,3.1607526634292498,0,0
C0502,2025-06,3.675407808533308,3.4406110928452924,0,0
C0503,2025-06,3.2900052816151946,3.5691148959730907,0,0
C0504,2025-06,2.7184220344772387,2.9757597337176938,0,0
C0505,2025-06,3.74475978855088,3.126778591500408,0,0
C0506,2025-06,3.198902100728143,3.5950889057685798,0,0
C0507,2025-06,3.759081835266049,3.4091193470844536,0,0
C0508,2025-06,2.695608075535616,3.0631748779565937,0,0
C0509,2025-06,3.4045900348090865,3.490203187050391,0,0
C0510,2025-06,3.1017614609202733,3.363188905815964,1,0
C0511,2025-06,3.712455461228642,3.500089986288523,0,0
C0512,2025-06,3.383673172925472,2.53788586894048,0,0
C0513,2025-06,3.012125336981885,3.914512638362364,0,0
C0514,2025-06,2.5186602573987007,3.123913303285502,0,0
C0515,2025-06,2.796927301382916,3.299161158032152,0,1
C0516,2025-06,3.424836338656183,3.804010052943997,0,0
C0517,2025-06,3.523015607441812,3.3053626844052086,0,0
C0518,2025-06,3.696688495693566,3.057803516563535,0,0
C0519,2025-06,3.2829109582617777,3.299161158032152,0,1
C0520,2025-06,2.8755928843711818,2.869800722826447,0,0
C0521,2025-06,2.638683001062372,3.1181217968137105,0,0
C0522,2025-06,3.902803799692951,2.860084471943937,0,0
C0523,2025-06,2.575215326969569,2.4689786382497383,0,0
C0524,2025-06,4.079254730361107,3.5426826635243325,0,0
C0525,2025-06,2.8864876558945567,3.250219983880463,0,0
C0526,2025-06,2.203662554925637,3.218321410171068,0,0
C0527,2025-06,3.6568002971348896,4.239480143084603,0,0
C0528,2025-06,3.152805748267568,3.6892936407390415,0,0
C0529,2025-06,2.755596883474146,3.346053516525243,0,0
C0530,2025-06,2.8087479497405883,3.137476974540264,0,0
C0531,2025-06,2.6348030868750327,2.801105954659198,0,0
C0532,2025-06,2.454601295577724,2.5192911676608736,0,0
C0533,2025-06,3.521787472085009,3.056009868911551,0,0
C0534,2025-06,3.518268285379147,3.299161158032152,0,1
C0535,2025-06,3.240594149142372,3.0720815990786434,0,0
C0536,2025-06,3.2763976840507025,3.8340688471655,0,0
C0537,2025-06,2.5041117889964277,2.981597615263344,0,0
C0538,2025-06,3.235010713841468,3.672826841577275,0,0
C0539,2025-06,3.3351631931271823,3.341030491930801,0,0
C0540,2025-06,2.452161577833571,3.0275668305135426,0,0
C0541,2025-06,3.249176408694372,4.1297223009201565,0,0
C0542,2025-06,2.42722186145428,3.348878700775733,0,0
C0543,2025-06,3.421280544764681,3.602412381206565,0,0
C0544,2025-06,2.599938990630997,2.9694628523882898,0,0
C0545,2025-06,2.4334491289143187,3.0432047134639477,0,0
C0546,2025-06,2.8543829670478185,3.5264404613816787,0,0
C0547,2025-06,2.983437236765999,3.3417254969922485,0,0
C0548,2025-06,2.7483053544109937,2.645828589468441,0,0
C0549,2025-06,3.144579837359799,3.885104154394497,0,0
C0550,2025-06,2.823970735161593,3.231910907656007,0,0
C0551,2025-06,3.852874996200204,3.943876362754884,0,0
C0552,2025-06,3.754238108476076,2.9574348907453847,0,0
C0553,2025-06,3.1680687840728887,3.21368181285598,0,0
C0554,2025-06,3.439025998856771,3.70937708270902,0,0
C0555,2025-06,2.700887760984103,2.919383863549347,0,0
C0556,2025-06,3.708979273371874,3.632329072150617,0,0
C0557,2025-06,3.264104698520908,3.2750466686532347,0,0
C0558,2025-06,3.1939841580239765,3.1823921409214853,0,0
C0559,2025-06,3.286875448655324,3.058300432137877,0,0
C0560,2025-06,3.2837828766644,3.6819456906049632,0,0
C0561,2025-06,2.9103199211942075,3.422160808437891,0,0
C0562,2025-06,2.9394899523453057,2.9517989513431124,0,0
C0563,2025-06,3.558148669261945,2.934418680830009,0,0
C0564,2025-06,2.81810346160983,3.99568406785084,0,0
C0565,2025-06,4.484777766468648,3.506237266823136,0,0
C0566,2025-06,3.365015383091389,3.465151815438309,0,0
C0567,2025-06,3.082865028551616,2.776115124884908,0,0
C0568,2025-06,2.878421353732868,3.529415381200978,0,0
C0569,2025-06,3.039157280930803,3.4831445095188496,0,0
C0570,2025-06,3.3923268534292945,3.327163775340544,0,0
C0571,2025-06,3.0492561623905186,2.8571597171668195,0,0
C0572,2025-06,3.2008366683806884,3.358579550443596,0,0
C0573,2025-06,3.1363591551920678,3.518322203920904,0,0
C0574,2025-06,2.973168942972168,4.041937674239683,0,0
C0575,2025-06,2.6115471739220686,3.197162454163002,0,0
C0576,2025-06,3.5030112663386515,2.9006754898070057,0,0
C0577,2025-06,2.3025243743653,3.3477129676766046,0,0
C0578,2025-06,2.4402497165746504,3.299161158032152,0,1
C0579,2025-06,3.0912081673763385,3.4345554849600566,0,0
C0580,2025-06,2.9482998963814664,3.4076442893415764,0,0
C0581,2025-06,2.93524527858381,3.446220412801535,0,0
C0582,2025-06,2.7686149490592644,2.956952661350354,0,0
C0583,2025-06,3.4391278612159057,3.0096560630864726,0,0
C0584,2025-06,3.0033012165529973,2.578506175774846,0,0
C0585,2025-06,3.6935284370390224,4.060398638307608,0,0
C0586,2025-06,2.7164416987675657,3.701421699812644,0,0
C0587,2025-06,3.7407442483062368,3.7344778142393418,0,0
C0588,2025-06,3.09121388042383,3.153796249858957,0,0
C0589,2025-06,3.1017614609202733,4.16872692820326,1,0
C0590,2025-06,4.64654339121688,3.621408295811723,0,0
C0591,2025-06,3.307160425270564,3.231735350424124,0,0
C0592,2025-06,3.231829425220045,3.551202041776817,0,0
C0593,2025-06,3.493229757426774,3.8358076932424856,0,0
C0594,2025-06,3.304722518712851,3.550582030689553,0,0
C0595,2025-06,2.96473708854692,3.3454853388859864,0,0
C0596,2025-06,2.858260015310224,3.8260597675896224,0,0
C0597,2025-06,3.680435816513633,2.5588147669483945,0,0
C0598,2025-06,3.4784177086109973,2.4723433717203105,0,0
C0599,2025-06,2.241640457626208,2.764107494493383,0,0
C0600,2025-06,2.857757430977028,2.922873323113357,0,0
C0601,2025-06,2.325911661129737,2.6036832210545398,0,0
C0602,2025-06,2.558591021766144,3.403809347500061,0,0
C0603,2025-06,2.67365250321897,3.1360163951105644,0,0
C0604,2025-06,2.7214907699065334,2.681377142790324,0,0
C0605,2025-06,3.0659518938822887,2.355987894249133,0,0
C0606,2025-06,3.6492681308172665,2.959913528393675,0,0
C0607,2025-06,3.439515927742641,3.2818714503457693,0,0
C0608,2025-06,3.1139471808895127,2.970194187354315,0,0
C0609,2025-06,3.1017614609202733,3.341390053322124,1,0
C0610,2025-06,3.364657786801197,3.121493763336956,0,0
C0611,2025-06,2.8157895166098736,3.5608799091369554,0,0
C0612,2025-06,2.818703658865838,3.611951996054066,0,0
C0613,2025-06,3.163701697016126,3.4236262173229086,0,0
C0614,2025-06,2.9734715840093693,2.95489029500788,0,0
C0615,2025-06,3.1017614609202733,3.77497207863102,1,0
C0616,2025-06,1.7254591577360463,2.792230420400773,0,0
C0617,2025-06,3.568920360840891,2.9806968715043904,0,0
C0618,2025-06,3.135096406656157,3.307376315248066,0,0
C0619,2025-06,2.697697753137223,3.0905327388325,0,0
C0620,2025-06,3.371438977325787,3.299161158032152,0,1
C0621,2025-06,3.5556831597305845,3.789123318061237,0,0
C0622,2025-06,2.875913120345557,3.391989905828963,0,0
C0623,2025-06,3.1017614609202733,3.109294705370388,1,0
C0624,2025-06,2.408683501521802,3.293711375179816,0,0
C0625,2025-06,3.283155196030266,3.1494251086267666,0,0
C0626,2025-06,2.9950815827595787,3.117817431416306,0,0
C0627,2025-06,3.040739638972089,3.0567127505705174,0,0
C0628,2025-06,2.32766244787334,2.7625404304318866,0,0
C0629,2025-06,2.01766330533,3.491068413390451,0,0
C0630,2025-06,3.5279769923522046,4.429657700900429,0,0
C0631,2025-06,2.8561153516388127,3.797060015626413,0,0
C0632,2025-06,2.752714446152977,2.6992400373863417,0,0
C0633,2025-06,3.5626238162005293,3.0525755315157816,0,0
C0634,2025-06,3.565627892825253,3.299161158032152,0,1
C0635,2025-06,2.951375880731056,3.4418012283726247,0,0
C0636,2025-06,2.3421115441229503,4.335945991450218,0,0
C0637,2025-06,3.364990034276964,3.651331960988098,0,0
C0638,2025-06,2.19546416084745,3.740065065264332,0,0
C0639,2025-06,2.6359143008095605,2.962894852798261,0,0
C0640,2025-06,3.7231041548048736,3.880538224469677,0,0
C0641,2025-06,3.2396241443752376,3.634363410124745,0,0
C0642,2025-06,3.8831035651879375,3.798138633541251,0,0
C0643,2025-06,3.6638605849826416,3.651329161011989,0,0
C0644,2025-06,2.7047002886633846,3.3493003235400423,0,0
C0645,2025-06,2.6172371503874703,2.671840820016735,0,0
C0646,2025-06,4.445288111469427,2.8862977349884926,0,0
C0647,2025-06,3.329523114766884,3.336768308689232,0,0
C0648,2025-06,3.738721624391867,3.2365503411589733,0,0
C0649,2025-06,2.666689439531486,2.6995966673094425,0,0
C0650,2025-06,2.703187300580754,3.0342652805713803,0,0
C0651,2025-06,3.6002395075373603,4.335382193494926,0,0
C0652,2025-06,3.1832456110791,3.7063604505863657,0,0
C0653,2025-06,2.819471211338431,3.626473347509414,0,0
C0654,2025-06,2.6978811257842668,2.4304110391178706,0,0
C0655,2025-06,3.372227082494691,3.526792553870298,0,0
C0656,2025-06,3.1047032663108656,2.973325991571309,0,0
C0657,2025-06,3.678371404332486,3.820904388091323,0,0
C0658,2025-06,2.446610710838563,3.108678009066107,0,0
C0659,2025-06,3.252990129618524,3.3113503874865806,0,0
C0660,2025-06,3.133577969253633,2.542337573966104,0,0
C0661,2025-06,4.162475764780774,3.7220302203432354,0,0
C0662,2025-06,2.642322271497829,2.780930848057161,0,0
C0663,2025-06,3.1017614609202733,3.004620816826624,1,0
C0664,2025-06,2.484185763016223,3.299161158032152,0,1
C0665,2025-06,3.4232583633317737,2.662677679815252,0,0
C0666,2025-06,3.393376810097098,2.707891380277189,0,0
C0667,2025-06,3.78710357814951,2.873603799473406,0,0
C0668,2025-06,3.319429431440999,3.8900752279971416,0,0
C0669,2025-06,3.176258891416939,2.613399142160564,0,0
C0670,2025-06,3.3548930429030794,3.225656622309426,0,0
C0671,2025-06,3.206068588607929,3.083821522307825,0,0
C0672,2025-06,3.153619564800691,3.567583940554852,0,0
C0673,2025-06,2.165262136500041,2.2067558762260324,0,0
C0674,2025-06,2.797020169361396,3.043121898439215,0,0
C0675,2025-06,3.742394923084536,3.4407471357173893,0,0
C0676,2025-06,3.1017614609202733,3.883828411997669,1,0
C0677,2025-06,2.5344252934734985,3.909639483159887,0,0
C0678,2025-06,3.4637431715833045,4.625047235702716,0,0
C0679,2025-06,3.1017614609202733,2.5978395963557004,1,0
C0680,2025-06,3.4665174669675443,3.705414744453179,0,0
C0681,2025-06,3.016026705439431,2.8539940126610155,0,0
C0682,2025-06,2.951437902387212,3.745840446049911,0,0
C0683,2025-06,3.199794690551537,3.0842569384428105,0,0
C0684,2025-06,3.9191714018356154,3.8620670343606696,0,0
C0685,2025-06,3.256002997958301,3.4251496678957776,0,0
C0686,2025-06,2.949958076737067,3.1746013092045677,0,0
C0687,2025-06,3.437822416287062,3.1070372089582268,0,0
C0688,2025-06,2.0827199671954624,3.26824963178564,0,0
C0689,2025-06,3.1864740010165704,3.2918665022895683,0,0
C0690,2025-06,3.412535278489022,3.3965668641471414,0,0
C0691,2025-06,3.157149342112606,3.355218549126196,0,0
C0692,2025-06,2.5694993431578697,2.8200139758884406,0,0
C0693,2025-06,3.095727187678783,3.375372843929536,0,0
C0694,2025-06,3.346513395559914,3.805851928583013,0,0
C0695,2025-06,3.889578098267551,3.7579529608295097,0,0
C0696,2025-06,2.8759520592565915,3.795612931378338,0,0
C0697,2025-06,4.1319893826414775,3.6010170614861137,0,0
C0698,2025-06,3.0302049873944625,3.428067666271296,0,0
C0699,2025-06,3.1017614609202733,3.051390321028577,1,0
C0700,2025-06,2.8145799259558046,3.806114540052514,0,0
C0701,2025-06,2.9328493444024097,3.764121797419388,0,0
C0702,2025-06,2.603517743755846,2.8237473052833035,0,0
C0703,2025-06,3.256430669531014,2.800246371426437,0,0
C0704,2025-06,4.235748335965926,3.207081289062891,0,0
C0705,2025-06,2.159952146699284,2.748461147569005,0,0
C0706,2025-06,2.730681548016808,3.591050454139969,0,0
C0707,2025-06,2.924216660888311,3.0783557098601344,0,0
C0708,2025-06,2.972760534301164,2.6765204073732107,0,0
C0709,2025-06,2.750278207448384,3.082720016033261,0,0
C0710,2025-06,3.2750039631046537,2.431729045763074,0,0
C0711,2025-06,2.9712310866856906,3.983776839181855,0,0
C0712,2025-06,4.034192693483958,3.299161158032152,0,1
C0713,2025-06,1.819179706876504,3.721914331366708,0,0
C0714,2025-06,3.376279256294296,3.1822220872845226,0,0
C0715,2025-06,3.807277033162717,3.446928839155581,0,0
C0716,2025-06,2.82627638050138,4.271905501253968,0,0
C0717,2025-06,2.7428796103692763,3.0194584290514555,0,0
C0718,2025-06,3.1017614609202733,3.309326955346777,1,0
C0719,2025-06,3.126870013970123,3.165006224062529,0,0
C0720,2025-06,2.9257198161586397,2.795885040084178,0,0
C0721,2025-06,2.5788651739666677,3.017124871876668,0,0
C0722,2025-06,2.581728502142852,2.5724608631753085,0,0
C0723,2025-06,3.1015410267759496,3.3246597177656363,0,0
C0724,2025-06,2.7902306783029114,3.739803056337908,0,0
C0725,2025-06,2.8115743788987944,3.6363187083052617,0,0
C0726,2025-06,2.61857801617178,3.89619629339364,0,0
C0727,2025-06,3.4654191410342534,4.30543138330616,0,0
C0728,2025-06,2.463222698544135,3.459782807927136,0,0
C0729,2025-06,2.9094278765967925,3.8386488573293343,0,0
C0730,2025-06,3.112992615106786,3.975802178653257,0,0
C0731,2025-06,3.711205892194213,3.683736121949682,0,0
C0732,2025-06,2.9085843504274407,2.490784570135781,0,0
C0733,2025-06,3.020546609827936,3.3813229371257707,0,0
C0734,2025-06,3.3219600195644463,3.192305429510714,0,0
C0735,2025-06,3.1196605283459498,3.5745740939255093,0,0
C0736,2025-06,2.882478119151558,3.5226227838713564,0,0
C0737,2025-06,3.1017614609202733,3.629688017424876,1,0
C0738,2025-06,3.4821186200746075,3.653266522884501,0,0
C0739,2025-06,3.1370663360363658,3.499071095900337,0,0
C0740,2025-06,3.190478918847913,3.299161158032152,0,1
C0741,2025-06,3.792066442434486,3.415772751259033,0,0
C0742,2025-06,3.1017614609202733,3.462524630285624,1,0
C0743,2025-06,3.012264835637108,3.003871011942905,0,0
C0744,2025-06,2.225470685664342,2.466865494297171,0,0
C0745,2025-06,3.3330417344055574,3.5196527574897933,0,0
C0746,2025-06,3.121406671447871,3.299161158032152,0,1
C0747,2025-06,3.5371319983523257,3.5274004662618044,0,0
C0748,2025-06,2.7309503248863205,3.0654282237980266,0,0
C0749,2025-06,3.222188636254117,2.2782890443022463,0,0
C0750,2025-06,3.586762047417536,3.719529878758815,0,0
C0751,2025-06,2.1628046610795275,3.299161158032152,0,1
C0752,2025-06,3.0377598206860195,2.5079698967760624,0,0
C0753,2025-06,3.624558130730096,4.139238776446838,0,0
C0754,2025-06,3.3463353293062594,3.643220031933588,0,0
C0755,2025-06,3.1424589156224507,2.810123540391846,0,0
C0756,2025-06,2.7532508293635614,3.698962674404514,0,0
C0757,2025-06,3.532480012541924,3.082752184592882,0,0
C0758,2025-06,3.0330212906594767,3.504166557691652,0,0
C0759,2025-06,2.646283944908409,3.407348032577666,0,0
C0760,2025-06,3.7464450251924526,3.5899779211469456,0,0
C0761,2025-06,2.6641080316411974,3.62407019810102,0,0
C0762,2025-06,2.5713683761347794,3.299161158032152,0,1
C0763,2025-06,3.001273370113066,3.599168031943793,0,0
C0764,2025-06,3.070621620232371,4.230130704788387,0,0
C0765,2025-06,3.712476233578743,4.154539050560328,0,0
C0766,2025-06,2.878047631180502,3.2663934902537126,0,0
C0767,2025-06,3.157058607499313,4.000107179841953,0,0
C0768,2025-06,3.1017614609202733,3.3556791273962725,1,0
C0769,2025-06,2.3356762486917884,3.567303485842747,0,0
C0770,2025-06,3.2852302198874512,3.706500528629295,0,0
C0771,2025-06,3.323006408945986,3.424726845097561,0,0
C0772,2025-06,2.730968252012302,2.9330151257393,0,0
C0773,2025-06,2.668957412622961,3.038817781426617,0,0
C0774,2025-06,2.6480332740924637,2.382227422499868,0,0
C0775,2025-06,2.640834296156518,2.5710419552764066,0,0
C0776,2025-06,3.444760210884782,2.9806552385881027,0,0
C0777,2025-06,3.8821064593405743,3.3238845930871848,0,0
C0778,2025-06,2.757637528427157,3.299161158032152,0,1
C0779,2025-06,3.779475560710925,3.012334837131847,0,0
C0780,2025-06,3.235363084017136,3.806184588904536,0,0
C0781,2025-06,3.1017614609202733,3.613611759780041,1,0
C0782,2025-06,2.613986926880037,2.9761720213619527,0,0
C0783,2025-06,3.7531532348882735,3.445373962553804,0,0
C0784,2025-06,2.557115873906409,2.963300945952476,0,0
C0785,2025-06,2.5889750770019204,3.480270296070616,0,0
C0786,2025-06,2.930059411306118,2.955607862672597,0,0
C0787,2025-06,1.7744710901555538,2.260987909446734,0,0
C0788,2025-06,3.4276658842257737,3.178625245482218,0,0
C0789,2025-06,2.3371740902346514,3.299161158032152,0,1
C0790,2025-06,4.312614153354919,3.079032814349988,0,0
C0791,2025-06,3.2074307271456624,3.299161158032152,0,1
C0792,2025-06,3.008280071976832,3.538060162625797,0,0
C0793,2025-06,3.3383399894809065,3.3863630726343312,0,0
C0794,2025-06,2.237134739661633,3.4272824000231497,0,0
C0795,2025-06,2.7076212281684406,3.800588012066528,0,0
C0796,2025-06,3.755994287602495,3.265071062535918,0,0
C0797,2025-06,3.2460022585694177,2.7463548655071834,0,0
C0798,2025-06,3.373825476704767,3.093907815842861,0,0
C0799,2025-06,3.266201045754837,2.6588677171431376,0,0
C0800,2025-06,2.398680103519867,4.490121084346277,0,0
