student_id,department,semester,success_score,cgpa,attendance_pct,coding,placement_component,engagement_score,lms_logins,cluster,segment
C0001,ECE,7,70.73,6.759058211109689,,78.77902249782127,73.24785464572905,5.0,10.446412837185592,1,Placement-Ready Academic Strugglers
C0002,Civil,8,71.19,5.75945837172322,94.0,86.03993711751801,69.55477965883155,2.0,15.344391731663176,1,Placement-Ready Academic Strugglers
C0003,EEE,3,62.23,5.924983549987886,,76.91785749456994,71.9265381113397,3.0,13.851537007045184,1,Placement-Ready Academic Strugglers
C0004,ME,8,69.91,6.901664527127908,70.0,79.37339630987967,72.01648990489825,8.0,17.044660038578712,1,Placement-Ready Academic Strugglers
C0005,EEE,5,68.6,5.706538893152508,80.0,64.93705838329176,74.51557554218769,6.0,10.871223342321406,1,Placement-Ready Academic Strugglers
C0006,Civil,5,79.12,10.0,83.0,86.18596376316073,76.39265782522425,6.0,11.62081074041708,2,Strong Performers
C0007,Civil,5,72.05,7.059090761474365,79.0,64.38599884243156,73.42700420277693,6.0,17.474971945954024,2,Strong Performers
C0008,CSE,6,74.96,7.722186970967538,76.0,72.15125218787594,72.54655067379313,5.0,16.830474107557166,2,Strong Performers
C0009,ME,6,77.68,6.16675476560701,84.0,70.505518733803,79.51764062320804,6.0,23.38176479444769,2,Strong Performers
C0010,ECE,5,71.01,5.9861018410415685,89.0,58.10068764335459,68.81232871194922,7.0,22.82207220518763,0,Silent Strugglers
C0011,ME,3,75.79,7.591980339900729,84.0,77.25714635154034,66.33824588358526,11.0,9.253400664502443,2,Strong Performers
C0012,ME,8,69.64,4.9203766335327845,87.0,100.0,72.2008814555687,5.0,17.118300337931963,1,Placement-Ready Academic Strugglers
C0013,EEE,4,71.64,5.755554716045282,89.0,68.02887286414729,77.42347011083557,3.0,12.921912374642265,1,Placement-Ready Academic Strugglers
C0014,EEE,3,62.28,5.442358424369195,69.0,59.21784595740088,65.02385550401269,4.0,14.489665374410404,0,Silent Strugglers
C0015,CSE,6,77.55,6.84031739456115,85.0,90.47899682307818,91.47522975422176,3.0,18.1490543321281,2,Strong Performers
C0016,ME,5,68.36,6.901664527127908,71.0,65.20093351550364,73.32863392360895,3.0,8.552788760558329,1,Placement-Ready Academic Strugglers
C0017,ME,6,82.83,8.805774430466412,95.0,61.42100202451408,75.84530479399541,7.0,16.185296075109118,2,Strong Performers
C0018,CSE,8,80.15,7.605283890688484,95.0,85.82542626273195,78.8706304737629,3.0,19.365839084740333,2,Strong Performers
C0019,CSE,3,77.61,6.777360588484196,84.0,85.66140342797715,93.8330645423489,2.0,17.57437176011502,2,Strong Performers
C0020,CSE,4,73.52,6.0305431784295696,81.0,70.23327373893123,74.35334091896797,6.0,19.393816381410566,2,Strong Performers
C0021,Civil,6,71.5,6.901664527127908,89.0,68.00744974129151,68.70108846165287,4.0,10.695715593078166,1,Placement-Ready Academic Strugglers
C0022,ECE,7,73.6,6.852825770299545,84.0,52.767450096389865,75.96950202216657,5.0,14.284081821219148,2,Strong Performers
C0023,EEE,6,74.0,7.523282886979608,90.0,73.64045375858915,63.61371887558317,9.0,11.076076955874791,2,Strong Performers
C0024,ECE,5,63.95,6.299866944981536,64.0,62.99918078103545,58.56565566276495,4.0,12.178320226635376,0,Silent Strugglers
C0025,EEE,6,77.61,6.804654289596599,88.0,85.88444001766888,80.8767711431102,10.0,16.175437928794437,2,Strong Performers
C0026,ECE,8,71.58,7.847088409913482,73.0,72.15125218787594,61.20219200616481,7.0,14.430490545415058,0,Silent Strugglers
C0027,Civil,5,74.13,6.76185751610813,83.0,59.34039304755503,81.37805385033913,2.0,13.02454146271803,1,Placement-Ready Academic Strugglers
C0028,CSE,8,78.1,7.962155494104586,91.0,80.86811240959247,80.14174592380266,3.0,19.125070005894365,2,Strong Performers
C0029,ME,7,76.52,6.901664527127908,88.0,68.3971670324383,81.72362900677955,4.0,15.069354696408242,2,Strong Performers
C0030,Civil,4,61.65,5.733212407110982,60.0,43.51263936263598,56.60933155101652,3.0,17.18392577338686,0,Silent Strugglers
C0031,EEE,4,69.5,6.99595545385146,75.0,87.60162468981994,76.39977729157226,2.0,13.037407485535477,1,Placement-Ready Academic Strugglers
C0032,Civil,7,72.63,7.077712288154055,89.0,65.44283299145147,69.06713376342077,5.0,10.97767774110089,0,Silent Strugglers
C0033,CSE,4,62.65,5.599533440326875,75.0,43.90207323547533,46.02997817628122,5.0,14.00647961026292,0,Silent Strugglers
C0034,ECE,5,66.65,5.8830741911808335,,42.83320641962322,70.6556811156236,2.0,15.975661248952475,0,Silent Strugglers
C0035,CSE,4,80.6,8.03480717912747,100.0,92.08589277883128,85.7545865805185,7.0,14.55776381698508,2,Strong Performers
C0036,CSE,6,72.06,6.901664527127908,75.0,82.56295529979563,73.62348953346356,5.0,16.82330644056189,1,Placement-Ready Academic Strugglers
C0037,ME,4,75.56,6.821921240807455,95.0,50.31721290047344,68.28662645723881,4.0,,2,Strong Performers
C0038,ME,6,56.78,5.731724737619454,63.0,51.72948721295244,50.444838038173735,5.0,7.450697758811249,0,Silent Strugglers
C0039,Civil,8,71.11,6.519121038828247,82.0,59.78912709244174,69.97008907059207,3.0,16.17248319332537,0,Silent Strugglers
C0040,Civil,7,71.38,7.260822087944925,76.0,38.17034819532753,52.69041950288689,8.0,18.32325609971466,0,Silent Strugglers
C0041,ME,8,76.4,6.735718598196503,96.0,83.5689021804351,75.19141675464736,8.0,18.185490227832343,2,Strong Performers
C0042,Civil,3,77.75,7.796515238709392,85.0,77.20321276963381,72.07536989535213,7.0,15.299978379467294,2,Strong Performers
C0043,CSE,5,69.77,5.425235577682585,88.0,68.25039605276744,76.61636709567033,1.0,10.917418480113271,1,Placement-Ready Academic Strugglers
C0044,CSE,4,68.46,6.879053764443702,68.0,69.49167402243367,77.61330743759432,6.0,15.69859215296181,1,Placement-Ready Academic Strugglers
C0045,ME,8,67.02,5.66740820279727,97.0,59.86669553230133,67.5590856623593,3.0,8.263517070623667,0,Silent Strugglers
C0046,Civil,7,73.21,5.8994460634470745,83.0,61.46147743927081,77.85227233191976,4.0,20.11997623834928,2,Strong Performers
C0047,CSE,4,81.67,8.697649947251325,96.0,92.23358151961364,76.4428654553616,5.0,19.747726094860496,2,Strong Performers
C0048,ECE,6,70.96,6.9118872554320285,68.0,78.20521550525451,74.83637185591722,4.0,15.325560986759458,1,Placement-Ready Academic Strugglers
C0049,ME,6,64.16,5.363126377341142,,55.80152303791775,78.42195583294654,7.0,10.433487484348476,0,Silent Strugglers
C0050,CSE,5,68.74,6.552452466148488,,77.98117714932971,67.67997216425208,6.0,13.071256661582854,1,Placement-Ready Academic Strugglers
C0051,ECE,5,67.59,5.854650748827261,82.0,47.36947460604561,58.94371842254109,6.0,17.92648062247924,0,Silent Strugglers
C0052,Civil,3,68.5,4.994269857214851,100.0,61.11411018121597,62.4367525811376,6.0,13.787929179501589,0,Silent Strugglers
C0053,ME,5,71.58,6.499536234221839,89.0,67.041228637233,73.31928871700038,3.0,20.7861271515859,2,Strong Performers
C0054,CSE,5,75.95,9.09752926181829,79.0,24.567629574182284,65.69927199340923,4.0,16.135110214059722,0,Silent Strugglers
C0055,Civil,7,67.91,7.039594992395166,66.0,84.78813906163182,80.46100525431717,2.0,10.923706787772105,1,Placement-Ready Academic Strugglers
C0056,CSE,8,74.66,6.839113298690682,92.0,64.39568297191316,68.99937954660219,2.0,15.303080803067008,2,Strong Performers
C0057,Civil,7,63.62,5.696883728624781,64.0,80.93830167958471,64.34558760966236,4.0,15.125891226160542,1,Placement-Ready Academic Strugglers
C0058,CSE,3,72.98,7.0977317332951895,83.0,52.64605639234362,71.30044275871096,5.0,13.891155370615053,0,Silent Strugglers
C0059,ME,8,65.34,5.287891328864136,56.0,82.98532471134604,76.43143761438948,7.0,18.0139836997257,1,Placement-Ready Academic Strugglers
C0060,ECE,5,63.22,6.052145326556336,65.0,57.34686472614314,56.26162387427172,4.0,17.09954444090389,0,Silent Strugglers
C0061,CSE,5,79.86,7.1921869042205815,97.0,92.29435220506056,84.60027486981193,6.0,16.24647676989775,2,Strong Performers
C0062,Civil,8,72.25,5.277125027431396,100.0,90.26726307733676,73.87837726361454,3.0,13.2938762539212,1,Placement-Ready Academic Strugglers
C0063,CSE,8,77.03,6.359851056547658,100.0,69.66036741689263,72.19745645346386,5.0,17.69904156581818,2,Strong Performers
C0064,CSE,3,77.67,7.822785296236293,89.0,87.74719341661402,74.24534129246071,0.0,14.921145359289872,2,Strong Performers
C0065,CSE,5,70.06,6.189927797303628,80.0,53.86523600705523,70.78850848757911,5.0,16.374959120900236,0,Silent Strugglers
C0066,ME,7,77.58,8.06523672753256,71.0,81.24522408135508,81.69792851128612,7.0,14.55776381698508,2,Strong Performers
C0067,Civil,6,67.76,6.131774892396767,75.0,66.99907852986688,68.22809480070349,3.0,12.938111722798885,0,Silent Strugglers
C0068,EEE,4,74.59,7.29619792708441,81.0,65.12192694102819,74.40035238201934,7.0,17.76691510938728,2,Strong Performers
C0069,CSE,6,65.95,6.057216789864652,64.0,81.19157165829091,69.85884347922128,2.0,15.36206154692558,1,Placement-Ready Academic Strugglers
C0070,ECE,8,72.91,7.691843574023864,89.0,61.75650181242625,56.62837477778689,8.0,14.185942369772585,0,Silent Strugglers
C0071,CSE,4,79.9,6.839822783692669,94.0,70.35713732717444,79.52311035892116,4.0,22.702313648927912,2,Strong Performers
C0072,ME,7,69.55,6.513025319043596,60.0,75.02432262531748,70.86032030919922,8.0,16.505768911173064,1,Placement-Ready Academic Strugglers
C0073,EEE,7,69.24,6.626657122247519,88.0,64.32999838908226,57.06083568863082,5.0,6.8507977789775065,0,Silent Strugglers
C0074,ME,8,64.3,5.349425570787009,74.0,42.02216160032474,58.98142096339739,7.0,14.168238805855562,0,Silent Strugglers
C0075,ME,4,70.07,7.181868800474641,84.0,63.650701930966186,59.48346005636043,5.0,13.241161734697922,0,Silent Strugglers
C0076,ECE,4,74.17,6.749163328188259,96.0,64.96948967304435,75.3070064795012,7.0,12.6056026786868,2,Strong Performers
C0077,EEE,6,70.18,5.8541111626111295,97.0,93.45621355900089,74.92187648567098,1.0,15.00543697001765,1,Placement-Ready Academic Strugglers
C0078,ECE,6,70.03,6.0952735791066965,91.0,81.78607719943767,81.52103301979477,2.0,11.03599361637875,1,Placement-Ready Academic Strugglers
C0079,CSE,5,73.53,6.803513539164491,87.0,87.73111176623897,81.31568186396841,7.0,14.526642776237807,2,Strong Performers
C0080,ECE,7,60.78,6.182242082910601,58.0,44.71629072586347,72.1419724210172,4.0,8.897816371418704,0,Silent Strugglers
C0081,CSE,7,66.13,5.966817898230842,83.0,53.79003482802888,59.25743795477749,6.0,13.431217952311377,0,Silent Strugglers
C0082,CSE,4,65.35,6.863068675603557,74.0,63.696134698519856,65.83419504326174,5.0,10.033825778500336,0,Silent Strugglers
C0083,CSE,7,74.03,7.222230662895821,74.0,62.15582811819677,75.62233955659951,7.0,16.447760747517044,2,Strong Performers
C0084,ECE,4,71.31,6.8273572621926135,88.0,65.29399252549868,68.88497822059217,7.0,8.867836737199337,0,Silent Strugglers
C0085,ME,5,67.97,5.573520964939782,84.0,71.6636437971514,66.92036311743497,4.0,14.55776381698508,0,Silent Strugglers
C0086,CSE,3,72.14,7.877475929121659,71.0,96.67367195432736,76.631023529661,6.0,13.750409593755744,1,Placement-Ready Academic Strugglers
C0087,ECE,5,59.64,5.6698683919565225,,59.26052296164232,63.88505044077251,7.0,11.91858686510978,0,Silent Strugglers
C0088,EEE,8,64.8,4.78736960622045,69.0,67.12157869314747,71.01797054929135,9.0,13.6173962650975,0,Silent Strugglers
C0089,Civil,5,72.61,5.755126141222945,100.0,88.38336293933042,84.32820966181649,3.0,13.950994360596262,1,Placement-Ready Academic Strugglers
C0090,ECE,7,76.55,6.455801125045326,91.0,75.49169047512761,79.45666897739603,5.0,15.923204778852114,2,Strong Performers
C0091,CSE,3,76.73,7.3328051522323,81.0,66.18146447244456,78.19785595576543,4.0,16.731151195907326,2,Strong Performers
C0092,Civil,6,67.7,6.542604560528309,66.0,57.36017507721695,63.5118685212226,7.0,17.211926973227385,0,Silent Strugglers
C0093,CSE,5,68.62,7.142209740503271,70.0,72.25885649952639,62.15432248509168,7.0,17.36284981798263,0,Silent Strugglers
C0094,CSE,7,69.72,6.467213260307311,81.0,90.51168101022212,68.53158349418719,2.0,14.985676656846744,1,Placement-Ready Academic Strugglers
C0095,EEE,8,71.46,6.901664527127908,76.0,84.2595765451347,75.69970257562129,9.0,12.624551128238384,1,Placement-Ready Academic Strugglers
C0096,ECE,6,73.32,7.166413637930244,88.0,63.929504757696606,74.60931069416057,5.0,19.620312343744946,2,Strong Performers
C0097,ME,3,66.98,6.218166245781186,49.0,67.72211677153571,77.12200069476955,6.0,18.980780906718056,1,Placement-Ready Academic Strugglers
C0098,ME,5,65.71,6.988385302562366,72.0,82.204795659361,66.55812586112653,3.0,12.573938600120488,1,Placement-Ready Academic Strugglers
C0099,ME,3,79.58,6.901664527127908,100.0,93.3076828532012,84.91908088723103,8.0,14.90368803850138,2,Strong Performers
C0100,CSE,5,75.68,6.818761948899562,100.0,100.0,87.31875020389525,7.0,9.66684954206396,2,Strong Performers
C0101,CSE,3,78.12,7.119327338801162,91.0,84.5214572781697,89.69533541731006,1.0,16.675600932385745,2,Strong Performers
C0102,CSE,6,73.32,6.70479736605987,95.0,56.98913909966375,74.87418867230703,3.0,14.462454255427312,2,Strong Performers
C0103,CSE,4,68.97,5.92774056511997,86.0,64.95925356193045,62.36517136957131,5.0,15.119227263679235,0,Silent Strugglers
C0104,Civil,4,64.4,6.624413620463765,46.0,82.00016800011663,80.44078410303511,11.0,11.17753763611099,1,Placement-Ready Academic Strugglers
C0105,CSE,3,79.18,7.3768621169767155,94.0,92.7728279163187,83.65867670791836,8.0,15.008210453934362,2,Strong Performers
C0106,ME,8,67.49,4.531189943822454,100.0,31.701013026551745,58.43912102938808,8.0,19.483304969843665,0,Silent Strugglers
C0107,Civil,8,67.87,5.50895160291383,81.0,69.65025225345423,75.19916424934074,7.0,14.56972307329114,1,Placement-Ready Academic Strugglers
C0108,Civil,7,70.06,7.043477785250039,71.0,82.8391884167405,79.47383757556503,7.0,12.325826740900956,1,Placement-Ready Academic Strugglers
C0109,ECE,3,72.34,6.874036848150331,86.0,69.20923384827584,72.17975497439608,10.0,13.693393601629507,2,Strong Performers
C0110,ECE,5,67.23,5.75884080245848,83.0,88.39060231419171,69.18282689049418,2.0,12.0100049574845,1,Placement-Ready Academic Strugglers
C0111,EEE,8,72.62,6.494808515048574,97.0,51.64755676203298,61.20634944628429,3.0,14.892189813970615,0,Silent Strugglers
C0112,ME,6,74.05,6.827119095414579,88.0,49.98272617964153,64.38945854974817,12.0,13.72577361810943,0,Silent Strugglers
C0113,Civil,3,74.18,7.5747933926172335,82.0,96.05561781605392,71.86540465021419,3.0,18.786710843507784,2,Strong Performers
C0114,EEE,3,75.44,5.966652622231451,100.0,90.71283363638872,81.15479848907047,3.0,16.078695063198175,2,Strong Performers
C0115,Civil,4,71.35,7.047098698066902,93.0,74.3288251168994,77.19804008324927,3.0,12.871817226892396,1,Placement-Ready Academic Strugglers
C0116,CSE,8,73.61,7.314481886966699,78.0,62.24169173535286,81.19348896766621,6.0,12.577790831374315,2,Strong Performers
C0117,ME,4,63.05,6.958081843026655,66.0,51.3159985554293,68.60176703529807,2.0,9.582093272204688,0,Silent Strugglers
C0118,CSE,8,74.96,7.584207500953793,86.0,76.487325042897,70.00747710250684,5.0,16.65313285740116,2,Strong Performers
C0119,ME,7,76.72,6.695870976913679,95.0,87.80310678709282,80.95848705293294,5.0,13.870115218685925,2,Strong Performers
C0120,EEE,8,74.39,6.3594188300577015,80.0,69.98826239259404,80.70110047614634,4.0,18.425519103860573,2,Strong Performers
C0121,ECE,7,62.46,6.10122723001493,,77.89632976962463,78.19959739804995,5.0,9.54377604807872,1,Placement-Ready Academic Strugglers
C0122,ECE,4,72.77,7.9191613942976815,70.0,69.37831760125363,65.52754921059719,7.0,18.77583443376202,2,Strong Performers
C0123,CSE,7,70.71,6.094839362982038,83.0,58.24253950126246,76.11055512839508,1.0,17.606406603323524,1,Placement-Ready Academic Strugglers
C0124,EEE,4,69.29,6.259001141224657,87.0,48.47234528169774,66.45971420732404,4.0,12.50884955100994,0,Silent Strugglers
C0125,CSE,4,70.95,7.322640984694524,77.0,85.43979358906635,64.21606594418203,8.0,14.55776381698508,1,Placement-Ready Academic Strugglers
C0126,CSE,4,80.4,7.812302052290815,83.0,84.80755171481574,86.24538790847595,3.0,17.378639267551574,2,Strong Performers
C0127,CSE,3,79.46,8.785549805835958,76.0,79.64510155289781,77.0583469298629,8.0,18.511481330431984,2,Strong Performers
C0128,CSE,3,73.85,6.086717889976997,89.0,80.35783038086319,56.99511872414035,8.0,21.69112004457991,2,Strong Performers
C0129,ECE,4,72.39,7.037853599278164,73.0,40.82155490742108,70.08879234857538,5.0,17.649811934406543,0,Silent Strugglers
C0130,ECE,3,70.44,7.793427679475361,59.0,55.601237795219134,69.39253675970453,4.0,16.43628490717527,0,Silent Strugglers
C0131,CSE,5,78.75,7.924670104067927,86.0,82.37739737352865,80.86336372995605,3.0,16.913525666107688,2,Strong Performers
C0132,CSE,3,72.13,8.206694864212018,68.0,100.0,78.6153471021931,3.0,18.659264785186146,2,Strong Performers
C0133,CSE,3,70.23,6.577943536055224,73.0,70.93204574343646,81.7048624125278,5.0,14.405160036332758,1,Placement-Ready Academic Strugglers
C0134,ECE,8,72.77,7.143804443182228,78.0,62.69142138568392,77.33109498288813,4.0,16.536207713782503,2,Strong Performers
C0135,CSE,3,65.16,5.781824092736734,59.0,62.54320602584147,79.25773692108746,6.0,15.296099476154268,1,Placement-Ready Academic Strugglers
C0136,ME,3,72.24,8.009599978717821,66.0,67.65201834238569,82.47197444181535,3.0,14.656674427879276,1,Placement-Ready Academic Strugglers
C0137,CSE,3,75.99,7.060405090977734,92.0,88.16349439091739,79.98561215921013,5.0,13.62132305619668,2,Strong Performers
C0138,CSE,3,72.89,7.798912377597419,76.0,86.28890207603575,80.9982606643304,2.0,13.596627259864803,1,Placement-Ready Academic Strugglers
C0139,ECE,6,67.7,6.026567464910782,100.0,53.45579406670756,64.55786611123598,2.0,14.750975290608128,0,Silent Strugglers
C0140,ECE,7,70.81,6.607997101535249,88.0,78.88140661861279,71.68878317865548,4.0,14.472377844491888,1,Placement-Ready Academic Strugglers
C0141,CSE,7,81.39,8.285875885668572,96.0,81.39642334372385,83.94169287902331,4.0,15.023122428605213,2,Strong Performers
C0142,CSE,6,79.22,6.846789897934382,88.0,100.0,84.19243026009865,9.0,16.112702589567114,2,Strong Performers
C0143,Civil,3,69.67,7.502889291168634,72.0,65.60316581827382,68.23783364639654,4.0,15.278389015788342,0,Silent Strugglers
C0144,CSE,7,74.17,7.685043801145137,,82.1543155862117,84.19416666592947,3.0,12.711676513669572,2,Strong Performers
C0145,ECE,3,72.84,6.514364793107903,78.0,72.15125218787594,87.15334720521118,5.0,14.55776381698508,1,Placement-Ready Academic Strugglers
C0146,ECE,6,75.33,6.2602954598396,100.0,83.60709589434416,73.40446484311427,6.0,14.448696961438422,2,Strong Performers
C0147,CSE,5,74.92,7.932353970762929,71.0,73.62283780418595,85.16850266373945,7.0,20.099343782403565,2,Strong Performers
C0148,ECE,8,67.86,6.068380501254619,81.0,79.96851487428007,77.12784516022076,3.0,12.085904244107384,1,Placement-Ready Academic Strugglers
C0149,Civil,4,75.66,7.345755899863487,81.0,76.88861893384691,77.08919479351984,6.0,15.505917909511474,2,Strong Performers
C0150,Civil,6,78.01,6.802103632038108,92.0,85.386007445426,77.01044494846033,7.0,16.014594240353563,2,Strong Performers
C0151,CSE,5,79.82,8.71805344988085,94.0,79.91985007614126,75.79953850664629,7.0,15.30640616289204,2,Strong Performers
C0152,CSE,6,78.76,7.338920505067778,96.0,87.42496744032667,81.85159778183424,7.0,16.700126381907825,2,Strong Performers
C0153,CSE,8,76.58,8.036535468340858,81.0,99.65261313487844,86.827335089165,2.0,11.316301067412166,2,Strong Performers
C0154,ECE,7,72.94,6.296044585671018,100.0,89.65832235049234,83.30673272738528,2.0,15.885594834639743,2,Strong Performers
C0155,ME,5,68.68,5.365976214486571,100.0,55.8168171392834,56.20056714302256,3.0,13.774646313618817,0,Silent Strugglers
C0156,CSE,5,73.72,7.70576087544323,69.0,87.6600863105034,74.27639931131023,7.0,18.99048818757952,2,Strong Performers
C0157,CSE,7,72.0,6.839622093205053,,93.60716428316124,68.32926446061049,6.0,16.561391365996304,2,Strong Performers
C0158,EEE,5,68.46,6.484569698917378,80.0,78.03654992008255,73.24522705905581,8.0,13.260032790696188,1,Placement-Ready Academic Strugglers
C0159,CSE,4,77.8,7.2498682532972465,88.0,75.36079826004848,82.85996355155858,10.0,13.695995333784287,2,Strong Performers
C0160,ECE,5,75.1,6.647016143304788,93.0,72.15125218787594,70.32611536830315,4.0,17.743498763486887,2,Strong Performers
C0161,ME,3,74.01,5.68818389628064,96.0,66.45183215718822,76.24350417034726,3.0,15.80095187794102,2,Strong Performers
C0162,CSE,4,77.76,8.125783116958281,83.0,62.95546762541476,73.44488524217155,5.0,12.46641336407595,2,Strong Performers
C0163,CSE,5,71.69,6.17994647290754,85.0,78.04595598218427,79.92549828797054,5.0,14.518236384300415,1,Placement-Ready Academic Strugglers
C0164,CSE,7,76.42,8.804860359338413,65.0,100.0,82.55186467575443,5.0,15.961209609858123,2,Strong Performers
C0165,EEE,7,67.63,6.665200082217221,72.0,65.35979434991107,61.28313920849785,3.0,16.912813282398496,0,Silent Strugglers
C0166,CSE,4,72.55,5.750289930469315,86.0,93.79307658504992,87.33463984935527,7.0,12.996480647883727,1,Placement-Ready Academic Strugglers
C0167,CSE,5,69.88,5.236074263552678,83.0,86.33540272251896,75.90527408742935,6.0,17.20253229470052,1,Placement-Ready Academic Strugglers
C0168,CSE,3,68.84,6.230737424808045,70.0,73.22000935018643,68.58889710631095,5.0,15.08607831972756,1,Placement-Ready Academic Strugglers
C0169,CSE,7,76.29,7.191261899075739,83.0,85.15963023524252,77.90590834725806,3.0,20.286191090630183,2,Strong Performers
C0170,ME,4,68.81,6.31873453577483,87.0,87.70555067776016,74.04434330474216,4.0,7.984228391177505,1,Placement-Ready Academic Strugglers
C0171,CSE,7,70.58,6.591063467931749,72.0,72.15125218787594,67.99540559907376,4.0,13.24309040196606,1,Placement-Ready Academic Strugglers
C0172,ME,8,71.5,6.607781227742454,84.0,52.4044561555986,56.843494909536616,13.0,14.32307348543604,0,Silent Strugglers
C0173,ME,7,65.76,5.448398590346216,77.0,43.88137035961576,70.33804706464257,5.0,14.223338968399451,0,Silent Strugglers
C0174,Civil,4,73.59,6.499358549637948,98.0,64.43029935303034,71.58996058846681,3.0,12.231908484106365,2,Strong Performers
C0175,CSE,8,68.81,7.072621238903171,,74.01862469379583,71.67699923752815,5.0,11.773184257431726,1,Placement-Ready Academic Strugglers
C0176,Civil,7,58.22,5.889095520320873,43.0,72.15125218787594,65.29889483711939,5.0,12.695033735030316,0,Silent Strugglers
C0177,ME,6,72.67,6.869156759677544,92.0,80.80964706838922,85.27398292392002,3.0,15.048224111975111,2,Strong Performers
C0178,CSE,8,69.41,6.969655424559817,78.0,62.81913473192316,73.2939706399778,5.0,8.398070088252851,1,Placement-Ready Academic Strugglers
C0179,Civil,8,69.15,7.013306364399343,72.0,72.52225604292735,81.29074692473205,3.0,11.866054743187703,1,Placement-Ready Academic Strugglers
C0180,Civil,3,66.94,6.817683967503746,77.0,93.62594514262548,78.84742487949622,3.0,11.087633987086082,1,Placement-Ready Academic Strugglers
C0181,CSE,8,73.38,6.113215357539843,83.0,100.0,81.24182402632131,3.0,18.783148345283024,1,Placement-Ready Academic Strugglers
C0182,EEE,7,70.49,6.429786887519529,83.0,100.0,74.34329607710326,5.0,14.451341104425468,1,Placement-Ready Academic Strugglers
C0183,ECE,4,67.07,6.2506939283946,81.0,82.4062291939547,80.45126507306968,3.0,13.914429725470043,1,Placement-Ready Academic Strugglers
C0184,ME,4,69.66,6.798905157291682,71.0,64.32289126664935,71.95357456251706,3.0,16.833006185947035,1,Placement-Ready Academic Strugglers
C0185,EEE,7,74.04,7.286889934709216,83.0,87.03292374278978,80.38282588443799,7.0,,2,Strong Performers
C0186,ECE,4,72.03,6.128495082110241,87.0,70.39084693904884,80.28700964237683,11.0,6.667511512751922,1,Placement-Ready Academic Strugglers
C0187,Civil,5,73.64,6.901664527127908,85.0,98.35550964422484,73.28251530238553,2.0,14.82159179780824,1,Placement-Ready Academic Strugglers
C0188,CSE,7,78.03,7.28378538501244,94.0,78.66616370830452,82.35433053918885,2.0,18.19692600222445,2,Strong Performers
C0189,Civil,6,78.73,7.468818831385548,96.0,79.84782603989414,64.42845454442026,9.0,11.343632747503666,2,Strong Performers
C0190,ME,8,70.51,6.819796590415706,100.0,35.92569642511324,65.48720550195718,3.0,7.951101176691878,0,Silent Strugglers
C0191,CSE,3,74.24,7.828510133135554,80.0,48.1916374738606,54.58702630525672,4.0,20.54760216150999,0,Silent Strugglers
C0192,ECE,4,75.85,6.901664527127908,100.0,90.52255661519057,81.65983355535921,4.0,13.368383461084624,2,Strong Performers
C0193,CSE,8,76.5,5.97526711832607,100.0,77.81163036278366,78.20532798275259,5.0,19.278198582876385,2,Strong Performers
C0194,CSE,6,71.9,7.79396400117694,73.0,50.5687653332205,71.7648538524965,5.0,14.485214466204503,0,Silent Strugglers
C0195,CSE,4,71.18,6.900048488947012,76.0,84.35381213521372,72.42339308297254,4.0,15.03333737278297,1,Placement-Ready Academic Strugglers
C0196,CSE,4,75.72,8.48540455010848,69.0,90.630987903699,89.93261016917297,3.0,14.084868312829531,2,Strong Performers
C0197,CSE,5,69.94,7.131651537729198,,53.23002982182192,63.90286903018623,8.0,9.708987026385527,0,Silent Strugglers
C0198,CSE,6,71.56,7.459714394542004,80.0,92.87547318701024,83.73828340232865,2.0,9.718904572032848,1,Placement-Ready Academic Strugglers
C0199,ME,4,65.52,7.332821944086004,61.0,80.06112860963557,80.69096922615753,4.0,8.396114844438642,1,Placement-Ready Academic Strugglers
C0200,ME,6,75.15,6.886226497119727,,60.04775075668661,66.77944433679953,8.0,21.76345999256693,2,Strong Performers
C0201,ME,5,63.96,5.728488237652885,,59.9976830810769,68.68584001235433,2.0,14.005307590824753,0,Silent Strugglers
C0202,CSE,6,70.01,6.968946109322108,73.0,91.37524078651144,68.08699812236264,5.0,,1,Placement-Ready Academic Strugglers
C0203,Civil,3,75.59,7.072134195859757,100.0,75.1866836413542,76.04214327579977,7.0,10.565411511830645,2,Strong Performers
C0204,ME,6,66.75,6.229928638244724,68.0,71.25197151100282,77.43317708141726,7.0,9.412495501591607,1,Placement-Ready Academic Strugglers
C0205,CSE,8,65.52,5.100546883031839,79.0,54.88675980193267,61.171488448422245,6.0,11.060673986560683,0,Silent Strugglers
C0206,CSE,3,74.26,7.311542231049882,64.0,89.2131843456278,77.13758106662158,9.0,16.762564857787567,2,Strong Performers
C0207,ME,4,71.05,6.545662047097007,88.0,52.1583724179821,75.79612571846766,5.0,10.600490561931585,0,Silent Strugglers
C0208,CSE,7,74.83,8.919406824003238,66.0,100.0,85.93573499176006,6.0,15.660515026155768,2,Strong Performers
C0209,ECE,6,69.42,5.982189667263987,88.0,100.0,87.12968850007597,3.0,13.9239115588622,1,Placement-Ready Academic Strugglers
C0210,EEE,7,76.28,8.935850964125049,76.0,96.5654336675023,78.01867689540275,5.0,12.90718584285778,2,Strong Performers
C0211,CSE,6,78.02,7.415416855453885,100.0,80.37304445381196,79.45869336791853,5.0,17.1968457111492,2,Strong Performers
C0212,CSE,7,79.57,7.582761246377957,90.0,72.15125218787594,90.51531053941254,4.0,17.98795235176943,2,Strong Performers
C0213,EEE,6,73.15,6.061518560405928,99.0,58.167039592358016,71.10798668067497,9.0,12.650353485761,0,Silent Strugglers
C0214,ME,3,67.58,7.0571438694686535,68.0,70.66611723985791,79.15774346667754,6.0,15.3902215959065,1,Placement-Ready Academic Strugglers
C0215,CSE,7,69.66,5.971831181724363,92.0,52.65917428300956,63.832252915461815,4.0,14.976394214974558,0,Silent Strugglers
C0216,Civil,5,71.04,6.853543203062048,74.0,100.0,86.88839642369764,4.0,9.951519338093888,1,Placement-Ready Academic Strugglers
C0217,Civil,3,67.71,5.946540011256158,,80.26261062010215,68.64018623796525,6.0,16.406864511299222,1,Placement-Ready Academic Strugglers
C0218,ECE,5,72.49,6.2023636468869165,100.0,72.15125218787594,49.790879791289306,6.0,16.874660790431633,0,Silent Strugglers
C0219,ME,5,70.01,6.8533497460397,83.0,70.0728720061711,66.01411834443373,3.0,10.682411490702496,1,Placement-Ready Academic Strugglers
C0220,CSE,3,71.47,6.064632846807499,86.0,69.5123919974467,76.24661629135691,6.0,15.98962692260979,1,Placement-Ready Academic Strugglers
C0221,CSE,8,66.99,6.721979312930343,81.0,84.4637911064415,81.88079731402722,3.0,14.000608584962578,1,Placement-Ready Academic Strugglers
C0222,ME,4,70.84,6.9987781112055725,64.0,97.68215843156014,83.5214076038231,2.0,14.55776381698508,1,Placement-Ready Academic Strugglers
C0223,CSE,4,68.21,6.707021558305888,67.0,73.58101001899759,72.04353147316122,2.0,13.874674893687184,1,Placement-Ready Academic Strugglers
C0224,ME,5,66.91,5.633005642675512,78.0,63.89655254943937,67.82889194089556,9.0,11.468464814604411,0,Silent Strugglers
C0225,Civil,7,69.58,7.6126594370817,65.0,72.15125218787594,81.25247752487734,4.0,14.626498056200877,1,Placement-Ready Academic Strugglers
C0226,CSE,7,77.46,7.871964378122678,94.0,69.86646683153617,75.91501328309411,2.0,11.520166079274922,2,Strong Performers
C0227,ME,7,77.44,7.900525076789331,,71.80046878919777,81.64378688133733,4.0,16.61710637387383,2,Strong Performers
C0228,CSE,4,73.44,6.467072173975856,100.0,33.60768187960815,58.16544154517536,3.0,15.742706052987078,0,Silent Strugglers
C0229,Civil,8,72.49,7.367707532223622,82.0,78.43551495772208,80.63919216614995,2.0,15.179078398721831,2,Strong Performers
C0230,CSE,7,74.53,6.9214210924850885,84.0,54.56074203270385,79.78918586480118,2.0,20.42471429643119,2,Strong Performers
C0231,ME,5,71.48,5.010238263907652,100.0,77.03671500344227,79.15162180139214,5.0,13.401917021646575,1,Placement-Ready Academic Strugglers
C0232,ME,6,66.17,6.159178277024949,74.0,45.25786668061952,65.9415568261226,2.0,12.138282550808906,0,Silent Strugglers
C0233,ECE,3,73.82,7.99884970623896,79.0,81.82174580247758,76.79602563017825,4.0,10.026783976492004,1,Placement-Ready Academic Strugglers
C0234,ME,7,70.84,6.874300076834523,77.0,88.57118878159747,74.92525305820273,4.0,17.881194336870852,1,Placement-Ready Academic Strugglers
C0235,ME,8,69.7,6.972861841774915,71.0,72.15125218787594,74.80542815821477,6.0,11.319059483540542,1,Placement-Ready Academic Strugglers
C0236,ME,5,72.46,7.383717162961479,78.0,88.19382059746553,79.1638819098421,5.0,13.758416830106588,1,Placement-Ready Academic Strugglers
C0237,Civil,6,62.43,5.114601664515121,75.0,41.00546482341944,52.569881147887685,6.0,11.922202746682816,0,Silent Strugglers
C0238,EEE,5,76.38,8.116524358192018,79.0,91.31402514839112,88.59809072553294,5.0,12.512852391506945,2,Strong Performers
C0239,ECE,3,79.9,7.356817632294312,92.0,66.74840393345664,81.46514638971405,5.0,15.380260977246186,2,Strong Performers
C0240,ECE,6,71.0,6.564150858026508,74.0,80.71335129911697,84.95957697140354,6.0,15.491932096372864,1,Placement-Ready Academic Strugglers
C0241,CSE,7,77.57,8.543163393407557,82.0,77.31889043897232,85.7445214162545,4.0,14.246500159561714,2,Strong Performers
C0242,Civil,8,73.71,5.661499498836697,100.0,72.15125218787594,70.27395689887173,0.0,20.334611249915906,2,Strong Performers
C0243,ECE,8,73.98,6.419285347745031,100.0,85.28631234454717,67.61066244787222,3.0,15.913216687462974,2,Strong Performers
C0244,ECE,5,67.35,7.394604562332298,68.0,64.67223951824603,67.98444523442386,3.0,13.790579631295843,0,Silent Strugglers
C0245,CSE,8,64.21,7.432578993265876,71.0,81.34594365784093,65.15117063131501,0.0,14.112643882021205,1,Placement-Ready Academic Strugglers
C0246,Civil,6,69.37,7.12892214639404,,69.84378970245662,71.56150581351638,6.0,12.81953904426547,1,Placement-Ready Academic Strugglers
C0247,ECE,6,73.34,7.060174682108678,75.0,93.87351725785146,87.18761800334545,7.0,11.596960684417526,1,Placement-Ready Academic Strugglers
C0248,ME,6,67.44,5.977079224364725,75.0,54.88176240459391,62.48746309947842,9.0,16.68833159989568,0,Silent Strugglers
C0249,CSE,8,74.11,6.530404355587613,89.0,91.40193468831228,85.00754654451164,7.0,18.159788129244035,2,Strong Performers
C0250,EEE,7,75.78,6.421494411575443,98.0,67.78204183554641,66.05469903682827,5.0,17.25168346689595,2,Strong Performers
C0251,CSE,3,71.7,8.033868657976384,63.0,80.39510509328316,85.91517266891896,2.0,14.12636928556682,1,Placement-Ready Academic Strugglers
C0252,CSE,3,65.3,5.972035873226281,81.0,62.3285321100097,48.60692080955844,5.0,13.261587039123349,0,Silent Strugglers
C0253,Civil,5,68.69,5.26514644613917,91.0,45.866058880640495,70.95759635747834,8.0,9.2893395370015,0,Silent Strugglers
C0254,EEE,6,70.27,7.808346802583401,72.0,68.23668569811545,71.28975056630028,4.0,10.888130971201685,1,Placement-Ready Academic Strugglers
C0255,CSE,7,78.81,9.197019133649004,82.0,61.28441848157177,74.20405543422923,8.0,20.5235769097658,2,Strong Performers
C0256,ECE,5,72.52,6.73098384498172,79.0,81.11670403915433,73.08718040250332,6.0,15.24951364255347,1,Placement-Ready Academic Strugglers
C0257,ME,6,65.92,5.523921003350339,66.0,59.17531912605934,67.68314230181548,6.0,14.475136297616196,0,Silent Strugglers
C0258,Civil,8,65.72,7.84618110862756,46.0,53.07055901291452,67.74607236793986,5.0,13.47994846047635,0,Silent Strugglers
C0259,ECE,5,71.24,6.901664527127908,80.0,97.42610062800448,72.55105740980025,5.0,14.0568683838213,1,Placement-Ready Academic Strugglers
C0260,ECE,5,71.21,7.129973579105955,78.0,77.02831978586937,77.47885740380835,5.0,12.121259958962684,1,Placement-Ready Academic Strugglers
C0261,ME,6,63.04,4.442001092183619,75.0,78.31549839632834,75.61452774595936,4.0,15.042587000800555,1,Placement-Ready Academic Strugglers
C0262,ME,5,65.34,5.25016658178717,66.0,94.47840840434904,74.71311543678428,6.0,13.606702483240223,1,Placement-Ready Academic Strugglers
C0263,Civil,8,71.52,6.771100771703013,91.0,56.30182356187234,65.75532396911389,1.0,17.575531062567045,0,Silent Strugglers
C0264,ME,8,63.68,5.74002399937842,74.0,52.64492600593527,68.74704949241135,3.0,12.472926239907352,0,Silent Strugglers
C0265,CSE,6,70.47,6.519130456344783,72.0,100.0,86.79424761657793,2.0,15.205917907059868,1,Placement-Ready Academic Strugglers
C0266,EEE,5,71.85,7.094485779037498,83.0,67.73997929402978,64.49345369189598,7.0,17.771523556670594,0,Silent Strugglers
C0267,Civil,6,72.84,6.216798777635569,89.0,80.77908009431782,73.34574843064391,6.0,11.629321027011862,1,Placement-Ready Academic Strugglers
C0268,Civil,4,66.98,6.765969510969613,84.0,72.19583125498178,60.63013619058472,6.0,14.55776381698508,0,Silent Strugglers
C0269,CSE,5,75.99,7.568840793469369,92.0,78.78747778524333,71.747132284884,8.0,15.718449575945316,2,Strong Performers
C0270,CSE,4,73.22,6.9202783227084375,84.0,77.4134897024734,84.36998243144306,6.0,14.227213949031045,2,Strong Performers
C0271,ME,3,68.37,5.466847550040711,,81.5738520132786,70.86447649906854,3.0,17.10934470032228,1,Placement-Ready Academic Strugglers
C0272,CSE,3,77.32,7.695708082894246,94.0,54.28641955923334,74.7090659462649,5.0,14.55776381698508,2,Strong Performers
C0273,EEE,6,71.04,6.97043615748202,82.0,84.3663106758867,77.60220243557745,3.0,12.008281655460948,1,Placement-Ready Academic Strugglers
C0274,ECE,3,70.12,6.066612730747716,72.0,60.3175312542105,73.29761926546227,4.0,19.204453910728585,0,Silent Strugglers
C0275,ME,6,69.72,6.884262500669736,65.0,84.11196425232161,74.99457428193186,8.0,13.85774715767549,1,Placement-Ready Academic Strugglers
C0276,Civil,5,66.31,5.386683892975499,82.0,39.42064603656948,60.96645097697584,2.0,14.830897024497329,0,Silent Strugglers
C0277,ECE,5,70.08,6.350535833016514,76.0,68.93563130257603,67.3568957551063,13.0,10.164281833905903,0,Silent Strugglers
C0278,CSE,7,76.62,7.127265301398185,93.0,87.73667061882057,82.81827121452284,3.0,16.399901147239177,2,Strong Performers
C0279,ME,6,69.1,8.155617617044918,73.0,61.91036158646133,62.99287629087038,3.0,14.685886915092464,0,Silent Strugglers
C0280,ME,7,78.28,8.080363667105816,85.0,93.10690967987588,79.87838236781603,5.0,17.01977846871246,2,Strong Performers
C0281,ECE,7,68.56,6.756705954196661,81.0,61.22956642805544,56.42223365833664,5.0,12.027816960093675,0,Silent Strugglers
C0282,ME,3,77.17,7.922598220276631,83.0,72.15125218787594,79.24038257807494,4.0,18.627312950623534,2,Strong Performers
C0283,EEE,4,73.69,6.47765692454592,83.0,85.99412797396042,86.87493035417214,3.0,17.562675112592423,2,Strong Performers
C0284,ECE,6,76.56,7.109039425786987,91.0,68.93925964712403,76.38674463077703,8.0,14.488798152189212,2,Strong Performers
C0285,CSE,8,77.38,7.065832647831787,85.0,96.4975057093694,85.45011627487212,4.0,16.032427311417376,2,Strong Performers
C0286,ECE,3,70.85,7.751453550511687,77.0,75.03849894393532,66.5289179349504,1.0,8.924005498139843,1,Placement-Ready Academic Strugglers
C0287,ECE,3,72.86,8.138340997092751,66.0,58.04169739778731,68.54089471447084,4.0,17.629585586370734,2,Strong Performers
C0288,CSE,8,71.62,6.145197622365333,90.0,93.01925766797402,79.04057899967542,2.0,14.174586337590616,1,Placement-Ready Academic Strugglers
C0289,CSE,8,68.83,7.82743811624468,,83.7099674258477,71.98814395679777,3.0,16.90144487813437,1,Placement-Ready Academic Strugglers
C0290,ME,4,70.26,6.901664527127908,78.0,67.34060140207743,69.3745260952118,4.0,16.26786124036891,0,Silent Strugglers
C0291,CSE,5,75.65,8.254389050959048,77.0,70.2083720757332,73.46622129300717,6.0,16.74944770467183,2,Strong Performers
C0292,EEE,6,68.57,6.797451546267637,69.0,71.87848916115634,72.78669418550201,4.0,17.14359364092476,1,Placement-Ready Academic Strugglers
C0293,CSE,4,67.05,5.81419345525171,71.0,74.7465764328459,76.53513234662675,3.0,15.599542483144882,1,Placement-Ready Academic Strugglers
C0294,CSE,4,75.11,8.648381322797778,82.0,67.35482048445857,72.16724747482046,6.0,13.111905438258344,2,Strong Performers
C0295,Civil,5,62.15,5.891393933413814,76.0,89.74370471111703,63.17121725871333,2.0,13.862178815474184,1,Placement-Ready Academic Strugglers
C0296,Civil,6,65.34,5.844344347974923,69.0,88.12350697010845,78.90395276907113,2.0,12.190459583665524,1,Placement-Ready Academic Strugglers
C0297,CSE,4,72.28,6.541925103508123,88.0,75.34098243959646,67.89950639707546,4.0,16.52407015082603,2,Strong Performers
C0298,CSE,5,79.57,7.211682514731345,96.0,75.0700977697584,83.85689437159344,7.0,18.204732405836687,2,Strong Performers
C0299,CSE,4,74.76,8.283781747166715,86.0,73.31302124220807,69.43681400099722,3.0,14.532404388400249,2,Strong Performers
C0300,ECE,7,71.54,6.519480748784133,83.0,62.50141910581419,62.41978321329952,5.0,18.941666921709256,0,Silent Strugglers
C0301,ECE,3,65.22,6.168905337732534,52.0,75.16567098578828,71.21202406534026,4.0,17.576571642993482,1,Placement-Ready Academic Strugglers
C0302,CSE,4,74.68,8.058255770650643,76.0,82.77099793714886,66.34781130031521,8.0,15.972849167753498,2,Strong Performers
C0303,CSE,4,74.34,6.431952661107568,91.0,81.7914849357481,80.84801733319144,11.0,14.119896905579225,2,Strong Performers
C0304,ECE,8,65.53,6.170564865954554,80.0,72.52512548951282,68.70873604131528,2.0,10.92717049437674,1,Placement-Ready Academic Strugglers
C0305,EEE,8,72.32,6.700872788206853,86.0,66.60587484708873,63.43290177458457,2.0,14.420082963863017,0,Silent Strugglers
C0306,ME,6,70.97,6.62700876068603,91.0,52.3190911196054,58.56158255681874,5.0,10.642039740874846,0,Silent Strugglers
C0307,ECE,3,76.08,7.640791023100238,95.0,44.66142380138447,73.98673598479161,6.0,10.877730558748844,2,Strong Performers
C0308,CSE,7,83.91,9.306021707938289,90.0,98.68066324657708,76.90734041470851,7.0,14.55776381698508,2,Strong Performers
C0309,CSE,5,76.85,7.4229074782971,98.0,87.52561073103485,78.90313245560756,5.0,9.636203441533828,2,Strong Performers
C0310,CSE,8,75.6,7.897418435514517,76.0,78.20525014285849,77.96075752894497,3.0,15.812545428275428,2,Strong Performers
C0311,Civil,5,75.8,8.08527324157563,84.0,74.69722025913083,74.11855829170456,4.0,12.460259552746214,2,Strong Performers
C0312,Civil,8,70.69,7.4802273625214655,79.0,47.70314389410448,51.803278246453296,5.0,12.06119963644249,0,Silent Strugglers
C0313,EEE,7,71.84,6.887494074978199,66.0,100.0,80.57463694270795,4.0,14.55776381698508,1,Placement-Ready Academic Strugglers
C0314,EEE,4,77.5,6.841740413358605,82.0,86.18526666522882,86.79896162802952,11.0,19.33847346059821,2,Strong Performers
C0315,EEE,7,69.32,6.503777279956206,81.0,71.60908388355996,60.25286844490065,7.0,11.74361210213964,0,Silent Strugglers
C0316,EEE,4,77.58,7.524565868434616,86.0,97.763348857021,82.79371400563399,7.0,15.36085242670444,2,Strong Performers
C0317,CSE,5,76.61,7.862840639960693,93.0,46.73924153391705,61.85285575380154,4.0,13.310294514335716,0,Silent Strugglers
C0318,CSE,4,71.43,7.26424685677413,69.0,65.96812246043311,74.60565242177732,5.0,20.28940050874373,2,Strong Performers
C0319,CSE,7,73.22,5.237103924778424,100.0,72.15125218787594,86.20057910737482,3.0,16.303540892733853,1,Placement-Ready Academic Strugglers
C0320,ME,4,67.78,7.02349617077826,68.0,63.71136928586933,65.2607746786752,2.0,17.042331601323344,0,Silent Strugglers
C0321,CSE,6,71.17,7.682110581748184,83.0,72.15125218787594,65.0099460372427,3.0,15.582562929021654,2,Strong Performers
C0322,Civil,6,70.01,7.786927829053529,77.0,60.97375472659117,61.846246330284025,2.0,14.967990692233924,0,Silent Strugglers
C0323,ME,7,66.17,5.902060724102746,64.0,73.39985787760183,69.77632503883704,5.0,18.835722503028,1,Placement-Ready Academic Strugglers
C0324,ECE,8,74.33,7.160010098755302,89.0,72.15125218787594,79.18572267538838,5.0,9.713343001545065,2,Strong Performers
C0325,CSE,3,67.62,6.929479036506501,83.0,95.84207923780755,62.19397021995434,2.0,11.564536708725496,1,Placement-Ready Academic Strugglers
C0326,CSE,8,75.51,7.297908661834502,94.0,66.13777772140286,78.92902586594501,3.0,12.357135183679958,2,Strong Performers
C0327,CSE,3,71.85,7.18917092213153,61.0,61.99577426489819,74.94799765333774,4.0,19.843741458768257,1,Placement-Ready Academic Strugglers
C0328,Civil,6,71.77,7.2962039933260385,63.0,52.42421965389861,63.98335589732736,5.0,19.071885386948097,0,Silent Strugglers
C0329,ME,5,73.05,5.259233524589597,77.0,97.15067536026616,85.5583637984741,7.0,17.32521695166093,1,Placement-Ready Academic Strugglers
C0330,ME,6,72.48,6.525992095153446,95.0,72.15125218787594,73.93988843321854,8.0,11.271385313173669,2,Strong Performers
C0331,CSE,7,74.83,7.209853417528908,86.0,52.324547665914594,69.09619187615255,4.0,18.69537805005492,2,Strong Performers
C0332,ECE,8,67.13,6.899528657609705,74.0,54.67014238127655,70.46064396531754,5.0,11.634513216761835,0,Silent Strugglers
C0333,ECE,5,65.03,5.756727748527539,83.0,45.26082207779266,63.98970745436117,4.0,14.613611126369436,0,Silent Strugglers
C0334,Civil,8,69.79,7.038070623966857,,52.67230452668342,64.30515050793552,3.0,15.932779367365134,0,Silent Strugglers
C0335,Civil,4,69.15,6.254766578358026,84.0,82.78972316223162,84.8657606805734,2.0,13.360441940723376,1,Placement-Ready Academic Strugglers
C0336,CSE,4,74.47,6.251807326003625,81.0,62.296805319154565,78.3617347872834,6.0,16.375242255751928,2,Strong Performers
C0337,EEE,5,66.34,6.07894080523828,76.0,41.87627842928147,67.83923631236316,3.0,15.412017295466969,0,Silent Strugglers
C0338,CSE,6,74.41,7.336803703014452,79.0,80.10640032964974,72.41241752940795,2.0,15.592502525921391,2,Strong Performers
C0339,Civil,7,71.22,6.8411490621351,78.0,62.6885301782816,65.36447404510277,8.0,14.55776381698508,0,Silent Strugglers
C0340,CSE,7,73.42,5.733066662203619,94.0,72.45223127798488,78.95667746138423,2.0,14.724363926133464,1,Placement-Ready Academic Strugglers
C0341,CSE,4,62.31,5.644987518727508,64.0,64.95663013874133,60.033077086908825,5.0,13.045401922164793,0,Silent Strugglers
C0342,Civil,4,74.74,7.354964833477021,85.0,69.53555068673093,71.37900761931024,5.0,17.272179803558572,2,Strong Performers
C0343,CSE,8,74.46,6.388322405424074,87.0,78.04827691874212,88.39695824622324,7.0,15.690364760700424,2,Strong Performers
C0344,ECE,5,70.4,6.913755533810356,80.0,86.27381364774911,68.46098633426931,6.0,12.386128406134867,1,Placement-Ready Academic Strugglers
C0345,ECE,4,70.04,6.300110182766884,,94.38926871713,89.04070597007136,5.0,14.55776381698508,1,Placement-Ready Academic Strugglers
C0346,CSE,8,79.01,8.23945104755739,83.0,64.79263439396497,61.06827318312474,6.0,16.7678572757049,2,Strong Performers
C0347,ME,5,74.46,7.2433708120754225,88.0,70.01432377958595,69.96782564634906,8.0,17.746642028378947,2,Strong Performers
C0348,Civil,8,71.32,6.901664527127908,78.0,71.58393726289253,75.69428192014111,4.0,14.109485004350738,1,Placement-Ready Academic Strugglers
C0349,Civil,8,71.32,6.296232921811481,100.0,84.98468445991644,66.29485140916297,5.0,14.34997538336531,1,Placement-Ready Academic Strugglers
C0350,CSE,8,73.23,7.016830628282296,67.0,79.61625418437252,76.82482770489402,5.0,20.643338023413687,2,Strong Performers
C0351,ECE,6,69.81,7.7907539912791215,68.0,62.38044278480525,77.86297472165894,5.0,9.54943593960732,1,Placement-Ready Academic Strugglers
C0352,CSE,7,67.65,5.934861499505211,62.0,71.17251961856375,71.97744381477052,7.0,14.679657138813,1,Placement-Ready Academic Strugglers
C0353,CSE,8,78.01,7.7089389715440495,100.0,95.8658205943365,80.5184701172115,5.0,12.91152715752273,2,Strong Performers
C0354,CSE,4,79.38,8.357164447690439,95.0,73.50487191389398,79.3089746762782,3.0,13.452216098830808,2,Strong Performers
C0355,EEE,3,71.87,5.697771851163486,95.0,71.87619046450091,62.02162774969037,10.0,13.3913167108163,0,Silent Strugglers
C0356,Civil,4,65.07,6.52568075487757,58.0,73.74216413185057,70.93184364497033,5.0,13.080903173728286,1,Placement-Ready Academic Strugglers
C0357,Civil,6,71.83,6.968245948460234,97.0,49.43140497623516,59.40446201190525,5.0,5.31808246000881,0,Silent Strugglers
C0358,ECE,6,72.37,7.185466777373897,,75.46402144495728,77.05702307180337,5.0,14.549287551951563,2,Strong Performers
C0359,ECE,3,62.02,4.639929740769507,74.0,65.96802311950681,67.23364795056945,6.0,11.436433835291531,0,Silent Strugglers
C0360,ECE,6,77.08,7.037799547011755,86.0,98.15534452331472,85.72455561241686,5.0,19.29022722919269,2,Strong Performers
C0361,ECE,4,66.79,6.379133466963979,,76.77743622832799,74.68470225838887,7.0,15.751085677112536,1,Placement-Ready Academic Strugglers
C0362,ECE,6,64.62,7.540959850957881,49.0,48.00849012794384,66.442174185,8.0,9.43190017922673,0,Silent Strugglers
C0363,CSE,6,79.19,7.831957357636517,88.0,98.53665139250188,86.9068817100756,5.0,14.633542724500272,2,Strong Performers
C0364,CSE,6,75.12,7.829233454300697,93.0,82.03844613657533,73.8273515836276,3.0,14.55776381698508,2,Strong Performers
C0365,EEE,5,68.61,7.069776297606193,69.0,36.30455320544414,64.29745393106036,5.0,11.533051220090735,0,Silent Strugglers
C0366,ECE,5,75.59,6.727241074677584,100.0,71.99770335688265,71.60793445694354,4.0,11.128947836260457,2,Strong Performers
C0367,EEE,7,68.94,5.780006143923701,80.0,58.8838166847445,65.64865913890544,7.0,13.51761886669658,0,Silent Strugglers
C0368,CSE,7,67.37,6.66172609137857,69.0,55.8628264158211,61.08301548556261,3.0,,0,Silent Strugglers
C0369,ME,7,75.53,6.966682022148725,94.0,83.15893659413,74.3067822554787,5.0,17.27089945223635,2,Strong Performers
C0370,CSE,5,76.56,5.941515915295624,100.0,57.656207089409314,76.29648897657357,10.0,14.456227818912156,2,Strong Performers
C0371,CSE,5,77.71,8.872336086056887,79.0,65.50240708126479,74.47955812335302,5.0,16.150233269097306,2,Strong Performers
C0372,CSE,4,71.88,5.798518501325497,85.0,87.02687459758386,80.77861413771022,7.0,13.164989622432117,1,Placement-Ready Academic Strugglers
C0373,CSE,6,75.44,6.104768425646904,100.0,70.06131378884628,76.42113010965733,3.0,22.09322575054649,2,Strong Performers
C0374,EEE,3,67.09,6.497737656480103,74.0,58.55035940071455,74.56164647621684,11.0,10.34152430722562,0,Silent Strugglers
C0375,CSE,5,71.07,6.690700875064069,67.0,62.44419087217459,61.46345833463042,9.0,13.31705215131867,0,Silent Strugglers
C0376,ME,4,67.5,5.768637271451357,66.0,72.15125218787594,75.42933912165122,6.0,16.415577201708043,1,Placement-Ready Academic Strugglers
C0377,ECE,6,67.42,6.705528947424804,53.0,82.67088877832785,81.05722617954383,2.0,,1,Placement-Ready Academic Strugglers
C0378,ECE,8,66.43,6.661542309522316,59.0,62.292868704981565,68.19298478253008,8.0,14.871032544053715,0,Silent Strugglers
C0379,ECE,8,72.39,7.3903706920707,85.0,66.2603370393742,75.55103089091513,5.0,10.14333801747414,1,Placement-Ready Academic Strugglers
C0380,CSE,5,72.98,6.19900836288622,100.0,78.29639290010198,71.63950708591379,4.0,15.31585302705375,2,Strong Performers
C0381,EEE,3,74.45,6.316797479969159,96.0,76.98824869323381,74.85177894455204,6.0,15.32693008424465,2,Strong Performers
C0382,Civil,4,71.44,6.392522515963002,85.0,42.707318406553625,67.84302546238551,7.0,15.55651708464832,0,Silent Strugglers
C0383,ME,3,68.06,5.470799077851088,85.0,84.20127975662996,82.87107765603986,5.0,12.286140949487594,1,Placement-Ready Academic Strugglers
C0384,ECE,7,70.98,5.602333095620264,99.0,82.20440727349325,75.38374891484249,3.0,10.94787517497596,1,Placement-Ready Academic Strugglers
C0385,CSE,8,64.82,6.370082252910719,61.0,48.09370825103714,62.04044371497312,3.0,14.280502683931063,0,Silent Strugglers
C0386,EEE,6,75.92,7.182836449922465,81.0,73.72802354652383,90.75645494092964,10.0,12.028431362749371,2,Strong Performers
C0387,CSE,4,70.67,5.85413157403144,71.0,85.22939316161475,83.88716484298976,4.0,14.55776381698508,1,Placement-Ready Academic Strugglers
C0388,CSE,3,73.72,7.786327768031966,79.0,54.19384597959888,73.91620442812216,3.0,13.436511588901832,2,Strong Performers
C0389,CSE,8,74.04,7.781584575749045,57.0,87.14844890178374,80.86739417192798,8.0,14.063204468362724,1,Placement-Ready Academic Strugglers
C0390,Civil,4,70.98,6.236289844010765,93.0,77.66151360336656,79.28340768210582,4.0,13.944925257294791,1,Placement-Ready Academic Strugglers
C0391,ME,3,74.09,7.970176443385136,91.0,65.31220911102677,70.22327272779593,3.0,17.58441077145696,2,Strong Performers
C0392,Civil,4,72.98,5.559259267924306,100.0,80.03809442634433,79.33832377750245,4.0,18.79044173379245,2,Strong Performers
C0393,Civil,4,70.73,6.511337343117673,78.0,78.72040590667099,69.82491139518443,5.0,13.491916533731272,1,Placement-Ready Academic Strugglers
C0394,CSE,6,75.85,7.730487944335419,90.0,45.905938443257824,67.67770168237587,3.0,16.66618454726653,2,Strong Performers
C0395,EEE,8,76.25,8.46088900885005,94.0,61.30195283487548,62.17808804693544,7.0,13.493599566521514,2,Strong Performers
C0396,ECE,4,69.63,6.821185427500648,61.0,72.00218512019299,72.63207408487312,2.0,16.19845782708282,1,Placement-Ready Academic Strugglers
C0397,ME,7,70.26,6.553755493850284,,87.76662572136827,88.21169944256383,7.0,15.312505209096212,1,Placement-Ready Academic Strugglers
C0398,CSE,3,78.04,7.375434407193205,89.0,87.02113288487855,78.63589561046697,3.0,15.127291297865254,2,Strong Performers
C0399,EEE,3,64.78,6.779044885049604,62.0,82.68131765466545,62.86907113294157,3.0,16.02464036733419,1,Placement-Ready Academic Strugglers
C0400,CSE,3,77.85,8.050220856028725,87.0,94.49890581168124,84.10447482904772,4.0,12.265020617494836,2,Strong Performers
C0401,CSE,8,71.74,6.812220448595001,84.0,85.28058966402808,71.31129422630882,4.0,12.843139627268458,1,Placement-Ready Academic Strugglers
C0402,ECE,6,81.52,8.296695753616767,92.0,60.71016995735385,85.50918782589635,7.0,15.873683634044337,2,Strong Performers
C0403,CSE,7,71.16,6.7078066543819626,96.0,51.164870895986766,68.71501389622948,5.0,12.565667000019111,0,Silent Strugglers
C0404,CSE,3,72.34,7.613171865276763,76.0,47.24306924941792,62.04343474002527,7.0,13.56012922276904,0,Silent Strugglers
C0405,ME,3,76.69,8.375409870046475,80.0,64.35802062955901,73.22389008454226,4.0,16.175433607915142,2,Strong Performers
C0406,ECE,8,63.87,5.676563232640112,70.0,86.75365407793062,66.9537835485918,5.0,14.55776381698508,1,Placement-Ready Academic Strugglers
C0407,EEE,3,73.7,7.271016662855043,85.0,70.39979166500557,77.41544578439662,7.0,14.27472275181564,2,Strong Performers
C0408,CSE,3,75.25,7.362165311969932,72.0,94.5636104369261,83.92522338934471,7.0,15.50534576070046,2,Strong Performers
C0409,ME,6,72.85,6.901664527127908,79.0,62.4614109317233,70.84090081449214,2.0,15.412869490576908,1,Placement-Ready Academic Strugglers
C0410,ECE,6,76.53,6.5081936298226255,100.0,63.9509005391588,62.96333195537528,10.0,17.008869975354795,2,Strong Performers
C0411,ME,4,70.69,6.395747740412076,76.0,90.28839185975608,79.15303703086659,2.0,13.922005920984237,1,Placement-Ready Academic Strugglers
C0412,ME,5,65.78,5.806532047409242,82.0,76.94030459090187,62.43559153257318,3.0,14.320615160655985,0,Silent Strugglers
C0413,ECE,7,71.23,7.120397172769702,79.0,80.52636865986493,81.86796558232611,6.0,10.993153241014902,1,Placement-Ready Academic Strugglers
C0414,EEE,5,74.78,6.687660143288773,,72.90825103863467,81.47435794405538,6.0,17.65093943470826,2,Strong Performers
C0415,CSE,5,77.07,7.848501653327169,73.0,75.7932157123414,74.94752841793694,6.0,19.72507688865276,2,Strong Performers
C0416,CSE,3,68.13,7.502662842591906,49.0,36.85873695418452,60.67594958143533,9.0,19.74771271149004,0,Silent Strugglers
C0417,ME,5,73.35,7.022619724766248,71.0,61.30000762739208,82.80324705027374,2.0,18.09527367620625,2,Strong Performers
C0418,Civil,7,66.22,6.818484828013872,55.0,85.37297503575071,84.37916570134882,4.0,10.69937962580858,1,Placement-Ready Academic Strugglers
C0419,CSE,6,70.47,6.746905807828631,97.0,72.18489561450674,57.10248569697301,4.0,11.718970654765812,0,Silent Strugglers
C0420,ECE,8,75.78,8.702947846401637,64.0,80.41820298177535,89.40783862758231,5.0,13.861610964965164,2,Strong Performers
C0421,Civil,3,65.43,5.651071843237742,68.0,55.92198900312608,62.68399056854792,14.0,12.630722641749712,0,Silent Strugglers
C0422,ME,3,70.36,6.956517771098592,79.0,73.00998782359558,86.15600168507876,2.0,15.699728141277534,1,Placement-Ready Academic Strugglers
C0423,EEE,6,77.26,7.613911807165232,100.0,75.26399205303548,76.95813997610725,4.0,15.279199536156527,2,Strong Performers
C0424,ECE,4,76.15,7.660994015622248,82.0,83.36775161834709,79.45780961971938,8.0,13.458701634100038,2,Strong Performers
C0425,ME,6,69.07,5.784650120143186,81.0,63.68418622591782,68.86388414776869,4.0,12.916139876275718,0,Silent Strugglers
C0426,CSE,8,68.58,6.564107186636582,56.0,86.00680034406744,74.87117993656612,9.0,18.425210603069583,1,Placement-Ready Academic Strugglers
C0427,EEE,5,71.12,6.1363578153395775,100.0,83.07695046369098,73.88528895760135,3.0,10.620546828784686,1,Placement-Ready Academic Strugglers
C0428,ECE,6,71.81,5.8260141415392805,95.0,28.57138856655905,67.07615895454325,5.0,16.593904832297515,0,Silent Strugglers
C0429,ME,7,71.45,6.032156928982152,82.0,100.0,84.64644831525935,5.0,13.627858179892838,1,Placement-Ready Academic Strugglers
C0430,ECE,3,76.76,7.419584053006736,95.0,98.26493171713732,89.8304692891107,3.0,14.51249204602684,2,Strong Performers
C0431,ME,8,69.05,7.241876920307708,57.0,77.31822547702383,86.67976830546623,7.0,15.217157822947147,1,Placement-Ready Academic Strugglers
C0432,ME,4,78.42,8.586554425568874,96.0,61.97847856052314,68.49394613500858,7.0,14.09298789331683,2,Strong Performers
C0433,ECE,7,63.02,5.664452196223467,63.0,85.11106186316411,70.06815734838897,4.0,13.67562127940448,1,Placement-Ready Academic Strugglers
C0434,EEE,6,66.49,5.758240226855559,76.0,86.89753143089749,69.87706310384415,9.0,14.55776381698508,1,Placement-Ready Academic Strugglers
C0435,ECE,3,76.72,6.757861960757195,96.0,72.15125218787594,74.41279805776206,6.0,18.074469449455417,2,Strong Performers
C0436,ME,7,71.4,6.297853546821509,100.0,85.1472831406301,81.71271046402943,2.0,11.848225723184932,1,Placement-Ready Academic Strugglers
C0437,CSE,4,76.15,7.683200516340293,87.0,94.379831850754,68.58723210259971,4.0,20.124018554983028,2,Strong Performers
C0438,ECE,6,75.32,7.351765832856748,100.0,79.78550737939804,67.34643294246467,3.0,16.102471388778717,2,Strong Performers
C0439,ECE,8,75.72,6.731635587775509,92.0,87.18720206819866,81.47927794180818,5.0,15.625423745466705,2,Strong Performers
C0440,CSE,8,73.29,6.490748897663774,76.0,93.07593447086396,89.89492366742822,7.0,12.51293878946186,1,Placement-Ready Academic Strugglers
C0441,CSE,8,67.37,6.144801689831414,85.0,69.68340135132038,71.4610644429332,4.0,12.069912914315797,1,Placement-Ready Academic Strugglers
C0442,ME,5,73.08,6.031603061231438,100.0,70.8729039018814,76.26061529195259,6.0,16.056055051735818,2,Strong Performers
C0443,ME,6,68.62,7.596580571713575,62.0,68.30266679951936,78.56483851117505,4.0,13.699954679074144,1,Placement-Ready Academic Strugglers
C0444,ME,4,74.45,6.799346628652624,81.0,47.5581197950178,62.19170526603349,8.0,16.363165851548025,0,Silent Strugglers
C0445,CSE,8,84.5,8.554207264818611,100.0,84.79093323242228,88.92612938302553,4.0,17.253966042836176,2,Strong Performers
C0446,CSE,5,70.06,6.109383899709661,79.0,86.30563496330755,82.02766069521469,8.0,16.396750284787352,1,Placement-Ready Academic Strugglers
C0447,CSE,7,78.9,9.216965256845988,83.0,60.31824444957001,68.78765665612985,2.0,17.52692345319964,2,Strong Performers
C0448,Civil,5,72.22,7.6700014417292195,70.0,71.11149001599497,74.40016321920369,5.0,12.55010043513668,1,Placement-Ready Academic Strugglers
C0449,Civil,7,75.56,7.325496729925529,92.0,53.9946722420451,71.71943885151768,3.0,14.55776381698508,2,Strong Performers
C0450,CSE,4,74.99,7.250598525710514,83.0,85.20503498988282,79.40375585104265,3.0,17.582173360682596,2,Strong Performers
C0451,ME,7,75.73,6.782246229769343,100.0,62.7595772507904,69.11776836560581,6.0,14.49265522355035,2,Strong Performers
C0452,CSE,3,63.82,6.099370493598332,66.0,30.04913523992628,55.49455273064738,3.0,12.187854450587244,0,Silent Strugglers
C0453,CSE,3,77.68,7.452253297389461,73.0,84.31145710850365,71.38587031049951,10.0,21.892869917391167,2,Strong Performers
C0454,CSE,5,77.01,7.040812544869658,100.0,65.36967084635408,77.35069745911441,3.0,14.934750068439303,2,Strong Performers
C0455,CSE,5,72.54,6.235577362081475,97.0,63.73512543776388,74.82465865977373,7.0,,2,Strong Performers
C0456,ME,7,71.86,6.99613249994042,69.0,73.31502401647884,68.51577971900679,3.0,16.721572804134126,1,Placement-Ready Academic Strugglers
C0457,EEE,5,71.22,6.11399708158804,100.0,86.3477780556852,72.17260348316033,6.0,11.902430271123736,1,Placement-Ready Academic Strugglers
C0458,CSE,3,69.53,5.579485959463789,95.0,61.77434988363009,68.23873405991759,7.0,10.966292506888443,0,Silent Strugglers
C0459,ECE,4,70.78,5.718148172670913,88.0,79.98561654106022,70.42819627696046,7.0,14.93150779634432,1,Placement-Ready Academic Strugglers
C0460,ME,5,66.33,6.901664527127908,74.0,31.32938789422205,64.04965096409603,8.0,11.20332400770553,0,Silent Strugglers
C0461,EEE,6,71.82,6.409992946283047,92.0,89.44500145611863,80.74241604464422,3.0,13.161707566614377,1,Placement-Ready Academic Strugglers
C0462,ME,6,75.65,7.624356517923728,98.0,73.09228462209427,71.75340555997694,4.0,,2,Strong Performers
C0463,CSE,4,81.0,8.566087097468161,77.0,74.74484239794153,81.53258019536491,8.0,19.118268194707053,2,Strong Performers
C0464,ME,6,69.77,6.748866522861718,54.0,55.796314712656965,76.08437803951013,7.0,13.095823501364343,1,Placement-Ready Academic Strugglers
C0465,CSE,6,73.94,6.653583789165068,100.0,52.39107337125063,56.51149651427349,4.0,14.081086255598365,0,Silent Strugglers
C0466,EEE,7,74.37,5.545240003069168,98.0,65.18734955832404,76.18876391972192,6.0,19.267886185154765,2,Strong Performers
C0467,ECE,6,72.48,6.667309447007008,84.0,72.15125218787594,80.81674278288195,2.0,,1,Placement-Ready Academic Strugglers
C0468,ME,7,71.93,7.466126137123901,66.0,61.49595839247512,79.72893562527385,5.0,13.923774523403338,1,Placement-Ready Academic Strugglers
C0469,CSE,4,78.37,8.02274123349018,94.0,69.72300317417987,77.10243491563709,8.0,11.192696396936697,2,Strong Performers
C0470,ECE,7,68.79,6.437663801502583,79.0,64.00858471391889,73.22228010567345,4.0,12.74017502010508,1,Placement-Ready Academic Strugglers
C0471,Civil,3,70.73,7.811766357296533,69.0,64.62361808345602,68.01397132625907,4.0,14.835836542815304,0,Silent Strugglers
C0472,ME,3,66.97,6.005585717666791,61.0,54.13261392473999,72.94487460469729,3.0,18.874235814004305,0,Silent Strugglers
C0473,ECE,8,72.73,6.519120905947609,93.0,60.471246429542425,72.88261285699717,2.0,12.541162741131634,1,Placement-Ready Academic Strugglers
C0474,EEE,5,76.54,7.1314440640055485,97.0,56.61399392694035,60.43621523313315,8.0,17.325255529913544,2,Strong Performers
C0475,Civil,6,80.13,6.477375603346791,100.0,100.0,86.50032246876964,7.0,19.891215269273907,2,Strong Performers
C0476,CSE,6,71.97,6.901664527127908,86.0,65.92216887574578,77.45998760652174,2.0,11.82030899020662,1,Placement-Ready Academic Strugglers
C0477,ECE,7,70.69,7.1085857710559095,83.0,39.96985107529187,60.50829660203399,10.0,11.860988476962818,0,Silent Strugglers
C0478,ECE,4,74.69,6.540834829638737,88.0,63.42235686359753,80.16571639770372,10.0,17.233120577415427,2,Strong Performers
C0479,ME,4,72.89,7.730834078653107,85.0,80.22521455563945,78.3212007725294,4.0,15.553806419303426,2,Strong Performers
C0480,CSE,3,72.06,6.125258471524515,76.0,98.99483185727618,83.96525891042592,4.0,14.872297206360232,1,Placement-Ready Academic Strugglers
C0481,CSE,8,68.35,7.405810908562777,69.0,57.21941537441501,69.6140418820272,4.0,16.334743089624475,0,Silent Strugglers
C0482,EEE,4,70.17,6.893314680364251,81.0,72.94919193572086,71.6967029788154,4.0,8.792670338823061,1,Placement-Ready Academic Strugglers
C0483,EEE,6,74.17,6.788294436186139,100.0,79.01254666626275,67.30743382450548,4.0,14.600687558080825,2,Strong Performers
C0484,Civil,5,63.14,5.228579569041316,89.0,76.21512411609214,65.98915310590922,4.0,9.940592869955374,0,Silent Strugglers
C0485,EEE,3,64.17,4.9764198014274985,72.0,44.49483525044991,68.31679893492831,6.0,,0,Silent Strugglers
C0486,ME,5,73.9,6.95903522865608,81.0,92.82886394921096,84.4432675494214,5.0,14.021839589429478,2,Strong Performers
C0487,Civil,3,64.83,6.123738957794825,77.0,55.39368951568537,66.69446366165404,8.0,11.41219169373866,0,Silent Strugglers
C0488,Civil,4,75.31,8.012479848225995,89.0,85.61544340059432,70.23656227715276,4.0,11.628676956866007,2,Strong Performers
C0489,ECE,3,77.35,6.901664527127908,85.0,99.75899483239134,81.9446972403635,6.0,17.723876312977332,2,Strong Performers
C0490,ECE,7,69.59,5.881969800326948,88.0,57.47047249811675,72.85386767336173,12.0,16.102006006148507,0,Silent Strugglers
C0491,CSE,6,80.28,7.9101948621174465,87.0,94.86363179025196,95.61952827374412,11.0,10.177522666393598,2,Strong Performers
C0492,ME,8,65.9,6.920132135461201,71.0,76.38863692892429,76.46706155550471,4.0,13.78252456820286,1,Placement-Ready Academic Strugglers
C0493,CSE,5,73.78,6.489331491321924,96.0,64.94256313906124,80.22279901084998,5.0,12.912870688468914,2,Strong Performers
C0494,CSE,4,73.63,6.62844519463134,100.0,37.61920844266854,68.46503958219161,4.0,17.253482597798108,0,Silent Strugglers
C0495,ME,6,70.89,6.8823225114382085,76.0,79.25396627894125,82.28666590026283,4.0,14.838418971200936,1,Placement-Ready Academic Strugglers
C0496,ECE,8,69.25,6.193125061389286,71.0,60.2713668230184,84.3361822277062,2.0,14.746778551339212,1,Placement-Ready Academic Strugglers
C0497,CSE,6,74.92,7.994323369817821,88.0,71.26794448478384,76.17305050762626,5.0,13.451270487092014,2,Strong Performers
C0498,Civil,3,77.66,7.911524687933155,99.0,71.2436589473304,76.63919274971225,5.0,14.55776381698508,2,Strong Performers
C0499,Civil,4,69.63,6.221086445776711,85.0,70.57184758748727,76.60130187178379,6.0,16.028386586181732,1,Placement-Ready Academic Strugglers
C0500,CSE,8,73.36,6.650030277912176,90.0,62.05603606629575,75.43546129958993,5.0,10.066452771840256,1,Placement-Ready Academic Strugglers
C0501,CSE,6,77.85,8.373124697441224,64.0,78.35026330323927,79.21523337200739,6.0,20.41004642814492,2,Strong Performers
C0502,CSE,8,70.02,8.001586219984718,76.0,30.02703342737881,63.01313391691213,4.0,11.597401165921232,0,Silent Strugglers
C0503,Civil,6,69.58,6.148879452010642,90.0,92.86632227381612,73.51596439151236,4.0,10.43674260707785,1,Placement-Ready Academic Strugglers
C0504,Civil,3,68.09,6.04663500166385,71.0,82.92879652168132,81.8153698091847,2.0,14.982154564909088,1,Placement-Ready Academic Strugglers
C0505,CSE,8,68.4,5.962272653197832,81.0,94.58497134539816,77.69487268062801,3.0,10.951430293640447,1,Placement-Ready Academic Strugglers
C0506,Civil,7,79.15,9.137903356355618,82.0,72.15125218787594,73.9846593031143,9.0,15.8100052813121,2,Strong Performers
C0507,CSE,7,77.81,8.361195580959265,74.0,89.08478448156674,87.30052539019493,4.0,15.38502811968955,2,Strong Performers
C0508,ECE,8,71.38,6.514973158614933,,96.83722639377564,80.51931362267993,5.0,13.581243663639816,1,Placement-Ready Academic Strugglers
C0509,EEE,4,76.77,6.696045688507783,91.0,73.86709766357866,74.9448354447271,6.0,17.040325639972583,2,Strong Performers
C0510,CSE,8,74.49,6.901664527127908,99.0,91.07829803617912,84.69449490989085,2.0,10.712607712780278,2,Strong Performers
C0511,CSE,4,77.47,7.014412514843322,93.0,100.0,82.92908905437586,2.0,14.150045748456666,2,Strong Performers
C0512,ECE,8,64.71,4.641244043169442,73.0,74.45716572691798,67.37528052830682,5.0,16.959751167583153,0,Silent Strugglers
C0513,ME,4,75.58,6.545196230872949,89.0,76.79525801968454,64.2877887278187,4.0,21.57391149105777,2,Strong Performers
C0514,EEE,6,71.17,6.549992703565943,84.0,90.28390361029297,67.04858444469934,6.0,14.226748559873135,1,Placement-Ready Academic Strugglers
C0515,EEE,7,70.55,6.672420314429569,,78.45152035383046,71.9029121473851,7.0,,1,Placement-Ready Academic Strugglers
C0516,CSE,3,77.83,6.8675267287342665,100.0,50.93861563419635,76.18944297887869,5.0,18.136637568381584,2,Strong Performers
C0517,CSE,3,69.75,6.901664527127908,69.0,75.94535502316447,69.31392766993059,3.0,10.272071955849608,1,Placement-Ready Academic Strugglers
C0518,Civil,8,71.9,6.751947412584007,84.0,78.9599661455791,70.42323072942428,5.0,12.435344429708678,1,Placement-Ready Academic Strugglers
C0519,CSE,3,71.82,7.019205061633263,91.0,74.81350400745828,68.62276687777985,1.0,16.384007116384755,2,Strong Performers
C0520,Civil,6,67.73,5.281382875895632,82.0,82.61726768419,67.56483161769033,5.0,13.372568080780614,1,Placement-Ready Academic Strugglers
C0521,ME,8,75.36,7.014514801538122,94.0,72.90717321684693,70.78900786381976,8.0,15.651638177479834,2,Strong Performers
C0522,CSE,6,69.74,7.339942796180385,61.0,69.71633789262103,76.99476385494911,2.0,19.114980290912563,1,Placement-Ready Academic Strugglers
C0523,Civil,5,76.03,7.734781495217475,76.0,76.33918787409131,68.21077417958624,7.0,24.00073773486197,2,Strong Performers
C0524,CSE,5,81.08,8.340923941134522,96.0,73.58201841630847,80.96470451338644,7.0,10.9400618680531,2,Strong Performers
C0525,ECE,6,62.45,5.278867133507115,70.0,69.70287291215998,72.25060062747524,4.0,10.70358508718403,1,Placement-Ready Academic Strugglers
C0526,ME,6,62.6,5.44250515084642,82.0,82.31314676371008,60.66700192742374,6.0,9.993479103268731,0,Silent Strugglers
C0527,ECE,6,75.15,7.518874249945712,70.0,89.50056755134496,82.64558524628178,4.0,21.989367098744346,2,Strong Performers
C0528,ME,3,72.91,5.617110029035112,100.0,68.83175620768853,80.64140439074428,3.0,13.596337346599848,1,Placement-Ready Academic Strugglers
C0529,ME,6,75.34,7.7316534958334096,67.0,82.52906080215661,81.34707227721167,6.0,19.46833404767268,2,Strong Performers
C0530,EEE,7,66.57,5.296180874242957,80.0,56.7438902404491,66.35994299918177,6.0,14.108667714940696,0,Silent Strugglers
C0531,EEE,7,69.46,7.486284986403789,82.0,60.27363643222471,67.68188368264974,2.0,10.978444034513291,0,Silent Strugglers
C0532,ECE,3,64.97,6.484055475208343,80.0,52.0192351951606,51.63964277174966,5.0,13.01493881110434,0,Silent Strugglers
C0533,CSE,7,72.42,6.845920190506043,78.0,81.4265733432894,83.6618372442141,6.0,10.988264386062731,1,Placement-Ready Academic Strugglers
C0534,ME,7,74.04,7.157434188669268,87.0,62.08116923407415,72.17703037735498,4.0,18.86443093498088,2,Strong Performers
C0535,EEE,4,70.77,6.243247803758158,84.0,67.74511712004586,56.09482480109575,5.0,17.086111246484975,0,Silent Strugglers
C0536,CSE,8,75.12,7.479690258929865,81.0,73.14858794495005,85.42041171006774,4.0,9.952152206365843,2,Strong Performers
C0537,ECE,6,69.16,6.901664527127908,71.0,61.05408698528866,61.54626654054732,8.0,13.311132941574108,0,Silent Strugglers
C0538,ECE,5,70.53,6.809186684611541,81.0,17.2855980127051,57.18797941054737,6.0,13.492608217203568,0,Silent Strugglers
C0539,CSE,7,79.46,7.583589857849289,100.0,85.2647448208128,81.40098262471129,3.0,16.327796734756465,2,Strong Performers
C0540,ME,6,69.36,5.906133607239297,81.0,75.63114998015052,73.29265565944117,9.0,11.207696103554795,1,Placement-Ready Academic Strugglers
C0541,ECE,6,68.05,5.266695624512515,,73.28279952495664,77.10440088305826,8.0,18.126516617234905,1,Placement-Ready Academic Strugglers
C0542,Civil,4,60.0,6.221973611488324,65.0,42.91313078082129,38.34993826964975,6.0,9.78500702098081,0,Silent Strugglers
C0543,Civil,8,68.24,6.734027952276196,72.0,67.75875971308703,73.75653060688194,5.0,9.747526521474878,1,Placement-Ready Academic Strugglers
C0544,Civil,8,64.47,5.703104894797079,62.0,75.3055473576558,80.61918871472416,5.0,14.142463393955738,1,Placement-Ready Academic Strugglers
C0545,ECE,3,70.85,7.596962019048616,62.0,60.835992484356346,70.25541571456905,6.0,14.248086854388507,0,Silent Strugglers
C0546,CSE,7,71.23,7.320637177801529,75.0,71.65202896923795,72.93326968153373,4.0,,1,Placement-Ready Academic Strugglers
C0547,ME,3,68.9,6.721183676683704,69.0,67.6846953757572,76.00126197518006,4.0,14.115135019997147,1,Placement-Ready Academic Strugglers
C0548,Civil,5,65.32,6.335086518159642,78.0,82.78371104782948,59.73571290496158,3.0,17.1183366820878,0,Silent Strugglers
C0549,ECE,8,76.83,7.215900390019067,87.0,72.15125218787594,87.32197198427393,4.0,14.54890494611586,2,Strong Performers
C0550,Civil,4,73.79,7.2891051896368735,93.0,72.15125218787594,83.52335014735274,2.0,10.82804060031214,2,Strong Performers
C0551,CSE,5,71.14,7.557850310347348,71.0,71.05120691690098,81.79339379072606,5.0,11.027801987187583,1,Placement-Ready Academic Strugglers
C0552,Civil,4,82.47,7.720295741562691,100.0,76.44838475326272,80.41198467831967,7.0,16.009511180123713,2,Strong Performers
C0553,CSE,7,80.43,8.539476274693202,98.0,72.15125218787594,79.30169434302378,7.0,11.261723729335287,2,Strong Performers
C0554,CSE,5,77.18,8.113187980410661,83.0,100.0,82.89637878098743,4.0,16.01031601252025,2,Strong Performers
C0555,ECE,6,75.21,7.385608080934753,77.0,100.0,84.705588359096,4.0,14.97014362781987,2,Strong Performers
C0556,CSE,8,73.56,7.012011375746262,85.0,88.07278261172735,78.0378855467225,5.0,18.862383803405784,2,Strong Performers
C0557,CSE,6,69.97,5.911257451893144,87.0,94.74937561779775,75.72694641000615,5.0,15.28661857745278,1,Placement-Ready Academic Strugglers
C0558,CSE,7,72.51,7.601671276478013,90.0,45.122602626107245,66.40603272986242,9.0,,0,Silent Strugglers
C0559,ECE,3,72.71,7.061575646967243,63.0,85.65152768737187,83.84667348193535,8.0,16.72957607221587,1,Placement-Ready Academic Strugglers
C0560,Civil,4,69.34,6.385848475340375,70.0,41.52887891448442,58.11448033566474,7.0,,0,Silent Strugglers
C0561,CSE,8,74.21,7.406256709535936,80.0,67.84437087644599,80.1776772797755,7.0,14.420959280851124,2,Strong Performers
C0562,ME,8,66.24,5.470218175592255,81.0,81.86083033545574,69.66402779651213,2.0,15.6356312700134,1,Placement-Ready Academic Strugglers
C0563,Civil,6,75.89,7.509638115068372,86.0,83.6510589277083,85.91866240185828,3.0,15.035478209610908,2,Strong Performers
C0564,CSE,5,76.55,7.26060971407489,76.0,82.0658911634886,88.42117994528392,9.0,17.37928367126806,2,Strong Performers
C0565,CSE,4,84.25,8.798591739189455,96.0,49.13152224597569,77.80104571326402,5.0,,2,Strong Performers
C0566,Civil,8,78.58,6.892918626536583,79.0,72.15125218787594,78.64523920566431,11.0,23.582783966887824,2,Strong Performers
C0567,Civil,7,73.37,6.901664527127908,99.0,78.54831583277686,71.10494482541277,5.0,13.161293438020946,2,Strong Performers
C0568,ECE,4,65.2,6.415145470219129,74.0,46.14568417373611,53.82626876370438,3.0,12.09101296938233,0,Silent Strugglers
C0569,Civil,6,71.51,5.973373943181139,92.0,66.09340990739906,65.73566504838588,2.0,14.905377972405752,0,Silent Strugglers
C0570,CSE,6,74.97,7.75146503606036,81.0,50.64169625214348,72.3163735192411,5.0,16.79804645720684,2,Strong Performers
C0571,ECE,5,69.99,6.902676037012272,78.0,63.90786740846251,70.55474551924685,4.0,13.39147325866888,0,Silent Strugglers
C0572,ME,8,67.45,6.589737167686008,66.0,61.573876936889874,61.67676355355123,9.0,11.09461122308146,0,Silent Strugglers
C0573,CSE,3,71.55,6.621364454995151,77.0,50.63977092905307,69.25138992525483,3.0,16.333258884065327,0,Silent Strugglers
C0574,Civil,4,72.01,7.935052514017133,66.0,76.8670271237253,75.85811243228538,3.0,19.50491935119477,2,Strong Performers
C0575,ECE,3,66.79,6.581491633773501,72.0,66.73184933530169,67.67532908817007,10.0,11.085358321062678,0,Silent Strugglers
C0576,Civil,7,65.37,6.320993297638342,74.0,87.85720853781119,60.27152036612012,6.0,17.053524031838357,0,Silent Strugglers
C0577,ECE,6,69.28,6.291652527252328,89.0,66.50597007580366,66.83223983132554,7.0,9.36636895221134,0,Silent Strugglers
C0578,ECE,8,75.16,6.896934901886403,86.0,58.24573599906997,78.18353653172872,7.0,12.080970831238194,2,Strong Performers
C0579,CSE,6,76.25,7.127296734947083,85.0,57.49053037946332,75.59147364627468,9.0,,2,Strong Performers
C0580,CSE,3,73.08,7.10998127549769,69.0,72.15125218787594,74.35391445457104,6.0,19.71708179140836,2,Strong Performers
C0581,Civil,5,72.51,5.993024490854083,100.0,73.98099375891202,77.11489952184606,4.0,11.381114414492378,1,Placement-Ready Academic Strugglers
C0582,CSE,3,74.83,6.1692587869135735,99.0,81.65917115142122,82.67359494222346,5.0,15.153670037300062,2,Strong Performers
C0583,CSE,7,76.56,7.736271457057841,93.0,72.15125218787594,74.99070458948766,4.0,14.976817519684085,2,Strong Performers
C0584,CSE,7,65.98,7.083729401602187,58.0,77.09725282481712,71.48912148476369,5.0,11.16890563217784,1,Placement-Ready Academic Strugglers
C0585,CSE,8,76.82,7.696586157598791,79.0,87.46974270974353,77.42159739337859,5.0,22.063898146004103,2,Strong Performers
C0586,Civil,5,75.05,7.358353393645345,75.0,66.48683321270981,71.94451257191844,6.0,20.27853662469995,2,Strong Performers
C0587,ECE,4,67.24,5.562608186325133,68.0,83.18199809344307,86.5733714631662,5.0,10.092146927238636,1,Placement-Ready Academic Strugglers
C0588,EEE,3,74.25,7.30154469634467,80.0,63.37076857227699,67.10841484852615,7.0,,2,Strong Performers
C0589,CSE,5,74.28,6.729063131875764,83.0,72.15125218787594,79.44596000587795,4.0,19.334482141659823,2,Strong Performers
C0590,ME,5,80.05,9.36066533319542,85.0,46.52077840988957,78.37549923238163,2.0,14.59828082949279,2,Strong Performers
C0591,ECE,7,70.3,6.01980689937741,64.0,76.9191020305626,79.49924087121417,4.0,22.230141172079595,1,Placement-Ready Academic Strugglers
C0592,ECE,7,71.95,6.641904311973195,81.0,86.26611881652852,74.03712680898525,5.0,11.31372193539876,1,Placement-Ready Academic Strugglers
C0593,Civil,3,69.65,6.233773244860576,91.0,73.55079360958196,56.06792802823994,3.0,,0,Silent Strugglers
C0594,EEE,4,65.57,5.970950060378759,70.0,50.54997470287202,62.014431797424834,4.0,14.519072489969224,0,Silent Strugglers
C0595,Civil,6,76.37,9.230919768080929,80.0,80.3855361641101,71.96436652511879,2.0,15.808926095239343,2,Strong Performers
C0596,CSE,5,71.45,6.698337540158793,84.0,72.15125218787594,80.05287946475431,0.0,16.99133474341901,1,Placement-Ready Academic Strugglers
C0597,CSE,3,64.4,5.568016813056415,70.0,48.1899297847294,60.30931752512262,4.0,14.076930577451437,0,Silent Strugglers
C0598,ME,8,67.2,6.172756226234325,88.0,44.49316959758741,58.647302831731714,5.0,9.32655179627358,0,Silent Strugglers
C0599,CSE,7,68.14,6.360224768575407,69.0,67.74188028062491,75.33372881961132,2.0,20.092278927319803,1,Placement-Ready Academic Strugglers
C0600,ME,6,67.06,6.248945006325135,57.0,100.0,82.5039671671392,7.0,18.09189583062504,1,Placement-Ready Academic Strugglers
C0601,ME,4,74.98,5.5524758966139975,100.0,51.76521007138048,65.26161272732418,8.0,21.440700185847145,0,Silent Strugglers
C0602,ME,8,69.75,7.030263834362986,82.0,72.15125218787594,66.9560805520887,6.0,10.674764496500217,0,Silent Strugglers
C0603,Civil,3,67.47,7.254057654498895,76.0,83.10879370413147,75.51683703266427,6.0,13.941540927220323,1,Placement-Ready Academic Strugglers
C0604,ME,5,70.54,7.127699156244905,57.0,82.63318089614168,83.94151363144606,9.0,16.6645809742646,1,Placement-Ready Academic Strugglers
C0605,CSE,7,76.76,9.216727893476827,100.0,87.01001140342287,69.50328038929852,3.0,11.282231525221146,2,Strong Performers
C0606,CSE,8,72.19,6.024209545107192,86.0,87.51148556085016,75.20649434526268,4.0,16.093702267899552,1,Placement-Ready Academic Strugglers
C0607,ME,4,66.1,5.264335013468703,63.0,95.736769527471,88.2440819466965,5.0,15.732310004482748,1,Placement-Ready Academic Strugglers
C0608,ECE,6,68.04,6.631573380567924,73.0,47.30639036043142,65.10913725085805,8.0,7.916854867710651,0,Silent Strugglers
C0609,CSE,4,72.46,7.0687353526277645,79.0,65.54121411934528,65.90656642711743,7.0,15.585197216675503,0,Silent Strugglers
C0610,ECE,3,67.11,6.905308497962353,65.0,83.49161668014774,86.90454991944897,5.0,8.75368386095685,1,Placement-Ready Academic Strugglers
C0611,Civil,5,71.56,7.724443174038154,71.0,66.45923092866616,76.52322102266321,8.0,16.082392792421956,2,Strong Performers
C0612,Civil,8,74.09,7.055114958116272,94.0,80.20413101878543,67.362565821943,7.0,10.420989447088411,2,Strong Performers
C0613,ME,7,67.29,5.888754689720732,73.0,62.82676993219722,68.37157607350149,8.0,11.779407239964902,0,Silent Strugglers
C0614,ECE,5,67.09,5.22162995360549,83.0,66.57322319785764,70.53476230710957,4.0,8.836693291506693,1,Placement-Ready Academic Strugglers
C0615,CSE,4,75.89,6.872693330149104,85.0,100.0,89.80564283802602,4.0,14.55776381698508,2,Strong Performers
C0616,ECE,3,55.71,4.137361008827584,74.0,56.91264791407786,70.50987265026278,2.0,5.76497192048755,0,Silent Strugglers
C0617,CSE,4,72.2,7.8906861565820625,,84.03848205924196,69.88744552730897,7.0,14.55776381698508,2,Strong Performers
C0618,ME,3,67.58,5.144818150851737,86.0,69.36900724617784,66.0006259667051,3.0,17.28567419541046,0,Silent Strugglers
C0619,ME,4,69.49,6.572191581511503,65.0,72.15125218787594,86.12292037497457,7.0,10.337714534347963,1,Placement-Ready Academic Strugglers
C0620,CSE,7,74.79,7.429796786076304,84.0,58.66346851483685,63.94789265054982,8.0,12.276702381393186,0,Silent Strugglers
C0621,CSE,3,74.47,7.209961898052228,90.0,98.1730757940712,70.96151220397533,7.0,11.583413509063282,2,Strong Performers
C0622,CSE,3,77.54,7.6602842646871485,85.0,100.0,84.74967513884182,5.0,,2,Strong Performers
C0623,Civil,6,66.02,5.553594084219045,68.0,66.58857300815438,70.01931559962641,6.0,18.450670099141533,0,Silent Strugglers
C0624,ME,4,66.88,5.804618385971658,65.0,54.51890138256636,66.33251087595086,5.0,18.03096718822088,0,Silent Strugglers
C0625,CSE,5,79.22,7.68283442573291,93.0,70.28598097347037,86.94714806793418,5.0,16.062310314320563,2,Strong Performers
C0626,Civil,3,70.26,6.085500609438532,95.0,85.7768466637592,76.67085369203039,1.0,16.999029935679957,1,Placement-Ready Academic Strugglers
C0627,ECE,4,73.68,7.238179551019292,79.0,99.79627351487892,85.74752050925143,6.0,14.684610662233608,2,Strong Performers
C0628,ECE,5,63.76,5.713057123043826,68.0,41.59134389815614,55.23008888710746,7.0,14.644028803269228,0,Silent Strugglers
C0629,EEE,7,70.92,6.380469025859297,76.0,92.46214754330713,78.74785591649896,6.0,18.585457350153423,1,Placement-Ready Academic Strugglers
C0630,CSE,5,76.88,7.791800887724011,,72.15125218787594,74.55621861616396,2.0,20.397678524966743,2,Strong Performers
C0631,CSE,6,72.98,6.990841904762895,83.0,65.00636650888065,82.59807476899795,2.0,16.198386266472927,2,Strong Performers
C0632,ME,6,73.03,6.937687645574312,84.0,72.77051458002502,76.97266176580557,3.0,16.762808746368478,2,Strong Performers
C0633,CSE,4,74.56,6.794191288760163,85.0,97.36880678407287,86.79517645898909,4.0,15.21326527479946,2,Strong Performers
C0634,ME,4,70.85,7.055538336370855,75.0,69.13711541705212,75.10739136273676,4.0,13.766129040906288,1,Placement-Ready Academic Strugglers
C0635,CSE,5,76.73,7.761320196595305,82.0,72.15125218787594,60.36832370025101,6.0,20.774458029697435,2,Strong Performers
C0636,CSE,3,74.15,6.809113777060553,78.0,52.38137272667896,75.13798414695732,4.0,,0,Silent Strugglers
C0637,CSE,7,73.28,7.926765685088103,65.0,73.3697253916209,75.04471356204787,6.0,19.836254830173345,2,Strong Performers
C0638,ECE,6,75.7,6.901664527127908,97.0,73.70310758712279,74.80745548166229,3.0,14.057647215339877,2,Strong Performers
C0639,CSE,4,73.77,7.576109616519982,75.0,82.17622155427851,78.79168307585583,7.0,14.191607323291558,2,Strong Performers
C0640,CSE,5,70.16,7.312383200136201,62.0,70.04405708797563,77.46723653947282,5.0,15.570525880220632,1,Placement-Ready Academic Strugglers
C0641,Civil,4,72.5,6.901664527127908,88.0,69.10243962942849,75.45788987241833,3.0,12.238978234031013,1,Placement-Ready Academic Strugglers
C0642,CSE,6,78.42,6.901664527127908,97.0,71.66599599548955,79.21439082071097,5.0,17.499976837158837,2,Strong Performers
C0643,ECE,7,68.98,6.910273339287653,75.0,71.71083651837314,70.11274147773132,6.0,16.232554815317616,1,Placement-Ready Academic Strugglers
C0644,CSE,3,74.92,7.694030549337817,81.0,64.32920628516561,74.43292158401097,4.0,19.462567309518164,2,Strong Performers
C0645,ECE,5,75.07,7.385555280156005,87.0,58.13408256451584,68.9021594581514,2.0,17.012346780599998,2,Strong Performers
C0646,CSE,3,80.24,6.35838969452445,100.0,90.62586979443604,76.95371424318857,7.0,17.68216906269171,2,Strong Performers
C0647,ME,5,65.18,4.738091897097613,80.0,82.31086240380128,76.28632455806853,3.0,16.61593220203796,1,Placement-Ready Academic Strugglers
C0648,CSE,4,75.18,7.446999200725651,73.0,100.0,93.45482637952313,6.0,13.629448071174815,2,Strong Performers
C0649,Civil,5,64.1,6.901664527127908,74.0,66.98264048229814,62.87148096101596,6.0,11.037131220878852,0,Silent Strugglers
C0650,EEE,5,68.15,7.520583818346287,80.0,77.63691144205285,69.8805751693765,5.0,8.68658584718781,1,Placement-Ready Academic Strugglers
C0651,CSE,4,71.02,6.659116207942505,64.0,87.62161682170542,81.92773656025172,6.0,16.304812345194932,1,Placement-Ready Academic Strugglers
C0652,CSE,5,69.89,5.711452693520117,76.0,47.98425263518962,59.80997236517235,3.0,19.10517492238868,0,Silent Strugglers
C0653,CSE,7,62.85,6.498234631777815,59.0,65.83744728690388,70.15110670540925,2.0,12.07052030787353,1,Placement-Ready Academic Strugglers
C0654,ME,7,72.77,7.381218850568776,94.0,53.672243476604464,62.93797814631218,6.0,12.234919641686256,0,Silent Strugglers
C0655,CSE,3,70.04,7.160540451034359,59.0,70.1805985656602,80.59254882332829,8.0,13.112797961222578,1,Placement-Ready Academic Strugglers
C0656,Civil,5,75.23,7.871379972325394,85.0,85.29032324917891,86.68393401895958,3.0,17.73207536572192,2,Strong Performers
C0657,Civil,8,66.27,5.225370186541604,68.0,48.23047746506001,67.70673683502541,8.0,,0,Silent Strugglers
C0658,Civil,6,68.34,7.208061782118482,72.0,79.8847850494144,74.58115849891317,6.0,15.604056924962688,1,Placement-Ready Academic Strugglers
C0659,ECE,4,66.12,5.612265913384109,71.0,78.31450284867893,69.23252305460898,2.0,15.214353552910516,1,Placement-Ready Academic Strugglers
C0660,EEE,6,69.12,7.318188295638511,72.0,42.11522648979125,72.12049066276235,4.0,8.753310762016522,0,Silent Strugglers
C0661,CSE,3,79.64,8.120743846635877,100.0,62.67172214644493,61.06781199538685,4.0,18.58545236634048,2,Strong Performers
C0662,ECE,3,69.06,6.0792660916843495,87.0,85.42812200979779,72.42469575130507,4.0,14.55776381698508,1,Placement-Ready Academic Strugglers
C0663,CSE,6,79.53,8.094211288545539,89.0,100.0,84.98541156535303,7.0,13.675281006819308,2,Strong Performers
C0664,EEE,6,73.66,7.6754904735348575,89.0,67.57273515703683,70.1228910626442,4.0,13.904039063773546,2,Strong Performers
C0665,ME,7,69.66,6.981026811238871,80.0,70.13842318574261,68.42543154260949,6.0,14.55776381698508,0,Silent Strugglers
C0666,Civil,5,68.04,7.105130722666258,74.0,63.97847376569113,54.02135477528987,3.0,17.50727217580711,0,Silent Strugglers
C0667,CSE,8,69.2,6.938613211295939,73.0,50.53018974344648,57.26874809014623,1.0,22.526708137647347,0,Silent Strugglers
C0668,EEE,5,76.26,6.838841445031084,89.0,100.0,84.2636718373721,7.0,14.852726414577305,2,Strong Performers
C0669,ECE,7,63.61,6.397116690566955,71.0,62.06990812652979,53.64089018022457,5.0,14.032543773847614,0,Silent Strugglers
C0670,ECE,3,67.35,4.718699538662201,82.0,66.85671997635491,79.83424285631531,4.0,13.381984868742911,1,Placement-Ready Academic Strugglers
C0671,EEE,3,66.74,6.364643296384732,72.0,55.36968816377881,72.22921530297553,7.0,12.764978336670612,0,Silent Strugglers
C0672,ECE,7,64.7,6.901664527127908,51.0,37.24393375010601,68.27459474104204,7.0,10.322135408018012,0,Silent Strugglers
C0673,ECE,8,63.77,5.038652214564538,78.0,75.116601239798,75.83806013490783,6.0,12.536475169628206,1,Placement-Ready Academic Strugglers
C0674,ME,8,71.63,6.827073716159196,84.0,57.40770871068081,68.87237251747042,6.0,12.65693426443068,0,Silent Strugglers
C0675,CSE,4,76.02,7.227456955691555,75.0,85.19116112131452,74.48848637011771,5.0,21.39788044426656,2,Strong Performers
C0676,CSE,3,77.16,7.623158148907702,87.0,84.34110567575485,81.9175453574094,4.0,14.55776381698508,2,Strong Performers
C0677,CSE,8,76.5,6.901664527127908,87.0,86.5241684099635,83.48379164202596,3.0,18.414347386077434,2,Strong Performers
C0678,CSE,6,77.95,7.951812612252385,90.0,91.74223746584003,76.39478783981586,6.0,12.780607324185768,2,Strong Performers
C0679,Civil,4,68.53,4.963010510363693,84.0,72.52715909661511,79.24211952443056,6.0,15.265192771052968,1,Placement-Ready Academic Strugglers
C0680,ME,7,75.68,7.296631975892046,84.0,79.2686623871625,80.38838437099905,7.0,17.847379394696894,2,Strong Performers
C0681,ECE,8,74.58,6.446441076400561,88.0,81.07203678372564,71.14529404598964,7.0,22.521033902389625,2,Strong Performers
C0682,ECE,4,74.02,6.3925620980352615,78.0,63.556759305765496,78.58275949790202,4.0,18.89587718110185,2,Strong Performers
C0683,ECE,7,68.83,6.154676196080773,56.0,72.977645456852,79.87444535027242,8.0,14.55776381698508,1,Placement-Ready Academic Strugglers
C0684,ME,7,74.09,7.030505684363257,71.0,92.06349141376585,83.4941101298589,6.0,15.92824020846846,2,Strong Performers
C0685,EEE,6,72.73,7.778473920781339,74.0,63.07225073351235,70.7143433881967,5.0,,2,Strong Performers
C0686,EEE,6,64.67,5.788673956265658,76.0,58.72226299481128,60.19174212994158,9.0,12.865054104012907,0,Silent Strugglers
C0687,ECE,4,75.96,5.687513014914421,92.0,71.94903422745465,82.20451580467044,7.0,20.226280969550963,2,Strong Performers
C0688,CSE,8,72.61,7.529635408391993,84.0,58.39748580275778,64.317531990973,4.0,17.56034615968771,0,Silent Strugglers
C0689,ECE,8,73.26,7.327636910298239,83.0,61.09316088467138,72.75875026404528,3.0,16.634737791866684,2,Strong Performers
C0690,ME,8,71.43,7.512265873347753,79.0,60.901721197358754,71.42083203772309,5.0,14.827384283540807,0,Silent Strugglers
C0691,ECE,7,71.5,7.137498765026103,70.0,66.9234324123325,69.22869850959766,9.0,11.993237152933784,0,Silent Strugglers
C0692,ME,3,72.29,6.759136278467969,84.0,88.07113521894196,69.48885383275166,4.0,16.015337113228522,1,Placement-Ready Academic Strugglers
C0693,ME,5,74.65,6.942345528176882,86.0,66.73257246914818,70.31997611455596,9.0,12.826975223996705,2,Strong Performers
C0694,CSE,5,78.85,6.852960605835355,94.0,92.57339134674967,91.1731519510899,4.0,19.8053387234051,2,Strong Performers
C0695,CSE,8,71.85,6.465119870135355,73.0,99.58167631669164,81.51607321173894,3.0,11.297486288666589,1,Placement-Ready Academic Strugglers
C0696,ECE,6,69.96,6.294633880395874,100.0,69.79466307785857,60.12729101479558,4.0,17.329879185701927,0,Silent Strugglers
C0697,CSE,6,73.63,6.009250128188284,95.0,91.68835522420504,69.66191318562117,7.0,16.994425346675893,2,Strong Performers
C0698,CSE,3,70.53,6.545913563816158,67.0,88.3257336573775,82.72611843169854,4.0,18.60129590335479,1,Placement-Ready Academic Strugglers
C0699,ME,7,71.39,5.988512594935405,84.0,59.16207256058614,69.54300146471526,4.0,21.18483593116628,0,Silent Strugglers
C0700,ECE,5,75.01,8.284331034821252,89.0,55.93165138346882,67.53480130019285,3.0,14.984684265550737,2,Strong Performers
C0701,CSE,3,82.39,8.161779634882965,97.0,95.42340958223,96.29135108968644,3.0,14.652732465695422,2,Strong Performers
C0702,ME,8,66.85,6.270289759501642,79.0,73.61146512281738,76.55774131496975,2.0,10.971947665854154,1,Placement-Ready Academic Strugglers
C0703,Civil,4,76.63,7.795052157599776,98.0,82.53710617298155,73.23072087186664,6.0,13.262114077708413,2,Strong Performers
C0704,CSE,3,79.05,7.828772366384248,80.0,100.0,77.86312652898255,10.0,13.952367105419206,2,Strong Performers
C0705,Civil,3,67.16,5.994553883594996,87.0,67.73675055655922,79.7161228950926,6.0,12.820536049373873,1,Placement-Ready Academic Strugglers
C0706,EEE,5,72.65,7.99930387627268,88.0,71.0095987887366,72.18049385306823,4.0,13.25314008152053,2,Strong Performers
C0707,ME,3,74.45,8.2524386041394,89.0,47.263904778772726,61.76264820157608,6.0,12.654973743040395,0,Silent Strugglers
C0708,ME,8,71.22,7.199129927055164,88.0,75.12357634247219,68.64544852013452,3.0,8.739720845103477,1,Placement-Ready Academic Strugglers
C0709,CSE,6,73.72,7.390895186283372,75.0,94.05661876528328,77.86280321435085,7.0,14.561759671980568,2,Strong Performers
C0710,EEE,4,68.61,6.8392824041584,71.0,76.95621317623787,77.74219917862166,3.0,10.753184044368524,1,Placement-Ready Academic Strugglers
C0711,ECE,3,69.16,7.010979337514491,75.0,59.07592769012212,61.93882086869092,4.0,17.960457523351792,0,Silent Strugglers
C0712,EEE,5,72.47,8.40816387345587,70.0,75.98073173526211,78.28916649785269,6.0,9.782330796056376,1,Placement-Ready Academic Strugglers
C0713,ME,3,66.76,7.3698140067870685,71.0,71.39289942958553,66.77183230633324,6.0,15.439690084382196,0,Silent Strugglers
C0714,CSE,8,81.5,8.03900485288106,93.0,76.26045631080264,90.5378834801762,10.0,17.394158205620165,2,Strong Performers
C0715,CSE,4,76.16,7.945592889797929,70.0,100.0,82.18937777286095,3.0,18.02243276556811,2,Strong Performers
C0716,ME,5,70.12,5.8492850075472616,83.0,65.69643624913468,72.81532236648542,4.0,17.571288951804693,1,Placement-Ready Academic Strugglers
C0717,ME,3,74.23,7.005029389596306,86.0,61.0165512226031,74.89678915225052,6.0,14.713036136811006,2,Strong Performers
C0718,CSE,3,69.93,6.359564932418659,79.0,78.2493685302807,82.1529956014553,4.0,12.918709078243126,1,Placement-Ready Academic Strugglers
C0719,ME,4,69.13,5.958597905337062,94.0,95.89787383428217,78.01377394146729,1.0,12.583850797772271,1,Placement-Ready Academic Strugglers
C0720,Civil,3,63.87,6.901664527127908,63.0,100.0,75.79448355246065,4.0,11.809466232357904,1,Placement-Ready Academic Strugglers
C0721,ECE,7,64.9,5.224176150821799,71.0,74.5507458669356,66.42747093965374,7.0,11.403608337631004,0,Silent Strugglers
C0722,ECE,8,74.52,6.936120887542744,97.0,64.8447300796595,75.2189723516312,4.0,19.36217208003454,2,Strong Performers
C0723,CSE,8,75.08,8.182221697902694,80.0,60.59496247362193,71.11561482034521,5.0,14.016667375920758,2,Strong Performers
C0724,Civil,4,67.35,6.221645368451622,82.0,57.54133620507892,67.4399997431873,3.0,16.497076124701124,0,Silent Strugglers
C0725,CSE,7,72.45,7.0899118230949565,67.0,99.3361149469022,87.51875196326496,5.0,14.55776381698508,1,Placement-Ready Academic Strugglers
C0726,Civil,6,63.31,5.35790069145368,66.0,92.1662758538069,70.53629110376342,6.0,5.0739925501596765,1,Placement-Ready Academic Strugglers
C0727,ECE,3,71.61,7.204006611795642,84.0,50.30573984945917,80.92390319030521,5.0,11.7226733975369,1,Placement-Ready Academic Strugglers
C0728,ME,3,73.12,7.021404607320521,95.0,72.15125218787594,71.114121652105,4.0,14.55776381698508,2,Strong Performers
C0729,CSE,6,71.36,7.424915992642573,70.0,71.29344642343494,60.32154887502747,4.0,18.233788403933048,0,Silent Strugglers
C0730,CSE,5,79.32,7.950691916106189,89.0,92.88712169361982,87.33171478012544,6.0,14.549062922744982,2,Strong Performers
C0731,Civil,3,71.13,6.089178999065073,92.0,75.26553593804961,74.0063895636866,6.0,7.693390245771122,1,Placement-Ready Academic Strugglers
C0732,ECE,8,60.78,5.278548420055035,70.0,54.190159803962,67.97177513054297,2.0,10.783440710252766,0,Silent Strugglers
C0733,ECE,7,78.09,7.033951102517764,90.0,92.79827889890429,87.29646231133945,5.0,16.508481278310605,2,Strong Performers
C0734,EEE,6,75.75,6.04153747457828,99.0,69.95739897026823,72.14278768942934,6.0,15.710808087333058,2,Strong Performers
C0735,EEE,8,75.87,7.147511404171536,92.0,88.73981233576598,89.10632871025763,1.0,14.55776381698508,2,Strong Performers
C0736,Civil,8,74.87,7.209852841001195,75.0,60.11095753441309,75.3895116822382,7.0,14.569815299737016,2,Strong Performers
C0737,CSE,8,66.89,6.521532226759587,76.0,70.01872234198393,75.35697668964748,5.0,9.44654951810874,1,Placement-Ready Academic Strugglers
C0738,ME,4,75.34,7.8288153183428,92.0,39.5216103290468,62.56396384913496,3.0,13.64528762985156,0,Silent Strugglers
C0739,Civil,8,79.73,7.5703177488591535,97.0,72.15125218787594,78.37639239240941,4.0,16.722301099143564,2,Strong Performers
C0740,ECE,6,65.55,7.031749522139903,66.0,61.781207069637,58.55210547262533,6.0,8.365062289114624,0,Silent Strugglers
C0741,CSE,7,81.28,9.970997647002584,92.0,47.58385108905375,65.0709297330925,4.0,,2,Strong Performers
C0742,Civil,8,71.19,7.012931083141883,71.0,98.77161657534742,91.8947512161976,6.0,14.442704376568912,1,Placement-Ready Academic Strugglers
C0743,ECE,3,71.31,8.373512441340573,62.0,75.68994135604652,74.4185750227896,4.0,15.535350778535063,1,Placement-Ready Academic Strugglers
C0744,ME,5,60.04,5.376227250945703,66.0,63.54852781964136,65.25594107460425,5.0,14.21528940726452,0,Silent Strugglers
C0745,EEE,3,71.26,5.268636426956568,89.0,66.02380346093595,74.43792608845744,8.0,11.13500175677822,1,Placement-Ready Academic Strugglers
C0746,ME,4,60.22,5.021820083872742,65.0,72.49214136267324,71.49407118934242,4.0,14.548880218711346,1,Placement-Ready Academic Strugglers
C0747,ECE,5,76.48,6.901664527127908,85.0,83.6950769462692,94.22500452157306,4.0,16.72681256112584,2,Strong Performers
C0748,ECE,8,64.81,6.3633844010156535,75.0,72.15125218787594,68.92202330950931,3.0,13.747996091346762,1,Placement-Ready Academic Strugglers
C0749,ECE,8,65.54,6.901664527127908,68.0,81.55648250767474,77.6614129632962,4.0,13.262974935480573,1,Placement-Ready Academic Strugglers
C0750,CSE,5,76.82,6.360437044810191,90.0,76.05267838671601,79.68390201697514,9.0,,2,Strong Performers
C0751,Civil,4,67.95,6.901664527127908,67.0,72.15125218787594,83.69062187831476,6.0,20.23718470073827,1,Placement-Ready Academic Strugglers
C0752,Civil,6,76.32,6.239176637991071,91.0,87.09101684968849,85.56159517890221,9.0,19.104853412376222,2,Strong Performers
C0753,CSE,8,75.79,7.230861909461652,88.0,69.35817580397797,69.43057868192459,5.0,17.51546586189453,2,Strong Performers
C0754,CSE,8,68.81,7.210057991370053,67.0,62.215583473801146,65.89897332773758,10.0,10.283032963822505,0,Silent Strugglers
C0755,Civil,4,72.07,6.218728938490431,,73.03767727147553,75.85135810957654,3.0,17.48416053008516,1,Placement-Ready Academic Strugglers
C0756,CSE,4,75.43,7.606277206824997,73.0,93.08470979044996,83.2079265227785,7.0,14.55776381698508,2,Strong Performers
C0757,ECE,7,70.35,5.878090111015912,98.0,60.86202188738852,62.91929935578719,4.0,15.442471090398708,0,Silent Strugglers
C0758,ECE,4,75.75,6.901664527127908,95.0,85.61000257824979,84.92876039199166,5.0,13.112410329830968,2,Strong Performers
C0759,ME,4,68.89,7.550697511375881,68.0,55.11228623285864,67.37111786556805,2.0,13.63331818458233,0,Silent Strugglers
C0760,CSE,3,72.52,7.355808889265384,82.0,48.2844197356068,65.20793650223901,8.0,14.27635916969275,0,Silent Strugglers
C0761,ME,5,75.41,7.637557955446038,74.0,100.0,85.22406373444272,8.0,16.41684199195679,2,Strong Performers
C0762,ECE,5,64.9,4.104042863636761,91.0,56.99093031200288,70.29570977836967,2.0,17.416749161592843,0,Silent Strugglers
C0763,ME,6,65.14,6.465173583426937,68.0,87.5673589872914,84.70885097574093,1.0,13.857106402642726,1,Placement-Ready Academic Strugglers
C0764,CSE,4,77.96,7.383707295309222,93.0,86.2044436168262,89.59155401459213,6.0,14.55776381698508,2,Strong Performers
C0765,ECE,7,73.06,6.361323090438369,91.0,97.08002836950716,73.57400814818966,4.0,16.394381907816193,2,Strong Performers
C0766,ECE,7,77.74,7.482508138537135,100.0,49.771707634214685,73.64283151998943,8.0,15.376576861111255,2,Strong Performers
C0767,CSE,5,74.99,7.025552367557514,93.0,56.13323812304017,67.76446963172485,11.0,12.339441026535368,2,Strong Performers
C0768,CSE,4,73.02,6.901664527127908,74.0,68.62608976496301,74.87742824304384,8.0,15.76376648004049,2,Strong Performers
C0769,CSE,6,71.29,5.701206280277031,100.0,37.12446525070263,54.63307961166739,7.0,17.879592633433983,0,Silent Strugglers
C0770,CSE,7,80.16,7.786702089264396,98.0,65.75627750041787,73.004521371303,7.0,15.23586729892737,2,Strong Performers
C0771,CSE,5,69.35,6.889475782357827,74.0,87.65157558198673,73.986083256405,7.0,9.253453415676349,1,Placement-Ready Academic Strugglers
C0772,EEE,4,74.04,6.901664527127908,75.0,85.76650362234328,90.91480577553445,2.0,17.06590033308553,2,Strong Performers
C0773,ECE,6,65.04,5.862203820236071,82.0,61.08072616586501,73.2836348195416,4.0,15.74146691771768,0,Silent Strugglers
C0774,Civil,5,72.32,5.424932680209393,94.0,72.15125218787594,69.9662104125344,7.0,15.146563988333808,0,Silent Strugglers
C0775,EEE,5,68.34,6.901664527127908,76.0,42.66856333052198,61.73692374993687,7.0,15.9140143942136,0,Silent Strugglers
C0776,CSE,5,72.53,6.829324678533919,71.0,68.83401976104102,81.75433810783274,7.0,16.05155979235778,1,Placement-Ready Academic Strugglers
C0777,ME,4,70.57,6.901664527127908,74.0,83.2126495605155,77.14867450765733,8.0,14.596626000212352,1,Placement-Ready Academic Strugglers
C0778,Civil,7,67.17,6.262880875437777,88.0,72.69916378325519,76.17016881187679,7.0,10.211539422980856,1,Placement-Ready Academic Strugglers
C0779,ME,5,71.39,6.526760971682769,,80.29528441421265,88.75608572975796,4.0,14.567628685728105,1,Placement-Ready Academic Strugglers
C0780,ECE,5,82.49,8.8288897643169,84.0,92.60782740879836,73.9022350410358,8.0,,2,Strong Performers
C0781,ECE,6,74.88,6.937980518690583,74.0,65.31993749938549,80.21983276058002,7.0,19.59890822890143,2,Strong Performers
C0782,CSE,5,76.5,7.31036462357434,100.0,69.25257038929446,70.00578349718172,3.0,15.496669152623944,2,Strong Performers
C0783,ECE,3,72.25,8.173783562907234,67.0,79.02274661365067,80.74793335733933,6.0,12.066139002365276,1,Placement-Ready Academic Strugglers
C0784,EEE,8,66.45,6.025513626578816,70.0,87.82190134323572,72.06977733624426,5.0,14.056748299782218,1,Placement-Ready Academic Strugglers
C0785,EEE,3,62.52,6.836814225305063,58.0,42.02371527926955,57.033546013913,3.0,12.2667593692399,0,Silent Strugglers
C0786,CSE,6,76.34,7.3526533369168305,93.0,70.85449684181769,74.42244999612726,10.0,11.075447411128112,2,Strong Performers
C0787,ME,4,68.37,6.719639786038694,69.0,69.75950478423293,68.11874826903393,6.0,15.248185864955282,0,Silent Strugglers
C0788,CSE,4,72.15,6.096144119835151,100.0,51.65660530991123,65.92521710951415,5.0,,0,Silent Strugglers
C0789,EEE,3,73.01,7.087568811895634,85.0,90.35404916253268,84.84527167347777,3.0,9.893654788499315,1,Placement-Ready Academic Strugglers
C0790,CSE,8,71.86,6.969019997520242,62.0,71.86590447659545,76.053153929982,7.0,16.531560861565964,1,Placement-Ready Academic Strugglers
C0791,EEE,5,71.7,7.069933297416261,77.0,52.00907282343255,77.4266997194118,7.0,14.26757114906476,0,Silent Strugglers
C0792,Civil,5,70.77,5.510310252736489,78.0,79.56342644789474,74.39739566156443,6.0,15.41714602602982,1,Placement-Ready Academic Strugglers
C0793,CSE,7,71.92,7.525519592611654,63.0,72.83168058098886,76.54853735724467,9.0,17.284364158690558,2,Strong Performers
C0794,CSE,3,77.37,8.18707297923121,96.0,57.14374828251718,69.01981239128253,5.0,15.109511296673686,2,Strong Performers
C0795,Civil,6,73.32,6.245011944396778,77.0,81.05949983695592,79.77918891091441,8.0,,1,Placement-Ready Academic Strugglers
C0796,CSE,5,80.89,7.934347729174544,99.0,48.64172005736916,69.71891299214981,6.0,19.29321483780954,2,Strong Performers
C0797,ECE,6,65.38,6.908537745482044,59.0,67.52501239500737,73.41833217582105,3.0,13.413365497128073,1,Placement-Ready Academic Strugglers
C0798,EEE,3,72.42,6.873520952757205,86.0,70.99788508678262,67.75220876934809,0.0,15.661591348854577,1,Placement-Ready Academic Strugglers
C0799,ME,8,73.69,7.465616424998225,88.0,67.9704214394591,76.01330103997985,2.0,13.944102147029655,2,Strong Performers
C0800,ECE,4,70.24,6.432249698188428,70.0,93.35935885858449,69.66693409026927,6.0,16.528675081666467,1,Placement-Ready Academic Strugglers
H0001,Civil,7,73.19,6.733623722493319,88.0,52.2153963952444,71.05498989150901,7.0,14.37425552489566,0,Silent Strugglers
H0002,ECE,5,68.23,6.0682844806620935,72.0,61.23985286211953,76.0942999017117,7.0,14.361545092211934,1,Placement-Ready Academic Strugglers
H0003,Civil,8,71.5,6.293431283070771,70.0,48.32393403287236,60.88540884300404,4.0,21.289740571227195,0,Silent Strugglers
H0004,ME,3,66.56,5.954974573829757,87.0,29.13052640360383,53.749106741190815,5.0,12.925949767333345,0,Silent Strugglers
H0005,CSE,4,70.21,6.959612178093632,79.0,74.19336640671547,73.06613332956975,6.0,13.977954206111264,1,Placement-Ready Academic Strugglers
H0006,EEE,8,73.62,6.976134946619927,100.0,66.0598606291397,70.57890984379576,5.0,15.628976011827504,2,Strong Performers
H0007,Civil,4,75.5,6.965182802404534,86.0,74.72899219106516,73.78837209205089,4.0,20.95457545878799,2,Strong Performers
H0008,Civil,4,69.14,6.901664527127908,84.0,71.74756642661103,70.07288083956097,3.0,8.046486023465436,1,Placement-Ready Academic Strugglers
H0009,CSE,7,75.22,6.641445442885064,87.0,58.49143481617658,64.44649659259865,5.0,18.29608923608464,2,Strong Performers
H0010,ECE,4,77.74,7.506332806659365,89.0,42.96502226611386,65.02535660823067,10.0,18.675142709310524,2,Strong Performers
H0011,ECE,6,65.02,5.126967447549289,75.0,65.92585530863703,65.20987264193387,1.0,16.193638672382956,0,Silent Strugglers
H0012,EEE,4,68.86,6.558196529686429,74.0,61.71769395934325,64.1350881692171,8.0,15.241849186965068,0,Silent Strugglers
H0013,ME,4,75.09,7.296386473423677,75.0,95.66380365507386,67.41622902188378,7.0,18.23878091185691,2,Strong Performers
H0014,Civil,8,67.86,6.143667185612591,80.0,72.15125218787594,65.15437450875044,6.0,17.11420489615163,0,Silent Strugglers
H0015,ECE,4,68.05,6.275400460159279,70.0,85.0770768198093,80.63103530716383,3.0,14.55776381698508,1,Placement-Ready Academic Strugglers
H0016,CSE,3,76.46,9.352231592628364,80.0,59.15551926229257,73.1182097154588,1.0,14.55776381698508,2,Strong Performers
H0017,ME,7,71.87,6.871088384442826,77.0,60.8167507211719,69.33635168151547,7.0,17.336175904517408,0,Silent Strugglers
H0018,CSE,8,67.3,5.725986142415751,91.0,60.29203267412308,64.15292969663273,3.0,11.216273660961726,0,Silent Strugglers
H0019,Civil,3,69.2,6.995349772212363,86.0,46.00263921860415,67.90358277776242,3.0,13.86350473715076,0,Silent Strugglers
H0020,ME,7,67.19,5.442861377896025,82.0,51.952312969174585,58.86815058716007,4.0,15.148863071985192,0,Silent Strugglers
H0021,Civil,6,75.96,6.862378541895097,93.0,81.00852202739321,86.58173909213406,3.0,12.646548626258609,2,Strong Performers
H0022,ECE,7,71.04,6.901664527127908,79.0,72.69999041965646,78.92402667563594,7.0,15.283734956039146,1,Placement-Ready Academic Strugglers
H0023,EEE,3,69.23,6.883413999068811,80.0,75.87424032213873,70.74716294137592,6.0,4.792123021288271,1,Placement-Ready Academic Strugglers
H0024,Civil,8,68.35,7.418285427317944,49.0,72.15125218787594,71.9453312957453,7.0,16.173073068800093,1,Placement-Ready Academic Strugglers
H0025,Civil,6,63.06,5.6515691686646266,,75.06920941690117,67.57797507158647,3.0,12.4297987033395,1,Placement-Ready Academic Strugglers
H0026,CSE,8,67.34,6.271705666831243,74.0,71.07082089303937,62.48260176287081,3.0,14.74907917939007,0,Silent Strugglers
H0027,ECE,5,64.65,5.848315530555393,77.0,64.34397316641319,66.03563504349707,5.0,15.95611466689614,0,Silent Strugglers
H0028,CSE,8,75.56,7.604289916533894,90.0,71.29402908051918,76.00452619175213,8.0,16.236420787876938,2,Strong Performers
H0029,CSE,6,74.74,6.824591039336408,86.0,39.65203064121391,69.70319755588837,4.0,16.29425306900856,0,Silent Strugglers
H0030,ME,3,67.38,6.8192316892865525,63.0,61.784525908900704,70.16172621667626,4.0,17.696219956112415,0,Silent Strugglers
H0031,ME,8,67.45,5.783614740545556,72.0,66.47602746735441,85.12046254398346,3.0,13.34821490385602,1,Placement-Ready Academic Strugglers
H0032,EEE,7,72.73,6.852650440775799,75.0,61.109273132562976,76.0428054400607,7.0,18.720739531428148,2,Strong Performers
H0033,CSE,4,74.82,6.921944838890961,100.0,72.15125218787594,66.130147413216,9.0,16.67977184685051,2,Strong Performers
H0034,ECE,6,72.86,7.864380690392671,80.0,76.82632969170831,83.89586110937968,5.0,14.55776381698508,2,Strong Performers
H0035,ECE,5,71.58,8.512585785002468,73.0,46.99325662720633,63.942967352212726,2.0,11.106510474284129,0,Silent Strugglers
H0036,CSE,6,77.47,7.729714755480725,90.0,71.96357023236567,77.90114887423353,6.0,16.783588770712946,2,Strong Performers
H0037,CSE,8,68.16,6.250890014774465,70.0,77.12390031702874,75.01217920136078,6.0,14.887602141880524,1,Placement-Ready Academic Strugglers
H0038,ECE,8,68.86,6.1544855335281285,100.0,46.64000249617462,58.75293651301303,4.0,14.739271960002842,0,Silent Strugglers
H0039,CSE,4,79.85,8.015648631716038,75.0,72.15125218787594,71.97814718300012,7.0,23.075568767124025,2,Strong Performers
H0040,ME,8,72.13,6.901664527127908,85.0,70.20129752924049,63.63483519770376,4.0,14.054150976502273,0,Silent Strugglers
H0041,ECE,5,70.42,7.826893434629834,94.0,56.05926913079559,66.49686370478395,7.0,9.96715078938096,0,Silent Strugglers
H0042,Civil,7,69.45,6.99178675073731,65.0,72.15125218787594,75.9132539375052,3.0,14.0570360725663,1,Placement-Ready Academic Strugglers
H0043,ME,7,64.77,7.3443570637657904,56.0,69.78789400648785,62.88273069531623,4.0,15.719648955906882,0,Silent Strugglers
H0044,CSE,5,71.82,7.945969670250768,68.0,71.44760159308902,67.47288561084551,7.0,18.01355989722083,2,Strong Performers
H0045,Civil,5,72.08,5.3256312971150574,93.0,71.04460902971097,80.47899573438225,2.0,16.920934731063788,1,Placement-Ready Academic Strugglers
H0046,Civil,5,62.37,5.4957467073118185,77.0,83.82362293346462,69.82163901868313,4.0,12.806553037330096,1,Placement-Ready Academic Strugglers
H0047,ECE,8,73.67,7.131703931732259,83.0,82.33360095307269,78.63319653868977,6.0,14.833463120310514,2,Strong Performers
H0048,CSE,5,74.3,7.504633018294408,99.0,62.5710147927074,75.11803131692751,3.0,13.113693632622592,2,Strong Performers
H0049,ME,4,69.24,8.17661675042997,64.0,60.41877460146704,68.85255837839559,2.0,14.761310627483294,0,Silent Strugglers
H0050,CSE,5,75.49,7.408416446342927,90.0,56.88097292768877,73.5002725770012,10.0,10.710195222228116,2,Strong Performers
H0051,CSE,4,76.85,8.236818899966137,100.0,80.43435405146951,74.06630817871668,5.0,10.097461929819492,2,Strong Performers
H0052,CSE,5,75.23,6.901664527127908,99.0,82.08474883132338,83.27057077615001,7.0,15.018822384555063,2,Strong Performers
H0053,Civil,3,70.89,6.34801486550502,99.0,76.61261943968613,76.10024207382817,1.0,14.83381348419944,1,Placement-Ready Academic Strugglers
H0054,ME,3,62.06,5.0167910427926765,81.0,75.82589051405267,59.44751767192427,5.0,8.81999512836705,0,Silent Strugglers
H0055,ME,7,70.49,5.992254634705514,89.0,77.61597448202163,75.82190260224006,6.0,14.489391501405906,1,Placement-Ready Academic Strugglers
H0056,Civil,3,77.91,7.916073362427318,87.0,75.64320604507999,78.71454919687552,7.0,13.691058426916229,2,Strong Performers
H0057,ECE,6,68.23,6.426169775127979,87.0,100.0,80.257650187543,1.0,10.319303774493,1,Placement-Ready Academic Strugglers
H0058,ME,7,64.48,6.465066367299982,70.0,60.1538223091967,66.71257568208006,4.0,11.687133284611772,0,Silent Strugglers
H0059,CSE,7,68.85,7.636802814900077,69.0,59.80221371766421,62.73331833726329,2.0,15.928739377666096,0,Silent Strugglers
H0060,CSE,5,70.47,7.033471716958549,69.0,46.34028875194191,74.29712218897681,4.0,15.850345501931802,0,Silent Strugglers
H0061,ME,4,65.74,4.933927472721357,84.0,64.72897283785204,62.73753584485458,4.0,11.332036696625057,0,Silent Strugglers
H0062,ECE,8,66.61,7.050435098987288,53.0,72.15125218787594,75.39240035184785,4.0,15.375604011393518,1,Placement-Ready Academic Strugglers
H0063,ME,8,67.82,5.711891024524494,79.0,79.44637755856614,60.67766563766789,5.0,15.13401165039292,0,Silent Strugglers
H0064,Civil,6,76.2,6.799064279705163,91.0,55.81735787329269,71.43318909945532,9.0,13.299296370722905,2,Strong Performers
H0065,ME,3,73.9,6.724507692753588,100.0,83.79404439388242,75.09113900409561,8.0,16.739520114810666,2,Strong Performers
H0066,ME,3,66.35,7.452258042570781,81.0,75.50634949896981,69.60668599007236,4.0,8.35376631776456,1,Placement-Ready Academic Strugglers
H0067,ME,4,65.62,7.6710623461393235,58.0,56.29079329957631,56.79684255327313,7.0,10.134801348917524,0,Silent Strugglers
H0068,CSE,3,81.0,8.447322185037876,97.0,84.59181179230524,78.27016849032816,5.0,19.550824370050584,2,Strong Performers
H0069,CSE,8,79.32,7.087135610760297,92.0,93.97714417686448,76.06992700662893,7.0,19.577290897069325,2,Strong Performers
H0070,ECE,4,66.07,5.64675550862899,69.0,51.93502943251897,64.31154209121398,2.0,16.16359748390589,0,Silent Strugglers
H0071,CSE,4,71.95,5.700991928381027,85.0,91.40936968958,79.28076061238461,4.0,9.604456589394404,1,Placement-Ready Academic Strugglers
H0072,ECE,8,74.64,6.883341580873443,100.0,76.83581796169354,75.86659782803127,4.0,12.884733898434694,2,Strong Performers
H0073,Civil,7,71.0,7.584894023150524,64.0,87.33413100756916,83.36738121003951,5.0,17.76134314349035,1,Placement-Ready Academic Strugglers
H0074,CSE,4,70.82,7.106532254932309,100.0,71.89996799602518,73.22201306122571,3.0,7.099047258873137,1,Placement-Ready Academic Strugglers
H0075,CSE,5,77.91,8.202765837956127,87.0,69.79697133312818,69.46511913015907,4.0,17.427014838606937,2,Strong Performers
H0076,CSE,6,74.13,8.697476491161337,72.0,82.83215667610246,77.56493304567282,6.0,15.758740232220234,2,Strong Performers
H0077,CSE,6,65.17,6.26318046286473,86.0,54.15472691860611,58.387146538891216,4.0,14.366142720268732,0,Silent Strugglers
H0078,ME,8,64.03,5.094288014425594,73.0,72.56840461335855,66.2309221788005,7.0,14.907733274029638,0,Silent Strugglers
H0079,ME,8,76.59,7.766388417599906,100.0,69.36468631695169,61.66459659012454,3.0,14.993521622646693,2,Strong Performers
H0080,Civil,8,65.6,5.530536285324812,83.0,57.26511300509236,63.78832043944387,3.0,14.55776381698508,0,Silent Strugglers
H0081,ME,3,73.55,5.929527212576473,94.0,40.785318430189164,60.84500949470413,13.0,15.159497013701388,0,Silent Strugglers
H0082,ECE,4,64.18,6.5620976047293045,72.0,48.215210818941785,62.72441889318972,1.0,14.881345192132146,0,Silent Strugglers
H0083,Civil,6,65.14,6.196610688483846,76.0,61.284015407804674,78.05003218476004,5.0,10.195321058579015,1,Placement-Ready Academic Strugglers
H0084,CSE,3,68.78,5.6729103576626025,64.0,82.29692349069832,81.61867990147742,5.0,,1,Placement-Ready Academic Strugglers
H0085,CSE,5,63.61,6.403425467035211,56.0,56.09698024700157,63.50646084218676,4.0,12.265268958825288,0,Silent Strugglers
H0086,CSE,3,73.94,7.088440081641099,84.0,63.7183387652309,71.51446238704207,7.0,15.804586159561827,2,Strong Performers
H0087,ME,8,67.41,6.893129816793172,76.0,36.43002334934166,62.03356655564892,3.0,12.985860327724568,0,Silent Strugglers
H0088,ECE,3,67.46,6.305522600537033,86.0,61.89251185165352,66.08824112521717,12.0,17.22616626619733,0,Silent Strugglers
H0089,CSE,3,73.53,8.656228341890415,84.0,42.13073721125125,56.964270677421545,6.0,9.972097740847005,0,Silent Strugglers
H0090,ECE,4,70.11,6.659467131361836,76.0,84.30026916282718,87.92891945290506,5.0,11.086492373715837,1,Placement-Ready Academic Strugglers
H0091,CSE,3,74.03,6.835950793102622,90.0,68.3546970164815,75.36944188033327,6.0,12.625752149755767,2,Strong Performers
H0092,ME,6,69.04,6.374792160465484,86.0,77.05617414222299,66.80339390692286,4.0,16.30869197899299,1,Placement-Ready Academic Strugglers
H0093,ECE,5,74.11,7.772557768044016,85.0,62.49998504352875,63.30486817260811,7.0,14.933879671411914,2,Strong Performers
H0094,ECE,8,74.88,6.880248990185594,88.0,92.41231030473332,73.9177302252791,5.0,14.764706370324044,2,Strong Performers
H0095,CSE,4,71.38,8.322453362303415,65.0,48.100977072338544,71.82394846839239,4.0,17.530340284839752,0,Silent Strugglers
H0096,ME,6,70.31,7.462229699190611,78.0,85.73505708656428,68.50248849886148,4.0,13.453288546780993,1,Placement-Ready Academic Strugglers
H0097,ECE,6,66.67,6.894876975264885,71.0,70.31402128911803,61.64090528987649,3.0,14.258760002078644,0,Silent Strugglers
H0098,CSE,6,77.89,8.300405849402694,76.0,76.62294521734304,73.21693214605638,6.0,19.329216166303056,2,Strong Performers
H0099,CSE,7,71.14,7.917716275812773,72.0,58.47190165566415,65.9495031672289,6.0,17.59897627080825,0,Silent Strugglers
H0100,EEE,4,72.24,5.877318164281201,89.0,75.22583644600664,76.1314520169588,3.0,17.907750947148134,1,Placement-Ready Academic Strugglers
H0101,EEE,6,74.14,7.311576439310203,77.0,87.99139712530953,81.7247202947458,3.0,15.346720356875254,2,Strong Performers
H0102,ME,7,68.08,6.632847975500835,68.0,54.08077050827522,65.44282890005698,6.0,14.393321293642986,0,Silent Strugglers
H0103,CSE,8,78.59,8.284822700673832,95.0,53.49077340129935,70.87647659254799,3.0,16.927964111712203,2,Strong Performers
H0104,EEE,6,71.39,6.677202887005906,86.0,93.70079909655644,89.58266491583736,2.0,13.031688998344524,1,Placement-Ready Academic Strugglers
H0105,Civil,6,73.06,8.159409721137138,72.0,72.15125218787594,72.67004425514546,2.0,14.725979063919269,2,Strong Performers
H0106,ME,8,65.57,7.201108159094695,59.0,41.28111997983444,52.93154765047432,5.0,11.432851581748816,0,Silent Strugglers
H0107,ECE,6,69.67,6.377320523110749,83.0,54.11831781412317,71.04682865845679,4.0,18.3194733430838,0,Silent Strugglers
H0108,CSE,8,66.3,7.171604226832913,76.0,58.03400575007806,70.57672073057324,3.0,12.378610538991106,0,Silent Strugglers
H0109,CSE,3,76.14,8.749574449086351,76.0,77.72693211130294,77.35569526483782,5.0,13.778131496263082,2,Strong Performers
H0110,EEE,5,66.59,7.1336938775164285,71.0,53.85153663361525,62.15848644591137,2.0,15.322370561399218,0,Silent Strugglers
H0111,ECE,3,68.81,6.19330199889439,88.0,76.0609244476147,68.03426152773739,6.0,9.820653001922356,1,Placement-Ready Academic Strugglers
H0112,CSE,3,74.78,5.666436544095911,100.0,81.4692513840485,72.57767502422776,5.0,15.089377139759907,2,Strong Performers
H0113,CSE,5,73.96,7.838598499050635,83.0,80.68387234322371,84.10011667331587,5.0,10.731557952798484,2,Strong Performers
H0114,ME,4,66.86,6.109857073939162,76.0,70.63022360878843,72.60465286154418,6.0,16.328465978798775,1,Placement-Ready Academic Strugglers
H0115,CSE,5,72.26,7.1387234535958,82.0,80.40760374353569,73.94773630473865,2.0,14.222667213799,1,Placement-Ready Academic Strugglers
H0116,Civil,5,74.71,7.254680226211522,74.0,68.7454923313828,70.82368131949232,7.0,,2,Strong Performers
H0117,Civil,6,73.71,7.188175186546326,91.0,71.22857351722276,76.86123197967709,5.0,8.017160290723234,1,Placement-Ready Academic Strugglers
H0118,ME,8,74.81,8.1160019754555,77.0,59.40433859451942,75.4841468889317,7.0,15.096429418921144,2,Strong Performers
H0119,ECE,8,69.24,6.541027029110576,90.0,37.22924405354743,54.64475427136673,3.0,9.731643526525929,0,Silent Strugglers
H0120,ME,5,70.55,7.29558932572951,88.0,66.18943968852915,66.96276067622618,4.0,10.392791453236006,0,Silent Strugglers
H0121,ME,4,73.54,7.75312498712425,76.0,77.49668638267538,66.11721462538762,6.0,15.761794141765098,2,Strong Performers
H0122,ME,7,75.14,7.671087743388505,78.0,80.3764601906547,88.1227207219773,3.0,,2,Strong Performers
H0123,CSE,3,69.64,8.086819633446694,71.0,72.15125218787594,75.65126762420992,5.0,10.557349702076966,1,Placement-Ready Academic Strugglers
H0124,ECE,6,68.92,5.959158237159777,78.0,46.54772132110823,72.40786988097254,3.0,14.792577670356511,0,Silent Strugglers
H0125,CSE,5,74.34,7.390709888257067,91.0,79.99445990192612,73.05552649179474,7.0,15.989648040433142,2,Strong Performers
H0126,ECE,4,75.44,7.683190054080918,83.0,94.27620726094672,84.2534856978562,3.0,17.43701520833657,2,Strong Performers
H0127,CSE,6,71.84,5.905834591414514,98.0,62.47193109635675,72.64156889055678,6.0,16.117290399578163,0,Silent Strugglers
H0128,CSE,4,60.52,6.819865266104158,60.0,59.20757108382328,75.32861384792689,3.0,11.636829198283996,1,Placement-Ready Academic Strugglers
H0129,CSE,4,73.72,7.143821254494959,74.0,96.69780471657444,86.89689187039487,4.0,14.55776381698508,1,Placement-Ready Academic Strugglers
H0130,ME,6,66.72,5.282478242041438,73.0,72.7329156457183,77.56462382611168,4.0,11.795724624526065,1,Placement-Ready Academic Strugglers
H0131,CSE,4,75.11,7.026670018210313,85.0,90.91620316531412,72.37552590586547,3.0,14.555722044313336,2,Strong Performers
H0132,EEE,7,70.17,5.93878371721219,99.0,63.086318269758365,61.08232039692161,5.0,9.41033206045214,0,Silent Strugglers
H0133,ME,3,67.87,5.494395008846824,86.0,92.45471932838956,81.21446093453942,3.0,10.170719176338327,1,Placement-Ready Academic Strugglers
H0134,CSE,5,73.2,7.203022569902699,,70.78477286693767,74.6779057251385,7.0,16.30012317945634,2,Strong Performers
H0135,ME,7,74.91,7.495884696308814,74.0,72.15125218787594,73.33158739263678,7.0,19.452922787162976,2,Strong Performers
H0136,CSE,4,76.44,7.859814312956552,91.0,46.54199160430316,63.489850040160455,8.0,18.244999577629265,2,Strong Performers
H0137,EEE,7,68.41,6.88787733058216,83.0,37.05731505895893,57.59840743586911,5.0,12.410942645499082,0,Silent Strugglers
H0138,ECE,7,73.5,7.160565374174459,100.0,93.3365313436445,75.61497405909988,4.0,14.09975392067409,2,Strong Performers
H0139,Civil,8,79.73,7.841198028522196,82.0,58.57988502004688,67.52723369210634,8.0,22.682597586735906,2,Strong Performers
H0140,CSE,4,76.09,7.3615594037257,92.0,84.97607725870623,68.92037815910295,2.0,,2,Strong Performers
H0141,ECE,7,73.99,6.555625710506479,96.0,92.67865440936588,73.16541576355282,6.0,15.418689509730768,2,Strong Performers
H0142,ECE,8,70.26,7.305658434122387,56.0,84.0668919149974,84.31487143181607,7.0,17.664476822461655,1,Placement-Ready Academic Strugglers
H0143,EEE,7,76.08,7.817412844356108,82.0,72.15125218787594,68.73617470810287,3.0,,2,Strong Performers
H0144,ME,4,64.61,5.681323666205517,90.0,44.42538746489846,56.43553962421268,4.0,14.100644860425586,0,Silent Strugglers
H0145,ECE,7,67.04,6.453931509295179,66.0,72.15125218787594,77.50495288497179,7.0,13.202206718465346,1,Placement-Ready Academic Strugglers
H0146,CSE,3,74.8,7.884775546203039,81.0,82.30128135768902,60.88857889440607,5.0,19.8848161539432,2,Strong Performers
H0147,CSE,6,82.03,8.351918585576987,87.0,97.5880782157388,90.8603438011475,9.0,14.885219330926256,2,Strong Performers
H0148,ECE,5,67.59,6.852583946433896,,44.55113065489074,68.43293830533638,7.0,14.908858686885992,0,Silent Strugglers
H0149,ECE,6,72.69,7.677350982712478,67.0,81.01498266886267,79.98444382748043,7.0,16.73581774716594,2,Strong Performers
H0150,CSE,6,79.26,7.933602667143726,99.0,95.91987694527177,88.37977829671746,5.0,14.113658997467748,2,Strong Performers
H0151,Civil,3,69.31,6.442725230307014,100.0,61.71361434844358,58.10737783244593,4.0,9.411144993177045,0,Silent Strugglers
H0152,Civil,6,74.95,8.03605403373446,81.0,95.35215285819706,81.93006884847428,4.0,14.55776381698508,2,Strong Performers
H0153,CSE,8,77.86,9.55101343215964,62.0,77.93013904455354,87.51637350244567,3.0,17.073829613762356,2,Strong Performers
H0154,ME,5,79.08,6.718966910991526,100.0,71.20093410269715,75.0147090022769,10.0,16.573286960280647,2,Strong Performers
H0155,CSE,4,74.59,7.942828062246598,87.0,47.50595571293244,51.39704642039525,5.0,16.401682423252794,0,Silent Strugglers
H0156,ME,8,72.04,6.70748743794304,65.0,83.50877489382434,80.49602918606736,2.0,17.404314578610848,1,Placement-Ready Academic Strugglers
H0157,CSE,3,74.66,7.923172449202853,90.0,72.7478799719751,67.8371320204652,4.0,12.713409556215332,2,Strong Performers
H0158,ME,5,70.65,5.130693279912974,90.0,84.34194796521112,80.74613451773995,4.0,,1,Placement-Ready Academic Strugglers
H0159,ME,6,69.88,6.081164942039588,92.0,83.5057160887065,80.58446722495701,1.0,11.998415904781725,1,Placement-Ready Academic Strugglers
H0160,Civil,5,76.08,6.9964659796165884,98.0,74.57853710271561,90.24305091097229,4.0,9.39409749879018,2,Strong Performers
H0161,CSE,8,80.66,7.5945017224493725,100.0,85.62350415987605,78.24857325048406,8.0,14.39612141420789,2,Strong Performers
H0162,EEE,5,66.52,6.664477204123828,,44.79312401917521,52.734613329662295,3.0,19.231333804767218,0,Silent Strugglers
H0163,CSE,8,69.75,5.891749718965501,83.0,69.77890247788405,57.95659879538678,6.0,15.399465547195993,0,Silent Strugglers
H0164,CSE,3,64.74,7.515687681517053,60.0,44.68356245089134,68.33590263996653,4.0,8.106598850064664,0,Silent Strugglers
H0165,ME,7,72.84,6.554175856835416,85.0,88.3494764829734,63.74889010499388,2.0,19.88623917560357,2,Strong Performers
H0166,ECE,6,69.49,6.945248224313976,80.0,65.26521514531797,55.00423245525797,8.0,19.23383273536448,0,Silent Strugglers
H0167,Civil,4,71.91,6.127111441798688,83.0,71.20470825488283,70.65301476662334,4.0,17.454891140290204,1,Placement-Ready Academic Strugglers
H0168,Civil,4,70.22,7.499625718837363,63.0,99.19896631611265,81.7504117216269,6.0,12.145230164726856,1,Placement-Ready Academic Strugglers
H0169,CSE,7,74.72,6.565016990994328,93.0,80.13366273045432,77.82334982039019,7.0,15.46695156434201,2,Strong Performers
H0170,EEE,6,69.24,6.355428471879063,82.0,78.87596920836349,68.51653927852716,5.0,17.409745671629118,1,Placement-Ready Academic Strugglers
H0171,CSE,6,70.43,8.624235116397106,73.0,52.19359026126035,70.35226408502574,2.0,11.53259474316179,0,Silent Strugglers
H0172,ECE,3,66.87,6.475151956574453,,78.6641918984625,67.98377250712313,6.0,13.407234548678604,1,Placement-Ready Academic Strugglers
H0173,CSE,6,75.31,7.643116906884829,76.0,65.70592996110918,79.91876762524477,4.0,16.73601909454874,2,Strong Performers
H0174,EEE,8,67.4,7.220375965468125,58.0,32.07540838830898,65.51149194216792,4.0,14.947816563404038,0,Silent Strugglers
H0175,CSE,3,70.96,6.723159985131808,67.0,59.32000991142361,67.77826997952165,6.0,15.995709396599198,0,Silent Strugglers
H0176,CSE,5,71.03,6.316433527621441,78.0,80.920172884488,85.42849413236031,7.0,13.205254090784049,1,Placement-Ready Academic Strugglers
H0177,ECE,5,73.3,7.503329039075002,81.0,42.553541756552185,60.47297278860333,4.0,19.64610298422492,0,Silent Strugglers
H0178,EEE,8,70.64,6.548725154126461,83.0,76.95352097313777,75.179471706087,4.0,12.949463703729014,1,Placement-Ready Academic Strugglers
H0179,Civil,4,74.84,7.002272842586025,82.0,80.30302059825847,75.92780693932956,7.0,15.714888915058372,2,Strong Performers
H0180,ME,5,73.41,5.974263115588386,90.0,90.3838314077116,82.8879568707534,7.0,12.727462848710593,1,Placement-Ready Academic Strugglers
H0181,Civil,7,67.68,5.794084135762995,77.0,87.66205608912705,85.61721017665514,7.0,10.187049448112756,1,Placement-Ready Academic Strugglers
H0182,Civil,3,67.9,6.765533867347629,68.0,64.86660517425963,58.49542034202256,8.0,14.29395415236401,0,Silent Strugglers
H0183,ECE,7,72.73,7.101073315716266,78.0,65.18429746932208,70.08572455375756,3.0,17.39368326263378,2,Strong Performers
H0184,CSE,7,73.39,7.3396531157374625,69.0,68.8140022945134,73.78937164373549,2.0,14.55776381698508,1,Placement-Ready Academic Strugglers
H0185,Civil,7,68.96,7.145236179667424,67.0,82.53531390568138,79.17706126004083,4.0,16.319244209545793,1,Placement-Ready Academic Strugglers
H0186,ME,6,75.39,7.613991755456792,80.0,73.74455465534254,79.42003578078597,6.0,14.317235336540712,2,Strong Performers
H0187,ECE,7,67.7,5.294545302219326,90.0,71.49604189595092,68.31815991218858,3.0,13.479133711237262,1,Placement-Ready Academic Strugglers
H0188,CSE,7,70.22,6.901664527127908,68.0,85.56780627376003,76.55113738886972,4.0,16.85341433488729,1,Placement-Ready Academic Strugglers
H0189,ME,8,64.74,6.034508204910224,,35.77122338741363,65.70213097319457,7.0,13.581189898598916,0,Silent Strugglers
H0190,CSE,5,78.51,7.516996636482379,85.0,80.38563987275332,88.75882303950961,3.0,14.94528932848971,2,Strong Performers
H0191,EEE,5,76.39,6.1275453047047765,99.0,80.34867983880979,88.44239362525612,3.0,13.391819861054335,2,Strong Performers
H0192,CSE,6,70.07,7.789413338831055,82.0,48.12870091207803,51.992876383766685,8.0,19.9090300570918,0,Silent Strugglers
H0193,CSE,4,79.15,8.199693908172048,84.0,90.603348289601,81.0819381685656,5.0,19.38323730241679,2,Strong Performers
H0194,Civil,8,64.95,6.697258757316556,57.0,62.3910839130058,67.30338552857016,3.0,14.651827668275809,0,Silent Strugglers
H0195,CSE,7,74.17,5.794447760427462,97.0,64.16630663499265,78.4916329577848,8.0,13.475054736380384,2,Strong Performers
H0196,CSE,6,77.36,7.379638819165295,83.0,84.31717366208584,71.65129674156242,4.0,18.351643783170257,2,Strong Performers
H0197,ME,4,71.77,7.324549900778751,88.0,69.19668225775672,68.71572219893575,4.0,13.050372277225724,2,Strong Performers
H0198,Civil,5,74.87,7.153464284531951,76.0,99.51887928835777,78.36196231770418,4.0,14.55776381698508,2,Strong Performers
H0199,CSE,5,73.77,7.337507233975172,91.0,100.0,77.08132808286273,4.0,12.258250638319051,2,Strong Performers
H0200,CSE,6,73.09,7.871067263131183,82.0,100.0,80.36372183378022,4.0,14.461282289509496,2,Strong Performers
H0201,Civil,7,68.39,6.872517873795163,90.0,54.21900331207752,55.84945108663684,7.0,12.499469902946023,0,Silent Strugglers
H0202,EEE,7,70.25,6.905281759777407,60.0,86.03925143573285,82.10650751941209,5.0,16.992178425706392,1,Placement-Ready Academic Strugglers
H0203,ECE,8,71.72,7.033713504111836,74.0,93.47797723318726,79.90375125160705,4.0,20.263637638955828,2,Strong Performers
H0204,CSE,8,69.07,6.428456073520703,84.0,50.85937981237076,58.49033136745834,2.0,15.780231083870495,0,Silent Strugglers
H0205,CSE,7,72.11,7.253600592968332,81.0,39.767715088014384,57.60641452862524,4.0,18.35299200023132,0,Silent Strugglers
H0206,CSE,5,70.75,6.513416895522493,77.0,81.45247745196706,73.00319992609424,6.0,18.77278279797078,1,Placement-Ready Academic Strugglers
H0207,CSE,6,75.31,7.750924448273917,87.0,53.972274621293074,74.79928218357391,3.0,15.67643404244417,2,Strong Performers
H0208,ME,5,76.46,6.581823587200208,96.0,100.0,89.44944626009372,4.0,14.376452501816033,2,Strong Performers
H0209,CSE,6,72.51,7.091299258026346,74.0,72.65456608616572,71.04605537087205,6.0,18.91827474685394,2,Strong Performers
H0210,ECE,7,71.92,5.114739780761932,96.0,67.30278799536583,70.65398661638281,9.0,15.4673474606828,0,Silent Strugglers
H0211,ME,5,67.97,5.720350175295989,81.0,75.00212126391622,71.48755988394642,3.0,14.55776381698508,1,Placement-Ready Academic Strugglers
H0212,ME,6,66.62,5.165458581460807,83.0,60.61473711446625,77.6338964903564,6.0,13.590261987672845,1,Placement-Ready Academic Strugglers
H0213,CSE,3,68.94,5.404177608375482,83.0,61.81558931867624,65.9556853885654,3.0,13.929098182062102,0,Silent Strugglers
H0214,Civil,7,64.76,5.871944733557771,55.0,58.05062296337301,72.61289118093245,9.0,14.55776381698508,0,Silent Strugglers
H0215,ME,5,71.45,5.731385401605987,90.0,67.37494099947493,78.65548552758882,5.0,13.642885955949716,1,Placement-Ready Academic Strugglers
H0216,ME,5,77.13,8.091552881079448,81.0,75.98134010690701,84.53679028814578,7.0,14.683605608762807,2,Strong Performers
H0217,CSE,6,73.0,7.438749409665844,80.0,72.66087169505056,73.33537067698147,2.0,16.93449470861123,2,Strong Performers
H0218,CSE,4,77.24,9.00756826149875,79.0,98.20935439443804,75.95084833128927,7.0,14.053092779674667,2,Strong Performers
H0219,EEE,6,70.93,6.380474806717542,84.0,79.2071330888531,88.36989183738142,1.0,16.52621601935827,1,Placement-Ready Academic Strugglers
H0220,ECE,7,68.86,6.3785474299259945,89.0,56.26560486400539,53.86068129581253,4.0,12.546807338898676,0,Silent Strugglers
H0221,CSE,5,74.26,7.097049135557012,81.0,70.1775994729569,82.1919707843242,7.0,13.991773422643757,2,Strong Performers
H0222,ECE,3,69.22,5.897217558287608,86.0,47.88426022336708,62.20726997561088,6.0,17.454629106226133,0,Silent Strugglers
H0223,ME,5,65.61,6.471935786435126,68.0,45.67889153831743,68.29628462745939,4.0,17.157993552278533,0,Silent Strugglers
H0224,EEE,4,65.06,6.901664527127908,55.0,94.19985179947722,76.23550946816879,7.0,,1,Placement-Ready Academic Strugglers
H0225,CSE,5,79.43,8.593081425456297,75.0,56.27637539705622,85.4254584656854,7.0,18.02360076977116,2,Strong Performers
H0226,EEE,6,71.14,5.768432036798526,99.0,70.56334978766873,69.23375727091249,4.0,13.531478306800803,1,Placement-Ready Academic Strugglers
H0227,CSE,3,71.31,6.938065135341978,86.0,79.54088469936354,67.98919036214801,5.0,20.339675713753586,2,Strong Performers
H0228,ME,7,73.75,6.83459167936029,87.0,65.43037742649676,73.47759164575508,8.0,10.7041261753266,2,Strong Performers
H0229,ME,4,70.41,6.176995251625858,91.0,65.44291159777161,67.84962156733145,4.0,15.367740422348769,0,Silent Strugglers
H0230,CSE,8,66.91,5.986526968792423,72.0,80.7813608532753,75.44732074807872,7.0,13.173711730795713,1,Placement-Ready Academic Strugglers
H0231,CSE,7,77.91,7.564295625030793,84.0,78.76558248548893,82.36486798874466,4.0,14.706702060195669,2,Strong Performers
H0232,ECE,4,78.04,7.446212090418293,100.0,86.9150729784405,83.95762265803064,5.0,13.46030102428664,2,Strong Performers
H0233,EEE,6,72.59,7.878928638279246,72.0,62.64176664548343,67.9705340095681,3.0,20.28259969291073,2,Strong Performers
H0234,ME,3,73.19,5.651010402301642,100.0,70.70249426047958,85.5524797131224,4.0,10.989947843292072,1,Placement-Ready Academic Strugglers
H0235,EEE,3,69.93,7.72247105030079,61.0,72.15125218787594,78.20549307598331,7.0,17.341280871502203,1,Placement-Ready Academic Strugglers
H0236,Civil,8,70.4,6.389458554690373,95.0,34.347798585254885,54.65286305922076,7.0,14.531531744449952,0,Silent Strugglers
H0237,ECE,7,72.86,6.485964487279059,100.0,72.15125218787594,74.406295258533,5.0,14.935901985339392,2,Strong Performers
H0238,Civil,3,74.5,6.792356192821298,87.0,100.0,82.60914473062155,3.0,14.52472518261328,2,Strong Performers
H0239,CSE,4,77.2,8.08954865238342,100.0,99.92200110991382,76.53151373886364,1.0,13.350811420753422,2,Strong Performers
H0240,CSE,4,75.38,7.422037837212784,90.0,68.84372273360982,73.46528274058588,4.0,14.68264569784138,2,Strong Performers
H0241,Civil,5,67.12,6.984329359585645,62.0,71.25980297224312,72.82553894621564,4.0,15.800114643174332,1,Placement-Ready Academic Strugglers
H0242,Civil,4,68.2,6.36519800642732,84.0,64.8795711957322,68.27760424742699,4.0,11.322324749027208,0,Silent Strugglers
H0243,CSE,4,74.07,7.769032176137524,69.0,69.08559558386719,79.01996309666112,4.0,10.79359544436915,1,Placement-Ready Academic Strugglers
H0244,ECE,6,74.82,6.188660804637963,97.0,70.83927062777757,70.38664434865602,7.0,18.40410479855669,2,Strong Performers
H0245,ME,4,69.37,7.809078284001282,85.0,60.90961375021545,63.66922267016597,7.0,9.156847456274477,0,Silent Strugglers
H0246,Civil,8,59.58,5.148529617233599,71.0,44.945697580978965,63.1959681785959,5.0,6.2232484728041975,0,Silent Strugglers
H0247,ME,7,69.29,5.450646901791334,78.0,58.146497633560806,68.18993160748886,8.0,19.18888016337909,0,Silent Strugglers
H0248,ECE,7,61.61,5.421544539385871,56.0,79.67822663110638,74.12855761905702,7.0,14.986277279749592,1,Placement-Ready Academic Strugglers
H0249,ECE,4,78.75,6.162891283029952,100.0,95.37056132892737,80.20353285826198,9.0,,2,Strong Performers
H0250,ECE,7,70.97,5.795588094643879,81.0,51.16194305364303,76.94676701243318,9.0,11.561803783008456,0,Silent Strugglers
H0251,ME,8,68.83,6.282779374319496,78.0,70.97433926992231,63.87867894003572,4.0,16.10405564662287,0,Silent Strugglers
H0252,Civil,4,75.23,6.454112222209245,82.0,72.15125218787594,90.7170840626253,0.0,15.11151555620961,1,Placement-Ready Academic Strugglers
H0253,ECE,7,70.38,6.83281537873272,84.0,51.70914808720909,65.32073942973764,4.0,,0,Silent Strugglers
H0254,CSE,5,71.69,6.589403074279106,,65.57465366875304,78.70259334771893,7.0,15.225936309170224,1,Placement-Ready Academic Strugglers
H0255,CSE,7,76.7,8.418566979063408,79.0,73.6679268746628,61.34690502511319,7.0,16.82486771206096,2,Strong Performers
H0256,ME,5,76.6,6.192744524891858,91.0,91.6530172940798,82.96302483040883,5.0,17.43608722067422,2,Strong Performers
H0257,Civil,7,70.14,6.798987870476459,78.0,45.37967586395206,66.94479406209264,5.0,18.81454520617521,0,Silent Strugglers
H0258,CSE,3,71.87,6.269425087460358,86.0,67.19857703896957,71.68338965927906,4.0,16.945991145530087,1,Placement-Ready Academic Strugglers
H0259,CSE,5,74.88,8.867615395281062,99.0,54.033843919835405,60.70053667754146,1.0,10.796816517246905,2,Strong Performers
H0260,ME,4,72.97,6.289144897382606,84.0,78.31185757282547,76.96786863821627,7.0,,1,Placement-Ready Academic Strugglers
H0261,CSE,4,68.86,6.790325405935782,92.0,80.7585237026228,63.58076144154597,4.0,7.833216918614452,1,Placement-Ready Academic Strugglers
H0262,Civil,4,73.42,5.902669070049798,95.0,72.4114472221514,67.05019226858508,6.0,14.841997001431904,0,Silent Strugglers
H0263,CSE,5,78.09,7.588764994240048,81.0,71.68001925519229,83.77373439408143,7.0,19.14106241264181,2,Strong Performers
H0264,CSE,3,68.88,7.450064554833527,70.0,80.86977142989511,78.25819652970846,5.0,11.519654655085068,1,Placement-Ready Academic Strugglers
H0265,EEE,7,68.67,6.255806175102632,70.0,75.21763297747202,78.53632621195318,4.0,15.149840174968768,1,Placement-Ready Academic Strugglers
H0266,CSE,6,70.62,7.809817492636775,71.0,73.36075841124139,73.9254171965551,4.0,15.54448851044144,1,Placement-Ready Academic Strugglers
H0267,CSE,7,74.96,7.89825376586666,78.0,59.09240203230175,63.70683480942591,4.0,15.939131572067865,2,Strong Performers
H0268,CSE,7,75.11,7.471179783984899,92.0,65.3447936650932,76.47559544610921,5.0,20.55902785607922,2,Strong Performers
H0269,CSE,3,75.53,6.790802516014191,95.0,69.38694889258961,74.72747993360132,8.0,,2,Strong Performers
H0270,CSE,3,75.0,7.0738111267681285,89.0,80.77190102422878,78.89330324779479,7.0,14.55776381698508,2,Strong Performers
H0271,CSE,5,76.07,6.701271054094702,84.0,99.0913463212776,83.13935392383361,6.0,15.26896946764613,2,Strong Performers
H0272,CSE,5,68.17,6.43166355516815,70.0,74.95467133315644,70.51511115070917,3.0,14.35494834806284,1,Placement-Ready Academic Strugglers
H0273,CSE,4,76.77,7.277484872318377,89.0,100.0,69.60602623796252,10.0,14.135945479736309,2,Strong Performers
H0274,ME,7,71.11,6.5045107478539474,85.0,62.133950667109296,66.07173232062621,3.0,15.318015420895652,0,Silent Strugglers
H0275,ME,6,72.32,5.992513853146488,87.0,97.7925286529506,79.40063059323639,9.0,12.100982237456584,1,Placement-Ready Academic Strugglers
H0276,ECE,7,67.64,5.99765105813569,84.0,65.64933058649434,68.31894620366137,5.0,7.61003314252847,0,Silent Strugglers
H0277,CSE,3,70.49,6.216636389676996,75.0,74.74365576468874,74.34188324920784,1.0,15.107946053232418,1,Placement-Ready Academic Strugglers
H0278,ECE,7,69.55,7.005184863184793,67.0,62.4965472639069,68.24205171192047,10.0,11.864090145284504,0,Silent Strugglers
H0279,Civil,4,72.34,7.790268979938647,67.0,76.70837844436495,83.17886924000574,5.0,13.905862449653949,1,Placement-Ready Academic Strugglers
H0280,Civil,5,64.54,5.776626637605204,72.0,59.6198830684558,69.39789139678882,6.0,8.986125772346055,0,Silent Strugglers
H0281,CSE,5,74.66,7.579655573656074,85.0,50.93688192508559,74.0979815491872,4.0,14.55776381698508,2,Strong Performers
H0282,CSE,7,66.46,6.224306655184886,94.0,52.15619632164913,51.27626561908957,2.0,10.456753335869791,0,Silent Strugglers
H0283,CSE,4,77.93,7.017219753614198,86.0,96.11494172500952,89.31162340994126,3.0,18.28042201350796,2,Strong Performers
H0284,CSE,4,79.48,7.987915370219847,88.0,80.09355517339989,82.28603853260302,6.0,14.55776381698508,2,Strong Performers
H0285,ME,5,75.19,6.4751818405548764,91.0,81.88312106977527,79.72565467665679,5.0,,2,Strong Performers
H0286,ECE,5,70.71,6.434462038214346,85.0,65.52980812580006,63.9156141071853,3.0,17.28345630918625,0,Silent Strugglers
H0287,CSE,4,73.46,6.462756630466366,94.0,99.1632224020438,75.58512650784199,5.0,15.815952378912094,2,Strong Performers
H0288,ECE,4,73.09,7.192465814668118,90.0,72.15125218787594,75.1019293209422,3.0,14.57867698580238,2,Strong Performers
H0289,ECE,4,69.81,5.556018874699365,87.0,75.14959501350177,66.0531471348268,6.0,16.971891713056614,0,Silent Strugglers
H0290,CSE,5,67.99,6.218915646421134,,78.8543331228928,68.54893214789445,5.0,15.951111395855367,1,Placement-Ready Academic Strugglers
H0291,Civil,5,64.69,5.051734007463706,77.0,100.0,82.78535081021279,7.0,10.209247858161676,1,Placement-Ready Academic Strugglers
H0292,CSE,5,72.6,6.899047432436411,90.0,59.95038488694394,57.142782798282816,3.0,15.148293414495017,0,Silent Strugglers
H0293,EEE,7,69.36,6.901664527127908,78.0,84.4712782721557,71.755557780711,0.0,16.69739183504967,1,Placement-Ready Academic Strugglers
H0294,CSE,4,68.02,6.893227604155546,64.0,87.9181255477082,75.9267625208225,9.0,11.135444036535034,1,Placement-Ready Academic Strugglers
H0295,Civil,8,69.4,6.901664527127908,62.0,100.0,78.88736231626085,5.0,15.807458748755288,1,Placement-Ready Academic Strugglers
H0296,EEE,7,77.14,6.767386070355226,94.0,94.6699945487906,87.84688902201452,3.0,13.786179974664265,2,Strong Performers
H0297,EEE,4,78.5,7.1330815237982,89.0,56.65956461793837,71.3048569405874,8.0,22.85409290104052,2,Strong Performers
H0298,Civil,4,74.17,7.323269628788586,78.0,97.20865327278636,82.37280201435453,4.0,18.378062281530006,2,Strong Performers
H0299,Civil,4,69.56,5.781441405764999,87.0,54.61300001833269,60.01574955101274,3.0,21.562429662671114,0,Silent Strugglers
H0300,ME,4,75.14,8.665719708475807,74.0,48.58781692554358,70.96396904662929,6.0,14.107569935459422,2,Strong Performers
H0301,Civil,5,69.83,7.114942709414482,69.0,70.40229219176449,76.30291416627324,7.0,15.765908460294453,1,Placement-Ready Academic Strugglers
H0302,CSE,3,75.19,6.901664527127908,91.0,42.06859358644381,68.20670354700307,5.0,18.12044154109584,0,Silent Strugglers
H0303,ECE,3,70.16,6.996622960267558,75.0,70.9585110728939,81.35384164811181,5.0,13.844900089462852,1,Placement-Ready Academic Strugglers
H0304,ECE,5,75.31,8.109001042801458,83.0,55.23546309776253,74.20710220221675,2.0,14.55776381698508,2,Strong Performers
H0305,Civil,7,72.73,6.901664527127908,74.0,77.07912193187437,81.65927708778531,5.0,13.579673761114464,1,Placement-Ready Academic Strugglers
H0306,ECE,4,64.11,6.051863491784246,72.0,61.01442630829399,71.5973931647213,4.0,13.855817355120251,0,Silent Strugglers
H0307,ECE,8,74.16,6.899715373030515,100.0,44.51217529521415,62.44586410188371,5.0,15.441802760094465,0,Silent Strugglers
H0308,ME,5,73.71,7.279164607565887,95.0,74.02142403170588,69.49843539239903,7.0,13.292749351661012,2,Strong Performers
H0309,CSE,8,77.74,7.368248200954691,100.0,76.08259333553379,67.01405323299245,7.0,14.390956597411542,2,Strong Performers
H0310,CSE,4,75.27,7.813966911368273,81.0,60.008369925414456,66.91162713382049,7.0,23.30445526026248,2,Strong Performers
H0311,ECE,6,63.68,6.286507869357205,66.0,61.34816046027234,57.694521980990565,5.0,15.717816051445444,0,Silent Strugglers
H0312,ECE,7,67.88,6.285848141673736,74.0,58.77834242478852,71.35350448464088,3.0,14.55776381698508,0,Silent Strugglers
H0313,CSE,3,71.34,6.890943184865461,71.0,59.61909345722057,76.4931211226836,3.0,17.564014072991466,1,Placement-Ready Academic Strugglers
H0314,ECE,8,72.51,7.59102694370083,76.0,97.85301969445914,81.7453704943991,6.0,11.9319565158837,1,Placement-Ready Academic Strugglers
H0315,ECE,5,71.36,7.349491659016305,83.0,78.20417925087825,73.1385869386064,3.0,13.18900527916026,1,Placement-Ready Academic Strugglers
H0316,CSE,5,75.19,7.867847503871306,82.0,100.0,88.2933838671377,6.0,12.6975192941248,2,Strong Performers
H0317,ECE,6,78.92,8.178639979765762,100.0,66.8776496274414,72.46887574094683,8.0,15.043209672941996,2,Strong Performers
H0318,ME,6,73.54,7.065855189933148,76.0,76.60545052800438,88.00837125555405,3.0,14.6696101619034,1,Placement-Ready Academic Strugglers
H0319,CSE,3,68.88,7.896039298838609,62.0,71.07364378025689,72.41353567199032,2.0,10.969422447226345,1,Placement-Ready Academic Strugglers
H0320,EEE,8,67.57,7.268288199300923,68.0,60.398518214039306,58.805881699637695,2.0,12.722103966941557,0,Silent Strugglers
H0321,EEE,6,78.48,7.445702523148173,83.0,90.67854766580214,87.91031614053072,10.0,14.314877780100424,2,Strong Performers
H0322,ECE,8,72.48,7.40334765230573,46.0,88.73862667370108,79.52291278163345,16.0,13.919497258173458,1,Placement-Ready Academic Strugglers
H0323,CSE,5,71.59,6.169787552925634,74.0,67.21678999362128,75.73713290653521,10.0,16.433060303538163,1,Placement-Ready Academic Strugglers
H0324,ECE,6,71.36,7.416692764769483,69.0,80.44924836334364,82.43241961718671,6.0,13.36648286311318,1,Placement-Ready Academic Strugglers
H0325,Civil,5,68.7,7.352135117786015,82.0,47.0034519476678,55.7036416765269,2.0,11.83316251886703,0,Silent Strugglers
H0326,ME,8,75.2,7.257578013573564,90.0,63.210897036006976,69.47697812567812,8.0,14.356923934763184,2,Strong Performers
H0327,Civil,7,76.18,6.374713884676012,100.0,78.97405550315203,85.4423082589983,4.0,15.868115626691932,2,Strong Performers
H0328,ECE,8,71.37,6.193267969903778,84.0,89.1809463532817,83.27231768271939,6.0,14.521928565138031,1,Placement-Ready Academic Strugglers
H0329,ME,6,66.57,6.479056240466967,56.0,95.054259896188,84.16613284603137,3.0,19.988289609866683,1,Placement-Ready Academic Strugglers
H0330,CSE,7,67.04,6.595303336079582,65.0,56.83272001117736,68.84406520009479,4.0,14.421407508576582,0,Silent Strugglers
H0331,ME,5,75.52,6.760155037273414,97.0,75.24478638311899,78.25617736263223,8.0,15.861215584198934,2,Strong Performers
H0332,CSE,5,79.95,7.81234122754381,95.0,84.07639776384957,80.38329151446165,5.0,16.37398274626746,2,Strong Performers
H0333,ME,7,70.09,5.9469205265581895,88.0,62.26852918986343,62.98197595577091,10.0,17.147493726063967,0,Silent Strugglers
H0334,Civil,3,70.13,6.593678177124213,75.0,68.68688635971813,72.31918326405815,4.0,13.063659437310855,1,Placement-Ready Academic Strugglers
H0335,CSE,7,75.9,8.396090357013025,75.0,52.695881759608255,77.78997904389506,6.0,16.93570467465434,2,Strong Performers
H0336,ME,3,68.19,6.125432555605914,83.0,58.49781780924056,63.14506609467493,5.0,16.124356465812628,0,Silent Strugglers
H0337,CSE,6,72.04,6.429113011599361,100.0,61.25307282564068,74.17231473840418,5.0,9.911212027424265,1,Placement-Ready Academic Strugglers
H0338,ME,5,63.06,5.646354792506992,76.0,66.526239164775,59.01142104853808,4.0,13.876590337086856,0,Silent Strugglers
H0339,CSE,5,74.63,7.231546117095745,77.0,62.65039550898992,79.05748619440344,3.0,17.17014939580483,2,Strong Performers
H0340,EEE,5,74.1,6.8127039555723705,82.0,79.63054388825981,64.1145362650051,4.0,15.717072119368009,2,Strong Performers
H0341,CSE,5,76.58,7.459389392767834,65.0,72.15125218787594,77.13792328016042,9.0,21.750097020787354,2,Strong Performers
H0342,EEE,5,68.19,5.293562931388972,87.0,62.77181360620605,67.44835420217522,5.0,15.68001646939207,0,Silent Strugglers
H0343,Civil,5,67.34,5.234685416838586,82.0,55.09600924432375,67.53349625412517,2.0,15.316122309011108,0,Silent Strugglers
H0344,ME,6,67.84,5.681673724941207,67.0,91.80020972559092,73.22662985118838,9.0,15.52147374246248,1,Placement-Ready Academic Strugglers
H0345,Civil,7,65.51,6.490259700993359,66.0,54.08739326868495,68.88864518829287,3.0,16.093339812043528,0,Silent Strugglers
H0346,Civil,6,76.63,7.95893706243464,78.0,53.70251546389044,70.92198042185598,7.0,15.531734415154697,2,Strong Performers
H0347,EEE,6,71.42,6.856488700511284,81.0,55.82061616513193,71.4344537567637,6.0,13.552413161340512,0,Silent Strugglers
H0348,CSE,8,78.77,7.62343926576379,89.0,67.91225114792636,85.33105031188488,8.0,15.177998739149936,2,Strong Performers
H0349,ME,8,66.92,5.152083005996347,79.0,74.82873458496584,84.34897180208152,1.0,11.991085022858083,1,Placement-Ready Academic Strugglers
H0350,CSE,3,73.94,7.710345240102273,68.0,63.78957879450081,84.68452745257987,4.0,14.263328065159428,2,Strong Performers
H0351,ME,7,66.15,5.506454884902055,89.0,96.9722628621783,79.32479962366368,3.0,12.074878827913524,1,Placement-Ready Academic Strugglers
H0352,CSE,4,78.53,7.219749880352017,94.0,85.13777291762396,81.0643969553479,6.0,14.215920450109396,2,Strong Performers
H0353,ME,4,71.96,4.898786190376605,81.0,88.3031365824601,78.73958869538434,7.0,19.29316522491129,1,Placement-Ready Academic Strugglers
H0354,ME,7,70.84,6.486510640241869,79.0,88.33278566604105,85.5107476184234,5.0,14.55776381698508,1,Placement-Ready Academic Strugglers
H0355,ECE,3,70.03,8.179828380034373,69.0,49.19542388245063,61.60499664828372,1.0,12.673490674882508,0,Silent Strugglers
H0356,ECE,8,69.58,6.721582562068846,85.0,68.81314027062729,70.78080885209555,4.0,11.069579812805117,1,Placement-Ready Academic Strugglers
H0357,Civil,7,65.24,6.115412997891464,62.0,59.57370245628047,57.39066935183016,4.0,20.344360536906496,0,Silent Strugglers
H0358,Civil,8,64.44,6.480511222198627,70.0,67.82066094152772,69.23328306604748,4.0,13.479286722911333,0,Silent Strugglers
H0359,ECE,7,73.17,7.785735681289367,86.0,63.010828615794566,73.04018990737445,6.0,10.960644419816775,2,Strong Performers
H0360,ME,8,73.63,6.945699544405207,88.0,91.56306137570772,73.99213645744128,7.0,14.072700727003197,2,Strong Performers
H0361,EEE,3,68.62,6.251895150872828,76.0,97.90458215888204,80.86331751089982,3.0,8.807465311050679,1,Placement-Ready Academic Strugglers
H0362,CSE,8,74.56,8.024832697131698,77.0,61.00136339302273,68.53082285801385,2.0,18.33326892570859,2,Strong Performers
H0363,CSE,3,76.44,8.44336425705758,80.0,86.60119769197765,88.50437576865754,2.0,10.937269573748482,2,Strong Performers
H0364,CSE,4,71.74,8.289921578498184,59.0,70.68013497513476,73.826362145587,3.0,17.66918092750513,2,Strong Performers
H0365,ME,3,66.75,5.530424023432653,79.0,70.654603084582,62.00585122103988,8.0,,0,Silent Strugglers
H0366,ECE,5,74.16,7.317242362471672,84.0,73.32374416893491,76.23557812846009,4.0,15.209475203279109,2,Strong Performers
H0367,Civil,7,67.75,6.358073111862413,72.0,72.15125218787594,70.05772349557334,6.0,11.624758246041347,1,Placement-Ready Academic Strugglers
H0368,ME,4,67.32,6.550655604370015,57.0,66.38199865695589,66.12903819620728,3.0,17.49598325750251,0,Silent Strugglers
H0369,CSE,7,67.15,6.336008471923591,71.0,76.04084515312137,73.20618678823058,5.0,13.462179875149769,1,Placement-Ready Academic Strugglers
H0370,Civil,6,61.75,5.119264354347374,79.0,63.25188579080879,63.39280118424126,6.0,7.373741159161088,0,Silent Strugglers
H0371,Civil,6,66.29,6.274082802931796,86.0,84.8814462226827,79.70500641397207,2.0,4.645465211437383,1,Placement-Ready Academic Strugglers
H0372,CSE,8,75.35,5.997809155365479,91.0,59.03957314278828,73.10973656665527,7.0,15.826251738024384,2,Strong Performers
H0373,ECE,5,69.91,5.808497562531016,84.0,71.26820508261957,62.0095659084362,7.0,18.47767843561816,0,Silent Strugglers
H0374,CSE,5,75.94,6.910707977165101,87.0,100.0,84.84655303249582,6.0,14.3141769096243,2,Strong Performers
H0375,CSE,8,74.64,6.901664527127908,94.0,100.0,81.0503935775922,5.0,14.048889793700374,2,Strong Performers
H0376,CSE,6,73.17,5.711948100670007,96.0,64.92269692472219,72.67031768570502,4.0,,1,Placement-Ready Academic Strugglers
H0377,EEE,6,66.03,5.555952090128475,79.0,51.69812866323454,58.14950408772386,5.0,14.665743909170502,0,Silent Strugglers
H0378,ECE,4,68.44,6.669380721534332,64.0,53.32056402664758,67.1302044092743,3.0,15.193074482076652,0,Silent Strugglers
H0379,ECE,4,75.29,7.231000268977154,72.0,85.43278696052616,86.24837302210192,10.0,15.010878035478626,2,Strong Performers
H0380,ME,4,70.34,6.901664527127908,75.0,72.15125218787594,83.73183168205708,7.0,9.653392221282324,1,Placement-Ready Academic Strugglers
H0381,ME,4,68.21,6.821746329503068,80.0,72.15125218787594,73.23921333386369,3.0,9.613072266686636,1,Placement-Ready Academic Strugglers
H0382,EEE,4,70.4,6.7402077366219615,82.0,75.7806370450722,77.09884055997418,5.0,10.686278808816562,1,Placement-Ready Academic Strugglers
H0383,Civil,7,71.32,6.082178988527414,,75.6066225405389,82.4734577410701,7.0,12.556847200987844,1,Placement-Ready Academic Strugglers
H0384,ECE,3,68.26,6.309418704023653,82.0,86.17639146799578,76.37982640837537,3.0,10.580463117963756,1,Placement-Ready Academic Strugglers
H0385,ECE,6,65.38,5.491811091027261,76.0,70.5773942475057,67.93692061117098,6.0,14.506674407524365,0,Silent Strugglers
H0386,EEE,8,63.15,5.829522397119784,61.0,54.02957447349833,70.1959530389564,9.0,9.534822782938388,0,Silent Strugglers
H0387,ME,7,72.43,5.453103567173436,100.0,83.24791756837035,70.57412689514221,7.0,13.93131037026654,1,Placement-Ready Academic Strugglers
H0388,EEE,5,73.86,6.059688539167959,100.0,88.0466272447959,68.05549769768223,7.0,18.21790702083289,2,Strong Performers
H0389,CSE,3,74.61,6.826407057278825,90.0,48.51122363215855,61.39871705082712,5.0,19.04017803545292,0,Silent Strugglers
H0390,Civil,8,75.21,7.911543026652565,79.0,69.1419869250121,76.45880863603428,11.0,17.86611065673179,2,Strong Performers
H0391,ME,3,74.23,7.576003252152443,67.0,74.86209129635343,74.3998207940008,7.0,,2,Strong Performers
H0392,CSE,7,75.61,8.58399447429424,82.0,89.49678883543382,84.71440761683614,3.0,15.83534294135893,2,Strong Performers
H0393,ME,7,70.18,6.694877006763228,64.0,83.63184605624657,75.43090239488419,4.0,14.617859676000812,1,Placement-Ready Academic Strugglers
H0394,ME,4,69.29,6.659734837330013,76.0,53.79050562835751,61.136820852736406,8.0,15.898579706399852,0,Silent Strugglers
H0395,CSE,7,69.03,5.587936642728703,79.0,57.27128164452645,68.0856754552938,6.0,13.83094955695696,0,Silent Strugglers
H0396,ECE,4,71.6,6.847148482062512,72.0,78.51311292074504,77.77486837626053,3.0,14.592974288168648,1,Placement-Ready Academic Strugglers
H0397,Civil,4,72.61,5.735461252312103,90.0,79.05877719251757,79.91199428082855,7.0,,1,Placement-Ready Academic Strugglers
H0398,CSE,7,71.9,6.732430454715264,72.0,60.88590485395805,72.06564614065887,4.0,14.55776381698508,1,Placement-Ready Academic Strugglers
H0399,ECE,8,77.12,7.908219398098551,79.0,65.30832941660238,70.30244855563039,11.0,20.72491184773813,2,Strong Performers
H0400,ECE,4,74.36,6.800390715493535,100.0,100.0,78.172545585213,5.0,14.216469858788308,2,Strong Performers
H0401,CSE,8,72.67,6.094078575223032,89.0,74.00154141534121,76.87848775725122,6.0,15.524937338960708,2,Strong Performers
H0402,EEE,8,69.22,5.918358529226429,94.0,58.68791442271336,61.26037258850627,5.0,14.541840052015814,0,Silent Strugglers
H0403,Civil,7,77.81,7.321618898956077,76.0,99.60528030188254,78.73827839825537,8.0,22.59354258201519,2,Strong Performers
H0404,CSE,3,68.16,7.348454205604114,70.0,55.00516341701252,69.65560645165606,2.0,13.012099127408916,0,Silent Strugglers
H0405,EEE,4,72.72,7.682375933758391,83.0,59.50327890094079,73.0094430350881,3.0,11.591565508972922,1,Placement-Ready Academic Strugglers
H0406,Civil,7,65.14,5.492179382515839,74.0,67.1960605413502,68.62216192571123,5.0,,0,Silent Strugglers
H0407,CSE,8,78.63,7.576839654713608,90.0,80.3951605999909,75.05914463674583,7.0,17.279967490628767,2,Strong Performers
H0408,Civil,7,70.84,6.901664527127908,83.0,64.68515058267207,69.10349280471299,5.0,12.223780237422076,0,Silent Strugglers
H0409,CSE,5,77.7,6.238974184234132,99.0,78.99295929197814,67.58283610188695,10.0,15.62338482706742,2,Strong Performers
H0410,EEE,4,70.46,6.258855322735214,82.0,40.20928066520525,71.27105276573725,2.0,14.55776381698508,0,Silent Strugglers
H0411,ME,8,73.58,7.227171984758061,89.0,87.32918037479433,76.32180273143383,3.0,13.466665950625966,2,Strong Performers
H0412,ME,4,71.02,5.268338854669317,95.0,89.16168025805827,67.53404497710669,5.0,13.25450822694675,1,Placement-Ready Academic Strugglers
H0413,CSE,5,67.55,7.318645850723708,82.0,17.05015368741411,40.081653209695645,5.0,15.19327695396257,0,Silent Strugglers
H0414,Civil,8,71.99,7.585495506196742,81.0,49.402874555700855,72.48693586892881,5.0,8.523100242745867,0,Silent Strugglers
H0415,CSE,6,76.39,7.228010877937359,100.0,64.59514620980386,83.44424973227781,2.0,13.408097058354135,2,Strong Performers
H0416,CSE,4,79.16,7.261773115828945,99.0,57.23924502766524,72.66818684136037,6.0,21.960884533996985,2,Strong Performers
H0417,CSE,3,70.94,6.537272205822408,75.0,64.83219451667716,78.55605189512949,4.0,16.291978258306447,1,Placement-Ready Academic Strugglers
H0418,Civil,5,70.74,5.154801751186314,100.0,81.22210984431344,68.95153054712283,6.0,11.145162783617929,1,Placement-Ready Academic Strugglers
H0419,CSE,8,72.72,7.289623660879758,72.0,71.42379438508945,77.33094058120899,7.0,19.32405275952037,2,Strong Performers
H0420,EEE,5,75.62,7.183728645498219,81.0,53.522711772101765,76.86615297856538,7.0,17.268676483789754,2,Strong Performers
H0421,ME,7,72.73,7.106346387792306,81.0,76.05280032093019,73.07991402959993,10.0,17.464265084174748,2,Strong Performers
H0422,CSE,4,74.83,7.264310120936109,90.0,66.13569921931956,71.3165267267609,6.0,16.373263995773105,2,Strong Performers
H0423,CSE,7,68.56,6.658322350086755,80.0,77.22987904428054,65.21138830547966,3.0,14.02975855672901,1,Placement-Ready Academic Strugglers
H0424,CSE,7,73.59,6.822669399786775,89.0,91.44726759405228,73.85837142134018,6.0,16.10519403997768,2,Strong Performers
H0425,ME,6,67.17,5.891140516178517,72.0,44.985858179470085,63.59339771302865,3.0,14.710616190721078,0,Silent Strugglers
H0426,Civil,7,74.23,8.032050204909103,55.0,77.38627485986468,87.98862447332351,3.0,16.43071364762743,1,Placement-Ready Academic Strugglers
H0427,CSE,6,72.62,6.677648832126859,84.0,30.381462871990664,54.46006146202401,7.0,14.902743958316874,0,Silent Strugglers
H0428,Civil,5,65.5,6.513558980999841,62.0,60.70196829678287,71.85426409516599,2.0,11.974772105794491,1,Placement-Ready Academic Strugglers
H0429,CSE,7,74.47,6.858142293203259,85.0,80.63310408285321,85.09147774668274,2.0,18.19280856052674,2,Strong Performers
H0430,Civil,8,68.72,5.910638642709292,73.0,72.15125218787594,63.4565007919421,5.0,14.55776381698508,0,Silent Strugglers
H0431,EEE,8,65.6,6.487261657537959,72.0,62.10130697846873,69.13679263199788,4.0,12.133839665518217,0,Silent Strugglers
H0432,Civil,4,71.45,7.1519298304940255,80.0,73.83818553673028,78.32996279081038,3.0,15.104964715241485,1,Placement-Ready Academic Strugglers
H0433,ME,7,69.82,6.149463982625944,82.0,63.46284551850697,60.2810166887573,8.0,13.547417058734236,0,Silent Strugglers
H0434,Civil,3,73.81,7.26333373046449,84.0,63.43624550644963,72.29251662790428,4.0,,2,Strong Performers
H0435,CSE,6,68.8,8.164137787465302,57.0,65.3730024481157,69.72811168163,5.0,11.436688789369864,1,Placement-Ready Academic Strugglers
H0436,CSE,6,68.44,5.610914277742374,72.0,86.26319649508542,74.55211871526664,7.0,,1,Placement-Ready Academic Strugglers
H0437,CSE,5,69.42,7.066330763770387,92.0,48.8890827167639,53.99631858637121,5.0,10.896650581366352,0,Silent Strugglers
H0438,ECE,8,69.15,7.225693498295479,82.0,77.47021562224855,71.48147195375228,5.0,10.959691678519256,1,Placement-Ready Academic Strugglers
H0439,ME,8,69.99,6.046789704225419,93.0,40.32434690915147,59.47227202405636,6.0,15.229726337155398,0,Silent Strugglers
H0440,ME,3,76.59,7.150227084105637,100.0,72.85489375538155,70.9100689711244,3.0,13.953041921837665,2,Strong Performers
H0441,Civil,4,72.76,6.410720169468511,90.0,72.83052123397056,70.86826608989087,8.0,14.737648843407245,2,Strong Performers
H0442,CSE,4,69.84,5.837193985960341,88.0,71.45852657109387,71.33598580788937,5.0,16.84924452938593,1,Placement-Ready Academic Strugglers
H0443,ME,8,72.87,5.9394792997957815,87.0,100.0,82.56812246117595,5.0,14.55776381698508,1,Placement-Ready Academic Strugglers
H0444,CSE,6,76.82,7.182942425984521,72.0,90.77309791466004,84.93758131830879,8.0,16.695224944986773,2,Strong Performers
H0445,CSE,7,81.03,7.072068919676983,90.0,100.0,92.63153783719508,6.0,,2,Strong Performers
H0446,ME,7,63.48,5.035001062705858,79.0,60.62473093683434,69.87110695282486,3.0,12.081760560699529,0,Silent Strugglers
H0447,EEE,7,69.99,6.901664527127908,85.0,29.96056774756381,62.34961108149589,2.0,13.607140591516172,0,Silent Strugglers
H0448,ME,3,69.07,6.002379899978307,77.0,60.87707920453751,70.40901710736985,9.0,12.598229935666456,0,Silent Strugglers
H0449,CSE,3,77.24,7.068419489488381,97.0,82.13345537729296,83.9615721225476,5.0,14.293218331403445,2,Strong Performers
H0450,ME,5,72.81,7.812075289574764,75.0,65.12428567894283,73.16918712109758,5.0,10.67722474511159,1,Placement-Ready Academic Strugglers
H0451,CSE,5,72.86,7.699355572276515,,94.99010894332564,80.07230505315026,1.0,20.412061320157985,2,Strong Performers
H0452,Civil,7,74.24,8.472986740178161,70.0,84.00098064875283,75.53080517011006,6.0,16.102353944062497,2,Strong Performers
H0453,ME,3,71.82,7.408050076661084,82.0,76.58124679121283,66.49948708797888,3.0,11.262642101085142,1,Placement-Ready Academic Strugglers
H0454,CSE,5,73.85,7.193572194060572,70.0,75.64144482616935,74.00726616727125,4.0,14.55776381698508,1,Placement-Ready Academic Strugglers
H0455,CSE,4,72.71,6.908189738427006,92.0,69.21484325875501,72.93970261578455,5.0,11.226504675239967,1,Placement-Ready Academic Strugglers
H0456,CSE,4,70.87,6.849121503399167,79.0,60.73377696680868,66.84347345352751,3.0,16.840814591037145,0,Silent Strugglers
H0457,EEE,4,74.87,8.058277104728681,88.0,45.42752204033887,69.6075467290504,1.0,14.674015172992082,2,Strong Performers
H0458,ECE,4,73.68,7.409627219209838,82.0,80.38397745176945,76.61126284309448,8.0,14.810292881818464,2,Strong Performers
H0459,Civil,6,72.2,6.523289402410746,96.0,58.73228345662563,66.3309621977022,6.0,16.69535928619062,0,Silent Strugglers
H0460,ME,5,74.8,7.778955076360891,82.0,72.15125218787594,79.24737343490997,3.0,15.365435745570624,2,Strong Performers
H0461,ME,5,69.04,6.181497700969932,74.0,49.26631865161846,69.40451963574822,7.0,12.347431118215477,0,Silent Strugglers
H0462,CSE,5,69.59,6.890882274262252,80.0,42.93387776601242,55.410363835845054,6.0,12.009228838825676,0,Silent Strugglers
H0463,EEE,7,73.56,6.981776854402027,90.0,89.09006889004847,84.65022260605181,4.0,14.887920032079355,2,Strong Performers
H0464,CSE,8,74.67,8.261741857026495,68.0,85.0436380203854,76.29360606162724,9.0,12.67078945369417,2,Strong Performers
H0465,ME,6,67.68,5.841521617601846,88.0,57.26779598313374,70.5098294743256,10.0,11.145393594830963,0,Silent Strugglers
H0466,ME,6,62.65,5.289422309837046,88.0,58.2612213676771,64.1043210467222,2.0,,0,Silent Strugglers
H0467,ME,7,67.5,5.533810144594195,80.0,51.925302584254624,68.54757141237776,7.0,12.385887811826212,0,Silent Strugglers
H0468,EEE,7,69.92,7.122084884937068,74.0,81.4383890584468,64.10904912810469,4.0,14.458222200803592,1,Placement-Ready Academic Strugglers
H0469,CSE,3,68.09,6.246098875952418,83.0,69.47380885614795,71.45022439076841,4.0,13.008494699259488,1,Placement-Ready Academic Strugglers
H0470,ECE,8,69.01,5.595978376234041,92.0,72.15125218787594,74.45306414442129,6.0,10.132305533481135,1,Placement-Ready Academic Strugglers
H0471,ECE,3,68.43,7.073376231875479,72.0,71.6242902046319,73.94629764723202,4.0,12.741505325202652,1,Placement-Ready Academic Strugglers
H0472,ECE,5,70.6,6.278196821547872,89.0,58.46072032842318,71.00949578065335,2.0,12.972576787945286,0,Silent Strugglers
H0473,CSE,6,72.87,6.257387257585013,95.0,60.791453132365376,69.26492448518874,3.0,17.771634273313516,2,Strong Performers
H0474,CSE,5,78.97,7.257225599476845,88.0,75.16355163853126,75.54456574687963,6.0,22.11671426252158,2,Strong Performers
H0475,CSE,4,73.56,7.3030854688980735,86.0,53.54262034980548,72.2834742448236,4.0,14.55776381698508,2,Strong Performers
H0476,CSE,8,70.33,5.776376143243702,93.0,72.15125218787594,71.13197027031578,4.0,12.732134205036438,1,Placement-Ready Academic Strugglers
H0477,ECE,3,65.55,5.459799287417867,81.0,54.394771336095374,63.45948030769974,3.0,9.49587990095088,0,Silent Strugglers
H0478,ME,4,65.87,5.88797459295881,74.0,83.04596912405195,77.31627276582556,4.0,8.313557206365488,1,Placement-Ready Academic Strugglers
H0479,ME,8,77.3,7.409123367745176,100.0,72.50636506985268,75.0485312046474,5.0,15.847367789644446,2,Strong Performers
H0480,ECE,7,75.72,7.249822500047847,98.0,75.94641089064736,81.55349418551776,4.0,13.482124086713752,2,Strong Performers
H0481,ECE,3,70.0,5.377205079526913,81.0,69.79725198416449,75.71134386320362,4.0,14.195360952539776,1,Placement-Ready Academic Strugglers
H0482,CSE,7,80.62,7.654263778717313,86.0,64.32982369824316,76.78213317082118,8.0,,2,Strong Performers
H0483,ME,8,69.44,5.555884154470233,100.0,70.59008147093785,68.06426746469346,2.0,12.07206807164697,1,Placement-Ready Academic Strugglers
H0484,CSE,3,73.03,7.723792508052942,68.0,61.67270701099274,70.90268338706018,5.0,15.148935212579524,2,Strong Performers
H0485,CSE,5,79.21,6.605670263806003,81.0,86.7905047216361,91.06975301526684,6.0,18.65078874995021,2,Strong Performers
H0486,ECE,5,69.79,6.780605705331442,75.0,67.26590102263818,70.8270715109466,4.0,13.04264043628309,1,Placement-Ready Academic Strugglers
H0487,ECE,3,72.16,6.214954573103778,86.0,72.31583737810843,65.43626840727374,6.0,16.58811786422684,0,Silent Strugglers
H0488,CSE,4,76.32,7.757254369122207,79.0,92.71216831855054,83.81566596958017,3.0,15.505011930343256,2,Strong Performers
H0489,ME,4,72.93,5.051073094198241,100.0,78.03225290416269,72.63219250955443,6.0,17.179525337960232,2,Strong Performers
H0490,ME,4,70.21,6.036346106846713,77.0,61.11152469659447,73.75641441339083,9.0,17.03274475824781,0,Silent Strugglers
H0491,ME,5,70.69,6.754361546341005,74.0,62.94213408240212,76.10655403436203,5.0,16.96957299878349,1,Placement-Ready Academic Strugglers
H0492,ME,5,68.75,5.603229322862459,72.0,96.75027440694248,76.12307243567935,2.0,15.458792484778424,1,Placement-Ready Academic Strugglers
H0493,ME,4,78.41,7.025073932545227,82.0,72.15125218787594,86.55774934643728,2.0,20.61073742155692,2,Strong Performers
H0494,CSE,4,75.01,8.008938936826514,64.0,100.0,90.0238889149348,6.0,14.034983067295332,2,Strong Performers
H0495,Civil,4,68.95,7.185753499360747,88.0,80.10814053897542,64.72752160345046,7.0,10.139422643206554,1,Placement-Ready Academic Strugglers
H0496,ECE,7,75.4,6.770448753299749,100.0,89.9430961810974,72.45032845021221,6.0,18.357869392018905,2,Strong Performers
H0497,ECE,4,70.16,7.290160117371524,68.0,59.87164277711056,70.40487109315184,8.0,10.23332682242738,0,Silent Strugglers
H0498,ME,8,72.7,8.073486914585851,85.0,79.72024673637833,76.81904789698274,1.0,12.388974235594848,2,Strong Performers
H0499,ECE,6,65.84,5.121131835149807,78.0,63.390871185784896,68.9733801778736,4.0,16.74056983282151,0,Silent Strugglers
H0500,ECE,7,66.71,7.373604533816392,73.0,39.87053247749621,69.2465298454295,2.0,10.295632496031573,0,Silent Strugglers
H0501,ME,6,71.72,7.779048520399269,71.0,56.64496397965174,56.73820689147328,10.0,15.892642848233317,0,Silent Strugglers
H0502,Civil,4,64.71,4.423256765254545,85.0,75.49480307763193,75.02819662736509,3.0,13.976384404896637,1,Placement-Ready Academic Strugglers
H0503,EEE,6,66.02,6.422008235706277,76.0,90.90156774364864,76.22246861536537,5.0,11.080017317194155,1,Placement-Ready Academic Strugglers
H0504,ECE,4,70.48,7.464917615920917,69.0,72.85508354171573,80.5160862021073,3.0,10.850069754757822,1,Placement-Ready Academic Strugglers
H0505,ECE,3,74.66,7.498437048894686,93.0,100.0,76.63335263624327,8.0,14.532942650913087,2,Strong Performers
H0506,Civil,4,71.65,7.116804355972114,82.0,73.78442354700078,68.38432285398547,8.0,14.70976533643855,2,Strong Performers
H0507,CSE,4,71.95,7.108766343919304,89.0,72.15125218787594,72.93642158093813,3.0,13.426622726893768,1,Placement-Ready Academic Strugglers
H0508,Civil,3,75.47,7.36985224699202,100.0,63.3741563870533,67.85201407874189,2.0,14.55776381698508,2,Strong Performers
H0509,ECE,3,67.47,5.762020506210033,87.0,96.19465897689244,71.35810055663539,3.0,12.753812024264418,1,Placement-Ready Academic Strugglers
H0510,CSE,8,75.59,7.249094590289977,83.0,80.23981148349208,91.73836677742928,4.0,16.125247684662725,2,Strong Performers
H0511,CSE,6,71.68,7.406671901498108,77.0,72.18213739094436,73.47245697092451,10.0,14.55776381698508,2,Strong Performers
H0512,Civil,5,71.36,6.729724170819193,89.0,72.15125218787594,73.48769377307094,5.0,14.845015342043888,1,Placement-Ready Academic Strugglers
H0513,CSE,8,69.91,6.843612561679306,93.0,100.0,87.020880710073,3.0,4.903980459808222,1,Placement-Ready Academic Strugglers
H0514,CSE,4,71.44,5.800565806585349,98.0,77.73214471572162,80.7981526981641,8.0,8.469422032514036,1,Placement-Ready Academic Strugglers
H0515,CSE,5,70.86,7.812492731690915,62.0,68.58228657656225,85.80436388887273,1.0,14.004398880774062,1,Placement-Ready Academic Strugglers
H0516,CSE,8,78.87,8.008424309430152,90.0,62.46657161690513,68.49919181226558,8.0,23.998388452104763,2,Strong Performers
H0517,CSE,6,77.2,7.467070111615044,90.0,72.21044787263995,71.3083244373445,7.0,14.16366787756222,2,Strong Performers
H0518,ME,5,75.24,7.0822052318739255,100.0,65.12829639429081,82.26300809648625,5.0,10.986845130176466,2,Strong Performers
H0519,CSE,4,77.39,7.80563641305885,90.0,88.43284627627668,74.41900767754824,4.0,16.671365564024757,2,Strong Performers
H0520,Civil,3,72.25,7.435025704703964,70.0,47.29624749237986,59.22647789101456,5.0,17.894388145314583,0,Silent Strugglers
H0521,Civil,3,69.62,7.896814604433539,79.0,62.377487801491625,66.26272781010523,6.0,12.894103583555475,0,Silent Strugglers
H0522,ECE,3,70.12,6.584865305702523,85.0,52.77155641580284,67.05953167613937,2.0,14.55776381698508,0,Silent Strugglers
H0523,CSE,7,74.14,8.043107185843647,76.0,58.90362637732645,64.24296644165092,2.0,20.146907738374352,2,Strong Performers
H0524,ME,6,66.8,6.148650210016621,63.0,94.76696028218728,72.85602227871898,9.0,12.292686137352218,1,Placement-Ready Academic Strugglers
H0525,CSE,5,71.85,6.687690839101559,89.0,68.00207064638337,72.93773371430396,4.0,18.481932734581623,2,Strong Performers
H0526,ECE,7,63.97,6.18735212703205,57.0,58.0741147639162,67.11634621254167,7.0,8.129551025050205,0,Silent Strugglers
H0527,EEE,3,71.13,7.588994090544891,74.0,47.03422719630123,52.80719445186249,9.0,13.114357998633912,0,Silent Strugglers
H0528,EEE,4,68.68,6.396503849244072,89.0,74.52477548362191,63.190328011015765,6.0,12.83329803040982,0,Silent Strugglers
H0529,Civil,5,65.88,5.091229358033694,81.0,60.781543090862506,70.04661631538517,8.0,18.070384193282266,0,Silent Strugglers
H0530,CSE,8,77.49,8.265490992172388,72.0,93.97451496006428,74.9099650190455,7.0,16.522862243803086,2,Strong Performers
H0531,ME,6,69.48,5.709975902852862,86.0,88.779171393431,75.99113596451015,2.0,14.824976203454524,1,Placement-Ready Academic Strugglers
H0532,ME,8,67.2,6.71359643685293,77.0,72.40264403960026,71.55263922580652,0.0,11.696628415592722,1,Placement-Ready Academic Strugglers
H0533,ECE,4,70.16,6.717463130785814,93.0,59.88697797141005,67.97839233065751,5.0,13.225486623024688,0,Silent Strugglers
H0534,ME,8,60.43,4.712889889014997,52.0,82.94576485085167,73.91833770859085,2.0,13.763781214561185,1,Placement-Ready Academic Strugglers
H0535,CSE,3,76.06,7.412711680846047,96.0,76.14144095918648,62.545519271739884,4.0,12.21987002409798,2,Strong Performers
H0536,CSE,4,71.23,6.483098943187184,75.0,74.00777745643103,77.50486449610864,5.0,13.88475597150043,1,Placement-Ready Academic Strugglers
H0537,ECE,6,67.95,5.823763255816523,73.0,73.51254510710623,73.48734474418035,7.0,14.131395785091936,1,Placement-Ready Academic Strugglers
H0538,CSE,3,76.08,8.149261156242222,71.0,72.64207316372088,67.94517025686045,7.0,20.56837342228738,2,Strong Performers
H0539,CSE,8,71.45,6.903540588430252,88.0,54.47387192573788,72.45392524545004,2.0,19.31415760389807,2,Strong Performers
H0540,Civil,8,72.75,6.771173273495178,90.0,84.3152973983922,71.52036079577194,2.0,18.653898485758404,2,Strong Performers
H0541,EEE,6,68.82,6.011047709213479,95.0,83.66639990124271,76.73864911563278,4.0,8.897477172637272,1,Placement-Ready Academic Strugglers
H0542,ME,4,74.76,6.901664527127908,83.0,86.45402171574867,83.82923008055474,4.0,,2,Strong Performers
H0543,Civil,3,72.55,6.565191139106092,100.0,49.49554967413003,68.3525156178278,2.0,14.739800222104034,0,Silent Strugglers
H0544,EEE,6,78.49,7.491148214154768,91.0,86.13428944642125,76.82256949067637,6.0,18.510746136356964,2,Strong Performers
H0545,CSE,6,72.57,7.436003371021906,73.0,71.57103070525564,77.77915213588136,4.0,14.356696791740267,1,Placement-Ready Academic Strugglers
H0546,ECE,7,65.39,5.967196424445227,74.0,72.46537780386281,77.65805967586509,4.0,9.970563191135444,1,Placement-Ready Academic Strugglers
H0547,ECE,6,69.78,6.665303722020153,98.0,70.59980440334606,57.9418879761236,8.0,9.813075930346235,0,Silent Strugglers
H0548,CSE,3,69.44,6.901664527127908,78.0,69.4042713087555,73.75042455695217,8.0,10.046488683053155,1,Placement-Ready Academic Strugglers
H0549,Civil,3,73.52,7.800000664057441,77.0,100.0,81.35820708497049,2.0,14.434466571911647,2,Strong Performers
H0550,ECE,7,73.55,5.829602058416169,93.0,60.01564575215348,85.64401885554052,4.0,12.528862642810232,1,Placement-Ready Academic Strugglers
H0551,ECE,3,67.67,4.845977094806635,92.0,46.28804840296512,64.7044451331592,7.0,12.850396707249155,0,Silent Strugglers
H0552,CSE,8,74.28,7.241394788366293,85.0,54.311152229674825,72.60069574048579,4.0,14.955574370263353,2,Strong Performers
H0553,CSE,3,77.81,6.832884292750889,89.0,65.76896788147924,74.7789226710721,6.0,17.796679337405408,2,Strong Performers
H0554,EEE,7,70.06,7.3816031828254705,71.0,55.72548155404978,60.02988430844567,6.0,14.55776381698508,0,Silent Strugglers
H0555,CSE,8,71.59,6.901664527127908,65.0,87.06948579365667,82.74042794568857,7.0,13.631905617883218,1,Placement-Ready Academic Strugglers
H0556,CSE,5,70.0,6.6180928811752455,75.0,50.45266912451656,67.48451453616588,2.0,17.60129151396603,0,Silent Strugglers
H0557,CSE,3,65.76,7.809460629376023,,36.071497433855264,54.51726797013216,7.0,12.3897300748209,0,Silent Strugglers
H0558,ECE,8,68.31,6.506959083959792,77.0,75.69013249532591,82.33343782490583,1.0,15.031010308872816,1,Placement-Ready Academic Strugglers
H0559,ME,4,79.4,6.537729685617589,98.0,77.62311733642004,79.87903840089173,3.0,19.30262283923779,2,Strong Performers
H0560,ECE,6,73.58,7.147552043270091,,61.60957540138833,78.79094332498067,8.0,19.42292492662304,2,Strong Performers
H0561,CSE,8,69.02,7.383985679627406,66.0,69.8605397559208,69.74572202600831,6.0,12.76914109001132,1,Placement-Ready Academic Strugglers
H0562,CSE,7,69.46,7.017265693516428,71.0,72.15125218787594,71.1223291723483,6.0,16.627830126412704,1,Placement-Ready Academic Strugglers
H0563,Civil,3,65.96,5.5427399251796485,67.0,63.53268987018725,71.03258965906365,4.0,11.845662188768223,0,Silent Strugglers
H0564,ME,7,69.34,5.870988094791723,85.0,65.58846217701652,66.4652783870391,9.0,13.55983660145016,0,Silent Strugglers
H0565,ME,3,71.73,6.609747610938838,88.0,57.419086705459335,68.24206457172947,7.0,11.14212952338654,0,Silent Strugglers
H0566,ME,7,78.67,7.544872700438524,90.0,100.0,83.31273849359155,6.0,17.920493298407276,2,Strong Performers
H0567,Civil,6,64.32,4.558260852556226,70.0,80.11064870002923,75.38816482774824,3.0,,1,Placement-Ready Academic Strugglers
H0568,CSE,4,73.47,6.901664527127908,93.0,84.64235364251596,75.28399337268417,4.0,15.962660086094498,2,Strong Performers
H0569,ECE,5,71.44,6.511765976268198,96.0,67.48437992338741,69.84133338759922,2.0,11.882186131120209,1,Placement-Ready Academic Strugglers
H0570,ECE,3,74.34,7.739580142679082,79.0,71.70993693788442,75.70985112088768,8.0,11.824255339643663,2,Strong Performers
H0571,CSE,8,76.85,5.710065584143589,88.0,86.65711889201413,85.77784542543782,6.0,19.011398379807463,2,Strong Performers
H0572,Civil,4,72.87,6.928357260933421,73.0,69.09264538304686,77.46593754136052,4.0,17.27213937639352,1,Placement-Ready Academic Strugglers
H0573,ECE,4,70.15,6.210055904587865,,94.20919340662503,96.72853658811482,3.0,13.269674029929453,1,Placement-Ready Academic Strugglers
H0574,Civil,6,72.41,7.088142191808181,88.0,56.35023473649035,75.05004599094529,3.0,19.491267978383448,2,Strong Performers
H0575,Civil,7,76.38,8.276930282606376,87.0,75.16473798390358,75.49029430043679,7.0,14.257636269038064,2,Strong Performers
H0576,ECE,6,66.04,7.875024579423162,63.0,70.48161657659402,64.63520350990665,1.0,10.57182271287124,1,Placement-Ready Academic Strugglers
H0577,EEE,6,67.6,6.481499183850008,76.0,41.42119827464931,61.14351040012852,5.0,10.163867643232196,0,Silent Strugglers
H0578,ME,6,66.92,5.136234460074136,86.0,67.45694576176624,84.77000759090089,5.0,13.595615766699645,1,Placement-Ready Academic Strugglers
H0579,Civil,8,68.04,6.10936273072811,84.0,64.17439195081795,72.94017375352469,7.0,8.60394614372374,1,Placement-Ready Academic Strugglers
H0580,CSE,5,75.22,7.7027065088179105,89.0,64.9048236084357,69.86675364438226,7.0,14.031287265783956,2,Strong Performers
H0581,ECE,7,69.59,6.585708921827663,83.0,34.55534229496727,57.1153017566312,5.0,17.249283663655277,0,Silent Strugglers
H0582,ECE,7,67.47,5.661017515735239,69.0,83.47434464576301,78.61390700790297,8.0,10.47167663832537,1,Placement-Ready Academic Strugglers
H0583,CSE,8,76.33,7.422618155386663,100.0,78.01032635215634,76.24832334890364,2.0,9.802583439712956,2,Strong Performers
H0584,ECE,8,75.63,6.438405636491732,90.0,79.0622349722725,85.02546009960624,3.0,12.858605858909376,2,Strong Performers
H0585,EEE,7,68.72,7.41852750156899,69.0,60.15112985160552,67.91496503491976,3.0,18.7499893182166,0,Silent Strugglers
H0586,ME,4,70.68,6.419131474995894,86.0,77.32068009207049,71.01842651611679,4.0,,1,Placement-Ready Academic Strugglers
H0587,CSE,7,72.04,6.566790530247996,87.0,61.23898895815134,80.43649815850875,6.0,,2,Strong Performers
H0588,CSE,7,74.11,7.816729115439755,76.0,59.40727043882743,68.18014319003362,6.0,16.352375061485557,2,Strong Performers
H0589,CSE,4,73.33,7.169928691657924,74.0,43.306238079619625,73.46335546921927,3.0,18.47799317916142,0,Silent Strugglers
H0590,CSE,7,72.29,7.076478025161439,85.0,66.38121225268358,74.27707451020076,4.0,17.674806159725577,2,Strong Performers
H0591,EEE,4,63.87,6.4914907791816585,48.0,48.12368553930876,67.17021000516002,9.0,12.03543923273126,0,Silent Strugglers
H0592,ECE,6,67.17,6.901664527127908,87.0,59.16064446411986,71.69791113979713,3.0,8.279200069116822,0,Silent Strugglers
H0593,CSE,7,71.66,6.040756621134731,80.0,43.90490111924807,64.24771248878237,13.0,19.16503376097773,0,Silent Strugglers
H0594,ME,4,72.27,6.273368301306034,85.0,34.59872576405927,65.94505916890911,3.0,20.4624624779865,0,Silent Strugglers
H0595,CSE,5,73.93,8.36383755051839,,49.77189918110447,78.3747392989424,6.0,12.120485506868022,2,Strong Performers
H0596,CSE,7,74.06,6.4896770761548,85.0,78.3068265810087,78.99016302682718,7.0,13.609163054810884,2,Strong Performers
H0597,ME,5,71.31,7.289280653634004,75.0,62.73084391572019,61.38124729854784,11.0,15.122615867415323,0,Silent Strugglers
H0598,ME,8,69.23,6.994667874030413,64.0,79.69936268429585,73.15649141510848,5.0,15.40196086879778,1,Placement-Ready Academic Strugglers
H0599,EEE,3,65.86,4.842536489276014,86.0,55.85534853533427,65.27091491479435,3.0,11.652828941764923,0,Silent Strugglers
H0600,ME,7,68.08,5.982447998183179,69.0,57.68641670397836,70.46938325447132,6.0,14.847343111579994,0,Silent Strugglers
