student_id,month,department,semester,cgpa,internal_marks,subject_avg,backlogs
H0001,2025-01,Civil Engg,7,7.509287221043775,88.01208640121214,94.08496761650547,
H0002,2025-01,e.c.e,5,7.293864216822832,92.79417777733369,96.33384798901865,1.0
H0003,2025-01,CIVIL,8,,77.69506736433017,78.434484126499,1.0
H0004,2025-01,ME,3,7.411136504340892,99.35765029839459,94.68057218059188,1.0
H0005,2025-01,Computer Science,4,7.11318189052784,87.59617849759773,91.31417174081828,0.0
H0006,2025-01,E.E.E,8,6.102596344755859,86.48902773921456,80.32934144983574,1.0
H0007,2025-01,Civil Engg,4,7.297232171317073,85.06487363116878,84.52965435528283,0.0
H0008,2025-01,Civil Engg,4,6.955108156250101,92.69690852960031,87.85504756727074,1.0
H0009,2025-01,CSE,7,7.747436706632495,100.0,,0.0
H0010,2025-01,Electronics,4,6.8448785821348785,83.80967473149346,86.63168834047627,0.0
H0011,2025-01,ECE,6,6.697684578976134,99.17503054494077,79.6221586542858,0.0
H0012,2025-01,E.E.E,4,6.824421818422573,81.8881142799786,84.68015680096147,2.0
H0013,2025-01,Mechanical,4,6.859513457342566,92.32937457363695,99.1665575257983,0.0
H0014,2025-01,Civil Engg,8,6.806769049961119,88.89293567265155,,1.0
H0015,2025-01,e.c.e,4,,74.50130530185493,88.00523733037979,1.0
H0016,2025-01,Comp Sci,3,7.3091935848082015,,91.4905052369032,0.0
H0017,2025-01,Mechanical,7,7.065424236871157,87.35836768459987,88.3662404019006,2.0
H0018,2025-01,Computer Science,8,6.883680066300067,,86.26894397452809,1.0
H0019,2025-01,CIVIL,3,7.036909529673071,89.47006549969268,91.9948501384905,0.0
H0020,2025-01,ME,7,7.046623129249431,87.2924945387037,90.2274856949994,1.0
H0021,2025-01,Civil,6,7.158842653667217,86.20078793613318,87.74750342831116,0.0
H0022,2025-01,Electronics,7,7.129912886754748,86.42474165958797,81.24858116069271,2.0
H0023,2025-01,E.E.E,3,6.367139794119229,83.78613517257861,,
H0024,2025-01,CIVIL,8,6.044712308263056,80.1116919747696,81.4544526524463,2.0
H0025,2025-01,Civil Engg,6,6.6472584085566435,85.87837950716931,81.58589581743723,0.0
H0026,2025-01,CSE,8,7.519738029382505,84.54906182619479,100.0,2.0
H0027,2025-01,Electronics,5,6.553230591237678,100.0,72.95607428812158,0.0
H0028,2025-01,cs,8,7.163582890192166,75.93221580120169,93.06359722932153,1.0
H0029,2025-01,Computer Science,6,6.596016100882854,,78.42143481578978,0.0
H0030,2025-01,ME,3,7.260515163969765,84.31448306180219,88.50281631704934,3.0
H0031,2025-01,ME,8,7.04770524675072,100.0,100.0,0.0
H0032,2025-01,E.E.E,7,7.099901627949054,76.25150897068777,79.19684228477315,1.0
H0033,2025-01,cs,4,7.836086137822466,93.23154586806656,,0.0
H0034,2025-01,ECE,6,7.044694338712656,88.49546818980318,85.4862738873317,3.0
H0035,2025-01,ECE,5,6.693323692086228,87.88400049048862,78.29900881987885,2.0
H0036,2025-01,CSE,6,7.223139193130383,97.93281683689506,93.4332707616568,1.0
H0037,2025-01,Comp Sci,8,7.091843632891413,97.35322100374411,83.05998581504217,
H0038,2025-01,ECE,8,7.630854013445752,86.14206207604268,93.64443194846257,3.0
H0039,2025-01,Comp Sci,4,7.613761481152473,90.72770104524855,79.14960828998257,0.0
H0040,2025-01,ME,8,6.648064690322279,69.95669804765433,71.21299474345001,3.0
H0041,2025-01,Electronics,5,6.680935632671183,87.12590148748733,83.81913972792802,0.0
H0042,2025-01,Civil,7,6.321914635358189,77.65596603172095,71.96218535173821,2.0
H0043,2025-01,Mech,7,7.441118257698967,86.4785386740939,97.79545367658804,1.0
H0044,2025-01,CSE,5,7.148131622203997,73.77584125557019,75.700779485579,1.0
H0045,2025-01,CIVIL,5,6.775338831845505,89.628187850133,78.21801671311086,0.0
H0046,2025-01,Civil,5,7.425790712201875,73.70636520224059,89.32618161629074,0.0
H0047,2025-01,ECE,8,6.9011959825939755,87.39228731145555,81.18186350383034,3.0
H0048,2025-01,CSE,5,,78.63674549293553,77.04999379718376,0.0
H0049,2025-01,Mech,4,6.8217237004250215,78.81988500256114,98.93789662306182,0.0
H0050,2025-01,Computer Science,5,7.30613416015029,97.4489620927641,80.41374233511264,1.0
H0051,2025-01,Computer Science,4,7.080846687056806,92.09504344724816,85.17734188612594,3.0
H0052,2025-01,Computer Science,5,7.467281797788515,96.78568869947705,85.30052019724467,1.0
H0053,2025-01,Civil Engg,3,7.408241335131957,100.0,92.09787589149961,0.0
H0054,2025-01,Mechanical,3,6.830644642693236,79.24634514640275,87.69412568178635,1.0
H0055,2025-01,Mechanical,7,6.564126008722215,96.3541441752491,77.5322550033199,1.0
H0056,2025-01,Civil,3,6.46889775425507,73.0627860355119,81.49182951516951,2.0
H0057,2025-01,ECE,6,7.3084333612528605,93.30188649845736,84.90016570877863,1.0
H0058,2025-01,ME,7,6.905286402646158,82.71737873043429,91.01773563110626,3.0
H0059,2025-01,cs,7,7.600109628159367,81.74011731460128,80.28309961541999,0.0
H0060,2025-01,CSE,5,7.083140791725825,92.81016305015262,100.0,2.0
H0061,2025-01,ME,4,6.725773802482828,94.06265809187609,80.28896523767443,
H0062,2025-01,ECE,8,6.582948550585647,91.90853832137509,83.49757153278675,2.0
H0063,2025-01,ME,8,6.582043176965589,86.90998701178873,76.0839223494864,2.0
H0064,2025-01,Civil Engg,6,6.870731462031438,88.1831004782759,77.18215845733381,0.0
H0065,2025-01,Mechanical,3,7.140870327975321,91.19192002989675,79.98778763704065,1.0
H0066,2025-01,Mech,3,6.680741246443313,86.48360459676502,76.19672893515286,1.0
H0067,2025-01,Mechanical,4,6.637312972511606,,80.30291639002976,2.0
H0068,2025-01,Comp Sci,3,7.3771676072528125,90.10320157956683,80.84986441538034,0.0
H0069,2025-01,CSE,8,7.975207767937961,97.76092908615539,95.28876933850424,1.0
H0070,2025-01,Electronics,4,6.206076943249921,69.56532241355791,75.94096325646346,0.0
H0071,2025-01,Comp Sci,4,7.6020718912298655,87.68818657913245,81.73089088431504,2.0
H0072,2025-01,Electronics,8,6.2471605476903145,72.3619598020076,,1.0
H0073,2025-01,Civil Engg,7,6.552085478153008,86.81454482603634,90.52419608175114,0.0
H0074,2025-01,Computer Science,4,7.278523830489259,100.0,88.41189347292486,0.0
H0075,2025-01,CSE,5,7.289287238230547,83.84502110351114,86.11571927381372,0.0
H0076,2025-01,Comp Sci,6,7.167202248077924,88.47728763741448,76.59190943159177,2.0
H0077,2025-01,CSE,6,7.3581122417234806,94.36324483946589,79.53314864238634,0.0
H0078,2025-01,Mech,8,6.748240431249824,68.21518902842465,74.79190106778327,0.0
H0079,2025-01,Mech,8,6.403282399594193,79.11974576170121,91.33103015915145,0.0
H0080,2025-01,Civil Engg,8,7.100243633195301,89.74441991390617,89.6641228109598,1.0
H0081,2025-01,Mechanical,3,7.239798346904859,63.60981585800128,79.87348167834075,1.0
H0082,2025-01,e.c.e,4,7.018737517040764,79.11353159368593,82.1059313340585,1.0
H0083,2025-01,Civil,6,6.425499740143097,91.98020695543438,76.27453481261502,0.0
H0084,2025-01,Computer Science,3,7.539723206628719,96.79477129392583,81.82115398167642,1.0
H0085,2025-01,CSE,5,7.999115734198173,92.3592125168567,91.87775169626889,0.0
H0086,2025-01,Comp Sci,3,6.865981444832248,93.73343786175307,83.7748269795313,1.0
H0087,2025-01,Mech,8,6.690489206597664,87.33528174125857,99.22358526702823,1.0
H0088,2025-01,e.c.e,3,6.779562413525437,89.8600392931747,93.19719080749758,0.0
H0089,2025-01,Comp Sci,3,8.062420816856372,88.6761576165201,99.78117548966173,0.0
H0090,2025-01,ECE,4,,89.55758272167154,92.57265216681802,0.0
H0091,2025-01,CSE,3,6.707270300338486,80.61967558917836,81.76526776565493,1.0
H0092,2025-01,Mech,6,7.751464674248062,99.63580178748009,93.01433356133012,2.0
H0093,2025-01,Electronics,5,6.589166558158176,96.33099476520113,80.66059192676181,0.0
H0094,2025-01,ECE,8,7.197793392881076,98.18386284414228,97.69946348956861,3.0
H0095,2025-01,Comp Sci,4,7.594354732271387,86.56366422643748,91.98039228920051,0.0
H0096,2025-01,Mech,6,6.590439477235872,76.40159557780345,84.80376292912686,0.0
H0097,2025-01,Electronics,6,7.090162719601534,96.5926860612979,86.35819853065624,2.0
H0098,2025-01,Comp Sci,6,7.404313331881722,92.48189197351225,99.52120830115902,1.0
H0099,2025-01,CSE,7,7.58853722408641,91.80174448948516,78.41502207092492,1.0
H0100,2025-01,EEE,4,6.877868267038544,80.89425219668831,97.89554426168053,2.0
H0101,2025-01,EEE,6,7.179270524810861,90.88954519055225,85.34677368324306,0.0
H0102,2025-01,Mechanical,7,6.873284056211439,77.03652980315957,74.92362840177582,2.0
H0103,2025-01,CSE,8,7.314980258054187,93.10809718928581,81.97250344186241,0.0
H0104,2025-01,EEE,6,7.051799484527696,98.35739476391474,74.92573707247098,
H0105,2025-01,Civil Engg,6,6.847307590321201,,90.19066244006193,0.0
H0106,2025-01,Mech,8,,92.42079852893391,78.60139585003344,0.0
H0107,2025-01,e.c.e,6,6.564050533815426,73.49710359422373,84.70416805403845,0.0
H0108,2025-01,Comp Sci,8,7.000923326138309,88.23235216686557,93.7034777384115,1.0
H0109,2025-01,Comp Sci,3,7.197138505056204,100.0,81.8621082993725,0.0
H0110,2025-01,Electrical,5,6.6128100910373275,77.67331359401479,81.72029422088586,
H0111,2025-01,Electronics,3,6.969891232918494,86.3648112648466,76.83724850192478,0.0
H0112,2025-01,Comp Sci,3,7.8874736378043595,100.0,86.44115344183562,
H0113,2025-01,Computer Science,5,7.283579099417962,,100.0,2.0
H0114,2025-01,ME,4,7.218810418414742,100.0,92.48947610039801,0.0
H0115,2025-01,Comp Sci,5,7.90685063629769,84.59238422935138,87.96591564927019,0.0
H0116,2025-01,Civil,5,6.634808396455179,78.06530700740427,80.7670939262809,0.0
H0117,2025-01,Civil Engg,6,6.387473745993185,94.0985239465011,82.96078805421266,1.0
H0118,2025-01,Mechanical,8,7.439110563145459,78.51418919668868,,2.0
H0119,2025-01,e.c.e,8,6.540153295652604,83.92975376158996,81.60400290025196,1.0
H0120,2025-01,ME,5,6.94826672238282,85.27353782550217,88.56237190040193,1.0
H0121,2025-01,Mechanical,4,6.832474629000797,93.35303787175702,77.3953311265581,1.0
H0122,2025-01,Mechanical,7,6.414238745257131,89.11272398028389,76.43643852693083,0.0
H0123,2025-01,Computer Science,3,6.890993731480805,,87.64405395642174,
H0124,2025-01,ECE,6,7.125794363427174,83.37732058638939,77.52272650862545,0.0
H0125,2025-01,Comp Sci,5,7.03979492857096,96.78617549276838,91.30700699949145,1.0
H0126,2025-01,Electronics,4,7.94496899261203,100.0,89.68004817793613,2.0
H0127,2025-01,Comp Sci,6,6.909336390669951,92.11969089876867,72.90003185019053,0.0
H0128,2025-01,Computer Science,4,6.8726038585565385,87.11700026227903,86.17409132095791,0.0
H0129,2025-01,CSE,4,7.452628174745707,78.72056470915389,76.58100667010761,1.0
H0130,2025-01,Mech,6,7.346377381541929,82.90881713483626,92.06278071225469,1.0
H0131,2025-01,CSE,4,7.531562666237994,86.69204683810713,85.88751031891044,0.0
H0132,2025-01,EEE,7,6.948191295211486,82.22447988965789,98.55895678146236,2.0
H0133,2025-01,Mech,3,5.972208504699964,82.56779014128774,89.04203024927762,1.0
H0134,2025-01,Comp Sci,5,7.002946140333463,100.0,78.95693305961505,0.0
H0135,2025-01,Mech,7,6.441586425366316,93.88639056556221,68.69114652815897,0.0
H0136,2025-01,Computer Science,4,6.928027922125554,84.04464105458605,79.05061417454795,1.0
H0137,2025-01,E.E.E,7,6.858190081826088,76.11800431126073,76.28771657334752,1.0
H0138,2025-01,ECE,7,5.938582746358198,92.76648763918287,93.65221620383414,3.0
H0139,2025-01,Civil Engg,8,6.399173487891427,83.12510716572136,82.34650816201203,1.0
H0140,2025-01,cs,4,7.153242335824894,73.64191636961003,93.15144605533962,0.0
H0141,2025-01,ECE,7,6.433655731333419,89.99016575632135,81.2482234077481,0.0
H0142,2025-01,Electronics,8,6.793727883089042,94.42983686484385,84.04829386574336,0.0
H0143,2025-01,Electrical,7,7.045966928475431,66.67402156276906,84.9249855648338,1.0
H0144,2025-01,ME,4,6.7781246109779305,80.4112958877851,93.88735712331871,0.0
H0145,2025-01,Electronics,7,7.1290774104829495,85.90137228856075,88.0853779606795,2.0
H0146,2025-01,cs,3,7.713635083740778,95.9728674337131,82.03522858179045,1.0
H0147,2025-01,CSE,6,7.320087672222638,84.17100584299237,98.87437605458972,1.0
H0148,2025-01,ECE,5,7.079291234019972,79.42082515299475,83.10011590046781,0.0
H0149,2025-01,e.c.e,6,6.86333406460771,92.22298807796498,82.3107021520877,0.0
H0150,2025-01,Computer Science,6,7.337971545603449,84.7765303118776,67.95144613587368,1.0
H0151,2025-01,CIVIL,3,6.6153346828586805,89.3108561662702,88.41351069746867,1.0
H0152,2025-01,CIVIL,6,6.703306799278549,76.18427776861813,84.78858501994236,0.0
H0153,2025-01,cs,8,7.030831866709367,76.19368136873912,86.84598148701897,0.0
H0154,2025-01,Mechanical,5,6.728702818804134,92.30619976767116,82.52854357647277,0.0
H0155,2025-01,Computer Science,4,7.233210907364383,90.17208538335358,83.33552962660747,0.0
H0156,2025-01,Mech,8,6.691649250052875,91.93514720863675,80.93880511111722,1.0
H0157,2025-01,Comp Sci,3,7.147187527932654,,89.64955480142565,0.0
H0158,2025-01,ME,5,6.400490919320482,77.33277958390414,87.08035454855836,1.0
H0159,2025-01,Mech,6,7.081223924572255,98.02742621277586,,0.0
H0160,2025-01,Civil Engg,5,6.718376460795333,,91.41464014503072,0.0
H0161,2025-01,CSE,8,,96.9527756426171,85.51767669999455,1.0
H0162,2025-01,E.E.E,5,7.0304086895145765,,82.4687752924658,1.0
H0163,2025-01,Computer Science,8,7.120638531028714,94.29800923870246,87.967355023897,1.0
H0164,2025-01,Comp Sci,3,7.009261864508359,80.58230137637214,75.64137401716242,2.0
H0165,2025-01,Mechanical,7,7.04074455816261,80.67623441171726,87.98468160944287,0.0
H0166,2025-01,e.c.e,6,6.510648772398981,83.07362605744777,72.94240231884433,3.0
H0167,2025-01,Civil,4,6.628114920508952,74.59566651826997,76.75896080856289,1.0
H0168,2025-01,Civil,4,6.784445419612794,77.97130654202117,,0.0
H0169,2025-01,Comp Sci,7,7.801059589724925,95.2574523579668,88.21373122558688,1.0
H0170,2025-01,Electrical,6,7.0280133425306675,90.8263516469077,95.94109856481907,1.0
H0171,2025-01,cs,6,6.990658795411454,78.01479191404162,84.68594660050596,0.0
H0172,2025-01,ECE,3,6.6749904759091665,91.86558176387727,90.05881102294035,1.0
H0173,2025-01,CSE,6,7.239409469720183,91.17056763020622,100.0,0.0
H0174,2025-01,E.E.E,8,7.435318989374065,100.0,90.64010320901018,0.0
H0175,2025-01,Computer Science,3,7.374822100222913,92.85132797279348,82.16163455492739,1.0
H0176,2025-01,cs,5,,93.24846752068461,79.37216014437938,0.0
H0177,2025-01,ECE,5,6.89163634573351,89.97947055858688,85.24498061078258,3.0
H0178,2025-01,EEE,8,7.444295776124433,96.50217440038736,83.47666177417071,0.0
H0179,2025-01,Civil,4,7.39513740616338,77.7851372019168,83.38093708606223,
H0180,2025-01,Mech,5,7.345784305401458,87.50979734790428,94.61278056992747,1.0
H0181,2025-01,Civil Engg,7,6.299361574839787,83.68201556220396,90.10989685396463,0.0
H0182,2025-01,Civil,3,7.4521071129065595,85.08664044818116,74.64416865090033,1.0
H0183,2025-01,Electronics,7,6.4313990178384035,88.01395164244849,77.69986254794078,0.0
H0184,2025-01,cs,7,7.460518439291132,93.72829304004766,84.64877548262669,1.0
H0185,2025-01,CIVIL,7,6.144987419836049,86.73315654130411,86.69506254287401,4.0
H0186,2025-01,Mech,6,6.55841669209722,83.16943112053903,91.55884343453663,0.0
H0187,2025-01,ECE,7,6.421326589840015,78.64907081289131,100.0,1.0
H0188,2025-01,CSE,7,7.631397594907914,98.49271315947449,85.76985979666095,0.0
H0189,2025-01,Mechanical,8,7.175659452476913,89.65899514954039,83.07510712401081,0.0
H0190,2025-01,cs,5,,80.58708020650077,92.10504725473977,5.0
H0191,2025-01,EEE,5,6.365561646629593,81.92358593336579,77.59577498498294,3.0
H0192,2025-01,Comp Sci,6,7.048381617510574,73.86277046987031,86.00971272053084,0.0
H0193,2025-01,CSE,4,7.329286651349526,87.40783145414474,83.36125754717139,1.0
H0194,2025-01,Civil,8,6.931360757530047,85.38269977600505,67.74947781791748,0.0
H0195,2025-01,cs,7,7.965791996201278,85.55990554034436,90.36198316379368,0.0
H0196,2025-01,cs,6,7.862320219028587,100.0,88.01820106941236,0.0
H0197,2025-01,ME,4,6.574953132218204,75.1612964580813,92.2698487271777,0.0
H0198,2025-01,Civil,5,5.708565233489676,86.93637894585275,80.07601720730815,3.0
H0199,2025-01,CSE,5,6.769754117032823,100.0,75.7682716629423,0.0
H0200,2025-01,cs,6,7.8110588730513895,99.15720572021297,88.10164121232145,0.0
H0201,2025-01,CIVIL,7,6.633045519818697,84.71571321378914,69.3283117999863,0.0
H0202,2025-01,EEE,7,6.477261712516944,75.34505961084582,74.90235779491712,
H0203,2025-01,Electronics,8,7.100297841913993,77.29069254948642,91.84821107004386,2.0
H0204,2025-01,Comp Sci,8,7.947420079039064,87.00021335448393,87.91408562874474,0.0
H0205,2025-01,Computer Science,7,7.3688241938860015,82.8425008657124,94.0186315293117,0.0
H0206,2025-01,Comp Sci,5,7.20913287018734,82.08151485990918,73.25883705086619,0.0
H0207,2025-01,Computer Science,6,7.256525307575834,85.48143294604938,85.60084018120767,0.0
H0208,2025-01,ME,5,6.892522128599625,85.13980466437476,81.69304601257645,1.0
H0209,2025-01,Computer Science,6,7.822765787866525,94.70177004924076,96.89901951090937,1.0
H0210,2025-01,ECE,7,6.647242531466144,76.3630164374742,90.0590846498849,0.0
H0211,2025-01,ME,5,7.072965737948692,81.28554535797224,90.35549382612383,0.0
H0212,2025-01,Mechanical,6,7.241536897929379,86.16422375920567,97.3942440498266,0.0
H0213,2025-01,Computer Science,3,6.936657580680137,84.8938787510004,82.978334553273,0.0
H0214,2025-01,Civil Engg,7,6.896453317343114,100.0,95.25373382646143,1.0
H0215,2025-01,Mechanical,5,6.67757320077515,86.99402695319881,76.83568143601033,2.0
H0216,2025-01,Mechanical,5,5.713622797281901,68.7284315709825,72.84681582274189,0.0
H0217,2025-01,Computer Science,6,6.501872988702447,88.29358386406646,89.21390116995221,0.0
H0218,2025-01,CSE,4,6.92357508358796,91.0617745438099,75.276377243787,0.0
H0219,2025-01,E.E.E,6,,85.4356523590754,89.54181442296823,1.0
H0220,2025-01,ECE,7,,76.07206092013736,85.54037562582099,0.0
H0221,2025-01,cs,5,7.380784378098307,100.0,95.33270516863922,
H0222,2025-01,e.c.e,3,7.687393320789692,80.11366467658148,87.50147729622942,0.0
H0223,2025-01,Mech,5,6.368114134461711,88.88736150792326,82.9002720711042,1.0
H0224,2025-01,Electrical,4,6.801077667292676,87.15719669967211,88.15876691544568,0.0
H0225,2025-01,Computer Science,5,7.4321883435597815,93.58597034066992,83.39290482790877,0.0
H0226,2025-01,E.E.E,6,6.440739809095169,98.09523323479077,78.45961701178403,1.0
H0227,2025-01,Computer Science,3,7.11754558797697,92.83772560063392,90.88859501064327,1.0
H0228,2025-01,Mechanical,7,6.326266596901306,78.61076598246889,81.74707045482383,0.0
H0229,2025-01,Mech,4,7.317264340737025,96.66854049323186,84.15744502389208,1.0
H0230,2025-01,Comp Sci,8,7.109934987428738,82.17766147941161,85.7953988538652,0.0
H0231,2025-01,Comp Sci,7,8.064522853452125,92.80791935068828,100.0,1.0
H0232,2025-01,ECE,4,6.846971298100217,75.20418407570368,81.48431428863942,0.0
H0233,2025-01,E.E.E,6,6.943253539120132,,83.06299269689652,1.0
H0234,2025-01,ME,3,6.680558236066639,85.92714134482841,72.59834160745739,0.0
H0235,2025-01,Electrical,3,6.62288331516171,,84.2918797947025,0.0
H0236,2025-01,Civil Engg,8,6.778170847270707,71.06102881864709,88.25701529886977,
H0237,2025-01,Electronics,7,6.916772039100593,89.7659191327572,90.69351501110143,0.0
H0238,2025-01,Civil Engg,3,6.616976426108673,79.54541613091574,85.93176101802932,1.0
H0239,2025-01,Computer Science,4,6.913858126682889,97.30229697382791,92.89328071658866,1.0
H0240,2025-01,Computer Science,4,7.3103529736461415,85.28733961442461,92.42853819451707,0.0
H0241,2025-01,Civil,5,6.499772571431319,75.65011612956016,91.4056855128699,1.0
H0242,2025-01,CIVIL,4,7.415956559395967,89.82840737331739,95.39355422529586,0.0
H0243,2025-01,cs,4,7.571965699048992,80.8287940287594,98.35909967929923,1.0
H0244,2025-01,Electronics,6,7.348336042771705,98.18530177038707,86.04813784888647,2.0
H0245,2025-01,Mech,4,6.75851014296088,85.29613648924268,75.02194818771252,2.0
H0246,2025-01,CIVIL,8,6.777708880629352,84.79496505067118,89.72163444357658,0.0
H0247,2025-01,ME,7,6.3941954725855155,,87.88398068489538,1.0
H0248,2025-01,ECE,7,6.567872661528406,76.85628115420576,94.87888579932996,0.0
H0249,2025-01,Electronics,4,,75.61836286386495,93.96273074011387,0.0
H0250,2025-01,e.c.e,7,7.398421576014984,91.36476866929489,100.0,1.0
H0251,2025-01,Mech,8,6.652214264379459,77.15225721076965,89.35190892878185,1.0
H0252,2025-01,Civil,4,7.445945469599668,78.97927833888332,88.56632435037463,0.0
H0253,2025-01,Electronics,7,7.0161418943378875,93.3031965983367,76.02154305586069,1.0
H0254,2025-01,cs,5,8.09330377386629,95.06366998952839,92.41070999189922,0.0
H0255,2025-01,cs,7,7.220284853148972,78.17637216812126,83.55328557682827,0.0
H0256,2025-01,ME,5,7.495798133844748,84.4115124257459,90.13614424792233,1.0
H0257,2025-01,CIVIL,7,6.460683302388079,77.6056485328397,84.20612668327188,0.0
H0258,2025-01,CSE,3,7.131774078750595,100.0,89.53447924049885,0.0
H0259,2025-01,CSE,5,6.954399498839027,93.64225018230464,84.80579624575284,0.0
H0260,2025-01,Mechanical,4,7.530129216737582,85.90460508966177,95.10126278334565,0.0
H0261,2025-01,CSE,4,7.53511834727003,94.20018744162113,69.83459173187265,1.0
H0262,2025-01,CIVIL,4,6.501066190949191,74.22427035747938,85.408632194026,0.0
H0263,2025-01,cs,5,7.801339875849244,84.8860415380598,98.0357865848154,1.0
H0264,2025-01,cs,3,7.554821851240591,90.2220213190956,100.0,0.0
H0265,2025-01,Electrical,7,7.375871775898465,92.31449676058385,93.06682352060643,0.0
H0266,2025-01,CSE,6,7.013909246876824,85.08249028432708,96.71382199907472,0.0
H0267,2025-01,Comp Sci,7,7.267244880706882,89.86616591511886,88.25674698834324,1.0
H0268,2025-01,Comp Sci,7,7.360522667691241,88.19822049991505,86.76300210646548,0.0
H0269,2025-01,Comp Sci,3,6.615220801335065,,87.91012260622782,0.0
H0270,2025-01,cs,3,7.770487675728731,,,0.0
H0271,2025-01,Computer Science,5,7.268704083518063,84.46400644318743,81.58923151012883,0.0
H0272,2025-01,Comp Sci,5,7.425156244603122,91.32041921688254,85.15589871545413,0.0
H0273,2025-01,Computer Science,4,8.367320773767032,95.30316551016479,83.69934650714065,1.0
H0274,2025-01,ME,7,6.630146275016447,86.63051452392219,87.74519026178632,2.0
H0275,2025-01,Mech,6,6.712166642425951,75.5079076523065,84.01220567663933,3.0
H0276,2025-01,ECE,7,6.721289012708012,77.79547325816979,82.31735298782962,0.0
H0277,2025-01,Comp Sci,3,7.695755247754621,93.0459690285334,85.21178925515109,0.0
H0278,2025-01,Electronics,7,6.467628157950645,96.48081339050353,87.22331654087634,0.0
H0279,2025-01,Civil Engg,4,6.697483258935361,85.82555917698694,89.0431217810885,0.0
H0280,2025-01,CIVIL,5,,83.9717258008142,78.50247999846921,0.0
H0281,2025-01,Computer Science,5,7.5465701865450185,90.6910805785871,,0.0
H0282,2025-01,Computer Science,7,6.817327205600909,,90.766426207499,0.0
H0283,2025-01,Comp Sci,4,7.079873825813695,96.84155316812786,,2.0
H0284,2025-01,CSE,4,7.987273656675877,92.15719964159209,93.8744840879871,0.0
H0285,2025-01,Mechanical,5,,80.87737934016474,96.6336039068505,2.0
H0286,2025-01,Electronics,5,6.4197499297949605,83.06517767987333,94.69415445960936,1.0
H0287,2025-01,cs,4,7.189890043646394,83.81531493334597,92.39881991026986,0.0
H0288,2025-01,ECE,4,6.86193687871568,96.1142075741973,89.62390421756164,2.0
H0289,2025-01,Electronics,4,7.047984909108064,85.14085932686478,100.0,
H0290,2025-01,Computer Science,5,6.727746319763752,87.40366112202214,68.89734785638083,0.0
H0291,2025-01,Civil,5,6.453018495903992,88.86531675980436,79.97685571446918,0.0
H0292,2025-01,CSE,5,7.286241033915933,,93.9180086117067,2.0
H0293,2025-01,E.E.E,7,6.728679118258221,86.99243626480092,82.11126884987395,0.0
H0294,2025-01,Computer Science,4,7.371506013444386,91.3961627678065,97.15917158707892,0.0
H0295,2025-01,Civil,8,6.403131710130294,71.23089528099366,82.29894915026452,0.0
H0296,2025-01,Electrical,7,6.940350551819051,88.18404957534823,86.16218319849901,1.0
H0297,2025-01,EEE,4,7.3810080859837415,86.95314768097441,84.55113783083259,1.0
H0298,2025-01,CIVIL,4,7.04213128624193,87.4064695486881,81.80027844755438,2.0
H0299,2025-01,Civil,4,6.767939398217856,86.10413869804904,81.04393798076592,1.0
H0300,2025-01,Mechanical,4,6.834609150294848,87.52234230955925,86.37707962554659,1.0
H0301,2025-01,Civil Engg,5,6.310082430816553,94.98385523979414,77.8154953025838,0.0
H0302,2025-01,cs,3,7.229303780204344,78.75054292022645,,1.0
H0303,2025-01,e.c.e,3,7.250874152357155,,91.32888730505884,0.0
H0304,2025-01,e.c.e,5,6.4693500631602046,90.74547913380749,92.13594719570068,1.0
H0305,2025-01,Civil,7,6.4541093095359905,88.04596565859956,75.24265880594368,2.0
H0306,2025-01,Electronics,4,6.475281923877905,88.49995526193118,71.91668906336903,1.0
H0307,2025-01,ECE,8,6.8524544506649665,100.0,84.94812821000122,0.0
H0308,2025-01,Mechanical,5,6.509941738021032,89.92479964737382,100.0,0.0
H0309,2025-01,Computer Science,8,7.590765925566721,98.11185504086464,97.19877096220807,1.0
H0310,2025-01,Comp Sci,4,7.555314607102247,86.66690245235965,84.51725335851138,0.0
H0311,2025-01,ECE,6,7.249188023167386,79.05684951795907,89.1050766840992,0.0
H0312,2025-01,Electronics,7,7.269053959384956,85.32756673494835,92.12468826551104,1.0
H0313,2025-01,CSE,3,7.626313416934949,95.5641588616337,79.61432497181552,1.0
H0314,2025-01,e.c.e,8,6.4133900248489395,87.38319631260038,92.65785945547366,1.0
H0315,2025-01,e.c.e,5,6.292454576056297,87.40294421143341,81.95009324200528,0.0
H0316,2025-01,Comp Sci,5,7.392216453803713,86.46590483019874,86.75793800729247,1.0
H0317,2025-01,Electronics,6,6.682870654524037,81.89897786184412,84.04851801587476,0.0
H0318,2025-01,ME,6,6.667889169966808,82.3682774506903,90.73939207386087,1.0
H0319,2025-01,cs,3,7.1407875531669225,93.40013902549924,81.49168267837952,0.0
H0320,2025-01,Electrical,8,6.5717851243923135,91.57846155491336,71.89402823802884,1.0
H0321,2025-01,E.E.E,6,6.465762268150992,76.49190661250628,85.77198284750148,1.0
H0322,2025-01,e.c.e,8,6.684927323981495,91.20137203475745,69.8038670600477,1.0
H0323,2025-01,cs,5,7.828260661748969,84.95029024320154,87.39207226258601,0.0
H0324,2025-01,e.c.e,6,6.833328333105812,89.66517312969599,93.28283993831046,0.0
H0325,2025-01,Civil Engg,5,7.765492286644178,87.95737335508746,92.84629657233437,1.0
H0326,2025-01,Mechanical,8,6.755640324656304,98.39485878689283,92.22294621258995,1.0
H0327,2025-01,Civil,7,6.786817864868847,81.79854937419967,88.49514905620522,0.0
H0328,2025-01,ECE,8,6.836066251366133,87.03540401733967,100.0,0.0
H0329,2025-01,Mechanical,6,6.858328602067366,90.856720126524,,0.0
H0330,2025-01,cs,7,7.484546488119014,81.99385418156136,91.03814838710564,2.0
H0331,2025-01,ME,5,7.7880490950984225,,85.06203172895461,1.0
H0332,2025-01,CSE,5,6.9760967991688005,84.83594119067523,92.79747050824177,0.0
H0333,2025-01,Mech,7,7.106418101598417,82.84248967438215,85.65217324538513,1.0
H0334,2025-01,Civil Engg,3,6.752686420735888,82.40942317937633,97.02093516010004,0.0
H0335,2025-01,CSE,7,7.03439027993484,94.72163784054563,81.16484410466752,
H0336,2025-01,Mechanical,3,7.146163733189071,82.02544470371657,,1.0
H0337,2025-01,CSE,6,7.7322662608204284,94.827770169639,93.80158429595836,0.0
H0338,2025-01,Mech,5,6.531499657889647,86.7667071802997,82.97271615804506,0.0
H0339,2025-01,Comp Sci,5,7.397796632790996,77.11008823186874,91.30208746696096,3.0
H0340,2025-01,E.E.E,5,6.104131036860335,87.0359225447494,83.5702555525314,
H0341,2025-01,cs,5,7.020397445177863,75.00927414793561,87.89688790949297,1.0
H0342,2025-01,Electrical,5,7.183526999098568,92.27538121006846,84.95259217873624,0.0
H0343,2025-01,Civil Engg,5,6.632638068563712,80.8078608579915,78.94530071702258,1.0
H0344,2025-01,Mechanical,6,6.376888593422606,83.9205733405242,80.43171316236638,1.0
H0345,2025-01,CIVIL,7,6.902037666672408,75.60716047701132,73.2434785666526,1.0
H0346,2025-01,Civil Engg,6,6.614682168378237,85.75625900933467,89.65598544292426,0.0
H0347,2025-01,Electrical,6,6.6123036197415646,92.27405923276848,75.20287180970875,0.0
H0348,2025-01,Comp Sci,8,7.551842199067708,83.008715066257,87.23853833648394,0.0
H0349,2025-01,Mechanical,8,6.566645273264478,78.91293327052631,87.22460324735752,1.0
H0350,2025-01,Comp Sci,3,6.9270717823595325,90.51101797856602,91.8747634623939,0.0
H0351,2025-01,ME,7,6.875244343517673,89.67962257680998,72.47629082894942,1.0
H0352,2025-01,CSE,4,7.670864537685699,70.35338603316036,88.50567192188144,
H0353,2025-01,ME,4,7.414501777855363,100.0,89.9383222026447,1.0
H0354,2025-01,Mechanical,7,6.428810493406571,88.78095565881709,83.88680907462877,0.0
H0355,2025-01,e.c.e,3,7.009850347010637,92.65171802252215,,
H0356,2025-01,ECE,8,6.379172029693938,83.21665231448797,77.5699926475675,1.0
H0357,2025-01,Civil,7,7.447989077531453,73.63345165296025,73.36474379147205,2.0
H0358,2025-01,Civil Engg,8,6.2084140619548585,,88.4075467946745,5.0
H0359,2025-01,e.c.e,7,7.177544164406173,83.17084990114988,83.1122415648007,2.0
H0360,2025-01,Mechanical,8,6.281945963870933,88.91748793522723,71.22731915744257,0.0
H0361,2025-01,Electrical,3,7.503486821673481,87.02045460419967,,1.0
H0362,2025-01,Computer Science,8,7.516936472047618,,97.12732465599407,1.0
H0363,2025-01,CSE,3,6.8358274054353,80.49980291490809,76.97032390590529,0.0
H0364,2025-01,CSE,4,,94.392585936152,100.0,1.0
H0365,2025-01,Mech,3,6.886493394022117,77.32332808256601,80.08721326301925,2.0
H0366,2025-01,Electronics,5,7.234058788968832,100.0,87.01751860047439,1.0
H0367,2025-01,Civil Engg,7,6.661124644017901,100.0,75.98727088096965,2.0
H0368,2025-01,Mech,4,,98.73193347624954,85.00629835289072,1.0
H0369,2025-01,Computer Science,7,7.72536962609656,99.69823791261048,87.8577983425313,1.0
H0370,2025-01,Civil,6,6.695163704948903,85.1311956566729,74.43496404106057,1.0
H0371,2025-01,Civil Engg,6,6.207223392966332,92.89510349251972,100.0,0.0
H0372,2025-01,CSE,8,7.158122116002854,,82.68684345547362,0.0
H0373,2025-01,Electronics,5,6.820806604417863,73.54217357250141,81.5737636033526,1.0
H0374,2025-01,Comp Sci,5,7.775097744931628,100.0,,1.0
H0375,2025-01,cs,8,8.088262511869369,99.87576802143528,100.0,2.0
H0376,2025-01,Comp Sci,6,7.552992632465612,89.27704597647154,96.71466750292616,0.0
H0377,2025-01,EEE,6,6.881507019023782,76.25100888998307,76.71438761735499,0.0
H0378,2025-01,ECE,4,7.146640195332144,82.0897764577906,87.3953703949132,2.0
H0379,2025-01,ECE,4,6.6337313010338725,69.98070273182412,70.35025119495751,1.0
H0380,2025-01,ME,4,6.697215643807144,92.91930805853713,90.6945075560227,0.0
H0381,2025-01,ME,4,6.446885541828864,71.47552237897688,71.80914341843645,0.0
H0382,2025-01,E.E.E,4,6.124282230749789,85.92787734930877,76.91970314874638,0.0
H0383,2025-01,Civil,7,6.759992754952847,79.37579291108952,85.17795181132965,4.0
H0384,2025-01,e.c.e,3,6.8731327644936275,74.47855589787515,88.06670828304945,0.0
H0385,2025-01,Electronics,6,,88.58989340933026,83.9687138102079,2.0
H0386,2025-01,Electrical,8,6.970130390240303,83.78973105115935,96.19105361302948,1.0
H0387,2025-01,ME,7,6.979635928119438,92.68767757073803,,3.0
H0388,2025-01,EEE,5,6.822337059899671,,90.08818927678774,0.0
H0389,2025-01,cs,3,7.3267192800524645,82.17425695965113,78.84248608444518,1.0
H0390,2025-01,Civil,8,6.9371573039371865,67.14916627954815,97.22923282679145,2.0
H0391,2025-01,Mech,3,6.431350266550832,66.98154910714561,77.79862139353733,0.0
H0392,2025-01,CSE,7,7.6711743276449855,100.0,,1.0
H0393,2025-01,ME,7,7.112976606043681,100.0,99.9183071097595,0.0
H0394,2025-01,Mech,4,,85.2870613925779,87.10353092738512,1.0
H0395,2025-01,cs,7,7.603449048166926,81.79100542866163,94.83116961006392,0.0
H0396,2025-01,ECE,4,,82.2302346434129,62.011909442424596,0.0
H0397,2025-01,Civil Engg,4,6.584795502486678,91.75934557287803,82.39045184142029,1.0
H0398,2025-01,CSE,7,7.020235161986333,82.41312410713773,93.34527816286516,1.0
H0399,2025-01,e.c.e,8,7.103274618193024,89.49466644347083,,2.0
H0400,2025-01,e.c.e,4,7.179075556170144,87.17640574633408,77.89228772683053,0.0
H0401,2025-01,Comp Sci,8,7.425311949725022,84.59595695974518,86.36683459602682,0.0
H0402,2025-01,E.E.E,8,7.543135461373245,84.49666665637653,70.19873066285759,1.0
H0403,2025-01,Civil,7,6.830704178376531,87.64850500138886,87.21301711097438,0.0
H0404,2025-01,Comp Sci,3,8.463796853424121,85.25992071269972,79.43006204879809,2.0
H0405,2025-01,EEE,4,6.46802896681508,88.85547593579105,92.17109548170279,1.0
H0406,2025-01,CIVIL,7,6.7433024505746815,82.22929785182227,93.34779885597197,1.0
H0407,2025-01,CSE,8,,88.69243822273,83.53116540373496,0.0
H0408,2025-01,CIVIL,7,6.902857783242591,97.25811328644346,88.91443845407993,1.0
H0409,2025-01,Comp Sci,5,7.339184910637086,88.27055714960522,87.40414201042533,
H0410,2025-01,Electrical,4,6.879268908495609,92.77901640247734,86.14197922477489,1.0
H0411,2025-01,ME,8,7.408250727241627,74.06207091213962,79.59407338045555,0.0
H0412,2025-01,ME,4,6.755413289941706,,89.39921916086358,1.0
H0413,2025-01,Comp Sci,5,7.584064556846569,88.94752345173215,76.48611883709421,1.0
H0414,2025-01,CIVIL,8,6.370546005371371,99.55497406479256,70.30337273691129,2.0
H0415,2025-01,cs,6,7.433860421980128,73.27951937633772,87.36958022857571,0.0
H0416,2025-01,Computer Science,4,7.366092790838406,87.31922823208302,85.81613131176131,0.0
H0417,2025-01,Computer Science,3,7.3708407098410245,98.99553323362387,88.40426936857561,1.0
H0418,2025-01,CIVIL,5,6.693064418504818,78.09688956503135,78.78897056265643,2.0
H0419,2025-01,cs,8,,90.80531683971141,100.0,1.0
H0420,2025-01,E.E.E,5,6.733269241499376,87.83893521141233,85.32159314535532,0.0
H0421,2025-01,Mechanical,7,6.355034974576735,84.78131639205175,83.82243694270105,1.0
H0422,2025-01,Comp Sci,4,6.974784448049276,99.7264650045565,87.72762508949859,2.0
H0423,2025-01,Comp Sci,7,7.429249056641563,91.80657113341081,94.45373511231651,0.0
H0424,2025-01,CSE,7,7.4732446452385455,99.7831837404847,92.47052251618693,0.0
H0425,2025-01,Mechanical,6,7.002396150619449,83.59373766323807,88.66618345445649,2.0
H0426,2025-01,CIVIL,7,6.979518977808904,80.74146462904565,90.9286011810437,1.0
H0427,2025-01,CSE,6,7.20444389193064,85.47855947288912,73.66433222551893,1.0
H0428,2025-01,Civil,5,6.903326571026316,76.86336895157412,72.70400639098214,0.0
H0429,2025-01,Comp Sci,7,6.694615555062741,90.78829991370661,85.51580888318412,0.0
H0430,2025-01,CIVIL,8,6.574591961349718,81.53703739971097,,0.0
H0431,2025-01,EEE,8,6.52586021320082,78.78029716534229,87.15691783117701,1.0
H0432,2025-01,Civil,4,6.40757530269122,87.71755483097573,82.78362503955945,1.0
H0433,2025-01,ME,7,7.130163007555273,78.12640372115706,90.50092648246093,0.0
H0434,2025-01,Civil,3,7.20807349837426,92.8485811398881,77.07770077071552,2.0
H0435,2025-01,CSE,6,7.749197654986944,86.01154884978466,89.08558582870239,1.0
H0436,2025-01,Comp Sci,6,7.436280369131676,97.63468963174174,78.19864878521632,2.0
H0437,2025-01,Comp Sci,5,7.76722172188887,86.38157149987606,91.53304247469325,3.0
H0438,2025-01,Electronics,8,6.197059868338701,87.88124652015138,68.53303850365728,0.0
H0439,2025-01,Mechanical,8,6.964318500906169,88.39586183110468,88.52815772010236,1.0
H0440,2025-01,Mech,3,6.539391450848206,91.83017872197381,74.65456564812865,2.0
H0441,2025-01,Civil Engg,4,6.932233851810038,87.46727275741596,83.00884957569802,0.0
H0442,2025-01,CSE,4,7.594321617772748,75.59135739725562,94.42293298254641,1.0
H0443,2025-01,Mech,8,6.382159136141953,92.11573644554146,84.57340726056695,2.0
H0444,2025-01,CSE,6,6.94182748328694,85.23912397409585,73.48367161127294,1.0
H0445,2025-01,CSE,7,7.138628422946395,93.49464330710033,81.61699208795446,1.0
H0446,2025-01,Mechanical,7,7.122288976876981,92.01171653295569,75.07941135420089,2.0
H0447,2025-01,E.E.E,7,,80.50052213081052,73.9360440802583,2.0
H0448,2025-01,ME,3,6.3473339821044705,76.12712767172118,83.16549920693627,3.0
H0449,2025-01,Computer Science,3,7.087321429130368,91.99760930782959,89.79384146757413,
H0450,2025-01,ME,5,6.69705973463645,82.03491155935906,86.50920549262922,0.0
H0451,2025-01,Computer Science,5,7.040146752146501,95.22867876581174,91.13811520291,0.0
H0452,2025-01,Civil Engg,7,6.238273216255193,82.02916239850289,82.26837864796681,1.0
H0453,2025-01,ME,3,6.374103814497574,91.5475466879156,,0.0
H0454,2025-01,CSE,5,7.2678652238307935,90.39204528183092,78.62783141259911,0.0
H0455,2025-01,CSE,4,7.428997424195801,90.73964974176755,84.58434874260452,1.0
H0456,2025-01,CSE,4,6.9216674813556995,,76.28716281193094,4.0
H0457,2025-01,EEE,4,6.820322975750815,87.27703038428659,78.52929141335899,1.0
H0458,2025-01,Electronics,4,7.244737806677437,96.81004240504502,87.04085682418454,1.0
H0459,2025-01,CIVIL,6,6.271217690465194,83.11597324426717,81.62836742835884,2.0
H0460,2025-01,Mechanical,5,6.737380862017617,89.52424347997425,100.0,1.0
H0461,2025-01,Mech,5,7.270328128302206,87.58487246565511,76.94102213016625,0.0
H0462,2025-01,cs,5,7.450461142565601,88.63805962714036,85.94161805836633,0.0
H0463,2025-01,EEE,7,6.658328203307788,,,0.0
H0464,2025-01,Computer Science,8,7.782520202607137,99.74634615584911,86.7601718362452,2.0
H0465,2025-01,ME,6,6.6563402512354095,85.75296224718556,81.69592823252151,2.0
H0466,2025-01,Mech,6,7.223460845685183,89.05521236818703,92.40971182597733,0.0
H0467,2025-01,ME,7,6.906257145796985,80.66065646261758,82.21299608256824,1.0
H0468,2025-01,EEE,7,6.672761231364244,83.67624730154738,82.72478378271836,1.0
H0469,2025-01,cs,3,7.41094653396543,91.53069488608003,85.3136543540983,1.0
H0470,2025-01,Electronics,8,7.0378041934250515,92.90961670086054,75.37099297486088,0.0
H0471,2025-01,ECE,3,6.990486820093024,93.20165761836624,81.79036653673239,1.0
H0472,2025-01,e.c.e,5,6.526225650492882,75.86228333062651,81.04522249080004,0.0
H0473,2025-01,CSE,6,7.396133314675784,96.1807614006101,88.1060073760378,2.0
H0474,2025-01,Comp Sci,5,7.587387937725013,87.49292336960227,91.32928466883799,0.0
H0475,2025-01,Comp Sci,4,7.565729891391645,81.51310247766236,87.06079330997763,1.0
H0476,2025-01,Computer Science,8,6.93126538426929,97.37642066820578,84.03246510546435,0.0
H0477,2025-01,Electronics,3,7.059843936803194,98.90797082487825,74.30282933163022,0.0
H0478,2025-01,Mechanical,4,7.132282730373004,88.44444367489368,89.20157395804075,
H0479,2025-01,Mechanical,8,5.971594585007747,89.19619182426999,77.55628066624637,1.0
H0480,2025-01,ECE,7,7.072563427460344,93.64260762008725,91.89974421441566,0.0
H0481,2025-01,ECE,3,7.879687223378352,100.0,97.60835601071956,1.0
H0482,2025-01,CSE,7,7.791547738161289,95.70243670549412,87.88767588199197,0.0
H0483,2025-01,Mech,8,7.136726474608558,,79.87415544357923,2.0
H0484,2025-01,CSE,3,7.394849825699933,100.0,87.54653362948825,0.0
H0485,2025-01,cs,5,6.796567826019664,94.20838486725218,87.16958572096976,0.0
H0486,2025-01,e.c.e,5,6.226092871600039,78.61931664722903,,0.0
H0487,2025-01,e.c.e,3,7.080018955692423,77.76475364023243,81.12026896804257,1.0
H0488,2025-01,Computer Science,4,7.209433619048013,91.40614082105796,90.47020107789552,2.0
H0489,2025-01,ME,4,6.385123706223872,81.93346205469379,86.58655977526942,2.0
H0490,2025-01,Mech,4,6.842488793662748,88.14113680474101,82.11055808864252,1.0
H0491,2025-01,ME,5,6.901664527127908,92.51680155860764,74.09572012678214,1.0
H0492,2025-01,ME,5,6.137534359114565,78.78037175987525,85.39401461909576,0.0
H0493,2025-01,Mech,4,6.401703768267092,75.9641538065837,78.51459524383932,1.0
H0494,2025-01,Comp Sci,4,7.710639331752062,93.76459406889032,,1.0
H0495,2025-01,Civil Engg,4,6.286075648187606,79.63931795893555,83.89161614298135,0.0
H0496,2025-01,e.c.e,7,6.93308164338363,88.138640155644,72.87856680513846,0.0
H0497,2025-01,ECE,4,6.637932616742818,74.08993755486222,84.39322411147872,1.0
H0498,2025-01,ME,8,6.8170995968486,84.44216337596657,89.15866119416911,1.0
H0499,2025-01,ECE,6,6.7768246712780345,93.04790595216448,90.94357711927422,0.0
H0500,2025-01,ECE,7,6.904179205494022,91.61497884417578,86.70691362620903,0.0
H0501,2025-01,Mech,6,7.0315827030482865,80.7250626065007,72.32708582407217,0.0
H0502,2025-01,Civil,4,6.294288324762579,74.44012523033805,91.64489029918109,2.0
H0503,2025-01,Electrical,6,7.3421238588765565,87.48012355613187,89.38810698012344,1.0
H0504,2025-01,e.c.e,4,6.397932302763115,88.74527072060543,74.78424026182016,2.0
H0505,2025-01,e.c.e,3,6.966550433533942,89.25017940231558,79.56168888505226,1.0
H0506,2025-01,Civil,4,6.858108253487326,81.90945898963015,86.69242305921698,1.0
H0507,2025-01,Computer Science,4,7.534716328523641,91.44666357011242,93.0934952519887,1.0
H0508,2025-01,CIVIL,3,6.787689201959302,98.14955053500276,81.7903472213472,4.0
H0509,2025-01,e.c.e,3,6.467612589326654,85.91215678229578,89.00107708773199,1.0
H0510,2025-01,Computer Science,8,6.805734870468809,73.10877533908528,72.70285494364195,1.0
H0511,2025-01,Computer Science,6,7.695724955697167,91.29955187574491,81.68833270467925,0.0
H0512,2025-01,Civil Engg,5,6.806692146216778,100.0,70.5016540213372,2.0
H0513,2025-01,Comp Sci,8,,79.8111420195838,83.16911709272128,0.0
H0514,2025-01,Computer Science,4,7.473370793798317,88.46734292328628,98.00138896237303,1.0
H0515,2025-01,CSE,5,6.929413331365634,84.27618266767671,99.5639395161605,2.0
H0516,2025-01,cs,8,7.654377860254367,90.58871792178198,90.7852311417,0.0
H0517,2025-01,Comp Sci,6,7.2578294522628495,89.27068351501391,,0.0
H0518,2025-01,Mech,5,6.879642507517121,95.2584313339415,83.66308650251071,0.0
H0519,2025-01,Computer Science,4,7.039278287560575,87.95851769135123,,0.0
H0520,2025-01,Civil,3,7.353965146064331,98.40785165131445,,0.0
H0521,2025-01,CIVIL,3,6.388680900958996,83.2781651316196,79.1598768635038,0.0
H0522,2025-01,e.c.e,3,6.538507525788427,82.26745394548571,94.11736953425338,0.0
H0523,2025-01,Comp Sci,7,7.212874966312077,83.11576784243942,80.38054333523294,0.0
H0524,2025-01,ME,6,6.344703303094929,69.34311660187683,77.56195939566311,
H0525,2025-01,Computer Science,5,7.553718314155704,91.02681955293217,88.16762839989724,1.0
H0526,2025-01,Electronics,7,7.250809544708158,100.0,89.33000541867834,0.0
H0527,2025-01,EEE,3,6.900823286816157,88.49340591519429,79.44099524663825,0.0
H0528,2025-01,E.E.E,4,7.014582265099431,91.71632877326842,85.84259061873698,1.0
H0529,2025-01,Civil,5,5.964217230805763,77.96538866687364,,1.0
H0530,2025-01,cs,8,7.451803941279156,86.28401937904701,100.0,1.0
H0531,2025-01,Mech,6,6.882778996918456,92.98409030633232,83.2303783036005,0.0
H0532,2025-01,Mech,8,6.38908560113966,100.0,82.97584282056661,
H0533,2025-01,e.c.e,4,6.8412191780909515,99.2068679760395,97.1490032108325,0.0
H0534,2025-01,ME,8,6.602279638429314,91.52812323926665,80.24774960678529,1.0
H0535,2025-01,Comp Sci,3,7.374869108582948,88.30167759295166,77.9513665923475,0.0
H0536,2025-01,Computer Science,4,7.256164530433582,89.3836725363458,88.6380587999671,0.0
H0537,2025-01,ECE,6,6.132171158198357,76.55295644654397,88.95297451105007,0.0
H0538,2025-01,Computer Science,3,7.132313946293448,74.93178118645753,88.1455927270685,2.0
H0539,2025-01,Computer Science,8,7.752229629077575,80.7993353785598,88.45552745385123,0.0
H0540,2025-01,CIVIL,8,6.127386824902932,82.67522800733954,70.95652930129778,2.0
H0541,2025-01,EEE,6,6.389042098612172,82.05711523294184,82.944005495767,2.0
H0542,2025-01,Mechanical,4,6.498650737592658,73.21490727358614,92.60055478964755,0.0
H0543,2025-01,CIVIL,3,,,78.93046516627527,0.0
H0544,2025-01,EEE,6,7.051119502141377,84.26310833492921,84.21802410941099,2.0
H0545,2025-01,cs,6,7.100202813517878,78.03966557761873,83.87156038944227,0.0
H0546,2025-01,ECE,7,,84.69317698799642,81.9476510166899,1.0
H0547,2025-01,e.c.e,6,6.432924688228017,81.86606357697998,85.13139445319115,0.0
H0548,2025-01,Computer Science,3,7.6381098487814,84.95623507148531,92.31842435906516,1.0
H0549,2025-01,Civil Engg,3,6.140415227614505,90.87312965587877,85.38687456040338,0.0
H0550,2025-01,Electronics,7,,72.06716858832142,79.60540481209992,0.0
H0551,2025-01,ECE,3,,69.07394758269542,72.43580961527297,1.0
H0552,2025-01,CSE,8,6.938872411232107,,87.62883193093376,2.0
H0553,2025-01,Comp Sci,3,7.426858849676486,88.72701632454326,83.61376543965324,1.0
H0554,2025-01,E.E.E,7,6.9022396612941055,89.27053817121111,97.97412487973746,0.0
H0555,2025-01,CSE,8,7.228676170925358,83.20898315568924,99.88039050882142,
H0556,2025-01,cs,5,7.4747092781918285,81.82908633120397,100.0,0.0
H0557,2025-01,cs,3,7.151428730823978,87.3232555716695,79.95979396820138,0.0
H0558,2025-01,ECE,8,7.030450470311748,83.04446143765793,89.66780922899933,1.0
H0559,2025-01,Mechanical,4,7.010721210478331,98.7050709849532,91.47960068498186,1.0
H0560,2025-01,e.c.e,6,6.737409911670019,82.91022818943347,89.84612890290147,2.0
H0561,2025-01,Comp Sci,8,,87.179341644287,84.29769210586818,0.0
H0562,2025-01,Comp Sci,7,7.423997995586796,100.0,96.72874285764293,1.0
H0563,2025-01,Civil,3,7.057730464283916,84.90856783143258,85.56775119286226,0.0
H0564,2025-01,ME,7,7.432847438425365,93.29658858714501,89.00056545113718,1.0
H0565,2025-01,Mechanical,3,6.881286543641126,92.25006263142296,75.45339214618093,1.0
H0566,2025-01,ME,7,7.143799560997767,92.98839732070567,90.79301790270154,0.0
H0567,2025-01,CIVIL,6,7.9380181557786935,92.78030483019498,88.00581849235839,
H0568,2025-01,CSE,4,7.619627146685653,90.66336095619344,,0.0
H0569,2025-01,ECE,5,6.990287628331589,87.16598784901286,87.09999699763598,2.0
H0570,2025-01,ECE,3,6.974574840097981,82.10087252418643,87.08930136150677,1.0
H0571,2025-01,Computer Science,8,6.92005235767064,,85.50494215038495,0.0
H0572,2025-01,Civil Engg,4,6.6808418195386885,100.0,89.40044339343966,2.0
H0573,2025-01,ECE,4,6.644014446601476,94.48823867666803,82.39738787376142,1.0
H0574,2025-01,Civil Engg,6,6.929357001125587,89.0513361919179,75.54160954555798,0.0
H0575,2025-01,Civil,7,6.842169805925627,92.17231344934953,88.33007598008591,2.0
H0576,2025-01,ECE,6,6.7124343371702935,78.86429462527681,79.20917668041535,0.0
H0577,2025-01,Electrical,6,7.080586311597037,,,0.0
H0578,2025-01,Mech,6,7.268473784027448,94.54226116693147,78.93438990202475,0.0
H0579,2025-01,Civil,8,6.817627481463632,97.24262696787557,86.35163537038915,1.0
H0580,2025-01,CSE,5,7.092540599385699,81.07782834565378,85.71877661558064,0.0
H0581,2025-01,e.c.e,7,7.201831841235842,83.51935122696852,71.61848034146743,2.0
H0582,2025-01,Electronics,7,7.059436982661313,100.0,83.25454558255989,0.0
H0583,2025-01,Computer Science,8,6.478336449799331,86.54023550933655,93.0061071200871,1.0
H0584,2025-01,e.c.e,8,6.551619247445296,99.69367832782248,80.95483168610043,1.0
H0585,2025-01,E.E.E,7,6.821828817652753,87.51554539088274,83.75973010219501,0.0
H0586,2025-01,Mechanical,4,6.999797023805244,88.79609906306911,93.24937398605339,0.0
H0587,2025-01,cs,7,7.71818783100857,87.28948275325095,94.61739531893056,1.0
H0588,2025-01,CSE,7,7.604904977965166,96.2875930839332,95.14921969553677,1.0
H0589,2025-01,Computer Science,4,,100.0,69.09534058230695,3.0
H0590,2025-01,cs,7,7.265529305297609,80.12099762261865,99.76241109709008,0.0
H0591,2025-01,EEE,4,6.573134108158129,81.71907917335211,87.96273221185216,0.0
H0592,2025-01,e.c.e,6,6.639362663107424,92.50913677910378,100.0,0.0
H0593,2025-01,Comp Sci,7,,87.29352201668354,82.07562297813539,0.0
H0594,2025-01,ME,4,6.722849416195124,81.59829643295504,,0.0
H0595,2025-01,Computer Science,5,6.979070019446103,93.40655990645675,84.4027667176112,0.0
H0596,2025-01,CSE,7,6.961996321454945,96.50158938518624,84.92462168901842,0.0
H0597,2025-01,Mechanical,5,6.743071910205286,82.0913871782383,89.31007338249353,0.0
H0598,2025-01,ME,8,6.671077819755197,86.85577448665208,91.69179682570291,0.0
H0599,2025-01,Electrical,3,6.589874572497012,75.54345415483539,83.61427700938405,1.0
H0600,2025-01,Mechanical,7,7.048776079636999,79.20473912518763,83.77486918226262,1.0
C0001,2025-01,Electronics,7,6.489955905979334,84.89396428746544,86.48639066237118,2.0
C0002,2025-01,CIVIL,8,6.194454670898451,83.2870878136656,,1.0
C0003,2025-01,EEE,3,6.61565972256592,77.31662384558716,81.67520004511687,2.0
C0004,2025-01,Mech,8,7.024005221817829,81.07568879086071,93.18365677197,1.0
C0005,2025-01,E.E.E,5,7.3480691653825865,79.73754107754698,96.29353410466256,
C0006,2025-01,Civil Engg,5,7.034340120308068,90.4723308318799,,0.0
C0007,2025-01,CIVIL,5,6.233547791863887,67.54637100467136,80.99570889434166,0.0
C0008,2025-01,Comp Sci,6,7.318965383969216,79.84140376150002,72.15110012357474,0.0
C0009,2025-01,Mechanical,6,6.950207481157879,71.10066676754484,84.03370315546702,1.0
C0010,2025-01,e.c.e,5,6.684525673211428,89.2318708400185,79.6324929876923,0.0
C0011,2025-01,ME,3,6.832676925622028,72.02753627044741,84.6379565158699,1.0
C0012,2025-01,ME,8,6.239210705200711,84.40948149760862,78.40172152092266,0.0
C0013,2025-01,Electrical,4,,98.81847748887179,84.60392539882604,2.0
C0014,2025-01,Electrical,3,6.9471517856045,99.64948030706462,78.07121294940295,0.0
C0015,2025-01,cs,6,7.719616935568213,75.1531711980227,79.94210514452149,2.0
C0016,2025-01,ME,5,6.316458853081906,86.7182707006325,91.84523385808676,0.0
C0017,2025-01,Mech,6,6.863388871210602,77.1446075630488,77.27253316945837,0.0
C0018,2025-01,Computer Science,8,6.3506017029968875,74.49639886820242,82.97990767427126,2.0
C0019,2025-01,cs,3,7.172673008201129,86.41343776594441,93.15754782068919,0.0
C0020,2025-01,Comp Sci,4,7.288980946741539,97.3003757990356,93.03911186341566,2.0
C0021,2025-01,CIVIL,6,6.2947078514458665,88.79142539339914,88.49103546068616,1.0
C0022,2025-01,e.c.e,7,6.762405329559908,80.13971170875337,87.03829401390159,0.0
C0023,2025-01,E.E.E,6,6.7719197117362615,91.15215792380872,89.61403483392189,1.0
C0024,2025-01,e.c.e,5,6.322171911903601,64.09207148776183,90.45613761391269,2.0
C0025,2025-01,Electrical,6,6.881562758397858,79.91585866418434,87.97721154639457,0.0
C0026,2025-01,Electronics,8,6.637849892299527,77.54675713639728,70.21999903257515,1.0
C0027,2025-01,Civil,5,7.084671913139714,86.99152564463651,81.75622500838939,1.0
C0028,2025-01,cs,8,6.965513267674309,84.65846057554737,90.24108040587046,0.0
C0029,2025-01,Mech,7,6.661798795890147,84.51549154922715,80.30073944876615,1.0
C0030,2025-01,CIVIL,4,6.798063268187912,,95.50502858368118,1.0
C0031,2025-01,Electrical,4,6.696312418734849,86.25664339670946,84.70695236955153,0.0
C0032,2025-01,Civil,7,7.005749062019222,90.11744594796666,85.4462328259703,2.0
C0033,2025-01,Computer Science,4,7.304693175728681,89.09276463316026,94.96453357827609,
C0034,2025-01,ECE,5,5.914277864408733,80.90555657254384,80.77911323124061,0.0
C0035,2025-01,Comp Sci,4,6.812116481384818,89.18738369598712,86.27222987148278,1.0
C0036,2025-01,cs,6,7.244113309828475,93.98936642015187,92.83293433031886,1.0
C0037,2025-01,ME,4,6.738659175859873,81.13875205702986,74.3201954841625,1.0
C0038,2025-01,ME,6,6.642913915799538,84.16678763777998,81.62105631199263,1.0
C0039,2025-01,Civil Engg,8,6.886821275577337,95.87996129503534,91.49442911102734,0.0
C0040,2025-01,Civil Engg,7,6.515554793541398,76.33814163410274,84.63010989412254,1.0
C0041,2025-01,Mech,8,6.423672097961458,98.51772252851983,93.29011530691278,0.0
C0042,2025-01,Civil,3,6.676454177529021,74.44875854062744,73.14133472047187,2.0
C0043,2025-01,CSE,5,7.407244820583315,85.89281235256067,76.06943214938887,1.0
C0044,2025-01,CSE,4,7.630984589185667,81.21017345714061,93.45361194398433,1.0
C0045,2025-01,Mech,8,7.3254078111809084,100.0,93.85632744627787,0.0
C0046,2025-01,Civil Engg,7,6.573461603878685,80.5196675587174,82.16348226097142,0.0
C0047,2025-01,Comp Sci,4,7.352438864982995,84.17754185576685,90.1993166488482,0.0
C0048,2025-01,ECE,6,6.732337467130469,83.30515529672124,90.57233707407647,1.0
C0049,2025-01,ME,6,,86.32793130241032,78.9036069875804,1.0
C0050,2025-01,Comp Sci,5,7.196212970853806,84.88399218883178,81.73102288939397,0.0
C0051,2025-01,e.c.e,5,6.46550398812195,,83.36533119813213,3.0
C0052,2025-01,Civil Engg,3,6.660720281759302,56.5617559453016,90.11042066004698,0.0
C0053,2025-01,ME,5,6.187127976531414,84.36619738798407,,1.0
C0054,2025-01,CSE,5,6.392429093792357,85.72304744912321,83.23366735216692,0.0
C0055,2025-01,Civil,7,6.57947883657582,92.65535620366798,81.59360312406234,2.0
C0056,2025-01,cs,8,6.991972279780357,97.12331812602805,88.6865996444117,1.0
C0057,2025-01,Civil Engg,7,7.111277207193776,85.01779931770201,85.55987280603031,0.0
C0058,2025-01,cs,3,7.474695992609629,95.77655229731914,84.708649200236,1.0
C0059,2025-01,ME,8,6.495667748389717,75.36383987535167,91.86144325880596,0.0
C0060,2025-01,e.c.e,5,6.780460794866251,91.32887864843191,80.4280135293082,0.0
C0061,2025-01,CSE,5,6.665919431675834,80.79346141409614,82.35347778650076,
C0062,2025-01,Civil Engg,8,6.545850749008329,75.34383483342181,72.66902543225571,2.0
C0063,2025-01,Comp Sci,8,7.512675204977627,87.44368706797378,83.19490845525866,1.0
C0064,2025-01,cs,3,7.723849422952175,100.0,92.51842818892503,0.0
C0065,2025-01,Comp Sci,5,7.11871344086661,88.62499514018296,88.5662945972426,
C0066,2025-01,Mechanical,7,7.25502876171577,99.2285765867579,90.60373509614656,
C0067,2025-01,CIVIL,6,6.184075604758242,77.22292351308985,85.95051357347707,2.0
C0068,2025-01,EEE,4,6.1739228456441,92.01779505273244,97.1579835515045,1.0
C0069,2025-01,Comp Sci,6,7.855618697146838,84.2004371404841,83.47722014214325,0.0
C0070,2025-01,e.c.e,8,7.282336381612043,90.03464530690074,76.11151745994273,0.0
C0071,2025-01,CSE,4,7.474488145818164,90.81061801066464,80.99509476764793,
C0072,2025-01,Mech,7,6.747983766184433,90.82839461260231,79.64666193980172,0.0
C0073,2025-01,EEE,7,6.009747421875704,84.14851055851814,74.13180274952431,0.0
C0074,2025-01,Mechanical,8,6.015741493286188,76.50116958415698,81.89791487936093,0.0
C0075,2025-01,ME,4,6.813201270279673,92.84627563735151,93.62599236088421,0.0
C0076,2025-01,Electronics,4,6.639906597878708,98.88930405002856,94.81606822590983,1.0
C0077,2025-01,Electrical,6,6.403936005489255,79.18788221006147,86.31235640691067,0.0
C0078,2025-01,Electronics,6,6.510037908212039,71.02135720324706,99.73900024397258,1.0
C0079,2025-01,cs,5,7.636001135468675,92.4758884506551,85.21880930144818,1.0
C0080,2025-01,e.c.e,7,7.082870956364948,84.43801184053375,74.79898536513066,1.0
C0081,2025-01,Computer Science,7,7.487485513388083,87.46632574810263,95.12173831067851,1.0
C0082,2025-01,Comp Sci,4,7.6345658679329516,94.68414317597475,76.71354179655832,0.0
C0083,2025-01,Computer Science,7,7.316277878992174,84.6614511579346,82.24840881074337,0.0
C0084,2025-01,ECE,4,6.648954847858983,,88.08702283568324,0.0
C0085,2025-01,ME,5,7.318876116927539,86.47533555784662,85.7113741125538,1.0
C0086,2025-01,CSE,3,6.957248059165192,98.51698711781488,84.53954998142984,0.0
C0087,2025-01,e.c.e,5,7.846026207075967,90.27331157180285,81.10274149174711,1.0
C0088,2025-01,Electrical,8,6.823289663037574,76.30564188159292,85.19481583728675,0.0
C0089,2025-01,CIVIL,5,6.848975965734712,76.63277822409042,92.30543056593184,1.0
C0090,2025-01,Electronics,7,6.924317571066327,87.54086553228365,85.6619366520261,3.0
C0091,2025-01,Comp Sci,3,8.18105918158559,82.2210659431195,84.86200812106974,
C0092,2025-01,CIVIL,6,6.820595275001798,74.34977127799107,77.23864322742867,1.0
C0093,2025-01,CSE,5,6.650350780715694,90.85632476054091,79.15634387458435,1.0
C0094,2025-01,CSE,7,7.627538014785848,95.98645307895796,92.62416651330992,0.0
C0095,2025-01,Electrical,8,6.52018594282287,82.11799561622327,86.47250958305034,0.0
C0096,2025-01,Electronics,6,6.71011226935071,88.1180435689356,79.21647081820038,0.0
C0097,2025-01,Mech,3,6.12852335924781,85.09014814738796,67.01553737287114,0.0
C0098,2025-01,Mechanical,5,6.866072976749603,91.24812326629782,,1.0
C0099,2025-01,Mech,3,6.300253260764347,89.412084724662,77.26173939985976,2.0
C0100,2025-01,cs,5,7.282900726445593,,92.511722344936,1.0
C0101,2025-01,Computer Science,3,7.414615796112949,85.9285523986976,81.74994617609963,0.0
C0102,2025-01,cs,6,8.09218504904128,95.47512866815902,83.83871833122755,1.0
C0103,2025-01,cs,4,8.08628722571166,88.13840724441718,91.92240065506168,3.0
C0104,2025-01,Civil Engg,4,6.665946182821665,85.96287935716683,100.0,1.0
C0105,2025-01,CSE,3,7.2080620038937315,94.40636474883055,92.8706924929157,2.0
C0106,2025-01,Mechanical,8,6.5025962327135565,85.65922919401682,84.96615091097378,1.0
C0107,2025-01,Civil,8,7.151917022798453,99.40531524699583,89.01005132439145,1.0
C0108,2025-01,Civil Engg,7,6.759059258950518,,71.82960358744074,1.0
C0109,2025-01,e.c.e,3,6.730816043930243,83.98788056866155,76.07577078332733,1.0
C0110,2025-01,Electronics,5,7.188180985780737,85.55691439447409,,1.0
C0111,2025-01,E.E.E,8,6.493088492951019,61.94958608326536,95.84477478190439,0.0
C0112,2025-01,Mechanical,6,6.759731717831493,82.92851824561936,,0.0
C0113,2025-01,Civil,3,6.177980122866683,72.28328437743598,84.7331275705659,1.0
C0114,2025-01,Electrical,3,6.992323849173738,88.47893612957397,,1.0
C0115,2025-01,Civil Engg,4,7.693758776348831,89.87983111817147,77.03952644034247,1.0
C0116,2025-01,CSE,8,7.410988852039493,95.00277601037388,87.19655890454881,1.0
C0117,2025-01,ME,4,7.253468490730886,99.07569746447254,99.64256575030672,2.0
C0118,2025-01,Computer Science,8,7.219274121201472,,87.01846039859208,0.0
C0119,2025-01,Mech,7,6.6768065193058455,100.0,81.08449953032411,0.0
C0120,2025-01,Electrical,8,6.362644335438763,85.97413468087746,70.74899670703414,1.0
C0121,2025-01,e.c.e,7,6.626797439338413,74.75953811597631,93.91949397753899,1.0
C0122,2025-01,e.c.e,4,7.013479250426899,82.31965807594925,85.44672867475862,0.0
C0123,2025-01,cs,7,7.214122355433408,,75.39392165647374,2.0
C0124,2025-01,E.E.E,4,6.347009969330137,88.1121075986301,75.79690330752915,2.0
C0125,2025-01,Computer Science,4,6.989694286963363,78.65082995694364,76.36798498118966,1.0
C0126,2025-01,CSE,4,6.947597662980383,83.74085974542686,84.27743991511169,1.0
C0127,2025-01,Computer Science,3,7.437563565563926,87.78571558278617,89.79701313838824,1.0
C0128,2025-01,cs,3,8.102744382374308,87.9656674324149,87.46482336995354,1.0
C0129,2025-01,ECE,4,7.138927556651784,94.23719478773809,92.36825602532853,1.0
C0130,2025-01,ECE,3,6.066493581006296,87.74439441906779,82.0063605487417,0.0
C0131,2025-01,CSE,5,8.125792729584928,99.87073168329157,97.34359427286213,1.0
C0132,2025-01,cs,3,7.709223591266677,87.12662920790846,86.59279415401956,0.0
C0133,2025-01,Comp Sci,3,6.686641829946473,95.48637312697542,100.0,1.0
C0134,2025-01,e.c.e,8,6.685519675030995,74.2104807658646,80.17920021960866,0.0
C0135,2025-01,Computer Science,3,7.591217332895936,78.91837339018704,83.03716770902184,1.0
C0136,2025-01,Mechanical,3,6.818770481725374,76.75651929099257,78.38062444770014,1.0
C0137,2025-01,Comp Sci,3,6.786881955350349,86.31186883354563,83.84413522610804,0.0
C0138,2025-01,cs,3,,98.88094382800105,76.50929418567712,2.0
C0139,2025-01,ECE,6,6.134311070842498,77.41629991605603,83.11093890537929,
C0140,2025-01,Electronics,7,6.7614200222469965,81.43550783346689,70.92853235777423,4.0
C0141,2025-01,cs,7,7.831044308679696,88.36413826933037,90.5634638409927,
C0142,2025-01,Computer Science,6,7.244567027579096,92.91159587662607,78.09214007348534,1.0
C0143,2025-01,Civil Engg,3,6.530414134861041,80.99317093197335,81.13273106440327,0.0
C0144,2025-01,Comp Sci,7,7.713911321646305,,93.24588450026405,0.0
C0145,2025-01,ECE,3,7.035764737033694,76.37207200189984,100.0,0.0
C0146,2025-01,e.c.e,6,7.195109919667301,83.08954362684848,79.29486303854837,0.0
C0147,2025-01,Computer Science,5,7.728982893059829,99.09678334828573,87.93667313380517,0.0
C0148,2025-01,Electronics,8,7.106628456133844,88.03057336827882,81.3903989303856,1.0
C0149,2025-01,Civil,4,7.053645145795381,80.8354948959808,79.78219411856948,3.0
C0150,2025-01,CIVIL,6,7.054062441913113,95.90735940418992,80.08127482072885,3.0
C0151,2025-01,Computer Science,5,7.380705094038895,83.75926865814651,93.43884044906177,1.0
C0152,2025-01,CSE,6,7.428479635482214,99.2859605782813,83.70501262230371,1.0
C0153,2025-01,Comp Sci,8,7.012795505505978,97.61937576163173,100.0,1.0
C0154,2025-01,ECE,7,6.259571932694655,84.54347738460615,85.94693145644585,0.0
C0155,2025-01,Mechanical,5,6.5390384878110535,73.16743097197853,77.09614104213033,1.0
C0156,2025-01,CSE,5,7.354476749892462,100.0,85.35870335311654,1.0
C0157,2025-01,CSE,7,7.771704219269558,,84.32763623436723,1.0
C0158,2025-01,Electrical,5,6.744536200710753,82.94307316833134,,1.0
C0159,2025-01,Comp Sci,4,7.794973987577,97.52949847633278,77.7343825727177,0.0
C0160,2025-01,e.c.e,5,7.298379489755809,92.91834445505137,77.0665906397553,0.0
C0161,2025-01,Mechanical,3,6.725974631455933,95.72297809273168,80.11034654863883,3.0
C0162,2025-01,cs,4,7.524660027253179,83.93785477346886,93.29970710707019,
C0163,2025-01,Comp Sci,5,7.034896236160713,90.46423063647848,95.74229481366163,1.0
C0164,2025-01,CSE,7,7.8412183119775465,80.89540219121409,99.40498363746174,0.0
C0165,2025-01,E.E.E,7,6.995637591636475,91.93212842369871,89.41682744791947,2.0
C0166,2025-01,CSE,4,6.97528213628375,86.24142512934833,,
C0167,2025-01,CSE,5,7.679282463978246,90.80247537103679,93.35374210181642,0.0
C0168,2025-01,Computer Science,3,8.095710842181527,89.72497886414884,82.27732410984214,0.0
C0169,2025-01,CSE,7,7.400776448098653,86.00665055588206,74.30293130784796,0.0
C0170,2025-01,Mech,4,6.8112510049246815,79.35930178028202,88.44862429436513,1.0
C0171,2025-01,Comp Sci,7,7.499498223305091,95.48320088691302,81.3973275273598,3.0
C0172,2025-01,Mechanical,8,6.395800632460969,95.88495122774727,82.4413264042451,0.0
C0173,2025-01,Mech,7,6.855698927343488,81.9510181487306,86.33537846578841,0.0
C0174,2025-01,Civil Engg,4,6.342213439786095,87.83303367531421,84.0351938588299,0.0
C0175,2025-01,Comp Sci,8,7.193860624665396,90.77211102969973,93.033492270921,2.0
C0176,2025-01,Civil Engg,7,,87.35904616459423,92.27174090343236,0.0
C0177,2025-01,Mechanical,6,7.03848270669946,73.94912529031792,86.60435103789187,1.0
C0178,2025-01,CSE,8,7.275710007345778,77.40766864391448,83.9143703197,1.0
C0179,2025-01,Civil Engg,8,6.718772819826746,80.05532049924861,86.14438913642616,0.0
C0180,2025-01,CIVIL,3,6.742806570284308,68.39331692121021,80.36557210704693,0.0
C0181,2025-01,Comp Sci,8,7.408147250533889,99.58405698044905,86.16612942990787,0.0
C0182,2025-01,E.E.E,7,7.116621567724336,89.57611501302193,100.0,0.0
C0183,2025-01,ECE,4,6.47492412239411,84.2147074212689,84.69335010187744,1.0
C0184,2025-01,Mechanical,4,6.883470334037806,68.14164328460602,87.85948028059471,1.0
C0185,2025-01,EEE,7,6.683163170300097,70.51721075333131,79.17702488984828,0.0
C0186,2025-01,ECE,4,6.057232265805401,83.08394357950894,89.11670024568065,0.0
C0187,2025-01,Civil Engg,5,6.278020472494844,99.91420190777916,88.41554128814514,0.0
C0188,2025-01,Comp Sci,7,8.053579440890262,85.18077158714088,95.52605471365283,0.0
C0189,2025-01,Civil Engg,6,7.048171261510644,93.11632333577126,86.79057389577744,0.0
C0190,2025-01,Mech,8,6.34549320215808,79.67612916389312,89.65570232401305,3.0
C0191,2025-01,cs,3,7.010360774994659,86.31585593234968,93.8340010250178,1.0
C0192,2025-01,Electronics,4,6.857535816846289,95.14081264846928,86.43325708325929,
C0193,2025-01,Comp Sci,8,7.998450734149334,87.99125574842061,89.34050686273423,0.0
C0194,2025-01,cs,6,7.195277274170436,82.48501667326609,93.468243264332,1.0
C0195,2025-01,cs,4,8.035221293815287,100.0,83.38688210380053,0.0
C0196,2025-01,CSE,4,7.557531941651523,89.21875353294816,83.08552173066806,0.0
C0197,2025-01,cs,5,7.488637007292668,97.77186019579658,,1.0
C0198,2025-01,Comp Sci,6,6.822305421106765,80.7142490507678,73.08649006530129,4.0
C0199,2025-01,Mech,4,7.128947076394078,98.32999227344368,,2.0
C0200,2025-01,Mechanical,6,6.4522466967736225,87.26150023757096,77.33691696511958,0.0
C0201,2025-01,ME,5,7.156043151806162,90.43767162415445,82.78955817155403,0.0
C0202,2025-01,CSE,6,6.970612008541576,88.07071676980526,84.65923726050494,0.0
C0203,2025-01,CIVIL,3,6.876440244687384,81.8350528663561,85.2124506548105,1.0
C0204,2025-01,Mech,6,6.830606593395192,86.140942168492,82.82579202765392,2.0
C0205,2025-01,Comp Sci,8,7.284358093671481,84.51667562247808,86.7896266975401,0.0
C0206,2025-01,Comp Sci,3,7.420761632848346,96.61352718026897,87.78224249765184,1.0
C0207,2025-01,Mechanical,4,6.657413491940925,83.55596727002249,81.0632362102867,0.0
C0208,2025-01,Comp Sci,7,7.369554631957634,75.30567306660879,81.01721841141928,0.0
C0209,2025-01,e.c.e,6,7.498126339223725,,94.90752955358307,0.0
C0210,2025-01,EEE,7,7.1796709778259595,73.43835554595587,71.6714008996203,0.0
C0211,2025-01,Comp Sci,6,7.100662027365343,92.04540408698065,84.80174111525268,1.0
C0212,2025-01,CSE,7,7.67025964984126,79.98326529032397,85.19269013020944,0.0
C0213,2025-01,Electrical,6,6.645658848147503,86.8309670105542,86.32383993118746,0.0
C0214,2025-01,Mech,3,6.255782168853283,84.82671782616315,72.46968022301422,1.0
C0215,2025-01,cs,7,7.722540640373777,89.41058111092516,85.75830247284505,0.0
C0216,2025-01,Civil Engg,5,5.954930143475239,86.4232847166643,81.06059449098407,0.0
C0217,2025-01,Civil,3,7.229171822983097,88.32622636060727,93.6876332074018,2.0
C0218,2025-01,Electronics,5,6.929350101523532,63.524124415449826,86.54072128244523,1.0
C0219,2025-01,Mech,5,6.705568603876586,82.67781217336025,76.00018423074268,1.0
C0220,2025-01,cs,3,7.2584117118797895,92.34618324341412,84.79604501792251,1.0
C0221,2025-01,Comp Sci,8,7.6464864461872315,100.0,94.69877347277517,1.0
C0222,2025-01,Mechanical,4,6.372289188171992,,74.84631940146596,0.0
C0223,2025-01,cs,4,7.541602030062787,78.52521372509929,88.1752691440935,2.0
C0224,2025-01,Mechanical,5,6.884868855083749,82.98075620288753,84.76661933619845,1.0
C0225,2025-01,Civil Engg,7,6.360927317557714,71.09279519156885,79.82934652853633,2.0
C0226,2025-01,CSE,7,7.251970877706458,100.0,100.0,0.0
C0227,2025-01,ME,7,7.175494979533424,95.87836411469371,84.07142853000614,1.0
C0228,2025-01,CSE,4,7.971908506012493,93.74533990214236,93.48503537662735,0.0
C0229,2025-01,Civil Engg,8,6.971936093861553,88.05858271081534,80.48103756724758,0.0
C0230,2025-01,CSE,7,6.8202713231087095,97.47025780893061,89.21445888387296,1.0
C0231,2025-01,ME,5,6.901804834082157,96.06330742944914,91.55973277408944,0.0
C0232,2025-01,Mech,6,7.10855243114134,96.2044634968272,81.95369806126075,
C0233,2025-01,Electronics,3,7.002625378143196,90.39642895198506,85.47627670544571,0.0
C0234,2025-01,ME,7,6.875112969250989,84.04247660857017,79.69176481575958,2.0
C0235,2025-01,ME,8,7.0158298323017005,92.30913800595532,77.23945528878662,2.0
C0236,2025-01,ME,5,6.41599830897611,92.01428580838281,91.77591529826613,
C0237,2025-01,Civil Engg,6,6.503507557830181,83.11672143721549,79.73993598569571,1.0
C0238,2025-01,Electrical,5,6.031298753978006,79.80076020768621,64.556182029361,3.0
C0239,2025-01,e.c.e,3,6.9066560836942426,95.20144193903921,97.5680912635338,2.0
C0240,2025-01,ECE,6,6.902517912214594,99.20596209890905,79.33790151589743,0.0
C0241,2025-01,Computer Science,7,,83.18301570513096,86.73211610970948,1.0
C0242,2025-01,Civil,8,6.216371122545228,81.3863552794799,93.87927213372814,3.0
C0243,2025-01,Electronics,8,7.0661457217402885,89.4233658973088,84.73143337873582,1.0
C0244,2025-01,Electronics,5,7.512588989663047,92.72870050601661,86.94827954354984,1.0
C0245,2025-01,Comp Sci,8,7.1920728207502815,84.24462808204485,79.05458490785315,1.0
C0246,2025-01,CIVIL,6,6.976481968929804,100.0,73.09256636634004,2.0
C0247,2025-01,e.c.e,6,6.705497809361171,89.46344083519634,83.99442010605108,0.0
C0248,2025-01,Mechanical,6,7.531657631325784,93.05199808168321,90.59399462003762,0.0
C0249,2025-01,Computer Science,8,7.058518476708767,100.0,87.93894961781959,2.0
C0250,2025-01,E.E.E,7,6.874198840567356,82.32755791813868,81.61256008481725,0.0
C0251,2025-01,Computer Science,3,7.030770676336431,86.33308454834298,86.31838012596855,0.0
C0252,2025-01,CSE,3,7.277818665841112,77.4118897324961,73.74056210168463,1.0
C0253,2025-01,Civil Engg,5,6.56539929536815,84.14309148705732,87.7778574276267,0.0
C0254,2025-01,E.E.E,6,7.2336636799238745,75.81061391405845,88.0333439593011,0.0
C0255,2025-01,CSE,7,7.932681749054762,97.11935502963013,100.0,0.0
C0256,2025-01,e.c.e,5,6.845573997571304,89.665797878347,85.44523632797619,0.0
C0257,2025-01,Mech,6,6.689641581436206,82.79030885492969,77.40863540029798,0.0
C0258,2025-01,Civil Engg,8,7.771756028449842,88.72267405241287,88.47273935733097,1.0
C0259,2025-01,ECE,5,6.579165240114244,91.01833301341793,81.62710987125554,0.0
C0260,2025-01,Electronics,5,6.663784160765185,,,1.0
C0261,2025-01,Mechanical,6,6.1547388142507975,84.4378076444087,81.84634011718404,
C0262,2025-01,Mechanical,5,7.1515041841270985,93.39492267323043,78.16580692896267,2.0
C0263,2025-01,CIVIL,8,7.077931706141024,72.86679418872686,74.81644957782564,0.0
C0264,2025-01,Mechanical,8,7.580293630745762,94.88754776499955,90.54227071910674,0.0
C0265,2025-01,cs,6,6.800067637223003,72.71900101416392,94.86740255575822,0.0
C0266,2025-01,E.E.E,5,7.331777734056388,86.95586315096735,87.64516214492694,
C0267,2025-01,CIVIL,6,6.822704973952716,76.40333460866485,90.45090914829655,1.0
C0268,2025-01,Civil,4,6.861257112087717,98.31958047578033,93.08391244364944,0.0
C0269,2025-01,CSE,5,6.595094881184712,76.44778256954169,86.61927732350718,1.0
C0270,2025-01,Comp Sci,4,7.934790772317545,77.41070973497477,,2.0
C0271,2025-01,Mech,3,6.947446491510797,87.90558101611816,87.32850473755643,1.0
C0272,2025-01,cs,3,7.392626426436862,84.92909285504513,95.90414135476252,2.0
C0273,2025-01,EEE,6,7.089501230054495,74.5792106537548,89.43302316247008,0.0
C0274,2025-01,e.c.e,3,6.349562304146546,88.60086649409725,88.59168529404961,0.0
C0275,2025-01,ME,6,6.397811499497263,68.75538936561139,80.42871696437996,0.0
C0276,2025-01,CIVIL,5,6.8087261871185465,76.58014695287501,82.44493673089096,
C0277,2025-01,ECE,5,6.163733742363898,78.08020745447155,80.69632601605777,1.0
C0278,2025-01,CSE,7,7.6213065941703855,96.07504876561143,88.60838825250408,0.0
C0279,2025-01,Mech,6,7.0749849106463465,97.84050687844275,94.8175854839132,0.0
C0280,2025-01,Mechanical,7,6.463276645713782,93.31764094274253,67.03152573002957,0.0
C0281,2025-01,ECE,7,6.749002375247089,84.92222942641523,85.43874919886015,1.0
C0282,2025-01,Mechanical,3,6.7830702947706385,65.7633077940977,83.63741737275889,0.0
C0283,2025-01,EEE,4,6.791685748295602,89.2438556600261,75.5909922661871,0.0
C0284,2025-01,Electronics,6,6.681572116162092,96.37615575888954,88.28804075087773,0.0
C0285,2025-01,cs,8,,96.77892864167052,80.9643443941583,2.0
C0286,2025-01,Electronics,3,7.013024188074232,90.96061002343717,83.90825726304776,
C0287,2025-01,e.c.e,3,6.696489104644771,75.9833817137213,97.47417077126916,
C0288,2025-01,CSE,8,7.762838119498546,87.2823655685669,97.98695858420723,2.0
C0289,2025-01,CSE,8,7.371716258477068,100.0,91.61920931486996,2.0
C0290,2025-01,Mechanical,4,6.4254583829417085,72.80759080913491,85.749627434722,2.0
C0291,2025-01,Comp Sci,5,,81.04970205518352,88.42850051529499,1.0
C0292,2025-01,Electrical,6,6.764423466093101,94.13392266785225,99.69538513335603,1.0
C0293,2025-01,CSE,4,7.763829465597373,85.99555080187764,94.35631983109167,0.0
C0294,2025-01,Comp Sci,4,7.885182153003489,80.72115509157999,84.27335974274133,0.0
C0295,2025-01,CIVIL,5,6.691766524797811,96.795615266977,73.74258627881548,2.0
C0296,2025-01,Civil,6,6.719134776734652,89.08802386350929,88.3940804548296,2.0
C0297,2025-01,cs,4,7.431660179071603,84.9755572003893,86.84088037395138,0.0
C0298,2025-01,Computer Science,5,6.741689427890704,77.10087551716177,75.34897864935859,1.0
C0299,2025-01,Comp Sci,4,7.3633091552691585,100.0,90.07727170771523,0.0
C0300,2025-01,ECE,7,7.145193278804895,87.50918309618314,85.00192736705242,2.0
C0301,2025-01,Electronics,3,6.654900116437094,97.15243201323126,88.75338249306596,2.0
C0302,2025-01,cs,4,6.763981673074531,93.32902176551966,88.35079847128677,0.0
C0303,2025-01,CSE,4,6.8261199425527845,81.68234043332185,80.64834163759603,2.0
C0304,2025-01,Electronics,8,7.253755715575782,84.11849337261027,91.86673712966652,
C0305,2025-01,EEE,8,,97.02826674231953,81.00292848432709,2.0
C0306,2025-01,Mechanical,6,6.3264179214039515,96.28046758697977,80.52217774215448,0.0
C0307,2025-01,e.c.e,3,6.4188511770521455,70.15313516132134,80.45379398862337,0.0
C0308,2025-01,Comp Sci,7,,90.37148237480774,92.95494396739079,3.0
C0309,2025-01,Computer Science,5,7.976539317857238,89.57165642269185,87.946793134799,1.0
C0310,2025-01,Computer Science,8,7.106515851535232,79.41435631979395,96.46677332880523,0.0
C0311,2025-01,CIVIL,5,7.248230577491983,89.8476261639256,99.42162865790857,0.0
C0312,2025-01,Civil Engg,8,6.910418947280719,74.88457712236337,79.55574092229034,1.0
C0313,2025-01,E.E.E,7,7.320640264093826,84.11987002277648,66.59464651439643,2.0
C0314,2025-01,EEE,4,6.877629846207097,79.61650397383312,92.38281356129129,0.0
C0315,2025-01,EEE,7,7.200049921761688,82.94551133077081,83.67962759209907,2.0
C0316,2025-01,EEE,4,6.933997069106772,86.16074359829321,79.78477142550446,2.0
C0317,2025-01,Computer Science,5,7.591893287027945,81.15715013410296,84.44610224823253,1.0
C0318,2025-01,Computer Science,4,7.489635230418862,100.0,85.20083317210475,0.0
C0319,2025-01,Comp Sci,7,7.25577080363902,91.87952598927096,96.209162431782,1.0
C0320,2025-01,ME,4,7.393625480680011,100.0,88.97730895706502,0.0
C0321,2025-01,Comp Sci,6,7.0613162437558525,85.5909344958498,94.98153627579582,0.0
C0322,2025-01,CIVIL,6,6.775636574338368,81.2164648383136,88.10677767408596,0.0
C0323,2025-01,Mechanical,7,6.649398739218515,99.69077016939619,82.50039320269536,0.0
C0324,2025-01,e.c.e,8,7.007069772858286,81.60936626752417,82.58360004315232,1.0
C0325,2025-01,CSE,3,7.102518349004973,86.19724440680316,90.72974721014444,0.0
C0326,2025-01,cs,8,7.453973193610694,94.55610471528212,93.79175319871945,2.0
C0327,2025-01,CSE,3,7.275471438452555,78.13226646192709,94.21389325676509,
C0328,2025-01,CIVIL,6,6.25928905241584,88.79878226338451,80.15155019107412,0.0
C0329,2025-01,Mech,5,6.519050827363816,90.28182138017135,85.8824888357428,0.0
C0330,2025-01,Mechanical,6,6.491711311230982,94.02121214478018,86.87933310529664,1.0
C0331,2025-01,Computer Science,7,6.681726141429424,,81.91847673752781,1.0
C0332,2025-01,Electronics,8,6.964301257614531,96.21540230310634,76.9253669421388,1.0
C0333,2025-01,Electronics,5,6.883379378764909,85.48504105961354,79.815746547678,0.0
C0334,2025-01,Civil,8,6.94848308444852,79.52818686665822,83.83760461289978,0.0
C0335,2025-01,Civil Engg,4,7.198164072265104,100.0,90.2282967623352,0.0
C0336,2025-01,CSE,4,6.660313257615545,73.0426073678428,93.08609291382449,1.0
C0337,2025-01,Electrical,5,6.4423060613932,72.04429370755528,72.8611610999731,1.0
C0338,2025-01,cs,6,8.065417913152531,95.92932058705217,86.65410091633707,2.0
C0339,2025-01,Civil,7,6.453327193608256,96.95053458829747,80.37565180362782,0.0
C0340,2025-01,Comp Sci,7,7.592189391627206,90.77848139135361,94.10923215845614,2.0
C0341,2025-01,Computer Science,4,7.231314027572969,95.21250284349395,82.66917104788187,1.0
C0342,2025-01,Civil,4,6.715621665201281,69.75906274457074,81.7657238573372,0.0
C0343,2025-01,cs,8,7.03027520644194,83.30626493397,76.5721849001288,1.0
C0344,2025-01,Electronics,5,6.889910261271632,71.49284486137987,88.96724035157382,1.0
C0345,2025-01,Electronics,4,6.829836186219736,92.05870690060308,83.73998699491617,0.0
C0346,2025-01,Comp Sci,8,7.186600324958478,75.21609299379821,82.1885579354205,0.0
C0347,2025-01,Mechanical,5,6.487672743288293,73.72342814324172,81.05911826756174,0.0
C0348,2025-01,Civil Engg,8,7.020288773100961,90.13394600074193,92.97882916530627,2.0
C0349,2025-01,CIVIL,8,6.228447819866892,92.18456270764976,75.56842405936955,0.0
C0350,2025-01,cs,8,7.431544509748621,87.70153777550658,82.34655073303783,1.0
C0351,2025-01,ECE,6,7.5169209879653724,94.29809376460119,97.81826177944133,0.0
C0352,2025-01,cs,7,8.086204276832795,94.7288231657224,90.31870948225217,1.0
C0353,2025-01,Computer Science,8,,,93.4151031269656,3.0
C0354,2025-01,cs,4,7.397613724196788,79.40752464296769,90.18844310983468,0.0
C0355,2025-01,E.E.E,3,5.93061157434504,87.06559586754659,81.13555372057644,0.0
C0356,2025-01,Civil Engg,4,6.307059362754111,88.42216445265788,79.9804650208478,3.0
C0357,2025-01,Civil Engg,6,7.28008725776552,94.77259397308383,92.61599815563929,1.0
C0358,2025-01,ECE,6,6.4632544490921955,86.85266556643465,91.44956576006845,
C0359,2025-01,ECE,3,6.654346440621751,75.15067863755701,91.05457490419708,0.0
C0360,2025-01,e.c.e,6,6.989442068587731,90.8618217917511,76.06340576531706,0.0
C0361,2025-01,Electronics,4,6.284636270152431,83.91622850048995,91.99013941004809,2.0
C0362,2025-01,ECE,6,6.217980473389724,79.80593968849443,80.07348174656973,0.0
C0363,2025-01,Computer Science,6,7.247003346663073,85.86341663781955,82.14999679491336,0.0
C0364,2025-01,Comp Sci,6,7.250708590066766,81.37378368176851,84.83693663877168,1.0
C0365,2025-01,Electrical,5,6.635726135120949,91.54364596768367,89.21298783271257,0.0
C0366,2025-01,ECE,5,6.48031980271331,73.0247062651783,87.11084836426947,1.0
C0367,2025-01,E.E.E,7,6.957213234570168,78.47482985833794,83.72986027626203,0.0
C0368,2025-01,CSE,7,7.190770773183018,85.30421896009625,92.99368990811361,0.0
C0369,2025-01,Mechanical,7,6.814303070166333,98.22875593647919,85.31902315925437,0.0
C0370,2025-01,CSE,5,7.533342845165082,97.67443418100427,84.51206884870331,0.0
C0371,2025-01,cs,5,7.28907695238387,74.94956119105531,82.3251264774592,0.0
C0372,2025-01,Computer Science,4,7.3456659536235,98.67252702469985,89.92417757994328,0.0
C0373,2025-01,Comp Sci,6,7.512098231879572,99.83632104589249,,3.0
C0374,2025-01,Electrical,3,6.975673326025429,77.26034499542213,76.13403630328136,0.0
C0375,2025-01,CSE,5,7.319793299835477,67.89669307350238,93.20304697231205,2.0
C0376,2025-01,ME,4,6.893655371122351,85.14918426782438,81.41349586267152,0.0
C0377,2025-01,ECE,6,6.693952588651395,,94.47142994996958,0.0
C0378,2025-01,Electronics,8,6.539019282761946,96.97451996541749,73.37312259140062,1.0
C0379,2025-01,ECE,8,7.135599332523294,79.84478920070772,84.66720762857415,0.0
C0380,2025-01,Computer Science,5,7.501747234438482,100.0,83.36765887400037,2.0
C0381,2025-01,E.E.E,3,6.844418709865555,68.4936358739725,78.57694373389847,
C0382,2025-01,Civil Engg,4,6.946777369922146,83.09794068860839,81.70430028855024,2.0
C0383,2025-01,Mechanical,3,6.806720045487302,82.33508480568257,97.11159476662799,1.0
C0384,2025-01,e.c.e,7,6.843028723937999,95.9155449274403,86.81356316713877,1.0
C0385,2025-01,Comp Sci,8,7.657919711546902,100.0,83.54902644693627,1.0
C0386,2025-01,Electrical,6,7.07898215899894,94.66897335164244,73.37046417635845,0.0
C0387,2025-01,Comp Sci,4,7.273472785375486,77.33687439241791,75.30115527677694,0.0
C0388,2025-01,CSE,3,8.033255726813149,97.38546580399779,86.0949057774157,0.0
C0389,2025-01,Comp Sci,8,7.507541923034578,92.73216132247633,83.46799805633968,0.0
C0390,2025-01,Civil,4,7.156112657544667,73.2261174210544,84.13403705986914,1.0
C0391,2025-01,Mech,3,6.900341793190467,69.50817779765143,69.20862105355164,0.0
C0392,2025-01,Civil Engg,4,6.8662188879904695,94.29294988445379,84.41320010324768,1.0
C0393,2025-01,CIVIL,4,6.4000950652991575,83.00039620752177,90.59804508240921,2.0
C0394,2025-01,CSE,6,7.616904337404277,79.1231708307541,100.0,1.0
C0395,2025-01,Electrical,8,7.767419509298726,88.41596324230937,,0.0
C0396,2025-01,Electronics,4,6.474768057739363,87.92202640611123,78.40059495967857,0.0
C0397,2025-01,Mech,7,6.730104854026284,85.0490076634539,78.77963409509216,0.0
C0398,2025-01,Comp Sci,3,7.175034245656494,75.18133748364437,87.79042514857615,0.0
C0399,2025-01,Electrical,3,6.648810579740009,99.91582388355283,75.28171929024077,0.0
C0400,2025-01,Comp Sci,3,7.965919330779819,98.76625167994004,100.0,0.0
C0401,2025-01,Computer Science,8,7.064701925959563,84.55705103369151,86.69406599201804,3.0
C0402,2025-01,Electronics,6,6.660336186626799,82.49256600722968,82.98152077965003,0.0
C0403,2025-01,Comp Sci,7,6.792528040172222,88.6755979603286,96.00200819261084,0.0
C0404,2025-01,cs,3,6.760481493427617,78.0697903679233,86.13487893418558,1.0
C0405,2025-01,Mechanical,3,6.113895793632143,,84.5720120253292,0.0
C0406,2025-01,Electronics,8,7.120610281541261,75.94923290637267,80.4458439816317,1.0
C0407,2025-01,E.E.E,3,7.5480773368477365,89.44524938963242,79.749976877306,0.0
C0408,2025-01,Comp Sci,3,7.2551853662721815,78.37390890114555,82.63144820613749,0.0
C0409,2025-01,Mechanical,6,6.376866069155652,74.03018439692666,97.14867754519017,1.0
C0410,2025-01,ECE,6,6.993726328189148,100.0,90.58314607425064,2.0
C0411,2025-01,ME,4,6.515834154025767,84.92890034396143,85.34050992877468,1.0
C0412,2025-01,ME,5,7.068289474826388,89.30572329883115,79.98828911203354,
C0413,2025-01,Electronics,7,6.866557570273148,69.06476536108025,90.54494680659982,1.0
C0414,2025-01,Electrical,5,6.538864593581433,79.82887622152624,74.0746967221444,2.0
C0415,2025-01,Comp Sci,5,7.313310076624291,91.70941379933532,76.25163615857058,0.0
C0416,2025-01,CSE,3,7.79773792218834,91.04658852605452,84.88085509820127,
C0417,2025-01,Mech,5,6.769780186592977,68.0095739357302,97.93936972406063,1.0
C0418,2025-01,CIVIL,7,6.491070906122594,86.47476192635655,97.09076212605486,0.0
C0419,2025-01,CSE,6,7.222735588066917,90.91931065370578,84.02730440924168,1.0
C0420,2025-01,Electronics,8,6.384242441967486,93.86692407000069,,1.0
C0421,2025-01,Civil,3,6.8340665341953395,80.98347582210627,73.82447880793544,1.0
C0422,2025-01,Mech,3,5.890576494699818,64.8493558536089,82.18451440098113,0.0
C0423,2025-01,E.E.E,6,6.60816859513538,76.92634269493307,85.02796522058277,0.0
C0424,2025-01,e.c.e,4,6.858159303755783,78.01951139295997,91.44266093021403,1.0
C0425,2025-01,Mechanical,6,7.070020709454098,91.97097206785881,91.52407370860311,2.0
C0426,2025-01,Computer Science,8,,67.49586219529102,87.12978513896469,0.0
C0427,2025-01,EEE,5,6.638613007739187,81.9107013848869,88.4229183931495,1.0
C0428,2025-01,e.c.e,6,7.095575273585436,98.84871402367023,81.70070150912991,0.0
C0429,2025-01,ME,7,6.866917008324556,87.1141009375815,89.95279238409806,0.0
C0430,2025-01,ECE,3,6.794213925073025,93.47320661110149,81.83889233984418,0.0
C0431,2025-01,ME,8,7.216599806364624,73.92649793086014,89.41448651765532,3.0
C0432,2025-01,Mechanical,4,7.300462581500338,73.96600099253504,88.55022084839557,2.0
C0433,2025-01,ECE,7,6.703355351912463,,84.38332667744267,1.0
C0434,2025-01,EEE,6,6.288590276273509,84.29308214014418,87.94402785547403,0.0
C0435,2025-01,Electronics,3,6.865291618966448,87.08826524587528,,1.0
C0436,2025-01,Mech,7,6.846351733161836,77.51486791370353,78.10301638025022,0.0
C0437,2025-01,cs,4,,90.82374721764509,87.46157523024155,0.0
C0438,2025-01,e.c.e,6,6.419637709510422,74.95779344508288,72.96413654421065,2.0
C0439,2025-01,e.c.e,8,6.706624708860493,93.66733467288365,80.26914421853142,2.0
C0440,2025-01,Comp Sci,8,7.698187434360927,100.0,,1.0
C0441,2025-01,Computer Science,8,7.136195982139866,92.05944042187903,96.56822596539367,0.0
C0442,2025-01,Mech,5,6.03006914880899,77.55035437965813,82.46965641028075,2.0
C0443,2025-01,Mech,6,6.821002442413108,65.92152871395558,92.47618874755419,2.0
C0444,2025-01,Mech,4,6.112070416061177,69.20672099255367,83.63965253448657,0.0
C0445,2025-01,Computer Science,8,,99.25011557901652,82.18229809422826,0.0
C0446,2025-01,CSE,5,8.202637171948814,82.19536341608608,90.72684236063056,0.0
C0447,2025-01,cs,7,7.879440311295518,88.2075053995541,,0.0
C0448,2025-01,Civil Engg,5,6.37199666331454,88.92794901629009,90.95150658606516,0.0
C0449,2025-01,Civil Engg,7,6.728693891001694,96.93952672346934,83.16045177660564,0.0
C0450,2025-01,cs,4,7.384729242541242,86.77043510453825,76.0590313318016,0.0
C0451,2025-01,ME,7,7.406651093987311,,75.60784543638371,2.0
C0452,2025-01,Computer Science,3,7.0721188009446685,88.09669963526204,84.40709189683679,0.0
C0453,2025-01,cs,3,7.215868935290674,82.52780513060885,70.35352433326827,0.0
C0454,2025-01,cs,5,7.973421825002926,,100.0,0.0
C0455,2025-01,Computer Science,5,7.278135866661145,91.00474802473974,91.06888684323145,0.0
C0456,2025-01,Mechanical,7,7.091194706607711,88.21979983429806,81.40362980458293,0.0
C0457,2025-01,EEE,5,6.422512910286998,100.0,74.39086666054955,0.0
C0458,2025-01,Computer Science,3,7.422504524597406,91.54109896113802,94.42916266175766,2.0
C0459,2025-01,e.c.e,4,6.197696460205451,92.19529936438654,74.0564172220546,0.0
C0460,2025-01,ME,5,6.25998717443951,75.36741038120971,75.73928390278704,0.0
C0461,2025-01,E.E.E,6,6.991719841337957,91.123000454607,80.68823669646895,1.0
C0462,2025-01,ME,6,6.726177374889561,79.73754823622994,85.3547708449946,
C0463,2025-01,cs,4,7.288594490567432,90.96103456500153,91.3294844299028,0.0
C0464,2025-01,Mechanical,6,6.450537700226751,89.92883612714878,91.73080626562171,1.0
C0465,2025-01,Comp Sci,6,7.180482390463428,88.35141743665676,94.46409688958155,
C0466,2025-01,E.E.E,7,6.732805765790801,100.0,85.15128608537236,0.0
C0467,2025-01,Electronics,6,6.915879341174953,98.57193117804489,93.43495304315009,2.0
C0468,2025-01,Mechanical,7,5.823004576113171,90.8833566351803,75.53275627288284,0.0
C0469,2025-01,cs,4,6.90252373595958,93.10426568949619,73.37657912600471,2.0
C0470,2025-01,Electronics,7,6.705620602667265,99.95746312328804,80.20936418490396,0.0
C0471,2025-01,Civil,3,6.688129684671884,,78.83008636524936,3.0
C0472,2025-01,Mechanical,3,6.750871607757382,97.1975825259042,,0.0
C0473,2025-01,ECE,8,6.9092093627641376,78.09142145465313,78.37384457599939,0.0
C0474,2025-01,Electrical,5,6.75212301558499,80.60512016325154,80.90005494711309,0.0
C0475,2025-01,CIVIL,6,6.51967013903144,89.26134576881353,88.09500712939658,1.0
C0476,2025-01,CSE,6,7.231631201679374,97.77909647775238,99.11435721588236,3.0
C0477,2025-01,ECE,7,7.236551394854649,,74.49246182788904,1.0
C0478,2025-01,e.c.e,4,6.428117811814838,80.34672848425164,74.39608428441318,0.0
C0479,2025-01,Mechanical,4,6.65408957750794,86.28133599105875,78.99436089402099,0.0
C0480,2025-01,CSE,3,7.577749592281802,87.0978359494818,93.18820806157349,2.0
C0481,2025-01,cs,8,8.022225354101595,97.58980920443378,88.70675746137775,0.0
C0482,2025-01,E.E.E,4,6.737078109898561,100.0,79.06671756443764,0.0
C0483,2025-01,E.E.E,6,7.216659684171127,90.4646861514243,91.26792623603636,0.0
C0484,2025-01,Civil Engg,5,6.963919344098674,81.65879605484389,93.40445726187903,1.0
C0485,2025-01,E.E.E,3,6.910146272868445,75.12752038752777,84.40157311885028,1.0
C0486,2025-01,Mechanical,5,6.743295811313182,82.66608629926925,,0.0
C0487,2025-01,Civil,3,6.776124980863813,77.55974137829374,85.97914680160676,0.0
C0488,2025-01,Civil Engg,4,6.72692131650906,88.93747689937132,82.57733967530449,2.0
C0489,2025-01,ECE,3,7.07485493016351,90.56160086668233,84.38803025927086,0.0
C0490,2025-01,ECE,7,6.817816386555983,82.25849507797778,81.44129523157642,3.0
C0491,2025-01,Comp Sci,6,7.496408723435798,100.0,94.39016944266,1.0
C0492,2025-01,Mech,8,6.3387620222985115,77.94419441723261,84.49878608684944,1.0
C0493,2025-01,Computer Science,5,7.1355236049264805,85.8207545849486,93.14452284323703,3.0
C0494,2025-01,cs,4,7.929831591325679,96.78923007614227,100.0,3.0
C0495,2025-01,Mech,6,6.642771892733645,92.45636363282894,87.55411816358149,0.0
C0496,2025-01,e.c.e,8,6.744208591364772,94.60034627930968,,0.0
C0497,2025-01,CSE,6,7.795755052327566,93.98195301774905,97.20653022372852,3.0
C0498,2025-01,CIVIL,3,6.839990945271626,94.45115007048057,88.37309127773683,0.0
C0499,2025-01,Civil,4,6.866444508900573,81.18972861783811,100.0,0.0
C0500,2025-01,Comp Sci,8,7.361985004397762,95.42723153923464,89.45880113298982,1.0
C0501,2025-01,CSE,6,7.170112631481055,,91.86844548092955,2.0
C0502,2025-01,Comp Sci,8,7.288371457449102,100.0,89.26806213327677,0.0
C0503,2025-01,Civil,6,6.387905624719689,70.07469944395132,81.62330973082149,1.0
C0504,2025-01,CIVIL,3,6.655373796445257,,82.6807411050616,0.0
C0505,2025-01,CSE,8,7.568244911276742,95.35137985128054,90.07704248204156,0.0
C0506,2025-01,Civil Engg,7,7.5163296497125565,67.30356375425274,91.39700849555449,
C0507,2025-01,Computer Science,7,7.526694404118141,92.37149791769002,95.74519372671973,2.0
C0508,2025-01,e.c.e,8,5.969902954616558,90.40210655796972,82.88053647721304,2.0
C0509,2025-01,EEE,4,7.126056187762597,80.84097096296071,81.24188024494524,2.0
C0510,2025-01,Computer Science,8,8.455370490172957,89.17319900875029,89.83438896742908,0.0
C0511,2025-01,Comp Sci,4,7.7122134971735825,81.07142804218219,,1.0
C0512,2025-01,e.c.e,8,6.381077939977186,80.15047295565024,94.90620347940775,1.0
C0513,2025-01,ME,4,6.965240184945798,82.59044474453405,81.8448436495974,0.0
C0514,2025-01,Electrical,6,6.681454538516595,78.96859866007448,90.16550066715058,1.0
C0515,2025-01,Electrical,7,6.501311522033752,77.56632773443772,84.301459369259,2.0
C0516,2025-01,cs,3,7.425470214920902,85.5832799737992,89.0608622856426,0.0
C0517,2025-01,cs,3,7.496257330541155,86.17931961655223,86.85162929101493,0.0
C0518,2025-01,Civil,8,5.9640663493928425,97.64441028255585,75.98018653552518,0.0
C0519,2025-01,Comp Sci,3,7.0262536664505575,83.33659297246557,78.80966458845126,2.0
C0520,2025-01,Civil,6,6.624649161747464,88.36948024154707,96.75662146778092,1.0
C0521,2025-01,ME,8,6.448642845198175,80.34206351600699,84.75199661619928,0.0
C0522,2025-01,Comp Sci,6,7.5368829870504,84.20506154532343,96.06015715883898,2.0
C0523,2025-01,Civil Engg,5,6.4076500191143735,70.05193308262804,92.29370577363837,
C0524,2025-01,Computer Science,5,7.728345063811351,76.85379917148269,85.84378258687504,1.0
C0525,2025-01,e.c.e,6,6.415340664875263,74.07959318490619,85.61582507843379,3.0
C0526,2025-01,Mechanical,6,7.4087473239673,89.65688120363234,87.71486905569463,0.0
C0527,2025-01,Electronics,6,6.051326290268504,91.50706994438083,73.6570294611262,1.0
C0528,2025-01,ME,3,6.375008803203646,69.58591080898199,81.50614899442608,1.0
C0529,2025-01,ME,6,6.7352257667850015,81.8647446039846,89.45372908076807,1.0
C0530,2025-01,Electrical,7,,77.28604169630599,83.94270707744003,1.0
C0531,2025-01,Electrical,7,6.969142187821829,83.98197602881456,82.89536993307215,0.0
C0532,2025-01,e.c.e,3,6.8766253448089225,95.09265717394447,84.37203331820689,1.0
C0533,2025-01,Computer Science,7,7.480837735842736,84.75256140727126,100.0,5.0
C0534,2025-01,Mech,7,6.543762250405287,83.603286657171,70.07730803735541,1.0
C0535,2025-01,Electrical,4,6.524133499161434,96.4698592726615,87.32807066814865,1.0
C0536,2025-01,CSE,8,7.016668929353188,90.05444963509275,83.7106181296663,1.0
C0537,2025-01,e.c.e,6,6.243112703844458,77.50529695421702,78.00718289461783,0.0
C0538,2025-01,Electronics,5,6.689106656806692,87.50407683461441,83.36980823436332,0.0
C0539,2025-01,Computer Science,7,6.9916848348023075,79.91060258699314,90.30469469692618,0.0
C0540,2025-01,Mechanical,6,6.825339036787285,89.4671536624773,90.24851588943918,0.0
C0541,2025-01,ECE,6,6.26155135545216,87.67235039783385,83.75505763331182,0.0
C0542,2025-01,CIVIL,4,7.110775231182327,75.12952565269626,92.78711268899254,0.0
C0543,2025-01,CIVIL,8,6.415858262935042,86.23152029296952,92.70084424984626,1.0
C0544,2025-01,CIVIL,8,7.308259973022302,86.8748334015324,92.71774569018739,1.0
C0545,2025-01,ECE,3,6.763924744995302,90.46727643791392,81.3605005865423,1.0
C0546,2025-01,Computer Science,7,7.911515381660028,96.89713446461883,93.05720610472028,1.0
C0547,2025-01,Mechanical,3,6.54133539759219,88.22945325462716,86.86491813037567,1.0
C0548,2025-01,CIVIL,5,6.835171490987133,83.26287893384655,79.02490077608434,1.0
C0549,2025-01,ECE,8,6.313232740547032,91.52142789287886,72.00570131598485,1.0
C0550,2025-01,CIVIL,4,6.533367615444855,77.96406953219554,69.78571384256749,1.0
C0551,2025-01,CSE,5,7.389533582920885,77.3230099022212,87.56865333657407,1.0
C0552,2025-01,CIVIL,4,6.728445349366809,58.894479825931356,85.50683619331404,0.0
C0553,2025-01,CSE,7,7.002210937470909,85.82445538342078,77.20548415357234,0.0
C0554,2025-01,Computer Science,5,6.767578450228999,79.5013386992996,92.46751722412307,0.0
C0555,2025-01,e.c.e,6,5.99176078219786,85.09693252636366,81.77475021068646,2.0
C0556,2025-01,Comp Sci,8,7.291575383094303,70.86643516762712,95.19150624572165,0.0
C0557,2025-01,cs,6,7.601913601121415,84.11087448006215,91.16794083629384,0.0
C0558,2025-01,cs,7,6.985946416922583,89.54452405899497,77.37018746306363,1.0
C0559,2025-01,ECE,3,6.202317479910698,75.20651734635919,85.54952211132549,1.0
C0560,2025-01,CIVIL,4,7.391764173735154,91.69471923859473,92.339484463776,0.0
C0561,2025-01,cs,8,7.2215742072881755,82.84133796094467,82.61732153504589,0.0
C0562,2025-01,Mech,8,6.9300455001992365,85.84318098619462,75.0847063142278,0.0
C0563,2025-01,CIVIL,6,6.902844359661834,91.37291355707313,,1.0
C0564,2025-01,Comp Sci,5,7.504742050567776,96.96585483932802,81.62713145081926,1.0
C0565,2025-01,Computer Science,4,6.9557841476594975,86.64229437735717,92.80872573400639,0.0
C0566,2025-01,Civil,8,6.832115209553195,78.72399864512835,81.40158297478271,0.0
C0567,2025-01,Civil,7,,,93.99358593266219,1.0
C0568,2025-01,Electronics,4,7.842682908608957,94.54859353247943,73.8807033303375,1.0
C0569,2025-01,CIVIL,6,6.227947989953251,74.91804279131459,82.90417878546982,0.0
C0570,2025-01,Computer Science,6,6.965912014087771,85.22511888215838,95.76537691300794,0.0
C0571,2025-01,e.c.e,5,6.567908613458889,80.87398086673284,76.6596603526552,1.0
C0572,2025-01,Mech,8,6.331737146969182,82.41586548260975,81.01120384971631,3.0
C0573,2025-01,Computer Science,3,7.725513237374679,82.35607517387153,86.97110776784268,1.0
C0574,2025-01,Civil,4,7.493820485516954,74.59980062650962,83.9233389787543,0.0
C0575,2025-01,e.c.e,3,6.66251943240334,89.01663606475977,85.55309996735477,2.0
C0576,2025-01,Civil Engg,7,6.286578939226376,91.23338493162925,73.35373790630767,2.0
C0577,2025-01,ECE,6,5.983904480877009,67.73944267952126,80.10518369282872,1.0
C0578,2025-01,ECE,8,6.813265952282488,88.16693805573742,87.84185701667488,0.0
C0579,2025-01,Computer Science,6,7.350356559291698,96.46718777728213,85.48285010938227,0.0
C0580,2025-01,cs,3,7.30163114558416,92.04149697508136,79.42439310781452,1.0
C0581,2025-01,Civil,5,6.615697006126876,,92.22320821689057,1.0
C0582,2025-01,Comp Sci,3,7.538718350051964,81.37442674192832,93.29568961124795,0.0
C0583,2025-01,Computer Science,7,7.56644176296593,89.4566807660521,80.77446967420948,1.0
C0584,2025-01,Computer Science,7,7.076165992008507,89.78438379742468,77.93015725993516,1.0
C0585,2025-01,CSE,8,6.905844882691811,87.33140570766773,79.00580441435848,2.0
C0586,2025-01,Civil Engg,5,6.90218336475288,85.20761008810506,89.57551176272578,
C0587,2025-01,ECE,4,6.776983596324725,76.95849537810686,86.59003340856597,0.0
C0588,2025-01,E.E.E,3,7.276267609935415,90.38066943208538,91.6630196288422,2.0
C0589,2025-01,Computer Science,5,7.889237170875068,93.31120494572696,86.56427539675904,0.0
C0590,2025-01,Mech,5,6.1746687694647155,84.96730174494417,75.77830006150009,1.0
C0591,2025-01,ECE,7,6.331209097449068,84.22904918382433,88.66243211037272,2.0
C0592,2025-01,ECE,7,6.572616490697893,97.84401926995251,79.49655199835776,1.0
C0593,2025-01,Civil Engg,3,6.446822199680036,78.94135170535502,84.17131050504952,0.0
C0594,2025-01,E.E.E,4,7.082215677760343,97.0410023268156,,3.0
C0595,2025-01,CIVIL,6,6.9294074868899305,80.28111698590627,81.2415272854001,0.0
C0596,2025-01,CSE,5,7.957222812321629,98.90281937386328,96.4324033561499,1.0
C0597,2025-01,Comp Sci,3,7.641066367817987,98.79140713806655,83.17217588656135,0.0
C0598,2025-01,Mechanical,8,6.715808885943887,83.5842134642355,90.69205804770775,0.0
C0599,2025-01,Comp Sci,7,7.885391952826125,100.0,73.21840815766083,1.0
C0600,2025-01,Mech,6,7.041489373848641,90.09210765405142,81.51340031325257,0.0
C0601,2025-01,Mech,4,6.831631411661416,78.68907948828986,83.55492709742843,1.0
C0602,2025-01,Mech,8,7.423929486336067,84.93846077332715,99.32494322040039,0.0
C0603,2025-01,Civil Engg,3,6.832882193219361,94.84350833981885,76.65006372359554,0.0
C0604,2025-01,Mechanical,5,6.687536914807877,92.50518116226746,88.82566085186753,1.0
C0605,2025-01,CSE,7,7.091310724789067,78.51610515639086,93.51097939399511,1.0
C0606,2025-01,Computer Science,8,7.373869620369932,88.29320660047254,83.65065524048636,2.0
C0607,2025-01,Mech,4,7.1933198823761595,89.17653846561399,84.10357726888651,
C0608,2025-01,e.c.e,6,6.6721043405637515,81.45948813013749,,0.0
C0609,2025-01,cs,4,7.685396710939836,100.0,79.34690347760242,1.0
C0610,2025-01,e.c.e,3,6.252576932978691,84.36653627188737,78.14465226325827,
C0611,2025-01,Civil,5,6.811096221041365,85.01816340745314,93.47962261694761,1.0
C0612,2025-01,CIVIL,8,6.752387051050102,95.06365886750024,88.23122422371549,1.0
C0613,2025-01,Mechanical,7,6.447775567525137,81.53327558474776,82.32139042797296,1.0
C0614,2025-01,e.c.e,5,7.639891713449104,97.41400201976003,89.43639307666493,1.0
C0615,2025-01,Computer Science,4,7.465804909757035,74.85388743885133,91.47513393579128,0.0
C0616,2025-01,ECE,3,6.528058328712815,81.32859166475849,89.36188333907535,0.0
C0617,2025-01,Computer Science,4,7.378507335028533,96.73345367567573,83.66871731891456,1.0
C0618,2025-01,ME,3,6.1731831713781,95.00715012653919,92.0183195222343,1.0
C0619,2025-01,Mechanical,4,6.271726090639184,78.21684231353382,92.57785929385317,1.0
C0620,2025-01,cs,7,7.707225617817243,82.73002986212731,93.91264656114076,2.0
C0621,2025-01,Comp Sci,3,7.098354161307824,91.84898250894456,80.5626527427917,1.0
C0622,2025-01,Comp Sci,3,7.0638341100893,82.01025045924787,78.98592237910138,0.0
C0623,2025-01,Civil,6,7.1681385460154114,85.51387953546703,84.55377649316804,0.0
C0624,2025-01,ME,4,7.255603992958015,94.72214087939639,87.31698307710994,2.0
C0625,2025-01,Computer Science,5,7.781781931707125,84.76144254074171,76.00910093431735,1.0
C0626,2025-01,Civil,3,,,,0.0
C0627,2025-01,e.c.e,4,6.72119044830058,74.81415758759474,93.24992445754388,1.0
C0628,2025-01,ECE,5,6.727917083657858,84.4131084962817,87.3243470433702,0.0
C0629,2025-01,EEE,7,6.355827538935268,69.1258471497468,78.23641154040223,1.0
C0630,2025-01,Comp Sci,5,7.222215270963524,84.27776069253565,,0.0
C0631,2025-01,Comp Sci,6,7.15431971842043,76.18979217936136,88.5806350058194,1.0
C0632,2025-01,ME,6,6.62167520036413,97.08982649459631,81.82854272828236,2.0
C0633,2025-01,Computer Science,4,6.912727343503455,100.0,87.99426362063886,0.0
C0634,2025-01,Mechanical,4,6.8836439379237575,77.47998238612585,89.220646093426,1.0
C0635,2025-01,cs,5,7.444232771486312,90.7235574802105,95.5573542781636,0.0
C0636,2025-01,Comp Sci,3,,83.29551873854979,82.45246783165292,2.0
C0637,2025-01,Computer Science,7,7.145176557071576,84.77284225340526,87.94852417610927,0.0
C0638,2025-01,ECE,6,6.981318581450547,100.0,82.59312396283784,0.0
C0639,2025-01,Computer Science,4,7.47787603102658,85.05901393054593,87.35491182563413,1.0
C0640,2025-01,cs,5,7.24316211699864,85.61190614333039,93.14441486599031,0.0
C0641,2025-01,CIVIL,4,7.000422851961054,79.23209126445917,92.70236154045816,0.0
C0642,2025-01,cs,6,,98.69050099060878,98.61149058659478,0.0
C0643,2025-01,e.c.e,7,7.031613257931121,60.00953885474392,88.16918239250973,1.0
C0644,2025-01,Comp Sci,3,7.2004680415810665,84.35498889229675,86.32040776022913,0.0
C0645,2025-01,ECE,5,6.5646339191122145,84.66980132594294,82.2692001314757,0.0
C0646,2025-01,Computer Science,3,6.936809205781082,80.85716897058731,73.07888843325826,0.0
C0647,2025-01,Mech,5,6.671232625254678,91.23904356052648,92.6642034462125,0.0
C0648,2025-01,Computer Science,4,7.289816203631916,96.93655642161863,84.22173846334547,1.0
C0649,2025-01,CIVIL,5,6.2263876176881086,72.53342837113752,86.29300685913893,4.0
C0650,2025-01,EEE,5,6.8922842719416595,100.0,90.1320479442323,0.0
C0651,2025-01,Computer Science,4,7.677147327582712,78.79861829882641,80.81312625654719,0.0
C0652,2025-01,cs,5,7.0200766460549655,97.17884712248832,,1.0
C0653,2025-01,Comp Sci,7,7.661733702034865,89.94504184958335,98.82532096143943,0.0
C0654,2025-01,Mech,7,6.23734902331064,79.94166617833018,84.9357418953749,0.0
C0655,2025-01,Computer Science,3,7.069013404977669,84.54481214336413,82.94363110273258,0.0
C0656,2025-01,Civil,5,6.428958148875746,84.2446285875125,82.59581722908854,1.0
C0657,2025-01,Civil,8,7.0151407493213735,88.2153285414654,93.25484302348869,2.0
C0658,2025-01,CIVIL,6,6.606914717632129,77.16967381522636,90.03983722608525,0.0
C0659,2025-01,Electronics,4,7.17657495698071,85.32184549016084,76.07701715934965,0.0
C0660,2025-01,E.E.E,6,6.825079977605951,79.04760719806129,95.66717600595075,1.0
C0661,2025-01,Comp Sci,3,6.931068430333737,77.55647794079715,93.19170198487144,0.0
C0662,2025-01,ECE,3,6.473943542782266,77.0875505921432,81.46712041386903,1.0
C0663,2025-01,cs,6,7.421170140197817,79.49900004215166,,0.0
C0664,2025-01,EEE,6,7.171105757955747,83.64872968150209,93.52202739616646,2.0
C0665,2025-01,ME,7,,89.4902802227929,88.43417221304428,1.0
C0666,2025-01,CIVIL,5,7.5541858868861365,90.09184270802642,78.19664855303188,2.0
C0667,2025-01,CSE,8,7.898778100835328,100.0,88.29749639264165,0.0
C0668,2025-01,Electrical,5,6.801055406848854,67.43201966081136,100.0,1.0
C0669,2025-01,Electronics,7,6.468459843454594,88.85383452146738,84.22122621310507,0.0
C0670,2025-01,ECE,3,6.938084157644062,86.39113424138425,80.2352963283858,4.0
C0671,2025-01,Electrical,3,6.3464650519139525,90.80548252980527,76.17265139973837,1.0
C0672,2025-01,Electronics,7,7.2388604325913635,93.16862571727192,99.00405723898051,1.0
C0673,2025-01,e.c.e,8,6.989826167019989,84.84958682082222,91.18180530374103,1.0
C0674,2025-01,ME,8,7.014221047901457,,94.92292476766292,1.0
C0675,2025-01,CSE,4,7.54623024920278,83.42939832339115,90.41137915050007,0.0
C0676,2025-01,cs,3,8.084257637461825,95.92289690114191,99.19248885138951,0.0
C0677,2025-01,Computer Science,8,7.593142563762872,73.53824626271371,81.86896226483964,0.0
C0678,2025-01,cs,6,7.133246233812359,94.3365729250721,88.46822904334147,1.0
C0679,2025-01,Civil,4,7.371533258574716,87.79084585284417,89.18402357199108,1.0
C0680,2025-01,Mechanical,7,7.22366399605051,83.22739560253733,95.94261322199164,
C0681,2025-01,e.c.e,8,6.626609889499204,83.23419115582183,86.33265514913853,1.0
C0682,2025-01,ECE,4,6.626522427727644,84.33459877993091,80.27013104159364,0.0
C0683,2025-01,ECE,7,,96.28615502644762,85.4167568112198,0.0
C0684,2025-01,Mech,7,6.752693471304813,100.0,73.51295332971469,0.0
C0685,2025-01,Electrical,6,6.273787880030001,93.22232182797394,66.11413111753042,1.0
C0686,2025-01,EEE,6,6.225315500333054,78.64798045559449,87.86801544965138,0.0
C0687,2025-01,ECE,4,6.545278058503621,89.24061530962837,80.52597755889147,1.0
C0688,2025-01,Comp Sci,8,6.9571457578045255,92.167170280717,84.06931832287906,1.0
C0689,2025-01,e.c.e,8,6.462511552450281,77.18469139841554,89.3750024120925,1.0
C0690,2025-01,Mechanical,8,7.0040185821830745,76.5132748835263,95.4853865740234,0.0
C0691,2025-01,Electronics,7,6.8316416526007115,84.82768914745424,,2.0
C0692,2025-01,Mech,3,7.113232111831944,92.37098232450252,98.4664527479418,1.0
C0693,2025-01,ME,5,6.160596062511756,70.777255988372,,2.0
C0694,2025-01,CSE,5,7.246266271112058,81.80573058916426,88.85993534415276,0.0
C0695,2025-01,Comp Sci,8,7.445155978462579,93.80614448917137,90.18931462926352,0.0
C0696,2025-01,ECE,6,7.10049070954669,86.8708390277931,76.6410511948017,1.0
C0697,2025-01,Comp Sci,6,7.003773814457124,98.488985185396,92.99470620812518,0.0
C0698,2025-01,Computer Science,3,7.345624049050964,77.26367862593705,70.67333066901064,2.0
C0699,2025-01,Mech,7,7.468884245631136,100.0,84.23029439291986,1.0
C0700,2025-01,ECE,5,6.75469685211415,73.26834371286573,84.7709479328238,1.0
C0701,2025-01,Comp Sci,3,7.1661682804731885,70.97492080919955,80.82710966658715,0.0
C0702,2025-01,ME,8,6.767227330956265,84.85502200077615,81.18578772436182,1.0
C0703,2025-01,Civil,4,6.8015698820924575,76.6695075183867,97.67048650423567,1.0
C0704,2025-01,cs,3,7.157504144065437,87.75186448805334,94.99420432091162,5.0
C0705,2025-01,CIVIL,3,6.846360192800447,84.96080131479718,79.7865303372163,0.0
C0706,2025-01,E.E.E,5,6.258438581432543,81.76037759796503,,4.0
C0707,2025-01,ME,3,6.5724875085216805,77.3445687441654,74.08375316199269,4.0
C0708,2025-01,ME,8,6.632804013487384,88.82604622224991,89.32407330376284,1.0
C0709,2025-01,cs,6,7.119883243210027,85.5010060290773,85.49415265748897,1.0
C0710,2025-01,E.E.E,4,6.56775063347703,93.53757085813359,69.92353672197336,0.0
C0711,2025-01,Electronics,3,6.863559567467359,83.87822558170316,85.04810231806199,0.0
C0712,2025-01,E.E.E,5,6.810668255788897,77.97891901434465,87.81535714230864,1.0
C0713,2025-01,Mech,3,7.057334333882841,73.49914177927904,92.87620141918657,3.0
C0714,2025-01,Comp Sci,8,7.23083425055199,86.766866065432,86.83984072278281,0.0
C0715,2025-01,cs,4,7.720618097856087,78.77495097744377,85.58179524539639,2.0
C0716,2025-01,Mech,5,6.456887583111954,73.94728469320334,97.63396425701771,2.0
C0717,2025-01,Mechanical,3,6.88318619234408,90.72070923784351,85.64722390834231,2.0
C0718,2025-01,cs,3,7.569909707694407,74.67041472943234,93.1881597211743,0.0
C0719,2025-01,Mechanical,4,6.850313468326521,98.2612088066715,82.31779506170828,0.0
C0720,2025-01,CIVIL,3,7.172662041701331,88.0014313035144,90.66798113835756,0.0
C0721,2025-01,Electronics,7,7.050960641714484,86.17651755783811,75.43967289961162,2.0
C0722,2025-01,Electronics,8,6.84346163558711,77.1668650569593,81.24018593342448,1.0
C0723,2025-01,Comp Sci,8,7.522702770899522,94.80075765333854,79.47357822545233,0.0
C0724,2025-01,Civil Engg,4,7.122893302863269,87.25178709353199,82.1918817467123,1.0
C0725,2025-01,cs,7,7.014196055490371,81.78420941126417,95.17780500502079,0.0
C0726,2025-01,Civil,6,6.533248224509102,86.20885532176516,79.29799370666338,1.0
C0727,2025-01,Electronics,3,6.7164726318723105,72.42347080825678,89.9725976268752,2.0
C0728,2025-01,ME,3,6.973686528802075,73.171448459775,95.95852615404524,1.0
C0729,2025-01,CSE,6,7.17837630492337,,85.94245988601324,
C0730,2025-01,CSE,5,7.521050138549127,90.97846710350176,,0.0
C0731,2025-01,CIVIL,3,6.781712545886269,85.42588535614063,,1.0
C0732,2025-01,e.c.e,8,6.105601002330207,90.50276794237055,81.73338791987089,1.0
C0733,2025-01,Electronics,7,6.657484735291817,77.89422064956884,89.52329122326378,1.0
C0734,2025-01,Electrical,6,6.657545501942053,89.9495671371144,97.25527267075755,0.0
C0735,2025-01,EEE,8,6.770738096909959,84.43657419589148,79.90982546849746,1.0
C0736,2025-01,Civil Engg,8,7.219193251376015,80.28570342453176,80.30432968005728,1.0
C0737,2025-01,CSE,8,6.976772890181212,89.46757904555187,78.35205703891768,2.0
C0738,2025-01,Mech,4,6.3540390373581355,83.77312458439087,90.21562986853213,1.0
C0739,2025-01,Civil Engg,8,5.749936148691077,76.45283806448386,88.157084420722,4.0
C0740,2025-01,e.c.e,6,6.677928282961245,85.17854894792846,80.0728014674899,1.0
C0741,2025-01,Computer Science,7,7.337927565104631,86.64061831475242,71.9032239829929,2.0
C0742,2025-01,Civil,8,6.473229248007009,83.56728139913353,79.05994116429686,0.0
C0743,2025-01,ECE,3,7.238160786080086,84.04384661040054,90.33587717498169,1.0
C0744,2025-01,Mech,5,7.007287852053704,76.51588428653162,85.61877546464626,1.0
C0745,2025-01,EEE,3,6.799230474637593,86.32074766787997,86.03323352405664,
C0746,2025-01,Mech,4,6.8103187611559255,78.5945694509034,80.35395914212384,0.0
C0747,2025-01,ECE,5,7.226064851920156,79.05361778611577,93.46262251538786,0.0
C0748,2025-01,ECE,8,6.858589387620115,83.64328261793767,87.00914940775822,1.0
C0749,2025-01,ECE,8,6.712660329393375,90.18343704208084,87.37055064116359,1.0
C0750,2025-01,Comp Sci,5,6.68484744195443,87.08181639448968,85.75016200301272,0.0
C0751,2025-01,CIVIL,4,6.497234930137406,80.65579200525357,87.56916879553116,2.0
C0752,2025-01,CIVIL,6,6.947470593582982,82.21779523410399,89.11780309411671,0.0
C0753,2025-01,cs,8,8.136248414931286,96.9720545335405,84.84806260148191,2.0
C0754,2025-01,cs,8,7.109017547451288,69.22315013967051,90.2349470492242,1.0
C0755,2025-01,CIVIL,4,6.477234181304276,90.77348497728136,88.89475993822353,
C0756,2025-01,cs,4,6.889913689273135,71.44155359750965,93.61524871344643,2.0
C0757,2025-01,ECE,7,7.057235385794695,75.14606569509746,,0.0
C0758,2025-01,ECE,4,6.194674707146711,78.70660306738897,74.91869140087367,0.0
C0759,2025-01,Mechanical,4,6.89053719015939,100.0,79.88535846334219,
C0760,2025-01,CSE,3,7.726994363635567,100.0,85.84771892975118,0.0
C0761,2025-01,Mechanical,5,7.009489375810354,91.93904218521884,86.69919683838688,0.0
C0762,2025-01,ECE,5,6.600892920046535,88.10637189306037,83.41531568199007,1.0
C0763,2025-01,Mech,6,6.908566318095494,71.59156578523643,77.72297583854225,1.0
C0764,2025-01,CSE,4,7.162784847443147,89.82329323757267,79.89913622329018,1.0
C0765,2025-01,ECE,7,6.366777458424478,79.98068280058979,68.64309952132741,1.0
C0766,2025-01,Electronics,7,7.328547965580429,81.9810447387589,65.91236823451398,0.0
C0767,2025-01,CSE,5,7.255812158329041,88.98452969691071,86.00670588156986,2.0
C0768,2025-01,Computer Science,4,7.52806738363429,85.75292979763502,100.0,0.0
C0769,2025-01,Computer Science,6,6.461870762610606,91.44507887250505,96.03418467161119,0.0
C0770,2025-01,CSE,7,7.669725127183412,74.82280349947862,82.81685119821115,2.0
C0771,2025-01,Comp Sci,5,7.904600978452856,91.21339427659882,91.03684617275397,0.0
C0772,2025-01,E.E.E,4,6.831527576844512,78.61421042661212,74.43806419202159,0.0
C0773,2025-01,ECE,6,7.013853703968595,83.20297774838642,,2.0
C0774,2025-01,Civil Engg,5,6.966963649391277,88.91667276686584,77.19599732168804,2.0
C0775,2025-01,E.E.E,5,6.360096991045579,75.64915297693533,81.98163281191074,0.0
C0776,2025-01,cs,5,7.4870983672366265,90.47557474556668,87.16194820165425,1.0
C0777,2025-01,Mechanical,4,6.438102534866387,,85.05041460626212,1.0
C0778,2025-01,Civil Engg,7,6.5085396391736605,79.3565129238435,88.25980309620583,0.0
C0779,2025-01,Mechanical,5,7.173427846283085,83.61035556247202,84.17509801683055,1.0
C0780,2025-01,Electronics,5,7.2821951564295935,85.8986707333574,86.53083871501474,0.0
C0781,2025-01,Electronics,6,6.620220119781624,78.34476648366193,75.796601609614,1.0
C0782,2025-01,Comp Sci,5,6.994746146192792,87.20137306159076,76.87611257311796,0.0
C0783,2025-01,e.c.e,3,6.62544953417541,82.35777237780056,73.06259128553295,
C0784,2025-01,EEE,8,7.10326013238281,81.86364702064746,90.41556907955962,1.0
C0785,2025-01,Electrical,3,6.323277229962173,96.7437618414475,80.59467063162083,
C0786,2025-01,cs,6,7.596713334378836,92.1837417869746,75.02143539380957,0.0
C0787,2025-01,ME,4,7.012151187408572,83.71458586576537,85.45307997308035,1.0
C0788,2025-01,Comp Sci,4,7.169919673595682,89.32789686238604,78.629998321005,0.0
C0789,2025-01,E.E.E,3,7.178146620859181,78.97628922837418,97.95955874354388,0.0
C0790,2025-01,Comp Sci,8,7.289526859512315,,82.95700686414936,0.0
C0791,2025-01,EEE,5,6.6678292241498305,82.70255782492859,89.05126449106406,0.0
C0792,2025-01,CIVIL,5,6.423469448905854,74.08648590668827,90.62096752339339,1.0
C0793,2025-01,cs,7,7.639721814200456,93.00088670645715,82.54435877610265,0.0
C0794,2025-01,cs,3,7.1749335040130475,83.04782867510568,86.76457547195845,0.0
C0795,2025-01,Civil Engg,6,6.887206060059199,83.30715727332199,89.10189196347831,1.0
C0796,2025-01,Computer Science,5,7.36501323777971,83.63791832128982,88.20901221409916,1.0
C0797,2025-01,Electronics,6,6.444382958842382,100.0,85.39902976914114,2.0
C0798,2025-01,E.E.E,3,6.4182636259306785,79.33974134708617,74.30930096346275,2.0
C0799,2025-01,Mech,8,7.146691321038411,71.22860814540255,90.8414788995901,0.0
C0800,2025-01,e.c.e,4,6.575386804768123,73.11815486197862,81.57563531241696,0.0
H0001,2025-02,Civil Engg,7,7.0325446064575505,86.04992879271263,80.02049573979048,2.0
H0002,2025-02,e.c.e,5,7.259756965142686,86.06744705994433,80.29173779980077,1.0
H0003,2025-02,CIVIL,8,6.819100464012786,83.43182266963323,83.55484028248091,1.0
H0004,2025-02,ME,3,6.753840556125926,82.74649034972181,79.1726412146802,1.0
H0005,2025-02,Computer Science,4,7.337266867876369,78.55698360514106,81.83312121099368,1.0
H0006,2025-02,E.E.E,8,,90.7775860852912,61.21833218862753,0.0
H0007,2025-02,Civil Engg,4,6.541725452659791,77.84322339000349,94.74266764583936,1.0
H0008,2025-02,Civil Engg,4,6.7915139237575675,85.13521507031129,95.07377564452602,0.0
H0009,2025-02,CSE,7,7.7072092878028045,85.93635984387969,93.02896299403402,1.0
H0010,2025-02,Electronics,4,6.8101701249922,,78.01119134624406,1.0
H0011,2025-02,ECE,6,5.5904120493801175,80.15480300050842,72.90582023988262,0.0
H0012,2025-02,E.E.E,4,7.065956586268654,78.52789550638751,74.73151003664434,0.0
H0013,2025-02,Mechanical,4,7.204513010916052,94.51868719826675,90.18528160596333,0.0
H0014,2025-02,Civil Engg,8,7.525084820717531,82.54141661464739,97.28305000841108,1.0
H0015,2025-02,e.c.e,4,6.626024700694636,,85.83238257387161,0.0
H0016,2025-02,Comp Sci,3,7.077183902191724,98.77913671521765,93.83277567593098,0.0
H0017,2025-02,Mechanical,7,6.563310765874195,80.51268661511033,88.55795854444018,1.0
H0018,2025-02,Computer Science,8,7.7339355972670365,89.07791225716984,83.83692959919352,1.0
H0019,2025-02,CIVIL,3,7.018678896271366,83.65814044991183,93.31436640006038,2.0
H0020,2025-02,ME,7,6.791868882634874,87.1536834567034,91.79455703186561,2.0
H0021,2025-02,Civil,6,7.0954004056819056,85.00033724608751,77.6512143671016,1.0
H0022,2025-02,Electronics,7,6.733512007043493,94.2903881618054,91.70541137354297,
H0023,2025-02,E.E.E,3,6.630921770490409,80.51675107140777,83.48143014356467,0.0
H0024,2025-02,CIVIL,8,6.695377384198182,93.76304048445374,80.64797423895983,1.0
H0025,2025-02,Civil Engg,6,6.139669166949254,96.0728955471759,84.85220134350668,1.0
H0026,2025-02,CSE,8,7.253266373974655,89.8904656529637,89.54530611757295,2.0
H0027,2025-02,Electronics,5,6.739966876098107,79.46779300432596,91.06234681314454,2.0
H0028,2025-02,cs,8,8.374598522703373,91.86457485589672,85.72788172082016,1.0
H0029,2025-02,Computer Science,6,6.804781062263805,87.11192756362118,91.27755062482713,0.0
H0030,2025-02,ME,3,6.707505060422546,99.85232956855118,76.59848827990324,1.0
H0031,2025-02,ME,8,,84.13781567536871,82.70944449954337,1.0
H0032,2025-02,E.E.E,7,6.717013247712309,97.63699877960869,,0.0
H0033,2025-02,cs,4,7.520582095016942,89.63315398299724,94.78130012332592,1.0
H0034,2025-02,ECE,6,6.705313061451714,84.96127188703824,83.63243677880207,1.0
H0035,2025-02,ECE,5,6.494453829873541,81.17177045847282,81.10786171960586,2.0
H0036,2025-02,CSE,6,7.6261984439501305,85.57753364984123,96.82552914574998,1.0
H0037,2025-02,Comp Sci,8,6.9408137855205645,94.0894121997636,83.1001601903293,2.0
H0038,2025-02,ECE,8,6.778751989700039,79.39110219279321,80.95358331992107,0.0
H0039,2025-02,Comp Sci,4,7.503768491771155,96.20073119681763,74.62221802352366,0.0
H0040,2025-02,ME,8,6.508034391066179,96.33760730602762,82.27993320693248,0.0
H0041,2025-02,Electronics,5,7.521090357336833,83.15623939192827,80.50577282177437,0.0
H0042,2025-02,Civil,7,7.214964983028775,97.08982206944751,84.83267789871863,0.0
H0043,2025-02,Mech,7,6.371404138341212,93.62434959617967,85.93405106401828,0.0
H0044,2025-02,CSE,5,7.1826847679062285,93.73512633886727,78.30448013508544,0.0
H0045,2025-02,CIVIL,5,6.609722415027143,80.46457481931824,78.82908571732754,0.0
H0046,2025-02,Civil,5,6.6157383653938275,84.43413285364012,73.2191399937474,0.0
H0047,2025-02,ECE,8,6.658340357929454,84.5349600101024,80.96583568746468,2.0
H0048,2025-02,CSE,5,7.377161126627251,100.0,80.23992921410917,0.0
H0049,2025-02,Mech,4,6.631667953104112,83.86669799407726,97.88635652234643,0.0
H0050,2025-02,Computer Science,5,7.31393437548499,86.88863684271284,98.10688350750425,2.0
H0051,2025-02,Computer Science,4,7.165155656714543,78.56390483017373,96.32343643274035,0.0
H0052,2025-02,Computer Science,5,6.757007783092373,80.11260821177324,78.01645322700644,0.0
H0053,2025-02,Civil Engg,3,6.6025280351736155,80.27480316459418,83.55629786698572,0.0
H0054,2025-02,Mechanical,3,6.48850086157601,88.38146101442915,76.10114670325952,0.0
H0055,2025-02,Mechanical,7,6.839963443903186,74.32126953381461,97.66108472799935,1.0
H0056,2025-02,Civil,3,6.57528929503233,79.64740687964776,89.79031289428075,0.0
H0057,2025-02,ECE,6,6.647929983383306,71.27932971095284,77.87694273313927,2.0
H0058,2025-02,ME,7,6.5254190773784755,95.68470036505555,86.02041319876004,1.0
H0059,2025-02,cs,7,6.9429830711723595,87.4377557633631,75.31432151856887,0.0
H0060,2025-02,CSE,5,6.418805829354418,89.38157678929447,85.06945173458253,0.0
H0061,2025-02,ME,4,6.769059600500724,75.81432092492162,82.27422119361714,0.0
H0062,2025-02,ECE,8,6.531883227554266,92.86205790372084,87.65402601967219,0.0
H0063,2025-02,ME,8,6.090451915096024,94.95847634658577,88.71113067473887,2.0
H0064,2025-02,Civil Engg,6,7.0008347169151826,86.92833189612725,85.62808216240063,0.0
H0065,2025-02,Mechanical,3,7.107919895204349,83.77397036133505,85.2127241388356,0.0
H0066,2025-02,Mech,3,6.550128862627591,90.89634556186596,62.93011269850668,0.0
H0067,2025-02,Mechanical,4,7.090209811491366,90.71749978754373,94.7632643648548,1.0
H0068,2025-02,Comp Sci,3,6.9191910190104595,92.55929136457063,80.03325046299145,1.0
H0069,2025-02,CSE,8,7.632925087876384,93.91343810292642,88.55749278813194,1.0
H0070,2025-02,Electronics,4,6.10915194656446,90.78043113491948,97.75337127200683,0.0
H0071,2025-02,Comp Sci,4,7.579903649880282,82.6224229072066,79.01602595251669,0.0
H0072,2025-02,Electronics,8,6.131292279903058,91.63592144579087,83.44560609657717,
H0073,2025-02,Civil Engg,7,5.882874967438228,78.37765346150665,84.28661010243084,1.0
H0074,2025-02,Computer Science,4,8.035741949965267,70.55240538613894,97.65452852421355,0.0
H0075,2025-02,CSE,5,6.7500349141097,82.61823761093981,85.41878961934498,1.0
H0076,2025-02,Comp Sci,6,7.434044086346756,83.30840244288416,95.15134741119176,2.0
H0077,2025-02,CSE,6,7.367760876577628,90.02516752711159,84.39384356674817,1.0
H0078,2025-02,Mech,8,6.6256504377599486,91.56296831902677,87.65426543766658,2.0
H0079,2025-02,Mech,8,6.729786997273493,87.87421121685892,88.31819161910879,1.0
H0080,2025-02,Civil Engg,8,6.577710679583195,100.0,,0.0
H0081,2025-02,Mechanical,3,7.337478912508563,82.00123730682088,87.5461066592833,0.0
H0082,2025-02,e.c.e,4,6.8935454626073485,,79.0531305266942,0.0
H0083,2025-02,Civil,6,6.391218627019087,85.65399352179487,80.23482920574536,0.0
H0084,2025-02,Computer Science,3,7.5913895513383824,84.31263205929616,,2.0
H0085,2025-02,CSE,5,6.6964501558809495,77.95451420333305,82.65840687607985,0.0
H0086,2025-02,Comp Sci,3,6.900207609457772,84.08384954787176,93.5289981825984,2.0
H0087,2025-02,Mech,8,6.8025713420270515,79.79034014886803,88.07104443080665,2.0
H0088,2025-02,e.c.e,3,6.087097869138812,79.47853459098324,86.10948104427865,1.0
H0089,2025-02,Comp Sci,3,7.659881560048091,100.0,76.9543744860996,0.0
H0090,2025-02,ECE,4,6.649970718120645,,87.52168139363226,3.0
H0091,2025-02,CSE,3,7.0033100702982996,83.92800160380945,84.68152311230779,2.0
H0092,2025-02,Mech,6,6.8172896741589675,99.54738852510945,89.64614831863803,1.0
H0093,2025-02,Electronics,5,7.32986289088043,83.68508823652898,94.80134361064754,0.0
H0094,2025-02,ECE,8,6.467823141830156,74.83501693832841,80.79200762173906,3.0
H0095,2025-02,Comp Sci,4,7.753522768562949,77.47434290807938,85.08249098971979,
H0096,2025-02,Mech,6,6.967749486678565,86.17143131662513,92.35907901271554,1.0
H0097,2025-02,Electronics,6,6.615303360669421,71.95860151078494,79.87911629890334,1.0
H0098,2025-02,Comp Sci,6,8.456322559535755,82.25187848995954,91.68538049022014,1.0
H0099,2025-02,CSE,7,7.641526333083702,87.59778993740386,,0.0
H0100,2025-02,EEE,4,,94.8394416484424,,2.0
H0101,2025-02,EEE,6,6.789693201905789,95.57542220120973,93.39212881173354,0.0
H0102,2025-02,Mechanical,7,,,86.67780433067584,
H0103,2025-02,CSE,8,7.140096791929519,87.32296471126641,92.80682435217122,2.0
H0104,2025-02,EEE,6,6.761189471894415,81.23398081740254,,1.0
H0105,2025-02,Civil Engg,6,7.183787504044417,89.78975404824797,95.23988806527777,1.0
H0106,2025-02,Mech,8,6.310111457681124,97.73029852294809,79.94270294867465,2.0
H0107,2025-02,e.c.e,6,7.196903528259492,87.74371292743645,92.31583388697672,1.0
H0108,2025-02,Comp Sci,8,7.760797606558916,86.07434078632792,100.0,0.0
H0109,2025-02,Comp Sci,3,7.696311116550264,87.93985664909239,88.29706934472412,4.0
H0110,2025-02,Electrical,5,6.96657445879472,83.26179821288872,75.18405067802999,2.0
H0111,2025-02,Electronics,3,6.851301036212851,90.82581812338549,81.36677768249953,0.0
H0112,2025-02,Comp Sci,3,8.06029619408219,84.23697878484548,92.98114947184487,0.0
H0113,2025-02,Computer Science,5,7.281996496121453,91.45780419322719,75.79027308476678,1.0
H0114,2025-02,ME,4,6.412104972083949,90.18247844975906,79.34507260909265,1.0
H0115,2025-02,Comp Sci,5,8.007383326994882,94.41113182773519,88.79419549971482,1.0
H0116,2025-02,Civil,5,6.67408675436968,77.39396375314266,85.92517584978793,2.0
H0117,2025-02,Civil Engg,6,,82.81772683897763,95.52331623228822,2.0
H0118,2025-02,Mechanical,8,6.976953195174692,82.76055806970251,90.92128835801253,1.0
H0119,2025-02,e.c.e,8,6.91136896264391,85.64223055096949,77.51822236828252,0.0
H0120,2025-02,ME,5,6.754016463870126,79.23483369620037,100.0,1.0
H0121,2025-02,Mechanical,4,6.710202483214558,93.80801109260783,82.66971826139569,2.0
H0122,2025-02,Mechanical,7,6.893757576752174,87.47089412253327,73.27788903743155,0.0
H0123,2025-02,Computer Science,3,7.579520637303811,75.2602384467844,80.15036267347548,0.0
H0124,2025-02,ECE,6,6.261997894012825,73.00257145518256,75.32243046086478,1.0
H0125,2025-02,Comp Sci,5,6.933876032405084,97.79871128713765,77.93549562964344,1.0
H0126,2025-02,Electronics,4,6.403959128766996,83.92090418143486,87.97632213490624,0.0
H0127,2025-02,Comp Sci,6,7.271184793537684,85.08320874379405,68.74671577952786,1.0
H0128,2025-02,Computer Science,4,7.702998970222299,98.10258020946829,95.22162728774109,1.0
H0129,2025-02,CSE,4,6.677048174126242,84.31288152447168,90.26087647459377,0.0
H0130,2025-02,Mech,6,6.635366169644209,74.28737112917398,,2.0
H0131,2025-02,CSE,4,7.609164703265309,78.51193681199788,93.11192140133255,1.0
H0132,2025-02,EEE,7,6.9909767297020355,92.7088319752713,79.21878244977246,1.0
H0133,2025-02,Mech,3,8.07869021569098,100.0,82.72161167782238,0.0
H0134,2025-02,Comp Sci,5,6.949356421787133,95.02415314011564,91.37498311524197,0.0
H0135,2025-02,Mech,7,7.199660990109256,82.61662153639026,83.24972687219493,1.0
H0136,2025-02,Computer Science,4,6.476776354530977,82.63795400690073,79.03939910394523,1.0
H0137,2025-02,E.E.E,7,7.000679316785538,87.41233622954607,85.364756330957,4.0
H0138,2025-02,ECE,7,6.895450746812164,70.14844133901374,94.62675282554265,1.0
H0139,2025-02,Civil Engg,8,6.647104863794389,86.23369065317156,94.07563545968185,2.0
H0140,2025-02,cs,4,,91.00994116492355,88.40924625320743,1.0
H0141,2025-02,ECE,7,7.266879898835806,100.0,85.47819271063571,0.0
H0142,2025-02,Electronics,8,7.136707269774427,96.72073314478999,90.84440191238124,1.0
H0143,2025-02,Electrical,7,6.512003504900576,100.0,79.09738267593704,1.0
H0144,2025-02,ME,4,6.911838935289841,100.0,94.48918925082198,
H0145,2025-02,Electronics,7,6.58982968003343,96.8380454363168,91.37883887060767,1.0
H0146,2025-02,cs,3,7.443209827925648,89.80280769944827,100.0,0.0
H0147,2025-02,CSE,6,6.84029261979022,88.99992785516473,79.70857909464694,0.0
H0148,2025-02,ECE,5,5.6766616981507765,68.6575380293454,,0.0
H0149,2025-02,e.c.e,6,6.6783626930062,84.64334129827022,86.36652345051994,0.0
H0150,2025-02,Computer Science,6,7.0210589397662995,91.55907297357639,84.24877311744108,0.0
H0151,2025-02,CIVIL,3,6.604521316792855,82.31949858444369,90.5540490811983,1.0
H0152,2025-02,CIVIL,6,7.103669375066348,73.97268987437299,94.61679972479793,5.0
H0153,2025-02,cs,8,7.735916588515212,100.0,99.00730460274545,1.0
H0154,2025-02,Mechanical,5,6.948339450460118,88.80341281358815,85.0006322675522,0.0
H0155,2025-02,Computer Science,4,6.865907139696621,100.0,91.69254788375115,1.0
H0156,2025-02,Mech,8,6.037635078733388,89.53530097301388,78.88572453076273,1.0
H0157,2025-02,Comp Sci,3,7.435528893564318,99.31228368637947,89.10955867559605,1.0
H0158,2025-02,ME,5,6.805214423650175,94.05089362739884,83.35520455214841,1.0
H0159,2025-02,Mech,6,6.775661503941785,80.17181411878073,83.90025561123771,2.0
H0160,2025-02,Civil Engg,5,6.946191640431536,82.38566386270435,98.32200783480148,1.0
H0161,2025-02,CSE,8,7.965056445911328,87.45516636781791,80.87977724035113,1.0
H0162,2025-02,E.E.E,5,6.284093111086366,77.83692214463385,84.57079273878632,0.0
H0163,2025-02,Computer Science,8,8.00982281646295,100.0,90.94281137919482,0.0
H0164,2025-02,Comp Sci,3,7.6579421907877485,89.27804049783107,92.7056472544907,2.0
H0165,2025-02,Mechanical,7,6.9703622207922225,90.36203288975969,78.11815936909461,0.0
H0166,2025-02,e.c.e,6,7.378222138162586,76.61037200202469,84.31628697464015,1.0
H0167,2025-02,Civil,4,7.2695639681929,93.28227378609641,81.67880713702571,0.0
H0168,2025-02,Civil,4,6.338466948865528,81.06168545033353,67.52975003044286,1.0
H0169,2025-02,Comp Sci,7,7.825098702212574,100.0,97.47687875718005,1.0
H0170,2025-02,Electrical,6,6.619332621066648,79.52753146518607,73.72201494076475,0.0
H0171,2025-02,cs,6,6.958743209975974,99.43026316613292,76.80430541728302,4.0
H0172,2025-02,ECE,3,6.741573123550752,93.33612041313191,91.49658619179823,1.0
H0173,2025-02,CSE,6,7.493017518463848,86.37643309611543,87.09809626560462,1.0
H0174,2025-02,E.E.E,8,6.9097308957843,97.56180639403881,83.19836393136494,1.0
H0175,2025-02,Computer Science,3,7.018703959212972,95.30720757639892,83.2227110437935,2.0
H0176,2025-02,cs,5,8.019851469676635,95.51141492476368,98.55457812933169,2.0
H0177,2025-02,ECE,5,6.816218533693507,78.96608163860574,82.17994132709552,1.0
H0178,2025-02,EEE,8,6.603479492079832,91.13387292295893,87.88063221253599,1.0
H0179,2025-02,Civil,4,6.9284345895514745,84.33683417120197,74.74110474693938,4.0
H0180,2025-02,Mech,5,6.550893937446549,87.48988750242364,88.5450884542617,0.0
H0181,2025-02,Civil Engg,7,6.439200010475151,84.58560773383857,89.24681016886869,2.0
H0182,2025-02,Civil,3,6.889742637260372,86.62016075820239,95.82087910055449,0.0
H0183,2025-02,Electronics,7,7.011919297872491,80.35881766857267,75.59215314332764,
H0184,2025-02,cs,7,7.087455685211543,75.15373154806281,84.35151218829259,2.0
H0185,2025-02,CIVIL,7,6.398781030221223,70.66244869431651,94.58704636445856,1.0
H0186,2025-02,Mech,6,6.719856848161918,87.25414722942176,90.3031171521969,3.0
H0187,2025-02,ECE,7,6.33586230194717,64.6520127215356,81.58559753424076,2.0
H0188,2025-02,CSE,7,6.9014989098285415,94.4713531463178,87.93233871136862,1.0
H0189,2025-02,Mechanical,8,7.177418391096462,90.23566764604207,87.34456026213539,0.0
H0190,2025-02,cs,5,7.865649088970599,87.02398866290768,86.13131503697437,1.0
H0191,2025-02,EEE,5,6.302714723753157,92.49973228878316,87.07006771000529,1.0
H0192,2025-02,Comp Sci,6,7.645931043458753,87.5423599500807,92.36469356019767,1.0
H0193,2025-02,CSE,4,7.286534761331775,90.09294448133654,78.05723843498747,1.0
H0194,2025-02,Civil,8,7.281746638042735,71.25666727834508,82.6217750763773,0.0
H0195,2025-02,cs,7,7.145437834370513,68.02393492654008,81.84380340440693,1.0
H0196,2025-02,cs,6,7.978583571129453,88.88656923686825,88.36514463842394,0.0
H0197,2025-02,ME,4,6.74215730180606,88.1614592040279,85.65298697112253,0.0
H0198,2025-02,Civil,5,7.287785491113569,94.14565306378364,86.90978793843081,1.0
H0199,2025-02,CSE,5,7.495072951449731,87.95048478328526,83.62152478044977,2.0
H0200,2025-02,cs,6,7.001412192369053,88.27302292352087,94.76910542281405,0.0
H0201,2025-02,CIVIL,7,6.517114975552565,93.20524922070794,86.07841689071323,0.0
H0202,2025-02,EEE,7,6.168076409850599,83.7104948469348,93.96007692184511,1.0
H0203,2025-02,Electronics,8,6.752870264604774,89.81599954782138,94.20710315071722,2.0
H0204,2025-02,Comp Sci,8,7.262061297696794,78.2139182235843,,0.0
H0205,2025-02,Computer Science,7,7.8118794278761525,77.59027553645731,86.7988025906448,2.0
H0206,2025-02,Comp Sci,5,6.784969732425596,82.18637658127989,82.63358500459705,2.0
H0207,2025-02,Computer Science,6,7.405264466307651,95.17570735285801,90.43605725141688,1.0
H0208,2025-02,ME,5,6.5677672345375955,78.92937417006274,88.67711216049278,2.0
H0209,2025-02,Computer Science,6,7.1665809950782,95.22489880996336,90.38148560903149,1.0
H0210,2025-02,ECE,7,,81.04032941171087,84.68354140278296,1.0
H0211,2025-02,ME,5,6.527157131442401,79.947093486595,95.14224575520419,1.0
H0212,2025-02,Mechanical,6,6.848403597667035,87.75691455830739,81.80631284542868,2.0
H0213,2025-02,Computer Science,3,7.175484146149073,82.3539446418985,92.06565996666774,1.0
H0214,2025-02,Civil Engg,7,6.77138403180861,83.25130649648744,86.1238213728627,0.0
H0215,2025-02,Mechanical,5,6.389387525008521,64.34098853787756,83.76601285940265,0.0
H0216,2025-02,Mechanical,5,7.422569407667073,93.74016759216863,90.87754395113437,0.0
H0217,2025-02,Computer Science,6,7.046564222605034,86.72478179502366,97.6528305490381,2.0
H0218,2025-02,CSE,4,8.319183698028644,84.27126693624386,93.42441950512031,0.0
H0219,2025-02,E.E.E,6,5.713199031482225,96.8091894764158,77.5364034926296,0.0
H0220,2025-02,ECE,7,6.868303913077095,79.88049424298707,95.63364184681025,0.0
H0221,2025-02,cs,5,7.230546598964134,84.15908805987911,90.95920225446825,
H0222,2025-02,e.c.e,3,6.654643305406633,77.83210907123795,85.75402471217791,1.0
H0223,2025-02,Mech,5,6.758287265925017,94.87966200665193,,1.0
H0224,2025-02,Electrical,4,7.106993081670681,97.16235996901763,86.99370022281822,0.0
H0225,2025-02,Computer Science,5,7.879260187738466,99.3161317652532,100.0,2.0
H0226,2025-02,E.E.E,6,6.9398664267993295,96.83764419260976,85.33860908700852,0.0
H0227,2025-02,Computer Science,3,7.853095747123804,86.27616463707983,98.50585999106526,3.0
H0228,2025-02,Mechanical,7,5.453032488297323,94.62364154344918,83.08774327697395,3.0
H0229,2025-02,Mech,4,7.050941099859315,86.94430977464948,90.81388628546446,3.0
H0230,2025-02,Comp Sci,8,8.583774833910374,79.9905849243134,89.28592228063866,0.0
H0231,2025-02,Comp Sci,7,6.374659284285243,82.13018139686643,82.07838624049171,0.0
H0232,2025-02,ECE,4,6.651068838293599,,88.19682073492581,3.0
H0233,2025-02,E.E.E,6,7.257226167324506,82.60118390182159,80.86594242285558,2.0
H0234,2025-02,ME,3,,88.22186944469654,82.15429428736229,0.0
H0235,2025-02,Electrical,3,7.026530653214756,92.53274900455668,87.56312013258176,2.0
H0236,2025-02,Civil Engg,8,6.548957856361307,89.47071759677652,93.94747411652398,
H0237,2025-02,Electronics,7,5.86875302069856,87.63941347550514,81.78863202739853,2.0
H0238,2025-02,Civil Engg,3,7.25870420726272,86.21440391112053,87.28461677173219,0.0
H0239,2025-02,Computer Science,4,7.8090829683455825,83.48260882393008,81.17729185619315,2.0
H0240,2025-02,Computer Science,4,7.6939669607704255,78.84811622565212,100.0,1.0
H0241,2025-02,Civil,5,6.092305159882589,82.47993144065396,89.81270860787947,2.0
H0242,2025-02,CIVIL,4,6.285704154225817,79.38697357476151,91.13507124145738,0.0
H0243,2025-02,cs,4,7.152430867439275,87.37857424067488,77.37906897595417,0.0
H0244,2025-02,Electronics,6,7.306857257782728,71.13491154649049,89.34046831287635,0.0
H0245,2025-02,Mech,4,7.41174275638999,75.99076978479557,80.77968724299707,0.0
H0246,2025-02,CIVIL,8,5.832810683181888,88.53678817558279,88.82215270110467,2.0
H0247,2025-02,ME,7,6.7512081168004965,71.8760072910869,86.20902827184591,2.0
H0248,2025-02,ECE,7,7.775715924228899,88.6030583701255,93.09670680672333,1.0
H0249,2025-02,Electronics,4,6.608631712926563,78.08300633133256,78.69505608782107,1.0
H0250,2025-02,e.c.e,7,7.259474437226842,79.50904895063428,78.49567274337798,1.0
H0251,2025-02,Mech,8,6.153143954126628,85.57080536447972,79.39580717214352,1.0
H0252,2025-02,Civil,4,,86.57622820492134,87.59219879939614,0.0
H0253,2025-02,Electronics,7,6.419926005291624,88.6057564776896,81.48895514033948,1.0
H0254,2025-02,cs,5,6.489627258033737,78.16436667110872,,0.0
H0255,2025-02,cs,7,7.159429765069983,80.64036240862654,,0.0
H0256,2025-02,ME,5,6.75222962193399,93.72712685181492,83.67828274834635,0.0
H0257,2025-02,CIVIL,7,6.7287524766272,83.32395856522753,93.89480547315445,0.0
H0258,2025-02,CSE,3,7.543006579325487,92.05533111171319,90.72978194299337,0.0
H0259,2025-02,CSE,5,7.945778744172494,87.30038303402875,93.46018853594481,1.0
H0260,2025-02,Mechanical,4,6.430634334968598,88.31191218851502,86.46832274910771,2.0
H0261,2025-02,CSE,4,6.877521709884873,66.83316490334411,82.2758695038934,1.0
H0262,2025-02,CIVIL,4,6.798221854651941,94.82619396896543,96.07815580781929,1.0
H0263,2025-02,cs,5,6.669814513510407,83.3168279012767,88.58890614552355,0.0
H0264,2025-02,cs,3,7.118851056095549,75.73330187765877,86.0133825581838,3.0
H0265,2025-02,Electrical,7,6.935459700993585,78.77624742578897,91.23678060535343,
H0266,2025-02,CSE,6,7.502020143522103,86.31809334458117,94.24010771481075,0.0
H0267,2025-02,Comp Sci,7,7.421759831240364,87.6979638868898,79.1006403186765,1.0
H0268,2025-02,Comp Sci,7,6.388619063281946,86.39426445422001,84.67690590433422,1.0
H0269,2025-02,Comp Sci,3,7.445572781337448,77.83777986811188,100.0,1.0
H0270,2025-02,cs,3,7.10399429098854,93.03936361699614,96.72852107689486,0.0
H0271,2025-02,Computer Science,5,6.955876512578428,84.07356471044426,86.74079316261636,1.0
H0272,2025-02,Comp Sci,5,7.369356821276016,83.91705097612072,92.84166070705865,1.0
H0273,2025-02,Computer Science,4,7.436527677529987,86.70027134261773,85.45818718982784,1.0
H0274,2025-02,ME,7,6.009447964428721,89.8522122452304,85.99518103764281,1.0
H0275,2025-02,Mech,6,5.932529538678133,83.98536562383505,79.99879943086526,0.0
H0276,2025-02,ECE,7,6.4722952542662355,80.95693481645907,80.9884231764891,1.0
H0277,2025-02,Comp Sci,3,7.149781275158296,86.27234548518133,83.97679858302209,0.0
H0278,2025-02,Electronics,7,6.286829335662111,94.4409849436476,95.44316857013145,3.0
H0279,2025-02,Civil Engg,4,6.09677472016821,92.56655714830153,79.70201610255346,1.0
H0280,2025-02,CIVIL,5,6.397476044873405,87.11754127343026,91.12927852450073,2.0
H0281,2025-02,Computer Science,5,6.895403475593804,88.45184753094348,83.39219950205603,1.0
H0282,2025-02,Computer Science,7,7.448924630393712,100.0,82.93657065128251,1.0
H0283,2025-02,Comp Sci,4,6.998901397974328,90.27848079477232,88.40089329274342,2.0
H0284,2025-02,CSE,4,7.374706308624694,89.04320423569686,77.68041067319741,3.0
H0285,2025-02,Mechanical,5,,85.93024386698984,91.36937077298062,0.0
H0286,2025-02,Electronics,5,6.486149135393848,87.99061034536469,83.19232086923549,0.0
H0287,2025-02,cs,4,6.939094466241108,61.986785408978434,81.58341669412069,1.0
H0288,2025-02,ECE,4,6.058242159698399,90.26459740003212,75.48734175135922,2.0
H0289,2025-02,Electronics,4,7.227288319314852,78.31815637730308,100.0,2.0
H0290,2025-02,Computer Science,5,7.618490794199346,84.34979849266392,89.1938850734152,2.0
H0291,2025-02,Civil,5,6.745642225438517,74.84679215656028,84.58278678372783,0.0
H0292,2025-02,CSE,5,7.675458879152028,84.2399417714645,95.58400184389703,2.0
H0293,2025-02,E.E.E,7,7.4440658566295905,83.70835994907773,79.63484069042592,0.0
H0294,2025-02,Computer Science,4,7.388693754621453,95.29562895600843,95.33295723662474,2.0
H0295,2025-02,Civil,8,,93.95922091845813,82.30628968209989,0.0
H0296,2025-02,Electrical,7,7.105859699620762,100.0,78.16011568483383,2.0
H0297,2025-02,EEE,4,6.290552598420373,85.72956173023049,,0.0
H0298,2025-02,CIVIL,4,6.554993490135124,83.2452271914785,76.33148153629523,1.0
H0299,2025-02,Civil,4,7.024399916302404,91.89553737539114,85.27100286827118,0.0
H0300,2025-02,Mechanical,4,6.711323898702165,78.85287802159868,79.17662622583686,0.0
H0301,2025-02,Civil Engg,5,6.90363273171013,78.77836256783888,79.27959994853195,0.0
H0302,2025-02,cs,3,7.3222359779826345,86.08614635673854,,0.0
H0303,2025-02,e.c.e,3,6.120096217842892,84.42070831026683,83.97840772919199,2.0
H0304,2025-02,e.c.e,5,6.853915034741566,69.1059287139199,93.14758741695648,1.0
H0305,2025-02,Civil,7,6.869033418956907,94.99094431420173,93.70632410154293,5.0
H0306,2025-02,Electronics,4,6.615350645329535,86.47795981975759,83.95742468842417,2.0
H0307,2025-02,ECE,8,7.2834408645127136,94.26406198182045,90.56791779504205,0.0
H0308,2025-02,Mechanical,5,6.501527781478208,73.0042140147212,74.75328271005147,1.0
H0309,2025-02,Computer Science,8,7.953564899610289,85.49705357472077,95.07772595993318,1.0
H0310,2025-02,Comp Sci,4,6.542900260700024,80.38117143484563,88.05612273490678,0.0
H0311,2025-02,ECE,6,7.021330234190065,85.00909602881804,92.41833383822616,0.0
H0312,2025-02,Electronics,7,6.413289690763897,83.92916685586744,81.00058958029537,2.0
H0313,2025-02,CSE,3,7.487678748231216,94.25739811543754,84.37148942636921,0.0
H0314,2025-02,e.c.e,8,6.8486442592867265,87.81521522735468,84.12126801150937,
H0315,2025-02,e.c.e,5,6.341579839688863,79.30919627516502,94.29824767327327,0.0
H0316,2025-02,Comp Sci,5,8.1499350939285,100.0,93.86411211074528,0.0
H0317,2025-02,Electronics,6,7.067490395950449,84.29134104167575,75.0385633349104,1.0
H0318,2025-02,ME,6,5.825024900044971,77.24958654804901,87.98176610804761,1.0
H0319,2025-02,cs,3,7.73205812386548,74.03747249718559,85.15017794759184,1.0
H0320,2025-02,Electrical,8,,85.94968817267994,91.83356952675894,
H0321,2025-02,E.E.E,6,6.757159491018979,92.43661964915768,89.80910289574459,3.0
H0322,2025-02,e.c.e,8,6.5480517244252034,76.0137433334951,92.82551611794935,0.0
H0323,2025-02,cs,5,7.304479259511725,93.94043879869997,95.47523192296762,2.0
H0324,2025-02,e.c.e,6,6.5154260329102565,86.58165973251904,91.53493522412037,0.0
H0325,2025-02,Civil Engg,5,6.302185068574679,71.53657307082852,,0.0
H0326,2025-02,Mechanical,8,7.279944337592621,92.24631948097391,92.09563558884324,4.0
H0327,2025-02,Civil,7,5.974586339542288,80.63947569801225,76.75363930401238,1.0
H0328,2025-02,ECE,8,6.68017466868314,76.74470274906986,76.79872317497373,3.0
H0329,2025-02,Mechanical,6,6.697335704955994,92.15086094484012,77.6502533784324,0.0
H0330,2025-02,cs,7,6.881379625715605,93.6787963277588,90.36913036125628,2.0
H0331,2025-02,ME,5,6.0725072255095816,75.09812550030003,67.66870493324775,0.0
H0332,2025-02,CSE,5,7.284557387873364,89.67151955323442,86.37101781575882,3.0
H0333,2025-02,Mech,7,7.013752533209393,86.85553512712644,82.38358580968814,2.0
H0334,2025-02,Civil Engg,3,6.9788078572665775,85.58793316671104,93.7736249234309,1.0
H0335,2025-02,CSE,7,7.322199865053552,85.02886242872903,87.61056647470676,
H0336,2025-02,Mechanical,3,6.243358196663293,83.76833836196866,81.373143347171,1.0
H0337,2025-02,CSE,6,7.678283900423369,98.30380844614902,99.3942728578739,
H0338,2025-02,Mech,5,6.634762396361938,88.2883626807484,83.37280990514623,1.0
H0339,2025-02,Comp Sci,5,7.001041698285764,69.81138812927752,82.47591983448066,1.0
H0340,2025-02,E.E.E,5,6.437147219374834,,80.63650448631456,1.0
H0341,2025-02,cs,5,7.200767364330213,73.51737448793551,89.59871410039086,0.0
H0342,2025-02,Electrical,5,5.839608313184988,69.57937509661714,76.82103915138094,4.0
H0343,2025-02,Civil Engg,5,7.058404678996765,81.46018384464473,84.3732375334992,0.0
H0344,2025-02,Mechanical,6,7.116678240581318,81.82233405632688,94.62517977066231,0.0
H0345,2025-02,CIVIL,7,6.301116792702006,83.26049520880596,83.04622140330638,0.0
H0346,2025-02,Civil Engg,6,6.684219499978869,83.81708903524725,79.88946374300076,0.0
H0347,2025-02,Electrical,6,7.098471476052838,86.4108683153071,,2.0
H0348,2025-02,Comp Sci,8,7.8190740798069776,98.84121777231432,90.39458007196772,0.0
H0349,2025-02,Mechanical,8,,71.16462116855693,79.63183255791903,1.0
H0350,2025-02,Comp Sci,3,6.838848958801052,88.83706737660088,82.66478044029073,0.0
H0351,2025-02,ME,7,6.8863489440078895,88.43893178827437,78.8991744981515,0.0
H0352,2025-02,CSE,4,7.641596933750829,78.69372046910011,89.42650361546745,2.0
H0353,2025-02,ME,4,7.064099046343484,90.76057559876031,76.4663734104525,2.0
H0354,2025-02,Mechanical,7,6.118718334362192,87.69364759352696,86.57421053270697,1.0
H0355,2025-02,e.c.e,3,6.759109164594929,85.06167373448156,80.60956730601757,0.0
H0356,2025-02,ECE,8,6.5894690228417705,66.29017096702356,89.69030736323023,1.0
H0357,2025-02,Civil,7,6.947372966615199,94.8330046082712,89.66108523163061,1.0
H0358,2025-02,Civil Engg,8,7.31505692722833,89.5071483746715,87.60127657679651,0.0
H0359,2025-02,e.c.e,7,7.707742215509731,91.34971380926294,93.25216032490142,1.0
H0360,2025-02,Mechanical,8,7.140175917654539,60.52562297796356,97.72681623805937,
H0361,2025-02,Electrical,3,7.848202757600596,84.20406484640675,96.56607722837353,1.0
H0362,2025-02,Computer Science,8,7.431326674521705,78.42621342593378,80.04605861182309,0.0
H0363,2025-02,CSE,3,7.429344740613031,,82.29232623559089,0.0
H0364,2025-02,CSE,4,7.980094097044528,81.87510885277204,86.71569306431802,1.0
H0365,2025-02,Mech,3,6.308306439623657,95.26626838259432,86.79788390921881,1.0
H0366,2025-02,Electronics,5,7.899521659524029,96.94682736594358,84.95669732820417,1.0
H0367,2025-02,Civil Engg,7,6.245899746599832,85.83480224417156,79.07121729521043,0.0
H0368,2025-02,Mech,4,7.357293444398471,96.08116117192485,80.99201738585023,2.0
H0369,2025-02,Computer Science,7,7.795493320362865,,92.03856969690777,0.0
H0370,2025-02,Civil,6,6.746645894466674,80.20125851069379,89.85434197200004,0.0
H0371,2025-02,Civil Engg,6,5.703978920398463,89.74959175527765,72.71416010365195,2.0
H0372,2025-02,CSE,8,7.388704569321526,79.28848171041297,82.32776968288321,1.0
H0373,2025-02,Electronics,5,7.138787379098055,75.55544876663939,71.97424219464821,0.0
H0374,2025-02,Comp Sci,5,7.44773210344938,86.73073357607215,71.84603678885945,1.0
H0375,2025-02,cs,8,7.408323416424474,80.96128001583489,90.61229084377337,1.0
H0376,2025-02,Comp Sci,6,7.3964012717051,100.0,89.85286772058143,1.0
H0377,2025-02,EEE,6,6.141185293932077,89.48934997623793,83.37908169900915,3.0
H0378,2025-02,ECE,4,7.592565264069586,83.78672536270851,98.72975755223928,0.0
H0379,2025-02,ECE,4,6.457623240854384,76.99382007209712,72.27492096508921,2.0
H0380,2025-02,ME,4,6.490071609585486,89.55161092952697,71.40438315823285,1.0
H0381,2025-02,ME,4,7.293607680625124,97.31096551720141,79.13458196526216,3.0
H0382,2025-02,E.E.E,4,6.351758698795508,86.10808321614009,67.86204711898742,1.0
H0383,2025-02,Civil,7,6.642420215055603,78.19339463276447,80.56157433585561,0.0
H0384,2025-02,e.c.e,3,6.623116219735431,74.54421336310817,89.1870421245344,0.0
H0385,2025-02,Electronics,6,6.275426716698375,82.16885050246992,86.28240543307538,2.0
H0386,2025-02,Electrical,8,6.977521100824041,89.58742955146724,93.39057084334696,0.0
H0387,2025-02,ME,7,,80.78521276382398,86.11440147510545,1.0
H0388,2025-02,EEE,5,6.990697176903272,93.74829231793417,81.90407993775216,1.0
H0389,2025-02,cs,3,7.334147418289455,91.93322308280946,83.21516554799521,0.0
H0390,2025-02,Civil,8,7.437651899148716,91.16152592694594,91.60909864070904,1.0
H0391,2025-02,Mech,3,6.633472823976224,88.61567668430087,72.8153601847806,0.0
H0392,2025-02,CSE,7,7.574937136738801,78.36010261185541,66.52769356316561,0.0
H0393,2025-02,ME,7,7.304156390952052,84.44386800995278,90.38991895256486,1.0
H0394,2025-02,Mech,4,6.4054178111508095,75.83159740497517,84.7371867924373,0.0
H0395,2025-02,cs,7,7.79848085881719,91.525247319757,98.66525123655236,1.0
H0396,2025-02,ECE,4,6.5493199124029795,75.84631455577266,87.85787456270845,3.0
H0397,2025-02,Civil Engg,4,5.963842229278949,83.0851493076897,83.42254303545266,0.0
H0398,2025-02,CSE,7,7.2797710017096655,85.74750550903777,84.01625787594642,0.0
H0399,2025-02,e.c.e,8,6.746246727453748,89.50161426381192,78.00388925695539,1.0
H0400,2025-02,e.c.e,4,6.623507242304484,75.22192411883304,81.81986791917497,3.0
H0401,2025-02,Comp Sci,8,7.156268137743223,91.44215171623493,93.70253713716464,1.0
H0402,2025-02,E.E.E,8,6.6474382842493425,77.05383598559243,87.89593972554118,1.0
H0403,2025-02,Civil,7,6.063084243162206,76.0004780236556,89.1689887444237,1.0
H0404,2025-02,Comp Sci,3,7.506385228650052,87.71303265749162,88.85771652631347,1.0
H0405,2025-02,EEE,4,7.018298007371037,,80.38160124672449,0.0
H0406,2025-02,CIVIL,7,7.10091322583313,80.96295334017834,94.99953941896975,1.0
H0407,2025-02,CSE,8,7.398703296041158,73.66777222131118,94.5735069621892,0.0
H0408,2025-02,CIVIL,7,7.45778456906332,79.44567790601785,87.44039666888298,1.0
H0409,2025-02,Comp Sci,5,7.191458234703621,84.14612929501142,90.26768600792,1.0
H0410,2025-02,Electrical,4,6.594587582040192,100.0,87.56981072104018,2.0
H0411,2025-02,ME,8,6.874980400042325,89.3343234706178,82.03073928670311,2.0
H0412,2025-02,ME,4,6.8959623259450336,79.0468191563142,82.25706416976504,0.0
H0413,2025-02,Comp Sci,5,6.990681413427681,85.17918417719495,79.02892519767458,2.0
H0414,2025-02,CIVIL,8,7.078135956219457,99.48012489156075,84.19319619212797,0.0
H0415,2025-02,cs,6,7.113485530479797,85.07194085094916,93.34383590120069,0.0
H0416,2025-02,Computer Science,4,6.815140115564892,85.65403518819365,,0.0
H0417,2025-02,Computer Science,3,7.804092279638456,86.72319826487573,93.20705201322231,0.0
H0418,2025-02,CIVIL,5,6.717941269309685,92.0145000148661,92.25661734451451,2.0
H0419,2025-02,cs,8,,84.37418821193458,85.2586670913949,0.0
H0420,2025-02,E.E.E,5,6.049296905800267,90.26413369112419,73.95833547709822,4.0
H0421,2025-02,Mechanical,7,6.474725592325627,92.26996797135064,81.58752040447035,1.0
H0422,2025-02,Comp Sci,4,7.442326089212652,93.83370470171576,87.64368897969534,3.0
H0423,2025-02,Comp Sci,7,7.28562445072394,87.4986449261446,93.30861506200971,0.0
H0424,2025-02,CSE,7,7.35879334888353,77.51075577450248,91.52520005160144,0.0
H0425,2025-02,Mechanical,6,7.103604300994209,83.06206700509307,90.91818031314168,1.0
H0426,2025-02,CIVIL,7,6.017154872045163,79.45351535939851,69.68454911139416,0.0
H0427,2025-02,CSE,6,7.4554628760033435,82.40777870587738,82.29637297828667,1.0
H0428,2025-02,Civil,5,6.059344044959527,81.71351466319558,81.89750575751553,2.0
H0429,2025-02,Comp Sci,7,7.702541509812374,92.27829433028162,91.02951402853347,1.0
H0430,2025-02,CIVIL,8,6.449844605666063,78.4302050296262,96.96757040326654,4.0
H0431,2025-02,EEE,8,6.41619844267575,72.94361164601138,76.03042669047117,1.0
H0432,2025-02,Civil,4,7.022558672694884,78.21071489550992,79.97056161980055,1.0
H0433,2025-02,ME,7,7.002828398229333,100.0,82.65654161534107,0.0
H0434,2025-02,Civil,3,,90.5282567198404,79.99523843732638,3.0
H0435,2025-02,CSE,6,6.806187774984675,78.88273992690246,79.42993174983498,2.0
H0436,2025-02,Comp Sci,6,6.598524230636447,,84.69811173485937,0.0
H0437,2025-02,Comp Sci,5,7.225714991069202,86.36722838994093,94.391543250845,1.0
H0438,2025-02,Electronics,8,6.077700192475943,100.0,82.28449933168558,2.0
H0439,2025-02,Mechanical,8,6.61644472216759,89.183888344687,80.20863550994818,0.0
H0440,2025-02,Mech,3,6.608652092644874,88.42104853312154,81.44981869489227,3.0
H0441,2025-02,Civil Engg,4,7.989215369428202,95.81715527061571,,1.0
H0442,2025-02,CSE,4,6.899571101470645,98.67268340258289,92.78504997052264,0.0
H0443,2025-02,Mech,8,7.18402223155002,82.81710376357043,95.71583244758443,1.0
H0444,2025-02,CSE,6,7.050002662693124,98.33626462702563,75.11653635269622,0.0
H0445,2025-02,CSE,7,7.136586447491519,83.04478570827473,88.8406525108894,0.0
H0446,2025-02,Mechanical,7,6.712762579460139,82.998191358711,79.50163806726604,3.0
H0447,2025-02,E.E.E,7,7.061668554597648,87.02632784148524,,0.0
H0448,2025-02,ME,3,6.923716841812209,94.56918019209907,85.75389709090791,0.0
H0449,2025-02,Computer Science,3,7.740045461196231,86.8038302322905,79.3544700578335,2.0
H0450,2025-02,ME,5,6.978543713870077,100.0,94.84493701160055,0.0
H0451,2025-02,Computer Science,5,6.8667857693537435,97.94122408010551,85.42296219193894,0.0
H0452,2025-02,Civil Engg,7,6.962298633253246,86.93862747371664,82.43990183973845,1.0
H0453,2025-02,ME,3,6.45414258075266,,,1.0
H0454,2025-02,CSE,5,7.6066240769028335,97.86225714736108,83.08268029763569,0.0
H0455,2025-02,CSE,4,7.367416743453264,71.71699472897382,86.42856666367942,2.0
H0456,2025-02,CSE,4,7.235562239753472,95.20726709265664,75.70080310863274,2.0
H0457,2025-02,EEE,4,7.192144125375792,79.46851632234178,68.629872117752,
H0458,2025-02,Electronics,4,7.2011669952352655,96.84770574568077,79.12689885546895,0.0
H0459,2025-02,CIVIL,6,6.306108634119479,73.24143708729315,79.55644967511998,1.0
H0460,2025-02,Mechanical,5,6.185239420986399,77.82667892757766,69.70015795920779,2.0
H0461,2025-02,Mech,5,7.238728075465661,90.66277732573764,82.81911212263417,2.0
H0462,2025-02,cs,5,7.860839204163368,95.23126303782787,86.0435540722701,1.0
H0463,2025-02,EEE,7,7.150600142521811,80.4086684105109,84.0143482903409,2.0
H0464,2025-02,Computer Science,8,7.566606138919368,86.92048417368918,93.18172312149666,3.0
H0465,2025-02,ME,6,6.4550963520480575,90.65492592999219,93.88741440299823,0.0
H0466,2025-02,Mech,6,6.2021481138126315,92.67543992454343,86.59356276376695,1.0
H0467,2025-02,ME,7,6.485292186834279,82.91498830139778,77.88888906642592,0.0
H0468,2025-02,EEE,7,6.536929768281149,78.00989927933313,86.39018990853198,2.0
H0469,2025-02,cs,3,6.701009694942558,74.93889989770123,94.75469052279041,1.0
H0470,2025-02,Electronics,8,6.515095682270516,87.87786694547938,77.0634592516514,0.0
H0471,2025-02,ECE,3,6.5165575788149015,91.14708380007512,76.17009090816087,0.0
H0472,2025-02,e.c.e,5,6.9220179014642005,86.26483504603837,74.11016411417371,1.0
H0473,2025-02,CSE,6,7.01454823235627,80.26010366405951,82.88593353709133,0.0
H0474,2025-02,Comp Sci,5,6.880738014914268,100.0,87.97609651453759,1.0
H0475,2025-02,Comp Sci,4,6.818789600547504,71.13017140729029,97.53698797513516,1.0
H0476,2025-02,Computer Science,8,7.222682177851496,95.30422803411997,,2.0
H0477,2025-02,Electronics,3,6.775379248784686,86.41592607053319,86.3597326675024,1.0
H0478,2025-02,Mechanical,4,6.376241465462561,88.55960668210896,84.11782566747769,0.0
H0479,2025-02,Mechanical,8,6.363352020435246,78.98410561012528,87.03794560747744,2.0
H0480,2025-02,ECE,7,6.840649213607363,85.67179366952149,89.17031070573374,1.0
H0481,2025-02,ECE,3,6.560614799849269,87.79802655807096,93.60367709608964,1.0
H0482,2025-02,CSE,7,6.849316562024968,84.57947628973776,84.13760172552902,3.0
H0483,2025-02,Mech,8,6.413296679174567,69.36957347777093,84.46655305743798,2.0
H0484,2025-02,CSE,3,7.8036407245688295,100.0,86.22596298582201,2.0
H0485,2025-02,cs,5,7.106861949389403,92.42175241075962,87.16198873332687,0.0
H0486,2025-02,e.c.e,5,6.560262904643263,85.73737683070844,82.69721218760502,1.0
H0487,2025-02,e.c.e,3,7.227384178837484,89.42442839439259,79.5468148743126,2.0
H0488,2025-02,Computer Science,4,7.6648942064802394,100.0,94.69438799947886,2.0
H0489,2025-02,ME,4,6.3694468421392925,76.27455759434481,91.44859299936238,0.0
H0490,2025-02,Mech,4,7.01994132959503,80.12986835312702,86.80545392764199,1.0
H0491,2025-02,ME,5,6.548060362299821,92.6363097867699,87.21578020606331,0.0
H0492,2025-02,ME,5,6.596656464485215,89.883169709372,91.29193694174194,1.0
H0493,2025-02,Mech,4,7.046026263988656,77.9999870855933,84.14772304633733,1.0
H0494,2025-02,Comp Sci,4,7.649560386991203,98.44799816173035,90.38160057653086,0.0
H0495,2025-02,Civil Engg,4,6.845385737959507,87.83407062186672,82.98714189871704,0.0
H0496,2025-02,e.c.e,7,6.099538714259985,76.08286614109024,78.30444415516075,0.0
H0497,2025-02,ECE,4,7.001610669535313,90.03214431068095,88.83462065376521,2.0
H0498,2025-02,ME,8,6.187331448523506,86.14918382655466,85.90620124114496,1.0
H0499,2025-02,ECE,6,7.0050237082464335,87.75676860632402,94.14966698935909,2.0
H0500,2025-02,ECE,7,6.834746242978218,88.10411445259432,84.00782017658359,3.0
H0501,2025-02,Mech,6,6.713196754641144,90.5280337636108,76.15430225840478,0.0
H0502,2025-02,Civil,4,6.428919239391401,91.8487935214886,91.2579125891065,0.0
H0503,2025-02,Electrical,6,6.926218364496768,86.992551549332,80.06803780688566,1.0
H0504,2025-02,e.c.e,4,6.552427976019088,84.15070307234434,80.14072271403532,0.0
H0505,2025-02,e.c.e,3,6.605827580338277,86.44353107533827,79.7760846070946,2.0
H0506,2025-02,Civil,4,6.755577791870043,95.84061014465058,73.19599942587486,0.0
H0507,2025-02,Computer Science,4,7.326238940245155,,86.11042172665523,3.0
H0508,2025-02,CIVIL,3,6.979876362058927,82.83518591524982,88.81432281175076,1.0
H0509,2025-02,e.c.e,3,6.6310885771387325,,80.34199124301986,3.0
H0510,2025-02,Computer Science,8,8.10770431667094,100.0,100.0,
H0511,2025-02,Computer Science,6,7.7297170746878905,96.15723517017989,98.44051421516913,2.0
H0512,2025-02,Civil Engg,5,6.380390365969073,87.96166687477154,92.08867145896512,1.0
H0513,2025-02,Comp Sci,8,7.537015326813815,99.19723920923343,,2.0
H0514,2025-02,Computer Science,4,7.485078473067979,,98.05983094114815,1.0
H0515,2025-02,CSE,5,7.0343341265615145,90.3810480633533,85.27288329874715,3.0
H0516,2025-02,cs,8,6.096583355111189,99.14214578932496,94.82852940579573,2.0
H0517,2025-02,Comp Sci,6,7.028590580609164,91.60849074012481,81.24362363084444,0.0
H0518,2025-02,Mech,5,7.811305589669326,100.0,87.29858425883728,1.0
H0519,2025-02,Computer Science,4,7.572935012486209,89.45724034684373,90.09653851984243,2.0
H0520,2025-02,Civil,3,7.020814001469342,82.10902622214516,78.45343359744848,1.0
H0521,2025-02,CIVIL,3,,92.39712171195157,70.6464819949306,0.0
H0522,2025-02,e.c.e,3,6.7277351508308625,71.97323722079078,68.92301964629804,
H0523,2025-02,Comp Sci,7,7.068039573149061,,100.0,1.0
H0524,2025-02,ME,6,7.417029911208521,94.9462945279042,74.13228819577647,
H0525,2025-02,Computer Science,5,6.682743380750995,91.04882523151517,74.06814480405097,3.0
H0526,2025-02,Electronics,7,6.422352939533977,68.00832805761445,87.82084477410537,0.0
H0527,2025-02,EEE,3,7.521569246950535,76.22609229234287,76.16015316037334,1.0
H0528,2025-02,E.E.E,4,7.278205762024462,87.72122572655252,76.61153602289907,1.0
H0529,2025-02,Civil,5,6.834263793498365,88.36188259346419,63.41324877475136,1.0
H0530,2025-02,cs,8,6.744851812876913,90.8386517568756,87.889678555265,1.0
H0531,2025-02,Mech,6,7.131194322802686,87.1617344899642,78.86803894626868,0.0
H0532,2025-02,Mech,8,6.559649415866355,89.45754823445027,87.0270587202589,3.0
H0533,2025-02,e.c.e,4,6.211998966514743,87.2240192879992,82.11347899937374,1.0
H0534,2025-02,ME,8,6.8570141549075245,84.98996370305511,85.68540832411557,0.0
H0535,2025-02,Comp Sci,3,8.248654613660234,95.88575654212816,87.84996422272498,0.0
H0536,2025-02,Computer Science,4,6.826446410210026,81.7834233179821,84.16350525076776,1.0
H0537,2025-02,ECE,6,7.148270626375852,90.11220219763811,77.75514607303157,
H0538,2025-02,Computer Science,3,7.628010148954801,81.70008190055763,82.1064494362042,1.0
H0539,2025-02,Computer Science,8,7.088801302700412,91.45504200104138,79.06087216791578,2.0
H0540,2025-02,CIVIL,8,6.0652504428597265,86.52007903346986,92.26958671863169,0.0
H0541,2025-02,EEE,6,7.479497989187306,84.47209176291695,83.21441079371127,1.0
H0542,2025-02,Mechanical,4,6.7200582660488255,90.97306354217054,69.09929944485131,0.0
H0543,2025-02,CIVIL,3,6.755084868133452,98.51939929227964,87.06765749857236,0.0
H0544,2025-02,EEE,6,6.96548334407574,77.21670050159246,78.7757533530004,2.0
H0545,2025-02,cs,6,7.5334774882300515,98.31683391399713,89.75077000349908,0.0
H0546,2025-02,ECE,7,6.544611725494442,93.4972990109088,81.90553833677211,1.0
H0547,2025-02,e.c.e,6,6.383230617685534,82.24556820936034,93.26178619007482,1.0
H0548,2025-02,Computer Science,3,7.753406119930589,97.32755135877855,87.62964526682248,0.0
H0549,2025-02,Civil Engg,3,5.59473940790081,80.1005933849384,86.65883393830472,2.0
H0550,2025-02,Electronics,7,6.702754773106345,95.40739172430693,89.35511993482041,0.0
H0551,2025-02,ECE,3,6.8787357198882555,63.56946580727828,74.94725095860254,4.0
H0552,2025-02,CSE,8,7.1369333739124805,99.6786934136159,88.6417744830501,0.0
H0553,2025-02,Comp Sci,3,,76.95861608475533,79.60567735902158,0.0
H0554,2025-02,E.E.E,7,6.626693781941172,84.45331378013597,74.18851876571358,0.0
H0555,2025-02,CSE,8,7.802047317824211,83.29723216790285,80.69638244353524,1.0
H0556,2025-02,cs,5,7.738036364295117,100.0,95.59655578116971,1.0
H0557,2025-02,cs,3,7.414946538226074,85.81026807604128,100.0,3.0
H0558,2025-02,ECE,8,6.472285226685139,79.79736979433395,77.43933092406323,3.0
H0559,2025-02,Mechanical,4,6.544734723536834,91.75038322971834,83.15173983061958,1.0
H0560,2025-02,e.c.e,6,7.2286000838532125,92.93849464228181,88.39313822533464,1.0
H0561,2025-02,Comp Sci,8,7.356308663652568,87.20536573145772,85.4894882936743,0.0
H0562,2025-02,Comp Sci,7,6.198125339069582,75.94348865627556,92.65109215142027,0.0
H0563,2025-02,Civil,3,5.745013601166575,72.77238216576417,95.94644531160172,3.0
H0564,2025-02,ME,7,6.862180557159532,96.01604113967814,80.68592849040185,0.0
H0565,2025-02,Mechanical,3,6.760325934554108,89.37067281803323,97.22793801124648,1.0
H0566,2025-02,ME,7,,,80.01110483388479,1.0
H0567,2025-02,CIVIL,6,6.869861411509068,89.48594466492806,77.79286914282574,1.0
H0568,2025-02,CSE,4,7.493494451226365,72.3213632216616,86.12930355030085,1.0
H0569,2025-02,ECE,5,6.724593575150668,83.04541687101857,90.76751821595522,0.0
H0570,2025-02,ECE,3,6.474951697610552,81.79731802490105,82.39692016796354,2.0
H0571,2025-02,Computer Science,8,7.103498347139049,96.13179388190282,92.66397335842721,
H0572,2025-02,Civil Engg,4,6.3785626152288835,72.7851466371167,85.09309345986854,0.0
H0573,2025-02,ECE,4,6.35920926415004,92.8357981757396,92.83695547672085,
H0574,2025-02,Civil Engg,6,6.220648344258952,97.01502686687131,85.21817650971296,0.0
H0575,2025-02,Civil,7,6.740006982316825,71.57079620574599,95.0589450585143,3.0
H0576,2025-02,ECE,6,6.941914608361504,86.99790988040009,79.98584919954705,1.0
H0577,2025-02,Electrical,6,6.5373935251798105,89.08193685442485,82.66882534942421,0.0
H0578,2025-02,Mech,6,6.144004525397827,92.027732223362,84.03540611969377,0.0
H0579,2025-02,Civil,8,7.564911548946258,70.26150523410516,80.77244523699913,1.0
H0580,2025-02,CSE,5,7.198236831415347,92.6152840129816,82.19225711621787,0.0
H0581,2025-02,e.c.e,7,7.448355268189258,86.58202786717256,90.22886548669223,3.0
H0582,2025-02,Electronics,7,7.5390301582031025,86.88869988893492,93.08864482892847,2.0
H0583,2025-02,Computer Science,8,7.297056760136896,100.0,,0.0
H0584,2025-02,e.c.e,8,6.3330251135525835,82.05298239666072,90.10911128295487,1.0
H0585,2025-02,E.E.E,7,6.398485589571596,88.37805219895161,76.04127071423376,0.0
H0586,2025-02,Mechanical,4,,85.53982568047995,82.86521750198521,2.0
H0587,2025-02,cs,7,7.528780532425021,92.4979859202325,81.68038556467208,3.0
H0588,2025-02,CSE,7,7.0515735689357815,91.0691393168069,86.73361242257009,0.0
H0589,2025-02,Computer Science,4,7.266684150476846,95.84877973548181,91.36394011981953,2.0
H0590,2025-02,cs,7,6.960035660732235,80.83547337178487,95.58088261941027,
H0591,2025-02,EEE,4,6.592693365921399,86.59003048634165,76.1528218909312,1.0
H0592,2025-02,e.c.e,6,6.643749973832939,86.84915791850123,86.97544362795256,1.0
H0593,2025-02,Comp Sci,7,7.593931967326117,,98.21318153259922,1.0
H0594,2025-02,ME,4,7.4427230397522415,81.17161189112346,81.04248300945909,1.0
H0595,2025-02,Computer Science,5,7.730195968706125,96.17565231122215,79.66441930688008,0.0
H0596,2025-02,CSE,7,7.440333507275773,83.92997170910895,76.47661127167243,2.0
H0597,2025-02,Mechanical,5,6.605899468150038,100.0,88.0119586107867,1.0
H0598,2025-02,ME,8,6.837026817480193,93.00398565347163,79.2410424262548,1.0
H0599,2025-02,Electrical,3,6.9208920250614625,87.84187396842827,86.52193608906164,1.0
H0600,2025-02,Mechanical,7,6.449678137494682,97.90312259870211,83.36152838024162,2.0
C0001,2025-02,Electronics,7,6.154340366449948,87.98409042129504,93.19544530709345,1.0
C0002,2025-02,CIVIL,8,7.0368452624902815,86.74121082477212,89.80022316359853,3.0
C0003,2025-02,EEE,3,6.797877979293594,74.07876137383076,78.79156004281724,3.0
C0004,2025-02,Mech,8,6.79074319548691,89.09467449055094,80.57546859939302,1.0
C0005,2025-02,E.E.E,5,7.031951340633488,96.17183446544666,89.51307860654578,1.0
C0006,2025-02,Civil Engg,5,7.051082254082134,82.620898076734,79.04098763125634,0.0
C0007,2025-02,CIVIL,5,7.094711050622291,72.8692761519969,94.91780548699235,0.0
C0008,2025-02,Comp Sci,6,7.280747308210002,78.906008916938,84.87278771930916,0.0
C0009,2025-02,Mechanical,6,6.773432438087423,100.0,91.18182457901274,3.0
C0010,2025-02,e.c.e,5,6.866217269948681,83.88145388502396,80.74970121058443,0.0
C0011,2025-02,ME,3,6.825664951330827,96.81169445843341,80.47555170657533,0.0
C0012,2025-02,ME,8,6.8319511191151525,86.11587649515896,80.21535820165397,2.0
C0013,2025-02,Electrical,4,6.935976349375627,84.03273015537246,99.33187181473383,0.0
C0014,2025-02,Electrical,3,7.217941563478699,100.0,84.57808314008123,2.0
C0015,2025-02,cs,6,7.128569458082672,85.65612026566438,100.0,0.0
C0016,2025-02,ME,5,,82.17180003757079,84.17148247957562,0.0
C0017,2025-02,Mech,6,6.614953373883726,91.42450501122208,80.96677930541072,0.0
C0018,2025-02,Computer Science,8,7.552993070836679,85.44324640814753,75.8514441383552,2.0
C0019,2025-02,cs,3,7.395176420220897,95.23173965508016,96.90294394312177,1.0
C0020,2025-02,Comp Sci,4,6.8911023435611805,91.67450008112655,85.95803891344185,0.0
C0021,2025-02,CIVIL,6,7.4333510655862804,92.62199450168525,,0.0
C0022,2025-02,e.c.e,7,6.53052218800202,79.70603154643321,99.87105867282257,0.0
C0023,2025-02,E.E.E,6,7.045252657015949,73.74390324650989,90.86115840267695,1.0
C0024,2025-02,e.c.e,5,7.040892764993183,78.80641009682647,86.85593272331835,0.0
C0025,2025-02,Electrical,6,7.030597570940944,80.54431460915711,94.18023561680886,1.0
C0026,2025-02,Electronics,8,7.4980655117815616,90.49257281378459,92.99042911572582,0.0
C0027,2025-02,Civil,5,5.978705392707171,75.92213319316592,72.4331187111253,0.0
C0028,2025-02,cs,8,7.419593435452894,,96.7387055441052,0.0
C0029,2025-02,Mech,7,6.113040174808823,75.01909006431177,82.81627191827563,0.0
C0030,2025-02,CIVIL,4,6.957950839913031,89.40295837123531,96.17832331731881,1.0
C0031,2025-02,Electrical,4,6.799995631488294,92.18819172064606,89.35075895141199,
C0032,2025-02,Civil,7,6.892045795038096,80.80588362777343,92.19045252683253,1.0
C0033,2025-02,Computer Science,4,7.175403124857916,84.27719554847737,85.07065979397018,1.0
C0034,2025-02,ECE,5,6.9704208584880964,90.83280789571837,74.36125029776102,0.0
C0035,2025-02,Comp Sci,4,6.95733583454604,87.61860436687873,89.32700677516415,1.0
C0036,2025-02,cs,6,7.890138564246793,98.31339462837327,94.91776918405148,0.0
C0037,2025-02,ME,4,6.079314492577772,83.05082747963174,79.3677223921463,1.0
C0038,2025-02,ME,6,6.969465638426761,80.10399095857822,84.44939193974605,1.0
C0039,2025-02,Civil Engg,8,6.048320799038963,92.21562624682024,66.92549889523629,0.0
C0040,2025-02,Civil Engg,7,6.049544185517245,82.21619454144955,82.59990870781722,1.0
C0041,2025-02,Mech,8,6.231094947544897,78.10694718166523,74.62492384942216,0.0
C0042,2025-02,Civil,3,6.91693323391755,92.27292289725523,87.75965835242707,2.0
C0043,2025-02,CSE,5,7.81447694468676,100.0,,0.0
C0044,2025-02,CSE,4,7.583343559495853,91.09836665190757,89.04762787945059,1.0
C0045,2025-02,Mech,8,6.757750781646815,76.81022285487272,93.09267595497957,2.0
C0046,2025-02,Civil Engg,7,6.5995101365874955,97.12138779724734,85.51942390550231,0.0
C0047,2025-02,Comp Sci,4,7.7970596689497045,92.70813250159738,90.36150557042464,1.0
C0048,2025-02,ECE,6,6.410097651002818,,84.93590568691455,2.0
C0049,2025-02,ME,6,6.87808216290827,82.40347528425787,80.59792721939512,1.0
C0050,2025-02,Comp Sci,5,7.020057865142941,96.38453608042022,,0.0
C0051,2025-02,e.c.e,5,6.931209895356381,76.46186445719914,77.93701989474039,1.0
C0052,2025-02,Civil Engg,3,6.732276060080632,77.24452583454291,88.9585793882687,0.0
C0053,2025-02,ME,5,6.485126850187127,99.70198688606762,92.04643303031546,0.0
C0054,2025-02,CSE,5,7.944212972462663,82.93489433364961,81.97125061948398,2.0
C0055,2025-02,Civil,7,7.472880023001917,96.74181182454726,78.93860292472318,1.0
C0056,2025-02,cs,8,7.447998357015394,100.0,81.22583854313837,0.0
C0057,2025-02,Civil Engg,7,7.259795678908971,87.14887402721341,97.21812605835072,0.0
C0058,2025-02,cs,3,8.085459334988514,83.07434532418252,85.19883745040686,0.0
C0059,2025-02,ME,8,6.385896009114327,88.89179103853266,74.37393229413269,1.0
C0060,2025-02,e.c.e,5,7.039460918868325,99.1298887589343,89.75989084095774,0.0
C0061,2025-02,CSE,5,6.58800626250288,89.85379278460103,67.1881723354858,2.0
C0062,2025-02,Civil Engg,8,7.6689117169863446,,81.60026414296071,0.0
C0063,2025-02,Comp Sci,8,,,96.2137618712841,1.0
C0064,2025-02,cs,3,7.666580609037665,78.26517330408416,81.94408471587191,0.0
C0065,2025-02,Comp Sci,5,6.383580868097315,78.05435047499496,83.07437803184582,3.0
C0066,2025-02,Mechanical,7,6.703838571671243,83.1949953707904,86.3405666457855,1.0
C0067,2025-02,CIVIL,6,6.2452631287231455,84.39167160966308,84.8888239504655,2.0
C0068,2025-02,EEE,4,6.274266411412104,73.71335889086936,78.4906050201134,0.0
C0069,2025-02,Comp Sci,6,8.228354358339447,,93.3699572130101,
C0070,2025-02,e.c.e,8,6.4998123508340875,87.83986873152573,92.70127814072487,3.0
C0071,2025-02,CSE,4,7.220982511422241,85.4244651628086,78.85355646394844,2.0
C0072,2025-02,Mech,7,6.4310542949023555,66.9931185643383,79.81823798739732,0.0
C0073,2025-02,EEE,7,7.238355983412674,88.23061075872911,85.8185860195951,1.0
C0074,2025-02,Mechanical,8,6.9226002845188725,100.0,91.24839792670302,0.0
C0075,2025-02,ME,4,7.317787879950604,91.26250011071616,87.00589848227911,0.0
C0076,2025-02,Electronics,4,6.418329447765312,84.48630990722116,,0.0
C0077,2025-02,Electrical,6,7.015018897236518,84.74602269391275,76.06174271330443,1.0
C0078,2025-02,Electronics,6,6.657355809294476,88.96484148843918,75.37302637070403,2.0
C0079,2025-02,cs,5,6.5402862385029765,88.77890434913839,87.60086408154714,1.0
C0080,2025-02,e.c.e,7,,90.15800006066743,79.86926204364974,1.0
C0081,2025-02,Computer Science,7,7.255388090200811,78.48617941247244,84.01264799955725,2.0
C0082,2025-02,Comp Sci,4,7.60212490640645,89.12769695127415,86.93436282568138,0.0
C0083,2025-02,Computer Science,7,7.159665949118014,83.28949206592496,100.0,4.0
C0084,2025-02,ECE,4,6.6596931533216654,88.93723103156069,81.5464042501396,1.0
C0085,2025-02,ME,5,5.814486792750265,65.92560901179634,89.96487385844424,0.0
C0086,2025-02,CSE,3,7.489756958070136,85.51748143905891,97.10011926909011,1.0
C0087,2025-02,e.c.e,5,6.733140357775108,88.22336082413273,88.43565985014894,1.0
C0088,2025-02,Electrical,8,6.7266514556643475,90.17548481679532,77.58329903094962,0.0
C0089,2025-02,CIVIL,5,6.736861774975681,84.33979845331272,84.51622736210828,0.0
C0090,2025-02,Electronics,7,7.08581091483325,69.80223406204564,83.49109627858802,1.0
C0091,2025-02,Comp Sci,3,7.25957365770046,,100.0,1.0
C0092,2025-02,CIVIL,6,6.34461036537486,98.0123986354561,87.2364625163724,0.0
C0093,2025-02,CSE,5,7.0173641331263,80.46323601766339,84.82613626053852,1.0
C0094,2025-02,CSE,7,7.781870589862656,86.12604536165993,100.0,4.0
C0095,2025-02,Electrical,8,7.24769584076591,,85.1875867626654,0.0
C0096,2025-02,Electronics,6,6.867523784941091,92.22188829956357,88.45423035258082,1.0
C0097,2025-02,Mech,3,5.989863937076519,91.8589275578839,86.87171362709904,1.0
C0098,2025-02,Mechanical,5,6.340285359323558,92.61000938207305,85.89078908004215,2.0
C0099,2025-02,Mech,3,7.2736480287616665,74.22307346932108,84.83463845582753,0.0
C0100,2025-02,cs,5,7.369099765675617,83.76766862672928,,2.0
C0101,2025-02,Computer Science,3,6.965899592807966,91.959061247061,81.66775751986256,1.0
C0102,2025-02,cs,6,6.824903649130072,86.18972514398732,93.80020247568149,0.0
C0103,2025-02,cs,4,7.599827044578302,91.37152714127721,85.70412032259685,0.0
C0104,2025-02,Civil Engg,4,6.4135106460277,82.14083660364449,91.42773511176625,1.0
C0105,2025-02,CSE,3,7.48127747219558,84.75864594911491,94.78577248440536,1.0
C0106,2025-02,Mechanical,8,6.728284288620082,83.80435049578922,88.63384255004115,1.0
C0107,2025-02,Civil,8,6.31996552420551,75.91739449987725,83.25340165721664,1.0
C0108,2025-02,Civil Engg,7,,78.16979736074373,90.6067099608003,1.0
C0109,2025-02,e.c.e,3,7.434265225055326,86.66849430810147,90.34857983763654,1.0
C0110,2025-02,Electronics,5,6.055357598982342,83.11087286316632,59.88520791530988,0.0
C0111,2025-02,E.E.E,8,6.811844712547674,90.41253901379059,79.20620144538069,0.0
C0112,2025-02,Mechanical,6,7.387303700002008,84.46486091274875,87.04379957176764,0.0
C0113,2025-02,Civil,3,6.7227959193774165,99.25732236869817,86.86598287983985,0.0
C0114,2025-02,Electrical,3,7.140317866376223,97.37851197992123,91.658487825871,0.0
C0115,2025-02,Civil Engg,4,6.018514840696884,79.79284159274891,93.5744611150574,0.0
C0116,2025-02,CSE,8,7.21274838350742,88.63680384622262,90.29784456538363,1.0
C0117,2025-02,ME,4,6.400824645636639,94.57629218434411,69.27471681352297,1.0
C0118,2025-02,Computer Science,8,8.11863905060144,88.35721030777209,94.43189143703302,2.0
C0119,2025-02,Mech,7,6.688877239759124,80.41787925671427,94.00373553311036,1.0
C0120,2025-02,Electrical,8,7.033282875620768,97.08945761989519,86.58874312741865,2.0
C0121,2025-02,e.c.e,7,6.589447163687124,92.16005885836042,87.16176746221629,1.0
C0122,2025-02,e.c.e,4,6.4349914032547915,94.31458003528846,81.3126687832825,0.0
C0123,2025-02,cs,7,7.841531410173847,92.47631583211115,95.92761365138279,0.0
C0124,2025-02,E.E.E,4,6.06802133796904,80.61515463576117,79.02565309689156,0.0
C0125,2025-02,Computer Science,4,7.217583734810532,78.00113738093836,92.13531284791624,0.0
C0126,2025-02,CSE,4,7.412771980395615,90.06927500872888,,2.0
C0127,2025-02,Computer Science,3,8.113687957892475,99.76111763604092,89.6108714740127,3.0
C0128,2025-02,cs,3,7.243126983682259,96.43022869101603,88.96711055449057,2.0
C0129,2025-02,ECE,4,6.335485102229793,92.46176179720102,84.23379935421542,3.0
C0130,2025-02,ECE,3,6.579276224300771,90.29304796135027,91.86945842221058,0.0
C0131,2025-02,CSE,5,7.55185288789798,100.0,93.13453451532645,0.0
C0132,2025-02,cs,3,7.101998053431743,76.73134172620391,95.69952000558186,1.0
C0133,2025-02,Comp Sci,3,6.538811234827083,88.65160575114582,80.57692411899639,1.0
C0134,2025-02,e.c.e,8,7.191756860641401,81.12085395181643,82.06965097018264,2.0
C0135,2025-02,Computer Science,3,7.062049244122773,100.0,88.44009288415873,0.0
C0136,2025-02,Mechanical,3,6.848648081856075,81.37459405645448,90.09486527382025,1.0
C0137,2025-02,Comp Sci,3,7.13534507162238,96.04100535101482,90.89147866886628,2.0
C0138,2025-02,cs,3,7.767751756882158,86.17081984055123,83.8243563678075,2.0
C0139,2025-02,ECE,6,6.982090030217169,89.57557513131152,90.75828557847927,4.0
C0140,2025-02,Electronics,7,7.5670546621457335,87.70838089701559,83.42006958238505,0.0
C0141,2025-02,cs,7,6.691786144636252,86.27782982848919,90.1976043533134,3.0
C0142,2025-02,Computer Science,6,6.922813886097324,88.53478584558971,86.92932726237443,2.0
C0143,2025-02,Civil Engg,3,6.2516685894426685,91.79046979297108,81.82085371195114,2.0
C0144,2025-02,Comp Sci,7,7.70439424401948,88.29700392499426,84.69778521066131,0.0
C0145,2025-02,ECE,3,6.883605202289908,92.05665240340623,84.85307126985138,1.0
C0146,2025-02,e.c.e,6,7.358416549839572,95.90453901038987,87.35665844354088,3.0
C0147,2025-02,Computer Science,5,7.159756067785455,84.34328675573857,,1.0
C0148,2025-02,Electronics,8,7.254692304092758,100.0,,1.0
C0149,2025-02,Civil,4,6.081248723287519,90.25299629390553,91.34110927645736,0.0
C0150,2025-02,CIVIL,6,6.731979201491918,,92.65156804353329,0.0
C0151,2025-02,Computer Science,5,7.931234678124924,95.36860237158069,92.02542292882544,1.0
C0152,2025-02,CSE,6,7.456181203634461,95.71786722590163,83.42160465394363,0.0
C0153,2025-02,Comp Sci,8,7.215798909926617,93.78849270775531,89.24505892088358,2.0
C0154,2025-02,ECE,7,6.837344524877057,87.63663306787195,,1.0
C0155,2025-02,Mechanical,5,7.026174701334243,58.80285023655807,86.37817608114307,0.0
C0156,2025-02,CSE,5,7.642060460014762,82.58414785245948,96.23295642547198,0.0
C0157,2025-02,CSE,7,7.599172185337957,,88.39885750222209,0.0
C0158,2025-02,Electrical,5,7.067117857586757,78.51189543189892,72.64239654893376,1.0
C0159,2025-02,Comp Sci,4,7.5980330469132795,93.45521821201491,94.23075796452889,1.0
C0160,2025-02,e.c.e,5,6.322769771686129,90.67878292038696,85.28807586142152,0.0
C0161,2025-02,Mechanical,3,6.489926416607766,84.63463999091951,85.62065371415648,0.0
C0162,2025-02,cs,4,6.946997747288403,72.44779922077562,77.4488409833618,1.0
C0163,2025-02,Comp Sci,5,7.23814499046478,82.37738300602753,81.66327061303163,2.0
C0164,2025-02,CSE,7,7.648231447119994,95.53718268655851,84.3885280914909,
C0165,2025-02,E.E.E,7,6.607594152313631,95.64458318202156,80.54223276651616,3.0
C0166,2025-02,CSE,4,6.4564961969666905,67.70062170061685,,0.0
C0167,2025-02,CSE,5,6.765233375585558,87.29777714178347,77.48935362908712,0.0
C0168,2025-02,Computer Science,3,7.546282395501546,77.47520604093818,100.0,0.0
C0169,2025-02,CSE,7,7.063702615953631,88.17449613002466,97.12893697661629,1.0
C0170,2025-02,Mech,4,6.790642825446423,85.57837063848005,87.89700827640937,0.0
C0171,2025-02,Comp Sci,7,6.4498147549237625,100.0,85.25628606424864,0.0
C0172,2025-02,Mechanical,8,7.100993337185224,81.89085400979744,98.0670039312624,1.0
C0173,2025-02,Mech,7,7.070294511646326,94.67066656271588,96.73201983748955,0.0
C0174,2025-02,Civil Engg,4,6.823300349648495,94.91574834440719,80.78761178490797,0.0
C0175,2025-02,Comp Sci,8,7.274276895743986,85.70892893404826,88.15298261647109,0.0
C0176,2025-02,Civil Engg,7,6.766978663963307,87.77897081921763,84.67322079987007,0.0
C0177,2025-02,Mechanical,6,7.193584669179629,87.97664574762287,85.28555276725378,3.0
C0178,2025-02,CSE,8,6.417289843310961,78.77041568869346,82.5435750664563,1.0
C0179,2025-02,Civil Engg,8,6.691474172156539,79.03924208310943,84.12718658563811,0.0
C0180,2025-02,CIVIL,3,6.262860690754578,79.47633530174167,83.08048671340669,2.0
C0181,2025-02,Comp Sci,8,6.9424816308652275,77.83793563914804,87.58967644652442,
C0182,2025-02,E.E.E,7,6.385985477170629,80.37062145369975,93.39925864395754,2.0
C0183,2025-02,ECE,4,6.89511661104797,83.93160771934319,78.88013444047431,0.0
C0184,2025-02,Mechanical,4,6.886949277720032,87.48918063401716,92.04270580242269,2.0
C0185,2025-02,EEE,7,6.914715052367756,90.57481978991275,78.6352914163352,2.0
C0186,2025-02,ECE,4,6.890161486387826,84.445132607215,86.7414716163432,0.0
C0187,2025-02,Civil Engg,5,7.214008525234735,80.50828222688378,93.07514301755678,0.0
C0188,2025-02,Comp Sci,7,7.215945366579167,90.00582748327159,89.69132865647545,3.0
C0189,2025-02,Civil Engg,6,6.791919790552452,93.5919728969785,84.20058279976584,1.0
C0190,2025-02,Mech,8,5.280571500987011,76.52220116432119,81.09658955893305,0.0
C0191,2025-02,cs,3,8.114122445054342,82.84357675124355,100.0,3.0
C0192,2025-02,Electronics,4,7.142515330229817,84.15172066896406,82.76139497459016,
C0193,2025-02,Comp Sci,8,7.074517502823339,88.02879273460563,92.74596293605289,0.0
C0194,2025-02,cs,6,7.944961651233202,100.0,98.02027222919101,2.0
C0195,2025-02,cs,4,6.603293456022896,,,1.0
C0196,2025-02,CSE,4,7.537782867739493,89.50136003920174,100.0,2.0
C0197,2025-02,cs,5,7.570869969801493,100.0,100.0,1.0
C0198,2025-02,Comp Sci,6,7.202429670953341,88.40617432680021,95.58827572221942,3.0
C0199,2025-02,Mech,4,6.557278299330198,95.07759525531941,90.35828032893767,1.0
C0200,2025-02,Mechanical,6,6.946614420235682,95.99192502555725,73.20236001668636,0.0
C0201,2025-02,ME,5,6.552968412575714,95.35295698062002,75.9778766570907,1.0
C0202,2025-02,CSE,6,7.021968015470361,89.78317991226459,85.77036970740942,0.0
C0203,2025-02,CIVIL,3,,86.42586077307861,79.92032199079183,0.0
C0204,2025-02,Mech,6,6.2894185709482295,83.57087789974177,86.81277876424548,2.0
C0205,2025-02,Comp Sci,8,7.292564005521469,94.47850263593998,66.92447077945,0.0
C0206,2025-02,Comp Sci,3,7.535306330746333,83.49875187922008,93.4700233699603,1.0
C0207,2025-02,Mechanical,4,7.216426726299486,85.04112962183814,85.0575684630677,0.0
C0208,2025-02,Comp Sci,7,7.51341469914525,100.0,85.01883748202704,2.0
C0209,2025-02,e.c.e,6,7.687215329391494,92.09971367538807,99.5996154083176,1.0
C0210,2025-02,EEE,7,6.7640442982012035,94.76609904490282,84.11895456329343,1.0
C0211,2025-02,Comp Sci,6,7.762266852411065,77.517186923027,75.12149922691091,1.0
C0212,2025-02,CSE,7,7.2305657944134625,85.37841187927536,91.28916607460025,1.0
C0213,2025-02,Electrical,6,7.425466813301972,89.98233780947362,89.14099615214658,3.0
C0214,2025-02,Mech,3,6.455738925779658,,,
C0215,2025-02,cs,7,6.636842551530638,76.31530846088688,100.0,1.0
C0216,2025-02,Civil Engg,5,6.379645956523779,89.40902262189368,83.69040289408755,2.0
C0217,2025-02,Civil,3,5.996066618598185,91.40720196478536,88.74383007289912,1.0
C0218,2025-02,Electronics,5,6.438181714965881,,85.13611992717955,1.0
C0219,2025-02,Mech,5,6.591574115472473,91.13823959122583,92.65117819100206,2.0
C0220,2025-02,cs,3,7.785472565110743,100.0,,1.0
C0221,2025-02,Comp Sci,8,7.083100817590059,99.81359080086813,79.34111549006256,1.0
C0222,2025-02,Mechanical,4,6.291079771344347,81.28697695773704,87.45267154312258,1.0
C0223,2025-02,cs,4,7.181248599289055,79.73355778982597,89.89409208847594,0.0
C0224,2025-02,Mechanical,5,6.465999899432269,,89.88909728461671,1.0
C0225,2025-02,Civil Engg,7,6.695448102740755,100.0,79.00904067345228,2.0
C0226,2025-02,CSE,7,7.236815579942474,98.07743552601346,89.89254029503162,0.0
C0227,2025-02,ME,7,6.799880998228259,87.23187769092895,75.27278542769736,2.0
C0228,2025-02,CSE,4,6.605753213741455,98.57740160402042,81.79289348894527,0.0
C0229,2025-02,Civil Engg,8,5.644218075245377,92.32609314634561,76.90890855069732,
C0230,2025-02,CSE,7,7.721718018255641,73.83978759667195,91.77600573078945,0.0
C0231,2025-02,ME,5,6.690368580942924,93.1260659608836,80.21901045685145,1.0
C0232,2025-02,Mech,6,7.02197147890276,88.99481838196942,77.6379212048963,1.0
C0233,2025-02,Electronics,3,,78.42431378467656,80.40307496049871,3.0
C0234,2025-02,ME,7,7.181389891687047,86.17192839037595,88.6607943613327,0.0
C0235,2025-02,ME,8,6.6458518792142325,90.1529745792672,86.87899026900745,2.0
C0236,2025-02,ME,5,6.007119744308904,76.61341100270695,76.61518870927301,1.0
C0237,2025-02,Civil Engg,6,,85.1725196650229,91.08164144169538,1.0
C0238,2025-02,Electrical,5,6.839684163364111,82.37780779659403,94.98361036696477,1.0
C0239,2025-02,e.c.e,3,7.076328495201873,93.57926863042748,92.7268308942451,1.0
C0240,2025-02,ECE,6,6.4180828013987625,82.17021224694498,67.40095140529334,1.0
C0241,2025-02,Computer Science,7,7.456468074165347,74.9790861632034,89.47714592295316,1.0
C0242,2025-02,Civil,8,6.48069838621755,81.45463369927808,83.04409999977321,0.0
C0243,2025-02,Electronics,8,6.788123079387753,78.67955249997429,71.08347357434502,3.0
C0244,2025-02,Electronics,5,6.718041828990639,74.8522715078774,75.18517155148193,3.0
C0245,2025-02,Comp Sci,8,7.285389957616929,98.1560655507453,93.55414204876573,0.0
C0246,2025-02,CIVIL,6,7.241077017563389,94.7898662943409,88.88513305111208,0.0
C0247,2025-02,e.c.e,6,6.6023398225661385,77.41406719536715,,1.0
C0248,2025-02,Mechanical,6,6.902883946335716,76.07929070987745,80.76596871968933,0.0
C0249,2025-02,Computer Science,8,8.284658417328444,91.08001279071824,98.93725993459411,0.0
C0250,2025-02,E.E.E,7,7.016423765844312,75.62624564952361,76.68633859904882,0.0
C0251,2025-02,Computer Science,3,6.128136439032972,82.52938228405755,77.21508884364152,1.0
C0252,2025-02,CSE,3,7.44471626733375,87.81475332865227,84.17638028836186,3.0
C0253,2025-02,Civil Engg,5,6.332875861198888,86.13998590456967,71.93754990797116,2.0
C0254,2025-02,E.E.E,6,6.983088468946227,89.77317721066026,80.01727458138004,0.0
C0255,2025-02,CSE,7,7.09031345675297,81.90634128496248,94.79337874067372,0.0
C0256,2025-02,e.c.e,5,7.589631402318219,87.83952075065409,80.51670064263604,1.0
C0257,2025-02,Mech,6,7.520412041848999,96.80759937647139,91.13354880917633,2.0
C0258,2025-02,Civil Engg,8,7.400417528724878,69.77956434783016,,0.0
C0259,2025-02,ECE,5,6.34098223680788,86.27886157359629,81.40579271088511,1.0
C0260,2025-02,Electronics,5,6.999298377757331,76.96866089588978,75.55568415054138,0.0
C0261,2025-02,Mechanical,6,7.5761551842490045,98.9835290459942,87.37977056480108,1.0
C0262,2025-02,Mechanical,5,6.175736005818294,89.85689575444971,67.43320242994508,0.0
C0263,2025-02,CIVIL,8,6.758912425634576,91.38167686038365,80.4048844246511,1.0
C0264,2025-02,Mechanical,8,6.918579212530631,79.3311509806668,,0.0
C0265,2025-02,cs,6,7.8348098509998145,90.56499234219567,93.77146003763292,1.0
C0266,2025-02,E.E.E,5,7.5875241576643555,90.86405899885962,85.99122314737473,0.0
C0267,2025-02,CIVIL,6,6.96186439704481,67.77783028128064,81.60811749106442,3.0
C0268,2025-02,Civil,4,7.248144305897681,87.41167333157715,80.50609461152422,1.0
C0269,2025-02,CSE,5,7.625238287654658,94.49387476491587,85.6154679078653,3.0
C0270,2025-02,Comp Sci,4,7.476514665341387,78.1913233384197,93.17293809614182,0.0
C0271,2025-02,Mech,3,6.685893410804189,90.48055272865264,87.15963688595103,2.0
C0272,2025-02,cs,3,7.251191638092309,88.53836554051607,86.76977720857772,0.0
C0273,2025-02,EEE,6,6.898196352036153,98.2098838372893,90.71397144308261,0.0
C0274,2025-02,e.c.e,3,6.35569388023648,81.12484944160792,83.39536495935042,0.0
C0275,2025-02,ME,6,6.3682904731156444,86.9073422581544,75.17467320009496,0.0
C0276,2025-02,CIVIL,5,6.137747414309171,86.50829468089395,74.92441805264576,0.0
C0277,2025-02,ECE,5,7.052377733570784,64.2919875802965,90.08096400297114,1.0
C0278,2025-02,CSE,7,8.021496193280836,87.40461180203233,79.972750511315,0.0
C0279,2025-02,Mech,6,6.631925826094156,84.81689010716936,80.40145378974208,1.0
C0280,2025-02,Mechanical,7,6.789286282108626,66.50554418639717,83.58232013270624,2.0
C0281,2025-02,ECE,7,6.204951184838496,90.2376190756375,,1.0
C0282,2025-02,Mechanical,3,6.909723594486,87.98059455419416,74.77236165561361,0.0
C0283,2025-02,EEE,4,7.188553760770856,88.4735486003029,78.79712463570124,1.0
C0284,2025-02,Electronics,6,6.803397222412518,90.61494683825,71.16701596086682,2.0
C0285,2025-02,cs,8,6.124443696302674,80.14470168926802,86.60824575329924,2.0
C0286,2025-02,Electronics,3,6.850739002007993,87.76219854710475,89.35902006290833,1.0
C0287,2025-02,e.c.e,3,7.103372381474351,92.59171871646913,79.3983662615568,2.0
C0288,2025-02,CSE,8,7.180749798745929,88.82090264788422,78.03076970655617,1.0
C0289,2025-02,CSE,8,7.406610905705636,75.06758247695124,97.30309279986425,0.0
C0290,2025-02,Mechanical,4,6.66715425930567,85.4391566163426,87.11087355398278,3.0
C0291,2025-02,Comp Sci,5,7.107385582127665,87.81879982428906,82.11387329899401,0.0
C0292,2025-02,Electrical,6,6.495471753761292,92.24436166865341,92.3522646701474,0.0
C0293,2025-02,CSE,4,7.511268537029299,86.32443586651662,89.30489715753274,0.0
C0294,2025-02,Comp Sci,4,7.425412824176237,81.86065026149957,91.22276599567574,0.0
C0295,2025-02,CIVIL,5,7.188824405507557,80.37467659243144,80.08988227146988,0.0
C0296,2025-02,Civil,6,6.872516281189662,,74.70403053227561,0.0
C0297,2025-02,cs,4,6.800775503553618,90.38625650100224,76.28654622017255,0.0
C0298,2025-02,Computer Science,5,7.879382534098618,100.0,100.0,0.0
C0299,2025-02,Comp Sci,4,6.670562639460234,99.06027991886184,80.09527450594176,3.0
C0300,2025-02,ECE,7,7.011460383396145,,87.48078654852252,0.0
C0301,2025-02,Electronics,3,7.054018763639194,79.37321018428504,88.2124039790502,2.0
C0302,2025-02,cs,4,7.39659316598561,86.91830987705647,86.99003837821289,1.0
C0303,2025-02,CSE,4,7.0221487594362,91.69058028166604,84.81396418848904,2.0
C0304,2025-02,Electronics,8,6.549463182856576,75.37489934788273,84.45741648715611,0.0
C0305,2025-02,EEE,8,6.496420829209754,88.79721990078507,87.52818729648911,1.0
C0306,2025-02,Mechanical,6,6.655123557750032,88.68548808476105,77.20298449798365,0.0
C0307,2025-02,e.c.e,3,6.120637911019124,73.96460541888938,78.74863451293407,2.0
C0308,2025-02,Comp Sci,7,7.46180275345734,78.89267352528925,70.66357933528941,0.0
C0309,2025-02,Computer Science,5,7.6196563753858815,90.96059934241202,73.52359731228188,1.0
C0310,2025-02,Computer Science,8,7.634061834108679,,79.13684121447082,1.0
C0311,2025-02,CIVIL,5,,82.81956483912411,90.1665817894866,2.0
C0312,2025-02,Civil Engg,8,6.104353652238894,84.06601909176969,78.28097626797462,2.0
C0313,2025-02,E.E.E,7,6.4532490721638,80.10631135375144,88.8246318223767,1.0
C0314,2025-02,EEE,4,5.601244188944676,85.20109426624937,84.89066614569775,1.0
C0315,2025-02,EEE,7,,78.95446266585444,84.70869272522019,2.0
C0316,2025-02,EEE,4,6.522098243121171,85.1096259502585,79.71791539689976,0.0
C0317,2025-02,Computer Science,5,6.656736594859455,100.0,85.20706931223829,1.0
C0318,2025-02,Computer Science,4,7.400407172502213,89.620955437747,89.79669806878968,2.0
C0319,2025-02,Comp Sci,7,6.780231821486683,74.9877445399137,100.0,3.0
C0320,2025-02,ME,4,,89.64020053050254,81.04185633000343,1.0
C0321,2025-02,Comp Sci,6,6.654911033634259,95.79219986706589,91.00027220665092,1.0
C0322,2025-02,CIVIL,6,6.821352441159978,91.50725898424774,84.30964368211633,0.0
C0323,2025-02,Mechanical,7,6.686295186259248,84.86590823201803,80.44967603475692,1.0
C0324,2025-02,e.c.e,8,6.3785830532206385,75.54401471133593,87.82849235873252,1.0
C0325,2025-02,CSE,3,7.783407742995876,82.96986416504276,100.0,2.0
C0326,2025-02,cs,8,7.3099565071275885,84.91373239476087,87.36111145752614,0.0
C0327,2025-02,CSE,3,7.366869579877604,85.97751165829916,83.39162613817955,2.0
C0328,2025-02,CIVIL,6,6.841309392205639,79.27421885427098,85.92841359845877,1.0
C0329,2025-02,Mech,5,,94.59951458113606,85.82475186216188,0.0
C0330,2025-02,Mechanical,6,6.165587822771734,90.95522582194224,98.00714257859667,0.0
C0331,2025-02,Computer Science,7,7.733037387494097,97.60318399728284,91.82690247743108,1.0
C0332,2025-02,Electronics,8,6.230817406376517,78.9765019859258,77.76726165355765,1.0
C0333,2025-02,Electronics,5,6.2050956116333165,76.4234400331056,91.63199815294529,
C0334,2025-02,Civil,8,6.4504427163723435,86.7143015393519,90.5957814854741,0.0
C0335,2025-02,Civil Engg,4,,89.62138863030108,91.93609957420865,1.0
C0336,2025-02,CSE,4,7.79099771373016,93.13413373415392,95.18037396393846,
C0337,2025-02,Electrical,5,7.213065250974952,89.83746197790047,93.25831174864311,0.0
C0338,2025-02,cs,6,7.432774550336603,100.0,92.58074983183103,1.0
C0339,2025-02,Civil,7,6.0596984508020615,81.06668697706964,79.88741208088872,0.0
C0340,2025-02,Comp Sci,7,6.868596931931225,91.67251845452407,,1.0
C0341,2025-02,Computer Science,4,7.347256139510554,91.97596199082653,86.2093962617714,0.0
C0342,2025-02,Civil,4,7.464726484051292,89.1768073035883,90.03155490965784,2.0
C0343,2025-02,cs,8,8.497344119805355,98.28541355858347,92.23302628889977,2.0
C0344,2025-02,Electronics,5,6.885625679559218,78.37349436174436,81.28286766260126,
C0345,2025-02,Electronics,4,6.234405569106062,76.92410935856977,82.38389343727718,1.0
C0346,2025-02,Comp Sci,8,7.646331519674566,92.6195935561681,88.4085470916963,2.0
C0347,2025-02,Mechanical,5,6.605662388272874,72.18525904583886,71.8412171741576,0.0
C0348,2025-02,Civil Engg,8,6.644620912314744,,91.5221688494744,2.0
C0349,2025-02,CIVIL,8,6.599460673057131,77.57462914736412,88.14213426171162,0.0
C0350,2025-02,cs,8,8.162763697929213,100.0,87.8016478728552,1.0
C0351,2025-02,ECE,6,7.095141848949805,84.48457792246624,90.97004498859445,0.0
C0352,2025-02,cs,7,8.337455230102668,100.0,,0.0
C0353,2025-02,Computer Science,8,6.417279941013422,83.70893878182851,80.86487114842755,2.0
C0354,2025-02,cs,4,7.143664330647326,87.96446212532055,91.9480892401834,2.0
C0355,2025-02,E.E.E,3,6.406081885559836,91.03129582791597,93.05858512017005,1.0
C0356,2025-02,Civil Engg,4,7.025133223577867,90.58414535483371,89.41555854507871,2.0
C0357,2025-02,Civil Engg,6,7.181565927363225,87.204181006146,81.4891747464139,1.0
C0358,2025-02,ECE,6,7.109916559206035,83.31818049282695,83.19171673772597,1.0
C0359,2025-02,ECE,3,6.456031598977129,81.27359331419879,89.33527029436576,
C0360,2025-02,e.c.e,6,6.467164831291954,100.0,86.65714420980652,1.0
C0361,2025-02,Electronics,4,6.561407906971542,71.56306239579146,90.67941881232916,2.0
C0362,2025-02,ECE,6,7.210192563624816,77.18043185437338,88.6749199062011,
C0363,2025-02,Computer Science,6,7.204240665376645,98.35120295481597,93.59435496730693,1.0
C0364,2025-02,Comp Sci,6,8.011846976350062,99.35147104208866,,3.0
C0365,2025-02,Electrical,5,7.062721129566741,80.7570380691952,77.87993696687657,0.0
C0366,2025-02,ECE,5,6.5886217455421985,70.24917592657033,100.0,0.0
C0367,2025-02,E.E.E,7,6.535977152526747,96.52705626886738,91.99376701386599,1.0
C0368,2025-02,CSE,7,7.6322651512188475,80.65491150931533,100.0,1.0
C0369,2025-02,Mechanical,7,6.682292578991395,81.52146947422334,77.5975969007464,3.0
C0370,2025-02,CSE,5,7.692790645314873,90.5522435786599,91.7793250830343,0.0
C0371,2025-02,cs,5,7.7419871144838,80.49242392887878,89.4604711714442,0.0
C0372,2025-02,Computer Science,4,6.94184213586252,94.79053977887773,92.73952381643873,2.0
C0373,2025-02,Comp Sci,6,7.284246712516885,88.24361935825394,90.56952588664451,0.0
C0374,2025-02,Electrical,3,6.690564782805802,77.99369913054878,86.55745642085394,2.0
C0375,2025-02,CSE,5,7.013606279973074,80.80277157848252,91.75022516847315,0.0
C0376,2025-02,ME,4,6.882166793536454,95.84144427726554,83.74899195531027,2.0
C0377,2025-02,ECE,6,6.3652334890915565,81.32731341200903,78.85036015303331,0.0
C0378,2025-02,Electronics,8,6.766676059725888,91.26213672323416,88.60886904167528,0.0
C0379,2025-02,ECE,8,7.534017070265775,87.73161564329256,83.37424252002664,0.0
C0380,2025-02,Computer Science,5,7.492519994564584,74.3431147635468,86.72606940469845,0.0
C0381,2025-02,E.E.E,3,6.8690335607912285,93.06537604492311,76.14223279033939,4.0
C0382,2025-02,Civil Engg,4,6.589742433116307,94.43543269803135,85.29243501754794,2.0
C0383,2025-02,Mechanical,3,6.3295802674823465,98.72963563414874,76.42235361454892,1.0
C0384,2025-02,e.c.e,7,7.549867571610223,73.55651347961887,87.78102865490237,2.0
C0385,2025-02,Comp Sci,8,5.9609240270251815,59.21704782504477,75.84812554479481,0.0
C0386,2025-02,Electrical,6,6.5514853472273415,90.72890112981571,84.52199327573256,1.0
C0387,2025-02,Comp Sci,4,6.932411755895451,82.29494453681177,92.52677301488711,0.0
C0388,2025-02,CSE,3,7.548555565921255,79.35110521995729,86.00636071601643,1.0
C0389,2025-02,Comp Sci,8,7.170364789015537,89.50039855146626,81.34979544368011,0.0
C0390,2025-02,Civil,4,7.667369170151836,86.0304644298468,94.40468748007707,0.0
C0391,2025-02,Mech,3,,75.44718880952671,91.09342981069749,0.0
C0392,2025-02,Civil Engg,4,6.375227127795005,83.73932375231097,86.32923355602642,0.0
C0393,2025-02,CIVIL,4,5.810532303402693,,78.50857906971412,1.0
C0394,2025-02,CSE,6,7.676081882304615,91.44240255821887,84.97136354950709,0.0
C0395,2025-02,Electrical,8,,85.74536405226073,80.91725303346915,1.0
C0396,2025-02,Electronics,4,6.943234107571304,88.48620669663079,83.52057346564256,1.0
C0397,2025-02,Mech,7,7.588236125324135,74.00320325468661,74.62523108922683,0.0
C0398,2025-02,Comp Sci,3,7.595118163927134,89.54867472228365,82.40760597333933,1.0
C0399,2025-02,Electrical,3,6.257242258516147,86.55949695301179,92.3719076619316,0.0
C0400,2025-02,Comp Sci,3,7.386201637821007,84.56141549347412,,0.0
C0401,2025-02,Computer Science,8,6.867543360840114,78.89874023520127,93.1586689574317,1.0
C0402,2025-02,Electronics,6,6.470509753191088,76.39313379906751,88.29647460723959,2.0
C0403,2025-02,Comp Sci,7,8.121152967805031,87.15571341593402,86.61583639323511,0.0
C0404,2025-02,cs,3,7.159480760650772,96.9916797178722,86.9069362297754,0.0
C0405,2025-02,Mechanical,3,7.14310170268468,98.38038112761537,92.00605303152193,0.0
C0406,2025-02,Electronics,8,6.752126754456667,96.48248530972866,90.26508362499459,1.0
C0407,2025-02,E.E.E,3,6.6246229072401395,72.00186258264904,90.36554692722808,1.0
C0408,2025-02,Comp Sci,3,8.040530045348035,83.09778723317253,89.89176614564398,1.0
C0409,2025-02,Mechanical,6,6.29221210449456,88.04987123540724,82.6409036388475,1.0
C0410,2025-02,ECE,6,6.8161159532856335,95.2679131797031,82.06400592730581,2.0
C0411,2025-02,ME,4,6.661780787354646,78.11861128943686,84.53569898506584,2.0
C0412,2025-02,ME,5,6.51116428886338,87.0655288955378,79.83980364438924,
C0413,2025-02,Electronics,7,7.0241420457563395,76.54189678340792,84.11305886315948,2.0
C0414,2025-02,Electrical,5,6.349048040166807,86.99409337711144,82.64759715116512,1.0
C0415,2025-02,Comp Sci,5,7.976053297778554,84.00433493140297,85.21754302156303,0.0
C0416,2025-02,CSE,3,6.731162601072898,87.8491346280551,91.01617607041078,
C0417,2025-02,Mech,5,6.598197498170472,75.67876551784143,74.52641035880346,
C0418,2025-02,CIVIL,7,6.8454668807438415,73.20923062935273,87.72765398882214,
C0419,2025-02,CSE,6,6.853759987598448,100.0,80.50951672779743,0.0
C0420,2025-02,Electronics,8,6.372513296460843,86.16226821954159,78.71308153023165,0.0
C0421,2025-02,Civil,3,7.034318232473462,100.0,79.66707599816199,1.0
C0422,2025-02,Mech,3,5.710903435897963,94.89910403919268,84.97769253588656,0.0
C0423,2025-02,E.E.E,6,6.761163994290106,69.88915124880924,66.03549212293774,0.0
C0424,2025-02,e.c.e,4,,88.70521412983584,86.04590347481982,1.0
C0425,2025-02,Mechanical,6,,,83.9360946323195,0.0
C0426,2025-02,Computer Science,8,7.249044748164571,85.06727807603141,79.80818604345377,0.0
C0427,2025-02,EEE,5,6.348294744216705,71.4170012875534,86.8714093515233,0.0
C0428,2025-02,e.c.e,6,6.313850369193287,71.44877020405704,74.48599010338576,0.0
C0429,2025-02,ME,7,5.846083901227805,74.96082563513535,80.27940105614229,2.0
C0430,2025-02,ECE,3,7.016070932113971,83.84384826409612,78.66688523891725,1.0
C0431,2025-02,ME,8,7.011817763300459,87.81612025324326,100.0,0.0
C0432,2025-02,Mechanical,4,7.525254865117881,79.1960331758502,92.68108550471122,2.0
C0433,2025-02,ECE,7,6.391718403765222,85.02928956832496,84.4824088234551,0.0
C0434,2025-02,EEE,6,6.808775552076539,94.56418534784925,77.82368155800965,0.0
C0435,2025-02,Electronics,3,6.107215231914046,85.79336046788809,80.58035078171869,1.0
C0436,2025-02,Mech,7,6.401398315287813,84.96698211981585,82.89992650039503,1.0
C0437,2025-02,cs,4,7.160341725891593,90.48491157202679,88.62864584934911,2.0
C0438,2025-02,e.c.e,6,5.772850974591957,72.42220590748077,85.61871628559537,1.0
C0439,2025-02,e.c.e,8,6.652914950290943,94.00873220710915,87.05965108483568,3.0
C0440,2025-02,Comp Sci,8,6.948840007192795,78.31142508176308,89.48146053775788,1.0
C0441,2025-02,Computer Science,8,7.453641191220317,100.0,89.22518400430954,3.0
C0442,2025-02,Mech,5,6.925835182127364,91.90112913339087,87.1813496169669,0.0
C0443,2025-02,Mech,6,5.816915031302792,86.0395606710186,75.8939967476645,1.0
C0444,2025-02,Mech,4,5.957034882881663,87.5466849440185,74.15113526442025,1.0
C0445,2025-02,Computer Science,8,8.234517313251033,91.58549597829604,100.0,2.0
C0446,2025-02,CSE,5,6.819711941773848,81.44343410396237,89.82886282193039,2.0
C0447,2025-02,cs,7,7.101543902130717,81.14379654281282,100.0,1.0
C0448,2025-02,Civil Engg,5,7.011563337405304,99.62645887111793,82.73315623541045,0.0
C0449,2025-02,Civil Engg,7,7.783249517714086,88.6571349260199,100.0,0.0
C0450,2025-02,cs,4,6.8367957360215525,76.37718436816311,84.87362175308243,0.0
C0451,2025-02,ME,7,7.318415458540667,91.827262773174,94.89486263139769,1.0
C0452,2025-02,Computer Science,3,7.641484075828632,93.02815284231978,89.86739729634338,1.0
C0453,2025-02,cs,3,7.2080283364283435,85.67498573659614,88.68480538102787,0.0
C0454,2025-02,cs,5,7.539194767530512,,87.40792080689808,1.0
C0455,2025-02,Computer Science,5,7.539786685254717,93.60078457538079,83.44777892540554,0.0
C0456,2025-02,Mechanical,7,6.252532546779874,90.51410761213016,88.67047452373463,1.0
C0457,2025-02,EEE,5,7.1730101411470715,89.09312441391853,85.55285323108245,1.0
C0458,2025-02,Computer Science,3,7.206408006105164,89.26071100474165,93.74731032127443,0.0
C0459,2025-02,e.c.e,4,6.981637857795693,79.76196887984793,91.41572280886112,0.0
C0460,2025-02,ME,5,6.747680218568722,90.19833148824868,95.35062448525558,0.0
C0461,2025-02,E.E.E,6,6.562119842088847,79.57063501028118,86.57292034770946,0.0
C0462,2025-02,ME,6,7.410440308152726,77.77210946015326,76.57188954603996,0.0
C0463,2025-02,cs,4,7.215350112246745,97.31758213165728,85.29222068238472,2.0
C0464,2025-02,Mechanical,6,6.685500123635982,78.2139932117913,85.37366528280074,1.0
C0465,2025-02,Comp Sci,6,7.331779149476195,72.69591371166541,87.14973472430601,0.0
C0466,2025-02,E.E.E,7,7.075232584117595,97.72622330103758,95.63314134343483,0.0
C0467,2025-02,Electronics,6,6.809068755294888,71.80827293143403,92.76829763504895,0.0
C0468,2025-02,Mechanical,7,6.867922861595428,82.34802159107034,83.48259988478529,1.0
C0469,2025-02,cs,4,8.076323612308439,81.43667075944465,100.0,2.0
C0470,2025-02,Electronics,7,6.296179042332007,77.09607881904141,,0.0
C0471,2025-02,Civil,3,,,82.29573379348643,0.0
C0472,2025-02,Mechanical,3,6.405483515258529,83.82256845408021,75.96396749039594,1.0
C0473,2025-02,ECE,8,6.787616273815561,89.06810114861176,74.3539579040253,1.0
C0474,2025-02,Electrical,5,6.959611566118635,92.42129233492108,76.91002803683747,2.0
C0475,2025-02,CIVIL,6,6.648691099556447,80.40682919988961,,2.0
C0476,2025-02,CSE,6,7.198185601755244,95.776568309331,91.51099047950095,0.0
C0477,2025-02,ECE,7,6.535840955312578,88.57022464879746,78.41477443912271,3.0
C0478,2025-02,e.c.e,4,7.316222918223511,92.13973289750999,85.88241356383001,0.0
C0479,2025-02,Mechanical,4,6.724030700041231,79.5208461128897,89.98551468612237,0.0
C0480,2025-02,CSE,3,7.7583626651581,93.59630903771429,75.14707739671259,1.0
C0481,2025-02,cs,8,7.438379812475436,89.19240697048396,100.0,4.0
C0482,2025-02,E.E.E,4,7.205786238153212,94.66799978526883,92.03973318680559,1.0
C0483,2025-02,E.E.E,6,5.618103233948964,77.58233242970941,86.37228888370407,2.0
C0484,2025-02,Civil Engg,5,6.4948679678853125,100.0,92.6878097461566,2.0
C0485,2025-02,E.E.E,3,7.165395787368991,89.30218689254149,71.40779443448632,0.0
C0486,2025-02,Mechanical,5,6.699741500377993,84.15826487108441,82.64067095110384,0.0
C0487,2025-02,Civil,3,6.707714917808316,,93.95805347502335,1.0
C0488,2025-02,Civil Engg,4,6.529857164493015,,84.21350560162627,0.0
C0489,2025-02,ECE,3,6.7515588153665975,80.93689338540851,90.22932488310728,0.0
C0490,2025-02,ECE,7,7.254866480735865,93.14031217454541,97.13091801846143,0.0
C0491,2025-02,Comp Sci,6,7.988232168158257,89.44380257564079,93.76709492503358,2.0
C0492,2025-02,Mech,8,6.431785571187171,99.10835000702822,80.65945926875756,3.0
C0493,2025-02,Computer Science,5,7.005292127364477,82.22203504010244,88.7644645931192,1.0
C0494,2025-02,cs,4,7.390669464470933,88.03185865157833,76.56649566319591,1.0
C0495,2025-02,Mech,6,,83.9648827384417,90.03445239989745,0.0
C0496,2025-02,e.c.e,8,5.785623431245194,97.93681684651337,87.09755933448056,0.0
C0497,2025-02,CSE,6,7.310280291577242,76.40371239350438,88.22417260536614,0.0
C0498,2025-02,CIVIL,3,7.598936933241945,90.08694568151638,96.75771513346467,0.0
C0499,2025-02,Civil,4,7.083116637156803,,86.13908377787615,1.0
C0500,2025-02,Comp Sci,8,8.597870528450315,83.25404347119098,92.79211530769238,1.0
C0501,2025-02,CSE,6,6.989714169041495,100.0,98.96265596964946,0.0
C0502,2025-02,Comp Sci,8,6.917470440777232,79.83660654013187,79.72833622105404,3.0
C0503,2025-02,Civil,6,6.3044406978802945,84.76103807645065,93.20397737335485,1.0
C0504,2025-02,CIVIL,3,6.221569546840036,97.0575051459953,91.68171645379196,1.0
C0505,2025-02,CSE,8,7.060459897925048,82.63566375792941,,0.0
C0506,2025-02,Civil Engg,7,6.762142998447166,86.40056859632085,81.43672337418991,2.0
C0507,2025-02,Computer Science,7,7.5150247539739565,85.76997135922566,90.16224211310058,0.0
C0508,2025-02,e.c.e,8,6.683816772240215,84.0448260388561,77.8057615750086,4.0
C0509,2025-02,EEE,4,6.334725568408542,93.50161586453405,79.90515696276528,0.0
C0510,2025-02,Computer Science,8,7.675952147064885,87.20498312963579,90.8695039035968,0.0
C0511,2025-02,Comp Sci,4,7.804966145376661,68.59484250251546,82.96719213035986,0.0
C0512,2025-02,e.c.e,8,6.462522042455607,84.92895839118398,82.57210396520205,3.0
C0513,2025-02,ME,4,6.524118481698951,86.78039490108249,77.648176626726,0.0
C0514,2025-02,Electrical,6,5.907431988471392,84.58613389324644,86.46128078984393,0.0
C0515,2025-02,Electrical,7,7.087416096307655,84.55822384087797,96.53699841354408,2.0
C0516,2025-02,cs,3,7.228377304095989,,100.0,2.0
C0517,2025-02,cs,3,7.26324616070208,85.74953643410352,79.65676544193079,2.0
C0518,2025-02,Civil,8,6.503677216111792,99.77321157547988,,0.0
C0519,2025-02,Comp Sci,3,7.385962184239527,87.76071884486865,86.95373620022016,0.0
C0520,2025-02,Civil,6,6.2155241309577125,,88.1894590951468,0.0
C0521,2025-02,ME,8,7.435008116180469,79.97580506333432,86.81803867659592,1.0
C0522,2025-02,Comp Sci,6,7.558094613607152,87.46616894765307,96.66020009044574,0.0
C0523,2025-02,Civil Engg,5,6.725299651631408,76.98432088246754,88.51130507402578,0.0
C0524,2025-02,Computer Science,5,6.597318312616668,95.87648860316581,72.98546887036748,0.0
C0525,2025-02,e.c.e,6,5.861024683222267,69.28512408665648,81.69948255642676,1.0
C0526,2025-02,Mechanical,6,7.376443135570346,91.73662179170032,80.13239066009845,0.0
C0527,2025-02,Electronics,6,,88.05244998888986,81.18870496971235,1.0
C0528,2025-02,ME,3,7.074019327804312,89.00920229886678,83.83380263991855,0.0
C0529,2025-02,ME,6,6.289168022208307,65.3466945711361,89.02934579159673,1.0
C0530,2025-02,Electrical,7,6.603711609462036,68.93238756131043,,1.0
C0531,2025-02,Electrical,7,6.695040286927772,86.13272480095496,81.73925678800673,0.0
C0532,2025-02,e.c.e,3,6.946356428775133,78.5953557330005,100.0,0.0
C0533,2025-02,Computer Science,7,7.353193482941863,83.29869797551575,82.20508516875556,1.0
C0534,2025-02,Mech,7,6.204314261789419,80.75111134631184,85.89327831784743,0.0
C0535,2025-02,Electrical,4,6.434308600194986,75.70727363776975,88.53002343572565,0.0
C0536,2025-02,CSE,8,7.472341210606787,78.3690872549862,89.34245579612578,1.0
C0537,2025-02,e.c.e,6,5.806039008303056,82.83651453218701,76.18614064826295,
C0538,2025-02,Electronics,5,6.134771817586601,69.05499653419815,77.39332506024101,1.0
C0539,2025-02,Computer Science,7,7.12712088712907,84.01082008133392,92.38420225429344,0.0
C0540,2025-02,Mechanical,6,6.832965609819614,80.88674586666676,93.40260787785557,0.0
C0541,2025-02,ECE,6,6.738942838579081,87.7784180031909,87.57677762518918,0.0
C0542,2025-02,CIVIL,4,6.711018985057615,100.0,75.39413428575207,1.0
C0543,2025-02,CIVIL,8,6.708832403838515,77.80129396644024,85.54887975819531,0.0
C0544,2025-02,CIVIL,8,5.52215871833719,85.90985814723119,92.88303627695397,1.0
C0545,2025-02,ECE,3,6.59002433808756,87.89368200846025,78.93591807100248,2.0
C0546,2025-02,Computer Science,7,6.94958467312586,91.34693176907984,84.54477394775637,0.0
C0547,2025-02,Mechanical,3,6.20670883871484,83.40819749093352,85.30373363802693,3.0
C0548,2025-02,CIVIL,5,7.139469229729355,97.88116016930094,93.83262634758913,1.0
C0549,2025-02,ECE,8,6.966029172799892,91.89773293934354,82.57798549887976,0.0
C0550,2025-02,CIVIL,4,6.393953785519051,88.91999248087545,86.36202125611496,0.0
C0551,2025-02,CSE,5,7.3737175864805975,78.24908008065057,99.37960757707744,1.0
C0552,2025-02,CIVIL,4,6.82512346781217,86.30949138240011,74.97751681317561,1.0
C0553,2025-02,CSE,7,7.624958156149258,86.21696302600864,81.24617735581586,1.0
C0554,2025-02,Computer Science,5,7.805378176180179,83.70898053157737,90.09412926537995,2.0
C0555,2025-02,e.c.e,6,7.386824995774195,83.11794010418271,94.97537709433729,2.0
C0556,2025-02,Comp Sci,8,6.824637525848596,85.60918717304314,88.2312618440479,0.0
C0557,2025-02,cs,6,7.674820532183523,92.58771481717791,96.45832023438957,3.0
C0558,2025-02,cs,7,6.821288597271967,93.66842263224045,73.7290246655389,0.0
C0559,2025-02,ECE,3,7.084357336617457,95.12734303865655,90.02158639677079,0.0
C0560,2025-02,CIVIL,4,7.447611190829912,90.21549592621913,67.91199618865451,1.0
C0561,2025-02,cs,8,7.93519460619815,90.28541878601081,99.22584101794482,0.0
C0562,2025-02,Mech,8,,82.33535931802427,93.02287069763469,
C0563,2025-02,CIVIL,6,7.251152210852209,84.47643534671832,,1.0
C0564,2025-02,Comp Sci,5,7.090208147991328,81.18786760236631,71.19871636879604,0.0
C0565,2025-02,Computer Science,4,7.314115047087823,84.89401318997056,86.85466120532814,0.0
C0566,2025-02,Civil,8,6.708777939234931,88.28538480416493,93.07382317527743,0.0
C0567,2025-02,Civil,7,6.00942881863312,94.77543546018666,84.9532307377143,0.0
C0568,2025-02,Electronics,4,6.382142470205421,83.12721425957292,96.99591008655368,1.0
C0569,2025-02,CIVIL,6,7.363234780033713,82.71514645618232,87.1527963224792,1.0
C0570,2025-02,Computer Science,6,7.071068718018505,95.91749371557071,100.0,2.0
C0571,2025-02,e.c.e,5,6.822662268084082,69.83303454380335,71.52368849228142,
C0572,2025-02,Mech,8,7.024567012915308,93.93153950529201,80.07991232294938,2.0
C0573,2025-02,Computer Science,3,7.391724974404711,76.19071999120403,78.53047576727282,0.0
C0574,2025-02,Civil,4,6.845777841941781,90.91414578440053,90.6210761257699,0.0
C0575,2025-02,e.c.e,3,6.897347170347012,81.15024613133217,76.24236752253653,1.0
C0576,2025-02,Civil Engg,7,5.945586970200093,84.57162967631618,88.61780839395227,0.0
C0577,2025-02,ECE,6,6.77786452153289,100.0,91.53029663996927,1.0
C0578,2025-02,ECE,8,7.220637283746205,81.43805670361242,89.37651338316041,0.0
C0579,2025-02,Computer Science,6,6.91797911079889,78.46201263496346,85.53343330680482,
C0580,2025-02,cs,3,7.07252141009085,88.27545705962261,80.21380305777257,1.0
C0581,2025-02,Civil,5,7.411400120720878,100.0,92.12277695693376,1.0
C0582,2025-02,Comp Sci,3,7.294538396446498,88.51836047467455,83.40693026303171,0.0
C0583,2025-02,Computer Science,7,7.059991301202815,89.2675801335192,94.26478822864104,2.0
C0584,2025-02,Computer Science,7,8.819511809149457,96.46753969214903,100.0,2.0
C0585,2025-02,CSE,8,6.864545063134912,81.25844918085188,87.13381807440217,2.0
C0586,2025-02,Civil Engg,5,6.742111213471952,87.14222076086715,94.71281685269807,1.0
C0587,2025-02,ECE,4,7.023938237392039,83.84604861327341,88.16445491889726,1.0
C0588,2025-02,E.E.E,3,7.438151763410592,97.40307024774462,90.83554900693044,2.0
C0589,2025-02,Computer Science,5,7.4625096439839655,93.64083825454807,77.86593299900181,
C0590,2025-02,Mech,5,6.356009024945822,72.2752212854781,77.62855412183575,2.0
C0591,2025-02,ECE,7,6.7175324165012755,84.27034750994301,81.4674624387533,0.0
C0592,2025-02,ECE,7,6.756148225879257,90.99546292114941,96.02404721052044,0.0
C0593,2025-02,Civil Engg,3,6.372818685595044,77.27920050697308,82.39597401012772,0.0
C0594,2025-02,E.E.E,4,7.6822067515676915,79.55700187646549,,1.0
C0595,2025-02,CIVIL,6,7.027151486787676,84.17961673028624,87.24727517940194,0.0
C0596,2025-02,CSE,5,7.518544427929651,92.27539408954445,87.03484417773592,0.0
C0597,2025-02,Comp Sci,3,7.026538132514189,96.15839010933304,77.45917688578669,0.0
C0598,2025-02,Mechanical,8,5.706214434397456,84.16338609397961,68.47504868291722,1.0
C0599,2025-02,Comp Sci,7,7.358803758041302,100.0,85.56745217926631,1.0
C0600,2025-02,Mech,6,6.134135402532156,77.29391487570389,80.30318533432425,
C0601,2025-02,Mech,4,5.381123646218074,87.81039253498804,75.24028555974776,0.0
C0602,2025-02,Mech,8,6.654041194003211,77.74649683437926,87.45448113763398,0.0
C0603,2025-02,Civil Engg,3,7.211552695366947,100.0,100.0,1.0
C0604,2025-02,Mechanical,5,6.039959956195145,93.40310076110876,92.52498548498664,1.0
C0605,2025-02,CSE,7,7.1539854389467585,93.58800280458458,87.68285212424223,1.0
C0606,2025-02,Computer Science,8,7.479240225016843,,88.32748939405779,0.0
C0607,2025-02,Mech,4,6.291330464362071,90.75739264853303,89.06138963449015,0.0
C0608,2025-02,e.c.e,6,6.114722464753825,76.87578025541183,84.47559907089978,1.0
C0609,2025-02,cs,4,7.930191851184273,94.02535983696843,94.68094623835307,1.0
C0610,2025-02,e.c.e,3,6.11135777452225,71.83517256353116,84.72074298881236,1.0
C0611,2025-02,Civil,5,6.132791941920074,84.68987147248922,82.44366247386306,1.0
C0612,2025-02,CIVIL,8,5.983848201091698,80.60681405468443,78.18637816518984,1.0
C0613,2025-02,Mechanical,7,6.710745924536928,80.1322397150841,88.31469871950003,1.0
C0614,2025-02,e.c.e,5,6.218751193836181,89.91996918860829,68.68615214922761,
C0615,2025-02,Computer Science,4,6.576703235279197,,88.40900340634192,1.0
C0616,2025-02,ECE,3,6.810449914582456,84.7913612585618,71.3862840540311,1.0
C0617,2025-02,Computer Science,4,7.564425581095231,94.72143027632187,90.26746934596093,0.0
C0618,2025-02,ME,3,5.904885769631504,97.19763350925992,74.24241465581106,1.0
C0619,2025-02,Mechanical,4,7.19961698709287,88.62055800580795,94.78464176590646,0.0
C0620,2025-02,cs,7,7.65915968172931,75.71265396653654,90.45957170573911,2.0
C0621,2025-02,Comp Sci,3,6.788052990037871,75.63974994272107,87.65506541939595,1.0
C0622,2025-02,Comp Sci,3,7.340386453669811,88.4813267170883,90.29648960835611,2.0
C0623,2025-02,Civil,6,7.144009426808462,96.79461648734701,82.10382426830071,0.0
C0624,2025-02,ME,4,6.521774753398143,85.55969971639203,91.63165995547965,0.0
C0625,2025-02,Computer Science,5,6.733503114003777,92.13160915171134,92.4275416972162,1.0
C0626,2025-02,Civil,3,6.789831215550213,85.65073685055582,81.67212419893569,1.0
C0627,2025-02,e.c.e,4,6.925600164308875,93.37305864997654,77.64320327425315,0.0
C0628,2025-02,ECE,5,6.784015688022922,90.1039988163285,81.5677187851495,1.0
C0629,2025-02,EEE,7,6.711050403834657,77.58391350731262,84.036235468849,2.0
C0630,2025-02,Comp Sci,5,7.876811536568888,94.35350404496704,82.56274051433697,0.0
C0631,2025-02,Comp Sci,6,7.503355460714587,77.23099465904158,85.6788390284701,0.0
C0632,2025-02,ME,6,6.642257022065978,89.06651109626803,80.37360079673678,2.0
C0633,2025-02,Computer Science,4,7.188046681729597,84.67928230125665,84.6528756491641,1.0
C0634,2025-02,Mechanical,4,6.304175373602493,,82.05210273167046,1.0
C0635,2025-02,cs,5,7.516120398575659,92.38871690520519,92.53305553726167,2.0
C0636,2025-02,Comp Sci,3,6.403245438353885,88.0436143825785,85.06192381773111,0.0
C0637,2025-02,Computer Science,7,8.336323848998688,100.0,94.37182488240911,1.0
C0638,2025-02,ECE,6,6.6521085504418975,85.82257701077755,86.32854347487299,1.0
C0639,2025-02,Computer Science,4,6.554402072282349,87.64012497514717,83.8396588727295,0.0
C0640,2025-02,cs,5,7.601055389618987,99.22514567874224,92.61178054984889,2.0
C0641,2025-02,CIVIL,4,6.435502349941844,99.51329463709223,64.08676668404647,1.0
C0642,2025-02,cs,6,7.002123076386054,87.49842090730118,84.3045984950048,2.0
C0643,2025-02,e.c.e,7,6.412376941786202,79.12385023767749,78.10729559982954,0.0
C0644,2025-02,Comp Sci,3,7.161462412235445,84.22408784476458,87.95475544240398,1.0
C0645,2025-02,ECE,5,5.607347461843483,85.86262178404985,76.6336216288126,1.0
C0646,2025-02,Computer Science,3,7.347008025188757,85.72810990431373,90.35452521547217,0.0
C0647,2025-02,Mech,5,6.235757161870743,70.30298649329771,88.32745846216372,0.0
C0648,2025-02,Computer Science,4,7.875956711130002,96.49323857099465,76.98809171473201,
C0649,2025-02,CIVIL,5,6.352488736735794,90.91949645736027,84.92062715094958,0.0
C0650,2025-02,EEE,5,6.255096133238149,,75.73078007603995,0.0
C0651,2025-02,Computer Science,4,8.058780791922764,,92.3694865578039,0.0
C0652,2025-02,cs,5,7.4396299377136526,90.39286508158112,84.8600467872245,1.0
C0653,2025-02,Comp Sci,7,7.8430983861826,,84.07325129406115,0.0
C0654,2025-02,Mech,7,6.6440842615635365,92.86808334285008,71.82933301763704,2.0
C0655,2025-02,Computer Science,3,7.1140405547072305,79.09105985260072,87.42023845866487,3.0
C0656,2025-02,Civil,5,6.334380664134675,83.3536846861717,77.14570740858478,2.0
C0657,2025-02,Civil,8,7.59892792682404,86.93926018027271,76.18993105600225,1.0
C0658,2025-02,CIVIL,6,6.096088367082426,91.82504698741278,84.71459151651672,2.0
C0659,2025-02,Electronics,4,7.396169423255167,82.53354959511844,,0.0
C0660,2025-02,E.E.E,6,6.5532504772061175,78.55254287162772,85.96102545035471,4.0
C0661,2025-02,Comp Sci,3,7.169537152037253,83.95463590046903,76.5456333229109,2.0
C0662,2025-02,ECE,3,6.489075274336446,88.79215860749909,83.07997731836502,0.0
C0663,2025-02,cs,6,8.039717138357029,88.46754203397516,93.04527851180389,2.0
C0664,2025-02,EEE,6,6.180268623026221,72.28208417992118,81.85909200772073,1.0
C0665,2025-02,ME,7,6.235747172227719,74.07883017591467,85.32666396760695,0.0
C0666,2025-02,CIVIL,5,6.662750387925359,85.67685523227986,80.49547139206332,0.0
C0667,2025-02,CSE,8,7.182468350176438,89.73551849964659,84.90851432329534,1.0
C0668,2025-02,Electrical,5,6.156589596733911,84.34608865287028,78.44981094044036,2.0
C0669,2025-02,Electronics,7,6.805671638006609,82.25005928424237,89.36756993022567,1.0
C0670,2025-02,ECE,3,6.767035283738335,91.33759402018671,88.76442595039236,2.0
C0671,2025-02,Electrical,3,7.408622419131135,89.5880462136016,81.8590733531602,2.0
C0672,2025-02,Electronics,7,7.2493357443143465,88.37841922891585,90.02978879397283,1.0
C0673,2025-02,e.c.e,8,6.910766475704832,91.32278930608105,77.59476442669033,0.0
C0674,2025-02,ME,8,7.0199444230187265,98.57012290014468,83.64566354174505,0.0
C0675,2025-02,CSE,4,6.664754310583868,78.18685838424616,75.99740035526287,1.0
C0676,2025-02,cs,3,7.028688885075994,84.59632797989075,79.23954198716247,1.0
C0677,2025-02,Computer Science,8,7.205313103871217,85.64255380563658,77.99587309180538,1.0
C0678,2025-02,cs,6,6.864594739466516,,,
C0679,2025-02,Civil,4,7.00167719248277,84.9994022659278,91.52698373917141,0.0
C0680,2025-02,Mechanical,7,6.060873292686306,78.77217309068604,83.57077314647395,0.0
C0681,2025-02,e.c.e,8,,83.73817677066155,79.46960654481754,0.0
C0682,2025-02,ECE,4,7.006785774247332,86.72252118945376,,1.0
C0683,2025-02,ECE,7,6.4065529440150195,93.74378284424688,68.7235187498336,0.0
C0684,2025-02,Mech,7,6.833702837884914,84.08450448526746,90.26616895523003,0.0
C0685,2025-02,Electrical,6,7.2920256813031985,81.30582214898791,70.19235071674973,2.0
C0686,2025-02,EEE,6,6.758200726810836,78.52696318721979,79.90877647233387,2.0
C0687,2025-02,ECE,4,6.796739231904974,83.77741380064467,85.08166944866099,0.0
C0688,2025-02,Comp Sci,8,,,89.7993445895819,1.0
C0689,2025-02,e.c.e,8,6.33097385707542,86.29255275407864,83.78833282928518,3.0
C0690,2025-02,Mechanical,8,6.533542191607319,89.87339300979211,83.74651242566848,2.0
C0691,2025-02,Electronics,7,6.614913163510522,84.8077878548558,,0.0
C0692,2025-02,Mech,3,6.055454184200594,83.49152219538665,95.3226095005357,1.0
C0693,2025-02,ME,5,6.510095242084931,90.22597382665529,82.9121916852241,0.0
C0694,2025-02,CSE,5,,90.86358944232877,84.75236988415242,2.0
C0695,2025-02,Comp Sci,8,6.885841696274199,89.43351914559237,84.63152605382442,3.0
C0696,2025-02,ECE,6,7.327647046713412,87.8289217622018,82.60386583620978,2.0
C0697,2025-02,Comp Sci,6,7.7352777280185325,86.28785347370048,91.01106099651693,0.0
C0698,2025-02,Computer Science,3,8.036776005395927,93.21455914427199,98.04195124136649,1.0
C0699,2025-02,Mech,7,6.637340511505227,87.07106497996328,68.0648549088155,0.0
C0700,2025-02,ECE,5,7.373899456850333,100.0,85.27182904406087,
C0701,2025-02,Comp Sci,3,6.9562646964929815,96.74717255426015,97.9854005285413,0.0
C0702,2025-02,ME,8,7.501921248146863,82.59293486455958,89.93849279268561,1.0
C0703,2025-02,Civil,4,,74.30414875958911,85.46782684687395,3.0
C0704,2025-02,cs,3,7.506253772879925,85.00760094752694,76.1998236840542,0.0
C0705,2025-02,CIVIL,3,6.7275224954144415,75.31995071052216,87.83308043778281,2.0
C0706,2025-02,E.E.E,5,7.217630225166482,83.88918863928264,93.78995213101422,0.0
C0707,2025-02,ME,3,6.875565134141556,78.50461078451033,86.74481011034442,0.0
C0708,2025-02,ME,8,7.1317275572359415,84.85280454472363,82.04479577658176,0.0
C0709,2025-02,cs,6,6.7358464211954,83.56857204330184,88.26191164500507,1.0
C0710,2025-02,E.E.E,4,6.799005281391639,85.8285384839596,76.36292488032501,0.0
C0711,2025-02,Electronics,3,6.089750582790829,81.13525941740778,73.45160462023033,1.0
C0712,2025-02,E.E.E,5,6.3443872674705455,78.95064569410468,90.8618834262703,0.0
C0713,2025-02,Mech,3,6.802352028072685,94.64489157868186,,0.0
C0714,2025-02,Comp Sci,8,7.804049211601782,92.71395571393177,83.59103557997528,2.0
C0715,2025-02,cs,4,7.3614277815095095,83.99414576821805,79.41586878038281,2.0
C0716,2025-02,Mech,5,5.805262219374383,75.15594469567851,74.9163703504027,0.0
C0717,2025-02,Mechanical,3,5.880416556891703,71.2470770469215,83.23411324077762,3.0
C0718,2025-02,cs,3,7.180360034749962,76.1060345764537,79.5090456648691,2.0
C0719,2025-02,Mechanical,4,6.950718135540294,94.71318065459093,94.40925144157487,2.0
C0720,2025-02,CIVIL,3,5.521850402250612,89.63958691760676,77.66233946551725,0.0
C0721,2025-02,Electronics,7,6.812642461370488,,87.0637985776119,0.0
C0722,2025-02,Electronics,8,6.4013243054735165,94.92703400862763,77.72836775254024,0.0
C0723,2025-02,Comp Sci,8,7.260370558485526,91.48552477601513,89.74300432285409,0.0
C0724,2025-02,Civil Engg,4,6.6790446230602,86.194382477954,88.20077879160812,0.0
C0725,2025-02,cs,7,7.209697839095452,95.39005975015387,75.98284640605559,2.0
C0726,2025-02,Civil,6,6.086894889365069,89.43487812936633,78.69536087690425,0.0
C0727,2025-02,Electronics,3,5.847755441528221,83.70124318398976,80.20692823371348,2.0
C0728,2025-02,ME,3,7.111968059841172,83.86177743804359,81.15805133141092,1.0
C0729,2025-02,CSE,6,7.287903172582106,86.89008950699818,93.0318924824771,0.0
C0730,2025-02,CSE,5,,73.95840201414079,81.76332675230726,0.0
C0731,2025-02,CIVIL,3,6.481256084325458,78.70933482643954,89.12680705690902,3.0
C0732,2025-02,e.c.e,8,6.734593991954351,99.45341829643192,87.44824844369023,0.0
C0733,2025-02,Electronics,7,6.390565269253862,79.049639020621,83.95833335894275,0.0
C0734,2025-02,Electrical,6,6.8776871767775845,70.40431925410101,89.5179928793645,0.0
C0735,2025-02,EEE,8,6.520590823774546,,74.15239221388768,2.0
C0736,2025-02,Civil Engg,8,6.249128145868918,87.51235727923455,84.12649473229908,1.0
C0737,2025-02,CSE,8,8.169852515599421,92.02999859548332,83.47744494164151,0.0
C0738,2025-02,Mech,4,7.327031124518189,86.83577429838284,,0.0
C0739,2025-02,Civil Engg,8,6.760432935626314,92.86225475829659,,1.0
C0740,2025-02,e.c.e,6,6.073646003815469,,84.01558025469332,0.0
C0741,2025-02,Computer Science,7,6.986520018685644,81.86538700692427,85.17251136704876,0.0
C0742,2025-02,Civil,8,7.178866646834249,91.68105204191747,86.69714548662274,1.0
C0743,2025-02,ECE,3,6.376296150027342,93.12654188652947,84.37249690059744,3.0
C0744,2025-02,Mech,5,7.775219258841697,84.67527449119426,92.59740297743721,0.0
C0745,2025-02,EEE,3,7.993632790260944,100.0,80.49789452524212,0.0
C0746,2025-02,Mech,4,6.791613179805807,94.18581656863203,,2.0
C0747,2025-02,ECE,5,5.63735615119034,73.04152947415139,71.25435754072062,1.0
C0748,2025-02,ECE,8,6.692438044011436,99.3895330920764,66.17781380661506,1.0
C0749,2025-02,ECE,8,7.879431331522439,79.3889608177885,100.0,1.0
C0750,2025-02,Comp Sci,5,,80.73360972630731,78.74350068351892,0.0
C0751,2025-02,CIVIL,4,7.425169596815861,,84.69245650841158,2.0
C0752,2025-02,CIVIL,6,5.893251558099094,91.01949814030957,68.48756360595851,2.0
C0753,2025-02,cs,8,6.6780357931477035,86.79905956555596,81.8957577167014,2.0
C0754,2025-02,cs,8,7.734373230688092,83.74767164359304,89.48662743005042,0.0
C0755,2025-02,CIVIL,4,7.455481318186751,85.12041145618919,88.04751899946932,1.0
C0756,2025-02,cs,4,7.508076362739118,85.16748374716286,78.9609249191618,0.0
C0757,2025-02,ECE,7,7.029674034833292,93.0376090527834,82.28946890454505,0.0
C0758,2025-02,ECE,4,7.276933702264921,84.09243235346817,89.07670239761583,2.0
C0759,2025-02,Mechanical,4,7.150175382060814,82.3070193277413,88.35975320160566,1.0
C0760,2025-02,CSE,3,6.833316647635265,75.50190794556318,87.37231891342904,1.0
C0761,2025-02,Mechanical,5,6.097039263271513,79.48621833832219,88.5123813032249,0.0
C0762,2025-02,ECE,5,7.424295607233604,,85.6470768551403,2.0
C0763,2025-02,Mech,6,6.891072930578826,77.27219011166257,95.14882091290201,2.0
C0764,2025-02,CSE,4,7.660553283864963,75.26946002910893,86.45704347046946,1.0
C0765,2025-02,ECE,7,6.559167404581008,92.3983040966325,88.39084043835673,1.0
C0766,2025-02,Electronics,7,7.026077587226543,78.6015984159211,90.82277298138156,0.0
C0767,2025-02,CSE,5,7.039717111443612,76.101531460215,74.20719565822127,0.0
C0768,2025-02,Computer Science,4,7.5939110054291294,100.0,91.02169626706903,0.0
C0769,2025-02,Computer Science,6,7.194906707011234,95.26622297807073,83.22679929349091,2.0
C0770,2025-02,CSE,7,7.665315437835678,96.6908044378171,80.65742973826785,1.0
C0771,2025-02,Comp Sci,5,7.436363210203014,93.57199159813628,85.86142320028036,1.0
C0772,2025-02,E.E.E,4,6.440399752268926,94.48416690917705,84.05787636414976,1.0
C0773,2025-02,ECE,6,6.693006232529393,93.73338449199377,74.82295265991863,0.0
C0774,2025-02,Civil Engg,5,6.707236424746066,82.87700328472516,84.86287908053913,2.0
C0775,2025-02,E.E.E,5,6.304597436708126,75.83291959112297,81.78715414535851,0.0
C0776,2025-02,cs,5,6.883175045097635,75.95296963248542,92.56659155482077,0.0
C0777,2025-02,Mechanical,4,7.577532716056089,87.45708288726576,83.37818551670232,5.0
C0778,2025-02,Civil Engg,7,6.7339450238108585,76.69066656487043,92.85208071244877,1.0
C0779,2025-02,Mechanical,5,7.086367447197387,78.6594664422278,86.75124645734809,5.0
C0780,2025-02,Electronics,5,6.5307346873148955,82.58036885191893,82.48418740307714,2.0
C0781,2025-02,Electronics,6,7.066200152045934,98.49767249783687,95.38456930089113,1.0
C0782,2025-02,Comp Sci,5,7.6732142252910736,77.80783774157001,100.0,0.0
C0783,2025-02,e.c.e,3,7.117138077009883,87.12694132341785,84.5412391637929,3.0
C0784,2025-02,EEE,8,6.887676056339645,75.49240793985645,79.35685463836614,0.0
C0785,2025-02,Electrical,3,6.706767783537745,82.3324857986189,88.90500530922054,1.0
C0786,2025-02,cs,6,7.2044592268385665,94.44129250684011,,0.0
C0787,2025-02,ME,4,6.526223134624151,79.15606541381729,75.89838828324937,0.0
C0788,2025-02,Comp Sci,4,7.450550632692267,86.10747570657756,96.5768454868377,0.0
C0789,2025-02,E.E.E,3,7.097489769865386,87.1487765769767,89.09165948722377,0.0
C0790,2025-02,Comp Sci,8,6.777329415828426,,78.46671004700724,2.0
C0791,2025-02,EEE,5,6.836212058046723,84.16161954326601,,3.0
C0792,2025-02,CIVIL,5,6.878720823520986,98.23542658411749,77.68419262419084,0.0
C0793,2025-02,cs,7,7.072540409864566,82.92764425308462,89.92600433446047,0.0
C0794,2025-02,cs,3,6.953173840566483,93.0841696651319,82.91447492456635,
C0795,2025-02,Civil Engg,6,6.365927704276229,81.73869115876393,94.60936760109028,1.0
C0796,2025-02,Computer Science,5,7.6057106414753965,94.3593292334156,83.94439367273151,1.0
C0797,2025-02,Electronics,6,6.243938277142116,98.36179045751715,78.9588877781016,1.0
C0798,2025-02,E.E.E,3,6.579788402371042,82.91904207277621,71.48786347256058,1.0
C0799,2025-02,Mech,8,6.674525694597665,84.70365535871427,98.39908572756022,1.0
C0800,2025-02,e.c.e,4,7.194993637279571,83.96564805100247,82.25767486706042,1.0
H0001,2025-03,Civil Engg,7,6.622358162844739,99.4873249965618,80.56978019480478,2.0
H0002,2025-03,e.c.e,5,6.66269920197803,87.1762100795133,85.40174750652736,0.0
H0003,2025-03,CIVIL,8,6.363137245334765,77.38136992480192,81.83462085241736,1.0
H0004,2025-03,ME,3,6.001208285525466,74.1841871170704,77.64379766064711,3.0
H0005,2025-03,Computer Science,4,7.802048140508418,91.89649304174166,80.55269480923977,2.0
H0006,2025-03,E.E.E,8,7.593294025685827,68.85372988897689,91.96721272522697,
H0007,2025-03,Civil Engg,4,6.541869663271851,80.60839589807902,81.07427989314277,1.0
H0008,2025-03,Civil Engg,4,5.7461577560399375,79.49047599070391,,0.0
H0009,2025-03,CSE,7,6.560070147395624,80.18208894376926,73.77308973081595,0.0
H0010,2025-03,Electronics,4,6.143134766091615,84.34880744411778,83.99475921688592,0.0
H0011,2025-03,ECE,6,7.441103925751199,80.35121621655972,85.65943251351307,1.0
H0012,2025-03,E.E.E,4,6.924217059518431,71.76485397767517,84.5100613464183,0.0
H0013,2025-03,Mechanical,4,6.972203809663518,90.6732660182518,100.0,0.0
H0014,2025-03,Civil Engg,8,6.785602398651473,82.08778964558269,89.64804437851959,1.0
H0015,2025-03,e.c.e,4,5.845782170481566,87.88450170230762,83.9474831462323,3.0
H0016,2025-03,Comp Sci,3,7.065751627204081,89.18936387643673,75.19597577337146,2.0
H0017,2025-03,Mechanical,7,7.090219819997211,90.3685100057395,96.57674129459299,3.0
H0018,2025-03,Computer Science,8,7.925162578745695,89.66438384175589,87.67078653901811,1.0
H0019,2025-03,CIVIL,3,6.488624363646009,91.38076654195727,100.0,2.0
H0020,2025-03,ME,7,7.052631803515747,100.0,80.83482142726254,2.0
H0021,2025-03,Civil,6,5.858701585718074,87.2302084703392,74.51592624189931,1.0
H0022,2025-03,Electronics,7,6.708078000191938,90.34945526297233,94.98515928437392,0.0
H0023,2025-03,E.E.E,3,6.513224911177956,,,1.0
H0024,2025-03,CIVIL,8,6.859605276080211,69.59321130497642,92.44316011687712,1.0
H0025,2025-03,Civil Engg,6,6.698825809099981,84.50587641153429,76.07488426057681,3.0
H0026,2025-03,CSE,8,7.147311134627626,,78.50150129627126,3.0
H0027,2025-03,Electronics,5,7.608183228668101,89.28046350877291,77.24753717027909,0.0
H0028,2025-03,cs,8,7.412395279960671,85.21805034869708,68.92635575968805,0.0
H0029,2025-03,Computer Science,6,7.3655474461744355,92.38770598629425,85.07762176986768,2.0
H0030,2025-03,ME,3,5.762928549659918,73.33268399484997,67.95542242348677,2.0
H0031,2025-03,ME,8,6.245290005244495,91.39099564749456,85.47385112833183,0.0
H0032,2025-03,E.E.E,7,6.757530725385564,81.19666326514117,83.4355020194772,1.0
H0033,2025-03,cs,4,7.374549668257298,88.88936649608804,80.4387079714633,2.0
H0034,2025-03,ECE,6,7.419093865038285,79.63685008609158,90.5561157399448,0.0
H0035,2025-03,ECE,5,6.373579958519148,84.54524243779281,82.80068238177384,1.0
H0036,2025-03,CSE,6,7.076422054077014,68.9844604294893,96.73365249574941,0.0
H0037,2025-03,Comp Sci,8,7.75392945420893,87.0945954771895,100.0,1.0
H0038,2025-03,ECE,8,7.149339016304081,79.57649375448729,85.68999928087742,3.0
H0039,2025-03,Comp Sci,4,6.807770486870223,80.95238882228966,88.95029620462276,0.0
H0040,2025-03,ME,8,6.43146932798438,,88.36260306389313,0.0
H0041,2025-03,Electronics,5,7.68751372881664,,,2.0
H0042,2025-03,Civil,7,6.833052688993993,89.50557961124741,76.74472831827471,3.0
H0043,2025-03,Mech,7,6.1161838781547,77.60225213225169,79.78618079171703,1.0
H0044,2025-03,CSE,5,7.468766270350798,94.38114820826283,80.44102034747031,1.0
H0045,2025-03,CIVIL,5,,93.75420727498202,81.30494779454712,1.0
H0046,2025-03,Civil,5,6.1820635427129895,83.90298229047443,77.6593400725344,0.0
H0047,2025-03,ECE,8,6.89617050259933,88.46102402015917,78.32250369997223,
H0048,2025-03,CSE,5,7.610389684519426,93.25986203237161,93.50739110437574,1.0
H0049,2025-03,Mech,4,6.834289870457004,89.66346558286375,87.89464037164956,2.0
H0050,2025-03,Computer Science,5,8.451895467500346,85.2505993654319,90.02054715821389,1.0
H0051,2025-03,Computer Science,4,6.93768319523759,79.10648146098545,87.36961503058056,1.0
H0052,2025-03,Computer Science,5,,79.51534041116146,97.74206611250582,0.0
H0053,2025-03,Civil Engg,3,7.2985807040739346,92.69024207239255,89.05979461846168,0.0
H0054,2025-03,Mechanical,3,6.95043754799931,80.10351423514324,76.74056093236298,3.0
H0055,2025-03,Mechanical,7,6.750108037464202,83.11133603794329,79.0405363122863,2.0
H0056,2025-03,Civil,3,6.666293050320285,83.45087606530969,80.01225677116629,0.0
H0057,2025-03,ECE,6,6.228222716455775,85.97920584926804,93.5521626671956,1.0
H0058,2025-03,ME,7,6.145516058513306,,79.21709262392648,0.0
H0059,2025-03,cs,7,7.165243726297724,93.8009201285955,80.95962804946357,2.0
H0060,2025-03,CSE,5,7.18831763778605,73.43888133716116,79.03519799131003,1.0
H0061,2025-03,ME,4,6.609651362536971,88.91974609159928,81.31465931022323,3.0
H0062,2025-03,ECE,8,7.371490406248439,85.44947410954966,80.67937180468384,1.0
H0063,2025-03,ME,8,6.7696855772531155,86.35452782052567,78.72801367122037,1.0
H0064,2025-03,Civil Engg,6,7.642417644984927,85.76496016309142,93.92712686268202,1.0
H0065,2025-03,Mechanical,3,6.296747721139695,77.457238833633,80.84580238327055,0.0
H0066,2025-03,Mech,3,6.04168035626424,93.47012997325142,84.33019329272317,0.0
H0067,2025-03,Mechanical,4,6.979530683389794,,89.71537278732085,2.0
H0068,2025-03,Comp Sci,3,7.3781164534258705,98.43715084661223,93.79476920222815,2.0
H0069,2025-03,CSE,8,,88.00674263689974,83.3160043985905,0.0
H0070,2025-03,Electronics,4,7.062238200741798,87.14080627407424,94.8918426023454,0.0
H0071,2025-03,Comp Sci,4,6.617833670594039,83.1403958500077,87.87979935758065,0.0
H0072,2025-03,Electronics,8,,84.34456886582299,79.41382761317463,1.0
H0073,2025-03,Civil Engg,7,6.053113431931523,91.27642612274043,89.29361785929068,0.0
H0074,2025-03,Computer Science,4,7.115459454645166,85.97062113417174,88.9730683432766,0.0
H0075,2025-03,CSE,5,7.190320129857095,88.60444825514213,88.20985219013278,0.0
H0076,2025-03,Comp Sci,6,8.323196572201564,100.0,86.12391020321381,1.0
H0077,2025-03,CSE,6,7.449116816493346,78.51743544879933,87.3702386963532,2.0
H0078,2025-03,Mech,8,6.646675772327802,78.70469361148979,80.18927571515364,1.0
H0079,2025-03,Mech,8,6.075582132492641,85.82175366101424,80.84064130818382,1.0
H0080,2025-03,Civil Engg,8,6.785082063236471,71.38018847340659,81.16444113046168,0.0
H0081,2025-03,Mechanical,3,7.183254439531729,90.4400271133686,87.15849529326684,2.0
H0082,2025-03,e.c.e,4,6.625532065081847,80.82016678620103,97.15306414504147,0.0
H0083,2025-03,Civil,6,6.101091651031365,79.63282736694354,80.91130011351284,0.0
H0084,2025-03,Computer Science,3,7.80305620477665,97.53423946297993,95.65009087528227,0.0
H0085,2025-03,CSE,5,7.232760024475013,80.50508782825823,90.87338227428978,1.0
H0086,2025-03,Comp Sci,3,,73.94599772009859,97.26193267477137,
H0087,2025-03,Mech,8,7.233935450919798,70.6320142213687,98.68742371547626,0.0
H0088,2025-03,e.c.e,3,6.506884205150815,87.25549846550953,80.41998152835939,1.0
H0089,2025-03,Comp Sci,3,7.118463404080403,,74.2267002808465,0.0
H0090,2025-03,ECE,4,6.974920043987972,77.12649641593251,76.0589128814353,0.0
H0091,2025-03,CSE,3,8.111613658483222,97.25750436883465,94.92236704056742,1.0
H0092,2025-03,Mech,6,,84.05176546498481,85.81940484261239,1.0
H0093,2025-03,Electronics,5,6.504036282122305,86.78932685872074,78.78761541966011,1.0
H0094,2025-03,ECE,8,8.218563444917312,95.15163653414842,98.22536735532952,1.0
H0095,2025-03,Comp Sci,4,7.219336250413698,75.37865628775867,86.79685424287659,1.0
H0096,2025-03,Mech,6,6.866827543135011,90.75906793086229,82.20707931578782,1.0
H0097,2025-03,Electronics,6,5.7813665780623715,66.90479998367721,78.49085896460106,1.0
H0098,2025-03,Comp Sci,6,6.729767690849517,72.74470942775466,93.79757053762772,2.0
H0099,2025-03,CSE,7,7.413599726853946,,82.00417400887567,0.0
H0100,2025-03,EEE,4,7.0985584391919545,91.10065373516088,94.68429047500918,4.0
H0101,2025-03,EEE,6,6.709197785350367,88.31390625828928,86.1923076928156,0.0
H0102,2025-03,Mechanical,7,6.506594622858518,92.41101791688227,94.36028819667149,0.0
H0103,2025-03,CSE,8,7.702869653279646,88.67285123247777,94.07476148916213,1.0
H0104,2025-03,EEE,6,6.9060934626703565,82.02839339412773,86.99415970490648,0.0
H0105,2025-03,Civil Engg,6,7.339794519929155,88.14614636278787,88.47060897339568,0.0
H0106,2025-03,Mech,8,6.370975815740849,81.58236049711108,82.80482245360967,1.0
H0107,2025-03,e.c.e,6,6.56629592569731,87.94853434712198,81.00219171259111,1.0
H0108,2025-03,Comp Sci,8,7.575734688267842,86.14145657893759,91.05192896954111,1.0
H0109,2025-03,Comp Sci,3,7.726655864067334,89.89874306955673,89.7832125815786,
H0110,2025-03,Electrical,5,6.461992753850998,100.0,93.7787511228394,1.0
H0111,2025-03,Electronics,3,7.316784042010133,92.86576240143677,93.85367099904308,2.0
H0112,2025-03,Comp Sci,3,7.649151692810091,92.89565747166094,93.00563862625877,1.0
H0113,2025-03,Computer Science,5,7.110677579232563,84.11445439441187,93.84964832066943,2.0
H0114,2025-03,ME,4,7.481390324599837,86.28377630432243,88.88145478880577,2.0
H0115,2025-03,Comp Sci,5,6.899503186131918,94.58944258362084,89.9510241448575,4.0
H0116,2025-03,Civil,5,6.2426341407641,85.25588326148633,78.86399780586281,1.0
H0117,2025-03,Civil Engg,6,6.569759391693133,80.41295175904668,84.88427633894554,1.0
H0118,2025-03,Mechanical,8,5.7262460889894,70.95659100955051,86.93507440408307,
H0119,2025-03,e.c.e,8,7.488472295362757,85.35611471070739,90.67385582357853,2.0
H0120,2025-03,ME,5,6.4223097675696925,89.1122354290409,,0.0
H0121,2025-03,Mechanical,4,6.617459033231199,75.94684762396481,87.148519264803,1.0
H0122,2025-03,Mechanical,7,6.624403722480071,96.42217278097567,98.82833227848658,1.0
H0123,2025-03,Computer Science,3,7.005782410884429,87.94488325817582,86.56207901243624,1.0
H0124,2025-03,ECE,6,6.971413937241607,97.52419148436545,91.17372031631022,2.0
H0125,2025-03,Comp Sci,5,7.427659951283772,86.3287974688077,86.8970851650231,0.0
H0126,2025-03,Electronics,4,6.650955296638663,66.74259217838824,86.28131393606327,1.0
H0127,2025-03,Comp Sci,6,7.628093769211288,86.26868146363728,83.43851299447681,1.0
H0128,2025-03,Computer Science,4,7.470765865565789,81.97771523907491,83.09486201360632,0.0
H0129,2025-03,CSE,4,7.484982366680224,81.17907666395483,84.59050053305661,2.0
H0130,2025-03,Mech,6,7.7807864023574815,88.75990693200688,74.92956820856843,1.0
H0131,2025-03,CSE,4,7.645503187722519,80.24299776861673,88.35344131454738,0.0
H0132,2025-03,EEE,7,6.057505805965872,71.3339369659491,76.30852927033682,0.0
H0133,2025-03,Mech,3,6.391294475119223,81.2086533148816,78.69106277662964,0.0
H0134,2025-03,Comp Sci,5,7.143628169403255,,100.0,1.0
H0135,2025-03,Mech,7,6.259664060596281,84.03814263973008,94.24800717335157,1.0
H0136,2025-03,Computer Science,4,7.589786340444705,80.49711517584406,100.0,1.0
H0137,2025-03,E.E.E,7,6.974908072969494,83.24702565478358,86.18012836724499,1.0
H0138,2025-03,ECE,7,6.486345751234175,93.78970774302873,83.06181850954111,1.0
H0139,2025-03,Civil Engg,8,7.405548078245648,90.84639816549637,90.03754369431473,0.0
H0140,2025-03,cs,4,6.860094182773332,90.33393370579734,89.02108431027396,1.0
H0141,2025-03,ECE,7,6.575171423537634,87.32015620246564,81.30388199229212,0.0
H0142,2025-03,Electronics,8,,74.38059013715647,82.72677953329419,0.0
H0143,2025-03,Electrical,7,7.027168018959188,85.09419791278316,90.6105255628662,0.0
H0144,2025-03,ME,4,7.827472675840007,95.75494526358733,77.11102005488834,0.0
H0145,2025-03,Electronics,7,7.2538971807676,68.21689265767024,90.17042937173707,0.0
H0146,2025-03,cs,3,7.728527038149408,71.4543775972875,85.38085943792063,0.0
H0147,2025-03,CSE,6,8.087491364585478,81.75246000972571,96.52849438850656,0.0
H0148,2025-03,ECE,5,5.422012896429269,75.88308628788855,,3.0
H0149,2025-03,e.c.e,6,6.743577377145495,86.29773828233706,90.42012502103377,4.0
H0150,2025-03,Computer Science,6,5.839485142104353,73.04283034238057,75.49987064448676,1.0
H0151,2025-03,CIVIL,3,7.5678885125170305,91.10726225520654,77.0638083017934,0.0
H0152,2025-03,CIVIL,6,6.355867408287772,100.0,72.25872895244196,1.0
H0153,2025-03,cs,8,,82.3665503949287,83.87359764950706,3.0
H0154,2025-03,Mechanical,5,6.745191184170656,71.91535096532206,72.98958383705417,0.0
H0155,2025-03,Computer Science,4,7.471961362455012,,88.40207385501776,1.0
H0156,2025-03,Mech,8,7.2738137802216105,88.77068116056982,78.25181145939254,0.0
H0157,2025-03,Comp Sci,3,8.139088300657738,90.80943052552571,86.00585013870294,2.0
H0158,2025-03,ME,5,6.508661376786704,89.58131601466977,83.61135255714414,2.0
H0159,2025-03,Mech,6,6.453256643257979,,85.51677802355196,3.0
H0160,2025-03,Civil Engg,5,7.054209830867675,86.6030537942569,78.35795430118267,0.0
H0161,2025-03,CSE,8,8.04440042401312,100.0,87.36824631069399,1.0
H0162,2025-03,E.E.E,5,6.835282935773093,83.1705245818345,88.94495034336525,1.0
H0163,2025-03,Computer Science,8,7.291294818336733,89.16483928230274,88.66740590816349,0.0
H0164,2025-03,Comp Sci,3,7.021848266552018,90.16652679333953,85.59197564096168,1.0
H0165,2025-03,Mechanical,7,6.003027469588591,100.0,87.26006054443417,0.0
H0166,2025-03,e.c.e,6,7.281068082741884,,80.8022910668657,1.0
H0167,2025-03,Civil,4,6.0423909709094055,83.40333444977587,88.1796075686055,2.0
H0168,2025-03,Civil,4,6.574059209671716,81.05632907558116,100.0,1.0
H0169,2025-03,Comp Sci,7,7.513738580878517,97.16033909085571,88.414382729766,1.0
H0170,2025-03,Electrical,6,7.332532241257593,84.16333625603234,81.67169338466063,0.0
H0171,2025-03,cs,6,6.431908460386156,96.93998100131031,74.55235943262133,1.0
H0172,2025-03,ECE,3,6.878453206474427,83.97371827649526,82.62252271910093,0.0
H0173,2025-03,CSE,6,7.706920572389904,84.81891582816291,92.38696337052608,1.0
H0174,2025-03,E.E.E,8,7.188610314905522,,85.59782809168432,1.0
H0175,2025-03,Computer Science,3,7.044403467171482,,85.28832029094598,4.0
H0176,2025-03,cs,5,7.279248937076426,73.62106579698865,87.49479365737784,0.0
H0177,2025-03,ECE,5,6.833572494882831,94.48538003732192,80.88837049440451,1.0
H0178,2025-03,EEE,8,6.543515972612061,73.22949297636765,84.24507023349153,2.0
H0179,2025-03,Civil,4,7.156363932309719,72.7673464466606,81.77423138674642,0.0
H0180,2025-03,Mech,5,6.230413829449102,83.67732682689635,84.60194062584802,0.0
H0181,2025-03,Civil Engg,7,7.320529074583656,93.44069535521163,86.87667944214536,1.0
H0182,2025-03,Civil,3,6.426429136495171,,91.49426646163731,2.0
H0183,2025-03,Electronics,7,6.860015826537412,90.95620884703305,79.3832062392016,1.0
H0184,2025-03,cs,7,7.874488468223283,91.45354070469885,94.22071744092918,0.0
H0185,2025-03,CIVIL,7,7.056485178857685,89.9639938726324,90.31729898529177,2.0
H0186,2025-03,Mech,6,7.195908385116613,98.31058001594539,83.92126576543421,0.0
H0187,2025-03,ECE,7,,77.81639692848135,78.60953227817272,1.0
H0188,2025-03,CSE,7,6.992409347726266,87.93939131554366,96.09177027885214,0.0
H0189,2025-03,Mechanical,8,6.121700301802564,,75.30900714006408,1.0
H0190,2025-03,cs,5,6.835545783776192,97.5289753320595,80.91802285449968,0.0
H0191,2025-03,EEE,5,7.81461337806331,83.43182633766011,78.6445464275981,
H0192,2025-03,Comp Sci,6,7.607138966516996,89.60702154383183,84.62737840828682,1.0
H0193,2025-03,CSE,4,8.11293251278694,85.86941624151383,86.95852346631902,4.0
H0194,2025-03,Civil,8,,75.3225403979026,90.77034262443648,3.0
H0195,2025-03,cs,7,7.187878574009154,92.97643214784841,84.0374843135037,1.0
H0196,2025-03,cs,6,7.279910747735974,93.31064505828165,100.0,3.0
H0197,2025-03,ME,4,6.399569397967253,80.05865239121661,90.66780938013429,0.0
H0198,2025-03,Civil,5,6.5846311069234,98.26230484870302,80.73834456920433,0.0
H0199,2025-03,CSE,5,7.588855603031446,95.75647049681612,85.6426504518062,1.0
H0200,2025-03,cs,6,7.85197721571645,100.0,90.54992809594913,0.0
H0201,2025-03,CIVIL,7,6.675283730844603,70.7557823648652,86.17975978085083,0.0
H0202,2025-03,EEE,7,5.957996789960942,77.37732427550954,73.98890414733921,1.0
H0203,2025-03,Electronics,8,6.6324333976359,90.76628743308797,77.64727792254388,1.0
H0204,2025-03,Comp Sci,8,8.131144303457239,78.28754034378377,77.35148551449291,
H0205,2025-03,Computer Science,7,6.612701198661286,80.87957962705633,96.33511875765538,0.0
H0206,2025-03,Comp Sci,5,8.043566917686638,81.82464099321513,91.25318644950794,1.0
H0207,2025-03,Computer Science,6,7.3048248527395785,90.89194850496884,85.56710216830514,0.0
H0208,2025-03,ME,5,6.440464084519186,80.95520951136677,78.77065725598165,1.0
H0209,2025-03,Computer Science,6,,78.57669271119056,82.72315028653581,0.0
H0210,2025-03,ECE,7,7.006546906432548,100.0,76.40444489536738,0.0
H0211,2025-03,ME,5,6.468942605590881,88.0492369635495,83.66516179022396,1.0
H0212,2025-03,Mechanical,6,6.259066192939709,,86.84293802250157,1.0
H0213,2025-03,Computer Science,3,,87.56220336510904,96.82308218933224,1.0
H0214,2025-03,Civil Engg,7,6.606647248911768,,90.68670592294912,
H0215,2025-03,Mechanical,5,7.098906293919027,91.81990947840363,92.57011576073164,0.0
H0216,2025-03,Mechanical,5,7.370656298494051,72.23354487038776,94.84778623066828,1.0
H0217,2025-03,Computer Science,6,6.868399954357125,100.0,85.69608473815084,0.0
H0218,2025-03,CSE,4,7.043071007396595,100.0,78.60714086500874,1.0
H0219,2025-03,E.E.E,6,6.933422667940541,82.10212133428975,90.6703024520372,1.0
H0220,2025-03,ECE,7,6.763493349633117,72.2577127750442,80.01227224150111,0.0
H0221,2025-03,cs,5,6.570667482997811,76.126455899897,83.58157184377937,1.0
H0222,2025-03,e.c.e,3,6.9001754472004695,76.29663914903936,77.03279694731846,0.0
H0223,2025-03,Mech,5,,88.88770683836238,94.04233907205482,2.0
H0224,2025-03,Electrical,4,7.1272819694549385,84.93297279986116,93.72466513493863,1.0
H0225,2025-03,Computer Science,5,7.510675402578888,83.72809562378674,78.37188988833542,
H0226,2025-03,E.E.E,6,6.857733459163436,92.02634698818675,87.18743761377868,2.0
H0227,2025-03,Computer Science,3,7.937641921122927,88.513932658836,96.28898047844922,2.0
H0228,2025-03,Mechanical,7,6.585121192305684,92.39109826064414,,0.0
H0229,2025-03,Mech,4,5.872218853951565,82.82944732246192,82.29181105670524,1.0
H0230,2025-03,Comp Sci,8,7.762092320982683,100.0,96.18826638952737,2.0
H0231,2025-03,Comp Sci,7,7.672136710774127,100.0,88.7791208099247,2.0
H0232,2025-03,ECE,4,6.932088066592259,86.65050004940531,83.33032366675417,2.0
H0233,2025-03,E.E.E,6,7.0914640358286745,84.76005092436597,92.14184390033985,1.0
H0234,2025-03,ME,3,6.989291264510723,85.14011594615424,77.8439351259275,1.0
H0235,2025-03,Electrical,3,6.004525632377937,91.73121563714999,77.53776688706155,1.0
H0236,2025-03,Civil Engg,8,6.656757103754803,92.48164350297094,72.74328780793891,1.0
H0237,2025-03,Electronics,7,,69.28907026059836,97.7402629509345,2.0
H0238,2025-03,Civil Engg,3,6.808338732362805,90.57423743401752,86.20735625933816,1.0
H0239,2025-03,Computer Science,4,7.128746712897692,85.65005502282087,95.54248537352338,1.0
H0240,2025-03,Computer Science,4,7.342690027880557,89.32736589570216,78.0860835922859,3.0
H0241,2025-03,Civil,5,6.353912506011564,83.35068906445123,91.1169454241168,1.0
H0242,2025-03,CIVIL,4,6.1626214005242765,81.51216849686755,81.80952080365151,1.0
H0243,2025-03,cs,4,7.721845794153782,77.22967496232465,99.76166027498606,1.0
H0244,2025-03,Electronics,6,6.003996822191446,70.87811658517317,81.25825599041806,1.0
H0245,2025-03,Mech,4,6.788727108197191,84.33215610474038,78.26935616164522,
H0246,2025-03,CIVIL,8,6.756879795603027,85.27762932692222,93.2522890392948,1.0
H0247,2025-03,ME,7,6.431433142099579,84.0405964849951,84.13021017781905,2.0
H0248,2025-03,ECE,7,5.90407901642667,86.20319156723279,75.01586486823737,3.0
H0249,2025-03,Electronics,4,6.768186642511544,79.79815523148615,74.12301506771072,1.0
H0250,2025-03,e.c.e,7,7.047019399917253,74.2039571613276,87.49871239198069,0.0
H0251,2025-03,Mech,8,7.154488974414818,92.53865244947453,83.60057440223419,1.0
H0252,2025-03,Civil,4,6.464479679541407,90.65359675505205,86.8739025161598,2.0
H0253,2025-03,Electronics,7,7.6674108653356905,82.38166704721884,89.00847264653902,2.0
H0254,2025-03,cs,5,8.54880817074182,97.06150434838813,88.60470903251745,1.0
H0255,2025-03,cs,7,7.284330767685455,80.3028345430175,90.39523751590433,1.0
H0256,2025-03,ME,5,5.710796312356797,81.92975018820276,,1.0
H0257,2025-03,CIVIL,7,6.9917325668099295,86.97612021164339,83.19851018833533,1.0
H0258,2025-03,CSE,3,,81.49977366399663,89.46839812991287,0.0
H0259,2025-03,CSE,5,7.580973775754833,91.8050499962137,91.18581377626134,2.0
H0260,2025-03,Mechanical,4,6.518988571847971,74.53150898038997,91.54141456516291,1.0
H0261,2025-03,CSE,4,7.544283021352433,87.4586590551176,71.36209841968747,5.0
H0262,2025-03,CIVIL,4,7.632789233812067,86.97878445744352,83.43989932474018,1.0
H0263,2025-03,cs,5,7.683367188723206,78.98016836169771,90.99443222858366,2.0
H0264,2025-03,cs,3,7.102137061393,92.83990682126606,100.0,0.0
H0265,2025-03,Electrical,7,7.092303335891767,95.2407129165852,93.70927491445251,0.0
H0266,2025-03,CSE,6,6.7711977293938,86.0424426933717,,2.0
H0267,2025-03,Comp Sci,7,6.781493218710697,88.32458980681308,100.0,1.0
H0268,2025-03,Comp Sci,7,6.750810381179418,83.80116687470141,84.62166677356822,1.0
H0269,2025-03,Comp Sci,3,7.822380853920556,88.43127032901003,,0.0
H0270,2025-03,cs,3,7.293108331051224,84.4610810815739,92.69103546866,2.0
H0271,2025-03,Computer Science,5,8.558131964997925,91.50337479624095,84.13508955961377,1.0
H0272,2025-03,Comp Sci,5,6.766168533445522,83.53163942958889,72.8050340922948,1.0
H0273,2025-03,Computer Science,4,7.264254816677039,100.0,87.56362480544561,0.0
H0274,2025-03,ME,7,5.997648927462917,80.86573912722845,86.32355484796756,0.0
H0275,2025-03,Mech,6,6.131166318362401,76.21152261606018,81.11010372632079,0.0
H0276,2025-03,ECE,7,6.433317699162089,68.16742740768888,81.85918201887678,0.0
H0277,2025-03,Comp Sci,3,7.516038717925708,96.2267397600072,100.0,4.0
H0278,2025-03,Electronics,7,6.783206331622023,,85.41805695253828,3.0
H0279,2025-03,Civil Engg,4,6.8653726555132275,75.47410310217839,97.84960987890042,1.0
H0280,2025-03,CIVIL,5,5.667048877679302,86.8004891627179,86.38510302234795,0.0
H0281,2025-03,Computer Science,5,6.714864308957695,91.43628721350836,94.08514811779433,
H0282,2025-03,Computer Science,7,6.902986407901345,88.36069769785205,86.16128445852387,1.0
H0283,2025-03,Comp Sci,4,6.3317741382711095,77.66341636869616,85.46868392369835,2.0
H0284,2025-03,CSE,4,6.918143917252276,92.04198819984981,87.59232020510515,3.0
H0285,2025-03,Mechanical,5,7.291502189698675,,85.84185834343195,0.0
H0286,2025-03,Electronics,5,6.772088711098549,95.68858211983564,88.23136049114923,0.0
H0287,2025-03,cs,4,6.616991199766944,90.49248615369571,94.72921068457174,1.0
H0288,2025-03,ECE,4,5.958505817449382,92.19556717193429,100.0,0.0
H0289,2025-03,Electronics,4,7.199719416579387,73.70064468554986,82.79746968245375,1.0
H0290,2025-03,Computer Science,5,7.666661824272227,93.71555391267661,88.3585943859048,1.0
H0291,2025-03,Civil,5,6.481824279263317,87.95864823479819,89.06770102500826,0.0
H0292,2025-03,CSE,5,7.872188496877696,87.61920556932971,,2.0
H0293,2025-03,E.E.E,7,6.202724930179284,85.46628716817844,74.8742417012745,2.0
H0294,2025-03,Computer Science,4,7.490303300014443,83.52040237456123,92.69127283945627,3.0
H0295,2025-03,Civil,8,6.400942630573069,,76.85269252777016,1.0
H0296,2025-03,Electrical,7,7.0281717524093255,90.57513433293354,86.26252730056267,3.0
H0297,2025-03,EEE,4,5.705352300808368,97.47136046766518,93.40146088687057,0.0
H0298,2025-03,CIVIL,4,,76.68439786113468,87.68697340168615,
H0299,2025-03,Civil,4,7.235408806793105,87.00938438320972,90.07449778512311,0.0
H0300,2025-03,Mechanical,4,6.268024714157383,75.03089619943033,95.30328784312152,1.0
H0301,2025-03,Civil Engg,5,6.224547135920707,86.09635377770482,82.5039408057322,
H0302,2025-03,cs,3,6.69449509069353,82.75981845564641,89.5900922912221,
H0303,2025-03,e.c.e,3,6.6615884106414915,85.44113524400784,84.56470797987275,1.0
H0304,2025-03,e.c.e,5,6.806720734656665,94.01538558426928,90.7836487198629,0.0
H0305,2025-03,Civil,7,6.420625906385486,88.87990344719604,76.43163488993633,1.0
H0306,2025-03,Electronics,4,6.694589108159039,82.67651868361487,76.43174592222557,1.0
H0307,2025-03,ECE,8,6.867949503396582,,83.68229708198692,2.0
H0308,2025-03,Mechanical,5,7.340446831557966,94.117434832743,92.11458156054003,1.0
H0309,2025-03,Computer Science,8,,78.68762943220817,100.0,3.0
H0310,2025-03,Comp Sci,4,,98.13508657580059,80.49292553760917,1.0
H0311,2025-03,ECE,6,7.2782325120884055,86.63042518717317,84.3959254442801,0.0
H0312,2025-03,Electronics,7,7.012097463247674,77.65459458210768,86.7979965416263,0.0
H0313,2025-03,CSE,3,6.313146261771257,74.59494352243638,77.79507257133079,0.0
H0314,2025-03,e.c.e,8,5.027408574986535,79.02311113217554,,0.0
H0315,2025-03,e.c.e,5,6.271273441964966,82.20662618716389,71.53155400225123,1.0
H0316,2025-03,Comp Sci,5,7.287730055888882,91.90609194580878,,2.0
H0317,2025-03,Electronics,6,5.477898729426437,74.59194990870853,76.03370096690988,1.0
H0318,2025-03,ME,6,6.729153732317412,92.30942734201128,93.67972190705825,0.0
H0319,2025-03,cs,3,,68.55986142534508,91.01460052943531,1.0
H0320,2025-03,Electrical,8,7.053315262939576,87.78621018927616,,1.0
H0321,2025-03,E.E.E,6,6.404093951647189,78.07763955930159,77.54361090509268,0.0
H0322,2025-03,e.c.e,8,7.45209099017818,86.91678760229826,87.94535014807641,2.0
H0323,2025-03,cs,5,7.455519695712844,98.80438277853709,86.66512160456934,3.0
H0324,2025-03,e.c.e,6,7.099347045366526,95.16056063101658,90.89808365978834,0.0
H0325,2025-03,Civil Engg,5,7.488235789294259,89.61110547796392,94.15462997417953,0.0
H0326,2025-03,Mechanical,8,7.314805830075078,,81.10002555657822,2.0
H0327,2025-03,Civil,7,6.7786708231243935,96.7942613183887,81.8622025275893,2.0
H0328,2025-03,ECE,8,6.44234783697035,97.17405684582221,92.83637936234426,0.0
H0329,2025-03,Mechanical,6,7.7667326462717785,82.73405616787251,96.50728005584483,0.0
H0330,2025-03,cs,7,6.602202300395185,92.26225161802905,78.63178014385944,1.0
H0331,2025-03,ME,5,6.712117023087767,94.13482638061559,81.32964188393467,1.0
H0332,2025-03,CSE,5,7.518098018040565,89.61324559585935,82.90247050834782,0.0
H0333,2025-03,Mech,7,6.478430362546543,93.33458404055534,85.73976465244488,0.0
H0334,2025-03,Civil Engg,3,6.587705683196839,83.3844044514857,72.23058649719708,4.0
H0335,2025-03,CSE,7,7.3414221678680835,76.27251583959203,87.63671093716643,0.0
H0336,2025-03,Mechanical,3,6.817185608160129,94.75579607769276,83.29242916528327,2.0
H0337,2025-03,CSE,6,5.834356654538069,80.9113743449829,80.56148929264411,1.0
H0338,2025-03,Mech,5,6.389644442145355,70.65852711823267,84.30958007308752,0.0
H0339,2025-03,Comp Sci,5,,100.0,,2.0
H0340,2025-03,E.E.E,5,6.3181212211719435,76.92879181074596,,1.0
H0341,2025-03,cs,5,7.125020360831319,93.03119826000625,98.88235926430109,
H0342,2025-03,Electrical,5,6.463176421782954,74.65601934361172,79.15242186500413,6.0
H0343,2025-03,Civil Engg,5,6.4644468200105925,81.92440057426477,84.62809179003509,1.0
H0344,2025-03,Mechanical,6,7.542471531714398,82.48405440932218,83.06834664688144,0.0
H0345,2025-03,CIVIL,7,6.505696613567079,77.69022229909224,91.49365134047409,
H0346,2025-03,Civil Engg,6,6.5700139582136945,91.9684324059323,76.09432972471713,2.0
H0347,2025-03,Electrical,6,7.213278025843451,100.0,86.93613328054927,5.0
H0348,2025-03,Comp Sci,8,7.359883699135747,90.33953587147,83.29683009319257,1.0
H0349,2025-03,Mechanical,8,6.900086956874798,73.5679913916267,74.95493883919112,1.0
H0350,2025-03,Comp Sci,3,7.7596620995691215,80.48044568291878,83.41350545893887,0.0
H0351,2025-03,ME,7,5.851671365659299,76.32974392532275,77.43619958641223,1.0
H0352,2025-03,CSE,4,7.702715822451077,90.67082005032759,92.94825449259619,1.0
H0353,2025-03,ME,4,6.923220924175939,81.65159376397035,78.05923205452156,0.0
H0354,2025-03,Mechanical,7,6.558894234407111,100.0,69.23164970801282,0.0
H0355,2025-03,e.c.e,3,6.467315765697993,83.28890593392754,69.08664322980557,2.0
H0356,2025-03,ECE,8,7.457646744208708,92.90960124599812,,3.0
H0357,2025-03,Civil,7,7.873208891952001,85.73951467816143,89.52281181565037,0.0
H0358,2025-03,Civil Engg,8,6.52530752008026,84.2209756947723,84.74724351026263,3.0
H0359,2025-03,e.c.e,7,6.782325462152983,83.73876360049688,82.7430059182035,1.0
H0360,2025-03,Mechanical,8,7.394734272796045,87.28805464200869,88.70166807167809,1.0
H0361,2025-03,Electrical,3,6.558458670214248,82.20564147403122,72.32057937485784,1.0
H0362,2025-03,Computer Science,8,7.78289148730215,88.59772376739237,73.42717579232777,2.0
H0363,2025-03,CSE,3,7.059671977868358,83.61217865581297,77.05981803105273,2.0
H0364,2025-03,CSE,4,6.927923526975381,100.0,85.15567480132022,2.0
H0365,2025-03,Mech,3,6.607016860438135,89.94314368546449,91.3891196116894,0.0
H0366,2025-03,Electronics,5,6.803101825612724,92.02958860261835,79.50650791334166,4.0
H0367,2025-03,Civil Engg,7,7.180992962514276,,78.60374283831342,0.0
H0368,2025-03,Mech,4,6.677611373530618,73.0964209192047,88.3124978257718,2.0
H0369,2025-03,Computer Science,7,7.463178703373835,78.27867907016687,85.42131792066114,3.0
H0370,2025-03,Civil,6,7.132042300477568,82.78395363347285,84.38931031193195,0.0
H0371,2025-03,Civil Engg,6,7.19271327611819,85.92252446766302,87.44409427203672,0.0
H0372,2025-03,CSE,8,7.703142379954766,93.22315616602023,80.71409325646033,0.0
H0373,2025-03,Electronics,5,6.483332288123084,87.86688405303286,98.03207060089525,2.0
H0374,2025-03,Comp Sci,5,6.868850601031615,83.86162913154894,80.61441458302222,
H0375,2025-03,cs,8,6.90612831997114,100.0,100.0,1.0
H0376,2025-03,Comp Sci,6,6.454112042898054,88.34021339454449,88.42129288733994,1.0
H0377,2025-03,EEE,6,6.273434543920775,80.86096540755271,85.26178759475083,1.0
H0378,2025-03,ECE,4,6.8645407566159395,83.7501973569614,75.44296549044002,0.0
H0379,2025-03,ECE,4,6.691195030835246,90.15238395626491,85.73582029264577,3.0
H0380,2025-03,ME,4,7.5364093459712205,87.56367931475903,88.08553179377431,1.0
H0381,2025-03,ME,4,7.179978598554299,92.44208461020217,82.21513623020972,1.0
H0382,2025-03,E.E.E,4,6.612210221545233,83.44895679492954,73.96503535826628,2.0
H0383,2025-03,Civil,7,6.573638391346301,83.0466922395316,91.33717510916622,2.0
H0384,2025-03,e.c.e,3,7.006451018847095,74.69928895189184,91.72946619748627,
H0385,2025-03,Electronics,6,7.242278225810652,96.06269223378946,74.95379455190361,1.0
H0386,2025-03,Electrical,8,7.123052732236128,76.50497208957327,80.00978371744125,0.0
H0387,2025-03,ME,7,6.694701521440621,90.20343385151959,81.13950150655884,3.0
H0388,2025-03,EEE,5,6.530304119399172,79.90209993368259,86.03783273416879,1.0
H0389,2025-03,cs,3,8.3606407409013,97.07834191451258,90.54416878405485,1.0
H0390,2025-03,Civil,8,7.485001457316415,98.45026082288021,86.89595024633235,1.0
H0391,2025-03,Mech,3,6.717695417144956,78.63473529182065,87.03887781575023,1.0
H0392,2025-03,CSE,7,7.798662684297298,81.34012321965324,100.0,1.0
H0393,2025-03,ME,7,7.502488946129328,100.0,84.89696083837468,0.0
H0394,2025-03,Mech,4,7.045116509191013,90.42884837326454,93.10163404446209,5.0
H0395,2025-03,cs,7,7.0759668534351965,93.1533640320929,98.80409486887443,1.0
H0396,2025-03,ECE,4,5.567695154888218,72.90943363854015,93.33929341337964,0.0
H0397,2025-03,Civil Engg,4,5.808735207294397,76.38990411366497,88.11101909071819,4.0
H0398,2025-03,CSE,7,7.555807437032512,91.29008900407528,93.48319548470369,1.0
H0399,2025-03,e.c.e,8,5.978329389844169,80.17016665692293,85.09851667645808,0.0
H0400,2025-03,e.c.e,4,6.778486968719395,77.84025228097923,96.77569559054967,3.0
H0401,2025-03,Comp Sci,8,7.538707350704703,89.91425834382342,84.1514343031864,1.0
H0402,2025-03,E.E.E,8,6.166216679837096,70.73852346222635,80.7438166769862,2.0
H0403,2025-03,Civil,7,5.962666609756996,87.2184584168853,79.16361316407762,0.0
H0404,2025-03,Comp Sci,3,7.139144919872537,,100.0,0.0
H0405,2025-03,EEE,4,6.532646830913264,92.06514038696311,96.23039852555647,2.0
H0406,2025-03,CIVIL,7,6.652352403535918,87.99691428619195,82.10984531397212,1.0
H0407,2025-03,CSE,8,7.03139104639058,91.19986632617403,77.67569654127934,1.0
H0408,2025-03,CIVIL,7,6.667069812125169,93.63246560767698,80.38542234756484,1.0
H0409,2025-03,Comp Sci,5,7.5862072565975796,83.20571944946417,,2.0
H0410,2025-03,Electrical,4,6.943793744893312,77.70566387393025,86.35617567536563,2.0
H0411,2025-03,ME,8,6.607760101819046,94.39692223720952,72.99930291949708,0.0
H0412,2025-03,ME,4,5.561544398638266,95.9803281767683,76.09232722163958,2.0
H0413,2025-03,Comp Sci,5,8.40863873524108,99.8653043616925,97.42888410013234,1.0
H0414,2025-03,CIVIL,8,5.553105794775982,62.261918792370835,83.92147540837317,0.0
H0415,2025-03,cs,6,7.828691687675762,94.19318292107158,83.77829004047992,3.0
H0416,2025-03,Computer Science,4,6.727760847743344,81.83249980884575,95.36399739942871,
H0417,2025-03,Computer Science,3,7.479503168400842,96.3738576887595,95.33009519460616,1.0
H0418,2025-03,CIVIL,5,6.615176049082731,83.4293902165826,100.0,1.0
H0419,2025-03,cs,8,6.4079134291093025,81.98452292083793,82.1392688973749,2.0
H0420,2025-03,E.E.E,5,5.633429294574738,79.88450125552565,77.17723447742176,2.0
H0421,2025-03,Mechanical,7,6.478912167980449,79.43974821566225,82.14593649089726,1.0
H0422,2025-03,Comp Sci,4,8.386020717997733,80.93296650790269,97.06027496539029,2.0
H0423,2025-03,Comp Sci,7,8.390067186765936,86.69812881735037,80.29924973639953,2.0
H0424,2025-03,CSE,7,7.829662619746326,89.01752401851076,87.19380470081336,3.0
H0425,2025-03,Mechanical,6,6.940203158144992,96.54962015959737,83.83149169730139,0.0
H0426,2025-03,CIVIL,7,7.361221632866819,89.8596700541222,94.11361628943439,3.0
H0427,2025-03,CSE,6,8.253278575838763,87.26922274097993,85.13084792784215,3.0
H0428,2025-03,Civil,5,6.4723191201311,83.11794821970318,84.06720864060269,1.0
H0429,2025-03,Comp Sci,7,6.903409218292838,,,1.0
H0430,2025-03,CIVIL,8,6.742420992633583,84.67862755060072,82.69608252809401,2.0
H0431,2025-03,EEE,8,7.062014241981051,87.38622514020035,79.82273349334847,0.0
H0432,2025-03,Civil,4,6.433959912457346,79.86285141366987,96.84814525459262,0.0
H0433,2025-03,ME,7,6.76750283911855,81.89528139571033,89.08563835859725,0.0
H0434,2025-03,Civil,3,7.0261761685057085,67.61006558811161,95.13920199708781,0.0
H0435,2025-03,CSE,6,6.536188757481468,77.73686261356724,93.20231593128459,1.0
H0436,2025-03,Comp Sci,6,6.766992503428327,80.14769858557179,87.39161515386336,0.0
H0437,2025-03,Comp Sci,5,8.144540690009098,84.88396444078616,85.80821767842895,3.0
H0438,2025-03,Electronics,8,6.23898938353363,60.24852405430746,79.59132313161962,2.0
H0439,2025-03,Mechanical,8,6.733362898153727,82.52916224025002,77.84207529447468,1.0
H0440,2025-03,Mech,3,6.4876257786115366,84.139907235598,78.74184025179085,3.0
H0441,2025-03,Civil Engg,4,6.433859623916109,90.21437865939322,80.59476462070896,0.0
H0442,2025-03,CSE,4,7.1411324914592385,,94.59338005185988,
H0443,2025-03,Mech,8,6.524735412224216,92.45219929138457,78.18753128542214,1.0
H0444,2025-03,CSE,6,6.679567399898466,100.0,95.84769963450753,0.0
H0445,2025-03,CSE,7,7.9012135360925315,79.84248547455155,95.78817933905017,1.0
H0446,2025-03,Mechanical,7,6.394300703457219,73.78807444577743,87.39890613060365,0.0
H0447,2025-03,E.E.E,7,6.6721129718631795,87.55904154039492,85.53710058071967,1.0
H0448,2025-03,ME,3,6.545651322287355,89.17930902512555,86.37315036592939,1.0
H0449,2025-03,Computer Science,3,,,86.34233721746016,0.0
H0450,2025-03,ME,5,7.008995298121849,98.8157710878709,78.43958341809478,1.0
H0451,2025-03,Computer Science,5,7.55120803257485,83.35083682871067,87.17039352110581,0.0
H0452,2025-03,Civil Engg,7,6.318967098113095,84.89924246737027,76.80343279317626,0.0
H0453,2025-03,ME,3,6.139934952308645,89.47372447688257,86.28408779402852,0.0
H0454,2025-03,CSE,5,7.22913461320739,99.28156206677926,79.99719912696108,0.0
H0455,2025-03,CSE,4,6.933967277064169,79.49429722772604,91.18584451497135,2.0
H0456,2025-03,CSE,4,8.022248978456712,96.40750504698654,,2.0
H0457,2025-03,EEE,4,6.526566830751854,86.05421474891939,87.87989948168453,1.0
H0458,2025-03,Electronics,4,6.723764080821434,71.36003498354046,78.42978002862813,2.0
H0459,2025-03,CIVIL,6,7.176148193357608,81.52598785185539,79.60139334106154,1.0
H0460,2025-03,Mechanical,5,6.549336484166568,75.8644753428343,79.45383747346537,1.0
H0461,2025-03,Mech,5,5.9887477672759495,89.04890390743545,76.02814542478085,1.0
H0462,2025-03,cs,5,6.965911207646686,75.6051952332647,86.04952379433891,1.0
H0463,2025-03,EEE,7,7.047595572804684,88.74578655126312,83.50831632485398,3.0
H0464,2025-03,Computer Science,8,6.3916264466883606,84.68406441920395,97.14617068515457,1.0
H0465,2025-03,ME,6,6.578105948217441,,98.01739935472713,1.0
H0466,2025-03,Mech,6,6.737955085797596,85.68639339938052,95.47185582616127,2.0
H0467,2025-03,ME,7,6.169096213512246,,82.81786873086904,0.0
H0468,2025-03,EEE,7,7.109846184758379,88.66669039334604,74.79727864777857,1.0
H0469,2025-03,cs,3,7.454626933616972,88.9295323083405,88.43148317758818,0.0
H0470,2025-03,Electronics,8,6.642672091723441,,81.02004508646992,
H0471,2025-03,ECE,3,6.984585820422246,100.0,83.83228934497687,3.0
H0472,2025-03,e.c.e,5,6.153404978529672,74.86944358923321,86.35763901854143,0.0
H0473,2025-03,CSE,6,7.536008664034101,93.29396615086979,93.50297673345317,0.0
H0474,2025-03,Comp Sci,5,6.903010223796996,91.32266126906231,73.28339707231044,2.0
H0475,2025-03,Comp Sci,4,7.686937808009688,85.0830420732712,95.66005786695393,1.0
H0476,2025-03,Computer Science,8,7.170115827523143,90.28774096691403,94.26823417886425,0.0
H0477,2025-03,Electronics,3,5.5321011164333616,86.73186655521465,78.06429304178035,2.0
H0478,2025-03,Mechanical,4,6.3848795803778575,84.25630633458792,90.10139982403832,0.0
H0479,2025-03,Mechanical,8,7.036986798474846,81.13301366470974,82.91645066846866,0.0
H0480,2025-03,ECE,7,6.9559021832649846,85.16844041367214,85.14374688195046,2.0
H0481,2025-03,ECE,3,6.794607622775803,81.25082791741995,84.1774627171421,3.0
H0482,2025-03,CSE,7,6.902519222324468,98.02155191701256,81.15364979945481,
H0483,2025-03,Mech,8,6.446035760111516,90.83029828615702,73.99743583894166,0.0
H0484,2025-03,CSE,3,7.346055030646636,88.12116629231969,100.0,1.0
H0485,2025-03,cs,5,7.452125631541436,82.6036995730546,92.22649632738987,0.0
H0486,2025-03,e.c.e,5,6.47877605407625,82.55541112979948,85.10274323410486,1.0
H0487,2025-03,e.c.e,3,6.304046066530686,79.07084865068965,95.43302527558608,0.0
H0488,2025-03,Computer Science,4,7.884413958992583,,79.45174769583912,1.0
H0489,2025-03,ME,4,6.801703502918318,71.45603347586994,,0.0
H0490,2025-03,Mech,4,6.194562448607126,78.99671697748386,78.07841754525218,1.0
H0491,2025-03,ME,5,6.12673568286349,75.67306674319369,80.00373412640359,1.0
H0492,2025-03,ME,5,7.825553338793312,81.30145115122833,86.3062483953499,1.0
H0493,2025-03,Mech,4,6.6470950568601515,100.0,82.53118867468505,0.0
H0494,2025-03,Comp Sci,4,7.612913036931926,88.484233892956,78.0558356937674,1.0
H0495,2025-03,Civil Engg,4,5.922652461274562,85.5158386680153,75.83526356767472,0.0
H0496,2025-03,e.c.e,7,6.35680277704294,83.28917441884687,77.68876918442153,0.0
H0497,2025-03,ECE,4,7.333197859597332,92.18637879592616,83.23128163317023,2.0
H0498,2025-03,ME,8,5.773515920400522,80.79242600629267,76.20175026395646,5.0
H0499,2025-03,ECE,6,7.173801702252421,82.99497024230156,,0.0
H0500,2025-03,ECE,7,6.512294748713046,80.1398529593388,83.6698215123663,0.0
H0501,2025-03,Mech,6,6.138362479812855,78.37981287495923,68.21658148524514,1.0
H0502,2025-03,Civil,4,5.483385236729435,,74.24635004933073,
H0503,2025-03,Electrical,6,6.876862566497662,89.4662040587765,87.03237498746199,2.0
H0504,2025-03,e.c.e,4,6.609795659417424,82.9837101283162,86.34300644208511,0.0
H0505,2025-03,e.c.e,3,6.727985159263983,92.8423154487022,72.90703272552346,0.0
H0506,2025-03,Civil,4,6.97170375378808,95.40926652775343,90.94103623482815,3.0
H0507,2025-03,Computer Science,4,6.5890333377945085,83.00102120862813,92.21218452045937,0.0
H0508,2025-03,CIVIL,3,7.282603528085404,84.70158540720442,100.0,2.0
H0509,2025-03,e.c.e,3,6.427447097114105,87.59577930233277,99.04444210014157,1.0
H0510,2025-03,Computer Science,8,6.95415860494037,77.59521251361916,76.70298179717258,3.0
H0511,2025-03,Computer Science,6,7.128110476494313,83.83471761837491,86.08986501252282,2.0
H0512,2025-03,Civil Engg,5,6.182896734696065,,83.822933794671,0.0
H0513,2025-03,Comp Sci,8,7.449812622022813,87.41849244103946,96.76423065662263,1.0
H0514,2025-03,Computer Science,4,6.846847289196371,100.0,84.85313105021315,3.0
H0515,2025-03,CSE,5,6.591314896919805,81.777818421304,97.68829056497462,2.0
H0516,2025-03,cs,8,7.836691522829028,77.05423323266525,90.06694083831633,1.0
H0517,2025-03,Comp Sci,6,6.514345096367132,93.11050017221179,78.7121524143918,3.0
H0518,2025-03,Mech,5,5.975455007518676,83.63820257239952,72.72998955863295,2.0
H0519,2025-03,Computer Science,4,7.515200257542869,87.03353136054784,95.91339369898535,1.0
H0520,2025-03,Civil,3,6.120144505235953,91.21726856812379,90.01753205485412,0.0
H0521,2025-03,CIVIL,3,6.909427209464418,78.5169343011924,95.1842609548551,1.0
H0522,2025-03,e.c.e,3,7.27094101035553,89.46037833239677,68.00240561295361,1.0
H0523,2025-03,Comp Sci,7,6.868777571747394,,83.6058130605631,0.0
H0524,2025-03,ME,6,6.415326707749403,84.62017428484222,92.07449162833272,0.0
H0525,2025-03,Computer Science,5,7.76170732258864,89.07817875250228,77.90892329354303,2.0
H0526,2025-03,Electronics,7,6.527029367975462,100.0,87.86962772223573,1.0
H0527,2025-03,EEE,3,7.0517277431651815,81.29942369440545,80.47371368578365,0.0
H0528,2025-03,E.E.E,4,6.853538204468441,77.11098718402941,,0.0
H0529,2025-03,Civil,5,7.220633699665063,90.43149471578533,80.1311989341465,2.0
H0530,2025-03,cs,8,7.464630483669218,96.50449197019017,98.6129010939975,2.0
H0531,2025-03,Mech,6,6.610998605205386,75.97804819686945,92.17855468585098,0.0
H0532,2025-03,Mech,8,6.852737018926962,88.6460661934535,83.73730163567862,1.0
H0533,2025-03,e.c.e,4,6.319291892135754,75.27324628514171,98.98909780609885,2.0
H0534,2025-03,ME,8,7.017220428302451,74.98004480255993,72.32884946223687,1.0
H0535,2025-03,Comp Sci,3,8.018520010042515,87.09603953747632,83.65077598936153,
H0536,2025-03,Computer Science,4,7.278220996784134,82.99536960678667,98.72268483411561,0.0
H0537,2025-03,ECE,6,6.736761502469071,77.21941988102763,85.44486828336721,0.0
H0538,2025-03,Computer Science,3,7.18249591091928,79.7806230006855,84.24451724506112,1.0
H0539,2025-03,Computer Science,8,7.625012715775551,,88.19870280973846,3.0
H0540,2025-03,CIVIL,8,6.836293243486498,88.64423954089487,79.38752226456485,3.0
H0541,2025-03,EEE,6,6.958024054155182,78.77487098828851,92.23626202992837,0.0
H0542,2025-03,Mechanical,4,5.965445704983102,82.94163733164939,75.40756600490175,1.0
H0543,2025-03,CIVIL,3,6.639853970658663,70.37819873145938,100.0,0.0
H0544,2025-03,EEE,6,7.1547010238562505,85.34577016333509,76.34085838276086,0.0
H0545,2025-03,cs,6,6.451526328658778,93.51948335867093,98.66727032712897,2.0
H0546,2025-03,ECE,7,6.381392876265819,81.61038408632761,90.24265563568929,2.0
H0547,2025-03,e.c.e,6,7.200669184499174,90.29137803630498,80.30581695522393,1.0
H0548,2025-03,Computer Science,3,6.257189789399364,69.27753976346894,85.39298675474865,1.0
H0549,2025-03,Civil Engg,3,6.798230533851677,77.11480163762933,91.02635249453121,1.0
H0550,2025-03,Electronics,7,6.2877196737956345,88.56612427315844,87.39152351411987,0.0
H0551,2025-03,ECE,3,6.785631449277065,92.10477817493373,72.87984851518087,3.0
H0552,2025-03,CSE,8,7.208493725301226,100.0,90.0154624003599,1.0
H0553,2025-03,Comp Sci,3,7.027329145296563,94.3233071609407,78.2103552333318,0.0
H0554,2025-03,E.E.E,7,5.749347053643704,92.94722370185683,89.92501954273845,0.0
H0555,2025-03,CSE,8,7.6511099092306365,81.83005824565986,96.29071649170206,0.0
H0556,2025-03,cs,5,7.865857337726064,88.14989110789628,77.81799560598941,2.0
H0557,2025-03,cs,3,7.035766111880768,74.81673253497357,71.07867622779506,1.0
H0558,2025-03,ECE,8,6.791236839837844,93.40866488715058,81.56822731828153,1.0
H0559,2025-03,Mechanical,4,7.306731602889133,84.25539029706653,83.9932135294963,2.0
H0560,2025-03,e.c.e,6,6.81300648041963,89.61078639042663,84.83393297619477,0.0
H0561,2025-03,Comp Sci,8,7.548637631302736,70.95239441759104,91.57314982273266,
H0562,2025-03,Comp Sci,7,6.854919259956644,67.49596592276443,85.73618770127129,1.0
H0563,2025-03,Civil,3,7.398755121862702,100.0,87.31053423558524,0.0
H0564,2025-03,ME,7,7.284207317261137,100.0,81.08306648904905,1.0
H0565,2025-03,Mechanical,3,5.8294183910863895,85.57759640655371,74.41022857996518,3.0
H0566,2025-03,ME,7,6.7837991470222265,98.83049663999853,89.7634051223586,1.0
H0567,2025-03,CIVIL,6,6.8151484560941284,82.01103410925805,90.72982996267231,0.0
H0568,2025-03,CSE,4,7.647533469772781,76.36673877702304,85.72824732362625,0.0
H0569,2025-03,ECE,5,7.23259284310818,98.6588013120823,77.10952362771857,0.0
H0570,2025-03,ECE,3,5.820516434457153,82.35243774020141,93.188684293012,0.0
H0571,2025-03,Computer Science,8,7.558569980487268,86.02614601732314,98.88178217579012,2.0
H0572,2025-03,Civil Engg,4,6.947992343473521,98.02608325939727,91.66810596405014,0.0
H0573,2025-03,ECE,4,6.580624810109915,84.13704720452591,90.45942771394326,0.0
H0574,2025-03,Civil Engg,6,6.295433178431836,77.65851354904437,78.5950997777489,1.0
H0575,2025-03,Civil,7,6.65552320603808,74.15748666375926,93.23779726679149,6.0
H0576,2025-03,ECE,6,6.296176302226656,83.98884123440595,87.0044529597734,2.0
H0577,2025-03,Electrical,6,5.866958096618052,89.14102786937715,73.8034300754374,1.0
H0578,2025-03,Mech,6,7.302690591592293,84.13862894981496,90.4766894468929,1.0
H0579,2025-03,Civil,8,6.74062856032454,85.40294068083874,81.82175150033828,0.0
H0580,2025-03,CSE,5,7.4311341131502555,,89.7237560905693,4.0
H0581,2025-03,e.c.e,7,6.320321708467097,82.19704600206228,93.4342023681489,1.0
H0582,2025-03,Electronics,7,6.684148736459505,99.45849137484278,89.65367724447512,3.0
H0583,2025-03,Computer Science,8,6.013745087159193,82.77644385403526,76.96165932237969,1.0
H0584,2025-03,e.c.e,8,6.270823285620895,77.72554916323688,87.18084444334136,1.0
H0585,2025-03,E.E.E,7,8.073255624913077,,92.65953998408827,0.0
H0586,2025-03,Mechanical,4,6.31589999651111,83.37836664784791,79.76807510511863,1.0
H0587,2025-03,cs,7,7.7709068337134575,90.4169538893178,88.90642033154492,0.0
H0588,2025-03,CSE,7,7.149094217928109,86.52589693405211,100.0,1.0
H0589,2025-03,Computer Science,4,7.653855400951971,76.94509546039166,,1.0
H0590,2025-03,cs,7,7.252295599711509,84.36123669782721,83.13152670993964,3.0
H0591,2025-03,EEE,4,6.327494348209289,86.09730658189459,69.32709654306947,1.0
H0592,2025-03,e.c.e,6,5.679048705488848,79.55976205805757,92.29559149729523,1.0
H0593,2025-03,Comp Sci,7,7.4569239483880505,96.89992867622166,100.0,4.0
H0594,2025-03,ME,4,,76.13371164679188,94.19625665407851,1.0
H0595,2025-03,Computer Science,5,7.2976006874412365,88.9330764400467,83.39582208080209,0.0
H0596,2025-03,CSE,7,6.593807612142049,,89.56641297433814,3.0
H0597,2025-03,Mechanical,5,6.742612418357471,93.01088631141185,78.2000769216999,0.0
H0598,2025-03,ME,8,7.152100580752634,98.91037995674154,93.46698946661589,
H0599,2025-03,Electrical,3,6.9415203068785205,,80.14619292374347,1.0
H0600,2025-03,Mechanical,7,7.144929373574455,85.54176012918289,79.62927057433194,1.0
C0001,2025-03,Electronics,7,7.3390786694733094,87.60427261449749,86.59791419981988,1.0
C0002,2025-03,CIVIL,8,5.7202864599326295,82.11170190365777,77.99395806065323,
C0003,2025-03,EEE,3,6.790095344565706,79.71382238426266,92.81331598020358,3.0
C0004,2025-03,Mech,8,6.452601517079684,90.54600836565366,76.38428708172553,1.0
C0005,2025-03,E.E.E,5,6.145498155103967,68.2845127423834,100.0,0.0
C0006,2025-03,Civil Engg,5,7.131469772359834,82.87238372978479,89.1071356157977,2.0
C0007,2025-03,CIVIL,5,6.83713334341603,,83.83187136764276,1.0
C0008,2025-03,Comp Sci,6,6.3118718720835005,72.58496110874228,77.99233052899676,1.0
C0009,2025-03,Mechanical,6,6.951917022889704,89.56101674747052,,0.0
C0010,2025-03,e.c.e,5,6.1258059348704705,,82.14604123897946,1.0
C0011,2025-03,ME,3,7.227362930302143,82.45590844883044,84.40799937203008,0.0
C0012,2025-03,ME,8,6.555506482596093,76.09792060582674,80.11659931654694,2.0
C0013,2025-03,Electrical,4,5.346608919448498,68.93687640815226,75.62098985260592,1.0
C0014,2025-03,Electrical,3,,82.2530027674399,91.60022354413096,2.0
C0015,2025-03,cs,6,7.764318045867811,81.80017933082122,97.35651638724563,1.0
C0016,2025-03,ME,5,7.67345281322592,76.66567252575967,81.58520183733283,1.0
C0017,2025-03,Mech,6,7.3965309783191815,94.8801274044385,85.90817173085617,0.0
C0018,2025-03,Computer Science,8,6.739794749985893,79.80830696991796,73.44774232435705,2.0
C0019,2025-03,cs,3,8.067442334944836,93.29122132718379,85.33265680221831,2.0
C0020,2025-03,Comp Sci,4,7.616523168393505,81.33600925924135,100.0,3.0
C0021,2025-03,CIVIL,6,6.206168729982718,90.81916798938661,94.2356565356315,1.0
C0022,2025-03,e.c.e,7,6.096926727968809,85.88444394090342,87.69758728698531,2.0
C0023,2025-03,E.E.E,6,6.304260585117864,93.11527859136673,75.90838251062179,1.0
C0024,2025-03,e.c.e,5,7.469462841063041,73.66789424528173,80.85331614299017,0.0
C0025,2025-03,Electrical,6,6.61770708703126,80.45532049128678,82.2542688666316,2.0
C0026,2025-03,Electronics,8,5.761214926630922,89.47984363784884,88.25061225139618,0.0
C0027,2025-03,Civil,5,6.450298206883674,81.1396767296849,94.72060009223677,0.0
C0028,2025-03,cs,8,6.842374356632182,83.66570332629732,86.16138810407723,0.0
C0029,2025-03,Mech,7,7.164455751775683,90.1633578901557,91.3959738013187,1.0
C0030,2025-03,CIVIL,4,5.6186207122581635,80.43054827034875,76.77461674360711,4.0
C0031,2025-03,Electrical,4,7.188970316231382,87.69710071321639,,1.0
C0032,2025-03,Civil,7,6.630772303620892,85.52170403415555,93.19166813466397,2.0
C0033,2025-03,Computer Science,4,7.699207391232335,84.12370874987867,,0.0
C0034,2025-03,ECE,5,6.891985296055299,75.04082990420639,77.27669899398448,1.0
C0035,2025-03,Comp Sci,4,7.266839070928708,84.33105914886147,97.7013607311939,2.0
C0036,2025-03,cs,6,7.312573211943939,93.40728556340723,100.0,0.0
C0037,2025-03,ME,4,6.303027844724707,80.69328859877967,72.48325217612934,1.0
C0038,2025-03,ME,6,5.756090941278769,87.45626134473129,71.62899043235014,2.0
C0039,2025-03,Civil Engg,8,6.488914604599888,81.65584729596021,94.94409246178272,1.0
C0040,2025-03,Civil Engg,7,6.480804735151048,89.22136514639615,82.08067161441198,2.0
C0041,2025-03,Mech,8,7.0542772631473545,83.06246524736967,86.31582310444097,0.0
C0042,2025-03,Civil,3,7.51182097681147,76.36804390118516,93.73068719318019,0.0
C0043,2025-03,CSE,5,8.14629817497012,96.55399402000995,83.41442238605579,1.0
C0044,2025-03,CSE,4,,77.95178408014931,88.45915399205128,
C0045,2025-03,Mech,8,6.815761285206766,78.98032306147653,74.67898376418361,1.0
C0046,2025-03,Civil Engg,7,6.620321603521353,84.43789267904613,90.16923037903872,2.0
C0047,2025-03,Comp Sci,4,7.76900304727059,73.39012976358944,93.81523064118377,2.0
C0048,2025-03,ECE,6,7.061431607105121,81.88624352572242,87.58673150880965,3.0
C0049,2025-03,ME,6,6.815115041886525,79.6279313699309,84.79464345062743,1.0
C0050,2025-03,Comp Sci,5,7.703290852306878,85.47403454880184,87.54196854828693,1.0
C0051,2025-03,e.c.e,5,7.20707782015513,84.42190182983462,85.04821905784644,2.0
C0052,2025-03,Civil Engg,3,6.692293112648445,,83.90368024140946,3.0
C0053,2025-03,ME,5,6.725440834846749,82.80747314906596,90.0748174453303,1.0
C0054,2025-03,CSE,5,7.232535913981738,99.27134071748466,75.0891432853887,1.0
C0055,2025-03,Civil,7,7.531578859691412,100.0,100.0,1.0
C0056,2025-03,cs,8,7.8356797414510435,93.5275628390445,90.94356569486123,1.0
C0057,2025-03,Civil Engg,7,6.929790682155056,85.80594456840203,100.0,2.0
C0058,2025-03,cs,3,6.589083236109377,78.83991200491778,87.72112375813911,0.0
C0059,2025-03,ME,8,7.108575967175335,80.1231368791505,85.99832511553339,3.0
C0060,2025-03,e.c.e,5,6.627099627355223,82.92895564602884,89.02819324321563,1.0
C0061,2025-03,CSE,5,7.194234041180056,96.67479545602544,78.87744273348054,1.0
C0062,2025-03,Civil Engg,8,6.276440474975768,74.7548808515207,75.20262977640519,
C0063,2025-03,Comp Sci,8,,93.01525965207423,88.92591054426929,0.0
C0064,2025-03,cs,3,6.68123155596769,81.36050027502036,85.94906290310247,0.0
C0065,2025-03,Comp Sci,5,7.563447611118187,97.1811989235034,96.86052394186356,1.0
C0066,2025-03,Mechanical,7,6.6368715154960665,81.75729418332791,85.14596726793361,1.0
C0067,2025-03,CIVIL,6,6.698875922080049,77.87543297232082,93.89831300022942,0.0
C0068,2025-03,EEE,4,6.244159175308703,78.3358674589002,64.92229366531032,1.0
C0069,2025-03,Comp Sci,6,7.811488959645455,100.0,100.0,1.0
C0070,2025-03,e.c.e,8,6.231343236788634,84.40533660811985,81.7749060641987,1.0
C0071,2025-03,CSE,4,7.561335819199603,96.79363162398435,92.92933621070867,1.0
C0072,2025-03,Mech,7,5.828141153648188,85.00865360379966,90.32423152363748,2.0
C0073,2025-03,EEE,7,6.407699034993001,86.94666233630315,72.58048565126286,0.0
C0074,2025-03,Mechanical,8,6.152250943402391,79.47624095745132,92.3186675845463,2.0
C0075,2025-03,ME,4,6.556622794061752,85.7003675656567,91.88417644017068,0.0
C0076,2025-03,Electronics,4,7.2540571734736465,79.14269193284966,100.0,2.0
C0077,2025-03,Electrical,6,6.7619349789316505,76.864799404395,85.35625808785548,1.0
C0078,2025-03,Electronics,6,7.051582972107025,84.60299535475446,86.48731328578289,1.0
C0079,2025-03,cs,5,7.549724690818792,,83.53151042241034,1.0
C0080,2025-03,e.c.e,7,7.038139148057231,85.99525996110474,82.29032758963488,2.0
C0081,2025-03,Computer Science,7,7.530547031622698,96.08118999443069,89.71348521986185,0.0
C0082,2025-03,Comp Sci,4,6.285531256145543,100.0,90.14869048730094,1.0
C0083,2025-03,Computer Science,7,7.5872898754657685,80.38248228503332,93.72004192896294,0.0
C0084,2025-03,ECE,4,7.192603828045597,89.68193903510654,79.62448625500562,2.0
C0085,2025-03,ME,5,7.698853005252361,81.93603966653727,85.99308503956468,0.0
C0086,2025-03,CSE,3,7.563472667846656,75.94307429043877,91.0029169127395,2.0
C0087,2025-03,e.c.e,5,6.798437297242844,100.0,70.11930370919478,0.0
C0088,2025-03,Electrical,8,7.001115950308373,85.77376773731143,92.40606837116755,4.0
C0089,2025-03,CIVIL,5,6.524691140744208,80.00876297145375,81.03214737815568,0.0
C0090,2025-03,Electronics,7,6.044772973924274,90.25211583865735,83.02135463609746,4.0
C0091,2025-03,Comp Sci,3,7.892220930694864,100.0,100.0,2.0
C0092,2025-03,CIVIL,6,7.1007460126951045,89.44775969414121,80.08248680261056,1.0
C0093,2025-03,CSE,5,8.131618201104779,,84.65971796348663,1.0
C0094,2025-03,CSE,7,8.05601325030978,87.63100176003569,71.81037585839124,2.0
C0095,2025-03,Electrical,8,6.486966869883971,91.92438255557123,83.01786509649294,4.0
C0096,2025-03,Electronics,6,6.124473599462823,78.55982807148453,92.49142886747029,0.0
C0097,2025-03,Mech,3,6.966335240678054,82.00468591773895,73.62621151470428,0.0
C0098,2025-03,Mechanical,5,6.796379643617347,,76.47659045236632,1.0
C0099,2025-03,Mech,3,6.050295846842521,95.6849869179027,85.97451012462136,
C0100,2025-03,cs,5,7.850136973256495,86.00876303033698,86.80585227392734,2.0
C0101,2025-03,Computer Science,3,7.075134120468231,95.6883979564963,84.9608504545557,0.0
C0102,2025-03,cs,6,8.145535963038235,90.53750649980238,88.41305558340319,3.0
C0103,2025-03,cs,4,7.138032391822876,87.13215533235584,100.0,2.0
C0104,2025-03,Civil Engg,4,6.304759995576786,90.51076021134756,84.5985122360601,0.0
C0105,2025-03,CSE,3,7.758344924776817,82.60408466945903,90.4728292163851,1.0
C0106,2025-03,Mechanical,8,5.7815761505818,89.93308156435049,84.42625250713586,0.0
C0107,2025-03,Civil,8,5.838106359919063,80.9309265438511,68.5320278954196,1.0
C0108,2025-03,Civil Engg,7,6.280626561489793,90.98980229525732,,1.0
C0109,2025-03,e.c.e,3,6.940497243489624,89.35656642993033,76.55922017323823,1.0
C0110,2025-03,Electronics,5,6.326400809043248,86.05072981371387,85.02773064395728,0.0
C0111,2025-03,E.E.E,8,6.687186817529188,58.41892287776008,92.68131847728556,0.0
C0112,2025-03,Mechanical,6,7.490459608480113,81.44820687943603,82.61061130065578,2.0
C0113,2025-03,Civil,3,7.308413811367531,76.98583889115997,91.93562756546139,1.0
C0114,2025-03,Electrical,3,6.883087609386531,87.47604145609094,70.3159929520402,0.0
C0115,2025-03,Civil Engg,4,6.904169569480319,84.833526184729,88.20153543341465,0.0
C0116,2025-03,CSE,8,7.660742096146964,75.34064154898529,90.48170941562188,2.0
C0117,2025-03,ME,4,6.875671394848112,90.66215608974252,66.8065910053289,0.0
C0118,2025-03,Computer Science,8,6.624545755323481,85.21839875461109,89.70308652504627,2.0
C0119,2025-03,Mech,7,6.5947672721357735,87.53003594534681,66.76260603524507,0.0
C0120,2025-03,Electrical,8,5.925314948082539,88.60499726927354,85.56402337091576,1.0
C0121,2025-03,e.c.e,7,7.2664959623962275,89.87546945973038,90.61204991879963,1.0
C0122,2025-03,e.c.e,4,5.48072912134531,,78.54818389907356,1.0
C0123,2025-03,cs,7,6.874389176541796,,88.4104256423388,1.0
C0124,2025-03,E.E.E,4,7.375856077731201,88.56030410731995,100.0,1.0
C0125,2025-03,Computer Science,4,6.420567874121235,90.71591649554396,83.87498327687244,1.0
C0126,2025-03,CSE,4,6.979019674555938,82.7029005585932,75.63074959429552,4.0
C0127,2025-03,Computer Science,3,6.993059798867206,82.89913072746404,100.0,1.0
C0128,2025-03,cs,3,7.272601503258403,95.8038473826371,89.76003904830056,0.0
C0129,2025-03,ECE,4,6.982646295645776,100.0,95.55309965974406,
C0130,2025-03,ECE,3,6.779565281702845,83.82439617617513,73.05218734349236,0.0
C0131,2025-03,CSE,5,7.346084472522265,94.38843821376469,72.3834456845675,2.0
C0132,2025-03,cs,3,7.923683254862232,81.6599947256105,82.34799476633059,0.0
C0133,2025-03,Comp Sci,3,7.478179710493567,92.83257312447466,,1.0
C0134,2025-03,e.c.e,8,6.7246485886632685,79.43482692527513,82.5229434352227,0.0
C0135,2025-03,Computer Science,3,7.575549257685372,91.45536858352192,85.68132853286762,2.0
C0136,2025-03,Mechanical,3,,88.71371695095388,71.2591159686799,1.0
C0137,2025-03,Comp Sci,3,7.2042710977871405,97.73472324560099,88.05569669569766,2.0
C0138,2025-03,cs,3,6.662570046764401,,83.16087810107315,1.0
C0139,2025-03,ECE,6,6.588227713554621,99.10656456569072,70.11685456372072,1.0
C0140,2025-03,Electronics,7,6.4678375038638425,94.41998725300442,81.68310453055122,2.0
C0141,2025-03,cs,7,7.343933865651764,93.37638232428736,87.63833548238925,0.0
C0142,2025-03,Computer Science,6,7.52371938621583,86.31398111748364,95.59987767441145,
C0143,2025-03,Civil Engg,3,6.720259839465535,94.71455801124648,81.6369621990481,1.0
C0144,2025-03,Comp Sci,7,6.904235630950334,100.0,94.2141475412118,3.0
C0145,2025-03,ECE,3,6.658661547130942,,,1.0
C0146,2025-03,e.c.e,6,7.071109178238849,98.01823740211765,79.82980289663809,2.0
C0147,2025-03,Computer Science,5,7.244159358721416,97.56194871609208,93.80058281090544,0.0
C0148,2025-03,Electronics,8,7.311505720935618,99.2944680307751,96.69421059383465,0.0
C0149,2025-03,Civil,4,6.757665220972229,90.97164148328467,91.4388615671977,0.0
C0150,2025-03,CIVIL,6,6.041485231214887,84.15315251553234,85.47181621351338,3.0
C0151,2025-03,Computer Science,5,6.840126628230361,77.06468806784069,84.92471466065544,1.0
C0152,2025-03,CSE,6,7.187802411604208,84.413959171588,77.9741400467341,1.0
C0153,2025-03,Comp Sci,8,,95.1046752141607,97.2728608528106,0.0
C0154,2025-03,ECE,7,6.639626479064778,85.47840602449864,75.98375653108675,2.0
C0155,2025-03,Mechanical,5,7.239384270807042,72.88013936674596,86.19837485779266,2.0
C0156,2025-03,CSE,5,,84.23091132837621,95.84085016430467,1.0
C0157,2025-03,CSE,7,,77.58845916812577,78.5747413553678,0.0
C0158,2025-03,Electrical,5,7.0997332846533014,88.09240082320592,85.04658659059223,3.0
C0159,2025-03,Comp Sci,4,6.317145427322194,91.95868549807449,72.99782308297347,1.0
C0160,2025-03,e.c.e,5,6.753431254722287,86.87335447016788,81.5613917587643,0.0
C0161,2025-03,Mechanical,3,6.906025783986343,73.1248403827027,76.97536696425638,
C0162,2025-03,cs,4,7.432478389988399,86.037566464697,82.82206266549957,2.0
C0163,2025-03,Comp Sci,5,7.647482818845289,,92.29618790959779,1.0
C0164,2025-03,CSE,7,6.742709732358725,86.1041323402615,90.93981649388053,0.0
C0165,2025-03,E.E.E,7,6.728427495254636,90.67995773059121,79.46822097901321,1.0
C0166,2025-03,CSE,4,7.56478174427825,89.29406096807985,89.59175157381343,2.0
C0167,2025-03,CSE,5,8.000550780425325,89.43190428608285,85.14836948125043,1.0
C0168,2025-03,Computer Science,3,7.989378211294648,100.0,86.32264594425665,2.0
C0169,2025-03,CSE,7,7.235197074519432,80.51393004650907,78.66329616101677,0.0
C0170,2025-03,Mech,4,7.686524296017774,94.61432447920777,80.9578330523342,1.0
C0171,2025-03,Comp Sci,7,7.26354541258237,84.41916701644324,72.02444449471169,3.0
C0172,2025-03,Mechanical,8,6.80821374222209,100.0,97.70779968372183,2.0
C0173,2025-03,Mech,7,5.867423735244023,84.93541411975512,89.85891800992685,2.0
C0174,2025-03,Civil Engg,4,6.355816422738665,70.33239342649443,100.0,2.0
C0175,2025-03,Comp Sci,8,7.783633561543946,87.42629094687696,97.64694253553483,0.0
C0176,2025-03,Civil Engg,7,6.845078135964806,77.7851575851981,89.23830914797718,1.0
C0177,2025-03,Mechanical,6,6.9222133290138865,100.0,70.34916834052162,1.0
C0178,2025-03,CSE,8,7.647821757627536,84.29206004520164,96.5527767501931,3.0
C0179,2025-03,Civil Engg,8,7.38742214836658,96.9844823854591,95.52309296542549,0.0
C0180,2025-03,CIVIL,3,,,77.05314937892355,2.0
C0181,2025-03,Comp Sci,8,6.500965414143341,75.23558460084749,87.43329111595872,2.0
C0182,2025-03,E.E.E,7,7.3687856954644335,77.079306506002,89.61044527594231,1.0
C0183,2025-03,ECE,4,7.282049990059818,93.25372528405545,83.89740638203592,0.0
C0184,2025-03,Mechanical,4,6.088356618736963,82.60235482688984,88.23054090347748,3.0
C0185,2025-03,EEE,7,6.662626236697127,88.05572332037086,90.46119025105857,
C0186,2025-03,ECE,4,6.938963983981845,87.2109418909469,78.04188200291439,1.0
C0187,2025-03,Civil Engg,5,7.566380952530833,66.23500385334373,95.75601314584884,0.0
C0188,2025-03,Comp Sci,7,6.908539161538574,86.43578561853913,76.00778212039361,1.0
C0189,2025-03,Civil Engg,6,6.414214997890104,96.41764440310662,89.88646906718277,0.0
C0190,2025-03,Mech,8,6.307964224171128,71.14787970406296,86.38519709448424,1.0
C0191,2025-03,cs,3,7.877207944300524,94.99889361401297,82.51759002082017,2.0
C0192,2025-03,Electronics,4,6.872418958572725,82.47748066162535,91.98671663565449,0.0
C0193,2025-03,Comp Sci,8,7.374212631803161,78.2111831177815,73.30192893811248,2.0
C0194,2025-03,cs,6,7.467813146689435,93.10389121929043,91.6600382763563,0.0
C0195,2025-03,cs,4,7.37135800123905,88.97799603206504,89.84238934918967,0.0
C0196,2025-03,CSE,4,7.313273726857292,99.8705196767793,99.38538932984932,0.0
C0197,2025-03,cs,5,,81.26246637904143,89.4636578238053,2.0
C0198,2025-03,Comp Sci,6,6.552620988642505,96.08824404333082,69.33203058655968,2.0
C0199,2025-03,Mech,4,6.350726012918538,83.8513492331869,79.90300095461765,0.0
C0200,2025-03,Mechanical,6,6.040152238992183,88.4373940826388,95.35139863084798,2.0
C0201,2025-03,ME,5,7.09913147559739,82.62323343563908,83.3916005997563,0.0
C0202,2025-03,CSE,6,7.371928268613162,81.11013058665364,80.28752661185891,
C0203,2025-03,CIVIL,3,6.887033978455726,94.76502294122203,86.00530750127656,0.0
C0204,2025-03,Mech,6,6.657108096685528,87.54675451891835,98.8562192020097,2.0
C0205,2025-03,Comp Sci,8,7.659829404226296,85.97128583937483,81.91060737260482,0.0
C0206,2025-03,Comp Sci,3,,94.92859489435824,78.76386763441194,0.0
C0207,2025-03,Mechanical,4,7.138830932088189,,84.27195448673429,1.0
C0208,2025-03,Comp Sci,7,7.057373645571212,84.33852652926342,83.2850129953082,2.0
C0209,2025-03,e.c.e,6,6.914420776935097,99.47532419803908,90.58482958216474,2.0
C0210,2025-03,EEE,7,6.670447689081057,81.24542950117701,84.20034203561326,1.0
C0211,2025-03,Comp Sci,6,,89.38779224157612,89.33083441241789,2.0
C0212,2025-03,CSE,7,7.791690852915694,97.48663524161927,100.0,0.0
C0213,2025-03,Electrical,6,6.269530003036769,55.8252409566734,75.60906860553257,
C0214,2025-03,Mech,3,7.283000344263149,78.93093033696509,93.12232581724803,3.0
C0215,2025-03,cs,7,7.2681591665498875,83.83887528629657,92.76302456393094,0.0
C0216,2025-03,Civil Engg,5,7.351300751942735,88.08392459009102,76.32843454678374,2.0
C0217,2025-03,Civil,3,6.310119219433054,86.11705525472452,94.82978945632627,2.0
C0218,2025-03,Electronics,5,7.3401129214907925,65.27798905504503,75.44090033152368,0.0
C0219,2025-03,Mech,5,6.824025472367307,81.4314672173336,73.37131383471295,1.0
C0220,2025-03,cs,3,6.853401955573679,74.39967111022379,80.20960265190442,1.0
C0221,2025-03,Comp Sci,8,7.76648570848312,83.76229930983064,,0.0
C0222,2025-03,Mechanical,4,7.567944041986174,83.77757161195446,83.28227131932859,0.0
C0223,2025-03,cs,4,8.347745678233577,92.80391223225453,82.82034712449646,2.0
C0224,2025-03,Mechanical,5,6.264983357969935,81.52440831486919,88.19176753508248,
C0225,2025-03,Civil Engg,7,6.187391542675242,83.34677617468138,81.15110850925937,2.0
C0226,2025-03,CSE,7,7.747080477164965,84.61729920247603,89.60163687316047,0.0
C0227,2025-03,ME,7,6.089876849526613,85.42731736113917,86.46653578695386,1.0
C0228,2025-03,CSE,4,8.028953613333279,80.2884876137776,100.0,3.0
C0229,2025-03,Civil Engg,8,7.158801897874214,86.14876356629804,82.87649770509847,2.0
C0230,2025-03,CSE,7,6.601859855562912,77.46515392811641,81.52370609747783,1.0
C0231,2025-03,ME,5,6.608342690801827,79.78436521303138,87.57767294845151,0.0
C0232,2025-03,Mech,6,,85.79381531838467,91.97561039681912,1.0
C0233,2025-03,Electronics,3,6.879761308385783,79.13639268879515,86.08993523720336,0.0
C0234,2025-03,ME,7,6.116930996952398,83.23926697158385,,1.0
C0235,2025-03,ME,8,6.883096919411927,83.79961102662693,84.42072883853666,0.0
C0236,2025-03,ME,5,,100.0,81.89983711987796,1.0
C0237,2025-03,Civil Engg,6,6.596244332440456,87.37608461376385,80.92047266028172,1.0
C0238,2025-03,Electrical,5,7.273999253216258,90.84131182655344,85.559451882713,2.0
C0239,2025-03,e.c.e,3,7.120566422480593,80.34741004662213,91.30242146879152,0.0
C0240,2025-03,ECE,6,6.939703945152076,66.26855517278322,91.45623929795917,2.0
C0241,2025-03,Computer Science,7,6.909815276142246,84.1228476014802,82.0236865704452,0.0
C0242,2025-03,Civil,8,6.654067896863756,71.52968940737847,,3.0
C0243,2025-03,Electronics,8,7.350567996241864,90.37048881255548,83.02936501718587,0.0
C0244,2025-03,Electronics,5,6.480599228137852,86.04042168977917,81.19245917724638,1.0
C0245,2025-03,Comp Sci,8,6.380766591359372,89.04240393502941,87.6853199034662,1.0
C0246,2025-03,CIVIL,6,7.950478192807876,86.2687354265094,92.93300331550297,2.0
C0247,2025-03,e.c.e,6,6.604824464115261,77.67959528557097,83.02739768444296,0.0
C0248,2025-03,Mechanical,6,6.771186883645654,79.0531040538642,87.2457345027466,1.0
C0249,2025-03,Computer Science,8,6.973002556244737,89.23842159051303,77.75326412859141,1.0
C0250,2025-03,E.E.E,7,6.43199099699865,100.0,75.90654192196116,1.0
C0251,2025-03,Computer Science,3,8.306878274996148,93.82752154602726,89.76336127487072,0.0
C0252,2025-03,CSE,3,7.611484326302369,90.44162247143055,100.0,0.0
C0253,2025-03,Civil Engg,5,7.2218449669801466,100.0,81.28370021166009,2.0
C0254,2025-03,E.E.E,6,6.844275851166615,84.4647862010171,84.8740230598974,2.0
C0255,2025-03,CSE,7,7.213845466674456,78.90260298365848,88.58634076972463,2.0
C0256,2025-03,e.c.e,5,6.691530971737029,87.18444588959262,83.556552592634,1.0
C0257,2025-03,Mech,6,7.630162323461498,99.79368623186937,81.67382983646046,3.0
C0258,2025-03,Civil Engg,8,6.073079722123308,,84.86394849958661,1.0
C0259,2025-03,ECE,5,7.2789609247472375,89.8435657845599,81.12749732492466,1.0
C0260,2025-03,Electronics,5,6.861693595130402,70.91785031797284,88.10241267440287,0.0
C0261,2025-03,Mechanical,6,6.726254267961975,72.62184471845322,79.93275388066667,0.0
C0262,2025-03,Mechanical,5,5.9454785630685825,87.00985170677741,90.27973868825961,5.0
C0263,2025-03,CIVIL,8,7.031216802103222,81.95380189121322,71.24514243986692,1.0
C0264,2025-03,Mechanical,8,7.0249397038790855,86.64136362875361,85.80325095293831,0.0
C0265,2025-03,cs,6,6.724654362679958,93.6049302929005,,1.0
C0266,2025-03,E.E.E,5,,75.44864382707757,90.33392247687883,2.0
C0267,2025-03,CIVIL,6,7.144567693705321,82.37632016264878,92.41710046706261,0.0
C0268,2025-03,Civil,4,5.5129033783963965,92.01239110557303,62.850617297423284,3.0
C0269,2025-03,CSE,5,6.484403738639735,77.2837669445434,77.76491308581112,1.0
C0270,2025-03,Comp Sci,4,6.517427757905829,95.20588048729482,91.49872700273006,1.0
C0271,2025-03,Mech,3,6.170153186119056,86.3918905444634,81.5380751916719,2.0
C0272,2025-03,cs,3,7.077045395940893,87.63247642050305,92.15541172200943,0.0
C0273,2025-03,EEE,6,7.040123683919152,87.79611160788846,85.60869141497113,1.0
C0274,2025-03,e.c.e,3,7.007980535975183,87.90376853947373,85.07261244805261,0.0
C0275,2025-03,ME,6,6.263785541616726,88.49393390656356,89.04236962127088,0.0
C0276,2025-03,CIVIL,5,5.609054114055086,67.94128225464308,74.84354867742395,1.0
C0277,2025-03,ECE,5,6.84228980794003,96.35744833604184,82.21055817888787,3.0
C0278,2025-03,CSE,7,7.506602214081562,90.2039291944304,80.20990743912593,0.0
C0279,2025-03,Mech,6,6.163614241574249,92.95477374474873,84.5593201165104,2.0
C0280,2025-03,Mechanical,7,6.652817004643699,,74.66969662383183,1.0
C0281,2025-03,ECE,7,,100.0,92.41223221775053,3.0
C0282,2025-03,Mechanical,3,6.384401525359469,80.21175057829555,81.23366597485517,1.0
C0283,2025-03,EEE,4,6.777741215226085,96.88891227566845,86.46418378853194,3.0
C0284,2025-03,Electronics,6,6.6951465186066565,79.10662571363684,79.88291640437005,0.0
C0285,2025-03,cs,8,6.9949387763745685,91.77562566383429,92.2304415036165,0.0
C0286,2025-03,Electronics,3,,93.07740443577742,91.8667653616036,0.0
C0287,2025-03,e.c.e,3,6.17838376892788,85.9559010301562,90.19298487786976,2.0
C0288,2025-03,CSE,8,7.381419773298786,70.98523492702772,79.49802760818632,0.0
C0289,2025-03,CSE,8,6.802223583655584,88.67814531619987,96.99800939917563,0.0
C0290,2025-03,Mechanical,4,7.727769953775952,83.48066340806972,91.23786677646663,1.0
C0291,2025-03,Comp Sci,5,8.579894734243549,99.41100876822803,87.22137598505354,1.0
C0292,2025-03,Electrical,6,5.746586673970908,75.7892869838897,83.71375849838219,1.0
C0293,2025-03,CSE,4,7.122691905536255,82.55405709005873,96.80161702415839,4.0
C0294,2025-03,Comp Sci,4,7.361433392061468,84.69450712750053,83.1486001040034,1.0
C0295,2025-03,CIVIL,5,5.876933071858563,81.12294456092044,76.06162434975086,1.0
C0296,2025-03,Civil,6,5.766032387926479,86.08065602642176,83.5230751771861,0.0
C0297,2025-03,cs,4,8.167332713222901,95.70409403115474,80.73359625131255,0.0
C0298,2025-03,Computer Science,5,6.8908848385401855,91.10212808126984,87.05860992762662,0.0
C0299,2025-03,Comp Sci,4,7.504644274658749,77.67557103377192,92.21013677860843,3.0
C0300,2025-03,ECE,7,6.340504645433671,76.64445556406402,83.67175880499023,1.0
C0301,2025-03,Electronics,3,6.511936953848691,81.98833745775885,80.71458491581379,0.0
C0302,2025-03,cs,4,6.986659176097909,82.68339157890985,90.87019078249875,0.0
C0303,2025-03,CSE,4,7.254977659642605,80.28154629954919,85.16325251249526,0.0
C0304,2025-03,Electronics,8,6.083187705300462,77.55712719674732,76.92970322782661,0.0
C0305,2025-03,EEE,8,6.948599958037548,95.47088063991256,85.91014924937403,3.0
C0306,2025-03,Mechanical,6,7.26209151145982,90.98802828877943,96.18954808403689,1.0
C0307,2025-03,e.c.e,3,6.562110710934867,77.3652348676878,81.2321659024649,1.0
C0308,2025-03,Comp Sci,7,7.324888560211856,91.87442898667034,99.12313851313321,0.0
C0309,2025-03,Computer Science,5,7.280376555018824,85.46973358458133,88.56063862142638,0.0
C0310,2025-03,Computer Science,8,6.7677076943902446,100.0,88.37286902349098,2.0
C0311,2025-03,CIVIL,5,6.210219567593569,82.5776174462377,87.60070259738914,1.0
C0312,2025-03,Civil Engg,8,7.573683963522062,82.8630977459114,82.06482971344096,0.0
C0313,2025-03,E.E.E,7,6.662207723176148,81.18101052932305,73.58420332950746,1.0
C0314,2025-03,EEE,4,7.583305334117689,78.29659559506023,99.96926916540717,0.0
C0315,2025-03,EEE,7,7.117047884213773,89.67697225486874,76.77581652611528,0.0
C0316,2025-03,EEE,4,6.720224479791276,86.68844957302043,94.10416549618164,0.0
C0317,2025-03,Computer Science,5,6.543454253424615,87.85371768774633,96.25015073374199,1.0
C0318,2025-03,Computer Science,4,7.088496322629971,,82.5257794811339,1.0
C0319,2025-03,Comp Sci,7,7.456178145850498,89.55324102476865,91.61780689016817,0.0
C0320,2025-03,ME,4,6.637713038346635,97.48640860205649,88.30883339467987,0.0
C0321,2025-03,Comp Sci,6,7.562169517646029,94.38796456282458,94.17124213717489,1.0
C0322,2025-03,CIVIL,6,6.295224361971053,68.65993071630453,77.47508305619102,0.0
C0323,2025-03,Mechanical,7,8.187094187784409,92.86530955044844,87.01325007404935,0.0
C0324,2025-03,e.c.e,8,6.317763127017127,93.17057339342624,88.39212200017819,0.0
C0325,2025-03,CSE,3,7.0556189441293995,70.50569690726111,76.83306289991957,1.0
C0326,2025-03,cs,8,7.549368758656035,79.33260023994264,73.87138892095659,1.0
C0327,2025-03,CSE,3,7.278608385453808,94.94757447529331,90.21155406727807,1.0
C0328,2025-03,CIVIL,6,7.00373247592446,95.99942105012568,86.54375262103844,0.0
C0329,2025-03,Mech,5,6.6571217762162895,86.29733272454783,85.0109281531724,3.0
C0330,2025-03,Mechanical,6,6.994261418933241,89.37343691896261,79.87960271027592,1.0
C0331,2025-03,Computer Science,7,7.194813318183126,98.58958522347476,92.2973361157532,2.0
C0332,2025-03,Electronics,8,6.006933278934215,79.96565653875606,88.95548659474134,1.0
C0333,2025-03,Electronics,5,7.724575920442649,78.11828173438593,85.84348059811062,1.0
C0334,2025-03,Civil,8,6.5126736397495915,83.54241543295507,75.33750773294057,1.0
C0335,2025-03,Civil Engg,4,,87.01834838380032,91.94922246599006,3.0
C0336,2025-03,CSE,4,6.967291417914163,90.22229293014883,74.58696265039083,0.0
C0337,2025-03,Electrical,5,6.4907547420488445,92.31388665060172,,1.0
C0338,2025-03,cs,6,7.6023484845376705,100.0,94.14860314435742,1.0
C0339,2025-03,Civil,7,6.128704400047037,85.17852218164587,74.73257007703764,0.0
C0340,2025-03,Comp Sci,7,7.560202909448981,79.2545411618492,,1.0
C0341,2025-03,Computer Science,4,7.6203923194401275,84.58642378295303,91.07701976132331,1.0
C0342,2025-03,Civil,4,,84.69110698456713,88.94481691315468,1.0
C0343,2025-03,cs,8,7.094042106178403,100.0,91.84552156851642,1.0
C0344,2025-03,Electronics,5,7.256591085624155,91.54917934347074,94.65266774717452,2.0
C0345,2025-03,Electronics,4,7.091414289710043,79.71465371689754,82.80598039235734,1.0
C0346,2025-03,Comp Sci,8,7.578638591819137,84.50479536110824,82.96090722519676,0.0
C0347,2025-03,Mechanical,5,7.125602872667665,85.1550741178174,77.6885930343557,1.0
C0348,2025-03,Civil Engg,8,6.621870615408003,86.40729108716457,85.65095521209084,0.0
C0349,2025-03,CIVIL,8,6.403912667443542,81.85093194234125,84.88447006813342,2.0
C0350,2025-03,cs,8,7.723854280759382,80.7410860830733,100.0,0.0
C0351,2025-03,ECE,6,7.009516440974355,81.85428824512199,91.35609682941575,2.0
C0352,2025-03,cs,7,7.05986176817858,86.32320280745084,74.04736144023218,2.0
C0353,2025-03,Computer Science,8,7.215287678942509,90.79357975623482,96.44145137278873,0.0
C0354,2025-03,cs,4,6.712315264352077,81.85247562632382,83.02517928449197,1.0
C0355,2025-03,E.E.E,3,7.1448786360222964,89.13500918456754,76.48002911304219,0.0
C0356,2025-03,Civil Engg,4,7.423515062086932,100.0,93.44515943164173,0.0
C0357,2025-03,Civil Engg,6,6.8557119759547955,87.20380712132005,90.47332590261531,1.0
C0358,2025-03,ECE,6,7.514986967758522,87.62450347765316,92.09844013643837,0.0
C0359,2025-03,ECE,3,7.216072992737897,77.48830751063068,83.32127304261071,0.0
C0360,2025-03,e.c.e,6,7.077969580294277,94.6021573966377,,1.0
C0361,2025-03,Electronics,4,7.6424634368149205,83.24383507874605,93.48307131620707,2.0
C0362,2025-03,ECE,6,7.350793241409363,95.02992410092764,78.91106215097163,
C0363,2025-03,Computer Science,6,7.503730407097544,100.0,100.0,2.0
C0364,2025-03,Comp Sci,6,6.968731577669835,83.0986513910065,91.79342971356456,1.0
C0365,2025-03,Electrical,5,6.413168744161218,80.22506225861396,84.30436529050152,0.0
C0366,2025-03,ECE,5,6.503919869092373,91.59816259129633,82.57809699421146,2.0
C0367,2025-03,E.E.E,7,7.556929630244579,76.05231259019085,62.794009251037245,2.0
C0368,2025-03,CSE,7,7.1830433968810175,90.01323713502312,93.85429695942841,0.0
C0369,2025-03,Mechanical,7,6.263993612862119,83.23361747825054,80.24274274573703,0.0
C0370,2025-03,CSE,5,6.399388469341156,83.72869322313394,81.68102263075205,3.0
C0371,2025-03,cs,5,7.811581543781564,74.20506728628727,89.0377577204504,1.0
C0372,2025-03,Computer Science,4,7.52729365546306,92.25227506780129,81.3710970097571,1.0
C0373,2025-03,Comp Sci,6,7.601945407483818,100.0,92.7692147064023,1.0
C0374,2025-03,Electrical,3,6.347058848543497,,78.18251687296512,0.0
C0375,2025-03,CSE,5,7.735307815598522,79.33989419912024,79.02746052403805,0.0
C0376,2025-03,ME,4,6.305520589196739,91.15521034429408,84.19745762343881,3.0
C0377,2025-03,ECE,6,7.18681900167129,78.53994547450465,80.4563104002332,1.0
C0378,2025-03,Electronics,8,6.713308985633857,,70.95532573239493,2.0
C0379,2025-03,ECE,8,6.410610803261889,77.54735485333634,73.50572458416976,1.0
C0380,2025-03,Computer Science,5,,77.51398002564993,89.38050174559437,1.0
C0381,2025-03,E.E.E,3,6.341933921886253,89.3887152768184,87.00865886012274,1.0
C0382,2025-03,Civil Engg,4,7.448374098647602,80.74332667155855,95.08401095075658,2.0
C0383,2025-03,Mechanical,3,7.730073034316369,76.4590982711183,96.75495321517091,2.0
C0384,2025-03,e.c.e,7,6.537739100887115,86.53495098613959,86.21868787673611,0.0
C0385,2025-03,Comp Sci,8,5.94302963673291,100.0,79.68507183617791,0.0
C0386,2025-03,Electrical,6,,91.86156676303679,78.8168836804405,2.0
C0387,2025-03,Comp Sci,4,7.8947090679011005,88.12351652277474,90.72652174375783,1.0
C0388,2025-03,CSE,3,8.196048501093275,,96.48771539249199,0.0
C0389,2025-03,Comp Sci,8,7.292729625205767,74.511816696443,91.62314016668564,0.0
C0390,2025-03,Civil,4,6.9763340846435336,89.42540817138261,80.52823699983323,1.0
C0391,2025-03,Mech,3,7.799275661336309,100.0,88.61194202149309,0.0
C0392,2025-03,Civil Engg,4,6.613874623970028,77.2712335027794,82.64608336721813,2.0
C0393,2025-03,CIVIL,4,,85.84876310069839,67.53819878091,2.0
C0394,2025-03,CSE,6,8.117873934632987,84.83039767952492,87.70938646333686,2.0
C0395,2025-03,Electrical,8,7.237765343540485,83.90039788194997,82.84861365342299,2.0
C0396,2025-03,Electronics,4,7.130010467482108,89.25604667395508,90.60661379448909,1.0
C0397,2025-03,Mech,7,6.963195301089197,74.0364484460728,79.63785314605926,2.0
C0398,2025-03,Comp Sci,3,7.556046659841438,80.08509454953725,80.42578184648049,2.0
C0399,2025-03,Electrical,3,6.76276185454916,,92.51032713998754,0.0
C0400,2025-03,Comp Sci,3,6.642994640034481,72.72506464119402,79.43560453583218,0.0
C0401,2025-03,Computer Science,8,7.611087864862878,84.24571291295767,81.51277797336026,1.0
C0402,2025-03,Electronics,6,6.501724973037187,72.68143735867245,87.32135726905878,2.0
C0403,2025-03,Comp Sci,7,7.6369946299011415,77.67814066828277,93.67765108389676,1.0
C0404,2025-03,cs,3,7.124093006129329,94.60688534445077,96.15958462895756,0.0
C0405,2025-03,Mechanical,3,6.115844269991493,86.24158097420802,81.9976850719414,0.0
C0406,2025-03,Electronics,8,6.5255457561196035,83.50419938232756,82.18192630831378,1.0
C0407,2025-03,E.E.E,3,6.970073154564416,81.99231664265537,83.40893984793503,0.0
C0408,2025-03,Comp Sci,3,7.047661826657106,,82.01558085306353,0.0
C0409,2025-03,Mechanical,6,6.510480401686931,,87.3299955029429,1.0
C0410,2025-03,ECE,6,6.426666535286855,77.75557172885108,80.39953584312738,1.0
C0411,2025-03,ME,4,7.082779175717192,93.90747770262179,76.01974082852433,1.0
C0412,2025-03,ME,5,6.111766790444403,80.62790768358218,72.22497372179619,4.0
C0413,2025-03,Electronics,7,6.6977246871344756,96.4424866014783,83.87995858965255,1.0
C0414,2025-03,Electrical,5,6.912739085201789,82.04317084513404,89.92379673089488,0.0
C0415,2025-03,Comp Sci,5,8.580216649095737,,85.75539494911652,2.0
C0416,2025-03,CSE,3,7.163747924447555,,75.59050695077683,0.0
C0417,2025-03,Mech,5,6.083178052296357,89.51028943332288,94.75796733922603,0.0
C0418,2025-03,CIVIL,7,6.872754694776178,86.48061190124776,80.6254338354942,2.0
C0419,2025-03,CSE,6,7.364813402736906,94.4997952850642,94.34130862336522,1.0
C0420,2025-03,Electronics,8,6.3783776828532535,98.35305507369394,93.19765790148153,1.0
C0421,2025-03,Civil,3,5.801781148927203,76.64435058865536,93.17396462360283,0.0
C0422,2025-03,Mech,3,7.312858682829405,98.01158719533547,84.77547996050139,0.0
C0423,2025-03,E.E.E,6,7.176520492158971,84.5809246977073,76.08693138398036,2.0
C0424,2025-03,e.c.e,4,6.504855264584345,,71.96969333426212,1.0
C0425,2025-03,Mechanical,6,7.16167613308849,90.53926320568532,,1.0
C0426,2025-03,Computer Science,8,,96.0003452504793,100.0,0.0
C0427,2025-03,EEE,5,6.528562193087654,89.2182063471956,84.72894168295262,0.0
C0428,2025-03,e.c.e,6,7.134564651929401,84.31275665155955,95.66358015450393,4.0
C0429,2025-03,ME,7,6.517721120063256,78.64513731055061,78.43187912180191,2.0
C0430,2025-03,ECE,3,7.363774192254599,81.06892141847293,94.49234986878153,1.0
C0431,2025-03,ME,8,5.842675929015995,84.94765730834662,87.24945535350393,2.0
C0432,2025-03,Mechanical,4,6.252195510670416,83.42731990129384,85.5815695407566,0.0
C0433,2025-03,ECE,7,6.405012038253682,75.55763446763436,89.41173412309604,1.0
C0434,2025-03,EEE,6,7.366619833136952,81.81172131482228,78.83196590189641,3.0
C0435,2025-03,Electronics,3,6.082115152912226,78.39896099653663,87.295116553941,0.0
C0436,2025-03,Mech,7,6.976871877533745,80.10580242172804,78.5948136062407,1.0
C0437,2025-03,cs,4,6.917080559009207,92.24248813846634,81.23898437283131,1.0
C0438,2025-03,e.c.e,6,6.795959550395192,75.83132252349975,77.9394089452627,0.0
C0439,2025-03,e.c.e,8,7.037935834373881,87.85649779451526,77.98478589883689,0.0
C0440,2025-03,Comp Sci,8,6.853303724266149,83.02731664380516,74.35351735283561,3.0
C0441,2025-03,Computer Science,8,7.127401110158347,90.05687006234429,100.0,2.0
C0442,2025-03,Mech,5,6.687455439116706,79.2083125812605,77.3077824536473,0.0
C0443,2025-03,Mech,6,7.078914667633084,83.21873158081364,91.2225426260341,1.0
C0444,2025-03,Mech,4,7.371517788522004,79.62854998535109,73.80014323913365,0.0
C0445,2025-03,Computer Science,8,6.877438964286932,90.49451384168725,83.34287583677128,3.0
C0446,2025-03,CSE,5,7.8036078359979,75.27130069635952,86.72478229950481,1.0
C0447,2025-03,cs,7,7.971639603901594,88.79111131593618,98.83799046737106,1.0
C0448,2025-03,Civil Engg,5,6.0631464180387855,74.66097696254073,86.59991071892316,0.0
C0449,2025-03,Civil Engg,7,6.9714559092245345,79.23976713009576,75.9903158400583,2.0
C0450,2025-03,cs,4,7.456307554715736,86.31033514285318,86.62334056995627,2.0
C0451,2025-03,ME,7,6.363149274003686,90.41970264659238,92.06347552682533,0.0
C0452,2025-03,Computer Science,3,7.26429145490687,72.23836161614267,92.23883809974363,0.0
C0453,2025-03,cs,3,7.974530590762846,74.39101158805455,84.07649253186057,0.0
C0454,2025-03,cs,5,6.603014746965042,96.21134428733815,76.2001554957121,0.0
C0455,2025-03,Computer Science,5,6.845022247355752,82.17877568304405,79.54632949867134,2.0
C0456,2025-03,Mechanical,7,6.928311347514184,71.43296704770758,89.264601700307,2.0
C0457,2025-03,EEE,5,,83.60432819128968,73.92620352178719,
C0458,2025-03,Computer Science,3,7.305629965522868,83.44337062529964,85.3160635159856,1.0
C0459,2025-03,e.c.e,4,6.439818535215404,80.31756841199521,75.52120007426502,1.0
C0460,2025-03,ME,5,7.290960095101347,88.08065349962047,82.07485643822415,1.0
C0461,2025-03,E.E.E,6,6.242834405623065,71.18419072162845,87.45453544978675,1.0
C0462,2025-03,ME,6,6.717802089242576,85.63180851416688,84.01265536364238,4.0
C0463,2025-03,cs,4,7.4305344941813285,85.8069395426956,93.89062815587977,1.0
C0464,2025-03,Mechanical,6,6.718267304854044,85.98769149472433,94.351267841177,2.0
C0465,2025-03,Comp Sci,6,6.601488086368056,95.60323432029888,100.0,0.0
C0466,2025-03,E.E.E,7,6.510118414765248,90.84402262228664,88.19230822181395,1.0
C0467,2025-03,Electronics,6,7.332262438129539,99.00148509107343,89.83459508672584,0.0
C0468,2025-03,Mechanical,7,6.597633687070665,69.49683695198695,79.38889399460332,2.0
C0469,2025-03,cs,4,7.614794928940348,91.71559369223779,94.6031414914072,2.0
C0470,2025-03,Electronics,7,5.914984367478831,89.16130405777122,93.04131679139508,2.0
C0471,2025-03,Civil,3,7.425157798292313,82.14158032334988,81.4878509086834,1.0
C0472,2025-03,Mechanical,3,6.5045821809919815,83.80373602319965,79.3060031940051,1.0
C0473,2025-03,ECE,8,6.883313196499798,96.66231639352876,80.82701892068069,1.0
C0474,2025-03,Electrical,5,7.566316834974081,85.15092421871574,76.94709506502893,5.0
C0475,2025-03,CIVIL,6,6.378352256796924,96.32394807575912,85.18514084079473,2.0
C0476,2025-03,CSE,6,6.746051252957258,88.21036019479084,78.73287683976899,2.0
C0477,2025-03,ECE,7,6.900974948783598,89.11322528159648,84.09278005380358,0.0
C0478,2025-03,e.c.e,4,6.207931591806837,90.79939585021243,84.82974226524,1.0
C0479,2025-03,Mechanical,4,6.765256705142146,78.67446921951795,88.84576579796047,1.0
C0480,2025-03,CSE,3,7.755352256981293,93.17317691654931,85.89006813220023,3.0
C0481,2025-03,cs,8,7.306894032970411,83.56987555943437,76.03382497717972,1.0
C0482,2025-03,E.E.E,4,5.8267485905994345,89.65415866205171,87.41215837431034,2.0
C0483,2025-03,E.E.E,6,6.665279643525639,84.47844005187059,73.95727294441649,3.0
C0484,2025-03,Civil Engg,5,5.925407798794293,79.91889888866746,82.40362569471544,2.0
C0485,2025-03,E.E.E,3,7.003932343016395,79.52992581800319,95.9336931816692,1.0
C0486,2025-03,Mechanical,5,6.854037879558426,83.8967001841789,84.05834052273643,0.0
C0487,2025-03,Civil,3,7.205661230937717,90.60361875162299,94.39720577998636,0.0
C0488,2025-03,Civil Engg,4,6.180001349487428,84.47588697844967,86.51647352881272,
C0489,2025-03,ECE,3,6.898863081549923,100.0,74.8956494540967,1.0
C0490,2025-03,ECE,7,5.925369539070899,79.27891436505188,90.95406165844432,3.0
C0491,2025-03,Comp Sci,6,7.166773391391813,81.31876181455983,83.42038015891053,2.0
C0492,2025-03,Mech,8,6.596234426102256,84.53058238931972,81.63203289902266,1.0
C0493,2025-03,Computer Science,5,7.32998331254722,92.15745079515155,93.51317479542604,0.0
C0494,2025-03,cs,4,7.407137790994992,77.33721074544422,80.0813768321817,1.0
C0495,2025-03,Mech,6,7.144141588265505,96.52066225932016,91.69478534699186,0.0
C0496,2025-03,e.c.e,8,6.427080015451273,82.92240486386514,86.92507045743318,0.0
C0497,2025-03,CSE,6,7.531321860424678,100.0,99.86338231515924,1.0
C0498,2025-03,CIVIL,3,6.708465289061287,96.88704649336646,93.3283933068179,3.0
C0499,2025-03,Civil,4,6.680450380241627,92.27359204148601,84.68302189460621,2.0
C0500,2025-03,Comp Sci,8,6.506912287555559,86.27896845541271,82.6351141324094,2.0
C0501,2025-03,CSE,6,7.907387104156098,80.06261181576197,82.24401741140059,1.0
C0502,2025-03,Comp Sci,8,7.141519337728108,83.69970667234782,86.24595702929685,3.0
C0503,2025-03,Civil,6,7.575416097045519,79.8569459247307,81.3834090843549,1.0
C0504,2025-03,CIVIL,3,7.544393417836813,79.77194553398611,85.80678730390952,4.0
C0505,2025-03,CSE,8,6.40537309156613,88.4569982147927,76.37929063428965,0.0
C0506,2025-03,Civil Engg,7,6.647449434360296,87.23915656232072,76.7873585095488,2.0
C0507,2025-03,Computer Science,7,6.541697046528411,71.91408491772414,92.89514000995497,2.0
C0508,2025-03,e.c.e,8,7.4700084081426095,85.15390383656242,78.94766842892373,0.0
C0509,2025-03,EEE,4,6.664253155501541,79.62011376097334,75.17346565398242,1.0
C0510,2025-03,Computer Science,8,7.512247374785024,100.0,83.41554717615324,1.0
C0511,2025-03,Comp Sci,4,7.36958240481079,71.03044225197608,96.54688043456976,2.0
C0512,2025-03,e.c.e,8,6.39864440012006,100.0,78.04600291344535,2.0
C0513,2025-03,ME,4,7.6226233975729905,92.02172865322251,84.37919012786718,0.0
C0514,2025-03,Electrical,6,,63.465542189801226,84.84706493849401,2.0
C0515,2025-03,Electrical,7,5.448863996632367,78.69213519538206,86.42117887279421,2.0
C0516,2025-03,cs,3,7.145064617291451,91.49219327843655,86.34328347608704,0.0
C0517,2025-03,cs,3,8.080136041015466,82.86863634403998,90.24830326288178,
C0518,2025-03,Civil,8,,84.28968070856862,92.30825336713343,0.0
C0519,2025-03,Comp Sci,3,7.055941958777844,100.0,78.52537723218738,0.0
C0520,2025-03,Civil,6,6.644569711873285,80.88626800117204,78.43921398194226,0.0
C0521,2025-03,ME,8,5.814212906889908,76.3455881743832,78.10867417820083,0.0
C0522,2025-03,Comp Sci,6,7.468738516368005,95.90605587327615,85.22071032402359,3.0
C0523,2025-03,Civil Engg,5,6.760682348192418,75.41991971980669,94.42904673534487,2.0
C0524,2025-03,Computer Science,5,7.675228304181789,95.49460504379039,96.00510510909079,1.0
C0525,2025-03,e.c.e,6,6.135036636776765,89.84082070312338,83.57451846686934,0.0
C0526,2025-03,Mechanical,6,6.307435836444204,99.09408442648909,89.07845116161224,1.0
C0527,2025-03,Electronics,6,5.455508844978018,87.50258706648334,97.94427078033775,1.0
C0528,2025-03,ME,3,6.895604439699124,85.565540652856,77.87211031670056,1.0
C0529,2025-03,ME,6,6.600917523268691,84.67924036860168,79.25215210101122,1.0
C0530,2025-03,Electrical,7,6.843674762931905,100.0,81.45754996091482,1.0
C0531,2025-03,Electrical,7,7.65567298862519,86.36633392913889,87.55346922233228,0.0
C0532,2025-03,e.c.e,3,,86.432539333459,90.96114971876304,2.0
C0533,2025-03,Computer Science,7,7.168544489089787,86.32236465328702,78.53325842437711,0.0
C0534,2025-03,Mech,7,6.7960009415796865,90.3370055506272,86.88531963338556,1.0
C0535,2025-03,Electrical,4,6.443062305633851,81.87100337182603,89.79644045080457,0.0
C0536,2025-03,CSE,8,7.380871635410864,80.20728080088789,79.16422490883254,1.0
C0537,2025-03,e.c.e,6,6.936791116572293,81.50668551932338,87.05327717877813,1.0
C0538,2025-03,Electronics,5,7.807837952884494,80.43522676661243,82.38565713751349,2.0
C0539,2025-03,Computer Science,7,7.017223350995455,86.2380278581439,76.52599193178574,
C0540,2025-03,Mechanical,6,6.56093854430302,81.87191076155972,,1.0
C0541,2025-03,ECE,6,6.859187208335895,,88.29965119180164,2.0
C0542,2025-03,CIVIL,4,6.464327380708202,85.02235117961648,79.02883660265323,5.0
C0543,2025-03,CIVIL,8,7.009687154419132,89.65289974513692,93.13020859068872,1.0
C0544,2025-03,CIVIL,8,6.8428181230186045,76.7759528206092,98.28544609472829,2.0
C0545,2025-03,ECE,3,6.891854680466891,100.0,86.68283553494982,2.0
C0546,2025-03,Computer Science,7,7.552253612882369,98.51019176343877,78.10706134540442,0.0
C0547,2025-03,Mechanical,3,7.048947920405814,91.78069578399806,84.52067627868867,0.0
C0548,2025-03,CIVIL,5,6.94749434696733,92.13518578037744,71.74838599136373,2.0
C0549,2025-03,ECE,8,6.406419163062748,76.2770495910257,83.54566466886253,2.0
C0550,2025-03,CIVIL,4,7.307024444985856,82.30145623638384,83.414263153203,2.0
C0551,2025-03,CSE,5,6.636842741333664,83.62124969818771,92.03895062607539,0.0
C0552,2025-03,CIVIL,4,6.281591197937674,73.6014188365722,79.7823011043709,1.0
C0553,2025-03,CSE,7,7.0763922704614695,84.09266773390337,92.52569958384944,1.0
C0554,2025-03,Computer Science,5,,100.0,80.86413440901362,0.0
C0555,2025-03,e.c.e,6,5.8288319824045,82.14590554247309,79.21131819657393,2.0
C0556,2025-03,Comp Sci,8,7.315762025361371,99.74446810186365,76.81768213602466,1.0
C0557,2025-03,cs,6,6.845652740990974,99.89407235492494,79.9189474089723,1.0
C0558,2025-03,cs,7,7.462283839959342,81.94940045825932,94.28304187892981,1.0
C0559,2025-03,ECE,3,6.473570492320333,84.43979987584983,90.58517647689946,1.0
C0560,2025-03,CIVIL,4,6.554959223496364,81.6370735062004,79.22079012540931,0.0
C0561,2025-03,cs,8,6.85894910594925,95.47710469775339,,0.0
C0562,2025-03,Mech,8,6.674393496517311,90.56793802625101,91.38411161489394,3.0
C0563,2025-03,CIVIL,6,6.725651586805586,99.2095376616997,77.46753132063357,1.0
C0564,2025-03,Comp Sci,5,7.709846000461228,90.5399671465929,91.30868273906815,2.0
C0565,2025-03,Computer Science,4,8.37482096637979,96.30073481544066,89.08746906395287,1.0
C0566,2025-03,Civil,8,6.493466826115701,81.24404194165409,87.93992114070512,3.0
C0567,2025-03,Civil,7,6.517181044103715,72.92553449498702,82.77857412749289,1.0
C0568,2025-03,Electronics,4,6.94167479480811,93.66248469450237,72.5978661632845,1.0
C0569,2025-03,CIVIL,6,6.0356502004743495,83.79156478931489,82.61527962255164,1.0
C0570,2025-03,Computer Science,6,7.485758016861989,94.14399845784878,87.86771032216951,0.0
C0571,2025-03,e.c.e,5,7.010998576894172,97.61677763853905,83.04999155073087,1.0
C0572,2025-03,Mech,8,6.429798319934105,90.25193449489845,,0.0
C0573,2025-03,Computer Science,3,7.108750212015102,94.56903760819422,94.13587528684641,0.0
C0574,2025-03,Civil,4,6.575368607733045,92.99187150234172,84.09121809217773,1.0
C0575,2025-03,e.c.e,3,,82.68467841581335,68.62982147452045,1.0
C0576,2025-03,Civil Engg,7,6.455927558075005,79.12689827933085,92.37774597583866,1.0
C0577,2025-03,ECE,6,6.70850462572195,100.0,87.34435674486797,2.0
C0578,2025-03,ECE,8,6.867777164357013,87.36170880140195,89.67595960493972,2.0
C0579,2025-03,Computer Science,6,7.53975741754422,89.47668612080243,84.24781613707447,2.0
C0580,2025-03,cs,3,,78.76451143897687,85.64667072852504,
C0581,2025-03,Civil,5,6.884481169058428,89.20588811072224,93.82923729092634,0.0
C0582,2025-03,Comp Sci,3,7.12933796013265,89.74065142972984,89.35225312971697,
C0583,2025-03,Computer Science,7,7.7413755682851,81.44190285174638,87.22756027952492,2.0
C0584,2025-03,Computer Science,7,7.280765337931779,94.01124629083364,,
C0585,2025-03,CSE,8,7.039532716981661,86.80231027094925,70.17401681752679,2.0
C0586,2025-03,Civil Engg,5,6.963540289018347,67.50592191728231,90.59745637736418,1.0
C0587,2025-03,ECE,4,,82.6301240494486,92.55142757786054,0.0
C0588,2025-03,E.E.E,3,7.557905270420241,94.31380261569944,90.89614905354878,1.0
C0589,2025-03,Computer Science,5,7.464119182622475,83.0218044179895,97.5443955660709,0.0
C0590,2025-03,Mech,5,6.564272367061093,100.0,77.0447500391235,1.0
C0591,2025-03,ECE,7,6.569418523498767,88.08832375327715,80.7980460406271,3.0
C0592,2025-03,ECE,7,6.49341435667019,100.0,80.6579038249018,3.0
C0593,2025-03,Civil Engg,3,6.408585178938463,76.96086706131679,71.1313684345669,1.0
C0594,2025-03,E.E.E,4,6.99568243799585,76.74945831704828,81.34462653077198,1.0
C0595,2025-03,CIVIL,6,6.335958129971848,82.69903639451485,84.77850245137915,0.0
C0596,2025-03,CSE,5,7.389966194729613,78.4684376798099,95.1909938820223,1.0
C0597,2025-03,Comp Sci,3,7.260969262996948,84.36208148036968,90.84768036005202,2.0
C0598,2025-03,Mechanical,8,,97.8843230024863,79.79053155077997,1.0
C0599,2025-03,Comp Sci,7,7.1506309916991615,85.8230127835618,94.20437610834274,0.0
C0600,2025-03,Mech,6,,75.23154481713077,89.31066774614403,0.0
C0601,2025-03,Mech,4,7.010861571981292,89.25719174905385,74.54707482728064,0.0
C0602,2025-03,Mech,8,7.248162434426197,97.83393005420236,87.87133249530429,2.0
C0603,2025-03,Civil Engg,3,6.952526667526141,71.20494308293672,90.95764038819195,3.0
C0604,2025-03,Mechanical,5,7.640087479458966,77.56894946719805,91.54955480574775,3.0
C0605,2025-03,CSE,7,7.6778182142201405,90.14849284933612,81.0095580703795,0.0
C0606,2025-03,Computer Science,8,7.530202096557936,76.47619469766123,78.75288014235785,1.0
C0607,2025-03,Mech,4,7.105177410899179,85.40628367832923,100.0,0.0
C0608,2025-03,e.c.e,6,,97.65779677147586,79.11445127814605,0.0
C0609,2025-03,cs,4,7.388195256602806,86.25969405896836,89.21550640538003,1.0
C0610,2025-03,e.c.e,3,7.334799687305036,86.89957845310222,64.71055013548603,1.0
C0611,2025-03,Civil,5,5.715273523999469,87.52934681859404,91.61931544222526,0.0
C0612,2025-03,CIVIL,8,6.848916974015382,79.10399807537962,90.27610152056148,0.0
C0613,2025-03,Mechanical,7,6.908815379053944,74.3939616225396,94.04712294350028,0.0
C0614,2025-03,e.c.e,5,6.514877483974966,94.66676618229972,78.7126598577844,1.0
C0615,2025-03,Computer Science,4,7.933488667460443,88.92527851740007,96.56995372322251,1.0
C0616,2025-03,ECE,3,7.96289043696792,90.33936619799928,80.89108654180401,1.0
C0617,2025-03,Computer Science,4,7.34589525808764,88.60566016359085,99.26269606313359,1.0
C0618,2025-03,ME,3,6.28100542112567,85.66848399503122,69.19680194340313,3.0
C0619,2025-03,Mechanical,4,7.138949917718948,88.06235342721257,93.17960777338847,0.0
C0620,2025-03,cs,7,7.312962409271345,79.48514450090181,88.17932392213508,0.0
C0621,2025-03,Comp Sci,3,7.291480469387846,,92.75519281176295,0.0
C0622,2025-03,Comp Sci,3,7.539620354243095,80.19730116563221,91.63805977960057,2.0
C0623,2025-03,Civil,6,5.886885193173879,100.0,84.10088848669224,0.0
C0624,2025-03,ME,4,6.540025951102235,92.26731159373648,100.0,0.0
C0625,2025-03,Computer Science,5,7.672570339331195,92.340946621697,100.0,0.0
C0626,2025-03,Civil,3,7.150905025049068,78.43692754915475,90.45215743396533,1.0
C0627,2025-03,e.c.e,4,6.926552894019932,94.57284121759399,86.58463275403774,1.0
C0628,2025-03,ECE,5,7.130675352616316,81.5945039351865,95.14879232540187,3.0
C0629,2025-03,EEE,7,5.622134503243382,88.65257144892861,93.97709889560765,2.0
C0630,2025-03,Comp Sci,5,7.243015452051262,80.98081240532512,86.58549879745102,4.0
C0631,2025-03,Comp Sci,6,6.9719552304888035,,87.34898869035904,1.0
C0632,2025-03,ME,6,6.855733822063466,98.25114046423396,78.6706875506078,2.0
C0633,2025-03,Computer Science,4,7.76076203802881,93.52145568783044,90.75081178434375,1.0
C0634,2025-03,Mechanical,4,6.263513247680485,81.65445908904496,85.7313543825905,2.0
C0635,2025-03,cs,5,6.722763878311044,100.0,92.62680054045263,1.0
C0636,2025-03,Comp Sci,3,7.286762672359159,87.10166693032804,99.48954955375476,1.0
C0637,2025-03,Computer Science,7,7.062216591789227,97.78727641571953,96.38052033194951,0.0
C0638,2025-03,ECE,6,6.28960096271629,70.07263141342334,89.81436909744701,0.0
C0639,2025-03,Computer Science,4,6.9932242637417446,85.96318458938795,86.65504998044729,2.0
C0640,2025-03,cs,5,8.316787165284452,88.50402781475458,87.79870976582143,0.0
C0641,2025-03,CIVIL,4,,76.43956101562992,88.94276666475156,2.0
C0642,2025-03,cs,6,7.783085560575762,84.56057953471364,95.56571073289705,5.0
C0643,2025-03,e.c.e,7,6.862403297452383,85.6785467424191,88.7745673743366,4.0
C0644,2025-03,Comp Sci,3,7.390112697115396,86.55369891371791,80.6764730670381,0.0
C0645,2025-03,ECE,5,6.541787029495595,84.79191962730569,78.94206937068876,3.0
C0646,2025-03,Computer Science,3,7.546916910146416,84.14142962229121,84.2167084871527,2.0
C0647,2025-03,Mech,5,6.379139181084997,91.09326713468089,87.16065462520551,2.0
C0648,2025-03,Computer Science,4,6.832736947429638,78.73472861948638,88.28201060664934,2.0
C0649,2025-03,CIVIL,5,5.867750923359606,86.15297293689137,95.83183673690483,1.0
C0650,2025-03,EEE,5,6.477618677720061,81.57880424196146,77.39498015841876,3.0
C0651,2025-03,Computer Science,4,7.074677163648661,84.16831312047343,80.93048246476104,1.0
C0652,2025-03,cs,5,7.698568881281954,71.56799169361439,86.98379579921067,2.0
C0653,2025-03,Comp Sci,7,6.764850932687932,86.5801825729821,82.39925883212436,3.0
C0654,2025-03,Mech,7,6.685805265511048,81.5327438250174,80.02865373484278,1.0
C0655,2025-03,Computer Science,3,7.754462086318643,89.55479951366917,87.20499114328618,0.0
C0656,2025-03,Civil,5,7.706102445233177,100.0,88.16882123531306,0.0
C0657,2025-03,Civil,8,6.531140678916134,,77.67157641731227,1.0
C0658,2025-03,CIVIL,6,6.853195932459248,87.75137203354963,78.90851453472128,3.0
C0659,2025-03,Electronics,4,7.711329056525013,81.26944725136161,91.81873696863751,4.0
C0660,2025-03,E.E.E,6,6.809160455698976,87.63327952482051,83.50569305995026,0.0
C0661,2025-03,Comp Sci,3,,88.2347125794645,82.7274969821831,0.0
C0662,2025-03,ECE,3,5.97311920790716,78.70313592105134,81.87452929096821,0.0
C0663,2025-03,cs,6,6.713630924284897,80.47598366524352,78.42236550827198,0.0
C0664,2025-03,EEE,6,6.582888341915528,88.96820276735144,96.69347704588951,1.0
C0665,2025-03,ME,7,6.214465772747913,78.71468792175342,89.27399258571003,1.0
C0666,2025-03,CIVIL,5,5.9392380306729216,75.11181981060815,98.71401823338186,1.0
C0667,2025-03,CSE,8,7.223166483152562,97.84276034996249,87.16077027904204,0.0
C0668,2025-03,Electrical,5,,96.82192691352257,81.1236490520535,1.0
C0669,2025-03,Electronics,7,6.123987892382223,76.44872099375768,76.78759211626033,0.0
C0670,2025-03,ECE,3,6.709789313761058,94.97474593178293,88.8270681358563,1.0
C0671,2025-03,Electrical,3,6.755230334067302,72.86819956767233,81.91632695840633,1.0
C0672,2025-03,Electronics,7,6.416247208420611,77.0503073658471,76.92580905594394,2.0
C0673,2025-03,e.c.e,8,7.218911623077553,75.38753051019819,93.38546816263094,0.0
C0674,2025-03,ME,8,6.725251836397664,81.93756027729636,85.28791994203819,0.0
C0675,2025-03,CSE,4,7.391239204089684,87.14062001124275,88.1326144763952,1.0
C0676,2025-03,cs,3,7.355741470223776,74.21921616496124,84.77057883027571,2.0
C0677,2025-03,Computer Science,8,8.362034709233575,86.68555631883582,92.42019513438916,0.0
C0678,2025-03,cs,6,,80.53488816222288,75.08884135927373,4.0
C0679,2025-03,Civil,4,6.644539588183255,87.88180702333726,77.03476831516026,2.0
C0680,2025-03,Mechanical,7,6.433949633097976,86.80084329787206,97.8250461103357,1.0
C0681,2025-03,e.c.e,8,6.2504071545499125,94.42506700552514,81.88875318707422,0.0
C0682,2025-03,ECE,4,5.909703876402428,70.51166918614673,86.37432220201471,1.0
C0683,2025-03,ECE,7,7.51956048353043,94.62074999082255,90.19724332595614,2.0
C0684,2025-03,Mech,7,6.451960241828686,94.36316350502545,81.68053024537339,1.0
C0685,2025-03,Electrical,6,6.335011696392439,79.48164107745403,75.24838629454321,1.0
C0686,2025-03,EEE,6,6.9360960780282035,83.16311639586363,75.65162196673668,1.0
C0687,2025-03,ECE,4,6.485768683405231,89.10012596743616,78.5392506581372,1.0
C0688,2025-03,Comp Sci,8,7.545472811620533,95.73018176151838,82.06102565045262,1.0
C0689,2025-03,e.c.e,8,,70.72929826588464,80.99204970413274,0.0
C0690,2025-03,Mechanical,8,6.806612140022763,82.71716041284894,76.51712688671512,0.0
C0691,2025-03,Electronics,7,6.99106940685044,89.6666461901524,91.7342695130775,1.0
C0692,2025-03,Mech,3,6.514189544444958,85.3393747223296,94.11622552367645,0.0
C0693,2025-03,ME,5,6.654657946757254,85.50957193691724,77.8119314673751,1.0
C0694,2025-03,CSE,5,7.369856929851387,76.55464869021412,76.93763387430039,0.0
C0695,2025-03,Comp Sci,8,6.85535544191118,82.00746607861366,85.50158526218894,0.0
C0696,2025-03,ECE,6,6.386230098884707,80.27421338330562,92.91397387736954,0.0
C0697,2025-03,Comp Sci,6,6.879608115553913,80.5180863368114,77.52273272124236,0.0
C0698,2025-03,Computer Science,3,7.41566381789217,97.13094953281121,78.36653424013171,0.0
C0699,2025-03,Mech,7,5.991338989512444,82.44150581747098,67.90155387014582,0.0
C0700,2025-03,ECE,5,7.3491720143895405,79.55843267081016,87.32508023623582,0.0
C0701,2025-03,Comp Sci,3,6.963283287506961,100.0,80.92488571262076,1.0
C0702,2025-03,ME,8,6.105900923403988,89.20649914523587,90.83603186554811,2.0
C0703,2025-03,Civil,4,6.433468647217729,86.40265241713885,89.20790208076573,3.0
C0704,2025-03,cs,3,7.688010469615306,88.52856733835324,99.35585163811336,1.0
C0705,2025-03,CIVIL,3,7.03376828336457,82.09137958223201,94.33186490139967,2.0
C0706,2025-03,E.E.E,5,6.910105645861174,78.41950913045814,73.05292353103552,0.0
C0707,2025-03,ME,3,6.772017504892806,76.82440660859803,83.34133542722952,3.0
C0708,2025-03,ME,8,6.56024574582673,82.51122831464197,92.18226089929678,0.0
C0709,2025-03,cs,6,6.85229469049833,74.26665012347331,75.90928689666947,1.0
C0710,2025-03,E.E.E,4,6.757112987413547,,79.19284572168219,1.0
C0711,2025-03,Electronics,3,6.989593933992898,82.0599727642627,87.10228580818385,0.0
C0712,2025-03,E.E.E,5,7.913178536668459,93.71042418155612,85.63433794652768,1.0
C0713,2025-03,Mech,3,7.585034655268047,79.54693171100983,87.38603447985724,0.0
C0714,2025-03,Comp Sci,8,7.2530874044253615,92.96120342199674,,1.0
C0715,2025-03,cs,4,7.384958904269586,75.79360489247533,79.61912569933745,0.0
C0716,2025-03,Mech,5,6.821714245969204,,89.29311626977153,0.0
C0717,2025-03,Mechanical,3,6.907281116804623,81.97397598199404,83.9739018275332,0.0
C0718,2025-03,cs,3,,89.61611520835747,100.0,2.0
C0719,2025-03,Mechanical,4,5.8958251177633,71.90822074989708,72.9962115074121,1.0
C0720,2025-03,CIVIL,3,7.237509716061691,94.94692533722038,81.83029670930503,2.0
C0721,2025-03,Electronics,7,7.056260446388024,88.11605082235917,78.25518078158919,1.0
C0722,2025-03,Electronics,8,7.600336384631144,87.72548503324423,90.03411349097321,1.0
C0723,2025-03,Comp Sci,8,6.89254629004126,74.42335826856714,83.6843057081801,0.0
C0724,2025-03,Civil Engg,4,5.85461361863991,84.88780880790958,84.95695807115901,0.0
C0725,2025-03,cs,7,8.238845820911958,99.10845170884738,84.70974999286383,1.0
C0726,2025-03,Civil,6,6.551785177089706,78.00148695147176,71.62927059949459,1.0
C0727,2025-03,Electronics,3,6.4799483702762135,79.62128278934757,92.36517366359419,0.0
C0728,2025-03,ME,3,6.399665332542695,81.5445556107454,88.86391731830221,2.0
C0729,2025-03,CSE,6,7.350448680949914,83.75766966710732,92.03487291725399,2.0
C0730,2025-03,CSE,5,7.6624134827330055,82.70299010251385,95.93482642698893,2.0
C0731,2025-03,CIVIL,3,7.6473191158304905,89.15818501964598,85.75512155593043,1.0
C0732,2025-03,e.c.e,8,5.473218108773631,92.14597519853272,85.90938200188373,4.0
C0733,2025-03,Electronics,7,6.284108597548675,83.90540790251313,77.11467488426266,0.0
C0734,2025-03,Electrical,6,7.744964936366669,80.85138977974583,84.38017804779126,1.0
C0735,2025-03,EEE,8,6.646436857690744,77.11780918440535,,0.0
C0736,2025-03,Civil Engg,8,6.318535145025284,100.0,96.50138870766621,0.0
C0737,2025-03,CSE,8,6.771274319906847,83.74257381341,88.72634306581341,1.0
C0738,2025-03,Mech,4,6.195629504239524,89.43819579772484,61.30837142198875,1.0
C0739,2025-03,Civil Engg,8,6.891439197584274,73.76586107345857,88.72218355840563,3.0
C0740,2025-03,e.c.e,6,6.9826226173294055,,94.40589675467753,0.0
C0741,2025-03,Computer Science,7,,99.07846086671671,87.70680048033607,1.0
C0742,2025-03,Civil,8,6.804438340746415,78.95157210987813,78.05333260107687,2.0
C0743,2025-03,ECE,3,5.762258013018641,75.36844280408593,87.51675731419009,2.0
C0744,2025-03,Mech,5,7.177255607651641,89.2982805757123,83.05686390212905,2.0
C0745,2025-03,EEE,3,6.10412551905479,80.02330224863358,81.8018033606074,0.0
C0746,2025-03,Mech,4,6.527411115980712,89.14017891299449,72.10206958782561,1.0
C0747,2025-03,ECE,5,6.757252003137782,,73.7533390371573,2.0
C0748,2025-03,ECE,8,6.33006830699758,84.37662523163694,90.07402748793251,2.0
C0749,2025-03,ECE,8,7.253199353118418,91.09914220396284,76.32327269811336,0.0
C0750,2025-03,Comp Sci,5,6.5370759585732685,83.78469163145762,99.02202631792406,4.0
C0751,2025-03,CIVIL,4,6.678244394535078,74.65134245412031,97.65333186039143,0.0
C0752,2025-03,CIVIL,6,7.295763432759793,83.83609656534584,79.19387976792488,0.0
C0753,2025-03,cs,8,7.243116137324263,80.51319117732677,82.87854314784265,2.0
C0754,2025-03,cs,8,8.188562350852647,84.97326864816169,93.1431748846666,2.0
C0755,2025-03,CIVIL,4,6.697701557304062,84.73187163680227,94.35877848578681,0.0
C0756,2025-03,cs,4,7.4587048566187715,90.01074727783993,90.49006161534354,1.0
C0757,2025-03,ECE,7,7.037939753398444,93.15046354656495,80.42751663057699,1.0
C0758,2025-03,ECE,4,6.456536905127527,78.79215043761818,81.36707301807274,1.0
C0759,2025-03,Mechanical,4,7.042044610792114,87.42425216689558,87.55282106588312,3.0
C0760,2025-03,CSE,3,7.631842282984569,98.70316157002135,83.18804509767071,0.0
C0761,2025-03,Mechanical,5,7.003049634757435,88.47523725877247,93.48097568151994,0.0
C0762,2025-03,ECE,5,6.710443157035963,91.25466823663172,77.7631200878566,1.0
C0763,2025-03,Mech,6,5.6315532633914716,84.15758657462385,86.80292490283374,3.0
C0764,2025-03,CSE,4,7.745606520817206,95.94919267753188,94.15789900184348,2.0
C0765,2025-03,ECE,7,7.275576883305737,84.04378039316168,84.62428702841672,
C0766,2025-03,Electronics,7,6.375600343489518,74.46349524284321,83.21135035328112,3.0
C0767,2025-03,CSE,5,7.377775302348958,93.32040086931309,87.19977589726732,1.0
C0768,2025-03,Computer Science,4,7.250090181349344,91.16692774625434,81.33907388335467,0.0
C0769,2025-03,Computer Science,6,7.418259740541887,87.7580516488329,,1.0
C0770,2025-03,CSE,7,6.987692736941158,79.97592976505372,85.81434586928727,1.0
C0771,2025-03,Comp Sci,5,7.532235124000772,100.0,85.26423543407583,2.0
C0772,2025-03,E.E.E,4,6.543937685768031,91.49594468282203,76.48485095848987,1.0
C0773,2025-03,ECE,6,7.889926609189702,81.25072173958709,99.05249743012064,1.0
C0774,2025-03,Civil Engg,5,7.0311756784576405,97.64835616342114,91.36128273400405,0.0
C0775,2025-03,E.E.E,5,8.035741993501075,98.61820540849777,76.63321677707492,1.0
C0776,2025-03,cs,5,7.826425999416571,87.7689256937067,92.6403314579979,0.0
C0777,2025-03,Mechanical,4,6.304059923869515,77.35273554946373,78.88657035629895,3.0
C0778,2025-03,Civil Engg,7,6.531435303647901,88.31363755013231,77.15314598761597,3.0
C0779,2025-03,Mechanical,5,7.216235749899655,85.501203596764,81.07999071817598,4.0
C0780,2025-03,Electronics,5,6.1557825159562585,100.0,89.3805941257739,1.0
C0781,2025-03,Electronics,6,7.461074664259963,78.9804373649487,85.37759625561142,1.0
C0782,2025-03,Comp Sci,5,7.4105405878515835,100.0,87.15901018215806,0.0
C0783,2025-03,e.c.e,3,6.856580747014036,81.93115524178135,86.18837059686376,0.0
C0784,2025-03,EEE,8,7.093548266811721,84.26805688522738,91.78790407694389,2.0
C0785,2025-03,Electrical,3,5.804052630974069,76.70146515390812,98.51388159076195,1.0
C0786,2025-03,cs,6,7.3130751964982865,,85.34403330372834,3.0
C0787,2025-03,ME,4,7.4389444777642515,,84.9574462339172,2.0
C0788,2025-03,Comp Sci,4,6.786830647086151,85.92339001257997,87.70782168077909,0.0
C0789,2025-03,E.E.E,3,7.267410615951949,75.47388680940057,89.54881649344537,0.0
C0790,2025-03,Comp Sci,8,7.953274558668031,71.99912792439588,94.85918279103964,
C0791,2025-03,EEE,5,7.136561624162434,86.14056957812508,80.19707100466358,1.0
C0792,2025-03,CIVIL,5,6.518759154649226,94.15508630668039,99.62461657153912,5.0
C0793,2025-03,cs,7,7.563709456021661,91.31678150974568,80.4053356757407,1.0
C0794,2025-03,cs,3,7.078437153939226,86.2644063063686,93.0868743204869,1.0
C0795,2025-03,Civil Engg,6,6.359245737202203,100.0,88.80781157820398,1.0
C0796,2025-03,Computer Science,5,6.306301258264821,67.0388278967932,74.89377424612312,0.0
C0797,2025-03,Electronics,6,7.477439158291174,90.50343254068954,89.40619022183499,2.0
C0798,2025-03,E.E.E,3,6.769545107743726,79.64846855565217,73.63196805239043,0.0
C0799,2025-03,Mech,8,6.496681868252164,83.79963762196878,76.60546270750166,1.0
C0800,2025-03,e.c.e,4,6.142040100167141,77.27687487428454,82.05567367615645,2.0
H0001,2025-04,Civil Engg,7,6.8536272213527,85.43175151686437,81.89397795071574,2.0
H0002,2025-04,e.c.e,5,6.9989334701221,96.38061073722443,82.22240809649462,
H0003,2025-04,CIVIL,8,7.494291696743926,95.66720341170031,95.15735898142762,1.0
H0004,2025-04,ME,3,6.105502896248384,69.55434249438268,77.84805095433313,3.0
H0005,2025-04,Computer Science,4,7.582989854146522,88.15771308676206,,0.0
H0006,2025-04,E.E.E,8,6.758708793498673,81.50557866848142,77.1031192791225,0.0
H0007,2025-04,Civil Engg,4,6.513644493339813,78.58830421903075,80.13454083668344,0.0
H0008,2025-04,Civil Engg,4,7.659742501332024,93.15323753185082,97.06130356396636,3.0
H0009,2025-04,CSE,7,6.82157188740975,89.1879524725548,94.84501692635892,1.0
H0010,2025-04,Electronics,4,5.987113974519568,86.56354672153385,87.22383789821824,2.0
H0011,2025-04,ECE,6,7.362236419476289,84.73374956976485,93.40124595479249,2.0
H0012,2025-04,E.E.E,4,7.76437149669941,88.07521688991571,87.90847001238062,2.0
H0013,2025-04,Mechanical,4,7.590395191650828,81.6703199394551,82.08197316137262,0.0
H0014,2025-04,Civil Engg,8,6.26394007711056,93.89817812985916,80.81899306467784,1.0
H0015,2025-04,e.c.e,4,6.2898312557583065,86.66463815185648,85.98862858775134,4.0
H0016,2025-04,Comp Sci,3,8.067726813074712,79.06606573078757,89.55262022086227,0.0
H0017,2025-04,Mechanical,7,6.479008857315584,85.66969301703301,80.33519977035155,2.0
H0018,2025-04,Computer Science,8,7.472736050310577,85.52185209627531,97.8671620957918,0.0
H0019,2025-04,CIVIL,3,6.980538991633418,89.8938449091995,89.61000512487786,4.0
H0020,2025-04,ME,7,7.579769629688826,83.54658285488574,76.7769806434608,2.0
H0021,2025-04,Civil,6,7.852502043860401,90.18827974930934,98.55967040757642,0.0
H0022,2025-04,Electronics,7,6.84136809286081,88.15946059221099,77.50007404996134,0.0
H0023,2025-04,E.E.E,3,6.331023719825367,95.76542808489248,84.15011900979373,0.0
H0024,2025-04,CIVIL,8,7.445916970363406,87.42207964151086,86.39580759682165,0.0
H0025,2025-04,Civil Engg,6,6.818763530561382,85.51820369767762,88.60636816871522,4.0
H0026,2025-04,CSE,8,7.460484752569727,100.0,92.07774047912176,3.0
H0027,2025-04,Electronics,5,5.919342904747339,90.52906384098969,76.99083639145316,1.0
H0028,2025-04,cs,8,6.696734689970123,56.773779976102944,90.84003389677487,3.0
H0029,2025-04,Computer Science,6,7.078838267948907,80.17487138014296,83.42024812673418,2.0
H0030,2025-04,ME,3,6.535211735728411,84.83551255111271,86.34224617095708,0.0
H0031,2025-04,ME,8,6.589750486585447,91.36298629833406,76.29432511586889,0.0
H0032,2025-04,E.E.E,7,8.422335118622211,97.30476068207878,91.09947409931075,2.0
H0033,2025-04,cs,4,6.755648095434075,73.48876008308828,80.37494532154538,2.0
H0034,2025-04,ECE,6,6.723641143062987,79.5514042623385,88.83081997547217,2.0
H0035,2025-04,ECE,5,6.922790731442105,87.59264858088267,83.66959005955562,4.0
H0036,2025-04,CSE,6,,84.02186402573695,92.10338079867451,2.0
H0037,2025-04,Comp Sci,8,8.513776162147469,89.71146608767232,89.70244261057049,1.0
H0038,2025-04,ECE,8,6.37002839546809,80.9686900891992,84.01095812040974,1.0
H0039,2025-04,Comp Sci,4,6.705664073946753,89.25151506840339,80.57949000445804,1.0
H0040,2025-04,ME,8,6.802021911292673,99.93646584042314,86.8203854955891,3.0
H0041,2025-04,Electronics,5,6.674116612703084,,69.58116389620884,1.0
H0042,2025-04,Civil,7,,85.25606726063198,93.14251721252525,2.0
H0043,2025-04,Mech,7,6.479324869379012,85.80761532310413,97.05755900477516,3.0
H0044,2025-04,CSE,5,,91.4502115152254,91.20273518915597,4.0
H0045,2025-04,CIVIL,5,6.750555277331535,100.0,92.9993994225042,0.0
H0046,2025-04,Civil,5,6.444030023977984,80.61627939151492,76.44111932473841,0.0
H0047,2025-04,ECE,8,7.499865210006288,90.53257377931023,89.59206640461028,1.0
H0048,2025-04,CSE,5,7.187791723829882,81.21213159974342,87.97718056056543,1.0
H0049,2025-04,Mech,4,6.259043625418542,81.40660578071336,87.49567486392958,3.0
H0050,2025-04,Computer Science,5,7.065068208786838,79.73066291367105,89.84026888830024,1.0
H0051,2025-04,Computer Science,4,5.62327344333721,87.25258500296817,84.25282765640323,4.0
H0052,2025-04,Computer Science,5,7.606248373047903,,84.76850559236438,3.0
H0053,2025-04,Civil Engg,3,6.0645394946489315,85.50866591924122,80.78405457235651,1.0
H0054,2025-04,Mechanical,3,7.167078089203959,94.42505564558999,95.2272544512381,3.0
H0055,2025-04,Mechanical,7,6.2650992314270955,88.5119622495137,83.55195467429556,1.0
H0056,2025-04,Civil,3,7.533712027107834,83.80025284488549,82.27072619894034,0.0
H0057,2025-04,ECE,6,7.281133660722928,100.0,94.10268061346603,1.0
H0058,2025-04,ME,7,7.137195761148841,80.6889709305348,,2.0
H0059,2025-04,cs,7,8.195661350114962,100.0,96.53574531717352,2.0
H0060,2025-04,CSE,5,7.399973229987345,84.6132388862542,91.44899338229494,0.0
H0061,2025-04,ME,4,6.420228981017144,88.23178986341009,94.22600199601484,
H0062,2025-04,ECE,8,6.463906916836849,78.54306683610329,80.91033499113993,0.0
H0063,2025-04,ME,8,6.128480070032531,88.77300027527949,81.22553271300475,2.0
H0064,2025-04,Civil Engg,6,7.767732021252369,97.74841940353625,80.65522419397148,1.0
H0065,2025-04,Mechanical,3,7.183498982650949,84.5020652513367,89.06231427791838,1.0
H0066,2025-04,Mech,3,5.955346189321338,,85.544858493586,0.0
H0067,2025-04,Mechanical,4,6.186497150383624,86.10659471236285,80.40172223214606,0.0
H0068,2025-04,Comp Sci,3,6.651974913696796,80.74934530614458,90.41439055707197,2.0
H0069,2025-04,CSE,8,7.559348548586625,99.78919870328814,89.44693279816889,1.0
H0070,2025-04,Electronics,4,6.67670477378968,81.48834838487959,95.75230349850278,1.0
H0071,2025-04,Comp Sci,4,6.53222012399489,71.75241871825652,98.32618903594225,0.0
H0072,2025-04,Electronics,8,6.409027760319936,71.08604563669834,79.55163039064136,1.0
H0073,2025-04,Civil Engg,7,7.427258355714263,93.43771209392597,84.27550353337972,1.0
H0074,2025-04,Computer Science,4,8.347956211347915,83.52366096423616,82.36207244764262,3.0
H0075,2025-04,CSE,5,8.06288744509317,86.70614631325499,86.96192945832617,1.0
H0076,2025-04,Comp Sci,6,6.610687669134271,82.6312549762717,70.6543392700388,1.0
H0077,2025-04,CSE,6,6.088833200120604,95.785335494108,77.37073777741278,3.0
H0078,2025-04,Mech,8,6.462930707668528,90.79270678560196,90.6566657869703,1.0
H0079,2025-04,Mech,8,7.337837203976367,91.33666037123669,90.50214239861266,1.0
H0080,2025-04,Civil Engg,8,6.240930344835228,89.93870115806365,91.08700051247864,2.0
H0081,2025-04,Mechanical,3,6.63917762261323,81.18993105251175,84.82110689900009,2.0
H0082,2025-04,e.c.e,4,7.792183802469541,78.21647174327737,88.02337958801758,2.0
H0083,2025-04,Civil,6,7.503928077443054,77.83612020735265,93.0621387443226,
H0084,2025-04,Computer Science,3,7.403814332451884,91.14973093097815,84.41366468379267,2.0
H0085,2025-04,CSE,5,7.614684864763068,83.4562551171636,90.09366329322411,1.0
H0086,2025-04,Comp Sci,3,7.5196784884518175,95.25780296482078,94.13974003479538,2.0
H0087,2025-04,Mech,8,6.6698499576468775,84.68418994527379,87.80355806241553,4.0
H0088,2025-04,e.c.e,3,6.659565394326305,89.43922757578844,83.72448807143289,0.0
H0089,2025-04,Comp Sci,3,6.8772681325213005,100.0,95.68956479553427,2.0
H0090,2025-04,ECE,4,6.002499592379323,100.0,68.54374200820651,2.0
H0091,2025-04,CSE,3,6.713369990483573,84.85153722182237,66.10641550099254,0.0
H0092,2025-04,Mech,6,6.229542794694123,90.31846427011529,81.85473119242583,1.0
H0093,2025-04,Electronics,5,6.690292626683877,73.71723303750558,75.37645344192435,0.0
H0094,2025-04,ECE,8,6.037715894102024,76.44777813829492,96.26996699512836,2.0
H0095,2025-04,Comp Sci,4,7.857472320249958,92.31938246014846,100.0,0.0
H0096,2025-04,Mech,6,5.683012585378719,88.78464910080986,82.9108071861928,2.0
H0097,2025-04,Electronics,6,6.843217058043301,81.61523337771192,72.5435538147546,2.0
H0098,2025-04,Comp Sci,6,7.168500750758846,82.35954082527051,80.50748882305821,1.0
H0099,2025-04,CSE,7,6.55654320308622,80.19107740848037,79.67203153047798,0.0
H0100,2025-04,EEE,4,6.564569347952664,91.86591505333527,83.27597603257925,1.0
H0101,2025-04,EEE,6,5.113625809117952,83.048768051774,66.36091995886764,1.0
H0102,2025-04,Mechanical,7,6.2751292848375755,88.31262719444355,95.4700179761204,0.0
H0103,2025-04,CSE,8,7.7178804952765745,89.94762649788882,84.84737479896398,1.0
H0104,2025-04,EEE,6,7.131012967796306,90.49435935894518,82.13487256455099,3.0
H0105,2025-04,Civil Engg,6,6.888111833698685,86.42050704654542,88.36303097948887,3.0
H0106,2025-04,Mech,8,5.88389126223549,88.09520682609197,83.0203260292977,2.0
H0107,2025-04,e.c.e,6,5.772671440252732,86.45592270647812,71.95123561277316,1.0
H0108,2025-04,Comp Sci,8,6.681939034157846,71.28677582124605,94.62541942679148,1.0
H0109,2025-04,Comp Sci,3,7.0690261145393745,91.24015028228501,80.44554369171377,1.0
H0110,2025-04,Electrical,5,6.486137184207949,87.64598754084743,82.23880788077693,1.0
H0111,2025-04,Electronics,3,7.047646405976009,86.56587914290327,92.95738179330662,0.0
H0112,2025-04,Comp Sci,3,6.414500920581893,76.77079579225803,73.62712709915678,1.0
H0113,2025-04,Computer Science,5,8.333122792890183,88.53476105166257,87.28304139316032,0.0
H0114,2025-04,ME,4,6.98665902545387,84.99365234116947,93.56566902094664,1.0
H0115,2025-04,Comp Sci,5,7.5300921665989105,69.32029957258887,87.19297288559893,1.0
H0116,2025-04,Civil,5,6.421296138117639,84.10220988165136,75.90009445894455,3.0
H0117,2025-04,Civil Engg,6,6.273457166386079,83.59756812651665,81.1324877466046,2.0
H0118,2025-04,Mechanical,8,7.504262279022543,90.84337081307795,81.58159311881403,
H0119,2025-04,e.c.e,8,7.036118191067928,84.51495546380661,74.50920377983866,0.0
H0120,2025-04,ME,5,6.733987113901259,83.28951249402375,73.52907162417088,1.0
H0121,2025-04,Mechanical,4,7.259935085459556,86.80633757260024,84.77966480597063,1.0
H0122,2025-04,Mechanical,7,7.509670440654021,72.66403996343966,71.69072147318269,1.0
H0123,2025-04,Computer Science,3,7.413609469456218,82.48671404785304,80.43589318210945,0.0
H0124,2025-04,ECE,6,,88.18823525904004,76.5465599757974,0.0
H0125,2025-04,Comp Sci,5,6.618977979257279,79.0911119606174,,2.0
H0126,2025-04,Electronics,4,7.335975731867229,86.12542316650436,89.7827302230768,2.0
H0127,2025-04,Comp Sci,6,8.15684199651729,83.14719639626674,84.27941487832324,1.0
H0128,2025-04,Computer Science,4,7.970729582595845,82.11054025700254,87.18907077262857,0.0
H0129,2025-04,CSE,4,6.501487028367201,,92.75634085284628,0.0
H0130,2025-04,Mech,6,5.685262457609724,71.94180232866007,74.02163631473937,1.0
H0131,2025-04,CSE,4,8.207537192933245,84.2710513266845,,0.0
H0132,2025-04,EEE,7,7.755263911169023,71.5975268744746,92.1931527744089,1.0
H0133,2025-04,Mech,3,6.779504537263172,80.82416205619344,95.18413673527421,2.0
H0134,2025-04,Comp Sci,5,8.490061181090494,69.84150662713586,93.29171258900521,5.0
H0135,2025-04,Mech,7,6.8430857889597325,87.37619312033154,80.00961022805473,0.0
H0136,2025-04,Computer Science,4,7.818971122440927,96.1839483349278,81.69013110105672,2.0
H0137,2025-04,E.E.E,7,5.892488386005476,81.56942003729401,87.63941207069531,2.0
H0138,2025-04,ECE,7,6.677407909311659,85.39953643301632,89.72870899945453,1.0
H0139,2025-04,Civil Engg,8,5.714732748034529,77.0100364249136,88.60997315030149,1.0
H0140,2025-04,cs,4,7.477051808843917,82.48474173909936,72.57236377435677,2.0
H0141,2025-04,ECE,7,6.385796530986079,89.15549547302669,72.91990686408293,1.0
H0142,2025-04,Electronics,8,6.3967450678343605,79.06324688804386,93.42081394610035,0.0
H0143,2025-04,Electrical,7,6.761142244414382,74.95974817367417,83.33491866298787,2.0
H0144,2025-04,ME,4,7.007409406354317,68.8869837955414,85.8152809891688,3.0
H0145,2025-04,Electronics,7,5.762007915955544,74.23758910349264,78.89377352539616,2.0
H0146,2025-04,cs,3,6.815871954717481,82.51615577307734,80.51736334658848,1.0
H0147,2025-04,CSE,6,6.69746313759579,75.63079264348663,87.11198233229968,2.0
H0148,2025-04,ECE,5,6.295853794945662,83.78194815787239,78.68236011386459,0.0
H0149,2025-04,e.c.e,6,5.633098777697134,84.06525731229311,79.28097411554015,1.0
H0150,2025-04,Computer Science,6,7.304899055300819,80.64358696978043,100.0,1.0
H0151,2025-04,CIVIL,3,7.323850446276082,87.49890378261145,88.80427698395808,3.0
H0152,2025-04,CIVIL,6,6.583465780433871,82.6353814565211,81.51138955429192,0.0
H0153,2025-04,cs,8,7.6571063529126935,100.0,,2.0
H0154,2025-04,Mechanical,5,7.569949018695421,,83.77560506632754,1.0
H0155,2025-04,Computer Science,4,7.446321450120226,93.21784483393941,73.30434380196326,1.0
H0156,2025-04,Mech,8,6.984408414660125,87.12185632850378,87.75232338220162,0.0
H0157,2025-04,Comp Sci,3,7.3192842677613426,79.54012897489629,99.80748822975255,3.0
H0158,2025-04,ME,5,6.009987141992962,84.06649628972902,87.42980071939489,2.0
H0159,2025-04,Mech,6,7.109758188582081,87.90276197948081,81.32368603095183,4.0
H0160,2025-04,Civil Engg,5,6.5747488222387735,94.91692590044639,81.26865606578801,
H0161,2025-04,CSE,8,8.082537904465413,87.53584973985241,83.74055982655788,0.0
H0162,2025-04,E.E.E,5,6.617883523300361,72.92341958901,,1.0
H0163,2025-04,Computer Science,8,,88.7150512046559,87.24491671131403,3.0
H0164,2025-04,Comp Sci,3,7.7028249804956666,96.19879900057155,92.31277381596776,2.0
H0165,2025-04,Mechanical,7,7.032318415030422,100.0,84.56044688163917,0.0
H0166,2025-04,e.c.e,6,7.761140400529805,80.41018561425636,93.60306065962452,2.0
H0167,2025-04,Civil,4,6.124913525871068,98.66862220779893,70.32013195373699,1.0
H0168,2025-04,Civil,4,6.822632514331385,84.26409795935271,73.69053214002032,1.0
H0169,2025-04,Comp Sci,7,7.520429855818907,75.8287206455891,96.90307211521642,0.0
H0170,2025-04,Electrical,6,7.267823036248911,99.1612041037234,83.0617333986636,1.0
H0171,2025-04,cs,6,8.338383664018147,84.26107018700417,90.45871290365585,3.0
H0172,2025-04,ECE,3,6.897604425068573,91.11133808216927,80.59305894222025,3.0
H0173,2025-04,CSE,6,6.811481925767733,80.35733372158745,77.97138176967499,0.0
H0174,2025-04,E.E.E,8,6.475097293262796,94.47724389212144,86.76966619015617,5.0
H0175,2025-04,Computer Science,3,7.138099658023937,89.12993012329245,87.15140100870855,1.0
H0176,2025-04,cs,5,6.230559247833089,80.46455218069573,100.0,0.0
H0177,2025-04,ECE,5,6.7548592274814885,77.86004547265868,84.79129415926595,2.0
H0178,2025-04,EEE,8,6.910824424160905,78.6210268092825,92.5135162265735,2.0
H0179,2025-04,Civil,4,6.884379349171883,81.31998819579522,86.21006596883085,2.0
H0180,2025-04,Mech,5,7.248830488553825,72.95184625535046,94.54876229678344,1.0
H0181,2025-04,Civil Engg,7,6.513611844192218,74.91875023247786,78.86516060487436,1.0
H0182,2025-04,Civil,3,7.230133105755322,100.0,78.51528263770388,1.0
H0183,2025-04,Electronics,7,,83.4017289191941,77.40621593691566,1.0
H0184,2025-04,cs,7,7.913480766874985,90.30448417387532,83.16754953005287,2.0
H0185,2025-04,CIVIL,7,6.212405277597081,80.57253613746158,81.41355237433535,4.0
H0186,2025-04,Mech,6,6.801347390438508,92.92291043739445,75.31813518251441,0.0
H0187,2025-04,ECE,7,7.19248646424284,92.34209897029868,,3.0
H0188,2025-04,CSE,7,7.3141256038653735,83.50164424263619,65.66695397919331,1.0
H0189,2025-04,Mechanical,8,6.6074772373145985,80.49735902221899,90.5794454040495,
H0190,2025-04,cs,5,7.702489857209086,79.48250694211885,86.10338606337842,
H0191,2025-04,EEE,5,6.790793573965314,78.34384183235522,95.24903464450843,1.0
H0192,2025-04,Comp Sci,6,7.654206706286098,94.51519300894628,88.6271915025574,0.0
H0193,2025-04,CSE,4,7.463787882695623,83.92112191125794,85.44287674653657,0.0
H0194,2025-04,Civil,8,6.222991833541312,77.98485789863669,91.44255692103538,4.0
H0195,2025-04,cs,7,7.6407845685723705,82.71293890917475,80.33875606702364,1.0
H0196,2025-04,cs,6,7.546578506251213,99.13305803874465,88.18319287203082,0.0
H0197,2025-04,ME,4,7.225311099664385,82.08514517980238,91.45342253078222,2.0
H0198,2025-04,Civil,5,6.706206790188629,,88.80596211324084,0.0
H0199,2025-04,CSE,5,6.177758327454562,,96.38023550020375,2.0
H0200,2025-04,cs,6,6.047011124074587,86.2315732590717,80.15607542871946,1.0
H0201,2025-04,CIVIL,7,6.807391433242383,81.45686868703064,80.6617192903206,
H0202,2025-04,EEE,7,7.694379065642331,95.94421308177296,89.99841268118463,1.0
H0203,2025-04,Electronics,8,6.565981113109484,87.87140109568284,77.4859034915661,4.0
H0204,2025-04,Comp Sci,8,7.94395514381515,86.49816879126045,82.19238466708627,2.0
H0205,2025-04,Computer Science,7,7.218251323953791,80.25153378039965,85.22523761604481,
H0206,2025-04,Comp Sci,5,6.417615260581734,82.16154404855602,91.29413932199306,
H0207,2025-04,Computer Science,6,7.305374474202949,97.5917300229622,93.90482265488613,1.0
H0208,2025-04,ME,5,6.049954899892769,90.17917664020536,82.72968515561514,0.0
H0209,2025-04,Computer Science,6,6.692809376095414,100.0,90.63646612138355,4.0
H0210,2025-04,ECE,7,7.139198316308531,89.47407176748486,97.32600882995665,1.0
H0211,2025-04,ME,5,6.913964378774357,90.08321985569101,91.53212552886181,5.0
H0212,2025-04,Mechanical,6,5.7501914156898914,66.8491972770991,82.65913572258157,4.0
H0213,2025-04,Computer Science,3,6.6341589236498555,91.69757212505053,89.5682482840822,1.0
H0214,2025-04,Civil Engg,7,6.619680251848559,93.96294310975462,98.54850684225822,0.0
H0215,2025-04,Mechanical,5,6.912496884560501,98.35710330395723,90.9337242136183,2.0
H0216,2025-04,Mechanical,5,7.301434506269331,66.9778806897821,84.67543715504291,0.0
H0217,2025-04,Computer Science,6,7.173928741494056,75.79934404423523,100.0,0.0
H0218,2025-04,CSE,4,7.887660770497844,94.4292593747726,98.90157625865065,2.0
H0219,2025-04,E.E.E,6,7.55237012484403,86.61059984551177,92.706007131143,1.0
H0220,2025-04,ECE,7,6.451539325810143,72.49828815801064,80.94801888256254,0.0
H0221,2025-04,cs,5,7.587184979370837,92.2910111356814,82.57127442485579,1.0
H0222,2025-04,e.c.e,3,6.615645462469286,83.39975146667105,93.54355582853722,1.0
H0223,2025-04,Mech,5,6.247593795366767,78.15256687128947,78.80232584824758,1.0
H0224,2025-04,Electrical,4,6.455103751121028,77.58040749305573,,4.0
H0225,2025-04,Computer Science,5,8.354840112780112,84.8204817898729,95.39006117173638,1.0
H0226,2025-04,E.E.E,6,6.283472147896873,79.58645629938123,96.65587779595506,1.0
H0227,2025-04,Computer Science,3,7.2294147016751085,76.17184434529605,79.04489670723439,3.0
H0228,2025-04,Mechanical,7,5.894228376178731,97.19731989556432,93.6796558235019,2.0
H0229,2025-04,Mech,4,7.32961287587613,99.5897499514515,81.45484457501253,1.0
H0230,2025-04,Comp Sci,8,7.158902028978761,,90.80495437629023,1.0
H0231,2025-04,Comp Sci,7,7.169392114771704,87.27213907081716,96.07108894937329,1.0
H0232,2025-04,ECE,4,6.448399793237293,78.20090257216886,83.99916320385907,0.0
H0233,2025-04,E.E.E,6,6.370370756529388,69.4370818017438,87.56111064039678,0.0
H0234,2025-04,ME,3,6.767540826584321,88.55389076105659,79.91543564935625,1.0
H0235,2025-04,Electrical,3,7.079752653067558,81.26057734636586,90.43953462381666,1.0
H0236,2025-04,Civil Engg,8,7.350460808967741,100.0,100.0,2.0
H0237,2025-04,Electronics,7,7.2738796220736575,88.38252206933836,,
H0238,2025-04,Civil Engg,3,7.123659581234438,85.87463580189431,80.76486601343584,0.0
H0239,2025-04,Computer Science,4,8.315762910511797,81.24166580262381,84.94789267574681,0.0
H0240,2025-04,Computer Science,4,7.274294155521933,100.0,93.4736930899499,0.0
H0241,2025-04,Civil,5,6.852535191949878,68.44945043924045,77.18603467462727,2.0
H0242,2025-04,CIVIL,4,6.478536805391596,82.43169878645271,85.55219573421321,0.0
H0243,2025-04,cs,4,7.453652063949688,83.97662189982154,90.82862296524411,0.0
H0244,2025-04,Electronics,6,6.4544360107672505,92.64332349953763,87.60947519131663,0.0
H0245,2025-04,Mech,4,6.546267966449992,85.85743475399418,85.16894269361107,1.0
H0246,2025-04,CIVIL,8,6.850140896267458,78.73002004497074,89.6009465747523,1.0
H0247,2025-04,ME,7,6.473464727301717,87.008925052609,78.1767059985085,1.0
H0248,2025-04,ECE,7,7.189561929636795,96.74619333636574,67.6994318919555,4.0
H0249,2025-04,Electronics,4,6.446766862076344,88.38829201403199,89.684612381437,1.0
H0250,2025-04,e.c.e,7,7.3431773189091185,90.92507025616463,75.95563319024014,0.0
H0251,2025-04,Mech,8,6.618848803046194,92.41867345646601,84.7650129328446,2.0
H0252,2025-04,Civil,4,6.643419363583661,86.1622218409846,80.90043669668204,
H0253,2025-04,Electronics,7,7.445111922941039,100.0,93.23976554315747,
H0254,2025-04,cs,5,6.916095431703876,89.53906376901764,84.25859219552709,3.0
H0255,2025-04,cs,7,7.572449205613136,90.1194034446183,85.15932413907953,2.0
H0256,2025-04,ME,5,6.7005676007891655,100.0,90.59928174093427,1.0
H0257,2025-04,CIVIL,7,6.802315143628704,85.27178802018886,90.51759948497771,3.0
H0258,2025-04,CSE,3,7.919272772298877,95.04676049779529,93.93394538816429,1.0
H0259,2025-04,CSE,5,,74.53976834409363,80.69113956330244,2.0
H0260,2025-04,Mechanical,4,5.672206865600639,74.26318970555113,77.12069147978887,3.0
H0261,2025-04,CSE,4,7.004490838846361,96.30375456510116,92.07408397266548,0.0
H0262,2025-04,CIVIL,4,6.844444914839839,80.77738941443411,82.9336513941387,0.0
H0263,2025-04,cs,5,6.759521557863438,91.9499652861084,76.91810987568095,2.0
H0264,2025-04,cs,3,6.5958614559897,100.0,89.63634133878756,1.0
H0265,2025-04,Electrical,7,,78.57678239731953,100.0,3.0
H0266,2025-04,CSE,6,7.162112182024175,100.0,83.75980319388137,2.0
H0267,2025-04,Comp Sci,7,7.477793482957882,79.91340020949235,80.85213463182312,0.0
H0268,2025-04,Comp Sci,7,7.322421198126598,90.32912678195197,82.72048241279052,2.0
H0269,2025-04,Comp Sci,3,7.025376305765714,96.7950914096438,81.5196236950045,2.0
H0270,2025-04,cs,3,6.270776000013819,89.32693946081842,92.932129074175,0.0
H0271,2025-04,Computer Science,5,7.174202063547859,93.07336318301198,98.8856142694844,1.0
H0272,2025-04,Comp Sci,5,7.000118212641114,84.79915448923995,92.78385708279774,
H0273,2025-04,Computer Science,4,7.425370915986164,83.83682164324695,88.111662456097,2.0
H0274,2025-04,ME,7,7.183228592266523,88.34005873333032,84.24360855620358,1.0
H0275,2025-04,Mech,6,7.142678332535326,92.22404556935969,98.88280004915154,1.0
H0276,2025-04,ECE,7,6.73430830518414,75.89261954224601,92.33598153368624,1.0
H0277,2025-04,Comp Sci,3,7.998603759660672,93.48518784626341,100.0,0.0
H0278,2025-04,Electronics,7,7.475676624257827,82.29930407492444,75.2782784759417,2.0
H0279,2025-04,Civil Engg,4,7.045888805404577,80.33360262984655,95.18459406645215,1.0
H0280,2025-04,CIVIL,5,6.921926317032964,94.12785643441862,87.6212313439749,
H0281,2025-04,Computer Science,5,7.966382044069767,86.9195031223734,96.60447568600736,1.0
H0282,2025-04,Computer Science,7,7.803983296126476,87.14606672990439,98.50659325264003,2.0
H0283,2025-04,Comp Sci,4,8.209033888675734,,83.19956847212401,
H0284,2025-04,CSE,4,5.801676181883753,92.1395264867557,88.89010023996684,2.0
H0285,2025-04,Mechanical,5,7.272424155668323,86.96086301428723,78.98818577478217,4.0
H0286,2025-04,Electronics,5,6.794083810896688,,95.65943959717205,2.0
H0287,2025-04,cs,4,7.8509798652946134,82.85512879270647,82.11007617495669,0.0
H0288,2025-04,ECE,4,6.192470317014285,88.21684186820563,73.74114340113503,1.0
H0289,2025-04,Electronics,4,6.607283306806271,90.27432815778337,79.79101148253648,2.0
H0290,2025-04,Computer Science,5,8.483802110946835,97.79866278027819,84.5867880876157,1.0
H0291,2025-04,Civil,5,6.879070847748199,94.40723596225071,78.04237472634676,1.0
H0292,2025-04,CSE,5,7.700403772009864,84.33211023355881,89.84504103796243,1.0
H0293,2025-04,E.E.E,7,,94.75548006796195,91.50185823610973,2.0
H0294,2025-04,Computer Science,4,,81.413111632448,79.94472383090401,1.0
H0295,2025-04,Civil,8,6.405962076970534,88.03957252443787,93.69598880866215,0.0
H0296,2025-04,Electrical,7,6.9007845891319075,97.573140481806,89.64742509154978,1.0
H0297,2025-04,EEE,4,7.113602016465817,96.52657736360963,93.5042926102435,1.0
H0298,2025-04,CIVIL,4,6.3274069209532815,87.6412992033293,,1.0
H0299,2025-04,Civil,4,6.326649082250881,95.1887771800565,,1.0
H0300,2025-04,Mechanical,4,6.870821989267075,87.74607511606774,75.50336610420788,2.0
H0301,2025-04,Civil Engg,5,5.225587434439165,81.28776915070871,84.6983663874274,2.0
H0302,2025-04,cs,3,5.934924197763646,98.1635909274221,82.50812193702055,1.0
H0303,2025-04,e.c.e,3,7.260560987461989,67.68439529501491,90.15715650685071,3.0
H0304,2025-04,e.c.e,5,7.408958444950413,89.58393231396465,88.11597491237953,4.0
H0305,2025-04,Civil,7,5.911140558515835,84.71774687293325,93.27326753036472,1.0
H0306,2025-04,Electronics,4,6.5086300785579105,86.06952649005096,89.77183078064495,1.0
H0307,2025-04,ECE,8,7.494419096143683,100.0,,1.0
H0308,2025-04,Mechanical,5,6.295807744966838,92.51372247570664,88.27011348514192,6.0
H0309,2025-04,Computer Science,8,7.870528978902975,84.16926148414879,,1.0
H0310,2025-04,Comp Sci,4,6.654709992749189,71.82172501412234,92.99807587665501,1.0
H0311,2025-04,ECE,6,6.7978328341150585,77.53857677418198,77.58760840004669,1.0
H0312,2025-04,Electronics,7,7.904629203446911,96.01397359856942,84.72372708669452,2.0
H0313,2025-04,CSE,3,7.49510467875653,84.68245041814676,92.74449236144524,1.0
H0314,2025-04,e.c.e,8,6.284415390355241,84.70394702146248,83.87961180466046,2.0
H0315,2025-04,e.c.e,5,6.6846911890891025,85.40458542653208,84.48913169873728,1.0
H0316,2025-04,Comp Sci,5,7.07273736306556,80.949357726916,97.16627233037168,0.0
H0317,2025-04,Electronics,6,5.7863317672367875,99.70240086487152,65.65021421972364,1.0
H0318,2025-04,ME,6,7.078201606887126,87.50540805461814,91.05935729593999,1.0
H0319,2025-04,cs,3,,91.3512312392023,72.34441347641668,0.0
H0320,2025-04,Electrical,8,7.398423601014722,100.0,84.5391481395731,0.0
H0321,2025-04,E.E.E,6,6.366884136369608,84.51652854029147,91.62896941547454,0.0
H0322,2025-04,e.c.e,8,6.74120693427652,82.78967357856273,89.41443141284154,2.0
H0323,2025-04,cs,5,6.950914672511505,88.57596949199215,82.77253323367069,2.0
H0324,2025-04,e.c.e,6,7.51033168893907,74.84233662397851,88.00711456649628,0.0
H0325,2025-04,Civil Engg,5,6.981160469898238,87.57140153406988,79.4184864180214,2.0
H0326,2025-04,Mechanical,8,8.05345589829488,89.08560238321229,79.68551291749357,3.0
H0327,2025-04,Civil,7,6.615997330785955,84.76309715576073,78.98424373881852,1.0
H0328,2025-04,ECE,8,6.146961556595614,90.30544613259663,,
H0329,2025-04,Mechanical,6,7.019859247206952,87.06532001059867,89.08340519617704,0.0
H0330,2025-04,cs,7,6.8885614021722885,88.96271665220749,100.0,1.0
H0331,2025-04,ME,5,6.698315359368581,88.05721022408301,86.71143234668006,1.0
H0332,2025-04,CSE,5,7.346296133589515,91.36742580645252,83.54665757299341,1.0
H0333,2025-04,Mech,7,6.266728144954087,81.19178650895404,72.98667463419919,2.0
H0334,2025-04,Civil Engg,3,7.72030426549554,76.18324348437179,83.06181675810618,1.0
H0335,2025-04,CSE,7,6.932359729208443,81.87128692254875,79.82203586304891,0.0
H0336,2025-04,Mechanical,3,5.630816695094604,84.9138852768103,,0.0
H0337,2025-04,CSE,6,,92.64660862901371,81.8078891430679,1.0
H0338,2025-04,Mech,5,6.362794683640818,88.85523689879815,83.6387915966568,0.0
H0339,2025-04,Comp Sci,5,7.662902927850236,100.0,82.21893719742835,0.0
H0340,2025-04,E.E.E,5,6.3074977721898735,84.21023613906607,90.82712801209394,2.0
H0341,2025-04,cs,5,7.916417477469819,100.0,100.0,1.0
H0342,2025-04,Electrical,5,6.212206289346982,97.353800594285,86.05100526682607,0.0
H0343,2025-04,Civil Engg,5,6.465667624525598,80.36020611004213,71.18980115733417,3.0
H0344,2025-04,Mechanical,6,6.647332913362655,83.65898983154536,85.8969783512803,2.0
H0345,2025-04,CIVIL,7,7.356749102215234,82.15761486328876,90.28731507494723,1.0
H0346,2025-04,Civil Engg,6,5.591503322232639,87.66476434563337,74.05661420504795,0.0
H0347,2025-04,Electrical,6,6.775203499746574,90.83224178783364,75.69878015191847,2.0
H0348,2025-04,Comp Sci,8,7.671331396696265,96.23053218990495,100.0,2.0
H0349,2025-04,Mechanical,8,5.663864175343503,67.41464809582588,76.93468593182165,1.0
H0350,2025-04,Comp Sci,3,7.483409211800815,,82.3228799687268,0.0
H0351,2025-04,ME,7,6.556295992686998,76.4395806812254,77.03131128302368,3.0
H0352,2025-04,CSE,4,8.934151007078523,90.91114115467673,84.31236926638263,1.0
H0353,2025-04,ME,4,6.306024605465587,78.26848576470235,81.86061449745219,2.0
H0354,2025-04,Mechanical,7,6.405800990677997,79.79276178047904,82.69372523016342,1.0
H0355,2025-04,e.c.e,3,6.7123779755027675,75.58955358255581,76.29801817701082,2.0
H0356,2025-04,ECE,8,6.35418717219614,87.17626175849264,67.57793001183126,3.0
H0357,2025-04,Civil,7,6.835225985214952,98.31100987258328,84.71459498080937,1.0
H0358,2025-04,Civil Engg,8,6.128625658967258,90.00896232409454,78.18379416165268,2.0
H0359,2025-04,e.c.e,7,6.183884974996293,93.10276029829778,74.307531273078,2.0
H0360,2025-04,Mechanical,8,6.800000500190194,100.0,83.2168488745506,0.0
H0361,2025-04,Electrical,3,6.163378247499256,91.99257856430714,,0.0
H0362,2025-04,Computer Science,8,7.130035619963692,91.01457749901513,93.27917571634607,0.0
H0363,2025-04,CSE,3,,74.5764036293239,69.814162381037,1.0
H0364,2025-04,CSE,4,7.094605921081952,96.11343263005219,86.63213766393487,
H0365,2025-04,Mech,3,6.899472353941077,82.71098730296102,82.16635567650269,0.0
H0366,2025-04,Electronics,5,7.069543951204069,89.35548788940312,77.75620358828672,4.0
H0367,2025-04,Civil Engg,7,6.0237149149472815,88.79424539666472,87.11458534417538,
H0368,2025-04,Mech,4,6.2604373281924115,83.38936677921137,85.63636194678405,2.0
H0369,2025-04,Computer Science,7,7.642791064748205,,87.73583884858598,1.0
H0370,2025-04,Civil,6,6.68277013520628,74.82577119449685,80.57196798607013,1.0
H0371,2025-04,Civil Engg,6,7.613778896867027,78.34771992619358,92.76561039884587,0.0
H0372,2025-04,CSE,8,9.110101217431046,90.47128142469394,76.61848716248463,0.0
H0373,2025-04,Electronics,5,,69.85024549898326,91.69455304382802,0.0
H0374,2025-04,Comp Sci,5,7.932831995980811,100.0,83.24315613730386,0.0
H0375,2025-04,cs,8,7.3611743331338815,90.03392169344936,88.17284891985865,1.0
H0376,2025-04,Comp Sci,6,7.546491912354605,92.33926143452743,98.10500446744918,0.0
H0377,2025-04,EEE,6,7.122524055012511,73.95247263654731,93.99686211244591,1.0
H0378,2025-04,ECE,4,7.078193626958265,80.69369628749828,87.77415741103052,3.0
H0379,2025-04,ECE,4,5.680143533285397,79.91138419543034,83.71350171322673,1.0
H0380,2025-04,ME,4,6.28291492785526,68.75552522366732,81.90674432477022,0.0
H0381,2025-04,ME,4,5.636914698138622,84.11684223317577,86.83986335307976,
H0382,2025-04,E.E.E,4,6.521402356347083,94.94771764314557,88.21486087075638,2.0
H0383,2025-04,Civil,7,5.999512010275778,84.04037209327184,87.89284350416372,1.0
H0384,2025-04,e.c.e,3,6.6767900454208835,83.76290104734936,74.82413888983064,2.0
H0385,2025-04,Electronics,6,7.275442746254353,84.61497632569096,86.58184831441534,0.0
H0386,2025-04,Electrical,8,5.833077626566333,77.77271807379265,82.50674396157251,1.0
H0387,2025-04,ME,7,7.606813256166819,85.51801904192304,78.77521756720104,3.0
H0388,2025-04,EEE,5,7.219871926751376,87.05559786311926,85.23131315356808,0.0
H0389,2025-04,cs,3,6.4968686483394045,90.27503270962687,95.24205127245507,3.0
H0390,2025-04,Civil,8,6.825928016949874,79.97738881179372,89.44116558538192,1.0
H0391,2025-04,Mech,3,6.627002731187166,85.45674538907117,83.86356594727579,1.0
H0392,2025-04,CSE,7,,84.67988924648613,85.63382375880094,2.0
H0393,2025-04,ME,7,5.570941788438679,81.61457488084818,80.42467777195424,0.0
H0394,2025-04,Mech,4,6.760948578334929,89.70969721487013,87.56574818941066,1.0
H0395,2025-04,cs,7,7.735130141589762,70.45352456640009,87.24489791207033,1.0
H0396,2025-04,ECE,4,5.95913704744668,93.85094969037227,92.65573747675137,0.0
H0397,2025-04,Civil Engg,4,6.466426138195134,87.29916564837013,80.92928359246248,0.0
H0398,2025-04,CSE,7,6.59997028023286,96.4397615495772,92.32850867665447,0.0
H0399,2025-04,e.c.e,8,6.460815298744765,66.86507851164835,81.4494379528708,5.0
H0400,2025-04,e.c.e,4,6.722932473645081,93.31667645127771,93.18462028396526,1.0
H0401,2025-04,Comp Sci,8,7.554535263272462,79.90470161305055,100.0,1.0
H0402,2025-04,E.E.E,8,5.922718718025064,90.7812867727398,98.94990788057538,4.0
H0403,2025-04,Civil,7,6.332852367072336,91.31211718033781,,1.0
H0404,2025-04,Comp Sci,3,7.694911452303192,100.0,100.0,0.0
H0405,2025-04,EEE,4,6.546778784523043,90.01689298617511,79.31436233469786,1.0
H0406,2025-04,CIVIL,7,7.361940870340533,70.53726543647473,79.87900980744924,0.0
H0407,2025-04,CSE,8,8.235368201726606,85.715292506772,90.28486852992694,3.0
H0408,2025-04,CIVIL,7,6.037081391491741,87.18296634735897,87.26097206342622,1.0
H0409,2025-04,Comp Sci,5,7.977708285953308,89.4691004777282,87.86335742861135,0.0
H0410,2025-04,Electrical,4,6.377889027203368,77.0768618900763,85.9661013247609,2.0
H0411,2025-04,ME,8,5.807129120580001,90.50518497685898,90.81526574065748,2.0
H0412,2025-04,ME,4,6.8501260380535625,100.0,80.42784932127988,2.0
H0413,2025-04,Comp Sci,5,7.15362228173177,88.40073165364693,82.93962968559262,5.0
H0414,2025-04,CIVIL,8,7.3941755160543705,97.0668762132133,91.24436082291757,2.0
H0415,2025-04,cs,6,7.110965025636122,91.36368952338758,90.49095823613145,0.0
H0416,2025-04,Computer Science,4,6.753158492295628,81.0988240465176,,0.0
H0417,2025-04,Computer Science,3,6.964370261340237,75.9741967770653,,2.0
H0418,2025-04,CIVIL,5,7.923619434562155,88.34943362759502,90.0597267532511,2.0
H0419,2025-04,cs,8,7.662838003977275,92.56575201825868,85.56901210152317,0.0
H0420,2025-04,E.E.E,5,7.399268845375539,83.48341946923458,75.71149170121114,1.0
H0421,2025-04,Mechanical,7,7.271166813682908,83.99783347773334,73.25439219056807,
H0422,2025-04,Comp Sci,4,6.874745804019954,78.24198807335146,77.39762693252446,0.0
H0423,2025-04,Comp Sci,7,6.914507713533941,85.85710028931292,77.21427656600163,1.0
H0424,2025-04,CSE,7,,91.75819392778152,93.98356547824638,1.0
H0425,2025-04,Mechanical,6,6.50268430912512,80.50049851608915,82.8029544898937,2.0
H0426,2025-04,CIVIL,7,6.67387680595667,77.63215863045538,90.16092983783263,1.0
H0427,2025-04,CSE,6,6.261458384861063,78.47997054814508,89.19433775402425,2.0
H0428,2025-04,Civil,5,6.610653221402739,100.0,,0.0
H0429,2025-04,Comp Sci,7,6.658581983363649,77.94605807920932,87.60401367760933,0.0
H0430,2025-04,CIVIL,8,6.366025376039695,85.16794408762712,88.20457103395174,1.0
H0431,2025-04,EEE,8,7.453250023603826,90.13080989301366,77.72650526260023,1.0
H0432,2025-04,Civil,4,,94.57112234716261,88.25225230439932,0.0
H0433,2025-04,ME,7,6.644147320718891,100.0,86.3619484204263,1.0
H0434,2025-04,Civil,3,6.293879520761277,74.03100537433274,90.90299751673197,1.0
H0435,2025-04,CSE,6,7.61095154565941,87.84787949589185,73.51991624666418,1.0
H0436,2025-04,Comp Sci,6,6.7119517766545735,77.869685987084,89.01077485348894,
H0437,2025-04,Comp Sci,5,6.450132241780038,88.23082403978162,88.95100139170016,0.0
H0438,2025-04,Electronics,8,7.283170096585685,80.58844111164164,81.53444033396545,0.0
H0439,2025-04,Mechanical,8,6.695788751282092,88.1466126407106,83.26837949562335,0.0
H0440,2025-04,Mech,3,7.051220781029967,79.92806457822121,82.08352070290572,1.0
H0441,2025-04,Civil Engg,4,6.493251601288219,75.51645340958481,,1.0
H0442,2025-04,CSE,4,7.121595619656984,80.44334081528224,92.45495593515153,1.0
H0443,2025-04,Mech,8,7.8420272418545105,77.72128028663019,82.8503510459707,0.0
H0444,2025-04,CSE,6,7.199835140745305,88.42304064707949,95.92438439146885,0.0
H0445,2025-04,CSE,7,6.645227356895632,85.1100183270409,79.95993460285581,1.0
H0446,2025-04,Mechanical,7,6.374250138342171,87.27552431979275,71.90016822235712,2.0
H0447,2025-04,E.E.E,7,6.700422766855777,72.64135685379799,76.77289603100097,0.0
H0448,2025-04,ME,3,7.75490304660787,88.73067024234471,85.14068192889431,2.0
H0449,2025-04,Computer Science,3,7.151831884246528,85.14325977114723,89.35131076476078,1.0
H0450,2025-04,ME,5,5.613385522466804,93.99401792751097,85.05322257939554,1.0
H0451,2025-04,Computer Science,5,7.258402941158642,100.0,,0.0
H0452,2025-04,Civil Engg,7,6.211704042240644,87.62270573243518,82.41974418129156,1.0
H0453,2025-04,ME,3,8.017976658384843,93.1498604454255,,1.0
H0454,2025-04,CSE,5,7.167101739656351,87.06248308985937,97.967347543335,2.0
H0455,2025-04,CSE,4,7.061207783766568,91.94967053479353,85.24651015977365,1.0
H0456,2025-04,CSE,4,7.326506488744253,86.58814110369721,91.77222850344818,1.0
H0457,2025-04,EEE,4,6.5212671378127975,87.798811656537,87.46146202404708,1.0
H0458,2025-04,Electronics,4,7.670531106966952,86.5255364140463,98.16391472526588,2.0
H0459,2025-04,CIVIL,6,6.469855498930135,,87.70254141229661,4.0
H0460,2025-04,Mechanical,5,7.169199501605279,89.29727216371202,77.22053155441505,1.0
H0461,2025-04,Mech,5,7.918076992551661,86.47253105835411,99.02049461805942,0.0
H0462,2025-04,cs,5,7.239953840333624,90.4780077285739,,0.0
H0463,2025-04,EEE,7,6.151541384690757,100.0,95.14870268079476,
H0464,2025-04,Computer Science,8,7.594649440346469,90.1593536995217,92.70628868672722,1.0
H0465,2025-04,ME,6,6.855754732159852,94.19881799931402,87.64568070579625,1.0
H0466,2025-04,Mech,6,7.095286111899143,84.41552962779757,86.49978543027862,2.0
H0467,2025-04,ME,7,7.263872641433202,93.15233656093415,73.36968111724131,1.0
H0468,2025-04,EEE,7,6.435828034244899,90.95365252455748,74.69591160507582,2.0
H0469,2025-04,cs,3,7.445446383656204,97.47068072457527,91.10209641122285,0.0
H0470,2025-04,Electronics,8,7.1999591020500215,95.27069574107595,99.98223212048451,1.0
H0471,2025-04,ECE,3,6.052778331187763,90.32087875605711,72.62817267101748,0.0
H0472,2025-04,e.c.e,5,7.5096784403484005,79.53987931434403,90.61340486674908,2.0
H0473,2025-04,CSE,6,8.510564593496017,,96.30330403126688,2.0
H0474,2025-04,Comp Sci,5,7.770143339705146,98.48727682418753,91.55583869712851,1.0
H0475,2025-04,Comp Sci,4,7.659797804805113,82.32446603881884,85.21699039553249,0.0
H0476,2025-04,Computer Science,8,6.73527261119073,89.35807856894715,88.88921910550486,2.0
H0477,2025-04,Electronics,3,7.803786212626995,98.2345318664479,74.67097612421911,1.0
H0478,2025-04,Mechanical,4,7.059337256743905,85.63374159045027,100.0,1.0
H0479,2025-04,Mechanical,8,6.9683623611288015,82.28113992197852,100.0,1.0
H0480,2025-04,ECE,7,,74.57790972096416,83.93422408698407,3.0
H0481,2025-04,ECE,3,5.437819305858259,87.31919161448542,82.6383054522016,1.0
H0482,2025-04,CSE,7,6.955466194226995,86.22594929404745,86.19729169942364,1.0
H0483,2025-04,Mech,8,6.366075935910454,98.50064913778371,95.88139684763792,2.0
H0484,2025-04,CSE,3,7.570385673282003,92.4852244808048,89.3326680343842,0.0
H0485,2025-04,cs,5,7.414691360083393,100.0,82.13690812996347,0.0
H0486,2025-04,e.c.e,5,6.403221187355965,94.396214274273,88.31444989274489,3.0
H0487,2025-04,e.c.e,3,6.998344804630895,91.92531496250169,85.7877528276752,1.0
H0488,2025-04,Computer Science,4,7.95544223280754,80.28117964252931,87.38580513709032,2.0
H0489,2025-04,ME,4,6.495046977336556,97.08520343340868,87.14649264361857,0.0
H0490,2025-04,Mech,4,6.617338433832376,80.4359323316142,80.29264740550695,1.0
H0491,2025-04,ME,5,6.091531690141109,80.81283944825067,76.64043740826166,4.0
H0492,2025-04,ME,5,7.497844627014443,83.16735767838954,73.89089334091051,3.0
H0493,2025-04,Mech,4,6.253710691865985,87.55152379715967,81.760064712597,2.0
H0494,2025-04,Comp Sci,4,6.813881259706017,81.67894292741471,83.3823732766275,1.0
H0495,2025-04,Civil Engg,4,6.979122837072387,74.23069648195839,82.40703993405496,0.0
H0496,2025-04,e.c.e,7,6.763113566158971,100.0,92.99946129944806,2.0
H0497,2025-04,ECE,4,7.019000749287192,78.33573277040014,99.66638543740868,1.0
H0498,2025-04,ME,8,7.431610962581436,98.83928465051564,78.25206263655768,1.0
H0499,2025-04,ECE,6,5.883573710290609,92.27103235258849,90.57254149730838,6.0
H0500,2025-04,ECE,7,6.97195291257489,,81.10583296737259,1.0
H0501,2025-04,Mech,6,6.552502836147785,85.86835221018684,84.72954241448687,1.0
H0502,2025-04,Civil,4,7.059419414249404,76.52839067706114,81.83997346222301,1.0
H0503,2025-04,Electrical,6,5.793841821415682,85.4844216162792,76.6024383615209,3.0
H0504,2025-04,e.c.e,4,6.387361165694273,94.74440495633564,92.26367758101306,3.0
H0505,2025-04,e.c.e,3,7.123633841825362,90.30414666608303,77.98598350522417,0.0
H0506,2025-04,Civil,4,6.603484974529366,88.11144206971191,95.7091104852252,0.0
H0507,2025-04,Computer Science,4,,100.0,90.84372689745196,0.0
H0508,2025-04,CIVIL,3,7.0248548161289595,,89.36611878757643,2.0
H0509,2025-04,e.c.e,3,6.485553613808493,84.44173585972405,78.90207402495082,4.0
H0510,2025-04,Computer Science,8,8.973275614035199,96.06598625939118,100.0,2.0
H0511,2025-04,Computer Science,6,6.6516088926096115,88.69280339819959,88.21016841833523,1.0
H0512,2025-04,Civil Engg,5,6.8351387885123245,75.24834811685358,79.21700184301557,1.0
H0513,2025-04,Comp Sci,8,7.895470893569171,100.0,,0.0
H0514,2025-04,Computer Science,4,7.1472124448573675,92.27474783373286,84.16311883278225,2.0
H0515,2025-04,CSE,5,7.699844133611964,69.04858994148942,88.05330583484701,2.0
H0516,2025-04,cs,8,6.470721229138965,95.96873416833644,88.76770432422715,2.0
H0517,2025-04,Comp Sci,6,6.770737677932312,97.92789932038845,84.02319711332181,0.0
H0518,2025-04,Mech,5,6.242421600396274,90.76262496130076,74.97119557113083,1.0
H0519,2025-04,Computer Science,4,5.688433039452484,96.91573573010142,76.11183124402312,2.0
H0520,2025-04,Civil,3,,,86.04802365634745,0.0
H0521,2025-04,CIVIL,3,6.911494429321117,83.99800700803799,,0.0
H0522,2025-04,e.c.e,3,,87.03425181221466,94.82151636514419,1.0
H0523,2025-04,Comp Sci,7,6.533502776657672,100.0,86.42857995122465,4.0
H0524,2025-04,ME,6,6.888437491859116,96.0997399083766,89.90796334722475,1.0
H0525,2025-04,Computer Science,5,7.700681682135648,79.90762005864167,85.71197462909369,2.0
H0526,2025-04,Electronics,7,6.24849138764684,98.17510614870946,94.53652435438745,0.0
H0527,2025-04,EEE,3,6.564673981226771,80.72745787025059,76.5855597244802,0.0
H0528,2025-04,E.E.E,4,6.642107560261169,85.10896070332748,98.66484130791207,2.0
H0529,2025-04,Civil,5,6.785438120790061,89.35126928369691,87.88224819382896,2.0
H0530,2025-04,cs,8,6.88980633772853,100.0,77.758353744749,1.0
H0531,2025-04,Mech,6,6.689997462991816,74.83389759124866,79.85955481208002,3.0
H0532,2025-04,Mech,8,6.8243614833364665,83.38255898426769,86.40627790291714,0.0
H0533,2025-04,e.c.e,4,6.973120825729489,91.4452854825654,80.801767838487,3.0
H0534,2025-04,ME,8,6.924721419927643,,93.99356575863543,1.0
H0535,2025-04,Comp Sci,3,8.049971006446722,91.63390616801064,81.66345207910429,1.0
H0536,2025-04,Computer Science,4,7.312592924612206,97.4185723220578,79.97321586027051,1.0
H0537,2025-04,ECE,6,6.211889887924039,73.31999138958035,75.89434838320794,1.0
H0538,2025-04,Computer Science,3,7.027382481884146,86.66282258623133,90.48465084879516,3.0
H0539,2025-04,Computer Science,8,6.79019985275021,,91.01946083833562,3.0
H0540,2025-04,CIVIL,8,6.676561934503199,78.86341059396312,75.94754749592195,0.0
H0541,2025-04,EEE,6,7.323526098063305,90.1065093961868,91.60769193754943,0.0
H0542,2025-04,Mechanical,4,7.2288302716126775,83.45708493787853,89.42025873278573,0.0
H0543,2025-04,CIVIL,3,7.377984755313926,73.82436205267987,,0.0
H0544,2025-04,EEE,6,7.509745834040597,80.9249594172572,80.24169893720723,1.0
H0545,2025-04,cs,6,8.16987062117047,83.48509785723579,91.58095115444726,0.0
H0546,2025-04,ECE,7,6.766711912645886,95.32143304566668,80.74257767533058,2.0
H0547,2025-04,e.c.e,6,7.179800677503002,79.89232166299855,87.1204606310351,0.0
H0548,2025-04,Computer Science,3,7.506539490805266,98.85146123987504,82.19308333998683,0.0
H0549,2025-04,Civil Engg,3,6.71840295431138,79.47341120249482,78.68229847827872,0.0
H0550,2025-04,Electronics,7,7.277211058069746,92.8818220574853,77.32114422125129,0.0
H0551,2025-04,ECE,3,6.977428840602788,89.61404787255597,87.57883068054481,1.0
H0552,2025-04,CSE,8,7.213438624537871,88.86125601835963,85.01883213064495,0.0
H0553,2025-04,Comp Sci,3,6.779590048494167,97.24866618838432,94.11363431324952,1.0
H0554,2025-04,E.E.E,7,7.910166381608648,90.54150757017906,98.25125953729336,2.0
H0555,2025-04,CSE,8,7.851777338734269,95.71349581137466,83.87059960812975,0.0
H0556,2025-04,cs,5,7.767055375858373,78.54046978237764,80.54190875831794,1.0
H0557,2025-04,cs,3,8.078374944411154,81.29157238440729,92.67036138822911,1.0
H0558,2025-04,ECE,8,6.495063460180968,,94.34810960066424,1.0
H0559,2025-04,Mechanical,4,6.277794914938049,76.96802501499612,77.653373204273,3.0
H0560,2025-04,e.c.e,6,6.846576631440954,90.36596165997109,80.27219608729159,
H0561,2025-04,Comp Sci,8,7.327369791392543,89.89480605679134,85.68079959997998,1.0
H0562,2025-04,Comp Sci,7,7.4162922743407975,100.0,99.1481019697478,2.0
H0563,2025-04,Civil,3,6.040593836809673,92.52791860196696,79.63228896409302,2.0
H0564,2025-04,ME,7,5.853293392412992,82.07786919521354,89.10761099232428,1.0
H0565,2025-04,Mechanical,3,5.929882782215437,87.04546039859628,82.84125995354681,0.0
H0566,2025-04,ME,7,6.146421920201428,92.73076042877854,92.79472820751677,1.0
H0567,2025-04,CIVIL,6,8.068338515754444,95.62849220442467,91.15033358736548,1.0
H0568,2025-04,CSE,4,6.3559957734634835,90.32893178352876,92.54488063149353,1.0
H0569,2025-04,ECE,5,7.285065683403001,80.35011486887501,84.7010804555353,1.0
H0570,2025-04,ECE,3,6.088126165028302,86.08353566453032,77.83522834316679,1.0
H0571,2025-04,Computer Science,8,7.585922156639722,83.14750136406356,93.86453297654873,0.0
H0572,2025-04,Civil Engg,4,6.920149551576508,93.25522576566429,89.8961079539402,1.0
H0573,2025-04,ECE,4,6.67348246197024,92.63709348634065,80.14514536377638,2.0
H0574,2025-04,Civil Engg,6,6.358955717852243,78.85914379648075,80.03341807650496,1.0
H0575,2025-04,Civil,7,5.149849861517241,87.11366701343724,87.31609039338201,0.0
H0576,2025-04,ECE,6,7.949188305728096,89.53329884733182,73.41216887242942,0.0
H0577,2025-04,Electrical,6,6.3665259704433295,83.85660037077189,78.17174615268432,0.0
H0578,2025-04,Mech,6,6.058868882999799,78.74888633658601,83.72339134939523,2.0
H0579,2025-04,Civil,8,5.9225513964492436,75.62516803663347,78.42459364739304,0.0
H0580,2025-04,CSE,5,7.121598308664064,91.3087865032452,87.04926223569642,1.0
H0581,2025-04,e.c.e,7,8.330319018840733,90.11425246906423,71.34967266481287,2.0
H0582,2025-04,Electronics,7,6.668556216039861,89.81220457349788,82.71339328894008,1.0
H0583,2025-04,Computer Science,8,7.315152393099198,90.63300157696222,77.78042839636107,0.0
H0584,2025-04,e.c.e,8,6.963925909888966,76.60090729997574,91.78989587280869,1.0
H0585,2025-04,E.E.E,7,6.033595149781462,86.81765881889366,82.04713344220349,1.0
H0586,2025-04,Mechanical,4,7.234950697100444,85.81973121747181,77.82672316456731,0.0
H0587,2025-04,cs,7,7.307352715051074,82.79366268163798,77.51458356927282,1.0
H0588,2025-04,CSE,7,7.675097163490772,74.63702355164786,92.19779159488878,3.0
H0589,2025-04,Computer Science,4,7.454902576007176,77.52750167159677,,0.0
H0590,2025-04,cs,7,5.631010669727658,80.154720378191,89.34632795208434,2.0
H0591,2025-04,EEE,4,6.056431346228273,85.00376738247796,81.84023311078447,
H0592,2025-04,e.c.e,6,5.803751361226114,94.51221338888618,73.40596086187196,1.0
H0593,2025-04,Comp Sci,7,7.962237418400181,100.0,99.40600102234059,2.0
H0594,2025-04,ME,4,6.3958087583159315,,88.4310389511633,1.0
H0595,2025-04,Computer Science,5,6.285084077627127,89.01818378401748,89.24792368948569,1.0
H0596,2025-04,CSE,7,7.489185404405156,92.49527303226182,77.95741302925968,2.0
H0597,2025-04,Mechanical,5,7.121178222563238,92.97920205595825,100.0,0.0
H0598,2025-04,ME,8,6.220073285634592,96.96187051611754,89.25451883233484,0.0
H0599,2025-04,Electrical,3,6.4876441400413105,96.7570259014667,100.0,0.0
H0600,2025-04,Mechanical,7,6.742080402179905,94.64069665676948,87.55803127592411,0.0
C0001,2025-04,Electronics,7,6.096626154836778,84.92463779390931,86.69122129129693,2.0
C0002,2025-04,CIVIL,8,6.724550726596074,88.02365826274094,88.66562484706262,2.0
C0003,2025-04,EEE,3,5.849486893065673,83.9003134726419,72.54810052481339,2.0
C0004,2025-04,Mech,8,6.898068245095589,83.76605166980428,87.98670257102272,3.0
C0005,2025-04,E.E.E,5,6.247459497011544,78.45967004601779,87.99362061006671,
C0006,2025-04,Civil Engg,5,5.968752160702468,69.072471660454,84.6490702324992,0.0
C0007,2025-04,CIVIL,5,6.763527105211432,72.78147663594534,83.15501130312883,0.0
C0008,2025-04,Comp Sci,6,7.176070269325506,88.75193455940067,89.55412307081485,0.0
C0009,2025-04,Mechanical,6,6.499971918664329,85.14370528915731,95.02478001759744,0.0
C0010,2025-04,e.c.e,5,6.943297857173069,89.91428984770128,82.32527209611222,1.0
C0011,2025-04,ME,3,6.297514738852885,,81.65981585579406,3.0
C0012,2025-04,ME,8,6.51181259128451,91.69843829256395,89.16030530161157,0.0
C0013,2025-04,Electrical,4,6.3822462319190265,82.99394122737698,85.70189638055258,0.0
C0014,2025-04,Electrical,3,5.709779144131138,91.36325017266181,84.59004527896606,0.0
C0015,2025-04,cs,6,8.012580851490458,92.52057254967431,86.09303787617432,1.0
C0016,2025-04,ME,5,6.747132643859156,82.59290291478167,78.81432685101595,1.0
C0017,2025-04,Mech,6,7.23336524779126,96.09518307045336,76.54795562312698,2.0
C0018,2025-04,Computer Science,8,7.901145709864729,87.37379781074839,90.81263599356194,1.0
C0019,2025-04,cs,3,5.899235746903944,85.89780578144294,81.61449449991913,1.0
C0020,2025-04,Comp Sci,4,7.446837740882207,91.7267140606912,93.00842348335267,
C0021,2025-04,CIVIL,6,7.1878006985965035,92.19519120767816,86.64613818459397,1.0
C0022,2025-04,e.c.e,7,7.379720853382712,98.07878904492017,93.33361953468966,0.0
C0023,2025-04,E.E.E,6,6.889740662748378,78.3587118753568,81.2727036060754,0.0
C0024,2025-04,e.c.e,5,6.776352559562163,91.58503227735238,86.7746315596915,4.0
C0025,2025-04,Electrical,6,5.982068021702403,96.69569669984848,73.53493711503432,1.0
C0026,2025-04,Electronics,8,7.587852339203193,97.18968914340267,89.23086882820355,2.0
C0027,2025-04,Civil,5,6.46931075907894,76.69226744641186,86.3174714771122,0.0
C0028,2025-04,cs,8,5.7660464383913,98.27830571224602,95.20334111517282,1.0
C0029,2025-04,Mech,7,6.2028044787642465,86.73000193661944,80.42375655121683,4.0
C0030,2025-04,CIVIL,4,,76.91361001370319,91.63173254838414,1.0
C0031,2025-04,Electrical,4,6.198737090796339,77.28498441754722,95.30120875328468,2.0
C0032,2025-04,Civil,7,6.283627054114191,72.70027902278095,79.00387039782412,0.0
C0033,2025-04,Computer Science,4,7.942718248523191,88.88147655727406,88.81567825641937,2.0
C0034,2025-04,ECE,5,6.640162047764315,87.98576404143476,88.18797926528109,0.0
C0035,2025-04,Comp Sci,4,6.964252009634403,89.32693849071923,84.10418291615768,1.0
C0036,2025-04,cs,6,7.373778752620435,80.90719257566933,85.59401631641518,0.0
C0037,2025-04,ME,4,7.298093419701686,78.98513873983939,82.98976112704409,
C0038,2025-04,ME,6,7.223195875432529,90.15297430002087,88.21152089708461,1.0
C0039,2025-04,Civil Engg,8,5.659374758673774,89.47361291226915,78.11304988682062,0.0
C0040,2025-04,Civil Engg,7,6.797321865990901,83.8147542042935,75.42462165466443,2.0
C0041,2025-04,Mech,8,5.4601623060979,76.61858063208213,95.79574936509248,2.0
C0042,2025-04,Civil,3,6.07322326902559,81.35104541107346,87.97945551085944,0.0
C0043,2025-04,CSE,5,7.721406271441407,93.890665075085,80.5718159635428,0.0
C0044,2025-04,CSE,4,8.526439910426825,85.05321196447386,82.22279915711994,0.0
C0045,2025-04,Mech,8,6.128818643659622,88.76312654937574,66.85903447760708,4.0
C0046,2025-04,Civil Engg,7,6.379285608618499,83.23762485841807,77.85512361561653,0.0
C0047,2025-04,Comp Sci,4,6.893324741639267,86.35866945666923,78.3310855229195,1.0
C0048,2025-04,ECE,6,6.298641352216326,95.25263623887845,85.18557908163598,0.0
C0049,2025-04,ME,6,6.37013944439675,86.06799076331035,82.901908771943,0.0
C0050,2025-04,Comp Sci,5,6.530776998863301,80.94985658782393,76.55047510741812,0.0
C0051,2025-04,e.c.e,5,6.280417696992013,74.69684438323347,90.54193145872205,2.0
C0052,2025-04,Civil Engg,3,7.117166781072869,72.94630985409042,78.10357327108113,3.0
C0053,2025-04,ME,5,6.702408058507845,86.46085447637425,89.88909111984853,1.0
C0054,2025-04,CSE,5,8.218314783388884,90.45829453446125,83.64146082219565,0.0
C0055,2025-04,Civil,7,6.6088570061282965,98.4754595470417,90.92349374959963,2.0
C0056,2025-04,cs,8,7.684900999273639,93.47117241400201,84.38871219922324,0.0
C0057,2025-04,Civil Engg,7,,89.0200926662123,78.50616024690035,1.0
C0058,2025-04,cs,3,7.014608834715176,84.87433414648956,97.17470034733482,0.0
C0059,2025-04,ME,8,7.013654135923561,81.93776782997355,78.37240916191122,2.0
C0060,2025-04,e.c.e,5,7.215727185640762,92.98275603072157,94.17503193198439,2.0
C0061,2025-04,CSE,5,8.126632647405613,88.65332988191531,88.24563199304248,0.0
C0062,2025-04,Civil Engg,8,7.333492068681982,83.0591784692595,83.51642591440255,1.0
C0063,2025-04,Comp Sci,8,6.695252717213521,96.85785534857955,85.78383275301535,0.0
C0064,2025-04,cs,3,7.253419783511601,84.34908647745873,88.61075985037135,3.0
C0065,2025-04,Comp Sci,5,6.927770133136642,79.19679379701184,77.33612271983971,1.0
C0066,2025-04,Mechanical,7,7.0115224537446,100.0,87.61023753113867,2.0
C0067,2025-04,CIVIL,6,5.842566791649434,79.64234589800765,,0.0
C0068,2025-04,EEE,4,5.353654859279603,81.68627958348021,76.3423103140216,0.0
C0069,2025-04,Comp Sci,6,,99.9021690109295,93.7936667037353,0.0
C0070,2025-04,e.c.e,8,7.766542812748729,100.0,89.76847511320362,0.0
C0071,2025-04,CSE,4,7.759498306973935,89.87260746527414,90.11222133858416,0.0
C0072,2025-04,Mech,7,6.057859825030985,98.12774483267854,85.6310421901092,1.0
C0073,2025-04,EEE,7,7.033121287475903,86.9581879177069,87.86995894744575,1.0
C0074,2025-04,Mechanical,8,5.990605603834911,76.82108276859832,78.50147732803245,4.0
C0075,2025-04,ME,4,6.489217669667225,77.12026045836747,85.38098278172211,1.0
C0076,2025-04,Electronics,4,6.923451231447021,,96.75945718493162,0.0
C0077,2025-04,Electrical,6,7.12911993349055,91.30359350060024,65.24244757697572,1.0
C0078,2025-04,Electronics,6,6.356039986443866,88.79259454244273,78.2436145540101,
C0079,2025-04,cs,5,7.325052367738032,82.05354776394584,81.4769113019774,3.0
C0080,2025-04,e.c.e,7,5.146071950076665,81.54111536047732,76.63020612506463,0.0
C0081,2025-04,Computer Science,7,8.585118997507495,94.62477384205316,82.36885272718212,1.0
C0082,2025-04,Comp Sci,4,6.1635249172029,78.33998471243247,86.23397930227792,2.0
C0083,2025-04,Computer Science,7,7.600634236078321,79.89191004319926,97.38381427485021,0.0
C0084,2025-04,ECE,4,6.487452102182989,80.13626714507375,79.99101594848224,0.0
C0085,2025-04,ME,5,6.9435768387226755,87.06743767544513,96.65798871816753,2.0
C0086,2025-04,CSE,3,7.85901080540844,87.81688563452668,100.0,
C0087,2025-04,e.c.e,5,6.834395791489535,96.39994553642165,88.1500417942848,2.0
C0088,2025-04,Electrical,8,6.620347067114877,99.86120341243821,82.84332933487191,3.0
C0089,2025-04,CIVIL,5,6.562120262568781,87.01387928727944,74.02202597782566,3.0
C0090,2025-04,Electronics,7,5.562293336424458,74.2939164453477,82.11626282493253,2.0
C0091,2025-04,Comp Sci,3,8.10542649966677,92.94480345631358,93.68598892945363,1.0
C0092,2025-04,CIVIL,6,6.23572014903683,80.55230118393587,86.06052428155934,2.0
C0093,2025-04,CSE,5,6.979122650441615,64.94723758420778,97.79493216260923,1.0
C0094,2025-04,CSE,7,6.6538211764036586,100.0,100.0,1.0
C0095,2025-04,Electrical,8,6.590025556391479,75.2306833887533,91.06714396770481,2.0
C0096,2025-04,Electronics,6,7.126628368340954,100.0,87.41985490720678,1.0
C0097,2025-04,Mech,3,7.254334992570921,88.27612653459225,83.26957752596186,0.0
C0098,2025-04,Mechanical,5,6.194469102730805,94.704364175735,77.28371774734164,2.0
C0099,2025-04,Mech,3,6.484335839605913,97.65411080174634,92.07165382078281,2.0
C0100,2025-04,cs,5,7.413048920924012,96.11691279905459,84.36678055857593,1.0
C0101,2025-04,Computer Science,3,7.389372214378617,89.23355971770272,82.46372988599624,2.0
C0102,2025-04,cs,6,7.664950531078455,90.70427421040458,85.11671204995201,2.0
C0103,2025-04,cs,4,7.541351988191004,92.33738214417704,92.21216730449375,1.0
C0104,2025-04,Civil Engg,4,6.05468372294035,73.23923257866312,77.85190260663828,3.0
C0105,2025-04,CSE,3,8.513415020463933,85.08474945267884,100.0,1.0
C0106,2025-04,Mechanical,8,5.517499870911085,68.35978706728935,73.4216576485348,1.0
C0107,2025-04,Civil,8,5.924388680129052,,94.06769660754715,1.0
C0108,2025-04,Civil Engg,7,7.18765203028916,77.92053410167719,82.72730591817646,1.0
C0109,2025-04,e.c.e,3,7.63450301803966,93.47667041711405,78.646556035958,0.0
C0110,2025-04,Electronics,5,5.771193438958095,65.98810937263337,84.9369468397588,0.0
C0111,2025-04,E.E.E,8,6.528333730319155,84.77825927133246,90.41428424788795,0.0
C0112,2025-04,Mechanical,6,6.669522516152519,85.32820280427481,84.02003572084966,1.0
C0113,2025-04,Civil,3,6.1581032975694,88.5589942959602,87.10274301644239,0.0
C0114,2025-04,Electrical,3,6.868920455402348,72.37130338494521,,2.0
C0115,2025-04,Civil Engg,4,7.485107068453422,97.55062892870995,85.29009660702833,1.0
C0116,2025-04,CSE,8,7.742882729952843,88.75658619696374,82.37676925794005,0.0
C0117,2025-04,ME,4,6.867176423782381,82.25482293470009,77.54900468233014,4.0
C0118,2025-04,Computer Science,8,7.551314274077385,79.12485707587592,89.87060293066135,1.0
C0119,2025-04,Mech,7,8.722384877396971,88.0381022609435,91.99990660111888,3.0
C0120,2025-04,Electrical,8,6.525841918397384,72.29319242649606,89.84529573645679,0.0
C0121,2025-04,e.c.e,7,6.466842001382107,85.3419040005981,78.86323499298032,1.0
C0122,2025-04,e.c.e,4,8.251360800227287,73.93899013437944,94.92202583528703,2.0
C0123,2025-04,cs,7,6.640584336100645,82.222828127739,98.8826718441215,0.0
C0124,2025-04,E.E.E,4,6.91467523885291,84.2011210042258,85.98387558302187,1.0
C0125,2025-04,Computer Science,4,8.049402341658071,81.65612151565959,,1.0
C0126,2025-04,CSE,4,7.440776446005429,82.19272196650061,77.98267830256457,3.0
C0127,2025-04,Computer Science,3,7.079606602705103,85.38795042711152,85.43827981744954,0.0
C0128,2025-04,cs,3,7.443714143144353,88.75202656465862,73.93648667638733,0.0
C0129,2025-04,ECE,4,7.055339108092307,93.71166590546763,85.49439464997391,0.0
C0130,2025-04,ECE,3,6.710279495888638,97.07973689150532,87.74370992082633,1.0
C0131,2025-04,CSE,5,7.466094509542138,97.39328263575393,91.00306816607511,0.0
C0132,2025-04,cs,3,6.144173250554848,97.08202318465361,75.1131372966123,1.0
C0133,2025-04,Comp Sci,3,,98.62412449516017,75.60224515727988,1.0
C0134,2025-04,e.c.e,8,7.084018717475655,82.37741257133312,86.55217386265359,3.0
C0135,2025-04,Computer Science,3,7.092480594515058,84.07288062083558,100.0,0.0
C0136,2025-04,Mechanical,3,7.405653172466161,100.0,95.83633308768316,2.0
C0137,2025-04,Comp Sci,3,7.219784932494645,90.17101720565984,89.04287693606273,1.0
C0138,2025-04,cs,3,6.582925391498158,78.54475235705199,80.4948526692415,1.0
C0139,2025-04,ECE,6,6.598699092821843,91.22882888848868,82.06952635103714,0.0
C0140,2025-04,Electronics,7,6.709391297369667,,87.60245989874166,1.0
C0141,2025-04,cs,7,6.763034521067185,92.63869126440268,80.749423238409,0.0
C0142,2025-04,Computer Science,6,6.28122953948573,85.77565450154867,83.98126039469122,3.0
C0143,2025-04,Civil Engg,3,,92.82430333408617,81.86276545691774,2.0
C0144,2025-04,Comp Sci,7,7.299663321955265,79.91150692562935,95.71715055982973,1.0
C0145,2025-04,ECE,3,6.94146790791323,89.44721789893188,94.32700271493016,1.0
C0146,2025-04,e.c.e,6,6.863422184370228,84.05389171423691,95.53029754460418,2.0
C0147,2025-04,Computer Science,5,7.235108085557921,80.81422416221328,76.27773645240904,2.0
C0148,2025-04,Electronics,8,6.175903959353652,80.05544040578684,83.43446541699579,2.0
C0149,2025-04,Civil,4,7.757981659491484,88.10389024828848,88.39516368235083,1.0
C0150,2025-04,CIVIL,6,6.180507701164987,87.6892577784426,83.01454966053555,0.0
C0151,2025-04,Computer Science,5,7.603284614680432,95.56114646083172,82.43423566850231,0.0
C0152,2025-04,CSE,6,7.5539033088496605,78.61620148439361,96.56852926647588,1.0
C0153,2025-04,Comp Sci,8,6.52970621711944,100.0,100.0,
C0154,2025-04,ECE,7,7.669604483277846,87.97106004679064,78.63883339821832,3.0
C0155,2025-04,Mechanical,5,6.601127999887567,88.5847952000517,78.70415367492129,0.0
C0156,2025-04,CSE,5,7.134966447450237,94.50937038576593,79.42574653024137,0.0
C0157,2025-04,CSE,7,7.513661272016398,75.20117089141087,84.40146920617724,1.0
C0158,2025-04,Electrical,5,6.953754986912962,100.0,97.6734688058709,0.0
C0159,2025-04,Comp Sci,4,7.244264607889117,83.89862927507816,83.64398729272965,0.0
C0160,2025-04,e.c.e,5,6.423974493795537,92.97701591481965,85.56177020318655,4.0
C0161,2025-04,Mechanical,3,7.597439300357172,93.37241650331006,100.0,1.0
C0162,2025-04,cs,4,6.530289114063624,83.52158282553269,88.12371694565466,0.0
C0163,2025-04,Comp Sci,5,7.356012934237542,93.63658555718911,93.3454368798839,3.0
C0164,2025-04,CSE,7,6.687091136382702,85.53851422770735,82.0388685797124,3.0
C0165,2025-04,E.E.E,7,6.199160740714581,87.60348098965517,81.57486693036135,0.0
C0166,2025-04,CSE,4,6.989475161019081,93.42939089064286,91.56409381849375,1.0
C0167,2025-04,CSE,5,6.440626040572142,89.0873659620896,95.47380211675426,1.0
C0168,2025-04,Computer Science,3,7.15358638840299,90.82716396883393,77.20922753587571,1.0
C0169,2025-04,CSE,7,8.464104715077342,88.1826789524879,94.20098507632751,0.0
C0170,2025-04,Mech,4,6.913806315737299,75.89144944897589,79.24161437168485,0.0
C0171,2025-04,Comp Sci,7,7.88282818014959,95.06211458871573,75.49162061569058,1.0
C0172,2025-04,Mechanical,8,6.908888211286709,80.2664046756856,82.29135826751906,1.0
C0173,2025-04,Mech,7,5.6932509108882075,93.35072753735088,82.76890354972778,1.0
C0174,2025-04,Civil Engg,4,6.605632226564293,79.51315206813486,86.91425448820867,3.0
C0175,2025-04,Comp Sci,8,8.13737081989193,90.7457223928115,96.71709045707725,0.0
C0176,2025-04,Civil Engg,7,5.959672666064462,90.20379755329797,87.88559035552377,1.0
C0177,2025-04,Mechanical,6,6.014921560185012,93.76895069210066,77.06133987218084,0.0
C0178,2025-04,CSE,8,6.382147394740752,89.00532900164721,81.60594416154866,2.0
C0179,2025-04,Civil Engg,8,6.745228776695149,100.0,92.32396287629672,0.0
C0180,2025-04,CIVIL,3,6.824802776850243,72.89674907683371,89.69829606460448,2.0
C0181,2025-04,Comp Sci,8,6.939115013213212,,94.71701289211765,4.0
C0182,2025-04,E.E.E,7,5.9272634239099435,72.12729153844961,81.12971493706273,1.0
C0183,2025-04,ECE,4,7.272698975867014,74.62527703228076,97.55909491677588,5.0
C0184,2025-04,Mechanical,4,6.5186110152612144,75.24300000766817,84.48199627148301,3.0
C0185,2025-04,EEE,7,7.116061645910734,85.06923117699748,100.0,0.0
C0186,2025-04,ECE,4,6.03047181667737,79.75326519815637,84.11798346415243,0.0
C0187,2025-04,Civil Engg,5,7.509327154893027,84.35822747143659,89.75147200903324,1.0
C0188,2025-04,Comp Sci,7,7.311177133357089,77.44478622917973,96.31683938915846,1.0
C0189,2025-04,Civil Engg,6,6.172268796493221,83.58860208281202,76.43353862352107,1.0
C0190,2025-04,Mech,8,6.162080404783566,91.79432388108683,84.95316705994918,3.0
C0191,2025-04,cs,3,6.2562263351223555,82.5101720502654,79.44767180840087,2.0
C0192,2025-04,Electronics,4,5.9472693197104896,83.85194860532627,,0.0
C0193,2025-04,Comp Sci,8,7.195666644321229,97.59598660530732,,4.0
C0194,2025-04,cs,6,7.412525507387405,94.055342733228,,1.0
C0195,2025-04,cs,4,6.6145348721658035,83.10869196197194,91.97109543747561,2.0
C0196,2025-04,CSE,4,7.131420903145284,99.42282467271528,87.3930591010317,1.0
C0197,2025-04,cs,5,6.474224461664629,84.12087625421853,89.55134306281434,2.0
C0198,2025-04,Comp Sci,6,6.52118959740222,90.7529677637388,88.34665785772867,1.0
C0199,2025-04,Mech,4,7.4932030508677485,77.47658812769018,91.30513249200831,2.0
C0200,2025-04,Mechanical,6,6.304038582172841,79.56231107900797,78.57773625516226,3.0
C0201,2025-04,ME,5,6.373825802509102,75.65422238177302,88.6226379405179,
C0202,2025-04,CSE,6,6.384016692365664,86.38259328711366,79.43972822201894,0.0
C0203,2025-04,CIVIL,3,7.3549063188448685,82.50871194924991,93.03501819061034,0.0
C0204,2025-04,Mech,6,6.922384705744323,80.46604004392,,0.0
C0205,2025-04,Comp Sci,8,5.920359413650383,87.17760104004927,80.9613405553999,1.0
C0206,2025-04,Comp Sci,3,7.785550855720166,100.0,100.0,3.0
C0207,2025-04,Mechanical,4,6.383677827515996,82.06555576300394,92.250591190058,0.0
C0208,2025-04,Comp Sci,7,7.561795402658027,88.94036013438051,81.93433597150482,0.0
C0209,2025-04,e.c.e,6,6.209457842807567,84.14109287315986,76.72917794636216,2.0
C0210,2025-04,EEE,7,6.294097633630932,74.64303675739286,74.99254758133165,2.0
C0211,2025-04,Comp Sci,6,7.117850128579408,83.02900254189328,87.1144411942988,2.0
C0212,2025-04,CSE,7,7.968736410957669,98.38769605779311,82.53087278257217,1.0
C0213,2025-04,Electrical,6,6.068148714993981,81.86934112358311,85.41088338350633,2.0
C0214,2025-04,Mech,3,7.258521865369754,,90.93532621321998,1.0
C0215,2025-04,cs,7,8.05494339031823,86.12108049677454,100.0,1.0
C0216,2025-04,Civil Engg,5,6.35483647486828,80.33535592604673,74.73082392040494,1.0
C0217,2025-04,Civil,3,7.321669001334207,100.0,69.5641801259746,2.0
C0218,2025-04,Electronics,5,6.193157171040218,96.0863376658321,82.16068124221181,0.0
C0219,2025-04,Mech,5,7.024773961370293,,77.36641720245477,2.0
C0220,2025-04,cs,3,7.630796583932899,87.3124263969438,83.28895440817053,0.0
C0221,2025-04,Comp Sci,8,7.244546790594939,72.19342224824479,87.58279219736166,3.0
C0222,2025-04,Mechanical,4,7.185289782132076,89.31781441779187,88.56791443088639,0.0
C0223,2025-04,cs,4,7.686084417655899,85.58312039724571,90.0685354761148,1.0
C0224,2025-04,Mechanical,5,6.768102439411748,84.98380164249691,80.81414116030172,0.0
C0225,2025-04,Civil Engg,7,7.081387450614976,76.04887597996346,86.32732903334134,0.0
C0226,2025-04,CSE,7,8.11978924140663,99.92426104703348,89.47611004073896,1.0
C0227,2025-04,ME,7,7.009186015284874,79.33510212760038,81.90115387908035,2.0
C0228,2025-04,CSE,4,7.494010916244429,90.71807951586898,79.95646035472112,3.0
C0229,2025-04,Civil Engg,8,8.17608685423259,86.58841889466896,84.09594006850749,1.0
C0230,2025-04,CSE,7,7.261481732131545,99.60325926416252,90.84979666843077,0.0
C0231,2025-04,ME,5,6.703869288714737,91.82572046417981,88.40724572545226,0.0
C0232,2025-04,Mech,6,6.793964124608021,83.98713132531805,74.70400533676374,1.0
C0233,2025-04,Electronics,3,6.362667233149725,82.40873899157857,80.70095584734574,
C0234,2025-04,ME,7,,78.36833738030413,79.75079282723182,0.0
C0235,2025-04,ME,8,6.52876961367376,72.4750419976299,90.95097012462702,2.0
C0236,2025-04,ME,5,6.064014157713198,73.12172828199535,,1.0
C0237,2025-04,Civil Engg,6,7.287465831764696,87.02537571755927,77.55574214442422,3.0
C0238,2025-04,Electrical,5,5.981758411002061,90.5120092937114,79.98751628547629,0.0
C0239,2025-04,e.c.e,3,6.233172723343097,95.26092162309786,69.14420954871991,0.0
C0240,2025-04,ECE,6,7.259062599912655,85.99859817460593,82.4740490379373,1.0
C0241,2025-04,Computer Science,7,8.051428070540883,87.7044321829066,89.27600822608812,2.0
C0242,2025-04,Civil,8,5.6243180999514415,80.07988581872665,85.96878966228556,1.0
C0243,2025-04,Electronics,8,7.10249630411743,79.8458641975551,77.73394328786465,3.0
C0244,2025-04,Electronics,5,6.728394341904407,93.15595937122066,86.53858808209557,0.0
C0245,2025-04,Comp Sci,8,6.30572049614661,82.05909446032258,90.42535243996998,
C0246,2025-04,CIVIL,6,6.157746617553043,88.11604967310251,92.21648970572683,1.0
C0247,2025-04,e.c.e,6,6.337404239193025,84.95025950019883,81.14608606804998,0.0
C0248,2025-04,Mechanical,6,6.347188365756341,84.73122932766958,89.19384888906197,0.0
C0249,2025-04,Computer Science,8,6.831751994427073,85.82968046975363,78.59396276650219,0.0
C0250,2025-04,E.E.E,7,6.639125097497651,95.47760385951536,89.01376233554349,2.0
C0251,2025-04,Computer Science,3,6.914373957436982,93.75097629012606,90.62270616639664,0.0
C0252,2025-04,CSE,3,7.883348788614391,92.28314460423887,76.37732728072648,2.0
C0253,2025-04,Civil Engg,5,6.1372993074296005,89.89352246973186,82.5034837839622,2.0
C0254,2025-04,E.E.E,6,7.255560783075324,82.23965378471254,93.81768268723334,0.0
C0255,2025-04,CSE,7,7.177967468924155,,77.51960246791025,1.0
C0256,2025-04,e.c.e,5,6.549195783177781,94.44366832021609,86.60174096186971,1.0
C0257,2025-04,Mech,6,6.695471440163844,83.01564137298794,91.02034091654536,0.0
C0258,2025-04,Civil Engg,8,5.515453722859816,85.70912790702285,90.66291045641128,1.0
C0259,2025-04,ECE,5,7.024077338969613,83.54775049660024,86.33523554208551,
C0260,2025-04,Electronics,5,6.430146286045672,,79.92893652363621,1.0
C0261,2025-04,Mechanical,6,6.613924174913244,87.39117791639576,89.27278343397849,2.0
C0262,2025-04,Mechanical,5,5.950228602151245,76.18509021221377,83.00299622119581,2.0
C0263,2025-04,CIVIL,8,6.430596795520202,83.45862792507471,74.7063428487154,1.0
C0264,2025-04,Mechanical,8,6.41586582695015,98.1219913959937,85.14593033898062,2.0
C0265,2025-04,cs,6,6.529207766024173,84.76377915862885,73.9597148134333,2.0
C0266,2025-04,E.E.E,5,7.302491755692202,93.3272958676398,,1.0
C0267,2025-04,CIVIL,6,6.791380591969767,99.75140551735603,85.28068071656082,0.0
C0268,2025-04,Civil,4,,86.00569507226783,76.99499076272413,1.0
C0269,2025-04,CSE,5,7.468027079689359,100.0,100.0,0.0
C0270,2025-04,Comp Sci,4,7.045543983932376,80.711055231183,80.78385885846895,0.0
C0271,2025-04,Mech,3,6.015952868350165,86.77300196346475,86.46012168736559,4.0
C0272,2025-04,cs,3,6.629674112575392,89.50432776634065,84.50341466192667,1.0
C0273,2025-04,EEE,6,6.78696963313229,83.35375585080732,82.63598186772158,0.0
C0274,2025-04,e.c.e,3,6.3518611418267055,81.56003241348638,81.29084525452059,0.0
C0275,2025-04,ME,6,6.653308053021726,88.68919077884989,78.1896642724264,0.0
C0276,2025-04,CIVIL,5,7.038527895217029,85.5196924109118,85.67246915490274,0.0
C0277,2025-04,ECE,5,6.504043240988843,87.68331470098403,93.54808872630323,1.0
C0278,2025-04,CSE,7,6.691842824542614,100.0,100.0,2.0
C0279,2025-04,Mech,6,5.862795529368987,83.3625495219586,88.15000749385636,1.0
C0280,2025-04,Mechanical,7,6.25707619292208,75.5959479580374,79.92047308042149,1.0
C0281,2025-04,ECE,7,7.522467861651862,82.9746901719901,91.53372716962923,0.0
C0282,2025-04,Mechanical,3,7.182283805716846,85.14686634861526,85.69135093881886,2.0
C0283,2025-04,EEE,4,7.74858476175451,76.94925416157125,90.42632765343956,3.0
C0284,2025-04,Electronics,6,7.560118611521274,86.99056155688655,74.5176066600962,1.0
C0285,2025-04,cs,8,7.145568984550272,,75.55985925938934,4.0
C0286,2025-04,Electronics,3,5.608738462390733,95.13320048568731,89.38245961218371,1.0
C0287,2025-04,e.c.e,3,7.074314210187966,87.77444793841529,85.99388162200076,0.0
C0288,2025-04,CSE,8,6.099423707183659,91.5188643293379,83.37974131841754,0.0
C0289,2025-04,CSE,8,7.541818913964711,97.21782292278844,90.16662941245916,3.0
C0290,2025-04,Mechanical,4,5.638021820375202,100.0,70.253057177489,0.0
C0291,2025-04,Comp Sci,5,6.45550452934592,87.84286927802675,97.15565124696455,3.0
C0292,2025-04,Electrical,6,7.33582849653344,78.779572968002,75.97306646189539,1.0
C0293,2025-04,CSE,4,6.844310522876068,85.376086207835,75.55115397761851,3.0
C0294,2025-04,Comp Sci,4,6.7429413012820305,80.69891152839767,95.11490563431278,3.0
C0295,2025-04,CIVIL,5,5.996957309558833,88.96588443133525,100.0,0.0
C0296,2025-04,Civil,6,7.008897843641131,92.91625088366767,78.14457956345706,1.0
C0297,2025-04,cs,4,7.702601041232681,86.3813431840683,88.15781012859213,0.0
C0298,2025-04,Computer Science,5,7.545757989992771,82.97386597063861,100.0,2.0
C0299,2025-04,Comp Sci,4,8.176712432063832,85.04511321193785,77.44665629400984,1.0
C0300,2025-04,ECE,7,6.700301684445192,94.59920082849236,87.03368520604965,1.0
C0301,2025-04,Electronics,3,,81.49664221476307,92.05244044036338,0.0
C0302,2025-04,cs,4,6.806044583289314,100.0,83.29838103776967,2.0
C0303,2025-04,CSE,4,6.989799285780376,,97.83024248928582,1.0
C0304,2025-04,Electronics,8,6.822099590982701,77.14773923203737,88.71280290574614,0.0
C0305,2025-04,EEE,8,7.786806627905187,80.07826615839252,79.18620742513208,1.0
C0306,2025-04,Mechanical,6,7.0714553428748,99.12966652952906,79.56730418789576,0.0
C0307,2025-04,e.c.e,3,6.416099714214532,81.52912421484771,78.09181062564883,1.0
C0308,2025-04,Comp Sci,7,6.450684797981086,85.84454997779113,84.8248624519183,0.0
C0309,2025-04,Computer Science,5,6.724923918232486,100.0,87.71656229472204,0.0
C0310,2025-04,Computer Science,8,7.82323941503984,64.51360981241132,97.72653353647424,3.0
C0311,2025-04,CIVIL,5,6.5869161608701585,88.68804681732553,81.5272147515508,0.0
C0312,2025-04,Civil Engg,8,6.327763460726397,83.26506178339665,85.24714134638646,2.0
C0313,2025-04,E.E.E,7,7.268611424506541,100.0,98.64883609374675,
C0314,2025-04,EEE,4,6.478535752920006,83.084553814436,93.02416008735766,0.0
C0315,2025-04,EEE,7,7.033388415665235,79.67379165777459,85.24268456961339,2.0
C0316,2025-04,EEE,4,7.305498626491607,92.53559886174102,84.48717959460937,2.0
C0317,2025-04,Computer Science,5,6.677758023593516,89.00756500533525,74.21915602837872,1.0
C0318,2025-04,Computer Science,4,7.950933775746846,92.87511420516189,85.70845615139189,2.0
C0319,2025-04,Comp Sci,7,6.9247483768931986,86.99131864779191,100.0,1.0
C0320,2025-04,ME,4,6.793526822593429,82.09036311216805,81.15281400356454,2.0
C0321,2025-04,Comp Sci,6,7.853209622549396,80.60181401689074,94.64830506237493,
C0322,2025-04,CIVIL,6,7.27769216870325,88.44863098088905,80.54034625391033,2.0
C0323,2025-04,Mechanical,7,6.172962808224514,85.77385658844906,89.07292686595413,0.0
C0324,2025-04,e.c.e,8,6.8935754016759985,90.91458401363097,94.43986634996118,3.0
C0325,2025-04,CSE,3,7.718292528736496,100.0,85.35178465178134,3.0
C0326,2025-04,cs,8,6.372401415910978,100.0,83.22816416656023,2.0
C0327,2025-04,CSE,3,7.4222016032956395,88.59753219561445,92.58901405435563,2.0
C0328,2025-04,CIVIL,6,6.9787797160983995,82.72178431687273,90.50312105588858,2.0
C0329,2025-04,Mech,5,6.528026983361646,96.53127657160393,91.77774916957989,0.0
C0330,2025-04,Mechanical,6,6.5781864917333595,91.27604077615494,84.37273793996104,2.0
C0331,2025-04,Computer Science,7,7.518335206590698,91.98885433091796,81.14627158313135,2.0
C0332,2025-04,Electronics,8,6.6537599572229515,94.24433447514588,87.27543895522504,2.0
C0333,2025-04,Electronics,5,6.954410991648484,79.11000264232644,78.4586317710024,3.0
C0334,2025-04,Civil,8,5.88341942732364,91.7288587024667,88.03077143751847,0.0
C0335,2025-04,Civil Engg,4,6.242616746932327,80.78199053082032,76.52793858537122,1.0
C0336,2025-04,CSE,4,7.110795040887421,87.67176016903089,82.29652463710633,0.0
C0337,2025-04,Electrical,5,7.937021757595749,,85.95743604365022,1.0
C0338,2025-04,cs,6,7.849587882293271,96.44462258764932,97.80155346754012,0.0
C0339,2025-04,Civil,7,6.788204244940847,66.09014682282314,73.12526613998894,2.0
C0340,2025-04,Comp Sci,7,6.636667951171278,99.61067751983725,,0.0
C0341,2025-04,Computer Science,4,6.790914851610315,94.43185862155535,82.29925937843859,1.0
C0342,2025-04,Civil,4,7.029983395221479,80.16268634188964,88.7487283466824,1.0
C0343,2025-04,cs,8,6.886636479807281,83.17976869811477,78.97892411356209,1.0
C0344,2025-04,Electronics,5,7.592453436757053,89.22849326026615,77.76635299585041,0.0
C0345,2025-04,Electronics,4,7.597766702603375,85.43828518293311,81.92092355834268,
C0346,2025-04,Comp Sci,8,8.025764155960529,79.42203582827946,91.43436139331331,1.0
C0347,2025-04,Mechanical,5,5.82864123856087,75.52305920118339,69.84341651447492,2.0
C0348,2025-04,Civil Engg,8,,89.83107519778686,90.53208328778742,1.0
C0349,2025-04,CIVIL,8,6.355685460268795,76.91783864692108,89.26237896704659,0.0
C0350,2025-04,cs,8,8.24065341890202,87.15549200109672,91.27548987703541,2.0
C0351,2025-04,ECE,6,6.209393072630343,87.93446229198553,86.02114702626118,0.0
C0352,2025-04,cs,7,7.0684184152626255,89.36338567971772,86.76959542450584,3.0
C0353,2025-04,Computer Science,8,7.681005180720965,,81.95256200401121,1.0
C0354,2025-04,cs,4,8.251815757147877,82.76954054247564,83.44882169098511,1.0
C0355,2025-04,E.E.E,3,7.085866077177591,76.41244909909976,80.67353373285587,0.0
C0356,2025-04,Civil Engg,4,6.52191587816011,89.66804869334456,75.56856753298952,1.0
C0357,2025-04,Civil Engg,6,6.397855108780517,74.9948790236957,90.88148515311707,1.0
C0358,2025-04,ECE,6,5.351453331949803,99.66752956517772,73.23630040149467,1.0
C0359,2025-04,ECE,3,6.258533430138314,83.0072751204319,80.39531285265737,1.0
C0360,2025-04,e.c.e,6,6.165922977023772,87.09375425188145,81.63093480594931,1.0
C0361,2025-04,Electronics,4,6.262638536844827,79.438583144348,85.80917785605004,2.0
C0362,2025-04,ECE,6,7.057054919502861,90.93628981613757,81.52604468543997,1.0
C0363,2025-04,Computer Science,6,7.675864652402012,72.51892206691453,81.82722999259101,
C0364,2025-04,Comp Sci,6,8.411801497733673,94.10801589530293,96.80294607826188,2.0
C0365,2025-04,Electrical,5,6.076424856854366,82.1220464094354,100.0,0.0
C0366,2025-04,ECE,5,6.01936557093441,100.0,99.64524560684727,0.0
C0367,2025-04,E.E.E,7,6.820974736342554,84.81330878985037,84.74201557005301,3.0
C0368,2025-04,CSE,7,7.365145495724232,81.90326553260131,75.62102882623357,0.0
C0369,2025-04,Mechanical,7,5.69741735261238,92.74848787932919,71.91058585540051,0.0
C0370,2025-04,CSE,5,7.414003461606368,91.21068994173825,95.72841818868312,1.0
C0371,2025-04,cs,5,6.915432023009278,77.59156779495588,88.46838751689587,3.0
C0372,2025-04,Computer Science,4,5.858124929101172,100.0,86.72823728524985,2.0
C0373,2025-04,Comp Sci,6,7.782780601966713,80.27725555936372,91.64251818307602,1.0
C0374,2025-04,Electrical,3,6.545093721335155,83.22097511120188,80.61082260175715,
C0375,2025-04,CSE,5,,90.36484407463246,86.82557060458505,1.0
C0376,2025-04,ME,4,6.9851574940651195,87.75406458747116,89.68039782481988,
C0377,2025-04,ECE,6,5.523167866618795,91.62184163131228,94.89950530515614,1.0
C0378,2025-04,Electronics,8,6.207316035965506,75.36781601438614,96.56920860829928,3.0
C0379,2025-04,ECE,8,6.402468558139255,,87.82063784898997,4.0
C0380,2025-04,Computer Science,5,7.8125486323177435,82.93104288893825,85.5452186498537,0.0
C0381,2025-04,E.E.E,3,7.458269953033927,,86.67787643719885,4.0
C0382,2025-04,Civil Engg,4,6.778156785540492,93.24865463273362,93.23674508844825,2.0
C0383,2025-04,Mechanical,3,7.142343651033976,83.92523015500606,98.66807494845119,1.0
C0384,2025-04,e.c.e,7,6.182500729270642,82.21763004657593,91.1986923464278,1.0
C0385,2025-04,Comp Sci,8,7.984010133743242,85.5353963662091,85.24091667343777,3.0
C0386,2025-04,Electrical,6,5.858401226821341,75.88043535971636,91.58271111026565,1.0
C0387,2025-04,Comp Sci,4,7.534624958905171,96.00432440417093,86.27347888583193,1.0
C0388,2025-04,CSE,3,7.211017919300322,80.56347255116076,95.03185003673363,0.0
C0389,2025-04,Comp Sci,8,6.823851050594825,86.17764700484653,94.430047070379,3.0
C0390,2025-04,Civil,4,6.868279326694994,94.10916316026601,94.21802654652882,1.0
C0391,2025-04,Mech,3,6.150012596578945,,81.85053568725496,1.0
C0392,2025-04,Civil Engg,4,5.87368176706967,85.2920917011713,75.49809459966883,3.0
C0393,2025-04,CIVIL,4,6.414519880829381,77.53377990196914,82.91406042706805,3.0
C0394,2025-04,CSE,6,7.792123959875202,92.93132568640263,93.46674536411932,3.0
C0395,2025-04,Electrical,8,4.599006372946999,,73.76200662212496,4.0
C0396,2025-04,Electronics,4,7.838899417829171,80.20420925728303,72.46789524954326,2.0
C0397,2025-04,Mech,7,6.255557882115667,87.97100846028012,,2.0
C0398,2025-04,Comp Sci,3,6.509351926629257,92.53229423561484,78.69408688248396,1.0
C0399,2025-04,Electrical,3,5.467783905653905,73.38887328350914,83.43850412888952,3.0
C0400,2025-04,Comp Sci,3,7.112964441230222,88.80309183111585,89.70593161977357,0.0
C0401,2025-04,Computer Science,8,6.290592629238056,80.38223683065604,79.45958828875528,0.0
C0402,2025-04,Electronics,6,6.708017637395706,92.03600530086344,84.00218875944346,2.0
C0403,2025-04,Comp Sci,7,6.879935423243976,69.25340873486549,97.52163223660477,2.0
C0404,2025-04,cs,3,7.3865529654070246,92.0632248293785,75.75991604748839,4.0
C0405,2025-04,Mechanical,3,6.617301763449327,75.17524609217281,92.301231298393,0.0
C0406,2025-04,Electronics,8,6.941665075746193,82.24253194364327,85.2489911022705,1.0
C0407,2025-04,E.E.E,3,7.297502431585285,95.7942453731949,78.15300510172716,0.0
C0408,2025-04,Comp Sci,3,7.081558315484671,76.3279156579828,90.18092856280543,1.0
C0409,2025-04,Mechanical,6,6.231559858562714,87.67108151015813,81.91041992880707,0.0
C0410,2025-04,ECE,6,7.593239788873291,79.43660347905022,87.91963771550297,1.0
C0411,2025-04,ME,4,6.958446512958609,96.79720443766409,90.59569593921573,
C0412,2025-04,ME,5,6.86961465514002,89.70848954982074,91.90439687280265,0.0
C0413,2025-04,Electronics,7,7.018855679096735,100.0,82.90142680910701,0.0
C0414,2025-04,Electrical,5,6.401670905530189,86.74996537953305,90.13575580675618,1.0
C0415,2025-04,Comp Sci,5,8.137007579514263,96.39203066937904,100.0,2.0
C0416,2025-04,CSE,3,7.888206971650403,87.96449586723489,79.90404113941487,1.0
C0417,2025-04,Mech,5,,98.06922394015652,76.04909911242825,3.0
C0418,2025-04,CIVIL,7,6.73443422823443,87.35669340661136,75.32183087669102,0.0
C0419,2025-04,CSE,6,6.796850218257185,100.0,100.0,0.0
C0420,2025-04,Electronics,8,,72.16899444234485,85.48709978304619,1.0
C0421,2025-04,Civil,3,6.3644894156623515,84.68260493569207,81.59794493024177,1.0
C0422,2025-04,Mech,3,6.851404118194598,80.63568956280396,87.28603770678755,0.0
C0423,2025-04,E.E.E,6,5.715658047733274,90.29030087288378,89.6942728236175,0.0
C0424,2025-04,e.c.e,4,6.713229422552475,95.9713572616477,86.60220710052346,0.0
C0425,2025-04,Mechanical,6,6.849758800039039,100.0,95.70982148776864,1.0
C0426,2025-04,Computer Science,8,5.661096977169387,75.67344539395283,83.23821221681267,0.0
C0427,2025-04,EEE,5,5.807651142519289,94.4391282786736,75.54104070074999,1.0
C0428,2025-04,e.c.e,6,6.799468836779284,83.15777710126875,95.05156074447429,0.0
C0429,2025-04,ME,7,7.993634219146742,96.41386326626255,83.61007256644193,1.0
C0430,2025-04,ECE,3,6.995823597860541,84.70260664524582,71.48617677525118,0.0
C0431,2025-04,ME,8,5.788163408780397,98.18450545832987,63.66349350568332,1.0
C0432,2025-04,Mechanical,4,6.80896373410422,80.60700192847166,74.27586786120442,0.0
C0433,2025-04,ECE,7,6.297613354441913,93.19109944832253,79.82976525361879,0.0
C0434,2025-04,EEE,6,7.091146420065963,76.27402629258307,85.14489853114091,2.0
C0435,2025-04,Electronics,3,6.676690583275005,75.26088513531302,86.38853200927713,2.0
C0436,2025-04,Mech,7,6.461385128945502,76.5499142910779,74.31591202349671,
C0437,2025-04,cs,4,7.414552981521563,85.80011626417853,83.83781960259019,0.0
C0438,2025-04,e.c.e,6,6.689767209891519,83.84037843557775,79.84840354153157,1.0
C0439,2025-04,e.c.e,8,6.623932340721115,88.66654225295991,86.5136319544734,2.0
C0440,2025-04,Comp Sci,8,7.304680815600823,90.78224754655746,93.37438521964646,1.0
C0441,2025-04,Computer Science,8,,86.94538231162171,98.51029792424093,0.0
C0442,2025-04,Mech,5,6.533889090283486,87.5874338834335,93.23543690864027,1.0
C0443,2025-04,Mech,6,7.186133969303933,82.999166742444,74.38636064236158,0.0
C0444,2025-04,Mech,4,,90.00542551241054,85.29469644923238,0.0
C0445,2025-04,Computer Science,8,7.735902233627206,80.37366163923465,85.07391493002103,0.0
C0446,2025-04,CSE,5,5.610623562344321,89.27698034376851,82.97277519725752,1.0
C0447,2025-04,cs,7,7.930378314020748,77.30083007794825,88.99078479405318,1.0
C0448,2025-04,Civil Engg,5,6.078187442432989,97.84646872911951,95.30834703922862,0.0
C0449,2025-04,Civil Engg,7,6.961904093224869,78.03895183833289,90.44249747886046,2.0
C0450,2025-04,cs,4,7.2418834203610905,76.4794189592513,84.9223918317236,1.0
C0451,2025-04,ME,7,6.218614129029412,97.58411501376438,85.8909161298062,0.0
C0452,2025-04,Computer Science,3,7.320514450809501,83.7390104971582,78.58850700533065,1.0
C0453,2025-04,cs,3,6.451491515856864,96.62282474836984,89.24172386943401,2.0
C0454,2025-04,cs,5,8.30127542457209,91.22312125811065,88.2654891391385,0.0
C0455,2025-04,Computer Science,5,7.853100267009641,77.42542061543844,84.17444584350844,3.0
C0456,2025-04,Mechanical,7,6.66821434685048,84.38878943260195,76.15707997945537,1.0
C0457,2025-04,EEE,5,6.8515496170398436,68.24771925138752,99.3962667121245,0.0
C0458,2025-04,Computer Science,3,7.565449449240035,92.62831863643486,84.77560214368526,1.0
C0459,2025-04,e.c.e,4,7.369558148886255,91.97216636195364,90.1034066114821,2.0
C0460,2025-04,ME,5,6.190288664575971,87.47823333071958,,1.0
C0461,2025-04,E.E.E,6,6.547209516336422,78.05688959050492,91.53781229249374,0.0
C0462,2025-04,ME,6,6.949816356539112,86.29632609990993,72.39402808762577,4.0
C0463,2025-04,cs,4,7.917826672306258,80.75582802474683,100.0,0.0
C0464,2025-04,Mechanical,6,5.886648948293618,88.37651047078741,93.6823318178453,0.0
C0465,2025-04,Comp Sci,6,7.214625981284378,92.61386039697987,80.12831402881426,0.0
C0466,2025-04,E.E.E,7,7.13948795156215,80.61836118311052,90.22582382506101,2.0
C0467,2025-04,Electronics,6,,80.20548725406461,78.74008528050669,0.0
C0468,2025-04,Mechanical,7,,77.11504067460407,81.90691255451051,1.0
C0469,2025-04,cs,4,7.457736903112422,99.93017109399742,79.70438314543692,1.0
C0470,2025-04,Electronics,7,8.39978678473458,83.52383930219223,92.54520034513712,0.0
C0471,2025-04,Civil,3,6.532102056020352,94.3631150675657,81.52496504889727,0.0
C0472,2025-04,Mechanical,3,7.1344732690258565,88.071639194573,88.49545437391218,1.0
C0473,2025-04,ECE,8,7.044272054614485,73.53047797982586,76.71968417622925,2.0
C0474,2025-04,Electrical,5,7.1528390684031065,80.10274390800075,91.04225865388324,1.0
C0475,2025-04,CIVIL,6,7.240680670964821,85.26351246434353,84.1931687639253,1.0
C0476,2025-04,CSE,6,7.2671531608269975,82.69470872296552,87.61007111471217,1.0
C0477,2025-04,ECE,7,6.299648698449142,89.13202857862123,78.46409549257065,1.0
C0478,2025-04,e.c.e,4,7.52040896213714,82.08068828978531,72.94893799021813,0.0
C0479,2025-04,Mechanical,4,6.588259192510253,84.23622010073245,75.9164597879784,3.0
C0480,2025-04,CSE,3,6.424807637354907,82.08213134464738,81.81710039692562,1.0
C0481,2025-04,cs,8,7.629323024764134,86.3280678576053,86.95106662206891,1.0
C0482,2025-04,E.E.E,4,6.218553390711509,79.24653520981668,93.24602756589523,0.0
C0483,2025-04,E.E.E,6,6.892460099713312,84.12240708987721,96.88059077955313,0.0
C0484,2025-04,Civil Engg,5,6.656500843536085,,89.76822054882176,0.0
C0485,2025-04,E.E.E,3,,85.59498494806279,99.6401355940248,0.0
C0486,2025-04,Mechanical,5,7.050330942199404,91.60209224037753,83.42634647623889,2.0
C0487,2025-04,Civil,3,6.912304591560174,91.91609004627348,,0.0
C0488,2025-04,Civil Engg,4,7.1609921571145625,79.12672273755796,88.85153796441215,0.0
C0489,2025-04,ECE,3,6.8315229332413825,75.41785001486802,86.5200045196225,0.0
C0490,2025-04,ECE,7,7.675522224454403,75.38683221232193,79.95250475026053,1.0
C0491,2025-04,Comp Sci,6,7.1720519393912845,82.56921506333303,88.9723132357982,4.0
C0492,2025-04,Mech,8,7.113100682273079,91.40440808004837,82.50572575696863,0.0
C0493,2025-04,Computer Science,5,7.9260202480643205,75.52840882887978,81.60362313853479,2.0
C0494,2025-04,cs,4,7.743249943722821,93.11091383991486,92.90044110685923,1.0
C0495,2025-04,Mech,6,5.967457259881312,78.79346012534853,73.11413215843169,0.0
C0496,2025-04,e.c.e,8,6.022429097417138,86.92213187178064,90.23334029222211,
C0497,2025-04,CSE,6,7.859157606699029,85.66447650672139,90.26339861809964,2.0
C0498,2025-04,CIVIL,3,7.131080440609376,88.49418911665893,75.80988274426755,0.0
C0499,2025-04,Civil,4,7.387008317346567,91.16410573652813,82.93260381703804,0.0
C0500,2025-04,Comp Sci,8,7.830098668407373,82.83837192016696,88.44917339725689,2.0
C0501,2025-04,CSE,6,7.700152839288879,81.69726794407889,91.49744000980571,1.0
C0502,2025-04,Comp Sci,8,7.430899308254841,82.82909143875096,96.43263014753293,2.0
C0503,2025-04,Civil,6,6.516233264882768,84.2674789877982,83.63409159024484,2.0
C0504,2025-04,CIVIL,3,8.19361989730356,88.946411354283,89.12723064550325,2.0
C0505,2025-04,CSE,8,7.538447856834421,93.55290764885362,100.0,2.0
C0506,2025-04,Civil Engg,7,6.570857492961644,100.0,71.946289244259,0.0
C0507,2025-04,Computer Science,7,7.262255893559283,100.0,79.32582466400765,2.0
C0508,2025-04,e.c.e,8,6.943622423329453,76.36321530785091,97.21203689151368,0.0
C0509,2025-04,EEE,4,5.891159289938816,76.32344637687861,82.71819163610604,1.0
C0510,2025-04,Computer Science,8,7.313363676046646,92.24656754997062,92.36417761200948,3.0
C0511,2025-04,Comp Sci,4,7.151436869437514,82.0212981483235,98.36606835644604,0.0
C0512,2025-04,e.c.e,8,7.963525837725022,80.825973467344,72.15403831540183,1.0
C0513,2025-04,ME,4,7.267029914964177,76.34913929401498,93.68148320918328,1.0
C0514,2025-04,Electrical,6,6.091100314260788,82.35402085368605,,1.0
C0515,2025-04,Electrical,7,5.7435031216330446,72.19324825114874,71.52483347988218,2.0
C0516,2025-04,cs,3,6.6161366084578335,95.54439662973027,82.2481711535044,2.0
C0517,2025-04,cs,3,6.706193303267217,93.52906833703415,86.87383105268151,2.0
C0518,2025-04,Civil,8,6.184705295804057,72.30947714118375,88.97973528590852,0.0
C0519,2025-04,Comp Sci,3,7.497653453048318,94.27746791359316,81.46721722223327,1.0
C0520,2025-04,Civil,6,6.065784622179839,88.47692729476277,88.63298565690559,2.0
C0521,2025-04,ME,8,5.8680325697758065,87.39443288294937,83.76262915338735,0.0
C0522,2025-04,Comp Sci,6,8.056627197918745,90.11839691077331,82.43962193507282,3.0
C0523,2025-04,Civil Engg,5,6.1415921528698245,84.54920481233835,79.5693606708478,3.0
C0524,2025-04,Computer Science,5,6.776063681578458,90.32371295724414,89.82842309765199,1.0
C0525,2025-04,e.c.e,6,7.4232195993339865,76.60956525964247,80.10088206619574,1.0
C0526,2025-04,Mechanical,6,7.49452050325692,80.99100330763108,81.88178096990087,2.0
C0527,2025-04,Electronics,6,6.71549140130001,95.40632394708749,80.19410041404865,0.0
C0528,2025-04,ME,3,7.037332557220354,86.92759045243409,74.34406959671838,0.0
C0529,2025-04,ME,6,6.733101964831823,89.51535043491369,82.79126372047604,1.0
C0530,2025-04,Electrical,7,7.0309174869568,98.04947116278962,82.22631095339374,1.0
C0531,2025-04,Electrical,7,7.197582961135643,95.24228945830903,88.39403214796057,0.0
C0532,2025-04,e.c.e,3,5.736896260456663,100.0,88.30961915461002,2.0
C0533,2025-04,Computer Science,7,7.081504785987708,86.52613745780668,81.0805537533497,0.0
C0534,2025-04,Mech,7,5.6934176272146715,80.91992872131468,88.9531025495528,0.0
C0535,2025-04,Electrical,4,6.12518800130629,83.24557926700152,81.12468858542114,1.0
C0536,2025-04,CSE,8,8.59433290989266,94.76292413360936,90.03596959789027,0.0
C0537,2025-04,e.c.e,6,7.503633243875366,93.76819098992881,73.89971707616633,4.0
C0538,2025-04,Electronics,5,6.3624045838482095,89.54560475496508,77.3138199559067,1.0
C0539,2025-04,Computer Science,7,6.66866032550808,93.20595521370116,92.56438812219528,0.0
C0540,2025-04,Mechanical,6,,76.17890301582534,75.58843593994554,
C0541,2025-04,ECE,6,7.956014686056282,86.26574306962306,79.49606840982545,1.0
C0542,2025-04,CIVIL,4,7.564779874683278,94.10747706502863,85.71568192222975,1.0
C0543,2025-04,CIVIL,8,6.07974690193298,83.19784806623527,87.97288771399828,1.0
C0544,2025-04,CIVIL,8,6.892044516746893,,82.0804818572838,2.0
C0545,2025-04,ECE,3,6.996543107193219,96.28763430127185,71.87686219944987,1.0
C0546,2025-04,Computer Science,7,7.83651260204237,82.82233772960893,79.46740200344283,1.0
C0547,2025-04,Mechanical,3,6.475204748233,82.23718911070472,91.55709819338175,1.0
C0548,2025-04,CIVIL,5,6.5606400670164575,85.91537961569142,88.99410422857822,0.0
C0549,2025-04,ECE,8,6.6190542061088795,71.64459373721138,73.68901959323655,1.0
C0550,2025-04,CIVIL,4,7.512514170665695,77.62655066327932,82.83923225285066,1.0
C0551,2025-04,CSE,5,7.2408015506162196,84.29255691361574,99.87997192859513,2.0
C0552,2025-04,CIVIL,4,6.364927929037475,90.75906690601306,82.14697432093118,2.0
C0553,2025-04,CSE,7,8.208945402808848,90.31228574106721,82.55663065457254,5.0
C0554,2025-04,Computer Science,5,7.812623480112478,100.0,78.74097333588489,1.0
C0555,2025-04,e.c.e,6,6.233529379919132,98.86350706509923,79.19666797008568,4.0
C0556,2025-04,Comp Sci,8,7.154836637096308,86.65281042523578,93.33867225005953,0.0
C0557,2025-04,cs,6,7.091188825440606,90.46620700157806,100.0,1.0
C0558,2025-04,cs,7,7.030326499761166,79.14468614132234,94.7549305918254,2.0
C0559,2025-04,ECE,3,6.17227666875213,78.4840007249751,86.77187310048669,2.0
C0560,2025-04,CIVIL,4,6.2456902423855585,,82.45579615330762,2.0
C0561,2025-04,cs,8,6.43703090855287,74.25034069590082,79.81390510600055,5.0
C0562,2025-04,Mech,8,6.514070802710168,75.27900625728992,81.0482395321682,2.0
C0563,2025-04,CIVIL,6,5.711270118644436,94.74482159716588,69.35992164230737,1.0
C0564,2025-04,Comp Sci,5,8.383552600151193,93.682074122254,94.27042560802445,0.0
C0565,2025-04,Computer Science,4,7.2785360937031145,73.96242095012082,90.58110227449467,1.0
C0566,2025-04,Civil,8,6.415763508560759,81.31169398238696,83.32147972816513,1.0
C0567,2025-04,Civil,7,5.9777590458526015,88.59463371333541,71.4092900736283,1.0
C0568,2025-04,Electronics,4,6.094590822751394,78.25623149185688,84.93422131347953,2.0
C0569,2025-04,CIVIL,6,5.654744653585114,87.30927839553146,81.98798529714031,1.0
C0570,2025-04,Computer Science,6,7.3880962306701985,69.52451342860113,90.90841918028507,1.0
C0571,2025-04,e.c.e,5,6.653469479245253,70.83675571707106,83.04105794048387,1.0
C0572,2025-04,Mech,8,6.623784200007198,,92.09914593782104,1.0
C0573,2025-04,Computer Science,3,6.870687349122756,87.53248898647922,70.15057912981011,0.0
C0574,2025-04,Civil,4,6.941335859861213,89.90118863410595,88.26765055669074,1.0
C0575,2025-04,e.c.e,3,5.764490713180979,67.91531181911108,88.12588548815016,2.0
C0576,2025-04,Civil Engg,7,6.314506541393545,84.57964573849166,85.6743404649154,5.0
C0577,2025-04,ECE,6,7.215514359334086,92.05346650616131,83.44764966676476,1.0
C0578,2025-04,ECE,8,6.9741301358171235,75.47997496290034,94.47909821709396,1.0
C0579,2025-04,Computer Science,6,7.219687797014699,85.81274756654781,76.9525044940574,2.0
C0580,2025-04,cs,3,7.084381308007227,89.40859636216763,79.01819022739537,1.0
C0581,2025-04,Civil,5,6.957320205026252,90.41956024929935,83.69519148173781,0.0
C0582,2025-04,Comp Sci,3,7.921801284942555,91.07673559659347,93.27362538350923,2.0
C0583,2025-04,Computer Science,7,6.912422173566728,87.01032109089722,88.608346525187,0.0
C0584,2025-04,Computer Science,7,8.919588890655172,87.14017331077778,98.08828435671734,2.0
C0585,2025-04,CSE,8,6.8401128121638015,87.89385726389446,99.08987436362648,3.0
C0586,2025-04,Civil Engg,5,6.01238380774742,99.32132784062992,80.80869656744885,1.0
C0587,2025-04,ECE,4,,75.61739320433686,88.59393931168607,1.0
C0588,2025-04,E.E.E,3,6.372798420606672,76.54431144665747,89.02591770118386,3.0
C0589,2025-04,Computer Science,5,7.867356486891545,90.96156272351233,92.92763236711828,2.0
C0590,2025-04,Mech,5,6.381940088264766,74.90540669226482,81.19001561281328,1.0
C0591,2025-04,ECE,7,5.649924258785581,73.59373413768513,80.85727993176512,2.0
C0592,2025-04,ECE,7,6.67830801008047,100.0,85.1501400270437,1.0
C0593,2025-04,Civil Engg,3,7.267175508049345,89.97386589229474,95.27068669217667,1.0
C0594,2025-04,E.E.E,4,6.640754852895623,88.5047666264562,72.21256738407756,0.0
C0595,2025-04,CIVIL,6,5.568362179364211,84.92487195561543,88.859937547837,2.0
C0596,2025-04,CSE,5,6.848080645455125,94.06507419454803,79.68119629064097,4.0
C0597,2025-04,Comp Sci,3,7.439812826569032,91.25929289874401,92.65829970944841,1.0
C0598,2025-04,Mechanical,8,,79.62294633958737,84.15576723742795,1.0
C0599,2025-04,Comp Sci,7,,89.2960869308164,89.86094446559872,1.0
C0600,2025-04,Mech,6,6.350180916889603,80.83603186905017,92.83512168938437,1.0
C0601,2025-04,Mech,4,,80.12215522186942,62.97423282852384,2.0
C0602,2025-04,Mech,8,6.518211593181679,79.60824546461068,78.04640459838379,0.0
C0603,2025-04,Civil Engg,3,6.513903697206265,72.63980792693087,84.46818119150657,1.0
C0604,2025-04,Mechanical,5,7.0917369561359935,91.99447576325785,82.00563029231978,1.0
C0605,2025-04,CSE,7,6.455547032419158,75.04379016765033,73.93873862756777,3.0
C0606,2025-04,Computer Science,8,7.082649720682374,86.63739007698501,86.15360086769441,2.0
C0607,2025-04,Mech,4,6.30159259861152,65.5454035266809,73.69789432696349,0.0
C0608,2025-04,e.c.e,6,7.11081940976126,93.85783798611668,93.74989739672822,2.0
C0609,2025-04,cs,4,7.316101960850928,86.69004725479546,81.56155367992079,
C0610,2025-04,e.c.e,3,7.938929989715417,,85.31541122898668,1.0
C0611,2025-04,Civil,5,5.805384432966262,84.04214529609352,91.23901484762277,0.0
C0612,2025-04,CIVIL,8,6.0594672601682,86.58509961485687,74.2891403394259,
C0613,2025-04,Mechanical,7,6.3253274881579555,87.77470145140038,73.76413932005458,2.0
C0614,2025-04,e.c.e,5,6.691479840812958,92.80048317002948,84.82456952432322,0.0
C0615,2025-04,Computer Science,4,6.789251331062423,96.51879793449149,89.57220416013473,0.0
C0616,2025-04,ECE,3,7.2858747290534245,100.0,80.266992122773,1.0
C0617,2025-04,Computer Science,4,6.88313920707755,90.43893757006954,74.9657384615377,2.0
C0618,2025-04,ME,3,6.560169340678549,82.74906368362738,87.05170484106618,0.0
C0619,2025-04,Mechanical,4,5.798747120742935,84.2925386548845,81.64948695555411,0.0
C0620,2025-04,cs,7,7.425028613588578,69.95000245856235,84.49129112121642,1.0
C0621,2025-04,Comp Sci,3,7.887556552111848,77.71881462119062,87.1001401151715,1.0
C0622,2025-04,Comp Sci,3,7.444146897482254,86.74873877648064,90.41659050062388,0.0
C0623,2025-04,Civil,6,6.711623443425415,81.93907835704631,85.04609236983019,2.0
C0624,2025-04,ME,4,6.110775745208702,89.5784482434736,86.44682474401486,1.0
C0625,2025-04,Computer Science,5,7.545424739839568,88.02705612140736,91.08270931142923,2.0
C0626,2025-04,Civil,3,6.80948569465163,86.7482423828586,86.33403228780239,2.0
C0627,2025-04,e.c.e,4,,82.46844781483486,81.61695471650569,1.0
C0628,2025-04,ECE,5,6.255535833392862,,88.21093535490844,1.0
C0629,2025-04,EEE,7,5.799743831332684,79.82247325792328,90.76444744773893,0.0
C0630,2025-04,Comp Sci,5,8.149087739373662,78.81652209770336,83.88823434217207,3.0
C0631,2025-04,Comp Sci,6,7.275791805221644,97.01877747651908,78.06276345534918,2.0
C0632,2025-04,ME,6,6.983069704135341,92.39066779067645,91.80931694674109,1.0
C0633,2025-04,Computer Science,4,7.435524086054776,92.24938822186435,82.15165589263012,4.0
C0634,2025-04,Mechanical,4,7.981790897882965,100.0,,1.0
C0635,2025-04,cs,5,6.7589865959418685,78.38820081435138,75.96167107625017,0.0
C0636,2025-04,Comp Sci,3,7.491802932180603,96.31819267561117,83.2881898358773,3.0
C0637,2025-04,Computer Science,7,7.169741518511375,88.90691857330987,88.29873570562559,2.0
C0638,2025-04,ECE,6,7.386705522841185,74.17619447159208,,1.0
C0639,2025-04,Computer Science,4,7.08583597573397,89.37480070737281,89.41884511288315,1.0
C0640,2025-04,cs,5,7.5095672045698665,97.60488535399442,97.22469293108331,2.0
C0641,2025-04,CIVIL,4,6.732977977801663,77.41704179441557,83.4321383160867,3.0
C0642,2025-04,cs,6,7.414769261063993,83.66276852646943,85.80981678409546,4.0
C0643,2025-04,e.c.e,7,6.290163348393052,80.8721960187794,80.66771228219105,0.0
C0644,2025-04,Comp Sci,3,6.252296324764961,77.3926025835338,81.68889026055061,1.0
C0645,2025-04,ECE,5,6.160229493354543,92.72971198166448,90.95441095815788,0.0
C0646,2025-04,Computer Science,3,7.43850614079433,99.28518365944524,88.60071368477465,2.0
C0647,2025-04,Mech,5,7.2780789595141995,82.62660544007899,82.00456613816802,2.0
C0648,2025-04,Computer Science,4,6.35544655279278,82.71090344898545,92.63621464257166,1.0
C0649,2025-04,CIVIL,5,5.806946017869488,86.05550911603413,93.72253146651127,1.0
C0650,2025-04,EEE,5,7.034916233768461,94.52251751474716,,0.0
C0651,2025-04,Computer Science,4,7.49665018035774,78.20923806268897,81.98571933552549,1.0
C0652,2025-04,cs,5,6.406979786912508,89.72859410893123,83.52089951544522,1.0
C0653,2025-04,Comp Sci,7,7.771134023262394,83.02912130150246,86.11172563621693,0.0
C0654,2025-04,Mech,7,5.301165290972717,83.6992823225275,84.47693827524098,4.0
C0655,2025-04,Computer Science,3,7.156262880580338,86.94452640573287,98.4032820685987,0.0
C0656,2025-04,Civil,5,6.900796946313763,90.92057553742022,94.35171775016312,4.0
C0657,2025-04,Civil,8,7.323481897059723,90.58725646213696,,1.0
C0658,2025-04,CIVIL,6,6.296717957344861,78.6509203884747,61.66642269543273,1.0
C0659,2025-04,Electronics,4,7.447859645666691,84.61077186191326,77.03986111202998,0.0
C0660,2025-04,E.E.E,6,5.968200062263771,87.86234296151576,73.89101804918397,0.0
C0661,2025-04,Comp Sci,3,7.206610347967613,80.23304593068687,95.800503455379,1.0
C0662,2025-04,ECE,3,6.577881646053209,91.79720685865647,76.48740985038022,2.0
C0663,2025-04,cs,6,7.05065888064402,74.2776072388224,73.74459138575509,2.0
C0664,2025-04,EEE,6,6.6158607725729635,100.0,95.22974914688311,1.0
C0665,2025-04,ME,7,6.439447521860927,94.8471040782811,78.6879113102161,3.0
C0666,2025-04,CIVIL,5,8.026828264531503,90.27500163269839,89.72649450719996,0.0
C0667,2025-04,CSE,8,6.745792029670623,92.07740047065732,89.35026236483111,1.0
C0668,2025-04,Electrical,5,6.463176292251432,80.96706985406611,87.57617682689198,1.0
C0669,2025-04,Electronics,7,6.406619522247423,85.34387568779937,74.30574318282602,4.0
C0670,2025-04,ECE,3,7.180686127798921,90.14321101021405,76.686956680941,0.0
C0671,2025-04,Electrical,3,7.4671155121643515,84.33095784040268,94.71722003470354,2.0
C0672,2025-04,Electronics,7,,,75.34525517051641,2.0
C0673,2025-04,e.c.e,8,6.381239902028465,93.57865684546285,85.0054706999195,2.0
C0674,2025-04,ME,8,5.849762990927212,82.07015975961778,95.44755354402437,1.0
C0675,2025-04,CSE,4,7.162129770450008,87.29032219911743,97.30804376118661,1.0
C0676,2025-04,cs,3,,85.00534081683922,89.27740377188748,
C0677,2025-04,Computer Science,8,7.4935511304706255,86.87918802921003,81.45866940302972,1.0
C0678,2025-04,cs,6,7.893455902822037,89.57947051896917,91.07392948994676,1.0
C0679,2025-04,Civil,4,6.730063678225325,75.46222421311148,76.30696575604132,0.0
C0680,2025-04,Mechanical,7,7.021348558898764,71.41105440769591,93.45301048788482,1.0
C0681,2025-04,e.c.e,8,7.146246865747287,82.61414507250372,89.70054796989592,2.0
C0682,2025-04,ECE,4,7.004332933385707,91.54630683210775,76.04590412063496,1.0
C0683,2025-04,ECE,7,6.735127651671153,92.06703452696708,100.0,
C0684,2025-04,Mech,7,5.771197227166605,85.42039640938611,88.37263054970194,3.0
C0685,2025-04,Electrical,6,7.68797964682461,78.77775666328468,81.37706434419522,1.0
C0686,2025-04,EEE,6,5.829633900873071,70.97081757902929,93.90748621808999,1.0
C0687,2025-04,ECE,4,5.791745180930301,88.4580304233494,84.15476855793443,0.0
C0688,2025-04,Comp Sci,8,7.815811997976216,99.7111727417924,88.29799655914458,1.0
C0689,2025-04,e.c.e,8,7.6466106513162515,88.36372823331887,82.5708663767266,3.0
C0690,2025-04,Mechanical,8,7.049655832011012,100.0,94.55577444205143,3.0
C0691,2025-04,Electronics,7,6.067944384735182,90.68627641503704,94.42271704282768,2.0
C0692,2025-04,Mech,3,7.026047318130263,84.54184495853725,84.39069134543158,
C0693,2025-04,ME,5,6.95148575374639,73.30034382122703,82.67358527534806,2.0
C0694,2025-04,CSE,5,8.65655762784699,85.58856339895432,84.87127194967648,3.0
C0695,2025-04,Comp Sci,8,7.663774186876624,70.02292138762421,85.07238352437602,
C0696,2025-04,ECE,6,7.071906330366548,89.69566646988511,90.55929417117511,1.0
C0697,2025-04,Comp Sci,6,7.399023996818736,91.37790318093126,95.53139044373478,0.0
C0698,2025-04,Computer Science,3,7.322229942808669,95.7334040729682,87.28583281901743,1.0
C0699,2025-04,Mech,7,6.309409852367177,82.90422326603823,82.24080771410404,1.0
C0700,2025-04,ECE,5,6.506301557536779,79.57916063351419,83.16456017135557,3.0
C0701,2025-04,Comp Sci,3,7.376750018818547,90.13823647983412,84.85834821520564,2.0
C0702,2025-04,ME,8,6.367233928357989,81.916499456832,89.44857455195981,0.0
C0703,2025-04,Civil,4,6.135962079590243,90.52172261026314,85.5583128272737,0.0
C0704,2025-04,cs,3,,98.79180022616652,90.79889797338508,1.0
C0705,2025-04,CIVIL,3,6.5861427985603305,80.55143094405835,77.11138603481879,3.0
C0706,2025-04,E.E.E,5,6.647655693400845,96.54376480374077,90.84990589731116,3.0
C0707,2025-04,ME,3,6.890245847866566,95.1431592924684,79.62383809441143,0.0
C0708,2025-04,ME,8,8.184115846428808,83.06376248510566,82.40094771673039,
C0709,2025-04,cs,6,,88.39519951461455,79.70455961909191,1.0
C0710,2025-04,E.E.E,4,6.818856276279769,80.49516126994698,78.52703647089193,4.0
C0711,2025-04,Electronics,3,7.511240430286297,,84.56932036961365,1.0
C0712,2025-04,E.E.E,5,7.063099258048945,78.74141847241866,83.50238033610104,1.0
C0713,2025-04,Mech,3,5.795293742529508,77.08536106177012,80.07265374806579,1.0
C0714,2025-04,Comp Sci,8,7.3373881818524,88.94819359024346,96.4824130306869,0.0
C0715,2025-04,cs,4,7.406024974049711,82.35110940377317,94.65932652860948,
C0716,2025-04,Mech,5,6.006729512640831,76.22715596061666,86.90929768400612,0.0
C0717,2025-04,Mechanical,3,5.562435691952234,91.83217095756741,90.95733301830143,1.0
C0718,2025-04,cs,3,6.341097508399782,94.73046055099523,83.4600091210461,0.0
C0719,2025-04,Mechanical,4,5.729457550433793,82.81450244855031,82.29851736059962,1.0
C0720,2025-04,CIVIL,3,7.511220378285225,85.50070967603806,88.03538435220702,1.0
C0721,2025-04,Electronics,7,6.2368936575504375,94.54843822215342,69.14092028937135,0.0
C0722,2025-04,Electronics,8,6.832106054065951,77.92551658404724,91.53198194474982,2.0
C0723,2025-04,Comp Sci,8,7.621506252813137,90.35088727013556,85.52421650969559,2.0
C0724,2025-04,Civil Engg,4,7.155100803861406,74.18237316538499,86.04494987671623,3.0
C0725,2025-04,cs,7,8.120384097433169,85.02673523610734,85.73639744048282,1.0
C0726,2025-04,Civil,6,7.119424160618004,81.01637255022018,85.00363148211014,2.0
C0727,2025-04,Electronics,3,7.032329319482891,90.32300842817459,100.0,1.0
C0728,2025-04,ME,3,6.337639138401311,82.67897883658499,,0.0
C0729,2025-04,CSE,6,6.707604926503878,82.33134840759725,90.35169441470306,2.0
C0730,2025-04,CSE,5,7.452956406623349,86.46406819855491,100.0,2.0
C0731,2025-04,CIVIL,3,7.594478609823257,84.40755434072031,71.48940116603222,4.0
C0732,2025-04,e.c.e,8,7.19511641996808,86.5541566350566,79.85930735372196,0.0
C0733,2025-04,Electronics,7,6.733548537232812,83.21198855506242,88.21162283780598,1.0
C0734,2025-04,Electrical,6,6.7094050325104595,90.99693301486897,82.36983403276511,0.0
C0735,2025-04,EEE,8,5.469149741803676,97.82143711384843,79.47838257484551,
C0736,2025-04,Civil Engg,8,5.791448085821163,94.21270634270638,87.88291087925427,3.0
C0737,2025-04,CSE,8,7.077892993735191,100.0,70.58663258262888,2.0
C0738,2025-04,Mech,4,7.106366536281036,82.96072117666336,91.14640138587714,0.0
C0739,2025-04,Civil Engg,8,6.450381395093118,89.89079053474983,90.05273007044475,2.0
C0740,2025-04,e.c.e,6,7.5562972694653245,87.09578086551087,93.22863728721916,0.0
C0741,2025-04,Computer Science,7,,100.0,92.34402303972288,1.0
C0742,2025-04,Civil,8,8.023467403950727,91.67285578034738,91.86319738921732,0.0
C0743,2025-04,ECE,3,6.287464574035893,91.33959701404082,85.67574812551943,1.0
C0744,2025-04,Mech,5,7.239670048504786,89.11122697776223,73.35664316831472,1.0
C0745,2025-04,EEE,3,6.728300819715086,84.18875812952066,81.78872082152107,2.0
C0746,2025-04,Mech,4,5.783430823175429,100.0,79.52802235163291,2.0
C0747,2025-04,ECE,5,6.396836266492192,75.02919973181383,81.67276645799798,1.0
C0748,2025-04,ECE,8,6.199746967196083,84.09048397994039,79.10892428555029,4.0
C0749,2025-04,ECE,8,7.0960934813609535,94.16980373543926,82.55411375625977,
C0750,2025-04,Comp Sci,5,6.747474166526002,82.14016978237463,91.32931168930402,1.0
C0751,2025-04,CIVIL,4,7.126813886356695,85.13017511095815,88.05005787935606,1.0
C0752,2025-04,CIVIL,6,7.370287785118213,95.80504839006039,80.92552849384867,2.0
C0753,2025-04,cs,8,8.117811973943674,90.18300874800474,95.62887083780072,1.0
C0754,2025-04,cs,8,7.253112560916615,80.22307852194092,89.8020451281767,0.0
C0755,2025-04,CIVIL,4,7.112534940111915,98.94465141124763,72.96139977133329,1.0
C0756,2025-04,cs,4,6.582354101420649,89.0152066068964,89.064253881299,0.0
C0757,2025-04,ECE,7,7.196014967676285,84.09265173509907,89.88907836518959,0.0
C0758,2025-04,ECE,4,6.977608563176725,93.20648343242179,,4.0
C0759,2025-04,Mechanical,4,7.626312244204854,80.1627739843661,87.56940834641581,0.0
C0760,2025-04,CSE,3,6.571266304343989,76.46429866246322,79.51720217174281,1.0
C0761,2025-04,Mechanical,5,,84.44782971863776,80.1534443320927,1.0
C0762,2025-04,ECE,5,6.269771498473377,85.63889119443598,85.1266032798317,1.0
C0763,2025-04,Mech,6,6.502121891644839,74.92096354045786,96.37487039312087,1.0
C0764,2025-04,CSE,4,6.29333764332271,81.44943268241731,87.84078051041064,0.0
C0765,2025-04,ECE,7,5.949126875218963,86.42825458256864,78.93790543072195,0.0
C0766,2025-04,Electronics,7,6.828372200918553,81.2764389022058,87.67919497689527,1.0
C0767,2025-04,CSE,5,8.070956097350734,83.18210896450209,87.83056109799146,1.0
C0768,2025-04,Computer Science,4,6.802021246628433,80.23612588933192,94.10632926756377,4.0
C0769,2025-04,Computer Science,6,7.54869754149322,88.97672243145716,91.35277399958595,0.0
C0770,2025-04,CSE,7,6.713000596189638,91.12533341433823,79.06502241224885,1.0
C0771,2025-04,Comp Sci,5,7.762151220192343,87.64214896221202,88.54903420201268,4.0
C0772,2025-04,E.E.E,4,6.578643876676194,76.14946659150266,85.54528290475743,3.0
C0773,2025-04,ECE,6,6.358695140453268,81.4610760966066,72.1066310942396,0.0
C0774,2025-04,Civil Engg,5,7.215724467372908,91.19880297553854,87.80592397287882,1.0
C0775,2025-04,E.E.E,5,6.694554725952707,83.27128524459118,98.55401103627705,1.0
C0776,2025-04,cs,5,7.133620382303537,74.71210198786682,82.74074795712471,2.0
C0777,2025-04,Mechanical,4,5.699907734583103,100.0,63.80628839599828,1.0
C0778,2025-04,Civil Engg,7,7.446076982406575,92.52848278657328,82.43036536996048,1.0
C0779,2025-04,Mechanical,5,6.320254944133589,93.62388215895906,100.0,0.0
C0780,2025-04,Electronics,5,6.173117338854532,82.13766408329433,77.64765898397823,2.0
C0781,2025-04,Electronics,6,6.384870248760116,86.3006533692593,92.5742545658358,0.0
C0782,2025-04,Comp Sci,5,7.41968508379168,84.50136836726904,82.36883763284924,1.0
C0783,2025-04,e.c.e,3,6.572555851393671,90.54161503912283,87.27674599697251,1.0
C0784,2025-04,EEE,8,7.273407545476126,89.56669034082628,,2.0
C0785,2025-04,Electrical,3,6.566890396751463,68.9954056833483,76.92868241631422,1.0
C0786,2025-04,cs,6,6.894839048803264,96.74192138669142,78.82526848354408,1.0
C0787,2025-04,ME,4,5.682854189703633,89.95912996740512,90.74948792913217,1.0
C0788,2025-04,Comp Sci,4,,91.96384002253927,94.89000209135297,1.0
C0789,2025-04,E.E.E,3,6.667041051827688,80.27359157042706,87.29993495703255,1.0
C0790,2025-04,Comp Sci,8,6.568203856784354,89.89375818372216,80.2462087765936,0.0
C0791,2025-04,EEE,5,6.590304435235001,72.25516522629378,85.00300861878502,0.0
C0792,2025-04,CIVIL,5,6.563471290123094,86.63928444178318,79.40585220226686,2.0
C0793,2025-04,cs,7,7.117107809867592,86.16471302343132,89.33172437536456,1.0
C0794,2025-04,cs,3,7.11540471643938,93.21285497489414,86.54724719460296,2.0
C0795,2025-04,Civil Engg,6,6.475354418208454,75.4126227121096,81.18079529942368,3.0
C0796,2025-04,Computer Science,5,7.543040893926976,,84.02705437330737,0.0
C0797,2025-04,Electronics,6,6.341383718803084,84.5064822682618,85.21436898286174,2.0
C0798,2025-04,E.E.E,3,7.270027611603461,88.81770124020754,97.45872837888813,
C0799,2025-04,Mech,8,6.60434425511046,89.16611396896548,97.92433594393525,2.0
C0800,2025-04,e.c.e,4,6.046176695314317,97.86407986392426,88.21822546618517,2.0
H0001,2025-05,Civil Engg,7,6.858037745590869,72.71887045250165,83.15718713856054,0.0
H0002,2025-05,e.c.e,5,6.632169981047924,77.9851870266543,68.77566928719254,3.0
H0003,2025-05,CIVIL,8,6.082047885109399,86.3942106445006,87.32673718724041,3.0
H0004,2025-05,ME,3,6.625221841394756,68.09856303616499,81.1795531305571,2.0
H0005,2025-05,Computer Science,4,8.00822556513761,81.31494604423834,70.3772561849579,1.0
H0006,2025-05,E.E.E,8,7.131020694024044,85.96543653022118,89.29534808803422,1.0
H0007,2025-05,Civil Engg,4,5.808766771561092,90.32053705464143,79.74028109381138,2.0
H0008,2025-05,Civil Engg,4,6.022253759206246,97.78068444705387,82.7274201424141,1.0
H0009,2025-05,CSE,7,6.950591848025133,92.6298061614013,92.75696033651619,3.0
H0010,2025-05,Electronics,4,,99.92862726106132,80.02023838475571,0.0
H0011,2025-05,ECE,6,6.612434494063425,100.0,76.6475588361298,3.0
H0012,2025-05,E.E.E,4,7.550590154420539,89.88972535057952,80.7884224037272,3.0
H0013,2025-05,Mechanical,4,7.611429739430977,81.30220998192992,91.78738882916181,1.0
H0014,2025-05,Civil Engg,8,7.49024647703539,,75.80860984141167,2.0
H0015,2025-05,e.c.e,4,,84.69136447923289,84.61125382820174,3.0
H0016,2025-05,Comp Sci,3,8.18359072229066,97.82908623195904,99.82460717863917,3.0
H0017,2025-05,Mechanical,7,5.943590019846588,73.64715831048376,86.59238454814829,4.0
H0018,2025-05,Computer Science,8,8.208228053544426,87.51599972642491,,2.0
H0019,2025-05,CIVIL,3,7.199442474148956,85.4522478161247,86.23471548973667,2.0
H0020,2025-05,ME,7,6.4580390731714505,90.3155420979065,86.42366490313032,0.0
H0021,2025-05,Civil,6,7.2344571983271155,82.5847695548211,,2.0
H0022,2025-05,Electronics,7,6.225152461466099,73.69806312895315,77.17399184430619,1.0
H0023,2025-05,E.E.E,3,7.4459122247825995,86.62968786553239,86.5082148427792,1.0
H0024,2025-05,CIVIL,8,6.5149960423836335,80.62911545063908,92.83013356919218,2.0
H0025,2025-05,Civil Engg,6,6.612478797132369,74.57761608937649,79.02643728869054,1.0
H0026,2025-05,CSE,8,7.586404700312653,100.0,84.27953886466963,3.0
H0027,2025-05,Electronics,5,6.046352776234469,69.80108139767056,90.00538417261274,4.0
H0028,2025-05,cs,8,6.648293209207058,84.8381028557701,82.84483503492517,1.0
H0029,2025-05,Computer Science,6,7.5100491413355375,94.47470808024575,86.97042173837035,4.0
H0030,2025-05,ME,3,6.87822714136478,,76.18636833999938,1.0
H0031,2025-05,ME,8,7.256631521792586,86.38610715208877,83.82550797429607,3.0
H0032,2025-05,E.E.E,7,5.854878859352466,81.27286260628193,84.29872558636536,1.0
H0033,2025-05,cs,4,7.478175899686407,96.15031572469037,84.02205453404828,1.0
H0034,2025-05,ECE,6,7.792509321702319,87.81213365891891,88.20202074318242,2.0
H0035,2025-05,ECE,5,5.847249378923537,96.2138980794707,82.85060275192174,1.0
H0036,2025-05,CSE,6,7.210952907319864,98.08017503602125,76.90151721059142,1.0
H0037,2025-05,Comp Sci,8,6.898302322219652,86.51957558706962,73.23593129642902,2.0
H0038,2025-05,ECE,8,6.304822748491755,95.1893592363015,90.63097932285523,0.0
H0039,2025-05,Comp Sci,4,7.135206890328305,79.2957178595833,100.0,3.0
H0040,2025-05,ME,8,6.629660290422917,93.44582927828763,95.32704052440353,1.0
H0041,2025-05,Electronics,5,5.080492481750633,68.22163224190687,76.96538948691081,3.0
H0042,2025-05,Civil,7,6.183409538923799,94.03473550015387,90.36126166316912,2.0
H0043,2025-05,Mech,7,5.801904824523924,100.0,,1.0
H0044,2025-05,CSE,5,,91.63530386491125,83.96607460978764,2.0
H0045,2025-05,CIVIL,5,7.456301336477448,89.37725417511054,95.54058660644087,0.0
H0046,2025-05,Civil,5,7.160107880247358,97.85255790631814,,2.0
H0047,2025-05,ECE,8,7.10300636394264,85.71448497863584,83.65469173796146,2.0
H0048,2025-05,CSE,5,,69.2927385941579,86.63889232164466,1.0
H0049,2025-05,Mech,4,6.132066950285285,87.69261516970063,79.83031526902262,4.0
H0050,2025-05,Computer Science,5,6.803931933038893,81.19811925231153,98.2210969333295,0.0
H0051,2025-05,Computer Science,4,7.698304843840846,89.41245144117443,99.60192139161417,0.0
H0052,2025-05,Computer Science,5,7.049064970646715,78.84476512835529,75.89118517033724,2.0
H0053,2025-05,Civil Engg,3,7.4402439665026545,99.8706198963782,89.8319086708422,0.0
H0054,2025-05,Mechanical,3,7.299726112634282,91.26040613062334,85.45441473531245,2.0
H0055,2025-05,Mechanical,7,6.987429556413136,82.99123294971932,80.04087087349598,1.0
H0056,2025-05,Civil,3,7.474522146712727,89.12280904949708,80.6467645232158,0.0
H0057,2025-05,ECE,6,6.83932842513884,85.93727251011508,86.90659264337816,2.0
H0058,2025-05,ME,7,7.146063687962524,98.51293752791898,85.77988675070986,1.0
H0059,2025-05,cs,7,7.598211228267965,89.74050481367746,88.91708451495656,1.0
H0060,2025-05,CSE,5,7.6338907390015605,100.0,93.2626253393682,1.0
H0061,2025-05,ME,4,6.333335997354889,79.89982509843644,73.30977692777246,1.0
H0062,2025-05,ECE,8,6.125479122820325,,84.54520230068138,3.0
H0063,2025-05,ME,8,6.393856319278607,96.37833214604463,,0.0
H0064,2025-05,Civil Engg,6,6.484571752919356,84.56309542463669,87.5354642561854,0.0
H0065,2025-05,Mechanical,3,6.416427190462661,65.88759599400048,66.86266804937539,3.0
H0066,2025-05,Mech,3,6.698578334325908,81.7204549580434,94.9864613039829,2.0
H0067,2025-05,Mechanical,4,6.200331759487116,,82.89044238004712,4.0
H0068,2025-05,Comp Sci,3,6.896430822717567,98.46559439519065,90.122437686774,2.0
H0069,2025-05,CSE,8,6.4685464269170385,93.28883534258172,73.6690288189161,2.0
H0070,2025-05,Electronics,4,6.230450594584798,91.22792410885815,79.76973857702411,6.0
H0071,2025-05,Comp Sci,4,6.37252509838832,79.0607162199458,77.08113898462656,1.0
H0072,2025-05,Electronics,8,5.462412929375214,74.75249982705418,87.58169142332231,0.0
H0073,2025-05,Civil Engg,7,8.062489747598585,76.16698756311695,82.19136306334602,0.0
H0074,2025-05,Computer Science,4,7.734729070759438,84.63111259202897,,0.0
H0075,2025-05,CSE,5,6.4931984991958105,85.51827861740374,80.44386191311045,1.0
H0076,2025-05,Comp Sci,6,7.602516854516463,94.90587046208796,79.23159015607534,
H0077,2025-05,CSE,6,6.961561885448227,86.01164869227787,92.5059736040191,2.0
H0078,2025-05,Mech,8,6.904082708530778,77.01128049862707,76.75076731136883,2.0
H0079,2025-05,Mech,8,7.415100360698702,94.58440435230318,87.33288804638838,0.0
H0080,2025-05,Civil Engg,8,5.396927541275317,78.35049938168068,81.42894959137453,0.0
H0081,2025-05,Mechanical,3,6.440195976826374,94.47655762796282,86.90165449372817,1.0
H0082,2025-05,e.c.e,4,6.3780710526326905,,88.64823768910307,0.0
H0083,2025-05,Civil,6,6.674422611238155,83.39112964585459,87.0891545819509,1.0
H0084,2025-05,Computer Science,3,7.220032582574033,68.88218606076953,95.20723314269242,2.0
H0085,2025-05,CSE,5,6.393899258420938,86.62886505410323,90.38381414839654,3.0
H0086,2025-05,Comp Sci,3,7.415813614937534,92.91598398489324,91.31184460543305,1.0
H0087,2025-05,Mech,8,6.222165105471866,86.09758906486829,86.909197327912,1.0
H0088,2025-05,e.c.e,3,6.691072309359116,93.70958900576628,79.69812033727675,4.0
H0089,2025-05,Comp Sci,3,6.882767521820605,89.04422821073246,,2.0
H0090,2025-05,ECE,4,6.90380083119048,77.9199179652886,86.90665165378165,3.0
H0091,2025-05,CSE,3,6.974051566725397,83.31812512951058,84.49958981411356,1.0
H0092,2025-05,Mech,6,5.807790056916584,81.72928044657546,80.81275734227981,2.0
H0093,2025-05,Electronics,5,6.555624525478975,78.73528758530682,84.15683943623323,2.0
H0094,2025-05,ECE,8,7.582956544766881,82.49020654283005,92.04354522080956,2.0
H0095,2025-05,Comp Sci,4,8.385794761556275,89.23827889028534,69.3319543191893,2.0
H0096,2025-05,Mech,6,6.935793294011253,,83.93500426396056,3.0
H0097,2025-05,Electronics,6,6.886082530780983,98.87592663039194,89.14049176611712,
H0098,2025-05,Comp Sci,6,9.13128658752768,86.23634962085703,86.29676942965082,3.0
H0099,2025-05,CSE,7,6.198217412961119,80.42997574693982,92.23380828359556,3.0
H0100,2025-05,EEE,4,6.223087555785009,84.62560517075468,84.9222182810211,3.0
H0101,2025-05,EEE,6,7.398635818880963,80.69296391302497,83.39255330751634,1.0
H0102,2025-05,Mechanical,7,5.537541690797126,80.77148340275077,78.87423061157173,3.0
H0103,2025-05,CSE,8,7.0189595668692295,90.25248556694505,,2.0
H0104,2025-05,EEE,6,5.753376670379568,85.21723980592341,72.24689637439982,0.0
H0105,2025-05,Civil Engg,6,6.533365487503397,78.16039827216066,88.35700889659356,2.0
H0106,2025-05,Mech,8,4.930045130248968,87.78282615300508,70.38535314945716,1.0
H0107,2025-05,e.c.e,6,,88.04022981898106,92.95289479520076,1.0
H0108,2025-05,Comp Sci,8,8.691140095157436,87.55132244727933,97.88362925995015,2.0
H0109,2025-05,Comp Sci,3,7.232061727232281,99.32892415685325,92.39898122048771,0.0
H0110,2025-05,Electrical,5,6.229532987514342,88.67804014036341,79.39133623612692,2.0
H0111,2025-05,Electronics,3,6.882926317978608,78.24642220372239,93.31212997292442,2.0
H0112,2025-05,Comp Sci,3,7.61913775954431,85.70217077703944,70.79486091263058,
H0113,2025-05,Computer Science,5,7.805281971999647,82.72939019848722,81.68493210782579,2.0
H0114,2025-05,ME,4,6.203839412520403,92.12029386602273,70.02429548473432,1.0
H0115,2025-05,Comp Sci,5,8.257402788192335,85.22941903389125,92.10044175162452,0.0
H0116,2025-05,Civil,5,9.005343557990235,81.90456920250537,80.7492362915084,1.0
H0117,2025-05,Civil Engg,6,6.699638876362976,76.76959293903616,77.0990899691479,2.0
H0118,2025-05,Mechanical,8,5.601943421346648,91.2799970394081,72.30177606686158,2.0
H0119,2025-05,e.c.e,8,8.713058282440592,86.3448589517555,89.08506504185955,2.0
H0120,2025-05,ME,5,5.881376098557588,76.88311752019777,82.97210769818832,0.0
H0121,2025-05,Mechanical,4,7.016398699530585,68.43337518289611,77.60162533209443,4.0
H0122,2025-05,Mechanical,7,7.254552227946028,83.4857339942471,88.44961116331234,3.0
H0123,2025-05,Computer Science,3,7.267983729263793,82.8914179925348,83.84285615156283,1.0
H0124,2025-05,ECE,6,5.711829669823969,81.12148181874396,86.63708038561082,1.0
H0125,2025-05,Comp Sci,5,8.24020300284386,97.63361844061117,77.49523360471127,1.0
H0126,2025-05,Electronics,4,6.494456806153567,97.48516080000975,95.66899646500529,1.0
H0127,2025-05,Comp Sci,6,6.600964848516133,81.32625624777701,100.0,0.0
H0128,2025-05,Computer Science,4,8.236825898339307,82.2544686230003,,1.0
H0129,2025-05,CSE,4,7.6461617442237495,88.87125050531408,97.39195012901807,0.0
H0130,2025-05,Mech,6,5.894822290139681,91.91041717239554,81.81556752676155,1.0
H0131,2025-05,CSE,4,7.537099797427494,93.79392676718011,89.0833984963813,2.0
H0132,2025-05,EEE,7,6.854877144878831,98.79429672671723,70.21423885146083,2.0
H0133,2025-05,Mech,3,6.777649839818304,84.98183448592528,77.89958314265138,4.0
H0134,2025-05,Comp Sci,5,8.317202408359844,85.41018399179715,90.8608639349904,1.0
H0135,2025-05,Mech,7,6.327456494076818,82.8119827860862,98.30903306413049,1.0
H0136,2025-05,Computer Science,4,7.3726830655942175,,86.36189106614654,0.0
H0137,2025-05,E.E.E,7,6.824868536356935,89.89625342871923,76.44014958435271,0.0
H0138,2025-05,ECE,7,7.035718627412366,100.0,86.37930642168061,2.0
H0139,2025-05,Civil Engg,8,5.965638598883626,84.70730425211178,73.17366189780958,0.0
H0140,2025-05,cs,4,8.288182263599568,100.0,84.3866803938377,0.0
H0141,2025-05,ECE,7,7.170969406728731,94.25839145324755,79.7009779486952,3.0
H0142,2025-05,Electronics,8,7.700167795091845,67.59270889136548,86.94077235359453,1.0
H0143,2025-05,Electrical,7,7.7144983433619485,94.36393987896474,,1.0
H0144,2025-05,ME,4,5.86782688639275,69.13909757942992,80.94249235617303,0.0
H0145,2025-05,Electronics,7,7.219258910686634,90.96178643293993,85.11366942070426,1.0
H0146,2025-05,cs,3,6.167175546877894,,91.39400580196377,1.0
H0147,2025-05,CSE,6,5.423126895193838,86.04398193741758,74.57516992594967,1.0
H0148,2025-05,ECE,5,5.914170603023145,77.85645650990057,79.60827141625697,3.0
H0149,2025-05,e.c.e,6,6.337636895577887,91.41328073408,86.49274705989087,1.0
H0150,2025-05,Computer Science,6,7.158050490688854,100.0,87.75441736885577,0.0
H0151,2025-05,CIVIL,3,6.526736467035362,100.0,83.05724658045357,2.0
H0152,2025-05,CIVIL,6,6.449471185236689,76.75426095496866,83.80012858494841,3.0
H0153,2025-05,cs,8,,88.51989030073386,86.42093926386518,0.0
H0154,2025-05,Mechanical,5,5.710655023454837,93.59991515475147,91.00549373119466,0.0
H0155,2025-05,Computer Science,4,7.912518381970843,93.15390760120054,95.84941769894527,1.0
H0156,2025-05,Mech,8,6.1259590919829305,79.40877817058313,,1.0
H0157,2025-05,Comp Sci,3,7.760881366590363,,82.98391497464665,0.0
H0158,2025-05,ME,5,6.937907212976619,81.48743635814681,75.21618644497754,2.0
H0159,2025-05,Mech,6,6.877140050090755,88.36816914483823,82.28661257805531,1.0
H0160,2025-05,Civil Engg,5,5.547198002791869,88.89632197155676,82.35567492101328,1.0
H0161,2025-05,CSE,8,5.247718027024156,88.87596046748656,87.93146911957368,2.0
H0162,2025-05,E.E.E,5,6.302577726182247,81.36541600057488,73.2738208959145,4.0
H0163,2025-05,Computer Science,8,7.929943868234272,88.03459051701923,80.48863711718522,1.0
H0164,2025-05,Comp Sci,3,9.206752245464203,95.54853342975483,83.83958663840163,5.0
H0165,2025-05,Mechanical,7,5.429062837218893,82.92128334289099,85.7730001519846,0.0
H0166,2025-05,e.c.e,6,5.966024329301032,88.85120104928332,76.1114576852586,0.0
H0167,2025-05,Civil,4,7.423568853260537,89.88850049058595,87.19593144642678,1.0
H0168,2025-05,Civil,4,6.614588406680042,92.42559765401327,75.0241878449143,1.0
H0169,2025-05,Comp Sci,7,7.440654361842076,86.11480743353385,80.14301133271083,0.0
H0170,2025-05,Electrical,6,5.940716962554495,79.80303866394536,76.74407296894992,4.0
H0171,2025-05,cs,6,7.827179232200537,94.2889485509711,91.36799240063715,0.0
H0172,2025-05,ECE,3,7.815236750015385,83.46314308339177,89.39522054490374,1.0
H0173,2025-05,CSE,6,7.715803202400154,82.0411000654211,100.0,0.0
H0174,2025-05,E.E.E,8,6.842674826804552,75.0418378351836,87.52586403297919,
H0175,2025-05,Computer Science,3,7.758079511056507,91.56403778340675,85.78033709969007,
H0176,2025-05,cs,5,7.813870903831521,75.67267682146563,81.80038942076028,1.0
H0177,2025-05,ECE,5,6.8103296578524155,96.01116175955059,84.79781263091839,0.0
H0178,2025-05,EEE,8,7.2222243961376735,82.39548286688803,100.0,0.0
H0179,2025-05,Civil,4,5.782391262067746,70.34023467375438,76.38441644968732,0.0
H0180,2025-05,Mech,5,7.003314314400572,97.6857856351902,95.68424914745218,1.0
H0181,2025-05,Civil Engg,7,7.2504438908632665,85.4295267913658,90.44423254028474,0.0
H0182,2025-05,Civil,3,7.208614253221169,87.3529107021546,79.82535292070979,2.0
H0183,2025-05,Electronics,7,8.292848095699036,82.58753773609997,89.53675214237569,0.0
H0184,2025-05,cs,7,8.107402548258309,98.57281611905563,76.22808927346448,1.0
H0185,2025-05,CIVIL,7,6.974512780026976,,87.81299197534624,1.0
H0186,2025-05,Mech,6,6.051219923057884,68.61358901867217,75.50772769180924,4.0
H0187,2025-05,ECE,7,6.968583178460693,82.45484832477139,83.99224356088277,1.0
H0188,2025-05,CSE,7,7.784009328412829,92.56611158604754,85.69118466058707,1.0
H0189,2025-05,Mechanical,8,6.998422884078154,79.87510927025704,87.52385783389438,0.0
H0190,2025-05,cs,5,8.015595293700953,81.02606159916401,,2.0
H0191,2025-05,EEE,5,6.867468152618404,83.15275057997343,86.70939987675375,0.0
H0192,2025-05,Comp Sci,6,6.932883761412404,100.0,84.63038826171203,4.0
H0193,2025-05,CSE,4,6.700475992661907,99.14799791956915,84.64170018757383,0.0
H0194,2025-05,Civil,8,6.612518689973527,95.32831547933206,86.94684766639477,2.0
H0195,2025-05,cs,7,6.7716211996903715,94.11946717103604,74.64360010282198,3.0
H0196,2025-05,cs,6,6.519830682480843,85.75358054179542,87.369167344299,0.0
H0197,2025-05,ME,4,6.8321345382196474,80.3041912360616,78.18971084333593,0.0
H0198,2025-05,Civil,5,7.465671303837047,90.29210525892783,82.69544343815359,0.0
H0199,2025-05,CSE,5,6.223189606126892,92.75625115256867,74.96281416542932,2.0
H0200,2025-05,cs,6,7.658736638401654,78.54541230720821,76.58314733230296,0.0
H0201,2025-05,CIVIL,7,6.643348615118342,84.98048135027025,82.18666156328301,2.0
H0202,2025-05,EEE,7,7.447475426994993,97.11410741215627,84.06041879405305,0.0
H0203,2025-05,Electronics,8,5.635722708901866,89.59623920003236,84.3819646393611,2.0
H0204,2025-05,Comp Sci,8,7.1812384524052275,96.01959200718845,86.33512274687841,0.0
H0205,2025-05,Computer Science,7,6.356312991634687,64.07973509022412,85.53862668989112,0.0
H0206,2025-05,Comp Sci,5,7.676215015354515,92.07172875031776,85.68566609879662,0.0
H0207,2025-05,Computer Science,6,8.559319401662801,89.89807071315715,85.10929328598552,0.0
H0208,2025-05,ME,5,6.81872555864293,74.26586065903443,,1.0
H0209,2025-05,Computer Science,6,7.825437034508238,,93.88121830062268,1.0
H0210,2025-05,ECE,7,6.638874714088472,95.13321753350556,79.55884995927188,2.0
H0211,2025-05,ME,5,7.380312447339629,83.89400198396673,82.75750300424167,2.0
H0212,2025-05,Mechanical,6,5.894179679860732,89.68087599930713,77.72253710021539,0.0
H0213,2025-05,Computer Science,3,7.6675175347653015,84.25184410991699,95.28405401713997,1.0
H0214,2025-05,Civil Engg,7,6.182986472353725,87.3391782141441,83.22495051808052,1.0
H0215,2025-05,Mechanical,5,6.4362848365937575,72.05153523104921,77.21552523038628,1.0
H0216,2025-05,Mechanical,5,,78.93686088073076,82.95237880284695,2.0
H0217,2025-05,Computer Science,6,6.843786413657219,81.32566552344493,76.71797504499789,0.0
H0218,2025-05,CSE,4,7.701349816972311,86.00052488625263,83.90639235572144,2.0
H0219,2025-05,E.E.E,6,6.649875605234126,77.91949188163817,84.07286871416315,0.0
H0220,2025-05,ECE,7,7.278938367435698,91.73702383229448,81.3679723200591,0.0
H0221,2025-05,cs,5,7.930902282574203,99.69381974932548,89.9963838530533,1.0
H0222,2025-05,e.c.e,3,6.5290641145224155,90.11418723036397,86.59423974767105,2.0
H0223,2025-05,Mech,5,6.281567435179026,88.69242098299702,87.63968623708642,1.0
H0224,2025-05,Electrical,4,7.271090702398056,87.41772293847099,89.06986705249982,1.0
H0225,2025-05,Computer Science,5,7.775566526547759,98.97394114388344,95.6386713064504,3.0
H0226,2025-05,E.E.E,6,5.974483542505629,73.73563090419076,84.39809228015248,1.0
H0227,2025-05,Computer Science,3,7.636237221133145,70.24910913581436,79.80689664037236,1.0
H0228,2025-05,Mechanical,7,5.791889288168351,73.25495615742152,91.40751390186637,3.0
H0229,2025-05,Mech,4,6.399854736312768,79.47803028593634,97.67133489345453,1.0
H0230,2025-05,Comp Sci,8,6.721987986607335,89.22975640495416,80.17905796923182,1.0
H0231,2025-05,Comp Sci,7,7.019351019935898,94.21427126484612,80.93412040484623,2.0
H0232,2025-05,ECE,4,6.750462720454561,83.31756680925449,90.95067771768196,0.0
H0233,2025-05,E.E.E,6,5.705166924466887,,,2.0
H0234,2025-05,ME,3,6.5867826278391925,82.74809971216608,78.93885154390938,3.0
H0235,2025-05,Electrical,3,6.660320465223105,91.66047725490297,72.4255139923467,4.0
H0236,2025-05,Civil Engg,8,6.59785783644698,80.82477121183909,68.77113152027862,3.0
H0237,2025-05,Electronics,7,7.1947241191280185,80.19482916538693,78.52208532882733,2.0
H0238,2025-05,Civil Engg,3,7.019258235007274,,92.82836155709182,3.0
H0239,2025-05,Computer Science,4,7.648976633258689,100.0,87.68476563843835,
H0240,2025-05,Computer Science,4,6.821087610493204,91.48288683563285,85.42564018929893,2.0
H0241,2025-05,Civil,5,7.397829797864561,80.49812710972704,96.29726603122172,1.0
H0242,2025-05,CIVIL,4,,78.5280412714368,86.16616074961146,2.0
H0243,2025-05,cs,4,7.8715532060870546,100.0,83.26397094271732,
H0244,2025-05,Electronics,6,7.513242779829953,93.99254617305833,78.15252128031027,1.0
H0245,2025-05,Mech,4,7.328406409605105,88.87189925689046,77.82635491059153,2.0
H0246,2025-05,CIVIL,8,7.735550718209617,88.99156457081514,94.15820262573942,2.0
H0247,2025-05,ME,7,6.527895283301353,82.71086684306343,83.3148472107279,0.0
H0248,2025-05,ECE,7,7.703478514598609,93.64588205304598,74.71410758380647,1.0
H0249,2025-05,Electronics,4,7.416404242499655,95.18565599722776,82.71749672458421,1.0
H0250,2025-05,e.c.e,7,6.345454894601931,,,1.0
H0251,2025-05,Mech,8,6.94867772578566,82.121962915067,84.148977344437,2.0
H0252,2025-05,Civil,4,6.946795071161681,83.37306020724208,93.26138340861748,2.0
H0253,2025-05,Electronics,7,7.195100415087583,89.02202471548898,95.11971953535571,2.0
H0254,2025-05,cs,5,5.881339104102249,92.70412243745254,76.29625874556945,3.0
H0255,2025-05,cs,7,7.565210767691191,95.13366364074543,82.22224391425401,1.0
H0256,2025-05,ME,5,6.794340781761412,87.99640188569353,85.64197116129827,2.0
H0257,2025-05,CIVIL,7,6.218748738501822,87.84841936776155,86.6239080264608,0.0
H0258,2025-05,CSE,3,6.018623455813644,,79.79323527472081,0.0
H0259,2025-05,CSE,5,7.132438607853364,66.73764987725879,91.11971883072722,2.0
H0260,2025-05,Mechanical,4,6.212780061056742,79.35143539832669,80.04178348734939,2.0
H0261,2025-05,CSE,4,6.798952319452595,87.95311455843057,92.49757690733395,2.0
H0262,2025-05,CIVIL,4,6.940983593940173,86.22522464213235,84.07948636042154,0.0
H0263,2025-05,cs,5,7.393508276251287,72.45810979673507,86.50395267504236,2.0
H0264,2025-05,cs,3,6.812786389695815,98.07182453489676,89.37724622598243,3.0
H0265,2025-05,Electrical,7,5.476357862438995,74.54176384988216,83.24520506201995,0.0
H0266,2025-05,CSE,6,6.5151959182352766,,87.3395424714068,4.0
H0267,2025-05,Comp Sci,7,7.216880792351734,84.31239299817874,85.54729507403016,3.0
H0268,2025-05,Comp Sci,7,7.619351698278587,91.05544196178097,92.60080540055398,0.0
H0269,2025-05,Comp Sci,3,5.546745234372835,73.99290788203314,100.0,1.0
H0270,2025-05,cs,3,7.299883368782381,84.87980820694828,95.46973246092209,3.0
H0271,2025-05,Computer Science,5,6.877235609409985,97.15257959176994,82.32987819789246,0.0
H0272,2025-05,Comp Sci,5,8.831570965710778,81.62086938927119,91.43344315367298,0.0
H0273,2025-05,Computer Science,4,7.088505517700527,76.09780420907734,90.52874223508381,1.0
H0274,2025-05,ME,7,6.1541638719420115,86.39844287654869,90.36396501051854,0.0
H0275,2025-05,Mech,6,7.445265085604726,85.45911465136216,88.26692311212398,0.0
H0276,2025-05,ECE,7,6.387352569111123,83.1310244328345,88.43200897456626,1.0
H0277,2025-05,Comp Sci,3,6.361240579310124,94.52643699623934,71.80759398225568,1.0
H0278,2025-05,Electronics,7,7.255501730975974,81.46980208168338,81.67600094280378,3.0
H0279,2025-05,Civil Engg,4,6.710507318256941,77.92871204935503,,2.0
H0280,2025-05,CIVIL,5,5.666764930741424,88.67561440160966,90.61036047442401,2.0
H0281,2025-05,Computer Science,5,7.754058511765345,83.94126646677687,79.38840624601332,3.0
H0282,2025-05,Computer Science,7,7.642312255445312,84.25442871118626,82.44530009613803,0.0
H0283,2025-05,Comp Sci,4,6.514879461458144,,92.08973039291483,3.0
H0284,2025-05,CSE,4,7.9427325968057065,95.01812391822925,84.2520746471206,0.0
H0285,2025-05,Mechanical,5,6.573140740636311,100.0,88.01298061828732,1.0
H0286,2025-05,Electronics,5,7.026247941458465,86.44727540193733,88.3969264174866,4.0
H0287,2025-05,cs,4,7.989901731670426,82.34027321224669,,0.0
H0288,2025-05,ECE,4,7.614866003164787,77.78081931356881,96.5148987308596,3.0
H0289,2025-05,Electronics,4,5.91945466434274,82.64790647509749,76.55294095532408,2.0
H0290,2025-05,Computer Science,5,8.143908977085365,72.78702781087138,82.7225974014946,2.0
H0291,2025-05,Civil,5,6.073400309363494,66.68225623140745,90.11997683919145,1.0
H0292,2025-05,CSE,5,6.724833183995858,84.44416573572337,86.89456453380262,
H0293,2025-05,E.E.E,7,6.830826082377701,83.90586567482855,87.90180719631475,3.0
H0294,2025-05,Computer Science,4,6.579790658409241,85.0482468936024,78.1771479878015,0.0
H0295,2025-05,Civil,8,6.003704781075025,89.95613872431171,82.77067363132262,3.0
H0296,2025-05,Electrical,7,6.214315875483672,80.40922057816559,90.89315022020395,0.0
H0297,2025-05,EEE,4,8.293026037730959,90.39884613205668,87.43096213834953,1.0
H0298,2025-05,CIVIL,4,6.8973646535694195,84.87078675622794,83.23806689781559,3.0
H0299,2025-05,Civil,4,6.241447013751551,85.74988593868228,74.09977522329385,0.0
H0300,2025-05,Mechanical,4,7.1945016626388485,76.06757368222377,74.67488380841914,1.0
H0301,2025-05,Civil Engg,5,7.413400523654961,100.0,92.11886308372276,1.0
H0302,2025-05,cs,3,6.197350134400046,99.28287366777158,88.49938445093993,0.0
H0303,2025-05,e.c.e,3,6.524002153859886,83.60278391350775,87.52133784660506,2.0
H0304,2025-05,e.c.e,5,4.996005644388299,92.95018685520895,89.88208681765049,2.0
H0305,2025-05,Civil,7,6.779379526159094,91.68277253723961,89.19394226214766,2.0
H0306,2025-05,Electronics,4,5.613494272188886,93.77314092285249,78.95250985442351,1.0
H0307,2025-05,ECE,8,6.537024561515573,79.48633470979702,85.46836044677075,2.0
H0308,2025-05,Mechanical,5,7.538532837324594,96.36776223552765,86.8206500740989,4.0
H0309,2025-05,Computer Science,8,8.056803572850981,77.73817860012953,89.73611116168716,1.0
H0310,2025-05,Comp Sci,4,7.524071849438857,71.86831197213107,90.32096640180602,1.0
H0311,2025-05,ECE,6,6.712221172024652,82.67692117922158,82.72796733074125,0.0
H0312,2025-05,Electronics,7,7.843643310154716,81.41683973811703,83.07930670207892,2.0
H0313,2025-05,CSE,3,7.922006766278346,93.16194426656983,86.79048651869715,0.0
H0314,2025-05,e.c.e,8,6.018831285550011,74.11769958814125,93.19929415871745,3.0
H0315,2025-05,e.c.e,5,7.148955471639796,89.3681376087748,99.06833829630398,1.0
H0316,2025-05,Comp Sci,5,6.108933791084139,80.82531769545349,85.25729031449185,3.0
H0317,2025-05,Electronics,6,7.252636881466998,97.19795570102634,89.44438868596244,4.0
H0318,2025-05,ME,6,7.859619819845813,76.97464632513075,92.48061035532788,0.0
H0319,2025-05,cs,3,6.969104094414106,100.0,100.0,1.0
H0320,2025-05,Electrical,8,7.841824973902073,96.27524375100754,98.25239253610702,0.0
H0321,2025-05,E.E.E,6,7.111156332121034,85.31340985952001,85.84354406663223,0.0
H0322,2025-05,e.c.e,8,8.388816619360533,90.13727831607069,82.38668380028565,2.0
H0323,2025-05,cs,5,,91.10075025097048,69.31489070163548,4.0
H0324,2025-05,e.c.e,6,6.740533039878175,86.03593242851743,86.97776724897984,2.0
H0325,2025-05,Civil Engg,5,6.392045882573032,95.35642042821559,89.19143320941318,1.0
H0326,2025-05,Mechanical,8,5.95990683800653,80.02669757848471,83.8783035270625,3.0
H0327,2025-05,Civil,7,6.004949812451973,,85.165249309311,3.0
H0328,2025-05,ECE,8,6.8548326862701785,81.9782811942004,88.66102705761247,1.0
H0329,2025-05,Mechanical,6,5.68218453104185,80.77354543510373,81.49392302318881,2.0
H0330,2025-05,cs,7,6.917959097250139,94.24894961582717,79.73392639398581,3.0
H0331,2025-05,ME,5,5.934884967831065,73.64241836020258,86.2532244755666,0.0
H0332,2025-05,CSE,5,7.280645687496101,99.99256771625562,,1.0
H0333,2025-05,Mech,7,7.068485542792517,83.95693945657979,81.48933244136539,1.0
H0334,2025-05,Civil Engg,3,5.20688526087817,89.09212716613287,98.30190290280024,2.0
H0335,2025-05,CSE,7,7.464836676732418,87.81818895850756,88.06884447768293,2.0
H0336,2025-05,Mechanical,3,6.702425397625345,90.24372701433333,81.05266183662899,0.0
H0337,2025-05,CSE,6,7.296294568224584,86.25688158609316,92.75211278528752,0.0
H0338,2025-05,Mech,5,6.4178912556027905,88.00845752192862,99.44063541862863,0.0
H0339,2025-05,Comp Sci,5,7.515439132943997,85.0759720011634,,4.0
H0340,2025-05,E.E.E,5,7.724364728910539,100.0,83.80324085970818,1.0
H0341,2025-05,cs,5,6.809653142717824,81.02559236655763,100.0,1.0
H0342,2025-05,Electrical,5,7.871198846723481,94.20731966315216,90.41489104138887,1.0
H0343,2025-05,Civil Engg,5,7.559677716303797,77.39827058470283,87.63129240145852,1.0
H0344,2025-05,Mechanical,6,7.3628638241054105,79.67134508041019,,2.0
H0345,2025-05,CIVIL,7,6.890889620390552,86.43347046812461,80.08306791437974,2.0
H0346,2025-05,Civil Engg,6,5.594816839228185,58.56044201451385,89.44576299641814,1.0
H0347,2025-05,Electrical,6,6.124296633790483,75.95865054748442,90.57583941427889,
H0348,2025-05,Comp Sci,8,7.951853302291585,80.58014977732351,73.0090603625664,2.0
H0349,2025-05,Mechanical,8,8.010849376237845,91.14139782050799,83.80814129544314,1.0
H0350,2025-05,Comp Sci,3,6.590153001851612,85.44645760336266,89.29228827850578,2.0
H0351,2025-05,ME,7,7.643967073096679,74.29190407724525,77.15118297131147,4.0
H0352,2025-05,CSE,4,8.445351817154288,87.52312531383672,77.39470077898393,3.0
H0353,2025-05,ME,4,5.906082479066594,82.57472135826384,90.08570247178324,1.0
H0354,2025-05,Mechanical,7,6.444678553940792,90.4728925969848,86.62222797923164,0.0
H0355,2025-05,e.c.e,3,6.892384629401544,71.73013899629487,82.92927159692759,
H0356,2025-05,ECE,8,6.4353925036739215,86.08157546495829,84.00177067676574,3.0
H0357,2025-05,Civil,7,5.798333554916902,88.6209926554999,91.04339977158901,2.0
H0358,2025-05,Civil Engg,8,6.567442894385641,85.22678983234236,85.2187412542333,0.0
H0359,2025-05,e.c.e,7,6.07793998755139,87.35227620227877,87.7343897681626,1.0
H0360,2025-05,Mechanical,8,6.521568276977106,89.38251486370277,88.21082006501807,3.0
H0361,2025-05,Electrical,3,6.26211217407765,,85.44264053144778,1.0
H0362,2025-05,Computer Science,8,7.161946058890738,97.48352492125743,94.08956802964698,
H0363,2025-05,CSE,3,7.998092931898246,77.99765722660756,97.5159621595763,2.0
H0364,2025-05,CSE,4,7.4600830704716685,89.7116187948266,,1.0
H0365,2025-05,Mech,3,6.441539909658629,,86.7526025603613,2.0
H0366,2025-05,Electronics,5,7.3625515993254504,82.2469781182619,94.61443843716289,1.0
H0367,2025-05,Civil Engg,7,8.156523471874424,85.98523986751678,82.5595656493672,2.0
H0368,2025-05,Mech,4,6.1836834705405135,100.0,78.23049969264082,1.0
H0369,2025-05,Computer Science,7,8.561270153462806,87.52131558846474,93.49010565894191,1.0
H0370,2025-05,Civil,6,7.0829832281999705,95.1861956295317,91.92739567625523,1.0
H0371,2025-05,Civil Engg,6,6.980653526808941,94.65380317387539,79.41228851271273,0.0
H0372,2025-05,CSE,8,7.419013627527661,99.79135158123457,91.74418796587305,1.0
H0373,2025-05,Electronics,5,5.597012996631896,96.68971938968703,83.43383679564792,0.0
H0374,2025-05,Comp Sci,5,7.357728363286089,87.67913474793974,83.0221612394588,2.0
H0375,2025-05,cs,8,7.3866211150314,89.32544698932696,88.74705047892918,2.0
H0376,2025-05,Comp Sci,6,7.112599869187384,90.5040150680233,96.38272392596713,2.0
H0377,2025-05,EEE,6,7.54038728541893,90.18425786772923,95.32604596342708,1.0
H0378,2025-05,ECE,4,6.5966636784099135,84.08854712753993,92.00418067595412,1.0
H0379,2025-05,ECE,4,6.796151842097658,84.46460130891975,87.52248269922102,2.0
H0380,2025-05,ME,4,7.077202364189959,,83.91466146692447,2.0
H0381,2025-05,ME,4,6.290812055019655,89.43049167596017,81.61603828353499,1.0
H0382,2025-05,E.E.E,4,6.494042987766009,80.67204010065073,84.15786628955011,
H0383,2025-05,Civil,7,6.465721634504262,85.78409851188677,74.90510880200515,
H0384,2025-05,e.c.e,3,6.732781881733624,83.19821447075837,79.04333210838267,2.0
H0385,2025-05,Electronics,6,6.374323284917637,77.15013040906472,68.75570194981344,0.0
H0386,2025-05,Electrical,8,6.123661776421087,77.77523197005837,80.16133497725129,1.0
H0387,2025-05,ME,7,7.084813555657718,93.25836784707509,77.60955782411014,1.0
H0388,2025-05,EEE,5,6.806994698557272,75.61538400999282,88.13250661882915,1.0
H0389,2025-05,cs,3,7.237518250587192,86.93237299316145,84.42992160854385,0.0
H0390,2025-05,Civil,8,,88.94131463935975,93.45138242368557,0.0
H0391,2025-05,Mech,3,7.0684194435555305,83.17317781285178,90.20919408522491,3.0
H0392,2025-05,CSE,7,7.883672808212583,83.90144037292413,65.8352196216652,1.0
H0393,2025-05,ME,7,6.955275114354929,82.44426555761572,77.32199303443937,0.0
H0394,2025-05,Mech,4,6.119024058821744,79.50151277639017,81.62516548633401,1.0
H0395,2025-05,cs,7,7.521977381732119,78.1238416703572,84.57924111495176,0.0
H0396,2025-05,ECE,4,6.607328179171755,85.82888404816869,83.0539039462849,
H0397,2025-05,Civil Engg,4,6.566260322809964,68.96795144024364,72.02850127906524,2.0
H0398,2025-05,CSE,7,6.517523326807283,85.95674875140062,88.65690121335629,1.0
H0399,2025-05,e.c.e,8,7.4446906362892635,93.02331208156397,82.22823729885843,0.0
H0400,2025-05,e.c.e,4,7.405000918215827,85.33025611753884,77.30396860965584,1.0
H0401,2025-05,Comp Sci,8,7.155488444729855,91.70988700338191,79.80684296518673,3.0
H0402,2025-05,E.E.E,8,6.023057645778814,84.57430366953436,82.0948131004785,1.0
H0403,2025-05,Civil,7,5.981291169021834,83.75702333497738,100.0,2.0
H0404,2025-05,Comp Sci,3,8.37421546658576,,82.87893807776736,1.0
H0405,2025-05,EEE,4,7.317222642050443,95.89213954918718,91.90646908477191,0.0
H0406,2025-05,CIVIL,7,6.938110492416694,93.01368065689164,94.11220889790172,3.0
H0407,2025-05,CSE,8,7.471705901441,94.65725323672399,85.89595123985546,0.0
H0408,2025-05,CIVIL,7,6.743713296750317,99.30867120760047,89.22720409071448,0.0
H0409,2025-05,Comp Sci,5,7.625592383123818,95.3561291516262,78.69794047982694,2.0
H0410,2025-05,Electrical,4,7.36028945553729,82.87859781046456,70.35477859015472,0.0
H0411,2025-05,ME,8,6.134349904267511,79.16664849225538,83.93027719656412,1.0
H0412,2025-05,ME,4,6.408615668699801,88.24284092276284,82.11433699182435,3.0
H0413,2025-05,Comp Sci,5,7.22225876691766,89.01840224975587,80.47009576871328,
H0414,2025-05,CIVIL,8,6.556525843682641,92.42583240034988,91.54129929355055,1.0
H0415,2025-05,cs,6,7.778179042209091,86.12593318518162,87.4003968781439,1.0
H0416,2025-05,Computer Science,4,7.770801415598342,95.00652666629013,76.56933494543313,0.0
H0417,2025-05,Computer Science,3,6.302510677068957,98.08507685062985,83.1187967626729,4.0
H0418,2025-05,CIVIL,5,7.334936490259072,,87.49096267403172,2.0
H0419,2025-05,cs,8,7.5508830259404975,87.43038865554465,93.81443768525284,1.0
H0420,2025-05,E.E.E,5,6.389544098516791,92.96582383306874,85.95531737459196,3.0
H0421,2025-05,Mechanical,7,7.043051675391388,85.4430575674512,,0.0
H0422,2025-05,Comp Sci,4,6.14166960673739,88.24159084296458,90.5886680521369,
H0423,2025-05,Comp Sci,7,6.506334786315087,84.88080594418803,77.31876305289276,3.0
H0424,2025-05,CSE,7,7.944793693367783,92.85020528545571,87.11530199731153,2.0
H0425,2025-05,Mechanical,6,7.366147031841786,88.26180246860844,81.53328818447032,3.0
H0426,2025-05,CIVIL,7,7.561943925067869,82.15245615687613,95.56670242087168,1.0
H0427,2025-05,CSE,6,8.083523394717886,94.63066799388253,91.93936732088285,6.0
H0428,2025-05,Civil,5,6.582667303264505,79.57177558049091,86.68478601875078,0.0
H0429,2025-05,Comp Sci,7,,95.04506583348001,94.53619895395263,2.0
H0430,2025-05,CIVIL,8,8.057560710679924,90.01262659145554,84.56468390438434,3.0
H0431,2025-05,EEE,8,4.956768133098125,85.80711452956551,75.7536339939318,2.0
H0432,2025-05,Civil,4,6.233605593315969,90.84735940098405,82.63611048195705,2.0
H0433,2025-05,ME,7,6.040702021452285,100.0,87.9387176481718,0.0
H0434,2025-05,Civil,3,6.753224057529813,76.80912207748484,99.31056769674427,1.0
H0435,2025-05,CSE,6,7.198440184630272,81.42846764885329,95.9216079622276,1.0
H0436,2025-05,Comp Sci,6,6.83945509897449,86.39313115843792,81.68460810399688,0.0
H0437,2025-05,Comp Sci,5,,80.56882195738322,88.28950172620682,1.0
H0438,2025-05,Electronics,8,6.089995715266039,73.68248471167834,89.04582685253656,1.0
H0439,2025-05,Mechanical,8,6.3865246348490015,76.7693678500739,74.69565503560298,4.0
H0440,2025-05,Mech,3,7.367126244010299,99.76521167639532,83.5232533274926,0.0
H0441,2025-05,Civil Engg,4,6.637199146705616,,81.15727591096979,
H0442,2025-05,CSE,4,6.288032636729807,91.19446841285801,75.25311855626322,1.0
H0443,2025-05,Mech,8,6.475834112268575,82.74838323875706,83.02177117318486,0.0
H0444,2025-05,CSE,6,8.430138500155433,,87.72093746305032,0.0
H0445,2025-05,CSE,7,5.828330302110468,82.56932177398504,90.54883739938761,2.0
H0446,2025-05,Mechanical,7,7.049629546322015,80.86843152646351,82.12495452088216,5.0
H0447,2025-05,E.E.E,7,5.691106939421505,81.07381048822329,77.60816626614712,2.0
H0448,2025-05,ME,3,6.703324911746614,95.60514735655748,80.64854025740166,1.0
H0449,2025-05,Computer Science,3,7.920855940843025,86.84408350657877,95.8018690525396,0.0
H0450,2025-05,ME,5,7.128544445555384,87.23908472135803,92.11031656695135,0.0
H0451,2025-05,Computer Science,5,7.997793099474146,92.47790417196337,79.5489445973202,3.0
H0452,2025-05,Civil Engg,7,6.547920412691042,97.2167251532816,84.36735121617342,1.0
H0453,2025-05,ME,3,6.952596008015607,84.18259366745443,80.07745284726144,2.0
H0454,2025-05,CSE,5,7.126829452971816,83.1619589511579,75.78509291400539,1.0
H0455,2025-05,CSE,4,7.7057648557940635,84.44954788619097,87.11607623555732,
H0456,2025-05,CSE,4,6.942967931251604,90.79873469982068,98.39762375359696,1.0
H0457,2025-05,EEE,4,6.247352043792167,,87.03462839616247,1.0
H0458,2025-05,Electronics,4,6.604392243776315,78.03511339426437,83.5245780186335,1.0
H0459,2025-05,CIVIL,6,,81.6442314474333,90.84244375875373,1.0
H0460,2025-05,Mechanical,5,8.694559748946256,89.97333819460141,92.22942799246543,2.0
H0461,2025-05,Mech,5,7.111259923582578,76.96024809923327,81.05961369634929,2.0
H0462,2025-05,cs,5,7.947693454661153,98.31287668546338,97.10167536344095,
H0463,2025-05,EEE,7,5.94370266991318,89.59886745713908,75.22464692411015,0.0
H0464,2025-05,Computer Science,8,6.370197477354732,91.04911369878808,98.00829150769621,0.0
H0465,2025-05,ME,6,5.888244253764807,95.64717783332313,91.45500474917786,3.0
H0466,2025-05,Mech,6,5.304060680084862,87.25581174604582,87.02333472861378,2.0
H0467,2025-05,ME,7,7.276434810431386,100.0,85.04908034382466,3.0
H0468,2025-05,EEE,7,5.848279410028739,75.57972867399582,69.00138100711682,1.0
H0469,2025-05,cs,3,7.655261368268509,75.35782285036208,82.68125440176236,0.0
H0470,2025-05,Electronics,8,6.958764067182998,74.86743352373352,84.24098751788102,4.0
H0471,2025-05,ECE,3,6.008740449448089,85.84664097505205,,2.0
H0472,2025-05,e.c.e,5,6.179699538837832,91.64952942315807,78.20589457772546,1.0
H0473,2025-05,CSE,6,8.475052900413528,,91.76128296837825,3.0
H0474,2025-05,Comp Sci,5,7.560653554398536,100.0,78.20650259169882,3.0
H0475,2025-05,Comp Sci,4,7.521362657745472,85.13886383965549,88.07230119408352,0.0
H0476,2025-05,Computer Science,8,7.07569079449561,88.832965519693,78.49241280263897,2.0
H0477,2025-05,Electronics,3,7.516103941472092,69.01153319287069,78.04348371668846,1.0
H0478,2025-05,Mechanical,4,6.397038547797624,77.31824175670053,93.49982605386842,4.0
H0479,2025-05,Mechanical,8,7.247997826169089,92.91410637724583,76.55098447759116,0.0
H0480,2025-05,ECE,7,7.154601874507055,83.5153212401089,69.75412539466228,0.0
H0481,2025-05,ECE,3,8.366276036603615,89.26174905938812,100.0,2.0
H0482,2025-05,CSE,7,8.717891706432974,85.5797624495691,85.41541675631026,2.0
H0483,2025-05,Mech,8,6.7515242928708314,79.2196212590452,75.92695740423747,1.0
H0484,2025-05,CSE,3,8.090451806811874,85.73695509733702,93.57791400063641,0.0
H0485,2025-05,cs,5,7.158702579079732,99.03452716777667,82.2215059959351,1.0
H0486,2025-05,e.c.e,5,7.153410581279798,97.76567053176063,81.72829119283521,0.0
H0487,2025-05,e.c.e,3,5.733252605251744,,82.71520834149182,3.0
H0488,2025-05,Computer Science,4,8.147102410934737,96.90840944529754,90.88614963723519,2.0
H0489,2025-05,ME,4,7.3137630799426,98.5735244487649,90.18447608520623,1.0
H0490,2025-05,Mech,4,5.5596592383458985,80.89743104166209,92.14958080326613,1.0
H0491,2025-05,ME,5,7.0735042332477835,72.73958262978756,92.89318031830071,1.0
H0492,2025-05,ME,5,7.303931504422866,95.61685442844396,84.76392416105088,3.0
H0493,2025-05,Mech,4,6.5429847862711705,74.71326049414131,92.84753050357365,2.0
H0494,2025-05,Comp Sci,4,6.962749654012025,75.07538199571515,94.20541751880772,3.0
H0495,2025-05,Civil Engg,4,5.0986144377431675,87.55660774695052,78.86626528159402,1.0
H0496,2025-05,e.c.e,7,6.96115293112875,82.57400417482015,92.812599716803,3.0
H0497,2025-05,ECE,4,7.139026499059546,93.77106212392746,100.0,1.0
H0498,2025-05,ME,8,7.116242630076637,79.34334768723369,84.98204851120907,3.0
H0499,2025-05,ECE,6,6.2810447201728605,81.77515912567476,84.79884315564276,3.0
H0500,2025-05,ECE,7,7.039821827823701,83.15236434308216,65.85745751138614,3.0
H0501,2025-05,Mech,6,5.416369693920755,93.44971843499994,85.5801793772306,3.0
H0502,2025-05,Civil,4,6.557788327601153,80.36449732381661,90.50714363902546,1.0
H0503,2025-05,Electrical,6,6.990456461451407,82.94219494751827,85.9705469117066,4.0
H0504,2025-05,e.c.e,4,7.867800876302365,63.66991181517649,91.31198083380757,2.0
H0505,2025-05,e.c.e,3,5.83275384840705,84.89454789374956,90.57443443339412,1.0
H0506,2025-05,Civil,4,7.545627584854575,69.0076554565751,80.96777381418603,
H0507,2025-05,Computer Science,4,7.68334613168133,98.25276502122735,80.71010686427057,1.0
H0508,2025-05,CIVIL,3,5.9992257694070865,85.42013155811492,88.12962069282274,0.0
H0509,2025-05,e.c.e,3,6.950355633423899,99.93075965925351,89.88554025395193,0.0
H0510,2025-05,Computer Science,8,8.336887432529464,,86.51655019747832,1.0
H0511,2025-05,Computer Science,6,6.739261970230317,87.4782671410216,87.86224406167203,0.0
H0512,2025-05,Civil Engg,5,5.213057710373114,73.03882537581255,80.6444408998545,1.0
H0513,2025-05,Comp Sci,8,7.613849136139063,86.78979267514342,93.65578895766548,2.0
H0514,2025-05,Computer Science,4,6.955488106415773,85.4951112056254,87.09846586386033,4.0
H0515,2025-05,CSE,5,7.483805487960121,86.56511149739154,90.40196406775794,1.0
H0516,2025-05,cs,8,6.6408454423225365,,81.56534924594594,0.0
H0517,2025-05,Comp Sci,6,7.10141488820346,79.36846279890572,79.34757119755083,1.0
H0518,2025-05,Mech,5,6.105931454417151,100.0,89.52909853815733,2.0
H0519,2025-05,Computer Science,4,6.721226225707731,,100.0,1.0
H0520,2025-05,Civil,3,7.256013132653283,74.92976958917083,86.1792173119484,1.0
H0521,2025-05,CIVIL,3,7.979623349745163,88.63330844252297,80.05118141688808,0.0
H0522,2025-05,e.c.e,3,7.532192157442583,82.43717830020496,98.63260339714255,3.0
H0523,2025-05,Comp Sci,7,7.459575528903731,93.0006104385913,98.82033099041772,1.0
H0524,2025-05,ME,6,8.283345593221037,75.46191307888104,98.24538540269747,0.0
H0525,2025-05,Computer Science,5,7.497206232816105,88.37405851873939,86.28230663975121,1.0
H0526,2025-05,Electronics,7,6.840079958532572,100.0,82.57781994549325,0.0
H0527,2025-05,EEE,3,4.962817347306221,89.29489078979026,82.32308193811126,0.0
H0528,2025-05,E.E.E,4,7.368130424378034,,85.51629423003209,2.0
H0529,2025-05,Civil,5,5.590644336939709,87.59305313379649,86.56714882713322,3.0
H0530,2025-05,cs,8,8.072756614411952,86.43338436500458,86.165771954052,1.0
H0531,2025-05,Mech,6,6.066494544443618,89.10207920962331,82.1492569530856,2.0
H0532,2025-05,Mech,8,7.594873698284859,89.72588082900049,87.98163219608448,1.0
H0533,2025-05,e.c.e,4,5.624848001804342,87.12140344520404,80.828580663511,1.0
H0534,2025-05,ME,8,6.0727740601694835,79.13740338372448,72.31979454654825,1.0
H0535,2025-05,Comp Sci,3,,72.8981433270323,79.79447449491066,0.0
H0536,2025-05,Computer Science,4,6.426247548071664,92.46145428039866,89.61509264766525,2.0
H0537,2025-05,ECE,6,7.803184677492688,78.45466601665878,87.34391119631886,1.0
H0538,2025-05,Computer Science,3,8.104715493567966,96.19718577402843,78.21689250539538,0.0
H0539,2025-05,Computer Science,8,7.814288216934113,82.09042306281762,87.933201957384,3.0
H0540,2025-05,CIVIL,8,6.453977579230676,100.0,85.00683065289435,2.0
H0541,2025-05,EEE,6,5.933379248420725,75.60233769518027,89.33334754069732,2.0
H0542,2025-05,Mechanical,4,6.026713997449777,88.1809786038012,88.16128420262447,0.0
H0543,2025-05,CIVIL,3,5.80921874624649,67.59567069536891,89.19607778684289,1.0
H0544,2025-05,EEE,6,6.30138897415456,,89.62342308761671,3.0
H0545,2025-05,cs,6,6.936436786966903,80.05395152993174,75.0730537170581,3.0
H0546,2025-05,ECE,7,7.343539564898816,,85.7149653392238,0.0
H0547,2025-05,e.c.e,6,5.9340154343803135,87.09357335394063,86.38805354657043,0.0
H0548,2025-05,Computer Science,3,7.603289114849214,91.83287969582288,77.38356456393731,0.0
H0549,2025-05,Civil Engg,3,,91.47200138242293,91.11818983257183,1.0
H0550,2025-05,Electronics,7,7.122693673520603,84.59528163801129,73.19609980884019,2.0
H0551,2025-05,ECE,3,6.593722535952328,94.46480179142488,96.1979883282464,2.0
H0552,2025-05,CSE,8,6.70573365628001,87.34078186517114,86.89583388202574,0.0
H0553,2025-05,Comp Sci,3,8.96607361172178,78.08786773077408,82.68028722950433,0.0
H0554,2025-05,E.E.E,7,6.620708471889348,79.5922324527394,79.20582887722738,2.0
H0555,2025-05,CSE,8,6.816724670480226,,,0.0
H0556,2025-05,cs,5,6.926384613850649,94.72482024550186,84.84630380951745,2.0
H0557,2025-05,cs,3,7.0014554533586475,74.77372099110374,99.60522501895322,0.0
H0558,2025-05,ECE,8,6.382604984276203,80.57861511707068,80.85160580912579,0.0
H0559,2025-05,Mechanical,4,6.457705994167761,76.47893549224722,85.6912393587178,2.0
H0560,2025-05,e.c.e,6,5.634062691200297,85.00676710557454,96.12986588245063,1.0
H0561,2025-05,Comp Sci,8,6.632458184496691,85.5800411503949,90.21241268914594,
H0562,2025-05,Comp Sci,7,7.279807691938363,86.39895487629092,81.56515144561972,0.0
H0563,2025-05,Civil,3,7.506002586046177,94.91486884327432,82.82875658615573,1.0
H0564,2025-05,ME,7,5.895248930542068,,87.87820739322014,1.0
H0565,2025-05,Mechanical,3,5.722828763322618,78.2846172375725,92.72113945162559,2.0
H0566,2025-05,ME,7,6.84982353378318,91.99823903078169,80.54879359242717,0.0
H0567,2025-05,CIVIL,6,6.084247406167371,87.1266051700083,79.6840296411177,1.0
H0568,2025-05,CSE,4,8.249697141837304,83.41057882115336,84.96406933789974,1.0
H0569,2025-05,ECE,5,7.208322191513455,78.37180530844515,86.17441364592148,4.0
H0570,2025-05,ECE,3,7.272461478322089,86.6575997253775,99.90914024244952,4.0
H0571,2025-05,Computer Science,8,6.547498535639557,80.8112260597363,92.2141864537067,0.0
H0572,2025-05,Civil Engg,4,7.063626312649583,77.62265886002696,86.67641516075433,
H0573,2025-05,ECE,4,7.505063332374024,94.3772605855735,88.76490369148154,1.0
H0574,2025-05,Civil Engg,6,6.8548857890713,98.41046479491,89.27582168075068,1.0
H0575,2025-05,Civil,7,6.437085754528083,100.0,74.58980197988848,0.0
H0576,2025-05,ECE,6,7.386359860783707,85.33313868751017,87.51068160360201,0.0
H0577,2025-05,Electrical,6,7.312417506634394,90.29674603682939,100.0,2.0
H0578,2025-05,Mech,6,5.627795458303157,78.99524750145913,78.08359565510092,1.0
H0579,2025-05,Civil,8,6.817580864719431,84.96471144378216,68.65301193723016,2.0
H0580,2025-05,CSE,5,6.6434425079531225,80.7336151740269,98.6722469554076,1.0
H0581,2025-05,e.c.e,7,6.36150566166098,93.38153022906165,80.56855248816406,1.0
H0582,2025-05,Electronics,7,5.814316263837241,80.643947204168,82.45269700175375,2.0
H0583,2025-05,Computer Science,8,6.8041115501597975,96.94025114701175,94.56663817953057,3.0
H0584,2025-05,e.c.e,8,6.391939707217025,93.25777830806128,92.25546313219684,0.0
H0585,2025-05,E.E.E,7,7.7642833461609655,89.63012662389417,97.83866203486696,0.0
H0586,2025-05,Mechanical,4,5.411161298727745,87.57742748811786,88.04846717175448,1.0
H0587,2025-05,cs,7,7.265076038915632,79.25170705389208,88.7809294072817,1.0
H0588,2025-05,CSE,7,7.700328029668711,81.99207417774466,96.62165491763766,1.0
H0589,2025-05,Computer Science,4,7.63522767568674,71.67561484462098,76.40394401606048,0.0
H0590,2025-05,cs,7,6.2815628460423305,80.98270034117479,98.54115128802397,2.0
H0591,2025-05,EEE,4,7.00757746129188,79.21886220051833,61.284446276722356,1.0
H0592,2025-05,e.c.e,6,6.969653428504079,90.4526970408235,83.61584317612935,3.0
H0593,2025-05,Comp Sci,7,8.632671453497613,,88.2274087308003,2.0
H0594,2025-05,ME,4,6.85227551222557,84.61073853474873,89.06546524484082,0.0
H0595,2025-05,Computer Science,5,7.910488926228312,93.72389166709591,70.84194136185053,1.0
H0596,2025-05,CSE,7,6.810378809008749,78.97707831988765,77.12724082911994,1.0
H0597,2025-05,Mechanical,5,7.390086393164987,82.73409165926907,88.77992764598794,2.0
H0598,2025-05,ME,8,6.725331767836376,75.46317052402765,97.6158876244752,2.0
H0599,2025-05,Electrical,3,6.57075253493228,83.712239611886,81.80583324901102,1.0
H0600,2025-05,Mechanical,7,5.732309929161071,84.61298253708735,81.76639726350025,2.0
C0001,2025-05,Electronics,7,5.844803493249332,76.48379033423521,82.94453274027062,1.0
C0002,2025-05,CIVIL,8,6.0790839071601965,89.9369060890085,91.32339658151537,2.0
C0003,2025-05,EEE,3,7.0395054103075925,82.13415772512765,97.99285206606295,4.0
C0004,2025-05,Mech,8,6.883184701772058,70.32914090480948,85.4808348861989,1.0
C0005,2025-05,E.E.E,5,5.242477470771268,78.12920519172455,86.87592133565249,0.0
C0006,2025-05,Civil Engg,5,7.034271409100639,89.86518265435325,80.48657605758622,0.0
C0007,2025-05,CIVIL,5,5.1266646902199255,70.857879852753,82.90169296466739,2.0
C0008,2025-05,Comp Sci,6,6.578125234703368,89.12960494966609,90.58589290543792,1.0
C0009,2025-05,Mechanical,6,6.524438420005021,78.68267330263595,91.23330402474738,0.0
C0010,2025-05,e.c.e,5,6.678167630825218,78.81451958914238,78.57060294479544,1.0
C0011,2025-05,ME,3,6.805671362175111,80.25762642218255,,0.0
C0012,2025-05,ME,8,6.600497162918867,81.19549955695045,77.70620969813783,2.0
C0013,2025-05,Electrical,4,5.502564735403594,81.5418274340111,69.33140572605399,0.0
C0014,2025-05,Electrical,3,7.0516363116035,91.95856877348918,91.70726643442022,1.0
C0015,2025-05,cs,6,6.818640415529123,94.85155383482638,91.62231589767055,1.0
C0016,2025-05,ME,5,6.813395737335646,92.01754335051585,96.25416581076395,2.0
C0017,2025-05,Mech,6,7.4855179765544975,,78.0749307768387,0.0
C0018,2025-05,Computer Science,8,6.227234257306861,84.27891675138692,91.29290581326684,0.0
C0019,2025-05,cs,3,6.7591898075779575,88.68679114843974,84.4393214662209,0.0
C0020,2025-05,Comp Sci,4,7.742732812563849,91.76853526742623,95.75032803722596,2.0
C0021,2025-05,CIVIL,6,6.960874887278682,86.6445309622717,87.20125532667709,2.0
C0022,2025-05,e.c.e,7,6.964317083080784,84.48684408703618,82.4478893933972,1.0
C0023,2025-05,E.E.E,6,6.734315640773054,93.13832291107815,77.92044381760698,4.0
C0024,2025-05,e.c.e,5,6.841900942134767,85.98372587941269,88.43900959356223,1.0
C0025,2025-05,Electrical,6,6.39805778447159,86.52288527325959,84.59177821338679,2.0
C0026,2025-05,Electronics,8,7.131903975630242,95.65504412296377,83.2283753407294,2.0
C0027,2025-05,Civil,5,7.489319470100426,100.0,93.05723030482028,3.0
C0028,2025-05,cs,8,7.608842934860593,82.36403470567649,92.29392852138108,2.0
C0029,2025-05,Mech,7,5.667123190399825,82.23996092001764,70.34386716247799,1.0
C0030,2025-05,CIVIL,4,5.3254595868661445,90.53664166478617,78.03978312213101,0.0
C0031,2025-05,Electrical,4,6.8184432132063755,88.22329753299732,87.75655665588528,3.0
C0032,2025-05,Civil,7,5.239844465005175,84.26274444560767,81.2527271939244,2.0
C0033,2025-05,Computer Science,4,6.535316202552109,100.0,80.7761290514846,1.0
C0034,2025-05,ECE,5,6.203567354158212,,76.07460493019214,2.0
C0035,2025-05,Comp Sci,4,7.554768338504533,83.35907271159941,79.03932279869088,
C0036,2025-05,cs,6,8.195027544855424,83.29184874852888,92.70974310915436,1.0
C0037,2025-05,ME,4,6.415406570005336,86.91013682057184,81.68767219175909,
C0038,2025-05,ME,6,5.841579772623218,86.95828054637067,71.18640555484838,0.0
C0039,2025-05,Civil Engg,8,6.2923174757550875,82.71176373530515,77.55372085257969,2.0
C0040,2025-05,Civil Engg,7,8.551564239100067,86.30475245608287,81.59955072412967,1.0
C0041,2025-05,Mech,8,7.1752584856089445,88.64886935927093,87.63628743484723,2.0
C0042,2025-05,Civil,3,6.665627437968641,86.89984078914337,78.63662050232486,1.0
C0043,2025-05,CSE,5,7.445590830061091,89.9808069453378,75.98329985390974,2.0
C0044,2025-05,CSE,4,5.968914321234985,78.43777171489421,86.80284788802248,1.0
C0045,2025-05,Mech,8,6.448632187103549,94.47348361971635,85.7633251105437,3.0
C0046,2025-05,Civil Engg,7,6.314166394675793,78.1904578740028,93.89957028365879,2.0
C0047,2025-05,Comp Sci,4,6.715172190340781,,93.51389896798725,2.0
C0048,2025-05,ECE,6,5.63584583440943,94.61752468684796,78.5323757442166,2.0
C0049,2025-05,ME,6,7.053270663755879,83.36991938568495,90.12522424488846,0.0
C0050,2025-05,Comp Sci,5,7.574814360205751,100.0,93.03367646357366,1.0
C0051,2025-05,e.c.e,5,7.467763878379287,88.88694241434926,78.7067804788128,
C0052,2025-05,Civil Engg,3,5.915101739336867,80.67687785343833,85.59400863735453,0.0
C0053,2025-05,ME,5,6.712064072441015,91.90361065530192,,
C0054,2025-05,CSE,5,7.338116219693709,81.8165125431621,84.68053525421563,1.0
C0055,2025-05,Civil,7,7.282904469257307,84.07636686717626,83.54488469033743,2.0
C0056,2025-05,cs,8,7.6549845524424445,86.07785277287002,98.36577766248786,1.0
C0057,2025-05,Civil Engg,7,7.026084511743722,89.57354176750047,92.05259189690702,0.0
C0058,2025-05,cs,3,7.7033183487140295,90.39103365587276,94.71982489626745,1.0
C0059,2025-05,ME,8,7.794497589165354,94.25008676276609,94.29817596737071,2.0
C0060,2025-05,e.c.e,5,7.009571454089145,94.60413988897031,,2.0
C0061,2025-05,CSE,5,6.877273722407134,91.62087088180249,85.45943985258612,2.0
C0062,2025-05,Civil Engg,8,7.368890498718719,95.61234808360868,89.6090070710502,2.0
C0063,2025-05,Comp Sci,8,5.710696460766693,87.3438974508913,78.57923342006447,1.0
C0064,2025-05,cs,3,7.885428900556091,85.29607043120755,97.86949730120556,4.0
C0065,2025-05,Comp Sci,5,7.626063281141119,89.33012404852121,84.07623366782548,0.0
C0066,2025-05,Mechanical,7,7.446236331247022,90.9181555777535,73.55504826203664,1.0
C0067,2025-05,CIVIL,6,8.130065436166001,97.28110892402255,81.02890233358383,1.0
C0068,2025-05,EEE,4,7.224819057991541,79.14520548367551,81.67012392126396,1.0
C0069,2025-05,Comp Sci,6,7.20077234556182,86.99981206341221,89.82091612683644,0.0
C0070,2025-05,e.c.e,8,5.097199495128141,85.14140693848472,64.99657354622569,1.0
C0071,2025-05,CSE,4,7.52487702920982,94.54117363418781,89.15455762472271,1.0
C0072,2025-05,Mech,7,7.9481833901851395,84.83374724232232,87.09358907441903,1.0
C0073,2025-05,EEE,7,5.970164192503282,85.1228769330461,99.10151745378386,1.0
C0074,2025-05,Mechanical,8,6.994114695075816,78.52117228078214,81.44747211823307,0.0
C0075,2025-05,ME,4,,79.60628284032472,84.9221195428085,1.0
C0076,2025-05,Electronics,4,7.082637783459689,100.0,82.39489616843355,1.0
C0077,2025-05,Electrical,6,6.07071913760968,83.80534691182268,83.90384110145328,2.0
C0078,2025-05,Electronics,6,6.995620721845795,100.0,,0.0
C0079,2025-05,cs,5,7.521684653723247,89.61512943593978,100.0,4.0
C0080,2025-05,e.c.e,7,7.0444374835484345,83.50701917437682,83.91157000014688,2.0
C0081,2025-05,Computer Science,7,7.791140675664231,100.0,87.80402691803441,2.0
C0082,2025-05,Comp Sci,4,8.128692329671802,98.32043478927964,96.89270783822748,3.0
C0083,2025-05,Computer Science,7,7.154545056109338,87.45428093463465,82.39608348199741,1.0
C0084,2025-05,ECE,4,7.732895739909985,75.11831429899735,94.29604209582887,6.0
C0085,2025-05,ME,5,7.006796115002758,91.40002156582801,90.57773590186036,3.0
C0086,2025-05,CSE,3,,98.9605598516035,91.77273890799184,0.0
C0087,2025-05,e.c.e,5,8.444339980247785,96.79570278793763,88.42765599179619,1.0
C0088,2025-05,Electrical,8,6.633703173303111,90.05824450941684,88.83750205523843,0.0
C0089,2025-05,CIVIL,5,6.423033485703444,92.6269647674277,,1.0
C0090,2025-05,Electronics,7,7.201547601476458,82.1512044276985,92.30660205303053,2.0
C0091,2025-05,Comp Sci,3,6.249332106917482,95.9188685522544,77.90480735329854,2.0
C0092,2025-05,CIVIL,6,6.358380846353557,88.69937276014242,91.39703875617263,1.0
C0093,2025-05,CSE,5,7.962752448913385,90.71449719669648,92.36405971605755,2.0
C0094,2025-05,CSE,7,8.336630265610179,100.0,100.0,0.0
C0095,2025-05,Electrical,8,6.4429056342447035,87.3171266681901,90.55024410293805,2.0
C0096,2025-05,Electronics,6,,76.2236461437156,80.46265233243423,1.0
C0097,2025-05,Mech,3,6.765739120781302,92.75040655282329,87.58692487217724,2.0
C0098,2025-05,Mechanical,5,6.175782662046241,100.0,96.88498649665637,3.0
C0099,2025-05,Mech,3,6.373158133352246,77.14932755839438,83.68385339844161,1.0
C0100,2025-05,cs,5,6.676405176732554,88.71819191058621,81.16351647674493,3.0
C0101,2025-05,Computer Science,3,8.013923074801307,90.43733382730001,97.80305299330838,1.0
C0102,2025-05,cs,6,7.374069907127658,93.02808715757097,87.70578964251072,0.0
C0103,2025-05,cs,4,6.601197078807416,83.30151077891965,,2.0
C0104,2025-05,Civil Engg,4,6.157101064075685,89.92564973841206,76.7190559410294,3.0
C0105,2025-05,CSE,3,7.826914748145347,76.81113904115533,89.8706916837945,1.0
C0106,2025-05,Mechanical,8,6.935344965600848,94.1633284878203,73.84157529104688,2.0
C0107,2025-05,Civil,8,6.797564660162666,83.64233398918226,91.55677461634006,2.0
C0108,2025-05,Civil Engg,7,6.415985484904866,99.30240349780344,84.08007769578909,2.0
C0109,2025-05,e.c.e,3,7.466704729062531,96.4997360036607,78.9744591807574,4.0
C0110,2025-05,Electronics,5,6.975357542117145,82.73059980093647,93.88064507364982,1.0
C0111,2025-05,E.E.E,8,5.7809044043009346,92.47579898349095,81.87552072328708,3.0
C0112,2025-05,Mechanical,6,7.141435942673533,98.84287939213912,83.57311772952052,1.0
C0113,2025-05,Civil,3,7.248168815211699,76.48601016242313,74.57186856508152,1.0
C0114,2025-05,Electrical,3,5.195962563875239,75.94653175433608,74.19310948566472,0.0
C0115,2025-05,Civil Engg,4,6.350295812699101,81.25584391256166,86.43228173630175,2.0
C0116,2025-05,CSE,8,7.627842701050944,70.68237872120972,85.09162473639637,2.0
C0117,2025-05,ME,4,6.32067318463095,89.01054273018909,84.58021453359507,2.0
C0118,2025-05,Computer Science,8,7.005565487348403,96.72629811998046,84.47030304669718,0.0
C0119,2025-05,Mech,7,6.28135732717029,88.64130747408161,99.33148855219062,0.0
C0120,2025-05,Electrical,8,7.170067739176118,93.18817394777702,94.67130364211678,2.0
C0121,2025-05,e.c.e,7,5.844347554739789,87.92281230571733,97.50420854126224,1.0
C0122,2025-05,e.c.e,4,6.863325636411789,87.51192960681348,80.28632207524731,1.0
C0123,2025-05,cs,7,7.487710666977343,72.24734575998669,94.02343859620615,0.0
C0124,2025-05,E.E.E,4,5.9704128220107835,91.56898922759262,79.76710737510751,2.0
C0125,2025-05,Computer Science,4,6.6218389848121975,91.01180241294156,72.47802634840711,1.0
C0126,2025-05,CSE,4,7.514703243487352,86.61050652281494,78.42456556697779,3.0
C0127,2025-05,Computer Science,3,7.01554558427413,82.79115025638731,98.36873589025143,2.0
C0128,2025-05,cs,3,6.028875190835398,81.70161304982177,,0.0
C0129,2025-05,ECE,4,6.455802739165343,86.35487346573565,94.40224017526242,0.0
C0130,2025-05,ECE,3,8.136303705101934,89.70621830489554,78.04265418743461,3.0
C0131,2025-05,CSE,5,6.209745385960156,80.10311846969425,86.61527380196843,1.0
C0132,2025-05,cs,3,6.81997407472722,,84.47308735595317,2.0
C0133,2025-05,Comp Sci,3,8.339888293694605,85.29686691591615,76.33904174163862,
C0134,2025-05,e.c.e,8,5.965425745575176,84.56484462885224,93.48649210465088,1.0
C0135,2025-05,Computer Science,3,6.226123679268098,93.83942643010558,91.94782884317962,3.0
C0136,2025-05,Mechanical,3,6.880677275016351,78.95303098935096,82.07118763578744,2.0
C0137,2025-05,Comp Sci,3,7.1409632192061245,72.2014352494515,97.78731253723038,2.0
C0138,2025-05,cs,3,6.946719551839129,86.08498745825456,77.80437133455709,1.0
C0139,2025-05,ECE,6,6.557818351805329,85.43529835401483,83.96251501325838,1.0
C0140,2025-05,Electronics,7,7.361267137376003,92.52802107850165,,1.0
C0141,2025-05,cs,7,6.796379622993228,86.97877349761323,85.40102533152991,1.0
C0142,2025-05,Computer Science,6,7.530071443684089,,98.01817986459513,3.0
C0143,2025-05,Civil Engg,3,6.679803749048412,96.3070356962433,83.78603094242698,1.0
C0144,2025-05,Comp Sci,7,7.261813591976265,81.70211141050552,79.80482880854467,2.0
C0145,2025-05,ECE,3,5.678099592551108,89.20742569570156,86.79282234368169,0.0
C0146,2025-05,e.c.e,6,6.154004743082864,94.42161843516318,79.64672592379411,2.0
C0147,2025-05,Computer Science,5,6.636653747180223,80.20667992531645,83.85103166150583,0.0
C0148,2025-05,Electronics,8,6.630394845169589,81.20416996753782,91.36440959411085,3.0
C0149,2025-05,Civil,4,7.270456523281915,85.93327464888365,77.73919685809679,2.0
C0150,2025-05,CIVIL,6,5.753936144728265,78.278592176132,88.3925169860262,0.0
C0151,2025-05,Computer Science,5,7.947733299289053,77.337798494548,82.92929609697012,0.0
C0152,2025-05,CSE,6,7.243828630517562,88.02864748734838,92.3261144643224,2.0
C0153,2025-05,Comp Sci,8,6.76236994455397,81.51953141785641,91.94152622540591,3.0
C0154,2025-05,ECE,7,5.7682916263371675,79.76603589439107,96.48840907288853,2.0
C0155,2025-05,Mechanical,5,7.2192028998152225,85.49819052472377,90.10990802165425,3.0
C0156,2025-05,CSE,5,7.744234465649494,99.50560418146027,97.62412402904718,1.0
C0157,2025-05,CSE,7,6.99330967228862,92.1957427102351,86.58830008514117,0.0
C0158,2025-05,Electrical,5,6.984716465348015,89.51474827334738,81.83019218543197,2.0
C0159,2025-05,Comp Sci,4,7.738995963341711,80.18494636471928,85.25765965135365,0.0
C0160,2025-05,e.c.e,5,6.4787220847945655,70.47381362947203,88.6915902675554,1.0
C0161,2025-05,Mechanical,3,7.12578356114552,84.53838547892697,100.0,0.0
C0162,2025-05,cs,4,7.719221860444802,93.03357088489801,86.62468636559974,1.0
C0163,2025-05,Comp Sci,5,7.041099937988368,100.0,97.21777795608655,1.0
C0164,2025-05,CSE,7,8.081915415732599,91.84810432530614,78.8009041319293,0.0
C0165,2025-05,E.E.E,7,5.969941964727166,97.26884432562079,87.00634553801717,2.0
C0166,2025-05,CSE,4,6.582719601290392,82.20307860458936,87.76918883928792,2.0
C0167,2025-05,CSE,5,7.329491021335736,90.57658425045032,86.1527698365805,2.0
C0168,2025-05,Computer Science,3,7.617862697880961,75.80892475098176,86.28378608594934,0.0
C0169,2025-05,CSE,7,7.526846949086908,84.26607358255247,84.7742420743029,1.0
C0170,2025-05,Mech,4,7.265921755153791,97.66143045702518,88.73202704777589,0.0
C0171,2025-05,Comp Sci,7,7.198508131792554,83.98646262234205,,1.0
C0172,2025-05,Mechanical,8,6.46523158735097,79.54730112809325,90.35666275892748,1.0
C0173,2025-05,Mech,7,7.137319601403833,76.51919561574813,83.96731954147961,1.0
C0174,2025-05,Civil Engg,4,7.205559485505134,93.44094158137369,86.62232644527018,1.0
C0175,2025-05,Comp Sci,8,6.566630250797559,92.01143547689041,,1.0
C0176,2025-05,Civil Engg,7,7.418377611235288,,83.01812215970006,0.0
C0177,2025-05,Mechanical,6,5.990093268429892,84.76419409024076,78.91180929235915,
C0178,2025-05,CSE,8,7.019769499104162,,86.77451814646457,0.0
C0179,2025-05,Civil Engg,8,4.998491970120485,76.53748275034785,71.69964777028869,2.0
C0180,2025-05,CIVIL,3,6.612606639100074,90.20673084244368,78.15622306922583,2.0
C0181,2025-05,Comp Sci,8,,87.2566977111522,74.45532565436136,2.0
C0182,2025-05,E.E.E,7,5.957744837452944,85.64800090332324,79.6792868509434,5.0
C0183,2025-05,ECE,4,8.380419108171797,91.3215067182799,86.53274809738761,3.0
C0184,2025-05,Mechanical,4,6.695841287002259,80.79024731665949,75.39135673121669,4.0
C0185,2025-05,EEE,7,7.287256357694128,96.28023943332876,81.04113915571703,3.0
C0186,2025-05,ECE,4,6.737779197250685,73.06037271856779,85.7427723872962,2.0
C0187,2025-05,Civil Engg,5,6.667530302148978,92.40919236429909,86.69846640641626,1.0
C0188,2025-05,Comp Sci,7,6.029860675837242,91.0918826593436,87.50044882688368,0.0
C0189,2025-05,Civil Engg,6,6.428957226371581,87.75217134257299,74.94750542224743,0.0
C0190,2025-05,Mech,8,8.302426220408886,68.54524327283909,89.82513868433198,1.0
C0191,2025-05,cs,3,7.068809233519569,91.18538216533078,85.9433105159458,1.0
C0192,2025-05,Electronics,4,6.920416270421334,,97.34670454869186,0.0
C0193,2025-05,Comp Sci,8,6.955191214759694,97.92885390375855,85.80001654434872,1.0
C0194,2025-05,cs,6,9.117064561981554,83.22349807260572,94.7126261507082,0.0
C0195,2025-05,cs,4,5.842293512169462,90.26702623946893,82.08102021241368,1.0
C0196,2025-05,CSE,4,6.330549360661584,,81.23883841216846,0.0
C0197,2025-05,cs,5,7.693696225607707,75.67891995097942,82.92543884007661,1.0
C0198,2025-05,Comp Sci,6,7.723100551451414,86.81940804553142,65.98448728510671,2.0
C0199,2025-05,Mech,4,6.713302828327315,90.60144163999159,77.79404511090334,1.0
C0200,2025-05,Mechanical,6,5.442730690612031,82.68549007772626,90.89068306784887,4.0
C0201,2025-05,ME,5,7.496257922348129,87.03468105623911,85.28252033359227,1.0
C0202,2025-05,CSE,6,6.859637334191823,88.5915673409555,91.66516732796393,2.0
C0203,2025-05,CIVIL,3,7.4775808398489145,92.09434180626523,96.26717905829406,1.0
C0204,2025-05,Mech,6,7.059243301039454,81.46371870594656,83.45400745383492,2.0
C0205,2025-05,Comp Sci,8,7.4525393353014815,98.14352048118565,90.41194439718132,1.0
C0206,2025-05,Comp Sci,3,7.55465257853786,84.11578524684471,78.24670145955471,2.0
C0207,2025-05,Mechanical,4,6.9230537573125694,91.80894153405477,80.94692046533419,2.0
C0208,2025-05,Comp Sci,7,8.516002317167425,100.0,88.50862032100115,2.0
C0209,2025-05,e.c.e,6,6.294784034310021,78.05648494847232,85.49792221778222,2.0
C0210,2025-05,EEE,7,6.509275521149813,87.4201137023528,85.06020768814902,0.0
C0211,2025-05,Comp Sci,6,7.6613301635413755,83.66234972494827,100.0,3.0
C0212,2025-05,CSE,7,7.886167830010048,80.39544065425457,,1.0
C0213,2025-05,Electrical,6,5.5380497871203485,94.85019873424413,85.19955844388735,2.0
C0214,2025-05,Mech,3,8.542500873095042,,85.94762828126329,1.0
C0215,2025-05,cs,7,,86.90996170363354,97.26114540332779,0.0
C0216,2025-05,Civil Engg,5,6.753241328158263,79.01423545876858,77.12442373355151,2.0
C0217,2025-05,Civil,3,,83.2731060841737,88.55755648922481,1.0
C0218,2025-05,Electronics,5,5.891368213525133,68.91725629566517,70.55958550386241,0.0
C0219,2025-05,Mech,5,6.515310213115942,94.70898263150693,85.29456001267363,3.0
C0220,2025-05,cs,3,7.821838693329902,95.7180391959683,100.0,2.0
C0221,2025-05,Comp Sci,8,8.501405245134704,73.13784459793281,96.42126557884325,1.0
C0222,2025-05,Mechanical,4,7.122593298680345,85.35834606306187,85.53050852498046,4.0
C0223,2025-05,cs,4,6.976446742892939,93.68163177078452,94.23428066062942,0.0
C0224,2025-05,Mechanical,5,7.629656957420144,86.29261676769025,72.44060365495913,
C0225,2025-05,Civil Engg,7,6.235822857361394,92.41284580537773,91.32262046684593,0.0
C0226,2025-05,CSE,7,7.03131823052134,94.74936007144755,87.53479316272347,1.0
C0227,2025-05,ME,7,5.8274827916495076,,92.86188608826143,4.0
C0228,2025-05,CSE,4,8.047316708952042,90.69025372122367,91.56949496250913,2.0
C0229,2025-05,Civil Engg,8,6.853946572161926,82.74581041987524,79.09930139503855,0.0
C0230,2025-05,CSE,7,6.894496546681882,100.0,99.20869998037043,3.0
C0231,2025-05,ME,5,7.300606963153007,100.0,84.13086856728206,2.0
C0232,2025-05,Mech,6,6.959259807090737,79.97280750466545,97.6999514834721,2.0
C0233,2025-05,Electronics,3,6.866176480936388,87.59889182369726,85.89492235978545,0.0
C0234,2025-05,ME,7,6.234504725161231,76.2894458929994,75.2500435057831,1.0
C0235,2025-05,ME,8,6.113825561631969,93.6919685074445,74.13471238010148,1.0
C0236,2025-05,ME,5,6.699394479505661,87.72797479974395,72.7087866608729,1.0
C0237,2025-05,Civil Engg,6,6.7017124972002104,86.6183900637625,91.69695875641055,0.0
C0238,2025-05,Electrical,5,7.198078656391606,92.99363931223745,82.28139726743575,1.0
C0239,2025-05,e.c.e,3,6.873767928544495,81.92732725944447,92.01828751037446,2.0
C0240,2025-05,ECE,6,7.151900213411568,82.75891649813043,79.33436997240173,2.0
C0241,2025-05,Computer Science,7,6.490374046461515,83.66105516606675,93.00246680624042,0.0
C0242,2025-05,Civil,8,6.534502673183513,95.55672302630273,,1.0
C0243,2025-05,Electronics,8,6.164639106720022,80.78215558212398,85.3888478221574,1.0
C0244,2025-05,Electronics,5,5.2592199577084795,75.44062561392543,86.20902175938805,0.0
C0245,2025-05,Comp Sci,8,7.809595762099938,97.7809377432629,97.61808032343744,2.0
C0246,2025-05,CIVIL,6,6.978042269367187,66.87776367567582,88.73220387756882,3.0
C0247,2025-05,e.c.e,6,7.754060459098133,89.10379638075318,97.66860229896666,3.0
C0248,2025-05,Mechanical,6,7.547638402806618,90.49902635578722,75.39915138842838,0.0
C0249,2025-05,Computer Science,8,6.721574486206464,92.91399854984931,81.09977578986563,1.0
C0250,2025-05,E.E.E,7,6.559368265342443,74.96140017097964,79.84992361493124,2.0
C0251,2025-05,Computer Science,3,7.634921938631664,96.0494369040815,93.57922636355264,1.0
C0252,2025-05,CSE,3,6.399792620407834,69.51000908781653,75.47046183947944,2.0
C0253,2025-05,Civil Engg,5,6.5264805992576616,82.52902380560252,77.76147281752155,0.0
C0254,2025-05,E.E.E,6,6.448506451423559,80.25325356392301,83.70251981689256,0.0
C0255,2025-05,CSE,7,7.614074239645897,100.0,84.63281753318319,1.0
C0256,2025-05,e.c.e,5,6.325701951885716,,73.4790909945801,0.0
C0257,2025-05,Mech,6,6.4940901572820815,98.69746050414405,88.59222441981736,0.0
C0258,2025-05,Civil Engg,8,6.607551515053861,89.6544593660459,82.3063577772176,1.0
C0259,2025-05,ECE,5,5.162121168952098,100.0,74.42469910727775,1.0
C0260,2025-05,Electronics,5,6.5064556102336,83.21360065560525,86.78186842104597,2.0
C0261,2025-05,Mechanical,6,7.307981683063934,85.6995678001943,66.13422984984132,3.0
C0262,2025-05,Mechanical,5,5.527952841008747,92.3347677756128,75.15539113153828,0.0
C0263,2025-05,CIVIL,8,6.769861870870434,92.89539950232876,96.72256040178769,3.0
C0264,2025-05,Mechanical,8,5.32329528472891,92.34694501227129,91.10001892681628,2.0
C0265,2025-05,cs,6,7.350938246447331,91.98411557199483,85.52292783976097,0.0
C0266,2025-05,E.E.E,5,6.51517778929922,87.77578399977624,89.86942991968418,0.0
C0267,2025-05,CIVIL,6,7.087371455890202,74.6093913024114,75.72019780766863,0.0
C0268,2025-05,Civil,4,7.406926786834163,74.81209301133124,95.7200063550968,0.0
C0269,2025-05,CSE,5,7.3345708024818235,90.96302149547215,87.8304012829144,3.0
C0270,2025-05,Comp Sci,4,7.050829621033389,78.74483637839909,88.3191511291988,1.0
C0271,2025-05,Mech,3,7.321288340265032,90.32645896283967,84.89300469509114,2.0
C0272,2025-05,cs,3,6.710284572893866,85.47269189309573,,1.0
C0273,2025-05,EEE,6,6.200984839215453,94.83351748709546,83.42111983991954,2.0
C0274,2025-05,e.c.e,3,6.055921367224368,89.23645673809244,93.06670642396845,0.0
C0275,2025-05,ME,6,6.37680499968997,79.68735544169269,87.52530363681561,2.0
C0276,2025-05,CIVIL,5,6.2498030990188775,93.77089368384162,82.2244957990245,0.0
C0277,2025-05,ECE,5,5.5551559917421205,88.2853674601475,80.8350718207352,3.0
C0278,2025-05,CSE,7,8.07572391283604,89.76250097566202,96.30505949016828,
C0279,2025-05,Mech,6,8.430560722730416,96.28888911286477,97.91695321929535,2.0
C0280,2025-05,Mechanical,7,6.4772653490652035,80.5663389019492,76.4178241017981,0.0
C0281,2025-05,ECE,7,7.157955957838839,81.54391572783577,86.28583322848938,1.0
C0282,2025-05,Mechanical,3,7.240116098410005,80.96575717045141,76.93129704268149,0.0
C0283,2025-05,EEE,4,5.4894286298021475,,82.78267906446622,2.0
C0284,2025-05,Electronics,6,7.734106980851564,77.34254378380157,82.7543482958511,0.0
C0285,2025-05,cs,8,6.744920456208381,84.06526748506525,76.52092530281831,2.0
C0286,2025-05,Electronics,3,7.414549543513011,84.90153681335272,94.46519181959344,1.0
C0287,2025-05,e.c.e,3,6.014198484688408,90.4168181663526,90.33397377826137,1.0
C0288,2025-05,CSE,8,7.109061967155324,74.120283567655,79.57804685810837,6.0
C0289,2025-05,CSE,8,6.991477869080758,80.374239614877,90.15125502786553,1.0
C0290,2025-05,Mechanical,4,7.070734846816261,83.13682544148568,83.78827629123623,1.0
C0291,2025-05,Comp Sci,5,6.6096826459031295,87.70414271298831,86.59115634889326,1.0
C0292,2025-05,Electrical,6,6.374602931985145,92.85215125979242,92.73583704164716,0.0
C0293,2025-05,CSE,4,7.035590007272325,73.15025695101193,86.74763179359405,4.0
C0294,2025-05,Comp Sci,4,7.248785327277694,100.0,87.06574860338776,0.0
C0295,2025-05,CIVIL,5,,80.60015254170396,98.51545594576118,1.0
C0296,2025-05,Civil,6,6.836109226462819,97.75870290458138,84.38062133595668,1.0
C0297,2025-05,cs,4,7.267473571027661,97.8273159249882,90.22862247498927,0.0
C0298,2025-05,Computer Science,5,8.355189198222602,80.50135269577235,76.65280377055717,0.0
C0299,2025-05,Comp Sci,4,6.37076661962251,80.78833943100972,100.0,0.0
C0300,2025-05,ECE,7,6.644387732912724,66.99253206573876,76.46012190851621,1.0
C0301,2025-05,Electronics,3,6.3186970272726715,75.34498066222245,92.87782953740923,2.0
C0302,2025-05,cs,4,8.695222480221501,88.87397151328263,83.23043604414664,1.0
C0303,2025-05,CSE,4,6.413395635142573,84.0312591844564,88.09885454683676,2.0
C0304,2025-05,Electronics,8,5.276328124291348,73.69957326946273,87.13939658112261,3.0
C0305,2025-05,EEE,8,5.60818761781699,81.57724082127825,100.0,0.0
C0306,2025-05,Mechanical,6,6.862332075708568,79.6124820838079,79.04912932179037,1.0
C0307,2025-05,e.c.e,3,6.545431112266527,78.59060036074398,95.70248691526717,1.0
C0308,2025-05,Comp Sci,7,8.292778415466602,89.79409317962701,82.99266115969911,0.0
C0309,2025-05,Computer Science,5,7.918080570519335,75.71142211926812,91.79072127183174,0.0
C0310,2025-05,Computer Science,8,6.618816745757983,95.93530890860345,81.07467658216365,0.0
C0311,2025-05,CIVIL,5,6.57875643418462,84.82352420326133,86.3486027074886,1.0
C0312,2025-05,Civil Engg,8,6.927659530339982,87.84860505930187,88.16244488404755,2.0
C0313,2025-05,E.E.E,7,6.591720180682625,83.36655164242597,90.67393836666079,0.0
C0314,2025-05,EEE,4,6.3089706614082335,81.69822667837927,89.6927932595774,2.0
C0315,2025-05,EEE,7,6.04863343313592,70.42126009095213,,0.0
C0316,2025-05,EEE,4,6.204488007341513,100.0,79.74574504045974,1.0
C0317,2025-05,Computer Science,5,6.755667157111968,94.36877280672054,95.7881920539016,0.0
C0318,2025-05,Computer Science,4,7.7405900220836505,89.2588860387323,100.0,4.0
C0319,2025-05,Comp Sci,7,7.629072475148722,93.04719556442484,79.95397049449272,1.0
C0320,2025-05,ME,4,6.10076887545256,82.24492764347035,82.08920941701454,2.0
C0321,2025-05,Comp Sci,6,6.98345900760103,77.8952698040488,81.99673112517699,1.0
C0322,2025-05,CIVIL,6,6.9374548618602265,78.22830270652156,88.17833218243351,1.0
C0323,2025-05,Mechanical,7,6.210341913924539,96.95938302619373,79.30410967895924,3.0
C0324,2025-05,e.c.e,8,7.248826279317338,83.60732028508113,85.88700568399769,0.0
C0325,2025-05,CSE,3,5.805572833786667,94.63579753616997,93.92460271139915,0.0
C0326,2025-05,cs,8,5.881666095770792,92.45106869150754,73.19045062953835,0.0
C0327,2025-05,CSE,3,7.741147137144271,87.09958527807336,84.30264621532017,2.0
C0328,2025-05,CIVIL,6,6.968427996929312,83.83775742826681,84.02471798607259,1.0
C0329,2025-05,Mech,5,5.88877364321277,77.83734533135485,76.28897521661371,0.0
C0330,2025-05,Mechanical,6,7.223848740714771,86.41340399755583,88.05251898476548,2.0
C0331,2025-05,Computer Science,7,,95.58149559288026,79.98605077330541,3.0
C0332,2025-05,Electronics,8,6.816094549962423,96.5475284295591,90.11852873062233,2.0
C0333,2025-05,Electronics,5,6.842002533552524,74.02011036090877,84.21506235427925,0.0
C0334,2025-05,Civil,8,6.285239474504733,79.40962313703385,75.49678043245744,0.0
C0335,2025-05,Civil Engg,4,7.114611329982202,79.00701842021525,,1.0
C0336,2025-05,CSE,4,8.436425036475056,100.0,91.08501979223767,2.0
C0337,2025-05,Electrical,5,6.784302191553413,84.30239687634683,96.9698817905253,3.0
C0338,2025-05,cs,6,,95.03953631473426,96.79707867509283,0.0
C0339,2025-05,Civil,7,6.537053129075024,84.92101065942661,88.92928461836809,3.0
C0340,2025-05,Comp Sci,7,8.105581791620546,85.00792774239666,87.28426162641595,1.0
C0341,2025-05,Computer Science,4,7.957114621535551,100.0,87.96010941305951,1.0
C0342,2025-05,Civil,4,7.970109466314869,97.72858413467128,80.26826557978026,1.0
C0343,2025-05,cs,8,7.305698332296902,89.9442458507217,80.76240141436313,1.0
C0344,2025-05,Electronics,5,6.660627582668998,77.49201832075991,88.10821598491698,0.0
C0345,2025-05,Electronics,4,6.7416542827904875,82.36196041827314,76.1735294213473,3.0
C0346,2025-05,Comp Sci,8,6.971627778547232,88.09852736860027,84.19638355405121,3.0
C0347,2025-05,Mechanical,5,4.706729829826411,80.84873120396801,77.0859175808141,1.0
C0348,2025-05,Civil Engg,8,6.345770621035777,75.15424038530323,79.98219789708708,1.0
C0349,2025-05,CIVIL,8,6.071116853639616,85.67366822752419,79.39805630448396,1.0
C0350,2025-05,cs,8,8.8429804692838,85.87698378167023,75.27503270834369,1.0
C0351,2025-05,ECE,6,6.872033108909272,73.73938887560635,89.50270065881648,0.0
C0352,2025-05,cs,7,7.349060243907637,73.84637600279846,86.4820800829606,0.0
C0353,2025-05,Computer Science,8,7.18211107568692,87.19688978224812,90.68729091928543,1.0
C0354,2025-05,cs,4,7.395819177163588,86.77973970389769,96.30752749101362,3.0
C0355,2025-05,E.E.E,3,7.095158086041731,91.26055779278782,88.50085873709158,0.0
C0356,2025-05,Civil Engg,4,6.582719503216077,94.78040043076443,,1.0
C0357,2025-05,Civil Engg,6,7.7000868138694925,70.51359917486607,88.20886084843944,
C0358,2025-05,ECE,6,7.94231361801924,81.65062874146344,99.50472713266464,0.0
C0359,2025-05,ECE,3,5.8004263170839545,70.67433259064255,77.58178447719386,1.0
C0360,2025-05,e.c.e,6,7.00707675292092,100.0,85.08519767407886,2.0
C0361,2025-05,Electronics,4,8.016659020823086,83.67913344008635,,0.0
C0362,2025-05,ECE,6,5.0542827437991225,72.25562308476547,84.13918991245497,0.0
C0363,2025-05,Computer Science,6,7.001508596167486,88.84235629726791,82.48301852005676,0.0
C0364,2025-05,Comp Sci,6,6.560390739178457,79.20600943277634,80.34749687119134,4.0
C0365,2025-05,Electrical,5,6.324371073904015,93.17019705334539,81.67113814531243,2.0
C0366,2025-05,ECE,5,5.731415074056093,,78.75172156646212,2.0
C0367,2025-05,E.E.E,7,7.382091639495078,84.32701913373033,81.15851437965684,
C0368,2025-05,CSE,7,7.3811601503260045,73.67519477021548,73.19687303907229,3.0
C0369,2025-05,Mechanical,7,6.4123072907414285,79.22945156732088,97.32890048484535,2.0
C0370,2025-05,CSE,5,7.554136687399079,87.11560578312121,83.33094478285999,1.0
C0371,2025-05,cs,5,6.545040776915201,87.76771542533054,93.13653397878034,1.0
C0372,2025-05,Computer Science,4,7.839106648634728,100.0,94.46179066923534,0.0
C0373,2025-05,Comp Sci,6,7.465464585694109,61.297267705342186,86.1076376837122,0.0
C0374,2025-05,Electrical,3,7.905660329807203,91.81449112902295,79.43721159046028,0.0
C0375,2025-05,CSE,5,5.967523133852756,80.88540316243892,92.53744325458496,0.0
C0376,2025-05,ME,4,6.164791707985028,82.33294854897333,90.49204192771612,2.0
C0377,2025-05,ECE,6,6.241198829277224,77.25991389448639,88.93905520068068,0.0
C0378,2025-05,Electronics,8,7.239457520633212,80.81176982521772,91.49025378847233,0.0
C0379,2025-05,ECE,8,6.601540400274602,72.94268720059624,88.78226574519182,1.0
C0380,2025-05,Computer Science,5,8.134351650978049,97.81028667283006,94.24112132226351,0.0
C0381,2025-05,E.E.E,3,5.695480332795046,82.79181896375191,91.71306833746499,0.0
C0382,2025-05,Civil Engg,4,6.774832864260352,98.92632666811886,79.01637325245737,1.0
C0383,2025-05,Mechanical,3,6.287399784017575,93.1498125663011,84.27271785555047,0.0
C0384,2025-05,e.c.e,7,6.1262326463322445,92.51065842558104,76.0319881804829,2.0
C0385,2025-05,Comp Sci,8,7.522977041973442,100.0,99.29039623978352,0.0
C0386,2025-05,Electrical,6,7.0034870040953505,81.27181541084222,87.76110176918219,2.0
C0387,2025-05,Comp Sci,4,6.849244470525463,95.87921031952227,80.21025198086532,0.0
C0388,2025-05,CSE,3,8.111400837236708,73.99677426609432,71.27853250008195,1.0
C0389,2025-05,Comp Sci,8,6.438289105463023,90.56639428573381,86.5123440742562,2.0
C0390,2025-05,Civil,4,7.769510911849755,88.99068564484715,81.79019860973627,3.0
C0391,2025-05,Mech,3,5.9340915038337005,91.99139391270451,80.83702754204508,1.0
C0392,2025-05,Civil Engg,4,6.0369969115131585,78.86493920461864,86.43314808667932,2.0
C0393,2025-05,CIVIL,4,6.05051284742907,88.37459424753798,91.40032519889535,2.0
C0394,2025-05,CSE,6,7.7718558769270825,86.5485410428744,98.77329942802095,2.0
C0395,2025-05,Electrical,8,7.402932833678548,82.12037658489645,94.87015279331334,1.0
C0396,2025-05,Electronics,4,6.580833390365701,84.44383207587869,86.43292379757746,
C0397,2025-05,Mech,7,6.718864069544199,87.30169127777351,97.44221008746908,2.0
C0398,2025-05,Comp Sci,3,7.160964228272858,90.83225303074289,85.64406370362323,
C0399,2025-05,Electrical,3,6.653647186153486,93.80266190618374,85.281571899273,0.0
C0400,2025-05,Comp Sci,3,7.526063435121093,97.52334306018643,91.5586687627987,2.0
C0401,2025-05,Computer Science,8,9.457760593118104,89.50390709215807,95.36535080513661,3.0
C0402,2025-05,Electronics,6,,89.8704577481212,75.93743508452785,1.0
C0403,2025-05,Comp Sci,7,7.346257141012793,88.76788859902828,92.39574064877478,1.0
C0404,2025-05,cs,3,7.563529577136828,82.08303339520548,91.11519054749428,0.0
C0405,2025-05,Mechanical,3,5.872566695649605,86.08297552679187,76.21948410723091,1.0
C0406,2025-05,Electronics,8,5.8312017478974605,88.530065700086,84.42059050569073,3.0
C0407,2025-05,E.E.E,3,6.734515134886521,,82.48171661781467,0.0
C0408,2025-05,Comp Sci,3,7.938909943549444,90.17452733371842,99.96893438617438,1.0
C0409,2025-05,Mechanical,6,6.109662356898521,91.27865791813919,85.93834302442477,5.0
C0410,2025-05,ECE,6,6.051006643701231,91.46464478910185,79.84096155682998,2.0
C0411,2025-05,ME,4,6.3456415024396495,90.89148173951212,81.05717140821487,3.0
C0412,2025-05,ME,5,7.136729703116212,86.03867726136531,92.8069717863994,0.0
C0413,2025-05,Electronics,7,7.102013262947846,82.03854732233918,84.35148457076251,1.0
C0414,2025-05,Electrical,5,6.452960101682902,80.16218590284737,85.90677010082389,3.0
C0415,2025-05,Comp Sci,5,8.780811681371464,95.73725312833223,95.72275296277057,1.0
C0416,2025-05,CSE,3,5.793802044737918,75.88134702154163,87.3649279422556,1.0
C0417,2025-05,Mech,5,7.36040380488562,99.7702116108379,94.60201017915053,2.0
C0418,2025-05,CIVIL,7,6.940811233886692,85.03989258579966,83.64772001214722,0.0
C0419,2025-05,CSE,6,6.813230424738355,76.88307416868481,,2.0
C0420,2025-05,Electronics,8,7.1968653654244905,93.02709605879727,82.54011937787726,1.0
C0421,2025-05,Civil,3,6.148425880310317,78.24225364021281,82.10120862749704,2.0
C0422,2025-05,Mech,3,5.439172504701233,87.13080821019442,86.14661536243236,1.0
C0423,2025-05,E.E.E,6,7.226847001494694,80.82491585961067,89.68898134498424,2.0
C0424,2025-05,e.c.e,4,7.431492571322613,83.37690417402301,90.33316636591175,1.0
C0425,2025-05,Mechanical,6,5.976330611493625,93.84445610413583,,2.0
C0426,2025-05,Computer Science,8,6.5880316492917546,84.82901903048352,75.38708305714309,2.0
C0427,2025-05,EEE,5,6.722817456262517,91.2087982714553,72.86372739442105,2.0
C0428,2025-05,e.c.e,6,6.423689270275197,85.74112677902674,89.64306955867373,1.0
C0429,2025-05,ME,7,6.4611888305055505,85.79047283520198,69.43262048672077,1.0
C0430,2025-05,ECE,3,6.579910561475742,81.21107422476985,87.16720435532497,0.0
C0431,2025-05,ME,8,6.703643046218612,74.77808691239659,86.83002092126178,2.0
C0432,2025-05,Mechanical,4,5.928785822198402,91.39712134863535,91.30423510790943,1.0
C0433,2025-05,ECE,7,5.913886509520761,83.62644245252025,85.17261509194513,0.0
C0434,2025-05,EEE,6,6.513384052117451,,83.63071666420524,4.0
C0435,2025-05,Electronics,3,,82.42838131538781,75.18101507938734,1.0
C0436,2025-05,Mech,7,5.620993430827959,,78.5035350640907,0.0
C0437,2025-05,cs,4,7.299243998757953,93.67908621720323,96.38877096012443,0.0
C0438,2025-05,e.c.e,6,6.707312816796528,87.78156846854948,88.43798289714275,1.0
C0439,2025-05,e.c.e,8,6.371666147600308,79.57468640253957,77.2194726594552,2.0
C0440,2025-05,Comp Sci,8,7.049423305659364,92.70439743431534,82.33021901093758,1.0
C0441,2025-05,Computer Science,8,8.150203842501702,85.74522675554981,100.0,2.0
C0442,2025-05,Mech,5,5.777518393715367,82.80709759608794,76.58692687833056,0.0
C0443,2025-05,Mech,6,6.777405253112712,96.01948459988587,84.29477608231657,1.0
C0444,2025-05,Mech,4,6.7897947664301626,76.91504680014987,85.73036447176723,1.0
C0445,2025-05,Computer Science,8,5.730496975698431,81.41086511062531,92.15455112680455,0.0
C0446,2025-05,CSE,5,7.501679834733769,,95.3440168947339,1.0
C0447,2025-05,cs,7,6.393100715211842,96.20611152463509,90.84887573342593,0.0
C0448,2025-05,Civil Engg,5,8.234693997051558,81.24685873850761,87.95025628846267,3.0
C0449,2025-05,Civil Engg,7,5.650792950975434,82.16479975836641,87.15962055806226,0.0
C0450,2025-05,cs,4,8.199891342910986,,100.0,0.0
C0451,2025-05,ME,7,6.895136201777768,99.29616993519741,100.0,0.0
C0452,2025-05,Computer Science,3,7.481775584706893,84.47168771944504,92.1309877355695,3.0
C0453,2025-05,cs,3,7.583399605301451,88.18098955236253,85.47455823090296,0.0
C0454,2025-05,cs,5,6.5631909678058475,91.66371571967895,,2.0
C0455,2025-05,Computer Science,5,6.693277537765097,94.69903489908637,92.51108101783551,6.0
C0456,2025-05,Mechanical,7,7.0853123534522435,85.29932576878419,81.26920422661433,1.0
C0457,2025-05,EEE,5,5.078947969204098,80.53781844823496,86.76211435584048,0.0
C0458,2025-05,Computer Science,3,7.06504360329601,100.0,88.61552535412005,
C0459,2025-05,e.c.e,4,6.6211845378808105,93.95875528461625,73.63064340997043,0.0
C0460,2025-05,ME,5,6.238029688678238,92.07354293679936,89.1508703665928,1.0
C0461,2025-05,E.E.E,6,7.376594064801668,80.93380890979309,80.57936264254107,2.0
C0462,2025-05,ME,6,5.653935400578455,85.50060506194802,89.95394738324966,0.0
C0463,2025-05,cs,4,6.421563587932662,87.47087352653239,86.34169380716857,0.0
C0464,2025-05,Mechanical,6,7.423140029972876,83.01970270736756,75.17236866174792,0.0
C0465,2025-05,Comp Sci,6,,82.11457075555568,83.08105169419413,2.0
C0466,2025-05,E.E.E,7,5.89027432521762,78.2004264010374,84.47534138793121,3.0
C0467,2025-05,Electronics,6,7.157229985761707,85.08148018379143,70.29435201285523,2.0
C0468,2025-05,Mechanical,7,5.77311477468937,73.62672060676088,86.99159565678077,1.0
C0469,2025-05,cs,4,,72.71797514352767,82.61679108071995,1.0
C0470,2025-05,Electronics,7,6.5458441084273655,78.37932719610824,89.53964900506281,1.0
C0471,2025-05,Civil,3,6.07327556372099,85.1943411882523,96.77656170940362,1.0
C0472,2025-05,Mechanical,3,7.264886168416582,76.7209585682712,94.77650339784913,2.0
C0473,2025-05,ECE,8,6.506336689884982,73.51314798375739,84.97480437816279,1.0
C0474,2025-05,Electrical,5,6.927974575782142,75.13098061808685,89.6463978921232,3.0
C0475,2025-05,CIVIL,6,6.525255107457001,87.32907375621436,88.00858021527931,0.0
C0476,2025-05,CSE,6,7.56081155325063,89.38235880707204,87.60518695855113,3.0
C0477,2025-05,ECE,7,6.109198456468333,79.86802429720872,100.0,1.0
C0478,2025-05,e.c.e,4,6.180707700381095,79.2705325825474,91.37515483311867,4.0
C0479,2025-05,Mechanical,4,5.845291271528297,85.54990764554778,81.19692002100344,2.0
C0480,2025-05,CSE,3,8.066863743911087,89.01724558662794,89.24212435959576,3.0
C0481,2025-05,cs,8,7.227264372536598,,92.35175616596595,2.0
C0482,2025-05,E.E.E,4,5.475323429702239,92.1464280780794,85.21682747478941,2.0
C0483,2025-05,E.E.E,6,6.730982315053168,85.15842261748676,86.8783078561088,1.0
C0484,2025-05,Civil Engg,5,6.231206251295499,93.51070165028199,87.51033831530575,0.0
C0485,2025-05,E.E.E,3,7.249889758819315,91.60782457507665,81.32378882359316,1.0
C0486,2025-05,Mechanical,5,6.423805507220928,70.01199554045424,84.4670808716351,1.0
C0487,2025-05,Civil,3,5.916104495648674,92.2506745000887,98.31853017217496,2.0
C0488,2025-05,Civil Engg,4,6.251356267921041,92.53523195381285,87.32233838390783,1.0
C0489,2025-05,ECE,3,6.634562966471648,90.95350311977728,85.42061693303992,4.0
C0490,2025-05,ECE,7,6.906386142799273,74.33898104448394,94.44471557600497,1.0
C0491,2025-05,Comp Sci,6,7.5088096380160225,86.201730111677,95.47986772605853,1.0
C0492,2025-05,Mech,8,5.752150908574302,80.53743141267842,81.80333225684603,1.0
C0493,2025-05,Computer Science,5,6.855577467331035,96.7198870207285,76.0351038599884,1.0
C0494,2025-05,cs,4,7.2552866019463025,98.63869236987546,77.17309876077094,2.0
C0495,2025-05,Mech,6,6.919581226798641,80.58418403425699,90.37436597384604,2.0
C0496,2025-05,e.c.e,8,5.387211071023051,83.06515959264586,100.0,1.0
C0497,2025-05,CSE,6,7.155113722368995,75.17278344650957,85.60911328337737,2.0
C0498,2025-05,CIVIL,3,7.394102691494004,85.08454172556232,66.72690286042923,0.0
C0499,2025-05,Civil,4,7.059377697615325,100.0,95.82780878692353,1.0
C0500,2025-05,Comp Sci,8,6.90908042781716,72.2837025427995,89.17184732421121,2.0
C0501,2025-05,CSE,6,,74.07709713693264,85.4389847508141,3.0
C0502,2025-05,Comp Sci,8,6.016981613594814,82.18817606290702,79.11572509278658,1.0
C0503,2025-05,Civil,6,6.964543218374341,87.52122215467494,95.94046735089029,1.0
C0504,2025-05,CIVIL,3,5.9954430563809655,85.00466006995266,83.96828160613171,2.0
C0505,2025-05,CSE,8,8.059946581507301,81.7842881609679,95.29573126931177,1.0
C0506,2025-05,Civil Engg,7,5.497432242730753,88.64239754187278,83.0889060852266,1.0
C0507,2025-05,Computer Science,7,7.6785306504985815,91.38066664744255,100.0,2.0
C0508,2025-05,e.c.e,8,6.45002975995763,93.88724774544627,84.41945386110847,2.0
C0509,2025-05,EEE,4,6.489374669370274,83.36480588299709,78.35331872942677,0.0
C0510,2025-05,Computer Science,8,6.458885206740672,83.51468128756385,90.35278523249806,
C0511,2025-05,Comp Sci,4,6.938077212484756,94.77794657888573,88.20737249741985,1.0
C0512,2025-05,e.c.e,8,6.312644658315879,95.86672235248827,74.2637140235513,
C0513,2025-05,ME,4,6.924590268705768,75.27567720601948,80.69480045360271,1.0
C0514,2025-05,Electrical,6,6.764277609864241,93.91911460902979,85.16763363676615,0.0
C0515,2025-05,Electrical,7,5.499770205263259,73.91692899925462,93.87269000331699,1.0
C0516,2025-05,cs,3,7.073833994913274,99.86080307709332,84.20531659917162,0.0
C0517,2025-05,cs,3,7.8286156969706555,75.13908599019452,96.1507415213793,0.0
C0518,2025-05,Civil,8,6.241553744703746,90.11638446591802,82.31297105026901,1.0
C0519,2025-05,Comp Sci,3,6.399156338271853,95.08245847186265,,5.0
C0520,2025-05,Civil,6,6.673997127083503,84.68945148484151,98.53079097117158,3.0
C0521,2025-05,ME,8,6.156896263029478,89.70105811438393,84.7547272477449,0.0
C0522,2025-05,Comp Sci,6,6.154200392155167,92.05110460136092,80.87927612951377,3.0
C0523,2025-05,Civil Engg,5,6.974099982442937,88.76906973538959,79.49050721249658,4.0
C0524,2025-05,Computer Science,5,7.145076238891161,78.33737667021079,92.45673220881346,1.0
C0525,2025-05,e.c.e,6,5.7866696105062125,75.99363290269403,76.04309863733266,1.0
C0526,2025-05,Mechanical,6,6.422945258924829,89.71722747938267,71.3012599529172,
C0527,2025-05,Electronics,6,7.10320036212444,78.47575881452764,95.97055306616322,3.0
C0528,2025-05,ME,3,6.651636116118946,70.78531682064695,81.08045531737875,1.0
C0529,2025-05,ME,6,7.387457331337856,80.9016374023324,,0.0
C0530,2025-05,Electrical,7,,77.4941799503839,78.27060682378897,1.0
C0531,2025-05,Electrical,7,6.806677363050676,92.49795186918087,84.81639576602073,2.0
C0532,2025-05,e.c.e,3,6.5158525251944,88.3538400831017,76.74371244832005,1.0
C0533,2025-05,Computer Science,7,7.505772699977584,98.50628267449801,80.39026673931278,1.0
C0534,2025-05,Mech,7,7.689855757142169,95.5087489586646,87.03774386523516,1.0
C0535,2025-05,Electrical,4,7.608140808670439,93.44778422429562,82.91201206887494,0.0
C0536,2025-05,CSE,8,8.244266464771371,78.35172441121351,90.07548633900808,0.0
C0537,2025-05,e.c.e,6,7.195920942725757,92.57124784085889,89.41860208520659,2.0
C0538,2025-05,Electronics,5,7.120394298135791,100.0,81.47040481412631,1.0
C0539,2025-05,Computer Science,7,5.382769463047037,87.17370839326342,85.08048401708955,1.0
C0540,2025-05,Mechanical,6,7.398195499910454,94.18676565663492,93.12367203960716,2.0
C0541,2025-05,ECE,6,6.050116617682269,81.71790163827563,91.99056613893603,
C0542,2025-05,CIVIL,4,5.946425353331471,64.68071234088137,67.55116682041808,3.0
C0543,2025-05,CIVIL,8,6.411350614228027,80.52808215105664,74.73807641363823,2.0
C0544,2025-05,CIVIL,8,,96.73706753231072,86.03474017524552,2.0
C0545,2025-05,ECE,3,5.528201682220303,81.59168300275418,83.19986856812152,0.0
C0546,2025-05,Computer Science,7,7.162629139388508,96.61246069176502,,0.0
C0547,2025-05,Mechanical,3,7.527117263511975,95.58653839802946,80.2010036478386,2.0
C0548,2025-05,CIVIL,5,5.9849958237851855,82.378698850289,80.29969018240075,0.0
C0549,2025-05,ECE,8,7.469921323981276,83.58010245003105,98.47121695260486,0.0
C0550,2025-05,CIVIL,4,7.049056057600049,82.64059779190691,78.57524536488114,2.0
C0551,2025-05,CSE,5,7.333145205640815,78.19163586576882,86.36541755019846,0.0
C0552,2025-05,CIVIL,4,7.176218099729032,87.31435921499967,86.73980376434697,0.0
C0553,2025-05,CSE,7,7.121994715635296,72.88348656998694,91.89837800595902,0.0
C0554,2025-05,Computer Science,5,6.223140220157909,67.27082051731983,92.09084747064836,1.0
C0555,2025-05,e.c.e,6,6.680351344182426,90.28045929311949,86.40521317407314,1.0
C0556,2025-05,Comp Sci,8,7.204031450641513,84.60700099123818,86.44530435363313,2.0
C0557,2025-05,cs,6,8.649091586228721,83.6255097735959,82.08202081602893,2.0
C0558,2025-05,cs,7,6.720371761604936,94.12805968126438,94.98058656568256,2.0
C0559,2025-05,ECE,3,5.617116477348153,85.2961827324734,70.26933902701239,1.0
C0560,2025-05,CIVIL,4,7.028582468162874,75.85443436691354,77.40606427936008,2.0
C0561,2025-05,cs,8,7.710553389109245,90.16284765110169,93.2997021267928,1.0
C0562,2025-05,Mech,8,6.725742608470826,95.53588943030311,78.08991096731577,3.0
C0563,2025-05,CIVIL,6,5.900052905153702,95.2468934133872,,1.0
C0564,2025-05,Comp Sci,5,7.041003270205744,95.95333749932702,96.15996354932055,2.0
C0565,2025-05,Computer Science,4,6.764892976134048,88.27688684512883,95.56624973278844,2.0
C0566,2025-05,Civil,8,6.883085784314686,83.1304627776073,80.79659061167611,0.0
C0567,2025-05,Civil,7,5.476888781051899,90.23951578096415,78.64439051228713,1.0
C0568,2025-05,Electronics,4,6.859043301272197,100.0,78.73543235584984,0.0
C0569,2025-05,CIVIL,6,5.609387373856007,,82.74072865017493,1.0
C0570,2025-05,Computer Science,6,5.71404918663562,82.47549621459744,97.51685720871619,2.0
C0571,2025-05,e.c.e,5,7.8483209201087565,100.0,87.7592202388613,1.0
C0572,2025-05,Mech,8,6.18249480312127,85.011280605702,85.59254217471967,2.0
C0573,2025-05,Computer Science,3,7.579596899743307,86.57420938803418,89.99304441422959,1.0
C0574,2025-05,Civil,4,7.304159532343546,79.87002627779859,82.53417302250159,0.0
C0575,2025-05,e.c.e,3,5.97177104795796,89.67006295600851,88.21922097272922,2.0
C0576,2025-05,Civil Engg,7,6.831059587282969,84.78777202151207,73.59391552186896,2.0
C0577,2025-05,ECE,6,6.1842032066759565,82.69301750393426,86.44500234481899,0.0
C0578,2025-05,ECE,8,7.197500093356396,86.1167500802232,90.78030446288669,2.0
C0579,2025-05,Computer Science,6,7.132102062157581,87.12435956435218,95.80981985176427,2.0
C0580,2025-05,cs,3,6.080608261429793,84.84630415014533,98.38343705819933,2.0
C0581,2025-05,Civil,5,7.0618163421290765,88.73790096167325,79.66214191106991,2.0
C0582,2025-05,Comp Sci,3,7.080351282076304,89.4316462919231,81.17978245453419,1.0
C0583,2025-05,Computer Science,7,7.3025885323135,90.37030714931375,84.20347858073997,1.0
C0584,2025-05,Computer Science,7,6.773858481360564,94.0815987814448,90.68453747305304,2.0
C0585,2025-05,CSE,8,6.60912858252561,77.39102054172675,77.03737187851054,1.0
C0586,2025-05,Civil Engg,5,7.81986943438732,75.74446657927477,89.14768355267006,2.0
C0587,2025-05,ECE,4,6.730448966814023,78.29493071359543,86.10511953365409,2.0
C0588,2025-05,E.E.E,3,6.122665389516909,85.05309275871282,80.25315830929286,0.0
C0589,2025-05,Computer Science,5,,88.94581812232965,92.47819593009622,1.0
C0590,2025-05,Mech,5,7.384283766580729,79.36403497334697,74.61321298124241,1.0
C0591,2025-05,ECE,7,6.389345972979425,84.56119661174033,93.92622360780871,0.0
C0592,2025-05,ECE,7,6.202089302718968,78.22029792203469,87.63640244706502,3.0
C0593,2025-05,Civil Engg,3,7.518748604251283,73.2364095597382,83.38726467364694,0.0
C0594,2025-05,E.E.E,4,8.295381305457568,75.738253820242,76.85193584902684,1.0
C0595,2025-05,CIVIL,6,5.763631303977226,88.52957646214745,82.99536824268927,2.0
C0596,2025-05,CSE,5,7.447435990325449,76.09020762977724,93.08110698583896,
C0597,2025-05,Comp Sci,3,7.303847140177393,97.13629710899012,84.44986100490334,1.0
C0598,2025-05,Mechanical,8,6.787511528394586,84.04798471280283,69.20084840128803,2.0
C0599,2025-05,Comp Sci,7,8.5583718676442,82.1797982232299,83.31411463260159,2.0
C0600,2025-05,Mech,6,6.60580111827352,84.64776089983081,100.0,2.0
C0601,2025-05,Mech,4,5.207334346427714,76.08184605145628,86.01165747637054,3.0
C0602,2025-05,Mech,8,6.52238052357018,97.91415463664532,82.27831641987481,1.0
C0603,2025-05,Civil Engg,3,6.930909517937305,83.71507086676743,100.0,2.0
C0604,2025-05,Mechanical,5,7.281778203820883,76.75103232664485,91.53361127866057,1.0
C0605,2025-05,CSE,7,6.291958937741789,100.0,99.26424757432717,0.0
C0606,2025-05,Computer Science,8,7.012097700015944,88.04163726685042,90.6166360765856,0.0
C0607,2025-05,Mech,4,7.107819903097008,90.17482883035593,90.24480401971859,0.0
C0608,2025-05,e.c.e,6,6.802711105581693,86.3027227449827,85.87492845198558,2.0
C0609,2025-05,cs,4,7.313586532764443,90.35491562566486,82.07198717917699,3.0
C0610,2025-05,e.c.e,3,7.470794034738052,93.91483989127876,86.51221095758994,2.0
C0611,2025-05,Civil,5,6.30001985831001,91.13599029290724,84.31047335808103,1.0
C0612,2025-05,CIVIL,8,6.3587551769762936,81.14854797377397,86.16554758899635,1.0
C0613,2025-05,Mechanical,7,5.682344531652965,80.55737741985261,75.47524111466154,3.0
C0614,2025-05,e.c.e,5,6.649528808600869,85.56034935349282,82.6034034619231,0.0
C0615,2025-05,Computer Science,4,8.523858898130783,86.37242776191276,85.29478001994278,
C0616,2025-05,ECE,3,6.759322135805908,97.54646375672097,82.75741853023632,1.0
C0617,2025-05,Computer Science,4,7.737067422097199,99.02459870754396,98.15563624020359,0.0
C0618,2025-05,ME,3,5.8994018698116975,62.09056140300005,82.119723288955,0.0
C0619,2025-05,Mechanical,4,7.719180198284283,93.35812243989032,77.55045608795857,0.0
C0620,2025-05,cs,7,6.878854568002181,90.73625685801471,76.14015105562089,
C0621,2025-05,Comp Sci,3,6.420816924542012,91.44391759849181,83.4485289186837,1.0
C0622,2025-05,Comp Sci,3,,89.44237261100928,78.49886479364307,1.0
C0623,2025-05,Civil,6,5.901134929109364,83.09973400159033,83.93574990057265,3.0
C0624,2025-05,ME,4,6.383024558734536,99.11240329127544,99.08763551596918,3.0
C0625,2025-05,Computer Science,5,6.969868273341245,66.2477284110328,81.89122493591181,0.0
C0626,2025-05,Civil,3,7.344396225860721,68.19597617365307,75.869204402387,0.0
C0627,2025-05,e.c.e,4,6.388471231447853,76.2533338299552,87.66561105517465,1.0
C0628,2025-05,ECE,5,5.397082118080867,85.207670661568,76.39376846333332,2.0
C0629,2025-05,EEE,7,7.860322507568571,83.7258853917591,76.37907558203531,0.0
C0630,2025-05,Comp Sci,5,8.035120138211703,88.98675613398126,85.70868028837498,1.0
C0631,2025-05,Comp Sci,6,6.926827716456229,84.14131333146068,78.71618204248988,1.0
C0632,2025-05,ME,6,7.213949883425178,78.71374387030284,79.62432939639719,
C0633,2025-05,Computer Science,4,7.3776327052233315,91.13986668911747,89.84712105672025,2.0
C0634,2025-05,Mechanical,4,5.8606274623843335,88.51493295603913,73.72124495886749,0.0
C0635,2025-05,cs,5,6.844385596303808,100.0,96.05108164190179,0.0
C0636,2025-05,Comp Sci,3,7.381983710605097,90.45700813228129,86.33443699739794,1.0
C0637,2025-05,Computer Science,7,7.07865925972295,86.28620921194491,100.0,4.0
C0638,2025-05,ECE,6,6.456749531065462,81.86757582091968,85.09417397553374,4.0
C0639,2025-05,Computer Science,4,8.613477017607716,74.83564414225887,,2.0
C0640,2025-05,cs,5,7.534758306199795,93.70402903993592,89.08581967115319,1.0
C0641,2025-05,CIVIL,4,6.17330115229463,85.64418870644033,87.55098513390234,3.0
C0642,2025-05,cs,6,8.854482702513268,88.52326460809505,99.23033048904165,
C0643,2025-05,e.c.e,7,7.000016256999222,86.5544796022308,78.38760296781828,2.0
C0644,2025-05,Comp Sci,3,6.676336959592098,79.6275248544406,87.102078108683,
C0645,2025-05,ECE,5,6.872504920572593,67.08880053371693,83.8977780962014,1.0
C0646,2025-05,Computer Science,3,7.590600556859101,85.35512151011004,94.79341107405139,1.0
C0647,2025-05,Mech,5,6.754916899471912,81.7312209444109,85.33096061637714,2.0
C0648,2025-05,Computer Science,4,8.056002147748572,91.22231993908545,82.86342749467966,3.0
C0649,2025-05,CIVIL,5,7.867323681485685,88.70628297361584,87.905049274384,1.0
C0650,2025-05,EEE,5,6.691928843619078,86.91960931110545,75.09053723244757,1.0
C0651,2025-05,Computer Science,4,7.998972301118675,82.85042443990753,98.4040993751145,1.0
C0652,2025-05,cs,5,8.099210268716535,100.0,83.08684207080651,5.0
C0653,2025-05,Comp Sci,7,7.451342511319134,97.82325308257623,79.83499134692585,0.0
C0654,2025-05,Mech,7,8.130407565685285,78.64479193998783,91.30306819527007,0.0
C0655,2025-05,Computer Science,3,6.63428362607969,97.62334327658516,90.03621347678677,1.0
C0656,2025-05,Civil,5,6.358839986334225,88.5237579016134,98.16049233480518,0.0
C0657,2025-05,Civil,8,6.001134629375922,73.85489661396028,87.03760994028424,4.0
C0658,2025-05,CIVIL,6,6.372945914788375,93.62459397530625,87.26743180574587,1.0
C0659,2025-05,Electronics,4,6.864176587490802,84.2561541216336,90.94093068419657,0.0
C0660,2025-05,E.E.E,6,7.28952161905467,86.4735842402597,86.41883893986254,0.0
C0661,2025-05,Comp Sci,3,7.97482993013888,88.41166863408375,88.31625667000908,3.0
C0662,2025-05,ECE,3,5.944837797443714,85.25087178736113,91.3997080809052,3.0
C0663,2025-05,cs,6,7.184547473856966,87.1460325502303,83.25826454444154,3.0
C0664,2025-05,EEE,6,7.658385554375344,94.32509934881037,86.49447594892565,0.0
C0665,2025-05,ME,7,5.708740119293853,97.80680698333398,68.30142529071787,3.0
C0666,2025-05,CIVIL,5,7.09077107076658,81.88808149113821,88.41849514691899,3.0
C0667,2025-05,CSE,8,8.245114825745517,74.88868292277883,91.18773711213721,1.0
C0668,2025-05,Electrical,5,7.432093338422547,,94.83583540113314,5.0
C0669,2025-05,Electronics,7,5.807358179372842,76.49868293339352,85.02164354512686,1.0
C0670,2025-05,ECE,3,5.474876013869632,80.37597724431753,77.16543131157701,3.0
C0671,2025-05,Electrical,3,6.6582195634685775,75.57756887400095,87.23758365324204,1.0
C0672,2025-05,Electronics,7,6.051739597033203,,100.0,2.0
C0673,2025-05,e.c.e,8,5.847935496661931,75.72360105213801,76.8513922514282,1.0
C0674,2025-05,ME,8,5.712669197424786,74.79328046982702,83.9677560457495,2.0
C0675,2025-05,CSE,4,7.313672504256255,100.0,77.13481995325645,3.0
C0676,2025-05,cs,3,7.843680694591876,77.29624230374432,,2.0
C0677,2025-05,Computer Science,8,7.404883983999837,78.20110541458997,85.74296824828039,2.0
C0678,2025-05,cs,6,,100.0,92.8467870761103,2.0
C0679,2025-05,Civil,4,7.045759291087008,84.82369344176931,74.42303250292402,0.0
C0680,2025-05,Mechanical,7,6.998505719633252,77.67333838589425,84.51589354387649,4.0
C0681,2025-05,e.c.e,8,6.213001146154436,75.77092833257294,68.26819705638513,4.0
C0682,2025-05,ECE,4,5.516200527341403,,79.75776350527913,0.0
C0683,2025-05,ECE,7,6.032786580602333,91.41178004053107,88.19235059829784,0.0
C0684,2025-05,Mech,7,6.791828158628409,88.04680218126374,76.90380735476073,3.0
C0685,2025-05,Electrical,6,5.603954120429124,91.75936070804282,93.69150002551724,
C0686,2025-05,EEE,6,7.600644610520646,84.16254233043932,80.63272373606374,
C0687,2025-05,ECE,4,6.219571784487391,84.51538214182838,79.25516912618316,0.0
C0688,2025-05,Comp Sci,8,8.31287472519487,91.74596560034696,79.83180374742304,1.0
C0689,2025-05,e.c.e,8,6.769946497321081,81.09591028386286,96.95267766119284,3.0
C0690,2025-05,Mechanical,8,6.590333992817666,84.97021365341023,68.76783817896553,2.0
C0691,2025-05,Electronics,7,5.454743373836514,95.43990843157991,84.09007264350188,0.0
C0692,2025-05,Mech,3,7.849116754804425,77.85302526704979,84.9256432877825,1.0
C0693,2025-05,ME,5,6.837668314110231,80.95906428966543,95.4998494602952,2.0
C0694,2025-05,CSE,5,6.946711381126302,82.00111856101236,,0.0
C0695,2025-05,Comp Sci,8,7.668578062440851,94.51942824921493,86.23620286974635,
C0696,2025-05,ECE,6,6.405129121243868,93.44864398665958,79.91319438223529,0.0
C0697,2025-05,Comp Sci,6,6.483271116708626,75.2752302716141,86.72550301985362,0.0
C0698,2025-05,Computer Science,3,6.834580415865688,85.37193493380944,92.09965772329946,0.0
C0699,2025-05,Mech,7,6.681902995321891,79.06883262501348,83.45238578667549,2.0
C0700,2025-05,ECE,5,8.11382353756842,91.50773103722797,79.9362285391883,1.0
C0701,2025-05,Comp Sci,3,7.06422838662281,88.91164851979956,85.24491575795591,2.0
C0702,2025-05,ME,8,6.777168193117156,91.34016943681561,86.93764493722998,2.0
C0703,2025-05,Civil,4,6.509457257389585,100.0,91.61998403332937,
C0704,2025-05,cs,3,7.48224741251392,70.93672736153124,99.75378220958511,3.0
C0705,2025-05,CIVIL,3,7.507832483390191,,84.406633552495,1.0
C0706,2025-05,E.E.E,5,5.869024467330403,84.15352815089253,83.22764995598259,3.0
C0707,2025-05,ME,3,6.786338794321112,88.04069467702948,86.15094631643099,2.0
C0708,2025-05,ME,8,5.316004700131139,76.23079443164302,87.1231858162749,3.0
C0709,2025-05,cs,6,7.034186040271846,87.93010270787029,91.12367885495291,0.0
C0710,2025-05,E.E.E,4,7.727568016466593,93.44430487334424,,1.0
C0711,2025-05,Electronics,3,7.338153307345062,74.43183528801868,72.59609003773146,3.0
C0712,2025-05,E.E.E,5,6.66768890583189,88.94918311305136,88.21916205259282,0.0
C0713,2025-05,Mech,3,7.173743061362316,89.76322428738253,77.09074010604846,2.0
C0714,2025-05,Comp Sci,8,7.933647963834057,88.2583123171509,81.11331011765787,1.0
C0715,2025-05,cs,4,8.508431893436095,76.43199996327907,85.40925290840056,0.0
C0716,2025-05,Mech,5,5.450752764295431,79.20569546157688,73.33334023687094,2.0
C0717,2025-05,Mechanical,3,6.715709754704009,88.72974414083795,82.1592674618374,3.0
C0718,2025-05,cs,3,8.437485220864147,100.0,86.6769273991331,0.0
C0719,2025-05,Mechanical,4,6.638662482705991,87.84428993489519,80.2250293158044,0.0
C0720,2025-05,CIVIL,3,6.618785782333416,83.19835247284658,75.78252419321541,2.0
C0721,2025-05,Electronics,7,6.798115830651146,86.52880853704998,95.3642215851816,1.0
C0722,2025-05,Electronics,8,6.362235557955005,84.01101868111105,94.16041876403709,3.0
C0723,2025-05,Comp Sci,8,8.328217968409003,,99.71344381534678,2.0
C0724,2025-05,Civil Engg,4,7.153806692407633,91.81842199613882,79.54882836289792,2.0
C0725,2025-05,cs,7,7.385515968195798,77.1143571963486,92.2079775081225,1.0
C0726,2025-05,Civil,6,5.284557381024971,95.64626871873386,100.0,2.0
C0727,2025-05,Electronics,3,6.936204861771715,98.66274503921915,85.16022383606328,4.0
C0728,2025-05,ME,3,5.762212726986119,75.47048647385161,86.19751931020849,2.0
C0729,2025-05,CSE,6,7.911641456174612,81.86365706494499,85.57897693599017,0.0
C0730,2025-05,CSE,5,7.859274529720579,93.99424312479759,87.09140512228144,2.0
C0731,2025-05,CIVIL,3,6.981932857874096,85.14062625956142,100.0,1.0
C0732,2025-05,e.c.e,8,5.843471213766146,78.1207127811168,75.62484910031735,3.0
C0733,2025-05,Electronics,7,6.712713752694091,75.2616564083239,85.50638199405998,0.0
C0734,2025-05,Electrical,6,6.3798695706211515,82.75373194393023,88.8648876109105,1.0
C0735,2025-05,EEE,8,7.024990102694843,76.84933347805082,81.82910107918309,2.0
C0736,2025-05,Civil Engg,8,5.930952248618507,88.73496836029847,87.72399212395085,1.0
C0737,2025-05,CSE,8,8.344480308130446,89.0451236449587,90.121943195224,0.0
C0738,2025-05,Mech,4,5.9991443156536635,99.17692140403804,91.8185043403844,2.0
C0739,2025-05,Civil Engg,8,5.617346726719806,95.86011378392092,83.02498735957481,2.0
C0740,2025-05,e.c.e,6,7.551060727686035,87.26496007720378,83.99104345028078,2.0
C0741,2025-05,Computer Science,7,7.604328537101808,97.32814527410272,88.40410384605822,0.0
C0742,2025-05,Civil,8,6.256399696370693,79.48227716273259,83.11854501387424,3.0
C0743,2025-05,ECE,3,6.302823983601353,78.5236155469114,85.04255791092375,0.0
C0744,2025-05,Mech,5,,97.61722805386958,90.97596947780865,0.0
C0745,2025-05,EEE,3,,100.0,86.75173211075169,1.0
C0746,2025-05,Mech,4,6.804252248578222,92.96168920196192,80.96231742200935,1.0
C0747,2025-05,ECE,5,6.879243453408546,76.58424967379034,78.04654653111976,1.0
C0748,2025-05,ECE,8,6.466372175946222,76.68136041327948,88.04698236769731,3.0
C0749,2025-05,ECE,8,8.166638912229121,95.6114158360289,80.77702257447513,
C0750,2025-05,Comp Sci,5,,79.37778348674162,89.48551132635471,1.0
C0751,2025-05,CIVIL,4,6.748177605093858,79.04052671226788,83.09695809746061,1.0
C0752,2025-05,CIVIL,6,6.391979172867479,83.21500517423512,81.09402578029737,0.0
C0753,2025-05,cs,8,8.30018589476737,84.94335796953538,85.84240043484199,2.0
C0754,2025-05,cs,8,8.101166827174476,100.0,87.6921368578166,1.0
C0755,2025-05,CIVIL,4,6.20596845950711,98.15828177726104,82.36417554782498,0.0
C0756,2025-05,cs,4,7.409478234611508,100.0,85.71324140266034,1.0
C0757,2025-05,ECE,7,6.572814133679727,82.54983708916023,86.98982003868223,4.0
C0758,2025-05,ECE,4,7.020004691621195,100.0,84.6349011550556,1.0
C0759,2025-05,Mechanical,4,7.4554760761814025,87.79892519409617,90.73433480229788,2.0
C0760,2025-05,CSE,3,8.738533788686903,92.44479834961541,93.11159919634713,1.0
C0761,2025-05,Mechanical,5,6.725232525798747,93.42609970503992,86.10753949538831,0.0
C0762,2025-05,ECE,5,7.721286814887939,82.208790360865,86.73898053173441,0.0
C0763,2025-05,Mech,6,,,69.45847095052711,1.0
C0764,2025-05,CSE,4,7.255974676883802,87.38387973748806,92.69093867816711,2.0
C0765,2025-05,ECE,7,5.225836327901726,92.1695398003044,74.35386844030924,1.0
C0766,2025-05,Electronics,7,6.386547949056101,78.44799068193981,,2.0
C0767,2025-05,CSE,5,6.204222756973928,91.43317058821775,83.55455005926143,1.0
C0768,2025-05,Computer Science,4,7.314206326377649,93.35990483496195,85.43692427219743,0.0
C0769,2025-05,Computer Science,6,7.0344341491863505,94.24113683319541,79.93540033715836,3.0
C0770,2025-05,CSE,7,6.108465310394793,100.0,81.1027330914373,0.0
C0771,2025-05,Comp Sci,5,7.878031784053481,100.0,75.19491214102105,2.0
C0772,2025-05,E.E.E,4,6.542178512960313,80.45275767299292,92.68483355714679,1.0
C0773,2025-05,ECE,6,7.698395794401473,78.1886276132752,82.73773916269599,2.0
C0774,2025-05,Civil Engg,5,7.0143153099958955,95.80536412186254,82.49788394400512,2.0
C0775,2025-05,E.E.E,5,,96.7739507081076,68.19657878812549,1.0
C0776,2025-05,cs,5,7.182850268947459,69.61912481671902,,2.0
C0777,2025-05,Mechanical,4,7.043498061306117,89.55784453252798,76.69149259630447,2.0
C0778,2025-05,Civil Engg,7,5.872854358196341,68.29341327571076,66.58617373439372,0.0
C0779,2025-05,Mechanical,5,6.433851236778517,89.42055882737878,87.27738445047895,
C0780,2025-05,Electronics,5,6.702624897038811,91.68269119218914,78.93043724742013,1.0
C0781,2025-05,Electronics,6,6.189305042754518,87.00447147624367,100.0,3.0
C0782,2025-05,Comp Sci,5,8.272722993884814,87.87985694520314,86.03463422616879,1.0
C0783,2025-05,e.c.e,3,7.243079612090925,,81.46909761960407,2.0
C0784,2025-05,EEE,8,6.425058296024656,88.47256264220982,93.41481580831876,2.0
C0785,2025-05,Electrical,3,6.3142441267762415,92.1656610906543,83.88211951371424,6.0
C0786,2025-05,cs,6,7.903488520567039,95.95431363302363,87.31033501398554,2.0
C0787,2025-05,ME,4,5.835543496353857,88.67920807455786,93.16697594661794,2.0
C0788,2025-05,Comp Sci,4,6.7787229492535435,76.38304545224938,85.650016313218,2.0
C0789,2025-05,E.E.E,3,6.960776061351431,72.98245543692248,84.23593816572382,1.0
C0790,2025-05,Comp Sci,8,7.548765320261984,80.82282363481853,96.10591256347415,0.0
C0791,2025-05,EEE,5,6.365141744796957,83.76057664428939,90.66016553664245,1.0
C0792,2025-05,CIVIL,5,6.523107201964123,,100.0,0.0
C0793,2025-05,cs,7,6.580808721271296,93.72080517666637,93.5146270783452,1.0
C0794,2025-05,cs,3,7.055760278214845,100.0,88.28191769659622,2.0
C0795,2025-05,Civil Engg,6,7.638762399075389,92.615163743058,86.92710471003501,1.0
C0796,2025-05,Computer Science,5,7.3246684074673984,98.13076297053301,87.65445041638237,2.0
C0797,2025-05,Electronics,6,5.9672565854913495,70.76161537804913,78.33272397198265,2.0
C0798,2025-05,E.E.E,3,7.270022189269781,74.60926373998697,87.20279390832715,1.0
C0799,2025-05,Mech,8,7.1399317410247924,97.6837240365546,94.18994030274966,0.0
C0800,2025-05,e.c.e,4,6.112926944761431,86.8097316856725,91.79195267171106,0.0
H0001,2025-06,Civil Engg,7,6.733623722493319,100.0,89.34632085925377,
H0002,2025-06,e.c.e,5,6.0682844806620935,80.787720263824,99.1574806718823,1.0
H0003,2025-06,CIVIL,8,6.293431283070771,80.656632416654,88.60165110509442,0.0
H0004,2025-06,ME,3,5.954974573829757,84.29767801421941,92.70015727949954,1.0
H0005,2025-06,Computer Science,4,6.959612178093632,79.52892329179925,82.0833386912586,3.0
H0006,2025-06,E.E.E,8,6.976134946619927,78.56025260610197,75.71846689200503,3.0
H0007,2025-06,Civil Engg,4,6.965182802404534,89.70551763353959,92.50673247019363,0.0
H0008,2025-06,Civil Engg,4,,86.17758126038078,84.72697287448541,1.0
H0009,2025-06,CSE,7,6.641445442885064,100.0,96.7180570586947,0.0
H0010,2025-06,Electronics,4,7.5063328066593655,81.4794034270882,86.07518160951253,2.0
H0011,2025-06,ECE,6,5.126967447549289,88.54751410594045,89.92483195249483,1.0
H0012,2025-06,E.E.E,4,6.558196529686429,71.91132228270867,88.00305969424848,1.0
H0013,2025-06,Mechanical,4,7.296386473423677,94.84095493096625,88.12932802837564,1.0
H0014,2025-06,Civil Engg,8,6.143667185612591,89.12336584034662,83.9928349629454,5.0
H0015,2025-06,e.c.e,4,6.275400460159279,78.6797448665261,88.05519962411857,4.0
H0016,2025-06,Comp Sci,3,9.352231592628364,92.18468170476515,76.83365500491263,2.0
H0017,2025-06,Mechanical,7,6.871088384442826,79.71042028856732,90.37289672696886,1.0
H0018,2025-06,Computer Science,8,5.725986142415751,62.70192688244977,94.44926429353256,2.0
H0019,2025-06,CIVIL,3,6.995349772212363,69.8947845289444,79.30447922276639,3.0
H0020,2025-06,ME,7,5.442861377896025,67.74022134680177,86.64450173417677,1.0
H0021,2025-06,Civil,6,6.862378541895097,,73.92532029895452,1.0
H0022,2025-06,Electronics,7,,78.99541461481228,77.20041514257369,2.0
H0023,2025-06,E.E.E,3,6.883413999068811,86.77109960931568,76.73511909496852,2.0
H0024,2025-06,CIVIL,8,7.418285427317944,,74.61954362830528,1.0
H0025,2025-06,Civil Engg,6,5.6515691686646266,80.52422705708038,75.38321186232227,1.0
H0026,2025-06,CSE,8,6.271705666831243,84.52085942282619,91.36246553289456,2.0
H0027,2025-06,Electronics,5,5.848315530555393,91.43071190473178,86.40860733436372,3.0
H0028,2025-06,cs,8,7.604289916533894,79.53656575365217,91.2652636342632,4.0
H0029,2025-06,Computer Science,6,6.824591039336408,90.58452394315154,88.65878446222982,0.0
H0030,2025-06,ME,3,6.8192316892865525,88.66363574376834,77.18804911327454,2.0
H0031,2025-06,ME,8,5.783614740545556,,89.56350983759279,3.0
H0032,2025-06,E.E.E,7,6.852650440775799,76.74960310853227,96.92399519147395,
H0033,2025-06,cs,4,6.921944838890961,80.39714692125548,82.488263665447,4.0
H0034,2025-06,ECE,6,7.864380690392671,74.22948550214988,96.24094129400068,4.0
H0035,2025-06,ECE,5,8.512585785002468,78.55128234670035,82.69936902791741,1.0
H0036,2025-06,CSE,6,7.7297147554807255,92.791441621469,87.64374673178001,4.0
H0037,2025-06,Comp Sci,8,6.250890014774465,92.62617313699047,85.44388205604656,3.0
H0038,2025-06,ECE,8,6.1544855335281285,79.7093293702232,80.60728463406622,2.0
H0039,2025-06,Comp Sci,4,8.015648631716038,86.83142710318684,91.86023298545166,0.0
H0040,2025-06,ME,8,,77.08406309774844,75.94341786358943,0.0
H0041,2025-06,Electronics,5,7.8268934346298344,94.91966364158883,81.03597975266563,4.0
H0042,2025-06,Civil,7,6.99178675073731,62.962612970748644,93.56859190536174,2.0
H0043,2025-06,Mech,7,7.3443570637657904,96.53833380795652,78.97725786773228,3.0
H0044,2025-06,CSE,5,7.945969670250768,99.39093452414932,95.63274721738763,3.0
H0045,2025-06,CIVIL,5,5.3256312971150574,83.04540168089018,79.84011310142249,1.0
H0046,2025-06,Civil,5,5.4957467073118185,88.18083952397532,80.38269734243407,6.0
H0047,2025-06,ECE,8,7.131703931732259,92.34425714366849,83.06067941897136,1.0
H0048,2025-06,CSE,5,7.504633018294408,88.5742014029926,91.40638705225975,3.0
H0049,2025-06,Mech,4,8.17661675042997,86.35067510065629,,2.0
H0050,2025-06,Computer Science,5,7.408416446342927,92.80150726631648,88.94007639668192,0.0
H0051,2025-06,Computer Science,4,8.236818899966137,79.42452426392325,88.39911329966793,1.0
H0052,2025-06,Computer Science,5,,87.15325100180097,,1.0
H0053,2025-06,Civil Engg,3,6.34801486550502,92.4588404997341,86.65219560818345,3.0
H0054,2025-06,Mechanical,3,5.0167910427926765,87.79520133978812,100.0,1.0
H0055,2025-06,Mechanical,7,5.992254634705514,85.85394342024765,88.12384770096547,3.0
H0056,2025-06,Civil,3,7.916073362427318,94.70323632741457,97.07790723574227,2.0
H0057,2025-06,ECE,6,6.426169775127979,81.50615188680679,87.16897936777961,1.0
H0058,2025-06,ME,7,6.465066367299982,83.46867244139338,85.63467597076031,3.0
H0059,2025-06,cs,7,7.6368028149000775,99.89281964655376,78.22129542293453,0.0
H0060,2025-06,CSE,5,7.033471716958549,100.0,85.9775417919668,0.0
H0061,2025-06,ME,4,4.933927472721357,,74.24742130992425,2.0
H0062,2025-06,ECE,8,7.050435098987288,94.57694759188892,74.91010589612621,3.0
H0063,2025-06,ME,8,5.711891024524494,78.04059080434666,81.31065431684758,2.0
H0064,2025-06,Civil Engg,6,6.799064279705163,88.24485702347367,,
H0065,2025-06,Mechanical,3,6.724507692753588,82.33523286974454,92.45524147917418,3.0
H0066,2025-06,Mech,3,7.452258042570781,81.75636331712913,87.45185078923112,6.0
H0067,2025-06,Mechanical,4,7.6710623461393235,94.46207352970762,84.09505598621048,2.0
H0068,2025-06,Comp Sci,3,8.447322185037876,89.19497022328024,100.0,3.0
H0069,2025-06,CSE,8,7.087135610760297,91.57418768316619,91.2765036022477,0.0
H0070,2025-06,Electronics,4,5.64675550862899,100.0,70.96526492072223,1.0
H0071,2025-06,Comp Sci,4,5.700991928381027,83.22315083940245,84.9227132222867,0.0
H0072,2025-06,Electronics,8,6.883341580873443,92.91586662914295,85.4912984696986,2.0
H0073,2025-06,Civil Engg,7,7.584894023150524,80.73621822859596,78.58458609469996,3.0
H0074,2025-06,Computer Science,4,7.106532254932309,86.49078895237108,84.68079457947972,4.0
H0075,2025-06,CSE,5,8.202765837956127,100.0,85.18807791989131,1.0
H0076,2025-06,Comp Sci,6,8.697476491161337,87.7661365943341,84.22201970089958,2.0
H0077,2025-06,CSE,6,6.26318046286473,84.75671104725515,89.82143174187493,5.0
H0078,2025-06,Mech,8,5.094288014425594,87.01946025251762,,1.0
H0079,2025-06,Mech,8,7.766388417599906,82.32975442601447,90.31338345220047,1.0
H0080,2025-06,Civil Engg,8,5.530536285324812,80.11904416257009,93.50655987633998,0.0
H0081,2025-06,Mechanical,3,5.929527212576473,95.41539682072738,86.40395822345394,1.0
H0082,2025-06,e.c.e,4,6.5620976047293045,92.43509938984904,77.55869846611276,2.0
H0083,2025-06,Civil,6,6.196610688483846,97.65061918748106,75.8953371140073,4.0
H0084,2025-06,Computer Science,3,5.6729103576626025,84.00121819796492,100.0,1.0
H0085,2025-06,CSE,5,6.403425467035211,92.15362429763077,93.43691794281551,1.0
H0086,2025-06,Comp Sci,3,7.088440081641099,100.0,84.62718439021546,2.0
H0087,2025-06,Mech,8,6.893129816793172,95.52774682827979,85.3434391175502,1.0
H0088,2025-06,e.c.e,3,6.305522600537033,77.89239638550302,71.38221037636751,5.0
H0089,2025-06,Comp Sci,3,8.656228341890415,92.0312312847639,77.95739269565996,2.0
H0090,2025-06,ECE,4,6.659467131361836,73.29202184454186,80.45946396371859,1.0
H0091,2025-06,CSE,3,6.835950793102622,92.09669225305333,84.45840213919354,1.0
H0092,2025-06,Mech,6,6.374792160465484,92.28216584247642,90.58296074469854,1.0
H0093,2025-06,Electronics,5,7.772557768044016,91.0956101257187,80.9292823040953,2.0
H0094,2025-06,ECE,8,6.880248990185594,83.244269901028,85.14228147144064,1.0
H0095,2025-06,Comp Sci,4,8.322453362303415,86.11582811813203,,3.0
H0096,2025-06,Mech,6,7.462229699190611,96.17350620526,86.03632608418896,3.0
H0097,2025-06,Electronics,6,6.894876975264885,80.64590386816198,88.42457429553218,1.0
H0098,2025-06,Comp Sci,6,8.300405849402694,97.03960909410007,94.74386771275414,2.0
H0099,2025-06,CSE,7,7.917716275812773,100.0,96.47722308372607,4.0
H0100,2025-06,EEE,4,5.877318164281201,92.61408626049891,75.18845461229866,1.0
H0101,2025-06,EEE,6,7.311576439310203,83.53459371613663,81.06617799284841,
H0102,2025-06,Mechanical,7,6.632847975500835,94.38197635956205,86.97301819830228,0.0
H0103,2025-06,CSE,8,8.284822700673832,74.0903529012186,93.36189092796315,1.0
H0104,2025-06,EEE,6,6.677202887005906,89.6568955506316,95.81683317710007,3.0
H0105,2025-06,Civil Engg,6,8.159409721137138,79.24654718544299,92.30063195896764,0.0
H0106,2025-06,Mech,8,7.201108159094695,83.47363175322933,75.76771523792684,0.0
H0107,2025-06,e.c.e,6,6.377320523110749,68.1688421218644,85.68116849597105,2.0
H0108,2025-06,Comp Sci,8,7.171604226832913,95.74658310399913,74.11236686207269,5.0
H0109,2025-06,Comp Sci,3,8.749574449086351,79.78107813303899,88.75150609000148,0.0
H0110,2025-06,Electrical,5,7.1336938775164285,88.16342367717448,,1.0
H0111,2025-06,Electronics,3,6.19330199889439,90.33446034307319,88.69153342520251,1.0
H0112,2025-06,Comp Sci,3,5.666436544095911,92.69378740035644,90.26524410015269,0.0
H0113,2025-06,Computer Science,5,7.838598499050635,81.802111070988,99.21988237644793,2.0
H0114,2025-06,ME,4,6.109857073939162,83.84262270341914,97.28418213450173,2.0
H0115,2025-06,Comp Sci,5,7.1387234535958,86.81018182942351,77.73293672510705,1.0
H0116,2025-06,Civil,5,7.254680226211522,89.1610279631082,96.64506938303215,0.0
H0117,2025-06,Civil Engg,6,7.188175186546326,85.81701825628386,91.3159612073466,0.0
H0118,2025-06,Mechanical,8,8.1160019754555,94.70500436031543,82.2501471518864,1.0
H0119,2025-06,e.c.e,8,6.541027029110576,78.99103747182168,85.55830415696573,1.0
H0120,2025-06,ME,5,7.29558932572951,79.65985499489534,88.01943975229524,1.0
H0121,2025-06,Mechanical,4,7.7531249871242505,97.23427325946231,80.82127633385508,1.0
H0122,2025-06,Mechanical,7,7.671087743388505,100.0,85.87622107867848,3.0
H0123,2025-06,Computer Science,3,8.086819633446694,100.0,88.41651248211299,5.0
H0124,2025-06,ECE,6,5.959158237159777,85.51889966965958,83.92206118357215,2.0
H0125,2025-06,Comp Sci,5,7.390709888257067,86.33034398258583,90.30439268185314,4.0
H0126,2025-06,Electronics,4,7.683190054080918,79.84158178773605,89.28972066990359,
H0127,2025-06,Comp Sci,6,5.905834591414514,85.01969776507669,91.70099019514828,2.0
H0128,2025-06,Computer Science,4,6.819865266104158,83.54643305687381,81.87371540496268,4.0
H0129,2025-06,CSE,4,7.143821254494959,93.23725751638999,88.35545996804383,2.0
H0130,2025-06,Mech,6,5.282478242041438,80.8173886583245,77.44838742911641,0.0
H0131,2025-06,CSE,4,7.026670018210313,,93.5359845237141,0.0
H0132,2025-06,EEE,7,5.93878371721219,73.67635948333269,88.89480759517105,1.0
H0133,2025-06,Mech,3,5.494395008846824,97.70180642339245,85.74670025194865,1.0
H0134,2025-06,Comp Sci,5,7.203022569902699,87.80081882290611,75.40586670008138,1.0
H0135,2025-06,Mech,7,7.495884696308814,88.6548233154308,80.73050169088181,1.0
H0136,2025-06,Computer Science,4,7.859814312956552,69.35757699575683,,2.0
H0137,2025-06,E.E.E,7,6.8878773305821595,75.22321807861482,83.04991730760416,1.0
H0138,2025-06,ECE,7,7.160565374174459,93.67231442973849,74.89026625610859,2.0
H0139,2025-06,Civil Engg,8,7.8411980285221965,75.10974685843291,83.81905884436551,1.0
H0140,2025-06,cs,4,7.3615594037257,82.62147494472698,81.16631512854983,1.0
H0141,2025-06,ECE,7,6.555625710506479,86.6485957977862,95.32268842633924,3.0
H0142,2025-06,Electronics,8,7.305658434122387,73.16446682767325,86.77873222893132,2.0
H0143,2025-06,Electrical,7,7.817412844356108,92.1231192447804,81.21204500208503,0.0
H0144,2025-06,ME,4,5.681323666205517,83.69364387301569,85.85352111220809,2.0
H0145,2025-06,Electronics,7,6.453931509295179,83.18219401036933,88.74042950644285,2.0
H0146,2025-06,cs,3,7.884775546203039,87.39192063779205,,2.0
H0147,2025-06,CSE,6,8.351918585576987,87.66323685461242,96.46853697616062,1.0
H0148,2025-06,ECE,5,6.852583946433896,95.37321729134813,88.00496025322887,1.0
H0149,2025-06,e.c.e,6,7.677350982712478,92.87866418051726,92.77438693719054,0.0
H0150,2025-06,Computer Science,6,7.933602667143726,100.0,78.78329442794256,1.0
H0151,2025-06,CIVIL,3,6.442725230307014,84.22355862052645,81.61507319731052,1.0
H0152,2025-06,CIVIL,6,8.03605403373446,100.0,87.45428416361328,1.0
H0153,2025-06,cs,8,9.55101343215964,,85.17499911256701,2.0
H0154,2025-06,Mechanical,5,6.718966910991526,96.63990586194012,92.96270383869341,0.0
H0155,2025-06,Computer Science,4,7.942828062246598,90.13536979795758,90.09312055275991,1.0
H0156,2025-06,Mech,8,6.70748743794304,89.1101737235305,88.79380668091193,1.0
H0157,2025-06,Comp Sci,3,7.923172449202853,89.8339036440206,90.30970584655458,
H0158,2025-06,ME,5,5.130693279912974,89.39777117021839,,0.0
H0159,2025-06,Mech,6,6.081164942039588,86.80340783422214,71.26459590424014,4.0
H0160,2025-06,Civil Engg,5,6.9964659796165884,70.47465382977475,87.71976491231906,2.0
H0161,2025-06,CSE,8,7.5945017224493725,86.22393395712308,83.59088977996522,2.0
H0162,2025-06,E.E.E,5,6.664477204123828,87.34153437284108,79.03288105155698,0.0
H0163,2025-06,Computer Science,8,5.891749718965501,88.80189701526832,87.34526376841028,
H0164,2025-06,Comp Sci,3,7.515687681517053,93.11550594069233,76.25331996313508,1.0
H0165,2025-06,Mechanical,7,6.554175856835416,85.63836229493656,98.27110210028316,0.0
H0166,2025-06,e.c.e,6,6.945248224313976,81.47760498680454,87.40690399640204,3.0
H0167,2025-06,Civil,4,6.127111441798688,92.7041295491223,69.76763925176563,1.0
H0168,2025-06,Civil,4,7.499625718837363,88.64569483685219,86.94866099287127,1.0
H0169,2025-06,Comp Sci,7,6.565016990994328,89.4087954933485,82.09480106584043,1.0
H0170,2025-06,Electrical,6,6.355428471879063,81.08926744197859,81.66690161189409,1.0
H0171,2025-06,cs,6,8.624235116397106,85.34489992921667,92.45371081995322,3.0
H0172,2025-06,ECE,3,6.475151956574453,80.17223102312491,94.41596670285723,1.0
H0173,2025-06,CSE,6,7.6431169068848295,81.44700818999463,72.9502815682889,0.0
H0174,2025-06,E.E.E,8,7.220375965468125,94.2436592816432,87.9645632305455,2.0
H0175,2025-06,Computer Science,3,6.723159985131808,92.86515729363605,97.8937075020931,1.0
H0176,2025-06,cs,5,6.316433527621441,82.05145213159665,80.58019672272663,3.0
H0177,2025-06,ECE,5,7.503329039075002,80.07368334781395,81.35147653222631,2.0
H0178,2025-06,EEE,8,6.548725154126461,79.12825704018147,88.20471358335521,1.0
H0179,2025-06,Civil,4,7.002272842586025,90.48796963990308,73.31346897407782,1.0
H0180,2025-06,Mech,5,5.974263115588386,,82.73354910748454,2.0
H0181,2025-06,Civil Engg,7,5.794084135762995,76.88901199896128,75.40349698403284,1.0
H0182,2025-06,Civil,3,6.765533867347629,92.21932348804593,87.00392247477309,0.0
H0183,2025-06,Electronics,7,7.101073315716266,97.24760459508023,79.7066409351647,1.0
H0184,2025-06,cs,7,7.3396531157374625,95.61406399284253,92.48338311916083,0.0
H0185,2025-06,CIVIL,7,7.145236179667424,79.23069759240848,79.4843872094323,4.0
H0186,2025-06,Mech,6,7.613991755456792,79.62614973793204,93.84250602974612,3.0
H0187,2025-06,ECE,7,5.294545302219326,85.30731427989772,87.22378834610303,2.0
H0188,2025-06,CSE,7,,99.94203954432223,98.1778202438523,1.0
H0189,2025-06,Mechanical,8,6.034508204910224,90.62440635606015,91.83073508580785,3.0
H0190,2025-06,cs,5,7.516996636482379,88.25296558102646,92.4794701094657,0.0
H0191,2025-06,EEE,5,6.1275453047047765,94.85814118112484,94.97938562946541,1.0
H0192,2025-06,Comp Sci,6,7.789413338831055,83.2335712083822,72.89470393899335,4.0
H0193,2025-06,CSE,4,8.199693908172048,85.26246110520383,92.80184495745334,1.0
H0194,2025-06,Civil,8,6.697258757316556,81.20847034486759,88.4481801268179,1.0
H0195,2025-06,cs,7,5.794447760427462,79.80878362809422,97.84379246698725,1.0
H0196,2025-06,cs,6,7.3796388191652955,81.81150266816265,87.8825922565972,0.0
H0197,2025-06,ME,4,7.324549900778751,,87.03808649430448,2.0
H0198,2025-06,Civil,5,7.1534642845319505,78.5473696383072,81.32713868202937,0.0
H0199,2025-06,CSE,5,7.337507233975172,,94.70669244386559,
H0200,2025-06,cs,6,7.871067263131183,96.91364829319346,92.13415904023297,3.0
H0201,2025-06,CIVIL,7,6.872517873795163,82.92066848496243,75.24389122221434,4.0
H0202,2025-06,EEE,7,6.905281759777407,84.56861397336051,84.04061186548225,3.0
H0203,2025-06,Electronics,8,7.033713504111836,81.19922192239078,91.47357084733865,3.0
H0204,2025-06,Comp Sci,8,6.428456073520703,97.64594507587785,89.12640232148995,0.0
H0205,2025-06,Computer Science,7,7.253600592968332,83.10905880022037,95.31540949609263,1.0
H0206,2025-06,Comp Sci,5,6.513416895522493,91.24016051006475,91.2624561678236,3.0
H0207,2025-06,Computer Science,6,7.750924448273917,86.31003310458173,89.6922154749092,2.0
H0208,2025-06,ME,5,6.581823587200208,86.62168277595885,,0.0
H0209,2025-06,Computer Science,6,7.091299258026346,76.28113213076769,,0.0
H0210,2025-06,ECE,7,5.114739780761932,85.78198839294201,82.09850703507219,1.0
H0211,2025-06,ME,5,5.720350175295989,75.3738650216993,86.20059919828289,1.0
H0212,2025-06,Mechanical,6,5.165458581460807,83.02390741095277,89.37814388412642,2.0
H0213,2025-06,Computer Science,3,5.404177608375482,100.0,81.99317722578084,0.0
H0214,2025-06,Civil Engg,7,5.871944733557771,89.5546797992432,91.83168599007453,1.0
H0215,2025-06,Mechanical,5,5.731385401605987,89.73221166196453,84.73282402305783,0.0
H0216,2025-06,Mechanical,5,8.091552881079448,74.78120846223882,79.60585629904922,3.0
H0217,2025-06,Computer Science,6,7.438749409665844,100.0,98.88926309666854,0.0
H0218,2025-06,CSE,4,9.00756826149875,97.92578196552222,80.9326579208198,2.0
H0219,2025-06,E.E.E,6,6.380474806717542,83.73407161951286,94.06504987556941,3.0
H0220,2025-06,ECE,7,6.3785474299259945,89.42307786408877,87.6391695093075,
H0221,2025-06,cs,5,7.097049135557012,97.3594752898673,72.72219400730924,1.0
H0222,2025-06,e.c.e,3,5.897217558287608,,82.94703156377011,1.0
H0223,2025-06,Mech,5,6.471935786435126,86.28936367094306,,3.0
H0224,2025-06,Electrical,4,,86.189388432465,85.47095271075543,5.0
H0225,2025-06,Computer Science,5,8.593081425456297,89.04704082778778,90.26890421249095,2.0
H0226,2025-06,E.E.E,6,5.768432036798526,79.59828984105191,88.1429198810149,1.0
H0227,2025-06,Computer Science,3,6.938065135341978,89.72785486830011,98.56108254865778,5.0
H0228,2025-06,Mechanical,7,6.83459167936029,,83.10768351069272,0.0
H0229,2025-06,Mech,4,6.176995251625858,98.17422348535277,84.55716552945697,2.0
H0230,2025-06,Comp Sci,8,5.986526968792423,86.62470472220805,72.21775209652736,2.0
H0231,2025-06,Comp Sci,7,7.564295625030793,100.0,80.21079737871692,1.0
H0232,2025-06,ECE,4,7.446212090418293,80.0890702057009,86.96867156146908,3.0
H0233,2025-06,E.E.E,6,7.878928638279246,100.0,77.91309558710184,3.0
H0234,2025-06,ME,3,5.651010402301642,94.91287003363232,96.37840181275085,
H0235,2025-06,Electrical,3,7.72247105030079,72.36193249092456,96.6141088413755,3.0
H0236,2025-06,Civil Engg,8,6.389458554690373,80.63943072212645,82.97758093971032,2.0
H0237,2025-06,Electronics,7,6.485964487279059,80.02338632532593,89.28653928722993,3.0
H0238,2025-06,Civil Engg,3,6.792356192821298,78.35010546090034,92.39683116983998,1.0
H0239,2025-06,Computer Science,4,8.08954865238342,94.77670058691827,90.67821332874985,2.0
H0240,2025-06,Computer Science,4,7.422037837212784,89.98695945872868,,1.0
H0241,2025-06,Civil,5,6.984329359585645,89.69218012754061,86.55923515640903,1.0
H0242,2025-06,CIVIL,4,6.36519800642732,64.01367824317535,80.45394107645714,1.0
H0243,2025-06,cs,4,7.769032176137524,82.08177680920991,91.25293885694549,0.0
H0244,2025-06,Electronics,6,6.188660804637963,85.53726080280737,86.16543344845574,1.0
H0245,2025-06,Mech,4,7.8090782840012825,,80.46943583300329,3.0
H0246,2025-06,CIVIL,8,5.148529617233599,82.32370608203603,86.75404376596761,1.0
H0247,2025-06,ME,7,5.450646901791334,83.12752081788344,86.65239406460492,3.0
H0248,2025-06,ECE,7,5.421544539385871,84.27050819717645,75.6234916618427,3.0
H0249,2025-06,Electronics,4,6.162891283029952,,74.65134921935154,1.0
H0250,2025-06,e.c.e,7,5.795588094643879,95.66528455388998,79.87219641639224,0.0
H0251,2025-06,Mech,8,6.282779374319496,94.6825833193602,93.71871375756967,1.0
H0252,2025-06,Civil,4,6.454112222209245,91.19571421431955,85.92026954813944,0.0
H0253,2025-06,Electronics,7,6.83281537873272,79.59510491543321,,2.0
H0254,2025-06,cs,5,6.589403074279106,100.0,93.03022556641999,0.0
H0255,2025-06,cs,7,8.418566979063408,71.50296944287498,92.66281067417391,0.0
H0256,2025-06,ME,5,6.192744524891858,92.46759021549117,83.15829800248211,1.0
H0257,2025-06,CIVIL,7,6.798987870476459,72.9146053555262,82.24555736192076,2.0
H0258,2025-06,CSE,3,6.269425087460358,100.0,,1.0
H0259,2025-06,CSE,5,8.867615395281062,87.54672197002633,80.9250680625402,0.0
H0260,2025-06,Mechanical,4,6.289144897382606,80.34411134537707,,1.0
H0261,2025-06,CSE,4,6.790325405935782,91.12037912066035,83.60495611388511,1.0
H0262,2025-06,CIVIL,4,5.902669070049798,74.50964486040405,64.55060087523898,0.0
H0263,2025-06,cs,5,7.588764994240048,89.20379634790086,89.77551869908712,1.0
H0264,2025-06,cs,3,7.450064554833527,91.11772303258974,87.26981055307215,5.0
H0265,2025-06,Electrical,7,6.255806175102632,84.99476555152674,79.0281678312773,
H0266,2025-06,CSE,6,7.809817492636775,94.45136073201428,84.29752944293868,4.0
H0267,2025-06,Comp Sci,7,7.89825376586666,94.81138586485703,94.56601324990851,0.0
H0268,2025-06,Comp Sci,7,7.471179783984899,89.71454272944969,88.71275439609155,3.0
H0269,2025-06,Comp Sci,3,6.790802516014191,97.55684420443285,78.07718529217478,3.0
H0270,2025-06,cs,3,7.0738111267681285,78.76459704101482,88.50107477489074,2.0
H0271,2025-06,Computer Science,5,6.701271054094702,88.77478122289685,100.0,0.0
H0272,2025-06,Comp Sci,5,6.43166355516815,92.52066815480607,84.59331615812297,0.0
H0273,2025-06,Computer Science,4,7.277484872318377,77.93382747587802,81.38383949085812,0.0
H0274,2025-06,ME,7,6.5045107478539474,64.67163488692357,92.83223887867058,0.0
H0275,2025-06,Mech,6,5.992513853146488,87.54131944745204,,1.0
H0276,2025-06,ECE,7,5.99765105813569,,78.99512605609301,2.0
H0277,2025-06,Comp Sci,3,6.216636389676996,92.34439953634445,100.0,1.0
H0278,2025-06,Electronics,7,7.005184863184793,83.52845342533978,88.29511910133584,2.0
H0279,2025-06,Civil Engg,4,7.790268979938647,82.67044474731526,83.2414713774354,2.0
H0280,2025-06,CIVIL,5,5.776626637605204,79.34106694693301,86.0376767078876,0.0
H0281,2025-06,Computer Science,5,7.579655573656074,98.95569360876856,89.1865558800572,2.0
H0282,2025-06,Computer Science,7,6.224306655184886,100.0,88.02694971825994,1.0
H0283,2025-06,Comp Sci,4,7.017219753614198,95.51833227498673,89.21057712025676,1.0
H0284,2025-06,CSE,4,7.987915370219847,83.13571543508846,96.44227669280575,0.0
H0285,2025-06,Mechanical,5,6.4751818405548764,89.17656484588908,79.51875934574147,1.0
H0286,2025-06,Electronics,5,6.434462038214346,86.0840417984469,73.37151024563214,3.0
H0287,2025-06,cs,4,6.462756630466366,88.72173403019148,87.64901528517335,3.0
H0288,2025-06,ECE,4,7.192465814668118,79.97601526407053,70.74653242896662,0.0
H0289,2025-06,Electronics,4,5.556018874699365,,90.25067473047535,1.0
H0290,2025-06,Computer Science,5,6.218915646421134,84.3009720328088,89.26828454957307,1.0
H0291,2025-06,Civil,5,5.051734007463706,73.67072178720875,66.7167814016081,2.0
H0292,2025-06,CSE,5,6.899047432436411,94.54041228681739,78.17602367788143,1.0
H0293,2025-06,E.E.E,7,,92.78513136116914,89.68517242193738,3.0
H0294,2025-06,Computer Science,4,6.893227604155546,85.10138088381473,84.97277136889745,2.0
H0295,2025-06,Civil,8,,94.40648332018658,86.38965709181934,0.0
H0296,2025-06,Electrical,7,6.767386070355226,94.47303279803586,82.55493019083056,1.0
H0297,2025-06,EEE,4,7.1330815237982,98.61042909683849,85.1390054255355,1.0
H0298,2025-06,CIVIL,4,7.323269628788586,89.57897117358652,93.11336003165604,2.0
H0299,2025-06,Civil,4,5.781441405764999,87.47528586248184,89.83251801147497,2.0
H0300,2025-06,Mechanical,4,8.665719708475807,70.50998678098385,81.47055212709128,0.0
H0301,2025-06,Civil Engg,5,7.114942709414482,89.25802652761364,75.89605687823452,2.0
H0302,2025-06,cs,3,,81.1281737389289,80.87410687532024,3.0
H0303,2025-06,e.c.e,3,6.996622960267558,77.33140000137381,83.4579504939396,3.0
H0304,2025-06,e.c.e,5,8.109001042801458,97.20086675947097,87.94828188943255,1.0
H0305,2025-06,Civil,7,,94.60082597831223,92.75820458425432,1.0
H0306,2025-06,Electronics,4,6.051863491784246,93.71953726008857,84.68464224774785,2.0
H0307,2025-06,ECE,8,6.899715373030515,96.83076185494946,86.76856999541737,1.0
H0308,2025-06,Mechanical,5,7.279164607565887,90.16445878653975,84.04735934737737,3.0
H0309,2025-06,Computer Science,8,7.368248200954691,72.26354396196623,82.44841082294059,0.0
H0310,2025-06,Comp Sci,4,7.813966911368273,76.18399310366591,80.98954406025322,3.0
H0311,2025-06,ECE,6,6.286507869357205,88.784813261169,80.42624125819326,2.0
H0312,2025-06,Electronics,7,6.285848141673736,83.56378728302153,,3.0
H0313,2025-06,CSE,3,6.890943184865461,92.2863509793824,86.6082281546295,1.0
H0314,2025-06,e.c.e,8,7.59102694370083,87.55739157661723,78.02422208126575,4.0
H0315,2025-06,e.c.e,5,7.349491659016305,81.51816593437839,80.53913989814576,1.0
H0316,2025-06,Comp Sci,5,7.867847503871306,79.94444194889567,,1.0
H0317,2025-06,Electronics,6,8.178639979765762,77.4100463687571,,1.0
H0318,2025-06,ME,6,7.065855189933148,90.99359909502779,85.8418610178561,0.0
H0319,2025-06,cs,3,7.896039298838609,81.36911564602295,89.98752166688602,0.0
H0320,2025-06,Electrical,8,7.268288199300923,66.97533010586851,83.04533831138305,1.0
H0321,2025-06,E.E.E,6,7.445702523148173,91.26281460663866,92.29623658584595,0.0
H0322,2025-06,e.c.e,8,7.40334765230573,93.66305721781426,100.0,0.0
H0323,2025-06,cs,5,6.169787552925634,90.97591668513813,83.9482561770031,2.0
H0324,2025-06,e.c.e,6,7.416692764769483,75.0900831201314,92.32901812632791,3.0
H0325,2025-06,Civil Engg,5,7.352135117786015,100.0,83.78875824701778,3.0
H0326,2025-06,Mechanical,8,7.257578013573564,80.06121292245713,85.42120850179433,1.0
H0327,2025-06,Civil,7,6.374713884676012,85.97986168769592,82.19516690503248,1.0
H0328,2025-06,ECE,8,6.193267969903778,82.533849892539,85.15154560791107,3.0
H0329,2025-06,Mechanical,6,6.479056240466967,83.65301146536247,89.65431665108878,4.0
H0330,2025-06,cs,7,6.595303336079582,93.55285809723985,76.70001408818777,2.0
H0331,2025-06,ME,5,6.760155037273414,91.66952945588194,91.20538322649183,3.0
H0332,2025-06,CSE,5,7.81234122754381,75.9708546317937,93.36612023912568,2.0
H0333,2025-06,Mech,7,5.9469205265581895,84.90169665832994,66.82524744579203,3.0
H0334,2025-06,Civil Engg,3,6.593678177124213,77.52080719440353,84.21950576404502,0.0
H0335,2025-06,CSE,7,8.396090357013025,70.7261799991995,85.88006341375382,1.0
H0336,2025-06,Mechanical,3,6.125432555605914,65.00532779709599,81.4852356862197,3.0
H0337,2025-06,CSE,6,6.429113011599361,89.76853500213392,84.6627495028798,2.0
H0338,2025-06,Mech,5,5.646354792506992,83.96451233527746,85.82725619588895,4.0
H0339,2025-06,Comp Sci,5,7.231546117095745,,80.7118070971322,1.0
H0340,2025-06,E.E.E,5,6.8127039555723705,92.91979357909234,93.3144743287085,0.0
H0341,2025-06,cs,5,7.459389392767834,90.79726682570671,88.85238947836139,1.0
H0342,2025-06,Electrical,5,5.293562931388972,77.24290452161397,84.41251649352441,2.0
H0343,2025-06,Civil Engg,5,5.234685416838586,89.1679358658481,84.29995980240885,1.0
H0344,2025-06,Mechanical,6,5.681673724941207,74.00340173227166,90.44182899127449,1.0
H0345,2025-06,CIVIL,7,6.4902597009933585,80.10225310892149,88.61718781838012,2.0
H0346,2025-06,Civil Engg,6,7.95893706243464,87.51289759404068,88.46517447756761,1.0
H0347,2025-06,Electrical,6,6.856488700511284,95.22761254985102,86.1979041266371,1.0
H0348,2025-06,Comp Sci,8,7.62343926576379,96.61586691811064,94.55749253683267,2.0
H0349,2025-06,Mechanical,8,5.152083005996347,90.15243440920644,81.95724334962803,1.0
H0350,2025-06,Comp Sci,3,7.710345240102273,,76.21781109187106,0.0
H0351,2025-06,ME,7,5.506454884902055,100.0,87.74996599735798,5.0
H0352,2025-06,CSE,4,7.219749880352017,92.14295726897052,82.32568478984139,2.0
H0353,2025-06,ME,4,4.898786190376605,93.02505082887156,83.08423528732655,0.0
H0354,2025-06,Mechanical,7,6.486510640241869,85.50331704391319,90.60543908947365,3.0
H0355,2025-06,e.c.e,3,8.179828380034373,85.17311430942378,67.63616078249896,1.0
H0356,2025-06,ECE,8,6.721582562068846,83.46770128260918,84.15361838279595,0.0
H0357,2025-06,Civil,7,6.115412997891464,81.07061062172808,77.44181457111958,3.0
H0358,2025-06,Civil Engg,8,6.480511222198627,93.02397731090852,83.29130720379445,2.0
H0359,2025-06,e.c.e,7,7.785735681289367,96.38633311307298,91.28328476382917,2.0
H0360,2025-06,Mechanical,8,6.9456995444052065,84.79380210640501,84.7613988570034,1.0
H0361,2025-06,Electrical,3,6.251895150872828,83.91101171813715,76.6701647013387,0.0
H0362,2025-06,Computer Science,8,8.024832697131698,85.52587864872586,76.01113593648502,1.0
H0363,2025-06,CSE,3,8.44336425705758,88.13140180993592,89.7502546634254,1.0
H0364,2025-06,CSE,4,8.289921578498184,85.10435089883178,77.47464703498774,1.0
H0365,2025-06,Mech,3,5.530424023432653,85.72040520370192,87.19603616397967,2.0
H0366,2025-06,Electronics,5,7.317242362471672,79.25738026855919,92.67902409155904,0.0
H0367,2025-06,Civil Engg,7,6.358073111862413,86.03681154220179,91.92511566867134,2.0
H0368,2025-06,Mech,4,6.550655604370015,88.20818567562463,78.66447738783421,1.0
H0369,2025-06,Computer Science,7,6.336008471923591,94.63125136208032,75.75971896291048,2.0
H0370,2025-06,Civil,6,5.119264354347374,71.45307444725447,91.24256678735128,2.0
H0371,2025-06,Civil Engg,6,6.274082802931796,86.4995252758082,88.96506116285858,2.0
H0372,2025-06,CSE,8,5.997809155365479,72.52800099470369,91.92282295956062,1.0
H0373,2025-06,Electronics,5,5.808497562531016,79.84143917337278,89.5094083215975,1.0
H0374,2025-06,Comp Sci,5,6.910707977165101,94.98217112425678,,1.0
H0375,2025-06,cs,8,,88.2611446858873,78.37479658750037,2.0
H0376,2025-06,Comp Sci,6,5.711948100670007,78.77498348029819,87.72976438054764,1.0
H0377,2025-06,EEE,6,5.555952090128475,86.08415076922797,85.4118811943792,3.0
H0378,2025-06,ECE,4,6.669380721534332,84.27956664159147,86.10473975535841,1.0
H0379,2025-06,ECE,4,7.231000268977154,93.76890223999035,100.0,1.0
H0380,2025-06,ME,4,,87.67062789566677,76.24713033028054,1.0
H0381,2025-06,ME,4,6.821746329503068,87.32667930906517,84.22585360487001,2.0
H0382,2025-06,E.E.E,4,6.7402077366219615,98.1120564761659,78.47958807136861,2.0
H0383,2025-06,Civil,7,6.082178988527414,77.43763031019822,,1.0
H0384,2025-06,e.c.e,3,6.309418704023653,78.7608155459335,72.8907532015662,2.0
H0385,2025-06,Electronics,6,5.491811091027261,68.35163078283462,78.11313762107406,1.0
H0386,2025-06,Electrical,8,5.829522397119784,100.0,80.88305868273997,2.0
H0387,2025-06,ME,7,5.453103567173436,74.00833486979332,84.70364843922917,1.0
H0388,2025-06,EEE,5,6.059688539167959,83.79267726569617,,2.0
H0389,2025-06,cs,3,6.826407057278825,73.3440929360956,93.63625560165463,
H0390,2025-06,Civil,8,7.911543026652565,92.91017755468913,93.62852284600825,2.0
H0391,2025-06,Mech,3,7.576003252152443,82.25472591400975,93.36720367783045,0.0
H0392,2025-06,CSE,7,8.58399447429424,89.029423941435,90.06800358281313,2.0
H0393,2025-06,ME,7,6.694877006763228,83.75291026714838,,1.0
H0394,2025-06,Mech,4,6.659734837330013,87.14194940127491,95.66360054906873,1.0
H0395,2025-06,cs,7,5.587936642728703,83.50016511379788,89.00080720766412,2.0
H0396,2025-06,ECE,4,6.8471484820625115,100.0,100.0,1.0
H0397,2025-06,Civil Engg,4,5.735461252312103,83.21062117338167,86.47198809911188,2.0
H0398,2025-06,CSE,7,6.732430454715264,93.69400027757334,85.67381668553975,1.0
H0399,2025-06,e.c.e,8,7.908219398098551,84.89955468562825,,
H0400,2025-06,e.c.e,4,6.800390715493535,82.9666407982604,84.93379239339644,4.0
H0401,2025-06,Comp Sci,8,6.0940785752230315,84.6519554173087,90.81610480530458,1.0
H0402,2025-06,E.E.E,8,5.918358529226429,94.95466389466003,85.91821613333016,1.0
H0403,2025-06,Civil,7,7.321618898956077,84.39543630345375,89.68413223761974,1.0
H0404,2025-06,Comp Sci,3,7.348454205604114,76.0275164664266,88.19677643390513,2.0
H0405,2025-06,EEE,4,7.682375933758391,93.04433421338433,80.81885113235548,1.0
H0406,2025-06,CIVIL,7,5.492179382515839,83.19262745622532,83.64838633794618,3.0
H0407,2025-06,CSE,8,7.576839654713608,82.15320219866932,85.45230462904587,0.0
H0408,2025-06,CIVIL,7,,70.79665574727387,89.4448484477262,3.0
H0409,2025-06,Comp Sci,5,6.238974184234132,93.14652777533139,87.6337947839817,0.0
H0410,2025-06,Electrical,4,6.258855322735214,93.7996126852077,74.60392272463986,1.0
H0411,2025-06,ME,8,7.227171984758061,66.83833869972455,82.11354068707284,1.0
H0412,2025-06,ME,4,5.268338854669317,84.5002114107441,86.418567961755,2.0
H0413,2025-06,Comp Sci,5,7.318645850723708,90.13680083827253,92.57002724274332,1.0
H0414,2025-06,CIVIL,8,7.585495506196742,87.50639151119418,85.99191660990655,0.0
H0415,2025-06,cs,6,7.2280108779373595,87.69025587959413,90.90277528721171,2.0
H0416,2025-06,Computer Science,4,7.261773115828945,86.48479838602624,,0.0
H0417,2025-06,Computer Science,3,6.537272205822408,92.91546457713,,2.0
H0418,2025-06,CIVIL,5,5.154801751186314,93.67347640828356,92.66597386401973,0.0
H0419,2025-06,cs,8,7.289623660879758,86.27051525675519,81.6201844131059,1.0
H0420,2025-06,E.E.E,5,7.183728645498219,75.03520013842241,77.90238871673846,1.0
H0421,2025-06,Mechanical,7,7.106346387792306,87.68479018549691,82.72451198219463,2.0
H0422,2025-06,Comp Sci,4,7.264310120936109,85.53922607361753,85.31736970258832,0.0
H0423,2025-06,Comp Sci,7,6.658322350086755,96.57167071404515,99.08195729890085,4.0
H0424,2025-06,CSE,7,6.822669399786775,94.12058799062324,90.82950684572755,3.0
H0425,2025-06,Mechanical,6,5.891140516178517,75.8478782078141,83.87544018695267,0.0
H0426,2025-06,CIVIL,7,8.032050204909103,76.41498532791482,83.31985018208863,1.0
H0427,2025-06,CSE,6,6.677648832126859,83.3145337390497,90.64772783348073,1.0
H0428,2025-06,Civil,5,6.513558980999841,91.55158243258364,66.8629665409701,1.0
H0429,2025-06,Comp Sci,7,6.858142293203259,98.07988774142476,92.8692631476099,2.0
H0430,2025-06,CIVIL,8,5.910638642709292,73.98934959806965,80.49552746445829,0.0
H0431,2025-06,EEE,8,6.4872616575379585,82.4228519777616,80.30280801931755,2.0
H0432,2025-06,Civil,4,7.1519298304940255,76.18147516645269,88.85861578846857,2.0
H0433,2025-06,ME,7,6.149463982625944,80.21759862119146,82.6195455070949,0.0
H0434,2025-06,Civil,3,7.26333373046449,93.06551483502531,86.09968395524072,1.0
H0435,2025-06,CSE,6,8.164137787465302,80.37984260254773,89.24726181651877,1.0
H0436,2025-06,Comp Sci,6,5.610914277742374,81.69228406836505,90.96771505198473,1.0
H0437,2025-06,Comp Sci,5,7.066330763770387,83.42954104569235,84.18673089024978,1.0
H0438,2025-06,Electronics,8,7.225693498295479,84.8659229005062,83.25879194952797,4.0
H0439,2025-06,Mechanical,8,6.046789704225419,75.02635660148742,,0.0
H0440,2025-06,Mech,3,7.150227084105637,84.09940894560737,75.45350076600224,0.0
H0441,2025-06,Civil Engg,4,6.410720169468511,87.5138851712463,94.05633127104149,1.0
H0442,2025-06,CSE,4,5.837193985960341,81.66958322533807,95.75743379310157,3.0
H0443,2025-06,Mech,8,5.9394792997957815,86.63609526323778,77.79086873856518,0.0
H0444,2025-06,CSE,6,7.182942425984521,77.40776970246043,85.09074760121769,1.0
H0445,2025-06,CSE,7,7.072068919676983,75.56103004701534,80.08265499757769,0.0
H0446,2025-06,Mechanical,7,5.035001062705858,92.33931181302366,81.59472230838476,2.0
H0447,2025-06,E.E.E,7,,77.83306378088749,88.80190279221762,3.0
H0448,2025-06,ME,3,6.002379899978307,92.2536701701456,79.34964973452642,1.0
H0449,2025-06,Computer Science,3,7.068419489488381,90.49170942940566,,1.0
H0450,2025-06,ME,5,7.812075289574764,89.59102495993324,75.96840633202149,1.0
H0451,2025-06,Computer Science,5,7.699355572276515,100.0,79.37282576197302,3.0
H0452,2025-06,Civil Engg,7,8.472986740178161,77.21387387500437,100.0,2.0
H0453,2025-06,ME,3,7.408050076661084,85.82811135685819,88.66643911280029,1.0
H0454,2025-06,CSE,5,7.193572194060572,81.93920103621474,83.92548971406544,0.0
H0455,2025-06,CSE,4,6.908189738427006,86.60430722657742,85.39317638312191,3.0
H0456,2025-06,CSE,4,6.849121503399167,85.85184019822185,88.10440238897748,1.0
H0457,2025-06,EEE,4,8.058277104728681,77.71224082540066,94.29292306108954,0.0
H0458,2025-06,Electronics,4,7.409627219209838,79.42436393198679,94.22716446844193,2.0
H0459,2025-06,CIVIL,6,6.523289402410746,82.22018037205598,83.2092007231794,4.0
H0460,2025-06,Mechanical,5,7.778955076360891,78.88490585228219,78.67301893379016,
H0461,2025-06,Mech,5,6.181497700969932,87.32412043531588,82.63200620719256,2.0
H0462,2025-06,cs,5,6.8908822742622515,96.04341789787213,75.67309666860226,1.0
H0463,2025-06,EEE,7,6.981776854402027,75.76070214479486,89.34589856253406,4.0
H0464,2025-06,Computer Science,8,8.261741857026495,89.97214789797866,88.36378705629416,2.0
H0465,2025-06,ME,6,5.841521617601846,83.76410279220747,74.1833287484227,3.0
H0466,2025-06,Mech,6,5.289422309837046,82.87211594653044,91.97842455039043,5.0
H0467,2025-06,ME,7,5.533810144594195,100.0,84.02105260634026,2.0
H0468,2025-06,EEE,7,7.122084884937068,89.32912423063979,86.58551765243772,0.0
H0469,2025-06,cs,3,6.246098875952418,79.28779753315902,84.38458875385345,2.0
H0470,2025-06,Electronics,8,5.595978376234041,86.43049196218618,89.46254435175366,2.0
H0471,2025-06,ECE,3,7.0733762318754785,87.9973974028806,79.9118616955574,1.0
H0472,2025-06,e.c.e,5,6.278196821547872,87.41701977122047,,1.0
H0473,2025-06,CSE,6,6.257387257585013,94.85531403375126,84.7447607951127,1.0
H0474,2025-06,Comp Sci,5,7.257225599476845,90.52246222279274,92.46020708243172,0.0
H0475,2025-06,Comp Sci,4,7.3030854688980735,79.67921459259826,86.36079393080429,2.0
H0476,2025-06,Computer Science,8,5.776376143243702,91.89150224692165,84.25831031868162,3.0
H0477,2025-06,Electronics,3,5.459799287417867,,96.0049008332333,0.0
H0478,2025-06,Mechanical,4,5.88797459295881,96.62600655874347,75.73079617627417,1.0
H0479,2025-06,Mechanical,8,7.409123367745176,69.68447013668464,87.99505255166221,1.0
H0480,2025-06,ECE,7,7.249822500047847,,86.68143285537568,
H0481,2025-06,ECE,3,5.377205079526913,84.89507993765045,90.870799791357,1.0
H0482,2025-06,CSE,7,7.654263778717313,84.57948341321709,87.37011027299393,0.0
H0483,2025-06,Mech,8,5.555884154470233,84.73940875294595,84.06886451346975,1.0
H0484,2025-06,CSE,3,7.723792508052942,100.0,97.22305709950156,0.0
H0485,2025-06,cs,5,6.605670263806003,100.0,100.0,0.0
H0486,2025-06,e.c.e,5,6.780605705331442,,94.13358211194644,1.0
H0487,2025-06,e.c.e,3,6.214954573103778,72.35467031786229,87.73902855862943,0.0
H0488,2025-06,Computer Science,4,7.757254369122207,84.80787954004771,100.0,0.0
H0489,2025-06,ME,4,5.051073094198241,88.83867513261114,76.42872643578201,0.0
H0490,2025-06,Mech,4,6.036346106846713,95.15411722467768,94.72559917430844,1.0
H0491,2025-06,ME,5,6.754361546341005,96.98346591618501,77.09326581105734,1.0
H0492,2025-06,ME,5,5.603229322862459,90.42130785075938,95.9336508705463,1.0
H0493,2025-06,Mech,4,7.025073932545227,82.11273222264764,68.19643607923783,0.0
H0494,2025-06,Comp Sci,4,8.008938936826514,87.81083460318199,98.80562570040703,2.0
H0495,2025-06,Civil Engg,4,7.185753499360747,100.0,80.35318546135903,2.0
H0496,2025-06,e.c.e,7,6.770448753299749,73.33533176458384,85.52386140931408,2.0
H0497,2025-06,ECE,4,7.290160117371524,91.8971704869452,90.97122994645427,0.0
H0498,2025-06,ME,8,8.073486914585851,81.23105460149549,79.50570330980096,3.0
H0499,2025-06,ECE,6,5.121131835149807,75.49845119011805,88.68094216127405,3.0
H0500,2025-06,ECE,7,7.373604533816392,91.4915956031103,79.51363561827003,2.0
H0501,2025-06,Mech,6,7.779048520399269,97.54472853787773,88.68771054922063,2.0
H0502,2025-06,Civil,4,4.423256765254545,85.45124661484981,95.27186877058288,
H0503,2025-06,Electrical,6,6.422008235706277,83.23986635821495,84.15514977540069,3.0
H0504,2025-06,e.c.e,4,7.464917615920917,91.70690964796655,82.99526818462614,2.0
H0505,2025-06,e.c.e,3,7.498437048894686,80.13014173008959,80.0196210056307,3.0
H0506,2025-06,Civil,4,7.116804355972114,,81.15683557500026,2.0
H0507,2025-06,Computer Science,4,7.108766343919304,,71.77739769860688,2.0
H0508,2025-06,CIVIL,3,7.36985224699202,84.32288424398914,67.37235143311054,2.0
H0509,2025-06,e.c.e,3,5.762020506210033,81.17321438408142,90.05439019360935,2.0
H0510,2025-06,Computer Science,8,7.249094590289977,84.33524930737651,74.77248020381236,2.0
H0511,2025-06,Computer Science,6,7.406671901498108,87.71953776317947,91.27836359823031,3.0
H0512,2025-06,Civil Engg,5,6.729724170819193,88.78759933804464,,4.0
H0513,2025-06,Comp Sci,8,6.843612561679306,82.56517610879752,76.9957573416756,3.0
H0514,2025-06,Computer Science,4,5.800565806585349,75.07464202559034,81.29822849940477,2.0
H0515,2025-06,CSE,5,7.812492731690915,84.78927799202675,91.946850357034,2.0
H0516,2025-06,cs,8,8.008424309430152,89.07790575870153,100.0,2.0
H0517,2025-06,Comp Sci,6,7.467070111615044,89.02817940178058,,2.0
H0518,2025-06,Mech,5,7.0822052318739255,82.75902021422957,89.26829363604496,2.0
H0519,2025-06,Computer Science,4,7.80563641305885,,94.49927629423934,2.0
H0520,2025-06,Civil,3,7.435025704703964,95.92152282919481,94.84873699236903,0.0
H0521,2025-06,CIVIL,3,7.896814604433539,94.66008374398324,86.81388197799654,2.0
H0522,2025-06,e.c.e,3,6.584865305702523,76.27906245698311,84.45794082008555,2.0
H0523,2025-06,Comp Sci,7,8.043107185843647,86.75892067882361,80.01369564954344,1.0
H0524,2025-06,ME,6,6.148650210016621,87.39762784025208,80.77221117709209,1.0
H0525,2025-06,Computer Science,5,6.687690839101559,76.51306720878509,77.56239521142389,2.0
H0526,2025-06,Electronics,7,6.18735212703205,100.0,100.0,
H0527,2025-06,EEE,3,7.588994090544891,89.07806030369129,91.94312090596118,1.0
H0528,2025-06,E.E.E,4,6.396503849244072,81.82810974856172,83.83933647865392,3.0
H0529,2025-06,Civil,5,5.091229358033694,94.02813180642704,76.58547462130402,3.0
H0530,2025-06,cs,8,8.265490992172388,95.06721252713659,88.22528101653491,0.0
H0531,2025-06,Mech,6,5.709975902852862,94.64424900225087,92.14958427685664,1.0
H0532,2025-06,Mech,8,6.71359643685293,79.19345470214931,91.80441042742822,0.0
H0533,2025-06,e.c.e,4,6.717463130785814,93.06411245995629,86.1618382649414,3.0
H0534,2025-06,ME,8,4.712889889014997,77.35505068428546,78.10987694497219,0.0
H0535,2025-06,Comp Sci,3,7.412711680846047,92.1072553713765,83.89968438516074,0.0
H0536,2025-06,Computer Science,4,6.4830989431871835,93.33454246415386,86.01434294068338,0.0
H0537,2025-06,ECE,6,5.823763255816523,94.40420130996162,91.1574673525355,3.0
H0538,2025-06,Computer Science,3,8.149261156242222,87.87626619619272,77.35288707139055,1.0
H0539,2025-06,Computer Science,8,6.903540588430252,74.26783095830731,100.0,3.0
H0540,2025-06,CIVIL,8,6.771173273495178,81.66176349612506,79.83833939999174,1.0
H0541,2025-06,EEE,6,6.011047709213479,96.54544820010715,88.86504447944675,2.0
H0542,2025-06,Mechanical,4,,79.88372064611607,83.24977635606275,1.0
H0543,2025-06,CIVIL,3,6.565191139106092,90.37173219586387,83.41925509887801,1.0
H0544,2025-06,EEE,6,7.491148214154768,81.672354662929,84.69184895786063,0.0
H0545,2025-06,cs,6,7.436003371021906,91.98292335480446,91.02171397234753,2.0
H0546,2025-06,ECE,7,5.967196424445227,87.56866886809983,85.34354833978544,3.0
H0547,2025-06,e.c.e,6,6.665303722020153,85.68903325733982,95.1904791331545,3.0
H0548,2025-06,Computer Science,3,,79.00267293554776,81.0064507717903,3.0
H0549,2025-06,Civil Engg,3,7.800000664057441,,95.896740069257,2.0
H0550,2025-06,Electronics,7,5.829602058416169,79.29005596213376,90.30191740232297,1.0
H0551,2025-06,ECE,3,4.845977094806635,82.66310938874109,87.54844664021928,2.0
H0552,2025-06,CSE,8,7.241394788366293,86.75551378428308,79.89474596632083,0.0
H0553,2025-06,Comp Sci,3,6.832884292750889,77.89033876096113,89.90194645444338,0.0
H0554,2025-06,E.E.E,7,7.3816031828254705,100.0,84.69827721611259,1.0
H0555,2025-06,CSE,8,,75.60474640170628,96.10574194234141,1.0
H0556,2025-06,cs,5,6.6180928811752455,93.32874172462711,88.84838173380285,2.0
H0557,2025-06,cs,3,7.809460629376023,94.87683766085381,84.78356835497,2.0
H0558,2025-06,ECE,8,6.506959083959792,80.65860166267869,80.73046135203478,2.0
H0559,2025-06,Mechanical,4,6.537729685617589,79.17048162073637,85.38910559273631,0.0
H0560,2025-06,e.c.e,6,7.147552043270091,79.52995945058936,88.05625380242121,1.0
H0561,2025-06,Comp Sci,8,7.383985679627406,100.0,77.23672201685474,1.0
H0562,2025-06,Comp Sci,7,7.0172656935164275,88.03959492056147,86.84155205695808,4.0
H0563,2025-06,Civil,3,5.5427399251796485,,74.26356568989505,0.0
H0564,2025-06,ME,7,5.870988094791723,84.16330406347458,91.47187942516663,0.0
H0565,2025-06,Mechanical,3,6.609747610938838,73.97533464897208,93.19020109539828,1.0
H0566,2025-06,ME,7,7.544872700438524,,82.30977857087733,0.0
H0567,2025-06,CIVIL,6,4.558260852556226,,90.12438870450512,1.0
H0568,2025-06,CSE,4,,86.97319038546212,100.0,3.0
H0569,2025-06,ECE,5,6.511765976268198,84.04899323541464,87.84878871318095,3.0
H0570,2025-06,ECE,3,7.739580142679082,81.47716185186754,87.58169069723994,2.0
H0571,2025-06,Computer Science,8,5.710065584143589,81.43309380857511,100.0,1.0
H0572,2025-06,Civil Engg,4,6.928357260933421,72.08462731236386,88.47171246624507,0.0
H0573,2025-06,ECE,4,6.210055904587865,88.67970053534081,90.34679571381211,1.0
H0574,2025-06,Civil Engg,6,7.088142191808181,84.06176944280642,91.109292818858,2.0
H0575,2025-06,Civil,7,8.276930282606376,76.5376522629593,85.60028597062852,1.0
H0576,2025-06,ECE,6,7.875024579423162,93.9484009155502,82.22851781544195,1.0
H0577,2025-06,Electrical,6,6.4814991838500084,,63.351825490977575,2.0
H0578,2025-06,Mech,6,5.136234460074136,64.27785759478986,83.83643511939715,4.0
H0579,2025-06,Civil,8,6.10936273072811,82.38197007321631,88.45616196403198,0.0
H0580,2025-06,CSE,5,7.7027065088179105,79.76363036302445,86.88233940609308,3.0
H0581,2025-06,e.c.e,7,6.5857089218276625,90.3560060282436,72.37438350572563,2.0
H0582,2025-06,Electronics,7,5.661017515735239,83.17648927313891,73.70281244530574,1.0
H0583,2025-06,Computer Science,8,7.4226181553866635,99.80255256255501,85.69333365257943,0.0
H0584,2025-06,e.c.e,8,6.438405636491732,72.19132433156824,78.64248993256217,0.0
H0585,2025-06,E.E.E,7,7.41852750156899,80.89874891241064,85.07766057717951,2.0
H0586,2025-06,Mechanical,4,6.419131474995894,73.3391616821147,96.06174296404274,2.0
H0587,2025-06,cs,7,6.566790530247996,83.55206701025078,97.97701307127004,4.0
H0588,2025-06,CSE,7,7.816729115439755,80.19570504515892,89.09898676096479,2.0
H0589,2025-06,Computer Science,4,7.169928691657924,91.87967270943699,91.1853096743666,0.0
H0590,2025-06,cs,7,7.076478025161439,90.19201561116095,87.07981507795445,1.0
H0591,2025-06,EEE,4,6.4914907791816585,80.14002859725085,82.90146655271238,0.0
H0592,2025-06,e.c.e,6,,70.75421618958056,79.48994866899002,3.0
H0593,2025-06,Comp Sci,7,6.040756621134731,91.57942788305634,85.72750971378609,2.0
H0594,2025-06,ME,4,6.273368301306034,86.05052302618387,84.90829076246713,1.0
H0595,2025-06,Computer Science,5,8.36383755051839,85.63722682178894,80.25832359046025,1.0
H0596,2025-06,CSE,7,6.4896770761548,100.0,81.45089351775907,1.0
H0597,2025-06,Mechanical,5,7.2892806536340045,,85.35854760384197,1.0
H0598,2025-06,ME,8,6.994667874030413,88.15625877221746,76.97569214381028,1.0
H0599,2025-06,Electrical,3,4.842536489276014,65.84431763684529,83.22243747539441,1.0
H0600,2025-06,Mechanical,7,5.982447998183179,81.69827295516635,88.14920093115673,
C0001,2025-06,Electronics,7,6.759058211109689,73.1132451405482,89.21909757433622,0.0
C0002,2025-06,CIVIL,8,5.75945837172322,98.7524704925016,74.66954423498613,1.0
C0003,2025-06,EEE,3,5.924983549987886,93.48748282553939,,2.0
C0004,2025-06,Mech,8,,84.70335613416246,96.09080512215655,3.0
C0005,2025-06,E.E.E,5,5.706538893152508,90.82471696069479,84.71563549123191,2.0
C0006,2025-06,Civil Engg,5,10.0,92.4472745682675,81.78182230566269,1.0
C0007,2025-06,CIVIL,5,7.059090761474365,85.63784986799241,76.08431255477518,1.0
C0008,2025-06,Comp Sci,6,7.722186970967538,92.40815311062985,80.47682902948242,0.0
C0009,2025-06,Mechanical,6,6.16675476560701,100.0,75.1411684999108,1.0
C0010,2025-06,e.c.e,5,5.9861018410415685,86.54756165347287,98.4586246468585,3.0
C0011,2025-06,ME,3,7.591980339900729,79.86924259034643,74.90420524148026,2.0
C0012,2025-06,ME,8,4.9203766335327845,85.06722811583772,92.75855637469482,1.0
C0013,2025-06,Electrical,4,5.755554716045282,82.83733553216422,91.36822264358895,0.0
C0014,2025-06,Electrical,3,5.442358424369195,88.17524897821234,89.7124255097522,1.0
C0015,2025-06,cs,6,6.84031739456115,100.0,79.6842909234573,0.0
C0016,2025-06,ME,5,,88.75110522000963,77.14801839590109,1.0
C0017,2025-06,Mech,6,8.805774430466412,100.0,98.91245855791489,
C0018,2025-06,Computer Science,8,7.605283890688484,72.0962592461399,88.34803692517409,1.0
C0019,2025-06,cs,3,6.777360588484196,97.08532170738151,89.5134078386568,0.0
C0020,2025-06,Comp Sci,4,6.0305431784295696,84.34389721322482,91.76984197023417,1.0
C0021,2025-06,CIVIL,6,,89.19474894767734,77.67387830420961,2.0
C0022,2025-06,e.c.e,7,6.852825770299545,94.62988768635014,91.40820118540522,1.0
C0023,2025-06,E.E.E,6,7.523282886979608,96.30322616475061,85.44242456582097,1.0
C0024,2025-06,e.c.e,5,6.299866944981536,,85.61494892832994,1.0
C0025,2025-06,Electrical,6,6.8046542895965985,96.48319027444623,80.22713931828979,1.0
C0026,2025-06,Electronics,8,7.847088409913482,89.40860892543907,84.22980833489511,1.0
C0027,2025-06,Civil,5,6.76185751610813,81.85035405402502,81.44827451079132,0.0
C0028,2025-06,cs,8,7.962155494104586,93.01404873372576,85.48678105327777,2.0
C0029,2025-06,Mech,7,,77.70263937668342,86.01646970773005,0.0
C0030,2025-06,CIVIL,4,5.733212407110982,61.506717122779975,79.12387031256266,2.0
C0031,2025-06,Electrical,4,6.99595545385146,91.64282450427073,77.88443969217397,2.0
C0032,2025-06,Civil,7,7.077712288154055,82.42361727743545,94.04859266083841,2.0
C0033,2025-06,Computer Science,4,5.599533440326875,97.00815249997979,97.34446886406921,2.0
C0034,2025-06,ECE,5,5.8830741911808335,82.89278694864663,95.72658134306792,1.0
C0035,2025-06,Comp Sci,4,8.03480717912747,77.57420709579111,87.15518872782881,1.0
C0036,2025-06,cs,6,,90.15147573261505,85.56621706133251,1.0
C0037,2025-06,ME,4,6.821921240807455,95.15915465014236,92.71963688341151,1.0
C0038,2025-06,ME,6,5.731724737619454,75.47073976911999,73.27519718095806,3.0
C0039,2025-06,Civil Engg,8,6.519121038828247,91.50294908164254,88.3453844337526,2.0
C0040,2025-06,Civil Engg,7,7.260822087944925,82.01787584580248,78.43736321111513,1.0
C0041,2025-06,Mech,8,6.735718598196503,91.29459783663582,79.08366217126175,2.0
C0042,2025-06,Civil,3,7.796515238709392,74.0590318108416,89.19710773420411,1.0
C0043,2025-06,CSE,5,5.425235577682585,100.0,76.12154536933096,
C0044,2025-06,CSE,4,6.879053764443702,89.31452680260182,86.7830127749889,4.0
C0045,2025-06,Mech,8,5.66740820279727,78.91822101643179,93.85537211120364,2.0
C0046,2025-06,Civil Engg,7,5.8994460634470745,93.63223630085356,88.02451878868692,0.0
C0047,2025-06,Comp Sci,4,8.697649947251325,90.42287029485855,92.0961517729834,2.0
C0048,2025-06,ECE,6,6.9118872554320285,83.21514002042788,100.0,2.0
C0049,2025-06,ME,6,5.363126377341142,79.42922871100704,82.97589808135768,0.0
C0050,2025-06,Comp Sci,5,6.5524524661484875,82.64275261650907,84.93659714093792,0.0
C0051,2025-06,e.c.e,5,5.854650748827261,92.5366404932829,81.04205143347647,1.0
C0052,2025-06,Civil Engg,3,4.994269857214851,91.64679113896126,97.13562937409505,1.0
C0053,2025-06,ME,5,6.499536234221839,86.45269954388431,79.42064815461394,2.0
C0054,2025-06,CSE,5,9.09752926181829,87.00224441257996,89.64384909061117,2.0
C0055,2025-06,Civil,7,7.039594992395166,100.0,92.66841360966002,2.0
C0056,2025-06,cs,8,6.839113298690682,80.82173693165804,77.93827054501205,0.0
C0057,2025-06,Civil Engg,7,5.696883728624781,86.38663433672832,88.44517309291973,1.0
C0058,2025-06,cs,3,7.0977317332951895,78.72573578807037,84.94095027267537,1.0
C0059,2025-06,ME,8,5.287891328864136,82.09302520786024,72.98302752567989,0.0
C0060,2025-06,e.c.e,5,6.052145326556336,67.66148485659187,75.69968464638539,2.0
C0061,2025-06,CSE,5,7.1921869042205815,97.1754720402653,98.87403950040853,0.0
C0062,2025-06,Civil Engg,8,5.277125027431396,69.71955422726371,85.44482950386784,
C0063,2025-06,Comp Sci,8,6.359851056547658,76.0445467714467,85.87651863737538,1.0
C0064,2025-06,cs,3,7.822785296236293,92.16922442476557,87.2458342750777,0.0
C0065,2025-06,Comp Sci,5,6.189927797303628,100.0,77.3462490707509,2.0
C0066,2025-06,Mechanical,7,8.06523672753256,94.91935345646368,86.11936817782355,0.0
C0067,2025-06,CIVIL,6,6.131774892396767,94.77219946995996,80.78304596328486,2.0
C0068,2025-06,EEE,4,7.29619792708441,75.32130377664926,88.47303444681772,2.0
C0069,2025-06,Comp Sci,6,6.057216789864652,,87.05838012035326,3.0
C0070,2025-06,e.c.e,8,7.691843574023864,85.46726468496276,86.60911550911258,1.0
C0071,2025-06,CSE,4,6.839822783692669,71.44641743533909,96.50242514243774,1.0
C0072,2025-06,Mech,7,6.513025319043596,84.61226479426277,91.37907841086619,1.0
C0073,2025-06,EEE,7,6.626657122247519,90.34159716522635,85.6983516498925,0.0
C0074,2025-06,Mechanical,8,5.349425570787009,76.99558084818672,81.65115711915327,2.0
C0075,2025-06,ME,4,7.181868800474641,93.58993105903926,85.57997967098757,2.0
C0076,2025-06,Electronics,4,6.749163328188259,87.65490440873839,80.60286573087349,0.0
C0077,2025-06,Electrical,6,5.8541111626111295,78.42357278042839,100.0,1.0
C0078,2025-06,Electronics,6,6.0952735791066965,84.34001543675214,87.24331965731666,3.0
C0079,2025-06,cs,5,6.803513539164491,76.62910164709228,84.48437033811352,4.0
C0080,2025-06,e.c.e,7,6.182242082910601,85.00297842141107,78.99879434105024,3.0
C0081,2025-06,Computer Science,7,5.966817898230842,93.568459218433,81.86236213686024,2.0
C0082,2025-06,Comp Sci,4,6.863068675603557,81.6228432770071,84.56520962754567,2.0
C0083,2025-06,Computer Science,7,7.2222306628958215,92.5159127745656,89.80748488700686,0.0
C0084,2025-06,ECE,4,6.8273572621926135,89.31465050733259,83.10963367711317,3.0
C0085,2025-06,ME,5,5.573520964939782,80.57422278473273,84.40218438430776,1.0
C0086,2025-06,CSE,3,7.877475929121659,,80.2159157771832,2.0
C0087,2025-06,e.c.e,5,5.6698683919565225,62.74759853995769,82.22818727051423,3.0
C0088,2025-06,Electrical,8,4.78736960622045,86.72007255502415,84.58233234813228,1.0
C0089,2025-06,CIVIL,5,5.755126141222945,95.76035849161748,86.74149494738825,1.0
C0090,2025-06,Electronics,7,6.455801125045326,89.14423965590647,86.33678829130164,1.0
C0091,2025-06,Comp Sci,3,7.3328051522323,81.37965493736866,100.0,0.0
C0092,2025-06,CIVIL,6,6.542604560528309,88.53079586532067,85.92725894372954,2.0
C0093,2025-06,CSE,5,7.1422097405032705,89.65129858047446,71.15184708114876,2.0
C0094,2025-06,CSE,7,6.467213260307311,95.94401616383499,86.79438342513227,1.0
C0095,2025-06,Electrical,8,,77.86681618115531,88.92797680656226,1.0
C0096,2025-06,Electronics,6,7.166413637930244,69.95088717775538,100.0,4.0
C0097,2025-06,Mech,3,6.218166245781186,96.35727430509999,76.56913994689313,0.0
C0098,2025-06,Mechanical,5,6.988385302562366,90.40137284741174,80.20758423986183,
C0099,2025-06,Mech,3,,86.68137183206821,93.97108454047441,2.0
C0100,2025-06,cs,5,6.818761948899562,85.24143890387602,81.53057260150749,1.0
C0101,2025-06,Computer Science,3,7.119327338801162,75.09262796482085,89.11302031918507,2.0
C0102,2025-06,cs,6,6.70479736605987,83.21005135189925,82.60069665282606,1.0
C0103,2025-06,cs,4,5.92774056511997,99.53274359902157,92.4019906260434,2.0
C0104,2025-06,Civil Engg,4,6.624413620463765,82.14715119205277,83.93872376328625,3.0
C0105,2025-06,CSE,3,7.3768621169767155,87.49520298404776,95.13276192325814,0.0
C0106,2025-06,Mechanical,8,4.531189943822454,91.08889705492201,93.64942340568723,1.0
C0107,2025-06,Civil,8,5.50895160291383,69.43791271439959,85.98636118833234,3.0
C0108,2025-06,Civil Engg,7,7.0434777852500385,90.63387498554425,80.64216427262943,1.0
C0109,2025-06,e.c.e,3,6.874036848150331,87.62831753201995,93.42380231449982,1.0
C0110,2025-06,Electronics,5,5.75884080245848,93.89938222487083,76.44775907310608,1.0
C0111,2025-06,E.E.E,8,6.494808515048574,81.45436553882557,82.13281704392377,0.0
C0112,2025-06,Mechanical,6,6.827119095414579,95.65543434941884,84.19021868347659,2.0
C0113,2025-06,Civil,3,7.5747933926172335,75.6749855082559,91.11200317229616,2.0
C0114,2025-06,Electrical,3,5.966652622231451,82.86165057159099,76.31568568685756,0.0
C0115,2025-06,Civil Engg,4,7.047098698066902,93.15307524676135,87.03341312120362,
C0116,2025-06,CSE,8,7.314481886966699,89.93945294330422,87.92110500239359,1.0
C0117,2025-06,ME,4,6.958081843026655,85.6227792310574,88.1040278974324,2.0
C0118,2025-06,Computer Science,8,7.584207500953793,89.33117735960458,80.49371792738222,1.0
C0119,2025-06,Mech,7,6.695870976913679,89.26092580516537,73.83936175892696,0.0
C0120,2025-06,Electrical,8,6.3594188300577015,95.82762454173715,67.51292228510162,1.0
C0121,2025-06,e.c.e,7,6.10122723001493,88.60463185905802,92.17345480733158,5.0
C0122,2025-06,e.c.e,4,7.9191613942976815,89.95662675553703,94.95597286189246,3.0
C0123,2025-06,cs,7,6.094839362982038,78.63436708679654,100.0,1.0
C0124,2025-06,E.E.E,4,6.259001141224657,77.44311864833048,85.42001170895821,2.0
C0125,2025-06,Computer Science,4,7.322640984694524,84.37402634536215,83.82225958974578,4.0
C0126,2025-06,CSE,4,7.812302052290815,83.22913577826561,93.50191419649101,
C0127,2025-06,Computer Science,3,8.785549805835958,85.71008248356992,93.56086076130991,2.0
C0128,2025-06,cs,3,6.086717889976997,87.96933663901045,74.04650423671464,0.0
C0129,2025-06,ECE,4,7.037853599278164,86.38023219297445,85.98143686146403,
C0130,2025-06,ECE,3,7.793427679475361,86.73528900514451,87.35080980292435,1.0
C0131,2025-06,CSE,5,7.9246701040679275,98.90687202974163,93.2192258540531,1.0
C0132,2025-06,cs,3,8.206694864212018,77.27332011841798,89.33555909426791,4.0
C0133,2025-06,Comp Sci,3,6.577943536055224,95.6561348959909,76.36980392689262,2.0
C0134,2025-06,e.c.e,8,7.143804443182228,83.18168949011506,90.0894933353897,2.0
C0135,2025-06,Computer Science,3,5.781824092736734,91.63768327643486,81.02710890277764,2.0
C0136,2025-06,Mechanical,3,8.009599978717821,98.43420717107375,84.58756415524732,3.0
C0137,2025-06,Comp Sci,3,7.060405090977734,87.81445219342528,75.03512069544449,1.0
C0138,2025-06,cs,3,7.798912377597419,92.57263573516974,82.80368048046648,1.0
C0139,2025-06,ECE,6,6.026567464910782,91.25125577503107,83.63081311197173,6.0
C0140,2025-06,Electronics,7,6.607997101535249,92.23944822451529,82.0523654516814,2.0
C0141,2025-06,cs,7,8.285875885668572,100.0,82.77123550175723,0.0
C0142,2025-06,Computer Science,6,6.846789897934382,86.979026331208,97.32350802230398,2.0
C0143,2025-06,Civil Engg,3,7.502889291168634,85.41802357766757,97.11788971390821,1.0
C0144,2025-06,Comp Sci,7,7.685043801145137,98.16491966339836,,1.0
C0145,2025-06,ECE,3,6.514364793107903,84.37775253609038,70.75101165934366,3.0
C0146,2025-06,e.c.e,6,6.2602954598395995,85.04179473866893,79.83686789990385,2.0
C0147,2025-06,Computer Science,5,7.932353970762929,92.16342344087519,94.28905167820368,4.0
C0148,2025-06,Electronics,8,6.068380501254619,84.06249044397666,85.12871746501611,0.0
C0149,2025-06,Civil,4,7.345755899863487,,83.84874113399587,1.0
C0150,2025-06,CIVIL,6,6.802103632038108,87.94278747495669,89.77945185582585,1.0
C0151,2025-06,Computer Science,5,8.71805344988085,,91.15713949678454,2.0
C0152,2025-06,CSE,6,7.338920505067778,91.36606437898688,95.54003013096703,2.0
C0153,2025-06,Comp Sci,8,8.036535468340858,,83.48154087164231,
C0154,2025-06,ECE,7,6.296044585671018,80.72084151651865,85.59208002514258,4.0
C0155,2025-06,Mechanical,5,5.365976214486571,77.4912053564307,77.09024619843572,2.0
C0156,2025-06,CSE,5,7.70576087544323,90.22650746750008,79.56874631391472,3.0
C0157,2025-06,CSE,7,6.839622093205053,82.49496204507908,80.0035773435655,1.0
C0158,2025-06,Electrical,5,6.484569698917378,93.74211042641689,76.94769427324881,1.0
C0159,2025-06,Comp Sci,4,7.2498682532972465,99.7219529948896,94.68531429827863,1.0
C0160,2025-06,e.c.e,5,6.647016143304788,100.0,69.26726136835921,1.0
C0161,2025-06,Mechanical,3,5.6881838962806395,74.005314431055,70.3874028602672,1.0
C0162,2025-06,cs,4,8.125783116958281,90.30535551488816,86.09220358723698,0.0
C0163,2025-06,Comp Sci,5,6.17994647290754,98.34534153719666,90.02675015992716,3.0
C0164,2025-06,CSE,7,8.804860359338413,80.08326498051989,91.1713709699129,1.0
C0165,2025-06,E.E.E,7,6.665200082217221,83.78611251749628,82.1970470426399,
C0166,2025-06,CSE,4,5.750289930469315,,81.22045681734453,1.0
C0167,2025-06,CSE,5,5.236074263552678,76.25987556120656,93.16857340618616,
C0168,2025-06,Computer Science,3,6.230737424808045,80.6744052004409,89.10853468391868,1.0
C0169,2025-06,CSE,7,7.191261899075739,90.44878978477315,98.64888663423271,0.0
C0170,2025-06,Mech,4,6.31873453577483,95.031120848184,85.61298634245561,1.0
C0171,2025-06,Comp Sci,7,6.591063467931749,99.37496212391316,94.8857512375956,0.0
C0172,2025-06,Mechanical,8,6.607781227742454,71.99825667390712,80.89591231520228,0.0
C0173,2025-06,Mech,7,5.4483985903462155,83.55655119418317,76.53188919975963,2.0
C0174,2025-06,Civil Engg,4,6.499358549637948,,82.32626754368763,0.0
C0175,2025-06,Comp Sci,8,7.072621238903171,83.69408724414535,83.85744492056851,2.0
C0176,2025-06,Civil Engg,7,5.889095520320873,94.61293255602197,90.79766953129482,2.0
C0177,2025-06,Mechanical,6,6.869156759677544,90.02189375750012,93.95988109557968,3.0
C0178,2025-06,CSE,8,6.969655424559817,99.88884368694993,79.28319961620704,1.0
C0179,2025-06,Civil Engg,8,7.013306364399343,95.29573281045947,82.98781385619972,1.0
C0180,2025-06,CIVIL,3,6.817683967503746,81.98839277898374,86.60404118157285,3.0
C0181,2025-06,Comp Sci,8,6.113215357539843,86.29185304060078,80.57873835189866,2.0
C0182,2025-06,E.E.E,7,6.429786887519529,100.0,75.7877866347414,1.0
C0183,2025-06,ECE,4,6.2506939283945995,95.59627224641935,95.64951057235268,4.0
C0184,2025-06,Mechanical,4,6.798905157291682,78.5408089051053,91.45975201824007,
C0185,2025-06,EEE,7,7.286889934709216,95.54300567364953,77.22816547393434,3.0
C0186,2025-06,ECE,4,6.128495082110241,85.71137496779274,76.95586847224351,2.0
C0187,2025-06,Civil Engg,5,,100.0,86.59108498227636,0.0
C0188,2025-06,Comp Sci,7,7.2837853850124405,85.70222660127139,97.93347363656947,3.0
C0189,2025-06,Civil Engg,6,7.468818831385548,87.21092583194208,91.52396805139634,0.0
C0190,2025-06,Mech,8,6.819796590415706,98.37236790473665,78.88540476503627,1.0
C0191,2025-06,cs,3,7.828510133135554,85.41945134600803,84.7104056730296,1.0
C0192,2025-06,Electronics,4,,72.47262991475564,73.24593026573996,2.0
C0193,2025-06,Comp Sci,8,5.97526711832607,100.0,100.0,2.0
C0194,2025-06,cs,6,7.79396400117694,100.0,76.2137361516054,2.0
C0195,2025-06,cs,4,6.900048488947012,,86.41981735280025,1.0
C0196,2025-06,CSE,4,8.48540455010848,90.74317645862183,82.71856232169277,1.0
C0197,2025-06,cs,5,7.131651537729198,99.79933977386743,95.47535068082816,0.0
C0198,2025-06,Comp Sci,6,7.459714394542004,90.39591994037721,94.98220400447667,1.0
C0199,2025-06,Mech,4,7.332821944086004,74.50068029309483,75.64820866138624,1.0
C0200,2025-06,Mechanical,6,6.8862264971197265,77.55426399793126,82.11337844758214,2.0
C0201,2025-06,ME,5,5.728488237652885,94.77190009460278,84.26374543717404,1.0
C0202,2025-06,CSE,6,6.968946109322108,81.26309133523152,87.62411946923545,2.0
C0203,2025-06,CIVIL,3,7.072134195859757,87.99675171175063,79.92303210392443,1.0
C0204,2025-06,Mech,6,6.229928638244724,84.95449716536369,93.73857688480307,1.0
C0205,2025-06,Comp Sci,8,5.100546883031839,,81.53221465487799,1.0
C0206,2025-06,Comp Sci,3,7.3115422310498825,100.0,96.03268449511614,0.0
C0207,2025-06,Mechanical,4,6.545662047097007,89.46411256767371,85.79297764222085,1.0
C0208,2025-06,Comp Sci,7,8.919406824003238,89.86259790329875,72.00392348395314,4.0
C0209,2025-06,e.c.e,6,5.982189667263987,85.04012768918112,97.92244601543828,1.0
C0210,2025-06,EEE,7,8.935850964125049,87.21527346737749,97.74470471760092,3.0
C0211,2025-06,Comp Sci,6,7.415416855453885,95.44261427324258,99.44063988175894,2.0
C0212,2025-06,CSE,7,7.582761246377957,73.6059665273506,95.06178567157507,2.0
C0213,2025-06,Electrical,6,6.061518560405928,87.43368263932615,100.0,0.0
C0214,2025-06,Mech,3,7.0571438694686535,82.71950575829166,78.85752079267382,4.0
C0215,2025-06,cs,7,5.971831181724363,,76.9793781331871,1.0
C0216,2025-06,Civil Engg,5,6.853543203062048,90.12490264339867,81.41912235823642,2.0
C0217,2025-06,Civil,3,5.946540011256158,82.25489125097978,80.07909574555815,1.0
C0218,2025-06,Electronics,5,6.2023636468869165,85.07152940708626,,1.0
C0219,2025-06,Mech,5,6.8533497460397,85.69502923198958,88.21980861076656,1.0
C0220,2025-06,cs,3,6.064632846807499,84.49502408626611,87.92659687042999,2.0
C0221,2025-06,Comp Sci,8,6.721979312930343,91.90122444198921,84.92163993612513,6.0
C0222,2025-06,Mechanical,4,6.9987781112055725,88.18992250861818,81.57383271180358,0.0
C0223,2025-06,cs,4,6.707021558305888,92.09288443595216,84.50904871280409,1.0
C0224,2025-06,Mechanical,5,5.633005642675512,74.20495405626824,83.60581863898754,2.0
C0225,2025-06,Civil Engg,7,7.6126594370817,92.35780734688765,81.3169214791974,1.0
C0226,2025-06,CSE,7,7.871964378122678,77.38169544912864,94.11067538556438,1.0
C0227,2025-06,ME,7,7.900525076789331,97.26947822770843,83.58638673142109,0.0
C0228,2025-06,CSE,4,6.467072173975856,84.49131624031696,90.69250674342645,0.0
C0229,2025-06,Civil Engg,8,7.367707532223622,93.1707301213897,95.02344890577886,2.0
C0230,2025-06,CSE,7,6.9214210924850885,85.56020470362405,91.30649140212691,1.0
C0231,2025-06,ME,5,5.0102382639076515,88.36851004582655,81.68429576808748,0.0
C0232,2025-06,Mech,6,6.159178277024949,91.25777143073044,100.0,
C0233,2025-06,Electronics,3,7.9988497062389605,83.10753683576323,90.938019503207,0.0
C0234,2025-06,ME,7,6.874300076834523,100.0,91.29376428483575,3.0
C0235,2025-06,ME,8,6.972861841774915,78.99412391733685,88.97304782308015,3.0
C0236,2025-06,ME,5,7.383717162961479,85.5131002203195,89.9740241983133,1.0
C0237,2025-06,Civil Engg,6,5.114601664515121,89.16783006417546,74.05157613785497,1.0
C0238,2025-06,Electrical,5,8.116524358192018,80.29920962725265,,2.0
C0239,2025-06,e.c.e,3,7.356817632294312,83.69439276909317,76.11603758416845,0.0
C0240,2025-06,ECE,6,6.564150858026508,90.05660058478216,83.4003691631568,1.0
C0241,2025-06,Computer Science,7,8.543163393407557,100.0,92.4006975664229,2.0
C0242,2025-06,Civil,8,5.661499498836697,80.2315997900742,74.6411247065593,0.0
C0243,2025-06,Electronics,8,6.4192853477450305,87.67115181459806,82.21385076680521,1.0
C0244,2025-06,Electronics,5,7.394604562332298,95.56044004653256,81.86529319548453,3.0
C0245,2025-06,Comp Sci,8,7.432578993265876,85.30098344229216,90.23041709643208,5.0
C0246,2025-06,CIVIL,6,7.12892214639404,72.46144869081826,83.31196083977021,1.0
C0247,2025-06,e.c.e,6,7.060174682108678,,76.49123502255932,0.0
C0248,2025-06,Mechanical,6,5.977079224364725,85.81927484373726,97.28288493312488,2.0
C0249,2025-06,Computer Science,8,6.530404355587613,90.29219500216716,100.0,4.0
C0250,2025-06,E.E.E,7,6.421494411575443,79.95674756936297,72.18312183768816,0.0
C0251,2025-06,Computer Science,3,8.033868657976384,100.0,,2.0
C0252,2025-06,CSE,3,5.972035873226281,87.93959816125381,87.70021112970865,2.0
C0253,2025-06,Civil Engg,5,5.26514644613917,83.54446672685113,91.05260063860777,1.0
C0254,2025-06,E.E.E,6,7.808346802583401,86.36917611336294,85.17511099485246,2.0
C0255,2025-06,CSE,7,9.197019133649004,84.1562433799534,90.29096478202524,2.0
C0256,2025-06,e.c.e,5,6.73098384498172,88.11171168475056,80.84049568024521,0.0
C0257,2025-06,Mech,6,5.523921003350339,,88.360075991055,
C0258,2025-06,Civil Engg,8,7.84618110862756,85.19455167335144,88.41613635189724,1.0
C0259,2025-06,ECE,5,,82.58390477460003,83.26224124904621,1.0
C0260,2025-06,Electronics,5,7.129973579105955,81.05228632909852,88.27723753660831,1.0
C0261,2025-06,Mechanical,6,4.442001092183619,87.7095977584097,88.82896901780742,1.0
C0262,2025-06,Mechanical,5,5.25016658178717,,85.58093815401257,1.0
C0263,2025-06,CIVIL,8,6.771100771703013,89.32659356832701,88.29405850086664,2.0
C0264,2025-06,Mechanical,8,5.74002399937842,72.1462240365814,80.95480490194053,2.0
C0265,2025-06,cs,6,6.519130456344783,83.78349985122338,84.21371084185516,1.0
C0266,2025-06,E.E.E,5,7.094485779037498,91.77943568674284,90.69889480482335,3.0
C0267,2025-06,CIVIL,6,6.216798777635569,85.38864734184067,78.84591699626131,0.0
C0268,2025-06,Civil,4,6.765969510969613,79.44968224272046,100.0,4.0
C0269,2025-06,CSE,5,7.568840793469369,82.49558952998085,94.8157961786234,0.0
C0270,2025-06,Comp Sci,4,6.9202783227084375,92.0209159718475,83.2006644798324,2.0
C0271,2025-06,Mech,3,5.466847550040711,90.5878669911619,77.66434717970478,1.0
C0272,2025-06,cs,3,7.695708082894246,83.38734833887203,84.63369571556196,1.0
C0273,2025-06,EEE,6,6.97043615748202,80.92556428650056,88.23190360832004,1.0
C0274,2025-06,e.c.e,3,6.066612730747716,91.292428108639,91.55121639530735,0.0
C0275,2025-06,ME,6,6.884262500669736,91.4043567782375,90.60823441524539,1.0
C0276,2025-06,CIVIL,5,5.386683892975499,,96.64988921090857,0.0
C0277,2025-06,ECE,5,6.350535833016514,63.17500347515935,85.093275729409,2.0
C0278,2025-06,CSE,7,7.127265301398185,83.45637258753986,87.06321254741141,3.0
C0279,2025-06,Mech,6,8.155617617044918,86.92971796763771,86.39112284259497,4.0
C0280,2025-06,Mechanical,7,8.080363667105816,75.90598004375275,84.78945956700888,2.0
C0281,2025-06,ECE,7,6.756705954196661,87.97970232989455,81.735999183325,1.0
C0282,2025-06,Mechanical,3,7.922598220276631,92.71647925091405,92.1468545307896,3.0
C0283,2025-06,EEE,4,6.4776569245459195,100.0,81.38937666561937,2.0
C0284,2025-06,Electronics,6,7.109039425786987,79.21894779725753,84.86318454282801,1.0
C0285,2025-06,cs,8,7.065832647831787,83.84471893141982,84.84776757516155,1.0
C0286,2025-06,Electronics,3,7.7514535505116875,91.89079540477496,73.61907756490416,1.0
C0287,2025-06,e.c.e,3,8.138340997092751,88.413517409133,90.53909972161759,2.0
C0288,2025-06,CSE,8,6.145197622365333,83.28230220573444,74.28445459857379,2.0
C0289,2025-06,CSE,8,7.82743811624468,87.34493944469097,90.01195981426227,4.0
C0290,2025-06,Mechanical,4,,65.65792263936422,71.72446785091245,2.0
C0291,2025-06,Comp Sci,5,8.254389050959048,72.65105043375353,100.0,2.0
C0292,2025-06,Electrical,6,6.797451546267637,93.36558530160687,99.65329648833324,3.0
C0293,2025-06,CSE,4,5.81419345525171,82.1419161836492,73.83451267421907,0.0
C0294,2025-06,Comp Sci,4,8.648381322797778,80.43936971697619,87.57664080116363,1.0
C0295,2025-06,CIVIL,5,5.891393933413814,71.36952124390339,74.3150142744276,2.0
C0296,2025-06,Civil,6,5.844344347974923,76.86965340764145,74.95219501366853,2.0
C0297,2025-06,cs,4,6.541925103508123,88.7704695852982,,1.0
C0298,2025-06,Computer Science,5,7.211682514731345,96.3601065816613,79.76171382553426,1.0
C0299,2025-06,Comp Sci,4,8.283781747166715,71.4799028286551,92.32340798790715,2.0
C0300,2025-06,ECE,7,6.519480748784133,79.34088984096336,82.74255609497116,1.0
C0301,2025-06,Electronics,3,6.168905337732534,91.56994339914755,86.67798792325783,
C0302,2025-06,cs,4,8.058255770650643,93.95175148113607,82.863903539596,1.0
C0303,2025-06,CSE,4,6.431952661107568,82.44492036460286,74.18387865523174,2.0
C0304,2025-06,Electronics,8,6.170564865954554,77.59880860069067,91.94162792679228,2.0
C0305,2025-06,EEE,8,6.700872788206853,87.72957578558582,90.0653645544746,1.0
C0306,2025-06,Mechanical,6,6.62700876068603,75.5175182783839,85.43420063793272,1.0
C0307,2025-06,e.c.e,3,7.640791023100238,87.20585896223822,78.01588735967259,
C0308,2025-06,Comp Sci,7,9.306021707938287,100.0,95.11385173769716,0.0
C0309,2025-06,Computer Science,5,7.4229074782971,93.10675047556363,83.42316111775389,0.0
C0310,2025-06,Computer Science,8,7.897418435514517,81.24788601744336,91.42514354110544,1.0
C0311,2025-06,CIVIL,5,8.08527324157563,85.81481435941616,93.65383383524306,2.0
C0312,2025-06,Civil Engg,8,7.4802273625214655,98.26867333034927,94.2334107418339,0.0
C0313,2025-06,E.E.E,7,6.887494074978199,93.77718667227528,95.18982401667834,1.0
C0314,2025-06,EEE,4,6.841740413358605,77.8829315039231,88.05869600608257,
C0315,2025-06,EEE,7,6.503777279956206,89.83361616643002,82.7779903320416,0.0
C0316,2025-06,EEE,4,7.524565868434616,85.61715125164766,96.96069357209542,1.0
C0317,2025-06,Computer Science,5,7.862840639960693,83.80535585913256,88.684775046215,1.0
C0318,2025-06,Computer Science,4,7.26424685677413,,70.81704858841542,3.0
C0319,2025-06,Comp Sci,7,5.237103924778424,100.0,82.47803687666602,2.0
C0320,2025-06,ME,4,7.02349617077826,74.3452817093696,83.30827817325171,1.0
C0321,2025-06,Comp Sci,6,7.6821105817481845,,96.18784103371732,2.0
C0322,2025-06,CIVIL,6,7.786927829053529,100.0,97.3565134677467,1.0
C0323,2025-06,Mechanical,7,5.902060724102746,93.5706273816939,74.13223627919241,2.0
C0324,2025-06,e.c.e,8,7.160010098755302,72.47430395789691,87.1148227468882,1.0
C0325,2025-06,CSE,3,6.929479036506501,88.17842278925167,83.83954638065475,2.0
C0326,2025-06,cs,8,7.297908661834502,86.71814616713152,84.82746566081161,
C0327,2025-06,CSE,3,7.18917092213153,74.81336860379298,86.79494307227368,0.0
C0328,2025-06,CIVIL,6,7.2962039933260385,85.66274089887177,89.49199595946065,
C0329,2025-06,Mech,5,5.259233524589597,76.58508182424329,82.93122771466133,0.0
C0330,2025-06,Mechanical,6,6.525992095153446,85.66571984538365,80.51388551058304,
C0331,2025-06,Computer Science,7,7.209853417528908,91.66750611914566,81.19495362262002,2.0
C0332,2025-06,Electronics,8,6.899528657609705,75.67862535772049,96.16835553194238,2.0
C0333,2025-06,Electronics,5,5.756727748527539,86.53718140318117,83.19973519718764,2.0
C0334,2025-06,Civil,8,7.038070623966857,83.01761269735175,88.20194606250435,1.0
C0335,2025-06,Civil Engg,4,6.254766578358026,81.13204667974834,83.42782983102126,1.0
C0336,2025-06,CSE,4,6.251807326003625,97.47842769650518,87.08975682488766,1.0
C0337,2025-06,Electrical,5,6.07894080523828,67.84155518798204,82.71484389485464,3.0
C0338,2025-06,cs,6,7.336803703014452,89.74969117363598,85.21701945365271,0.0
C0339,2025-06,Civil,7,6.8411490621351,76.38345662629547,,1.0
C0340,2025-06,Comp Sci,7,5.733066662203619,80.23398192590227,81.26118550931909,
C0341,2025-06,Computer Science,4,5.644987518727508,89.55579249738591,96.05723730670493,2.0
C0342,2025-06,Civil,4,7.3549648334770215,89.30354980379447,77.05667995214607,0.0
C0343,2025-06,cs,8,6.388322405424074,78.3736166879336,75.49947286864912,2.0
C0344,2025-06,Electronics,5,6.913755533810356,,82.83887564697845,2.0
C0345,2025-06,Electronics,4,6.300110182766884,85.42819996274426,85.82236064758303,
C0346,2025-06,Comp Sci,8,8.23945104755739,98.4388223633982,91.10405825856519,0.0
C0347,2025-06,Mechanical,5,7.2433708120754225,79.48164749669108,87.49275412836786,2.0
C0348,2025-06,Civil Engg,8,,89.87992847250644,76.47681236527268,1.0
C0349,2025-06,CIVIL,8,6.296232921811481,82.41669317185533,86.47050998117278,1.0
C0350,2025-06,cs,8,7.016830628282296,84.33956289936265,,0.0
C0351,2025-06,ECE,6,7.7907539912791215,88.17857725066959,82.25847371688835,2.0
C0352,2025-06,cs,7,5.934861499505211,82.26965276384716,68.34306774696088,1.0
C0353,2025-06,Computer Science,8,7.7089389715440495,90.98714340792213,70.78425352717765,1.0
C0354,2025-06,cs,4,8.357164447690439,79.21869749681461,88.78043960765235,1.0
C0355,2025-06,E.E.E,3,5.697771851163486,76.83513790593497,94.35843198638578,1.0
C0356,2025-06,Civil Engg,4,6.52568075487757,88.76665334762777,77.69565462009379,1.0
C0357,2025-06,Civil Engg,6,6.968245948460234,89.55173775832891,80.07770394552716,1.0
C0358,2025-06,ECE,6,7.185466777373897,80.1530172418164,100.0,1.0
C0359,2025-06,ECE,3,4.639929740769507,83.21187473070125,73.69108949521711,1.0
C0360,2025-06,e.c.e,6,7.037799547011755,96.31212415648582,83.69911409773009,1.0
C0361,2025-06,Electronics,4,6.379133466963979,69.75717485148519,69.18416165347168,2.0
C0362,2025-06,ECE,6,7.540959850957881,87.87802231793812,80.26026063506474,3.0
C0363,2025-06,Computer Science,6,7.831957357636517,83.46408196308967,89.42078472303976,
C0364,2025-06,Comp Sci,6,7.829233454300697,83.63341546064784,,3.0
C0365,2025-06,Electrical,5,7.069776297606193,100.0,83.59990188389163,1.0
C0366,2025-06,ECE,5,6.7272410746775835,85.54129464445697,78.33446542152055,0.0
C0367,2025-06,E.E.E,7,5.780006143923701,92.86733204952219,92.69422398092976,2.0
C0368,2025-06,CSE,7,6.66172609137857,87.98977515701286,70.56634104679159,1.0
C0369,2025-06,Mechanical,7,6.966682022148725,80.02746755624074,77.89158258966627,1.0
C0370,2025-06,CSE,5,5.941515915295624,79.68663006609803,96.1575809507833,2.0
C0371,2025-06,cs,5,8.872336086056887,92.66030511875685,97.35454377715769,2.0
C0372,2025-06,Computer Science,4,5.798518501325497,85.85007341015104,88.82241980900507,1.0
C0373,2025-06,Comp Sci,6,6.104768425646904,100.0,90.1252519194933,2.0
C0374,2025-06,Electrical,3,6.497737656480103,83.47274823214903,76.29333022677164,3.0
C0375,2025-06,CSE,5,6.690700875064069,79.78042916955596,77.85417328761942,0.0
C0376,2025-06,ME,4,5.768637271451357,89.89048471663932,70.73076476419538,1.0
C0377,2025-06,ECE,6,6.705528947424804,87.44577577885836,90.19222402938088,1.0
C0378,2025-06,Electronics,8,6.661542309522316,85.1714195602358,,2.0
C0379,2025-06,ECE,8,7.3903706920707,87.13157708471908,84.23559098263637,1.0
C0380,2025-06,Computer Science,5,6.19900836288622,71.81056246156682,85.28031403530511,3.0
C0381,2025-06,E.E.E,3,6.316797479969159,99.16991366284877,84.2424162472377,1.0
C0382,2025-06,Civil Engg,4,6.392522515963002,94.00496859614925,92.25325153797611,1.0
C0383,2025-06,Mechanical,3,5.470799077851088,85.6576874895528,94.24647829587265,3.0
C0384,2025-06,e.c.e,7,5.6023330956202635,91.30130116336397,69.6617085770721,0.0
C0385,2025-06,Comp Sci,8,6.370082252910719,82.2142852907329,92.86733381760212,
C0386,2025-06,Electrical,6,7.182836449922465,92.47251667793046,,1.0
C0387,2025-06,Comp Sci,4,5.85413157403144,87.07490688724666,88.4826930286039,1.0
C0388,2025-06,CSE,3,7.786327768031966,77.24610943660124,76.7042938286904,0.0
C0389,2025-06,Comp Sci,8,7.781584575749045,83.10311937575538,92.06674421849392,0.0
C0390,2025-06,Civil,4,6.236289844010765,82.3055873708809,93.03881254203546,3.0
C0391,2025-06,Mech,3,7.970176443385136,79.69390229912085,85.49780857440165,5.0
C0392,2025-06,Civil Engg,4,5.559259267924306,,83.33024084728443,2.0
C0393,2025-06,CIVIL,4,6.511337343117673,94.74552892814728,80.51611237886114,1.0
C0394,2025-06,CSE,6,7.730487944335419,82.04219684199347,93.85817982391723,0.0
C0395,2025-06,Electrical,8,8.46088900885005,78.63747846903111,80.52340777891443,1.0
C0396,2025-06,Electronics,4,6.821185427500648,80.90571805870877,86.62275802116487,0.0
C0397,2025-06,Mech,7,6.553755493850284,83.01446429341964,90.05044401136402,3.0
C0398,2025-06,Comp Sci,3,7.375434407193205,70.44816354986472,78.74814850380669,0.0
C0399,2025-06,Electrical,3,6.779044885049604,83.83246799232337,85.3051906621657,2.0
C0400,2025-06,Comp Sci,3,8.050220856028725,98.7426946116148,87.17486219280158,0.0
C0401,2025-06,Computer Science,8,6.812220448595001,89.99273020678676,90.64905913377646,1.0
C0402,2025-06,Electronics,6,8.296695753616767,76.48920269290008,84.84297319336972,1.0
C0403,2025-06,Comp Sci,7,6.7078066543819626,78.35879344816436,94.02958562956546,3.0
C0404,2025-06,cs,3,7.613171865276763,100.0,78.65604354242787,1.0
C0405,2025-06,Mechanical,3,8.375409870046475,94.90126374068221,94.07307537000158,1.0
C0406,2025-06,Electronics,8,5.676563232640112,90.27739263552556,85.35307321105371,3.0
C0407,2025-06,E.E.E,3,7.271016662855043,98.5782607453273,89.31388586401796,2.0
C0408,2025-06,Comp Sci,3,7.362165311969932,90.20711433336582,80.57910091925336,0.0
C0409,2025-06,Mechanical,6,,99.29071287319898,94.15332472920902,0.0
C0410,2025-06,ECE,6,6.5081936298226255,96.85779331353955,95.07361660680381,1.0
C0411,2025-06,ME,4,6.395747740412076,88.10816204430664,91.11870426580195,0.0
C0412,2025-06,ME,5,5.806532047409242,92.30295992523605,87.02946558073053,2.0
C0413,2025-06,Electronics,7,7.120397172769702,,83.73245536229317,
C0414,2025-06,Electrical,5,6.687660143288773,83.61667239767375,87.3393818307257,0.0
C0415,2025-06,Comp Sci,5,7.848501653327169,84.46071914653984,81.20866404807046,1.0
C0416,2025-06,CSE,3,7.502662842591906,86.26506601053482,91.11809381939686,2.0
C0417,2025-06,Mech,5,7.022619724766248,84.86005681549442,82.79769439478642,1.0
C0418,2025-06,CIVIL,7,6.8184848280138715,84.12355476349894,83.12990963691198,1.0
C0419,2025-06,CSE,6,6.746905807828631,85.80778803598331,86.97808667464173,2.0
C0420,2025-06,Electronics,8,8.702947846401637,85.66385732898543,79.30218982620869,1.0
C0421,2025-06,Civil,3,5.651071843237742,94.6528021588866,91.29432366201263,2.0
C0422,2025-06,Mech,3,6.956517771098592,72.6200817813336,95.27692878083633,4.0
C0423,2025-06,E.E.E,6,7.613911807165232,82.9015685576653,80.7804382748808,4.0
C0424,2025-06,e.c.e,4,7.660994015622248,95.41757772014316,90.55810365214269,2.0
C0425,2025-06,Mechanical,6,5.784650120143186,95.45666915465509,,1.0
C0426,2025-06,Computer Science,8,6.564107186636582,87.77062663088135,93.20835763156529,4.0
C0427,2025-06,EEE,5,6.1363578153395775,80.41150622470987,87.82107282725691,2.0
C0428,2025-06,e.c.e,6,5.8260141415392805,69.65719143569191,79.22870411336933,0.0
C0429,2025-06,ME,7,6.032156928982152,69.87334286955154,81.24799068425258,0.0
C0430,2025-06,ECE,3,7.419584053006736,85.2185396616338,81.02214502497141,3.0
C0431,2025-06,ME,8,7.241876920307708,97.66725758123196,92.40017892528013,2.0
C0432,2025-06,Mechanical,4,8.586554425568874,79.87858781785742,74.95208422815769,2.0
C0433,2025-06,ECE,7,5.664452196223467,85.78553521789775,80.89684460646639,2.0
C0434,2025-06,EEE,6,5.758240226855559,86.80690074668395,85.09750832018356,3.0
C0435,2025-06,Electronics,3,6.757861960757195,88.13311197130577,87.33497850447782,2.0
C0436,2025-06,Mech,7,6.297853546821509,94.80942807428983,91.66018326570314,3.0
C0437,2025-06,cs,4,7.683200516340293,93.29168882839903,76.9724000828163,1.0
C0438,2025-06,e.c.e,6,7.351765832856748,100.0,85.0758400750882,2.0
C0439,2025-06,e.c.e,8,6.731635587775509,73.62053672576428,88.78600193539285,2.0
C0440,2025-06,Comp Sci,8,6.490748897663774,87.72056012347164,79.64153677529502,0.0
C0441,2025-06,Computer Science,8,6.144801689831414,78.99740219384927,93.88647459575574,2.0
C0442,2025-06,Mech,5,6.031603061231438,91.05337669097278,99.86250080707961,3.0
C0443,2025-06,Mech,6,7.5965805717135755,83.9711156033465,83.98105953192217,3.0
C0444,2025-06,Mech,4,6.799346628652624,81.18870759203165,82.54969361719793,0.0
C0445,2025-06,Computer Science,8,8.554207264818611,93.6591466068453,74.76545067720768,1.0
C0446,2025-06,CSE,5,6.109383899709661,92.85567186970151,85.81192535878147,3.0
C0447,2025-06,cs,7,9.216965256845988,90.98087312384024,97.82026633753847,0.0
C0448,2025-06,Civil Engg,5,7.6700014417292195,89.25005851511311,83.81351008911687,0.0
C0449,2025-06,Civil Engg,7,7.325496729925529,74.96967809030386,82.31047406913979,1.0
C0450,2025-06,cs,4,7.250598525710514,86.00552111517746,86.43368961866989,3.0
C0451,2025-06,ME,7,6.782246229769343,,85.73148766299092,0.0
C0452,2025-06,Computer Science,3,6.0993704935983315,88.92614078635349,85.81409185258404,0.0
C0453,2025-06,cs,3,7.452253297389461,81.20021555941665,85.18742235018227,0.0
C0454,2025-06,cs,5,7.040812544869658,75.14676580226971,,1.0
C0455,2025-06,Computer Science,5,6.235577362081475,83.82864336183165,78.14351198840957,5.0
C0456,2025-06,Mechanical,7,6.99613249994042,79.07882512551649,96.54139373849688,0.0
C0457,2025-06,EEE,5,6.11399708158804,83.4377985994913,91.38594723012392,
C0458,2025-06,Computer Science,3,5.579485959463789,90.72686696356064,77.20279478747764,1.0
C0459,2025-06,e.c.e,4,5.718148172670913,89.67049113456936,81.20895244809248,3.0
C0460,2025-06,ME,5,,90.82778457210286,83.69494250899568,2.0
C0461,2025-06,E.E.E,6,6.4099929462830465,89.07640130783271,76.14300399532698,3.0
C0462,2025-06,ME,6,7.624356517923728,85.00945006582864,84.15756720998317,3.0
C0463,2025-06,cs,4,8.566087097468161,89.85329201128266,95.71360803481485,1.0
C0464,2025-06,Mechanical,6,6.748866522861718,91.67286017566225,77.57944249433807,0.0
C0465,2025-06,Comp Sci,6,6.653583789165068,92.65401490576711,86.34434960538992,1.0
C0466,2025-06,E.E.E,7,5.545240003069168,82.53199845592381,89.26356391114743,2.0
C0467,2025-06,Electronics,6,6.667309447007008,95.78208355891105,80.16622075468064,1.0
C0468,2025-06,Mechanical,7,7.466126137123901,89.29531005679216,81.30032086985115,0.0
C0469,2025-06,cs,4,8.02274123349018,78.11014855166565,83.9217449312264,0.0
C0470,2025-06,Electronics,7,6.437663801502583,74.62713798334453,79.91270186249886,0.0
C0471,2025-06,Civil,3,7.811766357296533,82.23411528600506,81.89449668330575,3.0
C0472,2025-06,Mechanical,3,6.005585717666791,82.63671374223422,95.37849981844997,
C0473,2025-06,ECE,8,6.519120905947609,89.65805954528952,78.99127079517613,1.0
C0474,2025-06,Electrical,5,7.1314440640055485,99.75344312325997,85.06903861962175,0.0
C0475,2025-06,CIVIL,6,6.477375603346791,68.91948979892861,82.4710491246341,0.0
C0476,2025-06,CSE,6,,85.39602122881959,90.2911083373085,1.0
C0477,2025-06,ECE,7,7.1085857710559095,97.90553778663197,97.17689354746359,3.0
C0478,2025-06,e.c.e,4,6.540834829638737,69.00310791453064,84.81709201343953,2.0
C0479,2025-06,Mechanical,4,7.730834078653107,96.26062529981937,91.93001253771199,2.0
C0480,2025-06,CSE,3,6.125258471524515,90.65304219929142,94.7492370544136,1.0
C0481,2025-06,cs,8,7.405810908562777,81.6262182865672,85.7521619612623,3.0
C0482,2025-06,E.E.E,4,6.893314680364251,96.51964921412356,100.0,0.0
C0483,2025-06,E.E.E,6,6.788294436186139,81.34883015454005,86.05015953062724,2.0
C0484,2025-06,Civil Engg,5,5.228579569041316,88.32862197213406,80.67850817527942,3.0
C0485,2025-06,E.E.E,3,4.9764198014274985,81.34041384723956,69.02565675911406,1.0
C0486,2025-06,Mechanical,5,6.95903522865608,83.69316955118136,75.4468775689594,2.0
C0487,2025-06,Civil,3,6.123738957794825,75.9366613603682,97.87156601793937,2.0
C0488,2025-06,Civil Engg,4,8.012479848225995,79.2287563948027,,1.0
C0489,2025-06,ECE,3,,92.42989769313748,77.46303345926984,2.0
C0490,2025-06,ECE,7,5.881969800326948,83.57478538750317,83.98306615094606,3.0
C0491,2025-06,Comp Sci,6,7.9101948621174465,87.61232082339018,87.30506734970886,2.0
C0492,2025-06,Mech,8,6.920132135461201,80.48278034451664,89.1202670779434,4.0
C0493,2025-06,Computer Science,5,6.4893314913219236,89.99831472994498,89.13515042647974,3.0
C0494,2025-06,cs,4,6.62844519463134,91.58894721507397,83.47442456874732,3.0
C0495,2025-06,Mech,6,6.8823225114382085,80.99095318240724,70.79561909886618,2.0
C0496,2025-06,e.c.e,8,6.193125061389286,88.76065513401045,81.86239678245215,0.0
C0497,2025-06,CSE,6,7.994323369817821,92.69118779366599,70.95833544296651,2.0
C0498,2025-06,CIVIL,3,7.911524687933155,82.79505314707644,,2.0
C0499,2025-06,Civil,4,6.221086445776711,84.7135828291722,94.17589056729173,3.0
C0500,2025-06,Comp Sci,8,6.650030277912176,94.6041016480418,81.8462724894203,1.0
C0501,2025-06,CSE,6,8.373124697441224,82.15893540676709,90.20530223520801,0.0
C0502,2025-06,Comp Sci,8,8.001586219984718,95.02941543932121,87.32314908962346,2.0
C0503,2025-06,Civil,6,6.148879452010642,,88.69023002216944,
C0504,2025-06,CIVIL,3,6.04663500166385,76.19812061573052,85.5132148882494,
C0505,2025-06,CSE,8,5.962272653197832,98.35457410504574,86.57500396206456,2.0
C0506,2025-06,Civil Engg,7,9.137903356355618,92.26558577204548,88.83668847147837,1.0
C0507,2025-06,Computer Science,7,8.361195580959265,85.17768442768683,97.65054770756407,0.0
C0508,2025-06,e.c.e,8,6.514973158614933,85.02955713185189,92.91289180682853,1.0
C0509,2025-06,EEE,4,6.696045688507783,97.89481787589294,75.7645039702418,0.0
C0510,2025-06,Computer Science,8,,97.55334366250125,90.55871118799982,3.0
C0511,2025-06,Comp Sci,4,7.014412514843322,81.89484071244777,88.59134531296503,0.0
C0512,2025-06,e.c.e,8,4.641244043169442,76.8925717739805,59.516694855919475,2.0
C0513,2025-06,ME,4,6.545196230872949,80.18336560562452,100.0,0.0
C0514,2025-06,Electrical,6,6.549992703565943,100.0,77.74277664023226,1.0
C0515,2025-06,Electrical,7,6.672420314429569,100.0,82.6685814275337,0.0
C0516,2025-06,cs,3,6.8675267287342665,82.77933539951752,89.70475164595808,1.0
C0517,2025-06,cs,3,,95.61420310267121,,0.0
C0518,2025-06,Civil,8,6.751947412584007,92.84796505473908,92.95597575921157,1.0
C0519,2025-06,Comp Sci,3,7.019205061633263,90.5868083287773,88.75451263329198,0.0
C0520,2025-06,Civil,6,5.281382875895632,,93.73811586913604,2.0
C0521,2025-06,ME,8,7.014514801538122,88.90523058957481,80.02171907753414,1.0
C0522,2025-06,Comp Sci,6,7.339942796180385,76.21293612210685,90.39576648315044,1.0
C0523,2025-06,Civil Engg,5,7.734781495217475,83.87365108284718,78.81530423887381,0.0
C0524,2025-06,Computer Science,5,8.340923941134522,95.89559241515116,81.29404167135765,0.0
C0525,2025-06,e.c.e,6,5.278867133507115,84.49747215380607,72.9601904028557,2.0
C0526,2025-06,Mechanical,6,5.4425051508464195,89.37303394349614,87.60873042586657,1.0
C0527,2025-06,Electronics,6,7.518874249945712,89.82959622050987,85.37699360575803,1.0
C0528,2025-06,ME,3,5.617110029035112,73.9504395932945,93.86583707093929,3.0
C0529,2025-06,ME,6,7.7316534958334096,89.16831411234422,84.66344684621441,0.0
C0530,2025-06,Electrical,7,5.296180874242957,88.26327821634857,97.45011391763546,1.0
C0531,2025-06,Electrical,7,7.486284986403789,85.96457695530422,74.752774909053,2.0
C0532,2025-06,e.c.e,3,6.484055475208343,77.77824663128222,81.79378759732155,1.0
C0533,2025-06,Computer Science,7,6.845920190506043,77.3856598252398,82.37981162504799,2.0
C0534,2025-06,Mech,7,7.157434188669268,96.00213470141392,85.63817646561306,4.0
C0535,2025-06,Electrical,4,6.243247803758158,92.27400138192527,84.99892572078649,1.0
C0536,2025-06,CSE,8,7.479690258929865,89.97311816886574,99.08898912636302,
C0537,2025-06,e.c.e,6,,74.12928196343822,69.17391712203107,0.0
C0538,2025-06,Electronics,5,6.809186684611541,94.09310127321616,80.52081846292664,1.0
C0539,2025-06,Computer Science,7,7.583589857849289,84.77966214690589,99.03018502845381,0.0
C0540,2025-06,Mechanical,6,5.906133607239297,74.8883933956452,83.41641481252445,0.0
C0541,2025-06,ECE,6,5.266695624512515,94.63718734932375,84.15104542454559,2.0
C0542,2025-06,CIVIL,4,6.221973611488324,81.7956393850209,72.19358172029162,2.0
C0543,2025-06,CIVIL,8,6.734027952276196,99.19501954252353,80.98790002916019,
C0544,2025-06,CIVIL,8,5.703104894797079,89.71679787170632,92.74504934289276,1.0
C0545,2025-06,ECE,3,7.5969620190486165,75.40726644398853,100.0,1.0
C0546,2025-06,Computer Science,7,7.320637177801529,84.46697250578194,93.75595564748907,3.0
C0547,2025-06,Mechanical,3,6.721183676683704,84.69776541519111,93.47018028805199,0.0
C0548,2025-06,CIVIL,5,6.335086518159642,95.43350781669199,86.94701258887288,3.0
C0549,2025-06,ECE,8,7.215900390019067,83.57831355037688,81.26133429106824,1.0
C0550,2025-06,CIVIL,4,7.2891051896368735,97.39931093012025,97.60218072509727,1.0
C0551,2025-06,CSE,5,7.557850310347348,89.54500267094348,88.86593892761803,3.0
C0552,2025-06,CIVIL,4,7.720295741562691,86.61644693810105,81.67669952134301,0.0
C0553,2025-06,CSE,7,8.539476274693202,62.871611700144726,82.97856428836612,2.0
C0554,2025-06,Computer Science,5,8.113187980410661,88.19455541881571,95.33183459915622,2.0
C0555,2025-06,e.c.e,6,7.385608080934753,77.87457841417483,95.34621341923184,1.0
C0556,2025-06,Comp Sci,8,7.012011375746262,100.0,88.3876150225881,2.0
C0557,2025-06,cs,6,5.911257451893144,100.0,89.3504164682905,3.0
C0558,2025-06,cs,7,7.601671276478013,95.69074063893167,78.93195771407012,5.0
C0559,2025-06,ECE,3,7.061575646967243,91.44333655189071,,1.0
C0560,2025-06,CIVIL,4,6.385848475340375,89.16486410756825,92.11658838517084,0.0
C0561,2025-06,cs,8,7.406256709535936,87.95007626866467,82.19840699048362,3.0
C0562,2025-06,Mech,8,5.470218175592255,90.0507015778279,94.23847446432121,2.0
C0563,2025-06,CIVIL,6,7.509638115068372,79.92399809216576,79.40724215132823,1.0
C0564,2025-06,Comp Sci,5,7.26060971407489,87.36959698909818,97.71342076550528,1.0
C0565,2025-06,Computer Science,4,8.798591739189455,88.68641967755129,100.0,2.0
C0566,2025-06,Civil,8,6.8929186265365825,79.64704158430925,89.13902236210872,1.0
C0567,2025-06,Civil,7,,88.76505315309822,85.94346707556281,1.0
C0568,2025-06,Electronics,4,6.415145470219129,90.33779135606797,90.2344657836555,1.0
C0569,2025-06,CIVIL,6,5.973373943181139,79.48432310554742,91.33957058411026,1.0
C0570,2025-06,Computer Science,6,7.7514650360603605,,91.38186727148491,2.0
C0571,2025-06,e.c.e,5,6.902676037012272,91.48324604675209,,0.0
C0572,2025-06,Mech,8,6.589737167686008,81.2887985042389,94.03904917011369,1.0
C0573,2025-06,Computer Science,3,6.621364454995151,83.04884967447491,92.28882149436096,0.0
C0574,2025-06,Civil,4,7.935052514017133,90.77161478683344,80.87032159391308,2.0
C0575,2025-06,e.c.e,3,6.581491633773501,93.02522279315144,92.09501665004854,2.0
C0576,2025-06,Civil Engg,7,6.320993297638342,92.34303475756103,84.89015568783599,5.0
C0577,2025-06,ECE,6,6.291652527252328,82.38905099038085,95.32371332192868,1.0
C0578,2025-06,ECE,8,6.896934901886403,86.71442650501461,85.45846211206225,0.0
C0579,2025-06,Computer Science,6,7.127296734947083,83.90087299134122,80.63432716822257,2.0
C0580,2025-06,cs,3,7.10998127549769,86.82655558975524,84.29742207602023,1.0
C0581,2025-06,Civil,5,5.993024490854083,97.2222299584519,87.2820807161853,1.0
C0582,2025-06,Comp Sci,3,6.1692587869135735,86.9898786633672,89.22295561685796,2.0
C0583,2025-06,Computer Science,7,7.736271457057841,82.72143204365885,80.549795211596,3.0
C0584,2025-06,Computer Science,7,7.083729401602187,80.95019178541335,99.55178409700054,1.0
C0585,2025-06,CSE,8,7.696586157598791,89.74553180380003,99.74321100017954,0.0
C0586,2025-06,Civil Engg,5,7.358353393645345,87.95322927256063,84.35290144561675,0.0
C0587,2025-06,ECE,4,5.562608186325133,80.50963113153446,88.18096460863883,0.0
C0588,2025-06,E.E.E,3,7.30154469634467,81.7902403870385,97.54618443720017,0.0
C0589,2025-06,Computer Science,5,6.729063131875764,94.06897967653046,92.59406393517294,1.0
C0590,2025-06,Mech,5,9.36066533319542,82.66502924820486,79.89034894137241,1.0
C0591,2025-06,ECE,7,6.01980689937741,77.17543562144463,81.55956686796587,2.0
C0592,2025-06,ECE,7,6.641904311973195,91.60747846827186,79.60594491911615,0.0
C0593,2025-06,Civil Engg,3,6.233773244860576,76.74470428135402,78.29076993239765,1.0
C0594,2025-06,E.E.E,4,5.970950060378759,79.49825950978789,92.81512067135682,2.0
C0595,2025-06,CIVIL,6,9.230919768080927,93.86406163143647,,1.0
C0596,2025-06,CSE,5,6.698337540158793,100.0,88.83085831459917,1.0
C0597,2025-06,Comp Sci,3,5.568016813056415,66.04497990801381,81.75727323089718,0.0
C0598,2025-06,Mechanical,8,6.172756226234325,92.40190118800912,76.52699027889992,2.0
C0599,2025-06,Comp Sci,7,6.360224768575407,89.17405902077567,83.57254477414834,3.0
C0600,2025-06,Mech,6,6.248945006325135,78.19775196297228,77.73652923242452,2.0
C0601,2025-06,Mech,4,5.5524758966139975,72.33526673119944,81.48988364848806,1.0
C0602,2025-06,Mech,8,7.030263834362986,77.88361517308606,80.4473985491757,2.0
C0603,2025-06,Civil Engg,3,7.254057654498895,83.24515953795306,93.73492499493821,5.0
C0604,2025-06,Mechanical,5,7.127699156244905,94.69570514716892,90.87281755881457,2.0
C0605,2025-06,CSE,7,9.216727893476827,79.57456845883397,93.85955069529481,3.0
C0606,2025-06,Computer Science,8,6.024209545107192,84.08664305026066,86.25329230768875,1.0
C0607,2025-06,Mech,4,5.264335013468703,83.14576918705032,82.58666006866491,2.0
C0608,2025-06,e.c.e,6,6.631573380567924,92.13497532417503,83.1139851310475,2.0
C0609,2025-06,cs,4,7.0687353526277645,72.51834279318713,84.32561475288554,2.0
C0610,2025-06,e.c.e,3,6.905308497962353,86.42910936505211,66.0348822739218,1.0
C0611,2025-06,Civil,5,7.7244431740381545,88.93007174614019,96.44167738804124,3.0
C0612,2025-06,CIVIL,8,7.055114958116272,96.37582907672471,93.44782316169027,2.0
C0613,2025-06,Mechanical,7,5.888754689720732,,,1.0
C0614,2025-06,e.c.e,5,5.22162995360549,75.49669011216518,84.64878676381974,0.0
C0615,2025-06,Computer Science,4,6.872693330149104,82.84709918569507,91.10365877348798,0.0
C0616,2025-06,ECE,3,4.137361008827584,71.78269178494702,90.73822704434157,3.0
C0617,2025-06,Computer Science,4,7.8906861565820625,75.61134199401437,75.65771327480178,
C0618,2025-06,ME,3,5.144818150851737,75.83415436226431,89.73968475094084,1.0
C0619,2025-06,Mechanical,4,6.572191581511503,,84.41098072631709,0.0
C0620,2025-06,cs,7,7.429796786076304,93.92646999285985,88.42716113086702,1.0
C0621,2025-06,Comp Sci,3,7.209961898052228,83.74150875234672,79.94480470339073,0.0
C0622,2025-06,Comp Sci,3,7.6602842646871485,93.97557590021509,94.6921351699808,2.0
C0623,2025-06,Civil,6,5.553594084219045,88.99416625304346,67.85721305779059,2.0
C0624,2025-06,ME,4,5.804618385971658,84.30186416690064,86.13724067270157,1.0
C0625,2025-06,Computer Science,5,7.68283442573291,79.96463199068789,84.93474579097048,1.0
C0626,2025-06,Civil,3,6.085500609438532,94.13405429827226,98.09489419281454,1.0
C0627,2025-06,e.c.e,4,7.238179551019292,75.4797772938648,91.28067014485875,1.0
C0628,2025-06,ECE,5,5.713057123043826,78.22898340991665,81.71899196355888,1.0
C0629,2025-06,EEE,7,6.380469025859297,79.55342215773146,68.01229262061737,0.0
C0630,2025-06,Comp Sci,5,7.791800887724011,88.19825774869527,82.77212120719796,0.0
C0631,2025-06,Comp Sci,6,6.990841904762895,77.52981517724177,89.51176736542413,2.0
C0632,2025-06,ME,6,6.937687645574312,80.6728261844662,86.06417870620011,3.0
C0633,2025-06,Computer Science,4,6.794191288760163,92.66758630564154,92.27127548229552,1.0
C0634,2025-06,Mechanical,4,7.055538336370855,93.39653088177239,84.01838949924803,1.0
C0635,2025-06,cs,5,7.761320196595305,85.0887509249336,77.41870367208902,0.0
C0636,2025-06,Comp Sci,3,6.809113777060553,85.77029775929665,89.37940755145794,0.0
C0637,2025-06,Computer Science,7,7.926765685088103,95.79678083586774,95.80763812307715,2.0
C0638,2025-06,ECE,6,,88.09317680766227,84.52078432722814,1.0
C0639,2025-06,Computer Science,4,7.576109616519982,97.85668878925861,90.68947815247202,1.0
C0640,2025-06,cs,5,7.312383200136201,92.28399921392956,87.69665709030576,1.0
C0641,2025-06,CIVIL,4,,88.97408706257725,88.68266486550345,1.0
C0642,2025-06,cs,6,,91.91115390022043,86.5571306645073,1.0
C0643,2025-06,e.c.e,7,6.910273339287653,86.82395319342098,81.27082308570859,4.0
C0644,2025-06,Comp Sci,3,7.694030549337817,95.24744286766888,94.3642653512319,1.0
C0645,2025-06,ECE,5,7.385555280156005,86.46332939737854,,0.0
C0646,2025-06,Computer Science,3,6.35838969452445,96.33410833243688,83.81149172473091,0.0
C0647,2025-06,Mech,5,4.738091897097613,98.51418281647031,79.55736836904211,2.0
C0648,2025-06,Computer Science,4,7.446999200725651,82.9243857121941,74.99723447203434,3.0
C0649,2025-06,CIVIL,5,,78.16638696798323,86.71234846655273,4.0
C0650,2025-06,EEE,5,7.520583818346287,87.54352857218552,97.97730694707866,2.0
C0651,2025-06,Computer Science,4,6.659116207942505,92.56698919092032,92.10718068455871,2.0
C0652,2025-06,cs,5,5.711452693520117,97.42513257765263,78.85702964413734,0.0
C0653,2025-06,Comp Sci,7,6.498234631777815,98.23846115906419,81.62755454264408,1.0
C0654,2025-06,Mech,7,7.381218850568776,81.55785999679489,84.25932491778018,1.0
C0655,2025-06,Computer Science,3,7.160540451034359,86.73138537303971,85.89887363984231,1.0
C0656,2025-06,Civil,5,7.8713799723253945,95.07173029366584,91.3292234582273,3.0
C0657,2025-06,Civil,8,5.225370186541604,68.93590086390574,81.29371850383143,1.0
C0658,2025-06,CIVIL,6,7.208061782118482,81.36503271938444,90.5991366878344,3.0
C0659,2025-06,Electronics,4,5.612265913384109,79.06308661661058,81.94300489769458,1.0
C0660,2025-06,E.E.E,6,7.318188295638511,69.47389858932442,81.8597259550104,0.0
C0661,2025-06,Comp Sci,3,8.120743846635877,100.0,100.0,1.0
C0662,2025-06,ECE,3,6.0792660916843495,79.17120628376396,81.6285071241761,1.0
C0663,2025-06,cs,6,8.094211288545539,97.81786676173245,76.61715425346821,1.0
C0664,2025-06,EEE,6,7.6754904735348575,86.32327558946719,,2.0
C0665,2025-06,ME,7,6.981026811238871,86.78618407008085,82.29408751196205,3.0
C0666,2025-06,CIVIL,5,7.105130722666258,81.5619808768532,76.98939978467597,2.0
C0667,2025-06,CSE,8,6.938613211295939,81.46579005415384,89.15751155205295,3.0
C0668,2025-06,Electrical,5,6.8388414450310835,88.36518000442236,84.31071012059678,0.0
C0669,2025-06,Electronics,7,6.397116690566955,86.97247063423102,77.87015230885864,2.0
C0670,2025-06,ECE,3,4.718699538662201,87.62765160388497,82.13748127724625,
C0671,2025-06,Electrical,3,6.364643296384732,79.42041923654799,95.31144090507709,1.0
C0672,2025-06,Electronics,7,,88.15309781822373,91.43404685322929,2.0
C0673,2025-06,e.c.e,8,5.038652214564538,,78.3672970834677,2.0
C0674,2025-06,ME,8,6.827073716159196,76.32644860809872,87.1473413848581,0.0
C0675,2025-06,CSE,4,7.227456955691555,91.23560982661141,87.1010318622892,1.0
C0676,2025-06,cs,3,7.623158148907702,100.0,,2.0
C0677,2025-06,Computer Science,8,,93.52956730149658,88.91393796399385,1.0
C0678,2025-06,cs,6,7.951812612252385,82.72229885134048,88.67011081560653,1.0
C0679,2025-06,Civil,4,4.963010510363693,84.86580128229281,89.20012703821351,2.0
C0680,2025-06,Mechanical,7,7.296631975892046,90.87920061690492,86.44107496177415,2.0
C0681,2025-06,e.c.e,8,6.446441076400561,82.49442816581482,86.38150541778612,
C0682,2025-06,ECE,4,6.3925620980352615,88.2414661435145,85.66168158692305,0.0
C0683,2025-06,ECE,7,6.154676196080773,74.23560100049977,83.06182120532381,0.0
C0684,2025-06,Mech,7,7.030505684363257,67.92998470368542,93.80590338710334,1.0
C0685,2025-06,Electrical,6,7.778473920781339,79.09387530650933,88.20602478630971,2.0
C0686,2025-06,EEE,6,5.788673956265658,86.79257893818621,87.9268234037852,3.0
C0687,2025-06,ECE,4,5.687513014914421,97.6745650785551,100.0,0.0
C0688,2025-06,Comp Sci,8,7.529635408391993,72.55622068185573,,
C0689,2025-06,e.c.e,8,7.3276369102982395,91.62609646934715,100.0,2.0
C0690,2025-06,Mechanical,8,7.512265873347753,83.82713008806886,90.27516021923687,2.0
C0691,2025-06,Electronics,7,7.137498765026103,85.3057912459616,94.17614128401554,
C0692,2025-06,Mech,3,6.759136278467969,80.93471832556355,80.12205447368214,2.0
C0693,2025-06,ME,5,6.942345528176882,75.09081301405914,97.84729019134362,0.0
C0694,2025-06,CSE,5,6.852960605835355,81.87578402460332,100.0,0.0
C0695,2025-06,Comp Sci,8,6.465119870135355,84.78494542637564,88.8419767418016,0.0
C0696,2025-06,ECE,6,6.294633880395874,82.9207013384939,69.56041614767634,3.0
C0697,2025-06,Comp Sci,6,6.009250128188284,95.8995824639204,83.43169296073462,0.0
C0698,2025-06,Computer Science,3,6.545913563816158,85.74276504180882,88.96996586628613,2.0
C0699,2025-06,Mech,7,5.988512594935405,91.76333480976677,80.24247395568656,1.0
C0700,2025-06,ECE,5,8.284331034821252,97.33712297819628,100.0,4.0
C0701,2025-06,Comp Sci,3,8.161779634882965,75.80194003075482,77.83633709305728,1.0
C0702,2025-06,ME,8,6.270289759501642,80.9518799886389,93.26370372274812,3.0
C0703,2025-06,Civil,4,7.795052157599776,79.60596742349652,81.50087918987963,0.0
C0704,2025-06,cs,3,7.828772366384248,89.32896206383515,91.46608873212584,1.0
C0705,2025-06,CIVIL,3,5.994553883594996,82.52749895065507,88.12037373064857,3.0
C0706,2025-06,E.E.E,5,7.9993038762726805,82.40091829930533,87.72042939200722,3.0
C0707,2025-06,ME,3,8.2524386041394,98.8432915004884,74.27406792716721,1.0
C0708,2025-06,ME,8,7.199129927055164,88.79223826610512,81.19287310554682,2.0
C0709,2025-06,cs,6,7.390895186283372,91.05879141848212,84.50390679025122,1.0
C0710,2025-06,E.E.E,4,6.8392824041584,98.71681542904167,84.42696276494554,0.0
C0711,2025-06,Electronics,3,7.010979337514491,69.19940185285047,81.72767577082323,3.0
C0712,2025-06,E.E.E,5,8.40816387345587,91.78140350890105,78.43483035920586,1.0
C0713,2025-06,Mech,3,7.3698140067870685,74.78424967104942,81.92220006517763,4.0
C0714,2025-06,Comp Sci,8,8.03900485288106,83.91308740541275,90.5095949548998,3.0
C0715,2025-06,cs,4,7.945592889797929,86.94537353125422,88.65052476329822,
C0716,2025-06,Mech,5,5.8492850075472616,78.50062654142545,89.61431676659446,3.0
C0717,2025-06,Mechanical,3,7.005029389596306,75.20605810116653,73.93270362750368,2.0
C0718,2025-06,cs,3,6.359564932418659,88.12745893733185,,2.0
C0719,2025-06,Mechanical,4,5.958597905337062,92.82946488653121,96.59256431061844,3.0
C0720,2025-06,CIVIL,3,,74.4001158679082,83.794902411225,4.0
C0721,2025-06,Electronics,7,5.224176150821799,69.45668034196211,79.27804636575605,
C0722,2025-06,Electronics,8,6.936120887542744,70.6968706615005,81.99351412134149,4.0
C0723,2025-06,Comp Sci,8,8.182221697902694,90.18559222062517,82.23195930371259,1.0
C0724,2025-06,Civil Engg,4,6.221645368451622,83.31330420611256,81.46097193041759,3.0
C0725,2025-06,cs,7,7.0899118230949565,90.47809217738597,82.73332010442691,1.0
C0726,2025-06,Civil,6,5.35790069145368,100.0,85.0606826158516,0.0
C0727,2025-06,Electronics,3,7.204006611795642,72.79452241367201,89.36047289085997,3.0
C0728,2025-06,ME,3,7.021404607320521,90.25222648535978,76.42110741075396,0.0
C0729,2025-06,CSE,6,7.424915992642573,96.89254160042961,96.77118447747691,2.0
C0730,2025-06,CSE,5,7.950691916106189,94.95645930119282,92.50535428239694,1.0
C0731,2025-06,CIVIL,3,6.089178999065073,85.32996706148437,89.7839870405699,0.0
C0732,2025-06,e.c.e,8,5.278548420055035,74.77383714065513,75.60546928273484,2.0
C0733,2025-06,Electronics,7,7.033951102517764,82.00402575298266,85.06480708492111,1.0
C0734,2025-06,Electrical,6,6.04153747457828,70.93195736474125,83.5816724907403,0.0
C0735,2025-06,EEE,8,7.147511404171536,80.45968351619335,83.36558808184692,0.0
C0736,2025-06,Civil Engg,8,7.209852841001195,83.88943271954803,77.26687853415932,0.0
C0737,2025-06,CSE,8,6.521532226759587,,94.69040496556225,2.0
C0738,2025-06,Mech,4,7.8288153183428,92.66766672973286,79.76318428918442,1.0
C0739,2025-06,Civil Engg,8,7.5703177488591535,91.68332328001425,84.61477236075503,1.0
C0740,2025-06,e.c.e,6,7.0317495221399025,92.04065541171163,80.26393266277692,1.0
C0741,2025-06,Computer Science,7,9.970997647002584,92.7513579749257,91.77071665810018,4.0
C0742,2025-06,Civil,8,7.012931083141883,,85.65674689365183,4.0
C0743,2025-06,ECE,3,8.373512441340573,85.79808098679624,79.22732219974277,2.0
C0744,2025-06,Mech,5,5.3762272509457025,78.60155517294058,77.80759905167331,2.0
C0745,2025-06,EEE,3,5.268636426956568,68.9658335495569,81.47932481302564,
C0746,2025-06,Mech,4,5.021820083872742,80.05895857046698,90.98119605049172,4.0
C0747,2025-06,ECE,5,,83.53628844298709,92.04345723224016,2.0
C0748,2025-06,ECE,8,6.3633844010156535,97.62454690560902,82.98473828647536,3.0
C0749,2025-06,ECE,8,,97.08277983036595,98.55766201641234,3.0
C0750,2025-06,Comp Sci,5,6.360437044810191,83.43590754955878,94.73718621544823,1.0
C0751,2025-06,CIVIL,4,,68.20778607996309,71.55082512279263,6.0
C0752,2025-06,CIVIL,6,6.239176637991071,89.27807193151992,74.17977363619507,1.0
C0753,2025-06,cs,8,7.230861909461652,95.58507308931435,92.21583001786061,
C0754,2025-06,cs,8,7.210057991370053,83.14048185208878,94.7265393585392,2.0
C0755,2025-06,CIVIL,4,6.218728938490431,89.69069885643256,75.42931939743123,0.0
C0756,2025-06,cs,4,7.6062772068249975,80.96242515994965,100.0,2.0
C0757,2025-06,ECE,7,5.878090111015912,95.87671572114719,82.1531011144979,
C0758,2025-06,ECE,4,,,89.18235866399547,2.0
C0759,2025-06,Mechanical,4,7.550697511375881,75.73489244491999,86.87399166470436,1.0
C0760,2025-06,CSE,3,7.355808889265384,79.80471753531823,72.64653183559989,1.0
C0761,2025-06,Mechanical,5,7.637557955446038,85.32786008078499,93.61112251610143,2.0
C0762,2025-06,ECE,5,4.104042863636761,72.62819095650312,71.75634920121178,0.0
C0763,2025-06,Mech,6,6.465173583426937,83.91732204299402,69.56104567552954,3.0
C0764,2025-06,CSE,4,7.383707295309222,87.02993834418226,87.70364960885851,3.0
C0765,2025-06,ECE,7,6.361323090438369,90.36926752650997,70.62307632943912,1.0
C0766,2025-06,Electronics,7,7.482508138537135,86.29738341072448,87.2836947033716,1.0
C0767,2025-06,CSE,5,7.025552367557514,88.52111952498007,80.83512190332762,2.0
C0768,2025-06,Computer Science,4,,76.76374610190834,80.78154658630845,1.0
C0769,2025-06,Computer Science,6,5.701206280277031,99.77801470048365,91.39085296138963,2.0
C0770,2025-06,CSE,7,7.786702089264396,73.89605919241836,93.02615718182014,
C0771,2025-06,Comp Sci,5,6.889475782357827,83.51307924755741,85.06167857155417,1.0
C0772,2025-06,E.E.E,4,,92.06498425913144,75.47533813236107,1.0
C0773,2025-06,ECE,6,5.862203820236071,84.78663566735794,76.4348142967819,4.0
C0774,2025-06,Civil Engg,5,5.424932680209393,86.09572227797211,80.89715423108959,1.0
C0775,2025-06,E.E.E,5,,91.82564551446382,80.61611053187112,2.0
C0776,2025-06,cs,5,6.829324678533919,97.75541280465762,87.37998975738957,1.0
C0777,2025-06,Mechanical,4,,89.91004829054569,70.59234672075713,2.0
C0778,2025-06,Civil Engg,7,6.262880875437777,87.76305224837982,86.42902157880367,3.0
C0779,2025-06,Mechanical,5,6.526760971682769,87.53224317939805,82.6154277294798,2.0
C0780,2025-06,Electronics,5,8.8288897643169,77.97430151167198,82.34009557841135,0.0
C0781,2025-06,Electronics,6,6.9379805186905825,93.73986539756973,87.10978415856749,2.0
C0782,2025-06,Comp Sci,5,7.31036462357434,78.9515751627539,91.35739350952856,2.0
C0783,2025-06,e.c.e,3,8.173783562907234,91.89261832580655,75.52699710455406,3.0
C0784,2025-06,EEE,8,6.025513626578816,78.34144397112216,85.53656981113669,2.0
C0785,2025-06,Electrical,3,6.836814225305063,84.50279889027519,84.82953517335201,2.0
C0786,2025-06,cs,6,7.3526533369168305,84.28282687226013,87.02507736897715,2.0
C0787,2025-06,ME,4,6.719639786038694,75.41065462324956,88.29880313305671,0.0
C0788,2025-06,Comp Sci,4,6.096144119835151,85.43881765365512,83.15679069462875,3.0
C0789,2025-06,E.E.E,3,7.087568811895634,79.55414534978806,84.64752975936034,2.0
C0790,2025-06,Comp Sci,8,6.969019997520242,94.65881522958588,79.69330602005941,1.0
C0791,2025-06,EEE,5,7.069933297416261,88.58462769827455,83.67509581287652,2.0
C0792,2025-06,CIVIL,5,5.510310252736489,94.88882800313729,100.0,0.0
C0793,2025-06,cs,7,7.525519592611654,74.4883386849408,96.64702576451843,
C0794,2025-06,cs,3,8.18707297923121,,97.18989568389769,1.0
C0795,2025-06,Civil Engg,6,6.245011944396778,80.53951147577153,89.66100407450433,0.0
C0796,2025-06,Computer Science,5,7.934347729174544,94.2343666265049,86.99147431711964,1.0
C0797,2025-06,Electronics,6,6.908537745482044,80.16638289937634,,3.0
C0798,2025-06,E.E.E,3,6.873520952757205,84.91440886504559,93.05788524986609,0.0
C0799,2025-06,Mech,8,7.465616424998225,72.88267636928941,87.04781870607118,3.0
C0800,2025-06,e.c.e,4,6.432249698188428,87.23909111216629,100.0,0.0
H0034,2025-01,ECE,6,7.044694338712656,88.49546818980318,85.4862738873317,3.0
C0482,2025-04,E.E.E,4,6.218553390711509,79.24653520981668,93.24602756589523,0.0
C0113,2025-04,Civil,3,6.1581032975694,88.5589942959602,87.10274301644239,0.0
H0499,2025-03,ECE,6,7.173801702252421,82.99497024230156,,0.0
H0557,2025-04,cs,3,8.078374944411154,81.29157238440729,92.67036138822911,1.0
C0634,2025-04,Mechanical,4,7.981790897882965,100.0,,1.0
H0030,2025-02,ME,3,6.707505060422546,99.85232956855118,76.59848827990324,1.0
C0698,2025-01,Computer Science,3,7.345624049050964,77.26367862593705,70.67333066901064,2.0
C0122,2025-04,e.c.e,4,8.251360800227287,73.93899013437944,94.92202583528703,2.0
H0534,2025-01,ME,8,6.602279638429314,91.52812323926665,80.24774960678529,1.0
H0402,2025-06,E.E.E,8,5.918358529226429,94.95466389466003,85.91821613333016,1.0
H0278,2025-03,Electronics,7,6.783206331622023,,85.41805695253828,3.0
H0304,2025-02,e.c.e,5,6.853915034741566,69.1059287139199,93.14758741695648,1.0
C0283,2025-03,EEE,4,6.777741215226085,96.88891227566845,86.46418378853194,3.0
C0273,2025-06,EEE,6,6.97043615748202,80.92556428650056,88.23190360832004,1.0
H0042,2025-05,Civil,7,6.183409538923799,94.03473550015387,90.36126166316912,2.0
H0473,2025-06,CSE,6,6.257387257585013,94.85531403375126,84.7447607951127,1.0
C0423,2025-01,E.E.E,6,6.60816859513538,76.92634269493307,85.02796522058277,0.0
H0136,2025-05,Computer Science,4,7.3726830655942175,,86.36189106614654,0.0
H0488,2025-04,Computer Science,4,7.95544223280754,80.28117964252931,87.38580513709032,2.0
H0319,2025-01,cs,3,7.1407875531669225,93.40013902549924,81.49168267837952,0.0
C0164,2025-04,CSE,7,6.687091136382702,85.53851422770735,82.0388685797124,3.0
C0167,2025-01,CSE,5,7.679282463978246,90.80247537103679,93.35374210181642,0.0
H0098,2025-03,Comp Sci,6,6.729767690849517,72.74470942775466,93.79757053762772,2.0
C0362,2025-03,ECE,6,7.350793241409363,95.02992410092764,78.91106215097163,
H0222,2025-01,e.c.e,3,7.687393320789692,80.11366467658148,87.50147729622942,0.0
H0470,2025-06,Electronics,8,5.595978376234041,86.43049196218618,89.46254435175366,2.0
C0474,2025-02,Electrical,5,6.959611566118635,92.42129233492108,76.91002803683747,2.0
C0135,2025-03,Computer Science,3,7.575549257685372,91.45536858352192,85.68132853286762,2.0
H0360,2025-04,Mechanical,8,6.800000500190194,100.0,83.2168488745506,0.0
H0187,2025-02,ECE,7,6.33586230194717,64.6520127215356,81.58559753424076,2.0
H0099,2025-05,CSE,7,6.198217412961119,80.42997574693982,92.23380828359556,3.0
H0083,2025-06,Civil,6,6.196610688483846,97.65061918748106,75.8953371140073,4.0
H0006,2025-02,E.E.E,8,,90.7775860852912,61.21833218862753,0.0
C0696,2025-01,ECE,6,7.10049070954669,86.8708390277931,76.6410511948017,1.0
C0531,2025-06,Electrical,7,7.486284986403789,85.96457695530422,74.752774909053,2.0
H0546,2025-02,ECE,7,6.544611725494442,93.4972990109088,81.90553833677211,1.0
C0799,2025-06,Mech,8,7.465616424998225,72.88267636928941,87.04781870607118,3.0
C0477,2025-02,ECE,7,6.535840955312578,88.57022464879746,78.41477443912271,3.0
H0195,2025-04,cs,7,7.6407845685723705,82.71293890917475,80.33875606702364,1.0
C0007,2025-02,CIVIL,5,7.094711050622291,72.8692761519969,94.91780548699235,0.0
C0281,2025-02,ECE,7,6.204951184838496,90.2376190756375,,1.0
C0082,2025-06,Comp Sci,4,6.863068675603557,81.6228432770071,84.56520962754567,2.0
C0134,2025-01,e.c.e,8,6.685519675030995,74.2104807658646,80.17920021960866,0.0
C0263,2025-04,CIVIL,8,6.430596795520202,83.45862792507471,74.7063428487154,1.0
C0143,2025-02,Civil Engg,3,6.2516685894426685,91.79046979297108,81.82085371195114,2.0
C0600,2025-01,Mech,6,7.041489373848641,90.09210765405142,81.51340031325257,0.0
H0133,2025-03,Mech,3,6.391294475119223,81.2086533148816,78.69106277662964,0.0
H0468,2025-02,EEE,7,6.536929768281149,78.00989927933313,86.39018990853198,2.0
H0319,2025-05,cs,3,6.969104094414106,100.0,100.0,1.0
C0642,2025-02,cs,6,7.002123076386054,87.49842090730118,84.3045984950048,2.0
C0629,2025-02,EEE,7,6.711050403834657,77.58391350731262,84.036235468849,2.0
C0629,2025-05,EEE,7,7.860322507568571,83.7258853917591,76.37907558203531,0.0
C0366,2025-01,ECE,5,6.48031980271331,73.0247062651783,87.11084836426947,1.0
C0032,2025-06,Civil,7,7.077712288154055,82.42361727743545,94.04859266083841,2.0
H0566,2025-05,ME,7,6.84982353378318,91.99823903078169,80.54879359242717,0.0
C0403,2025-05,Comp Sci,7,7.346257141012793,88.76788859902828,92.39574064877478,1.0
C0688,2025-04,Comp Sci,8,7.815811997976216,99.7111727417924,88.29799655914458,1.0
C0784,2025-01,EEE,8,7.10326013238281,81.86364702064746,90.41556907955962,1.0
H0018,2025-01,Computer Science,8,6.883680066300067,,86.26894397452809,1.0
C0251,2025-06,Computer Science,3,8.033868657976384,100.0,,2.0
C0210,2025-04,EEE,7,6.294097633630932,74.64303675739286,74.99254758133165,2.0
C0043,2025-03,CSE,5,8.14629817497012,96.55399402000995,83.41442238605579,1.0
H0462,2025-01,cs,5,7.450461142565601,88.63805962714036,85.94161805836633,0.0
H0546,2025-06,ECE,7,5.967196424445227,87.56866886809983,85.34354833978544,3.0
C0761,2025-03,Mechanical,5,7.003049634757435,88.47523725877247,93.48097568151994,0.0
C0428,2025-04,e.c.e,6,6.799468836779284,83.15777710126875,95.05156074447429,0.0
C0309,2025-01,Computer Science,5,7.976539317857238,89.57165642269185,87.946793134799,1.0
C0729,2025-03,CSE,6,7.350448680949914,83.75766966710732,92.03487291725399,2.0
C0797,2025-06,Electronics,6,6.908537745482044,80.16638289937634,,3.0
C0548,2025-04,CIVIL,5,6.5606400670164575,85.91537961569142,88.99410422857822,0.0
C0550,2025-02,CIVIL,4,6.393953785519051,88.91999248087545,86.36202125611496,0.0
H0016,2025-06,Comp Sci,3,9.352231592628364,92.18468170476515,76.83365500491263,2.0
H0065,2025-03,Mechanical,3,6.296747721139695,77.457238833633,80.84580238327055,0.0
H0239,2025-05,Computer Science,4,7.648976633258689,100.0,87.68476563843835,
C0566,2025-05,Civil,8,6.883085784314686,83.1304627776073,80.79659061167611,0.0
C0272,2025-04,cs,3,6.629674112575392,89.50432776634065,84.50341466192667,1.0
C0333,2025-01,Electronics,5,6.883379378764909,85.48504105961354,79.815746547678,0.0
C0476,2025-05,CSE,6,7.56081155325063,89.38235880707204,87.60518695855113,3.0
C0489,2025-05,ECE,3,6.634562966471648,90.95350311977728,85.42061693303992,4.0
C0736,2025-06,Civil Engg,8,7.209852841001195,83.88943271954803,77.26687853415932,0.0
H0339,2025-06,Comp Sci,5,7.231546117095745,,80.7118070971322,1.0
H0391,2025-05,Mech,3,7.0684194435555305,83.17317781285178,90.20919408522491,3.0
H0464,2025-06,Computer Science,8,8.261741857026495,89.97214789797866,88.36378705629416,2.0
C0517,2025-03,cs,3,8.080136041015466,82.86863634403998,90.24830326288178,
C0291,2025-04,Comp Sci,5,6.45550452934592,87.84286927802675,97.15565124696455,3.0
H0167,2025-02,Civil,4,7.2695639681929,93.28227378609641,81.67880713702571,0.0
C0124,2025-04,E.E.E,4,6.91467523885291,84.2011210042258,85.98387558302187,1.0
C0212,2025-01,CSE,7,7.67025964984126,79.98326529032397,85.19269013020944,0.0
H0247,2025-04,ME,7,6.473464727301717,87.008925052609,78.1767059985085,1.0
C0259,2025-01,ECE,5,6.579165240114244,91.01833301341793,81.62710987125554,0.0
H0056,2025-06,Civil,3,7.916073362427318,94.70323632741457,97.07790723574227,2.0
C0737,2025-06,CSE,8,6.521532226759587,,94.69040496556225,2.0
C0393,2025-04,CIVIL,4,6.414519880829381,77.53377990196914,82.91406042706805,3.0
C0664,2025-02,EEE,6,6.180268623026221,72.28208417992118,81.85909200772073,1.0
C0672,2025-03,Electronics,7,6.416247208420611,77.0503073658471,76.92580905594394,2.0
C0703,2025-03,Civil,4,6.433468647217729,86.40265241713885,89.20790208076573,3.0
H0315,2025-03,e.c.e,5,6.271273441964966,82.20662618716389,71.53155400225123,1.0
C0583,2025-05,Computer Science,7,7.3025885323135,90.37030714931375,84.20347858073997,1.0
C0354,2025-04,cs,4,8.251815757147877,82.76954054247564,83.44882169098511,1.0
C0248,2025-05,Mechanical,6,7.547638402806618,90.49902635578722,75.39915138842838,0.0
C0321,2025-03,Comp Sci,6,7.562169517646029,94.38796456282458,94.17124213717489,1.0
H0071,2025-06,Comp Sci,4,5.700991928381027,83.22315083940245,84.9227132222867,0.0
H0579,2025-02,Civil,8,7.564911548946258,70.26150523410516,80.77244523699913,1.0
C0383,2025-01,Mechanical,3,6.806720045487302,82.33508480568257,97.11159476662799,1.0
H0472,2025-02,e.c.e,5,6.9220179014642005,86.26483504603837,74.11016411417371,1.0
H0382,2025-05,E.E.E,4,6.494042987766009,80.67204010065073,84.15786628955011,
H0350,2025-01,Comp Sci,3,6.9270717823595325,90.51101797856602,91.8747634623939,0.0
C0488,2025-05,Civil Engg,4,6.251356267921041,92.53523195381285,87.32233838390783,1.0
C0232,2025-06,Mech,6,6.159178277024949,91.25777143073044,100.0,
C0026,2025-01,Electronics,8,6.637849892299527,77.54675713639728,70.21999903257515,1.0
C0104,2025-04,Civil Engg,4,6.05468372294035,73.23923257866312,77.85190260663828,3.0
H0236,2025-05,Civil Engg,8,6.59785783644698,80.82477121183909,68.77113152027862,3.0
C0413,2025-02,Electronics,7,7.0241420457563395,76.54189678340792,84.11305886315948,2.0
H0544,2025-04,EEE,6,7.509745834040597,80.9249594172572,80.24169893720723,1.0
H0526,2025-05,Electronics,7,6.840079958532572,100.0,82.57781994549325,0.0
C0656,2025-03,Civil,5,7.706102445233177,100.0,88.16882123531306,0.0
H0360,2025-06,Mechanical,8,6.9456995444052065,84.79380210640501,84.7613988570034,1.0
C0080,2025-03,e.c.e,7,7.038139148057231,85.99525996110474,82.29032758963488,2.0
H0231,2025-06,Comp Sci,7,7.564295625030793,100.0,80.21079737871692,1.0
H0194,2025-02,Civil,8,7.281746638042735,71.25666727834508,82.6217750763773,0.0
C0791,2025-04,EEE,5,6.590304435235001,72.25516522629378,85.00300861878502,0.0
C0488,2025-02,Civil Engg,4,6.529857164493015,,84.21350560162627,0.0
C0416,2025-03,CSE,3,7.163747924447555,,75.59050695077683,0.0
H0043,2025-03,Mech,7,6.1161838781547,77.60225213225169,79.78618079171703,1.0
C0661,2025-05,Comp Sci,3,7.97482993013888,88.41166863408375,88.31625667000908,3.0
H0300,2025-02,Mechanical,4,6.711323898702165,78.85287802159868,79.17662622583686,0.0
H0153,2025-06,cs,8,9.55101343215964,,85.17499911256701,2.0
C0693,2025-06,ME,5,6.942345528176882,75.09081301405914,97.84729019134362,0.0
H0263,2025-02,cs,5,6.669814513510407,83.3168279012767,88.58890614552355,0.0
H0430,2025-01,CIVIL,8,6.574591961349718,81.53703739971097,,0.0
C0683,2025-01,ECE,7,,96.28615502644762,85.4167568112198,0.0
H0486,2025-06,e.c.e,5,6.780605705331442,,94.13358211194644,1.0
H0240,2025-01,Computer Science,4,7.3103529736461415,85.28733961442461,92.42853819451707,0.0
H0593,2025-03,Comp Sci,7,7.4569239483880505,96.89992867622166,100.0,4.0
C0705,2025-03,CIVIL,3,7.03376828336457,82.09137958223201,94.33186490139967,2.0
C0790,2025-06,Comp Sci,8,6.969019997520242,94.65881522958588,79.69330602005941,1.0
H0448,2025-04,ME,3,7.75490304660787,88.73067024234471,85.14068192889431,2.0
C0629,2025-06,EEE,7,6.380469025859297,79.55342215773146,68.01229262061737,0.0
C0371,2025-01,cs,5,7.28907695238387,74.94956119105531,82.3251264774592,0.0
H0030,2025-06,ME,3,6.8192316892865525,88.66363574376834,77.18804911327454,2.0
H0140,2025-03,cs,4,6.860094182773332,90.33393370579734,89.02108431027396,1.0
C0586,2025-03,Civil Engg,5,6.963540289018347,67.50592191728231,90.59745637736418,1.0
H0433,2025-02,ME,7,7.002828398229333,100.0,82.65654161534107,0.0
C0790,2025-03,Comp Sci,8,7.953274558668031,71.99912792439588,94.85918279103964,
C0139,2025-04,ECE,6,6.598699092821843,91.22882888848868,82.06952635103714,0.0
H0182,2025-06,Civil,3,6.765533867347629,92.21932348804593,87.00392247477309,0.0
C0686,2025-03,EEE,6,6.9360960780282035,83.16311639586363,75.65162196673668,1.0
C0637,2025-04,Computer Science,7,7.169741518511375,88.90691857330987,88.29873570562559,2.0
H0084,2025-02,Computer Science,3,7.5913895513383824,84.31263205929616,,2.0
C0765,2025-05,ECE,7,5.225836327901726,92.1695398003044,74.35386844030924,1.0
C0108,2025-04,Civil Engg,7,7.18765203028916,77.92053410167719,82.72730591817646,1.0
H0488,2025-01,Computer Science,4,7.209433619048013,91.40614082105796,90.47020107789552,2.0
H0232,2025-05,ECE,4,6.750462720454561,83.31756680925449,90.95067771768196,0.0
C0535,2025-06,Electrical,4,6.243247803758158,92.27400138192527,84.99892572078649,1.0
C0384,2025-03,e.c.e,7,6.537739100887115,86.53495098613959,86.21868787673611,0.0
H0268,2025-05,Comp Sci,7,7.619351698278587,91.05544196178097,92.60080540055398,0.0
H0597,2025-03,Mechanical,5,6.742612418357471,93.01088631141185,78.2000769216999,0.0
C0158,2025-05,Electrical,5,6.984716465348015,89.51474827334738,81.83019218543197,2.0
C0596,2025-01,CSE,5,7.957222812321629,98.90281937386328,96.4324033561499,1.0
C0259,2025-03,ECE,5,7.2789609247472375,89.8435657845599,81.12749732492466,1.0
H0286,2025-06,Electronics,5,6.434462038214346,86.0840417984469,73.37151024563214,3.0
C0719,2025-02,Mechanical,4,6.950718135540294,94.71318065459093,94.40925144157487,2.0
H0394,2025-02,Mech,4,6.4054178111508095,75.83159740497517,84.7371867924373,0.0
C0495,2025-04,Mech,6,5.967457259881312,78.79346012534853,73.11413215843169,0.0
H0519,2025-01,Computer Science,4,7.039278287560575,87.95851769135123,,0.0
C0454,2025-01,cs,5,7.973421825002926,,100.0,0.0
H0334,2025-06,Civil Engg,3,6.593678177124213,77.52080719440353,84.21950576404502,0.0
