student_id,month,attendance_pct,subject_attendance
H0001,2025-01,88%,81.94097149148573
H0002,2025-01,94%,83.38501687264012
H0003,2025-01,89%,71.44731306747016
H0004,2025-01,86%,79.54928803498336
H0005,2025-01,90%,89.5242717747511
H0006,2025-01,89%,61.96591134859768
H0007,2025-01,100%,80.68233367068318
H0008,2025-01,82%,71.3454320378938
H0009,2025-01,85%,71.55861851214158
H0010,2025-01,92%,82.20831888808195
H0011,2025-01,76%,74.37906799814287
H0012,2025-01,66%,68.36928821396575
H0013,2025-01,88%,93.50428386945791
H0014,2025-01,79%,88.85779429041956
H0015,2025-01,66%,59.39025513491732
H0016,2025-01,89%,66.62340261946866
H0017,2025-01,100%,86.72540813539862
H0018,2025-01,62%,77.509118687069
H0019,2025-01,94%,95.45759116744007
H0020,2025-01,51%,86.37865109066304
H0021,2025-01,77%,83.53226940122887
H0022,2025-01,100%,70.41279421652926
H0023,2025-01,77%,84.33966471236221
H0024,2025-01,82%,65.95730171436833
H0026,2025-01,63%,86.18601392467822
H0027,2025-01,82%,71.29435122670908
H0028,2025-01,83%,88.79236092195276
H0029,2025-01,100%,100.0
H0030,2025-01,68%,79.13336761890972
H0031,2025-01,78%,86.09993140081042
H0032,2025-01,71%,76.23452670867155
H0033,2025-01,71%,82.87867072400364
H0034,2025-01,96%,65.33171983807394
H0035,2025-01,82%,79.76657164645312
H0036,2025-01,76%,81.58967493813202
H0037,2025-01,76%,98.94075320771154
H0038,2025-01,77%,64.03871925386605
H0039,2025-01,78%,
H0040,2025-01,66%,92.48404583846974
H0041,2025-01,79%,77.90071755812048
H0042,2025-01,77%,77.46821560340065
H0043,2025-01,74%,72.78587992449197
H0044,2025-01,84%,71.44492299360093
H0045,2025-01,85%,62.08729812478778
H0046,2025-01,76%,74.48865029846067
H0047,2025-01,80%,70.36272122791661
H0048,2025-01,100%,82.53313023027185
H0049,2025-01,100%,72.09163558110183
H0050,2025-01,70%,76.44063050491187
H0051,2025-01,71%,76.31388823294922
H0052,2025-01,70%,80.4522459361736
H0053,2025-01,95%,75.81406202366281
H0054,2025-01,77%,69.25856589346111
H0055,2025-01,84%,80.21260131205365
H0056,2025-01,100%,90.23728301306275
H0057,2025-01,82%,82.09194738204461
H0058,2025-01,91%,74.38201272515042
H0059,2025-01,89%,80.47998941630259
H0060,2025-01,76%,60.57538097327408
H0061,2025-01,95%,79.00746160664453
H0062,2025-01,71%,75.46091424288326
H0063,2025-01,97%,70.42549361579863
H0064,2025-01,75%,73.18576593197196
H0065,2025-01,76%,76.53084879737122
H0066,2025-01,68%,89.1285121786828
H0067,2025-01,70%,90.22184879906133
H0068,2025-01,78%,72.08244904208823
H0069,2025-01,55%,77.42834819606159
H0070,2025-01,77%,73.5591152504731
H0071,2025-01,77%,89.58977151897054
H0072,2025-01,90%,80.35551216100484
H0073,2025-01,86%,80.39946376139574
H0074,2025-01,74%,86.36201625230242
H0075,2025-01,77%,74.99207449144427
H0076,2025-01,80%,94.50784287000299
H0077,2025-01,100%,81.26810286228779
H0078,2025-01,71%,70.98872875177531
H0079,2025-01,72%,76.5375053756839
H0080,2025-01,69%,92.87978284372126
H0081,2025-01,64%,76.28829020886691
H0082,2025-01,86%,90.10482220916577
H0083,2025-01,83%,72.52017651016145
H0084,2025-01,98%,73.85353000971674
H0085,2025-01,96%,88.39647782491424
H0086,2025-01,100%,71.74624880084411
H0087,2025-01,81%,88.19246590271719
H0088,2025-01,78%,83.3867346733445
H0089,2025-01,68%,73.96251666242165
H0090,2025-01,112/100,80.72743450855634
H0091,2025-01,83%,74.51070267154037
H0092,2025-01,91%,85.37008936110115
H0093,2025-01,67%,98.13325864426614
H0094,2025-01,87%,77.0080724077579
H0095,2025-01,86%,87.36504618385014
H0096,2025-01,83%,79.43772494200697
H0097,2025-01,74%,80.58039323188791
H0098,2025-01,97%,79.5451478095999
H0099,2025-01,100%,73.1326596400514
H0100,2025-01,68%,83.48901716565764
H0101,2025-01,91%,77.99376390454121
H0102,2025-01,47%,70.9700568108352
H0103,2025-01,91%,91.29246958902473
H0104,2025-01,60%,81.79406568647745
H0105,2025-01,76%,78.12591531950874
H0106,2025-01,66%,
H0107,2025-01,79%,61.08745290703091
H0108,2025-01,92%,93.20335569561406
H0109,2025-01,60%,72.04097445833325
H0110,2025-01,77%,81.59729292718114
H0111,2025-01,76%,74.68473589565563
H0112,2025-01,100%,72.80149731420218
H0113,2025-01,88%,94.2994149367444
H0114,2025-01,68%,99.6239733184476
H0115,2025-01,78%,80.12146492668836
H0116,2025-01,100%,83.50216418757137
H0117,2025-01,90%,79.89705585253685
H0118,2025-01,72%,
H0119,2025-01,78%,58.781512165172785
H0120,2025-01,79%,83.82838161395405
H0121,2025-01,75%,72.42724098884361
H0122,2025-01,60%,55.71522123403936
H0123,2025-01,74%,76.54384666436482
H0124,2025-01,99%,98.92779651824465
H0125,2025-01,78%,74.1162892844956
H0126,2025-01,83%,90.22349411197366
H0127,2025-01,84%,92.43044531202206
H0128,2025-01,100%,80.18484746806912
H0129,2025-01,83%,82.87736299513527
H0130,2025-01,96%,63.9745923133937
H0131,2025-01,76%,
H0132,2025-01,79%,89.47070290684417
H0133,2025-01,80%,79.14725945892748
H0135,2025-01,78%,80.46489168539458
H0136,2025-01,92%,100.0
H0137,2025-01,72%,75.74487646831238
H0138,2025-01,80%,94.28712316122306
H0139,2025-01,89%,80.27694132817999
H0140,2025-01,73%,97.80835052441765
H0141,2025-01,94%,67.07012901373618
H0142,2025-01,83%,82.11175662300805
H0143,2025-01,80%,76.25842890853022
H0144,2025-01,58%,82.0429483928707
H0145,2025-01,78%,92.76309810085004
H0146,2025-01,88%,85.94652190138771
H0147,2025-01,100%,93.4823497322624
H0149,2025-01,95%,
H0150,2025-01,68%,81.55012638836375
H0151,2025-01,80%,79.267638597453
H0152,2025-01,96%,77.84542556031646
H0153,2025-01,72%,71.06416277657908
H0154,2025-01,93%,92.27116085754946
H0155,2025-01,92%,77.57923630961956
H0156,2025-01,84%,93.71013743413651
H0157,2025-01,78%,80.89750514116065
H0158,2025-01,69%,85.5122822877477
H0159,2025-01,100%,86.29080426238947
H0160,2025-01,89%,71.77778820203096
H0161,2025-01,86%,84.28767320045347
H0163,2025-01,83%,83.3645769474619
H0164,2025-01,84%,
H0165,2025-01,87%,87.67905960862058
H0166,2025-01,90%,82.61693190168397
H0167,2025-01,72%,81.5099348777867
H0168,2025-01,64%,85.46486420688187
H0169,2025-01,85%,89.7926191663045
H0170,2025-01,61%,66.45378814345634
H0171,2025-01,78%,82.82970870383272
H0173,2025-01,88%,76.9912894758014
H0174,2025-01,100%,94.37334524836344
H0175,2025-01,59%,73.94767533342309
H0176,2025-01,100%,65.61133206351802
H0177,2025-01,79%,
H0178,2025-01,87%,67.25340173450148
H0179,2025-01,66%,61.89402784259431
H0180,2025-01,95%,90.4525117022422
H0181,2025-01,81%,80.76200716288116
H0182,2025-01,82%,85.38955361858987
H0183,2025-01,58%,74.97978845660651
H0184,2025-01,84%,67.60864152146084
H0185,2025-01,91%,67.12195449369372
H0186,2025-01,78%,76.74188006672748
H0187,2025-01,95%,66.7152614638496
H0188,2025-01,97%,85.04241663616634
H0190,2025-01,100%,83.34351166523778
H0191,2025-01,81%,80.47165679036166
H0192,2025-01,83%,84.90803318010398
H0193,2025-01,83%,85.70031558102409
H0194,2025-01,83%,77.19064442486231
H0195,2025-01,52%,84.02689500300754
H0196,2025-01,81%,84.45349818544553
H0197,2025-01,65%,55.08957795611524
H0198,2025-01,99%,84.31581695443201
H0199,2025-01,100%,81.41886130064238
H0200,2025-01,94%,88.01514142555901
H0201,2025-01,78%,66.78259774225111
H0202,2025-01,69%,76.22421029231194
H0203,2025-01,75%,70.30955386029011
H0204,2025-01,100%,89.70018692015476
H0205,2025-01,75%,67.2476600951933
H0206,2025-01,54%,71.76753180065754
H0207,2025-01,95%,86.52142334885372
H0208,2025-01,100%,73.84117003198587
H0209,2025-01,100%,73.22812983872551
H0210,2025-01,94%,89.3524942120645
H0211,2025-01,97%,89.99615992135881
H0212,2025-01,83%,88.08104990939403
H0213,2025-01,57%,88.86644621861413
H0214,2025-01,82%,78.22545086782445
H0215,2025-01,89%,77.6872523125444
H0216,2025-01,78%,71.54179391391894
H0217,2025-01,79%,81.3186011298307
H0218,2025-01,71%,75.21706616587214
H0219,2025-01,70%,76.03837982674652
H0220,2025-01,100%,86.04663000514103
H0221,2025-01,100%,93.26735481966905
H0222,2025-01,83%,85.4448290243697
H0223,2025-01,84%,96.92595964898362
H0224,2025-01,70%,72.88372059695105
H0225,2025-01,91%,63.134668960474045
H0226,2025-01,100%,86.53934859616103
H0227,2025-01,64%,73.58347606724655
H0228,2025-01,86%,75.99111659500143
H0229,2025-01,89%,63.34766268609053
H0230,2025-01,89%,71.7630543210933
H0231,2025-01,100%,67.82190396108709
H0232,2025-01,100%,75.59196213638052
H0233,2025-01,80%,
H0234,2025-01,90%,80.8185609063589
H0235,2025-01,83%,92.33355689271114
H0236,2025-01,74%,86.27936006239725
H0237,2025-01,85%,63.830029063507226
H0238,2025-01,90%,86.28501335082737
H0239,2025-01,85%,81.7936679225499
H0240,2025-01,72%,80.20545147942691
H0241,2025-01,76%,79.26322857376375
H0242,2025-01,78%,83.77626561446597
H0243,2025-01,73%,74.2920393970324
H0244,2025-01,86%,79.32632018155995
H0245,2025-01,86%,91.64876204419642
H0246,2025-01,94%,73.12059363972654
H0247,2025-01,70%,68.64366990308218
H0248,2025-01,74%,78.99868062552324
H0249,2025-01,100%,68.81644712894425
H0250,2025-01,81%,63.95339173529571
H0251,2025-01,82%,76.68625496806257
H0252,2025-01,80%,95.51168352375785
H0253,2025-01,96%,80.06732045608732
H0255,2025-01,96%,59.93305391116387
H0256,2025-01,84%,86.18172641161136
H0257,2025-01,71%,80.51990353685405
H0258,2025-01,100%,74.04067610727425
H0259,2025-01,92%,82.14876401976319
H0260,2025-01,78%,83.45610516867931
H0261,2025-01,100%,71.31609534733641
H0262,2025-01,75%,83.02126430309626
H0263,2025-01,100%,94.21310170186413
H0264,2025-01,100%,79.53010822780553
H0265,2025-01,72%,72.79797612858812
H0266,2025-01,89%,78.312368020773
H0267,2025-01,92%,89.62180466724232
H0268,2025-01,100%,
H0269,2025-01,73%,85.54584692700719
H0270,2025-01,100%,75.31630736247556
H0271,2025-01,83%,83.49242546582879
H0272,2025-01,68%,76.20620327738402
H0273,2025-01,83%,77.42685483861818
H0274,2025-01,81%,
H0275,2025-01,69%,65.54484629801907
H0276,2025-01,85%,84.90503318614293
H0277,2025-01,95%,99.3534245710101
H0278,2025-01,84%,86.37885023523941
H0279,2025-01,75%,66.16318937981643
H0280,2025-01,81%,67.9582306489318
H0281,2025-01,83%,74.05529851289127
H0282,2025-01,84%,81.28463835268504
H0283,2025-01,95%,82.5958752552993
H0284,2025-01,87%,69.71898607215002
H0285,2025-01,65%,71.54191019350102
H0286,2025-01,74%,71.25828426330112
H0287,2025-01,85%,79.34131648278014
H0288,2025-01,95%,99.81714681096803
H0289,2025-01,98%,71.19464403118126
H0291,2025-01,83%,67.9810662117853
H0292,2025-01,92%,87.84562164366713
H0293,2025-01,64%,79.4697114094675
H0294,2025-01,88%,72.75806608893068
H0295,2025-01,68%,75.38532346624979
H0296,2025-01,81%,72.31988607115191
H0297,2025-01,100%,83.7594321988131
H0298,2025-01,86%,100.0
H0299,2025-01,71%,85.57576009653879
H0300,2025-01,86%,78.95628447495056
H0301,2025-01,75%,72.66740973748642
H0302,2025-01,71%,67.79056026497285
H0303,2025-01,100%,88.26687082074827
H0304,2025-01,94%,86.6618898335811
H0305,2025-01,85%,74.61384096129366
H0306,2025-01,77%,91.71430957107683
H0307,2025-01,78%,80.32572411775331
H0308,2025-01,100%,87.4200015761221
H0309,2025-01,87%,
H0310,2025-01,46%,79.91123089700037
H0311,2025-01,100%,71.09567093583671
H0312,2025-01,85%,79.60077487001736
H0313,2025-01,88%,
H0314,2025-01,94%,74.1592848016118
H0315,2025-01,87%,
H0316,2025-01,92%,70.39429714288589
H0317,2025-01,76%,87.41317833622924
H0318,2025-01,66%,82.21290178513969
H0319,2025-01,86%,68.91878973012179
H0320,2025-01,98%,77.35447980589723
H0321,2025-01,73%,88.75708633356757
H0322,2025-01,73%,67.12651668912841
H0323,2025-01,98%,71.47790476849578
H0324,2025-01,76%,79.41844374389699
H0325,2025-01,78%,100.0
H0326,2025-01,77%,73.36551046284015
H0327,2025-01,81%,84.68938934992327
H0328,2025-01,63%,82.56453639565775
H0329,2025-01,75%,74.26229982074608
H0330,2025-01,86%,83.22647906487046
H0331,2025-01,86%,77.0807210999619
H0332,2025-01,96%,77.05105534080215
H0333,2025-01,100%,64.00874643706553
H0334,2025-01,100%,79.87560561149967
H0335,2025-01,93%,89.06118980444613
H0336,2025-01,80%,81.12769581000981
H0337,2025-01,76%,93.16114775004331
H0338,2025-01,81%,85.10324862854156
H0339,2025-01,90%,80.67770785842097
H0340,2025-01,90%,72.35222168818589
H0341,2025-01,89%,75.44808187242901
H0342,2025-01,81%,66.06187803539407
H0343,2025-01,91%,76.93007038939102
H0344,2025-01,96%,80.56620929493926
H0345,2025-01,92%,97.29089545862533
H0346,2025-01,81%,84.84094566058688
H0347,2025-01,71%,70.94892752213306
H0348,2025-01,73%,67.45559828458161
H0349,2025-01,73%,
H0350,2025-01,85%,88.70051325451247
H0351,2025-01,88%,77.87247822701075
H0352,2025-01,67%,87.44628728893207
H0353,2025-01,76%,79.1021289396253
H0354,2025-01,84%,86.61790682247755
H0355,2025-01,71%,64.70920003747152
H0356,2025-01,86%,
H0357,2025-01,79%,70.24134671488113
H0358,2025-01,72%,87.02431960772458
H0359,2025-01,83%,78.26108873762007
H0360,2025-01,86%,78.29622669408057
H0361,2025-01,73%,79.09918071049036
H0362,2025-01,80%,84.29136281173135
H0363,2025-01,88%,85.07291270516463
H0364,2025-01,73%,91.46149148898294
H0365,2025-01,62%,94.64099835399607
H0366,2025-01,64%,84.088751669331
H0367,2025-01,77%,97.04229138605521
H0368,2025-01,66%,80.92411230456665
H0369,2025-01,79%,92.63833545766516
H0370,2025-01,100%,84.34868151785982
H0371,2025-01,64%,73.4719549440558
H0372,2025-01,79%,82.4663515448255
H0373,2025-01,100%,85.17276113131804
H0374,2025-01,89%,81.89394014667715
H0375,2025-01,80%,86.65287164658034
H0376,2025-01,81%,90.53386724726296
H0377,2025-01,87%,79.94748246603908
H0378,2025-01,100%,51.0977100053817
H0379,2025-01,75%,96.22930336027443
H0380,2025-01,72%,76.86609785839788
H0381,2025-01,64%,71.09261713624562
H0382,2025-01,82%,67.75736523322688
H0384,2025-01,76%,74.47536693290043
H0385,2025-01,71%,73.11939777422504
H0386,2025-01,95%,73.55924341134144
H0387,2025-01,76%,85.4442643295176
H0388,2025-01,87%,100.0
H0389,2025-01,64%,89.45284999605384
H0390,2025-01,83%,91.50390822186696
H0391,2025-01,67%,75.62676849546412
H0392,2025-01,78%,82.61132721824791
H0393,2025-01,100%,84.73950565997309
H0394,2025-01,92%,72.8487663639567
H0395,2025-01,81%,77.06261001073331
H0396,2025-01,100%,88.02534565091617
H0397,2025-01,70%,90.45751739468368
H0398,2025-01,112/100,81.08790709172392
H0399,2025-01,64%,68.98307488459099
H0400,2025-01,79%,77.82465775235787
H0401,2025-01,67%,67.28051272269633
H0402,2025-01,86%,82.230614981344
H0403,2025-01,82%,82.36831192635653
H0404,2025-01,81%,80.90735284925742
H0405,2025-01,95%,82.20191457400237
H0406,2025-01,75%,84.32551127169052
H0407,2025-01,86%,83.54233143533727
H0408,2025-01,92%,68.23138775827714
H0409,2025-01,66%,79.39078023934547
H0410,2025-01,73%,83.97071416001181
H0411,2025-01,83%,97.11519199534057
H0412,2025-01,89%,77.42488744678079
H0413,2025-01,100%,86.99667575178596
H0414,2025-01,78%,88.04159089446269
H0415,2025-01,79%,79.6359673036782
H0416,2025-01,72%,92.66087651485019
H0417,2025-01,86%,92.83339372271925
H0418,2025-01,77%,93.16596204633767
H0419,2025-01,81%,
H0420,2025-01,80%,100.0
H0421,2025-01,87%,72.68529009835501
H0422,2025-01,76%,100.0
H0423,2025-01,73%,88.92328765018765
H0424,2025-01,88%,95.10480694538188
H0425,2025-01,46%,77.18681577631138
H0426,2025-01,75%,88.92574023450555
H0427,2025-01,69%,95.05319920053289
H0428,2025-01,96%,69.34855270425746
H0429,2025-01,77%,78.97217139448067
H0430,2025-01,74%,58.07034802076733
H0431,2025-01,80%,77.47003432114323
H0432,2025-01,74%,70.88485864735847
H0433,2025-01,78%,78.60176442675332
H0434,2025-01,83%,100.0
H0435,2025-01,78%,99.21006740285515
H0436,2025-01,78%,66.9157956938324
H0437,2025-01,71%,87.43552494412022
H0438,2025-01,67%,86.59311802901763
H0439,2025-01,83%,77.24560652184903
H0440,2025-01,85%,81.87945830068936
H0441,2025-01,65%,83.20269646626484
H0442,2025-01,92%,68.10650421164883
H0443,2025-01,90%,68.88667399014511
H0444,2025-01,93%,81.8494765573588
H0445,2025-01,112/100,81.72574357185678
H0446,2025-01,90%,73.30935915240745
H0447,2025-01,100%,72.54760899114662
H0448,2025-01,77%,78.00889194970391
H0449,2025-01,70%,89.3860630168822
H0450,2025-01,63%,78.63825081235686
H0452,2025-01,100%,71.95301538361785
H0453,2025-01,70%,80.79611815462036
H0454,2025-01,73%,77.10423253072612
H0455,2025-01,79%,87.22602491802436
H0456,2025-01,97%,72.55506353613785
H0457,2025-01,66%,99.14480883725929
H0458,2025-01,59%,63.86896163766914
H0459,2025-01,100%,96.11243199899405
H0460,2025-01,85%,80.70092145711222
H0461,2025-01,88%,86.27330850245723
H0462,2025-01,80%,94.30318237033944
H0463,2025-01,87%,88.09488928969972
H0464,2025-01,65%,74.87562289908536
H0465,2025-01,71%,85.72511995181793
H0466,2025-01,84%,99.48520089575445
H0467,2025-01,55%,
H0468,2025-01,78%,
H0469,2025-01,79%,85.50638656824573
H0470,2025-01,78%,75.87446840645887
H0471,2025-01,76%,71.81318592608937
H0472,2025-01,69%,77.3049031917612
H0473,2025-01,61%,61.75894536071689
H0474,2025-01,84%,77.08018823611656
H0475,2025-01,80%,79.19292163050652
H0476,2025-01,66%,69.74647552915378
H0477,2025-01,83%,88.22152427618676
H0478,2025-01,78%,78.13141027667736
H0479,2025-01,75%,72.58802224715836
H0480,2025-01,57%,77.63702302493455
H0481,2025-01,91%,85.23132640537273
H0482,2025-01,69%,82.78362426122298
H0483,2025-01,83%,74.04902738988861
H0484,2025-01,73%,82.60227070423844
H0485,2025-01,77%,79.49388163613878
H0486,2025-01,94%,67.14538502111289
H0487,2025-01,88%,77.27136623870557
H0488,2025-01,96%,86.6175590222568
H0489,2025-01,85%,
H0490,2025-01,86%,77.61204172931018
H0491,2025-01,61%,87.20172861951296
H0492,2025-01,77%,69.04182171914694
H0493,2025-01,79%,70.12448585045084
H0494,2025-01,99%,79.93005079306583
H0495,2025-01,75%,94.1076893081009
H0496,2025-01,85%,82.26223237949907
H0497,2025-01,84%,76.83309921694956
H0498,2025-01,96%,95.82164120715095
H0499,2025-01,81%,
H0500,2025-01,92%,100.0
H0501,2025-01,62%,75.54722165749723
H0502,2025-01,61%,68.95598568676286
H0503,2025-01,55%,79.15389822567204
H0504,2025-01,90%,76.81258369336102
H0505,2025-01,90%,72.08264739599726
H0506,2025-01,93%,100.0
H0507,2025-01,75%,84.83981004838206
H0508,2025-01,75%,84.86195237728218
H0509,2025-01,80%,74.69147364516675
H0510,2025-01,99%,74.463908245081
H0511,2025-01,100%,92.20729204074756
H0512,2025-01,91%,63.34467489879196
H0513,2025-01,88%,70.73637543963383
H0514,2025-01,99%,78.7724705845998
H0515,2025-01,79%,93.70849649862186
H0516,2025-01,79%,78.27875012467842
H0517,2025-01,81%,85.15633020330291
H0518,2025-01,70%,80.5006294560951
H0519,2025-01,80%,93.74404036943885
H0520,2025-01,69%,65.37888213475074
H0521,2025-01,93%,86.64467712260671
H0522,2025-01,88%,77.71118979191228
H0523,2025-01,100%,90.61157744027102
H0524,2025-01,61%,70.92619854713989
H0525,2025-01,100%,
H0526,2025-01,64%,80.17610395852313
H0527,2025-01,67%,69.55798942306171
H0528,2025-01,74%,67.46012984118478
H0529,2025-01,95%,72.03882113411889
H0530,2025-01,85%,82.54933580557667
H0531,2025-01,78%,72.1498351967919
H0532,2025-01,72%,
H0533,2025-01,66%,61.93474331677826
H0534,2025-01,95%,76.00229316031235
H0535,2025-01,92%,91.37920880118801
H0536,2025-01,99%,88.04136474611325
H0537,2025-01,85%,77.61483240846945
H0538,2025-01,50%,82.84489769128238
H0539,2025-01,69%,
H0540,2025-01,86%,94.57972483481643
H0541,2025-01,77%,100.0
H0542,2025-01,75%,81.30045186371662
H0543,2025-01,70%,100.0
H0544,2025-01,94%,73.75000118407878
H0545,2025-01,88%,68.34018629347959
H0546,2025-01,89%,73.8682380058378
H0547,2025-01,73%,
H0548,2025-01,86%,100.0
H0549,2025-01,65%,76.10207324657968
H0550,2025-01,81%,72.18985040243744
H0551,2025-01,51%,70.66268849721297
H0552,2025-01,63%,
H0553,2025-01,79%,91.0858169010216
H0554,2025-01,100%,75.31877315484846
H0555,2025-01,61%,62.141202547723644
H0556,2025-01,68%,70.42060875252355
H0558,2025-01,100%,87.32576558882185
H0559,2025-01,84%,80.95512474335123
H0561,2025-01,78%,100.0
H0562,2025-01,77%,
H0563,2025-01,83%,80.20797777681929
H0564,2025-01,75%,75.72711852648257
H0565,2025-01,91%,77.83732084993325
H0566,2025-01,63%,65.84826250335698
H0567,2025-01,94%,67.43429062820182
H0568,2025-01,84%,64.45069933805223
H0569,2025-01,79%,91.17654557290446
H0570,2025-01,62%,64.88806937810203
H0571,2025-01,70%,100.0
H0572,2025-01,96%,72.3144168279635
H0574,2025-01,85%,76.80811933380431
H0575,2025-01,71%,64.1640178778849
H0576,2025-01,81%,92.90422101826991
H0577,2025-01,66%,94.81599633384657
H0578,2025-01,83%,71.56411606613207
H0579,2025-01,86%,76.51895216168374
H0580,2025-01,86%,71.70614440979398
H0581,2025-01,72%,79.62889459879577
H0582,2025-01,78%,81.63418768370914
H0583,2025-01,88%,76.52935165875827
H0584,2025-01,79%,61.5299575131321
H0585,2025-01,78%,74.27865375485268
H0586,2025-01,100%,
H0587,2025-01,72%,79.89178272514447
H0588,2025-01,96%,78.22420134528807
H0589,2025-01,69%,72.42287514883867
H0590,2025-01,91%,75.22887164585502
H0591,2025-01,90%,93.53061526592057
H0592,2025-01,75%,68.36105385087716
H0593,2025-01,68%,88.50285418056518
H0594,2025-01,58%,80.40384918652093
H0596,2025-01,89%,73.65037502195815
H0597,2025-01,69%,76.48550469239949
H0598,2025-01,83%,79.68614330451304
H0599,2025-01,64%,74.56327603136411
H0600,2025-01,79%,83.65007439588503
C0002,2025-01,80%,100.0
C0004,2025-01,68%,61.425941537048
C0005,2025-01,75%,92.88960664879151
C0006,2025-01,71%,78.52353232774104
C0007,2025-01,65%,98.94869053426953
C0008,2025-01,96%,95.81032175073297
C0009,2025-01,77%,75.10493463631711
C0010,2025-01,55%,87.31577299874291
C0011,2025-01,74%,74.43571302828714
C0012,2025-01,92%,79.28078057537216
C0013,2025-01,73%,86.76985432095361
C0014,2025-01,100%,91.41365063939273
C0015,2025-01,73%,90.86782492290622
C0016,2025-01,87%,80.08949333083643
C0017,2025-01,94%,100.0
C0018,2025-01,86%,75.54785632107263
C0019,2025-01,66%,64.72946796797214
C0020,2025-01,71%,66.72920758031906
C0021,2025-01,95%,93.9149972299345
C0022,2025-01,72%,79.3209921572111
C0023,2025-01,93%,81.50749699786607
C0024,2025-01,75%,72.79516651502186
C0025,2025-01,83%,75.59891634337046
C0026,2025-01,64%,71.37423180979951
C0027,2025-01,75%,85.04548863187757
C0028,2025-01,71%,79.31917536387793
C0029,2025-01,84%,84.33315881270283
C0030,2025-01,83%,83.13634808993223
C0031,2025-01,87%,75.93460111508278
C0032,2025-01,76%,65.46871065076367
C0033,2025-01,71%,65.6255276252399
C0035,2025-01,69%,94.9242843123681
C0036,2025-01,95%,94.23223272581113
C0037,2025-01,80%,73.20755641950527
C0038,2025-01,77%,79.58674641828789
C0039,2025-01,88%,72.28778526271448
C0040,2025-01,80%,66.62417894054809
C0041,2025-01,61%,73.32920499816278
C0042,2025-01,69%,93.0077154886951
C0043,2025-01,96%,89.86136574320345
C0044,2025-01,84%,71.82968121727473
C0045,2025-01,63%,78.25819143005995
C0046,2025-01,85%,86.93617152756319
C0047,2025-01,76%,75.51370747870203
C0048,2025-01,71%,81.08397788737825
C0051,2025-01,57%,
C0052,2025-01,71%,73.02968565170409
C0053,2025-01,82%,73.62350326701913
C0054,2025-01,100%,68.61401434032845
C0055,2025-01,88%,63.73396135689092
C0056,2025-01,72%,79.32625195810753
C0057,2025-01,100%,88.57211178574748
C0058,2025-01,67%,67.94001677326953
C0059,2025-01,84%,81.99374538826531
C0060,2025-01,87%,87.60593608830034
C0061,2025-01,71%,61.4818154619599
C0062,2025-01,90%,76.87354723699714
C0063,2025-01,77%,98.04931806812453
C0064,2025-01,92%,87.4346123525766
C0065,2025-01,60%,62.026382256474804
C0066,2025-01,86%,87.3533228667223
C0067,2025-01,76%,71.31554927815134
C0068,2025-01,95%,85.91239589558687
C0069,2025-01,83%,74.92562197053343
C0070,2025-01,98%,80.71643890187404
C0071,2025-01,89%,76.28451494527195
C0072,2025-01,80%,79.96051358975387
C0073,2025-01,90%,72.59690677606778
C0074,2025-01,90%,76.16733335130175
C0075,2025-01,87%,68.30359526030304
C0076,2025-01,54%,84.59088769857011
C0077,2025-01,69%,80.86135899618212
C0078,2025-01,98%,63.84513834619763
C0079,2025-01,68%,91.2978177550003
C0080,2025-01,93%,78.92432062223105
C0081,2025-01,91%,83.00280772027888
C0082,2025-01,75%,89.87148038390933
C0083,2025-01,59%,84.56857782635242
C0084,2025-01,75%,91.52322363860735
C0085,2025-01,100%,77.84656516135622
C0086,2025-01,72%,90.87089438463849
C0088,2025-01,70%,85.32528250325531
C0089,2025-01,96%,84.28953025266405
C0090,2025-01,79%,92.77162715305417
C0091,2025-01,77%,89.9395188215983
C0092,2025-01,112/100,76.14077590388945
C0093,2025-01,89%,73.6314364561685
C0094,2025-01,73%,81.86313072032266
C0095,2025-01,67%,72.09649522303486
C0096,2025-01,96%,69.5205873928228
C0097,2025-01,81%,57.69444974844463
C0098,2025-01,63%,64.8725479756683
C0099,2025-01,60%,99.31250540776324
C0100,2025-01,69%,74.79212812495722
C0101,2025-01,68%,100.0
C0102,2025-01,60%,
C0103,2025-01,71%,82.30876021475106
C0104,2025-01,71%,64.98976397285301
C0105,2025-01,77%,81.3759517935145
C0106,2025-01,100%,98.59428658559318
C0107,2025-01,79%,96.38799228462453
C0108,2025-01,79%,82.4491182268191
C0109,2025-01,87%,
C0110,2025-01,79%,71.14186305253051
C0111,2025-01,86%,71.01959126268157
C0112,2025-01,85%,92.71247789710164
C0113,2025-01,82%,95.05959505932412
C0114,2025-01,100%,82.46115491542069
C0115,2025-01,94%,78.4236631879385
C0116,2025-01,70%,97.32244850366568
C0117,2025-01,87%,71.29984995036187
C0118,2025-01,73%,81.14673463114711
C0119,2025-01,87%,84.77162969262302
C0120,2025-01,64%,70.60576078647158
C0122,2025-01,86%,73.41722704568541
C0123,2025-01,95%,95.5256704319704
C0124,2025-01,87%,98.01593918316794
C0125,2025-01,92%,81.41535289110153
C0126,2025-01,86%,77.53431790232423
C0127,2025-01,85%,75.66000774432052
C0128,2025-01,78%,82.88666192695892
C0129,2025-01,92%,75.50687533351227
C0130,2025-01,93%,77.52978897310531
C0131,2025-01,83%,86.50655670235297
C0132,2025-01,82%,77.94789889319759
C0133,2025-01,100%,78.19423841580188
C0134,2025-01,81%,77.87198990440987
C0135,2025-01,84%,78.94791790959039
C0136,2025-01,88%,75.96935503325768
C0137,2025-01,81%,87.89396283902931
C0138,2025-01,73%,64.04291117019865
C0139,2025-01,85%,94.05692313103059
C0140,2025-01,81%,81.14372155669692
C0141,2025-01,100%,88.2564024723032
C0142,2025-01,92%,88.54494137747868
C0143,2025-01,74%,72.49522648622359
C0145,2025-01,86%,70.38786605107839
C0146,2025-01,98%,78.49805026522166
C0147,2025-01,77%,88.945290585414
C0148,2025-01,85%,74.95503833912336
C0149,2025-01,81%,86.60365599100994
C0150,2025-01,82%,56.4852448712077
C0151,2025-01,72%,
C0152,2025-01,90%,
C0153,2025-01,87%,
C0154,2025-01,96%,70.93297377654709
C0155,2025-01,81%,73.17441662753392
C0156,2025-01,78%,51.18569253221173
C0158,2025-01,72%,90.50022985966169
C0159,2025-01,97%,76.2266490750135
C0160,2025-01,95%,76.14562943544047
C0161,2025-01,97%,56.46366409541555
C0162,2025-01,88%,65.42953353162943
C0163,2025-01,77%,92.99297519386938
C0164,2025-01,85%,88.47098544505604
C0165,2025-01,87%,67.47520905607045
C0166,2025-01,75%,74.05760359315776
C0167,2025-01,99%,81.11265055217063
C0168,2025-01,91%,70.58776904303683
C0169,2025-01,72%,61.099013268263036
C0170,2025-01,100%,78.71263669877885
C0171,2025-01,84%,87.42641232679155
C0172,2025-01,68%,85.08037356494279
C0173,2025-01,72%,89.10561897631587
C0174,2025-01,98%,63.3511743151351
C0176,2025-01,94%,78.10379304267931
C0177,2025-01,98%,79.36249548856551
C0178,2025-01,97%,78.9277357516938
C0179,2025-01,89%,73.69929318028365
C0180,2025-01,86%,
C0181,2025-01,89%,92.90797565251765
C0182,2025-01,91%,83.7656519203254
C0183,2025-01,72%,64.5570289643274
C0184,2025-01,90%,84.72237556220466
C0185,2025-01,99%,75.24650542013818
C0186,2025-01,78%,74.5493622373805
C0187,2025-01,77%,71.5671030527977
C0188,2025-01,90%,87.85682369076179
C0189,2025-01,74%,72.25800123706865
C0190,2025-01,65%,67.97249014701492
C0191,2025-01,95%,91.41137523665668
C0192,2025-01,76%,78.08481969924759
C0193,2025-01,84%,81.00724973062381
C0194,2025-01,75%,
C0195,2025-01,99%,75.61052264765932
C0196,2025-01,93%,76.8694549670615
C0198,2025-01,68%,64.83771918319782
C0199,2025-01,78%,82.89288311742946
C0202,2025-01,84%,86.11972238236979
C0203,2025-01,84%,84.24181156733293
C0204,2025-01,91%,64.1614557889864
C0205,2025-01,82%,80.1274403944984
C0206,2025-01,88%,69.81883419453357
C0207,2025-01,70%,79.3862352223315
C0208,2025-01,100%,57.62742722126083
C0209,2025-01,79%,65.78789952099892
C0210,2025-01,85%,92.6580297955002
C0211,2025-01,89%,
C0212,2025-01,78%,78.17954364051117
C0213,2025-01,81%,70.30070405501789
C0214,2025-01,112/100,68.20525364850909
C0215,2025-01,73%,84.07759082076247
C0216,2025-01,86%,75.21152019232804
C0218,2025-01,100%,77.91776661921524
C0219,2025-01,91%,80.38431403807333
C0220,2025-01,91%,67.71047375855622
C0221,2025-01,62%,78.12053083346417
C0222,2025-01,72%,81.0936298045216
C0223,2025-01,100%,78.10479160660567
C0224,2025-01,100%,75.1910099785371
C0225,2025-01,95%,82.26193406564485
C0226,2025-01,95%,96.29742946325351
C0228,2025-01,74%,94.01284082938056
C0229,2025-01,94%,86.7283820875465
C0230,2025-01,69%,91.20696926078885
C0231,2025-01,67%,74.24056808142467
C0232,2025-01,67%,78.54588794612756
C0233,2025-01,94%,
C0234,2025-01,81%,86.02718716792947
C0235,2025-01,83%,88.16384079313924
C0236,2025-01,81%,81.15480441021938
C0237,2025-01,68%,88.25862280191255
C0238,2025-01,72%,72.86527488094012
C0239,2025-01,74%,89.07529968936053
C0240,2025-01,65%,90.26135511147086
C0241,2025-01,77%,88.48429685822174
C0242,2025-01,68%,80.27178919097659
C0243,2025-01,89%,87.58989617482227
C0244,2025-01,91%,72.6019550704731
C0245,2025-01,67%,83.32402924430109
C0247,2025-01,100%,66.90277518267115
C0248,2025-01,71%,86.27074203842217
C0249,2025-01,87%,68.00360396667293
C0250,2025-01,83%,75.83728635961899
C0251,2025-01,95%,81.0618733775938
C0252,2025-01,86%,73.55144251862129
C0253,2025-01,76%,80.7473558491341
C0254,2025-01,83%,81.66300880040464
C0255,2025-01,85%,74.46494636894192
C0256,2025-01,81%,85.98481403960588
C0257,2025-01,66%,72.0284570302096
C0258,2025-01,98%,100.0
C0259,2025-01,94%,78.53599481607023
C0260,2025-01,69%,67.80728389604268
C0261,2025-01,77%,68.74987619353665
C0262,2025-01,80%,92.51079515530147
C0263,2025-01,68%,76.61403260894136
C0264,2025-01,61%,68.18407218450997
C0265,2025-01,74%,88.74719449006972
C0266,2025-01,78%,76.92705264397807
C0267,2025-01,64%,86.54819946033543
C0268,2025-01,84%,
C0269,2025-01,96%,82.755846989435
C0270,2025-01,94%,
C0272,2025-01,61%,73.07053852049653
C0273,2025-01,91%,77.89723672345949
C0274,2025-01,83%,100.0
C0275,2025-01,86%,97.49385583512421
C0276,2025-01,100%,92.49005632144761
C0277,2025-01,70%,70.59216013903938
C0278,2025-01,49%,75.1684066428323
C0279,2025-01,70%,72.59192673151604
C0280,2025-01,87%,71.58569612427422
C0281,2025-01,82%,95.15516239503725
C0282,2025-01,67%,
C0283,2025-01,65%,79.09778930436298
C0284,2025-01,77%,87.22063339350183
C0285,2025-01,67%,63.96448288947277
C0286,2025-01,89%,81.29655587492968
C0287,2025-01,77%,68.94210236272494
C0288,2025-01,77%,79.89287468657399
C0290,2025-01,84%,72.86711244861755
C0291,2025-01,84%,84.48056254191931
C0292,2025-01,84%,82.65785015031756
C0293,2025-01,85%,79.6414862127064
C0294,2025-01,83%,85.90360595263985
C0295,2025-01,69%,70.77120144520325
C0296,2025-01,112/100,86.6778736424756
C0297,2025-01,78%,79.08599340817835
C0298,2025-01,100%,75.449489545196
C0299,2025-01,66%,73.12944746734834
C0300,2025-01,78%,78.57503757789833
C0301,2025-01,83%,98.84914290838049
C0302,2025-01,78%,79.61039507653345
C0303,2025-01,95%,68.63796829158362
C0304,2025-01,79%,90.43006823308663
C0305,2025-01,79%,75.17117000418601
C0306,2025-01,91%,82.29908418513446
C0307,2025-01,100%,73.69242083676353
C0308,2025-01,99%,92.95020619060735
C0309,2025-01,82%,76.4681856986643
C0310,2025-01,82%,94.95592902383413
C0311,2025-01,83%,70.52029333107072
C0312,2025-01,83%,77.07070796296964
C0313,2025-01,72%,95.06069747948553
C0314,2025-01,93%,81.83939701207656
C0315,2025-01,85%,100.0
C0316,2025-01,82%,77.82229715310785
C0317,2025-01,68%,
C0318,2025-01,84%,100.0
C0319,2025-01,60%,65.96147278116831
C0320,2025-01,76%,65.05738438069574
C0321,2025-01,75%,72.62657674938208
C0322,2025-01,85%,88.0970437793375
C0323,2025-01,100%,63.87295029059045
C0324,2025-01,89%,86.24036994569471
C0325,2025-01,100%,86.21637300755017
C0326,2025-01,91%,100.0
C0327,2025-01,96%,91.60484046451744
C0328,2025-01,100%,82.38239893655057
C0329,2025-01,73%,93.55868461194737
C0330,2025-01,71%,84.50160410471545
C0331,2025-01,90%,75.34382241664233
C0332,2025-01,82%,68.61933468644222
C0333,2025-01,85%,74.64201413642427
C0335,2025-01,75%,82.1469054979012
C0336,2025-01,100%,58.43995047300814
C0337,2025-01,67%,76.7164136162713
C0338,2025-01,92%,83.08542920184097
C0339,2025-01,87%,84.62902370353909
C0340,2025-01,64%,98.01835641903875
C0341,2025-01,72%,82.60759338577
C0342,2025-01,74%,70.92571924675885
C0343,2025-01,89%,62.61160042823462
C0344,2025-01,78%,87.26249627018095
C0346,2025-01,65%,89.60318664590741
C0347,2025-01,100%,93.12556898947155
C0348,2025-01,83%,64.7254384722775
C0349,2025-01,87%,84.56513211232684
C0350,2025-01,77%,94.53538450582649
C0351,2025-01,76%,92.17278663276123
C0352,2025-01,100%,61.355836570367195
C0353,2025-01,60%,73.29660742497146
C0354,2025-01,86%,68.41227732323509
C0355,2025-01,66%,83.7018880286778
C0356,2025-01,76%,83.07510571001183
C0357,2025-01,75%,53.96883171979283
C0359,2025-01,82%,87.42877418782476
C0360,2025-01,51%,81.31220904596452
C0362,2025-01,80%,75.36545120720814
C0363,2025-01,66%,70.65172555321152
C0364,2025-01,100%,80.42296408099769
C0365,2025-01,74%,79.9103502059215
C0366,2025-01,78%,85.51102811319636
C0367,2025-01,75%,87.32721660760716
C0368,2025-01,82%,81.95987740995099
C0369,2025-01,97%,90.77158323057004
C0370,2025-01,100%,77.99040165957014
C0371,2025-01,92%,66.73038380286332
C0372,2025-01,96%,85.83628129247003
C0373,2025-01,100%,82.90604231768157
C0374,2025-01,85%,85.443827496338
C0375,2025-01,100%,68.52223992254909
C0376,2025-01,91%,97.93002887333824
C0377,2025-01,83%,86.46304565974175
C0378,2025-01,85%,76.41730514677205
C0379,2025-01,60%,71.19771211686799
C0380,2025-01,87%,92.39413949248184
C0381,2025-01,63%,69.2928819769422
C0382,2025-01,62%,100.0
C0383,2025-01,84%,73.86352712338422
C0384,2025-01,69%,97.70128930198965
C0385,2025-01,83%,80.15529589526038
C0386,2025-01,84%,96.46911265219988
C0387,2025-01,85%,73.85371593645644
C0388,2025-01,73%,82.53634818749681
C0389,2025-01,94%,89.50340802663956
C0390,2025-01,81%,87.06770103523388
C0391,2025-01,87%,91.18482601252168
C0392,2025-01,67%,75.27547401674717
C0393,2025-01,79%,80.24155469600537
C0394,2025-01,96%,94.30392590550623
C0395,2025-01,95%,75.09832166688936
C0396,2025-01,72%,85.39681840359566
C0398,2025-01,71%,82.99516301227867
C0399,2025-01,73%,80.4297268399418
C0400,2025-01,67%,74.58639459030174
C0401,2025-01,81%,78.15488039512537
C0402,2025-01,89%,81.04428055627496
C0403,2025-01,72%,79.0303905386056
C0404,2025-01,81%,96.42399847004486
C0405,2025-01,78%,88.74408765058953
C0406,2025-01,95%,83.34629460332815
C0407,2025-01,76%,74.4843050336197
C0408,2025-01,76%,72.75742640990956
C0409,2025-01,70%,98.41470674440163
C0410,2025-01,69%,70.55414538088895
C0411,2025-01,87%,80.53886396312902
C0412,2025-01,81%,84.56998428001302
C0413,2025-01,82%,76.62960111836868
C0415,2025-01,99%,73.29400629201095
C0416,2025-01,64%,76.39843808288057
C0417,2025-01,89%,72.68995742334035
C0418,2025-01,84%,92.85472591065816
C0419,2025-01,77%,81.03563973098
C0420,2025-01,85%,73.7426604964582
C0421,2025-01,61%,81.33529477243842
C0422,2025-01,98%,85.26377957568856
C0423,2025-01,87%,76.17182941956275
C0424,2025-01,72%,89.56453956255882
C0425,2025-01,75%,67.4818794342926
C0426,2025-01,63%,93.44758316236366
C0427,2025-01,78%,79.82039143428432
C0428,2025-01,77%,80.38058104184157
C0429,2025-01,66%,73.74187513686421
C0430,2025-01,91%,68.02502726813657
C0431,2025-01,98%,64.00749089037753
C0432,2025-01,82%,72.9100594473929
C0433,2025-01,78%,
C0434,2025-01,86%,69.31241361495105
C0435,2025-01,82%,64.79919697965572
C0436,2025-01,69%,71.28983559936233
C0437,2025-01,76%,78.27133025813355
C0438,2025-01,77%,75.7840203915916
C0439,2025-01,84%,77.97311900192894
C0440,2025-01,83%,91.96018666557576
C0441,2025-01,85%,93.71774579949802
C0442,2025-01,62%,98.56258861375345
C0443,2025-01,90%,63.99976011910505
C0444,2025-01,80%,69.97479515209515
C0445,2025-01,100%,87.53700402565504
C0446,2025-01,79%,77.78048250185203
C0447,2025-01,88%,91.2930215422038
C0448,2025-01,100%,81.09507889742487
C0449,2025-01,84%,95.49841061656022
C0450,2025-01,82%,91.73998048209747
C0451,2025-01,112/100,91.94171099982762
C0452,2025-01,100%,76.78177482323825
C0453,2025-01,69%,
C0454,2025-01,89%,79.41998410434284
C0455,2025-01,77%,65.93249091590786
C0456,2025-01,80%,95.23378787085949
C0457,2025-01,63%,86.27647300529554
C0458,2025-01,99%,77.69787954623953
C0459,2025-01,77%,91.7280355090884
C0460,2025-01,66%,72.84363952119254
C0461,2025-01,97%,62.22484035891449
C0462,2025-01,76%,89.99527037779939
C0463,2025-01,87%,68.24868624861423
C0464,2025-01,91%,77.42570813329486
C0465,2025-01,88%,
C0466,2025-01,55%,84.04651058605515
C0467,2025-01,91%,
C0468,2025-01,79%,83.74715131592058
C0469,2025-01,78%,86.13846916143791
C0470,2025-01,80%,72.17498628592061
C0471,2025-01,62%,82.82631097338562
C0472,2025-01,84%,65.21510000624453
C0473,2025-01,65%,95.78738300484575
C0474,2025-01,78%,65.69960350731283
C0475,2025-01,83%,76.08992465152643
C0476,2025-01,96%,67.90222146263584
C0477,2025-01,73%,73.54286875070699
C0478,2025-01,99%,79.53063804598311
C0479,2025-01,93%,74.62405783801914
C0480,2025-01,78%,92.86363608623499
C0481,2025-01,71%,84.7504803756313
C0482,2025-01,64%,75.09966534887211
C0483,2025-01,86%,79.36246182538798
C0484,2025-01,74%,93.10562871107342
C0485,2025-01,96%,
C0486,2025-01,73%,68.41003744595677
C0487,2025-01,71%,72.90011153112683
C0488,2025-01,84%,84.51091437347692
C0489,2025-01,74%,84.15143055291455
C0490,2025-01,82%,69.63406226849912
C0491,2025-01,95%,88.95243896912704
C0492,2025-01,82%,70.18483649514356
C0493,2025-01,84%,93.57330037898448
C0494,2025-01,87%,88.22494561757449
C0495,2025-01,61%,68.5038296850705
C0496,2025-01,86%,74.07265854877055
C0497,2025-01,86%,76.91734021221751
C0498,2025-01,93%,81.77575979550964
C0499,2025-01,89%,78.36541030586078
C0500,2025-01,80%,69.71881461821539
C0501,2025-01,95%,67.09203025803009
C0502,2025-01,79%,86.6396518371557
C0503,2025-01,84%,81.75766025451169
C0504,2025-01,78%,80.947671466797
C0505,2025-01,89%,84.21526405892743
C0506,2025-01,78%,75.19566521480934
C0507,2025-01,100%,83.18614285780545
C0509,2025-01,92%,91.63330242422727
C0510,2025-01,100%,80.50533367289503
C0511,2025-01,65%,76.71338452992609
C0512,2025-01,64%,50.73122153835172
C0513,2025-01,78%,91.10209354595851
C0514,2025-01,82%,87.25470320058302
C0516,2025-01,63%,66.69467876153848
C0517,2025-01,97%,69.79780092631667
C0518,2025-01,100%,82.9624188879205
C0519,2025-01,97%,
C0520,2025-01,95%,
C0521,2025-01,84%,80.51013803817034
C0522,2025-01,73%,91.25159299994733
C0523,2025-01,82%,82.72045679189488
C0524,2025-01,100%,90.11782138799285
C0525,2025-01,77%,58.151671386044285
C0526,2025-01,77%,68.88144970751738
C0527,2025-01,94%,74.99534942215243
C0528,2025-01,95%,89.91442106080719
C0529,2025-01,72%,99.0866727790119
C0530,2025-01,80%,79.5991017797844
C0531,2025-01,76%,74.08678249892766
C0532,2025-01,83%,60.84371515596241
C0533,2025-01,96%,89.9291410550199
C0534,2025-01,71%,73.66776743838653
C0535,2025-01,94%,100.0
C0536,2025-01,83%,72.95279031526928
C0537,2025-01,100%,100.0
C0538,2025-01,86%,87.75302050375088
C0539,2025-01,81%,70.1325089605786
C0540,2025-01,89%,82.52749447161285
C0542,2025-01,60%,77.93569300032406
C0543,2025-01,78%,87.96354152742151
C0544,2025-01,80%,89.2026655543976
C0545,2025-01,63%,86.1726485555372
C0546,2025-01,83%,82.06681914713043
C0547,2025-01,56%,67.62875113529134
C0548,2025-01,77%,79.23537661723567
C0549,2025-01,84%,80.9652095254089
C0550,2025-01,82%,60.88101525270855
C0551,2025-01,78%,82.77053290840007
C0552,2025-01,80%,
C0553,2025-01,73%,67.37780209083927
C0554,2025-01,82%,76.86152775386988
C0555,2025-01,81%,75.03993048256231
C0556,2025-01,71%,99.76755855803653
C0557,2025-01,86%,83.96435376221099
C0558,2025-01,85%,90.40960864349576
C0559,2025-01,79%,77.72839236347848
C0560,2025-01,100%,62.59982673149851
C0561,2025-01,81%,87.51331652983309
C0562,2025-01,78%,73.62533813118151
C0563,2025-01,77%,77.09858290292627
C0564,2025-01,72%,71.26043262877688
C0565,2025-01,90%,80.8354966816454
C0566,2025-01,73%,90.43386766270191
C0567,2025-01,74%,88.04134608721711
C0568,2025-01,77%,97.70555982921259
C0569,2025-01,69%,96.0115406262491
C0570,2025-01,61%,60.014420728888
C0571,2025-01,75%,67.22253173248072
C0572,2025-01,91%,60.72565564965785
C0573,2025-01,86%,88.64080141440844
C0574,2025-01,100%,74.89446704584276
C0575,2025-01,90%,74.70186985968998
C0576,2025-01,87%,76.77729985765525
C0577,2025-01,100%,82.06327424688848
C0578,2025-01,80%,64.91882580667342
C0579,2025-01,83%,68.44776399782481
C0580,2025-01,82%,80.79146404801376
C0581,2025-01,100%,92.11791830710638
C0582,2025-01,83%,81.33030928745707
C0583,2025-01,75%,73.61217704479186
C0584,2025-01,90%,59.554497045207896
C0585,2025-01,72%,89.95850704183061
C0586,2025-01,88%,73.11337499140637
C0587,2025-01,87%,68.49526643723736
C0588,2025-01,80%,63.49078302953488
C0589,2025-01,90%,67.49735006167397
C0590,2025-01,63%,69.2531010022952
C0591,2025-01,83%,76.46716153831613
C0592,2025-01,76%,67.29081659896323
C0593,2025-01,100%,81.00375601109256
C0594,2025-01,84%,78.07706646832058
C0595,2025-01,75%,100.0
C0596,2025-01,67%,65.08194051128807
C0597,2025-01,99%,83.20008915253023
C0598,2025-01,78%,81.86071006845206
C0599,2025-01,74%,71.89821789163352
C0600,2025-01,86%,81.2742140260706
C0601,2025-01,89%,87.7083814059142
C0602,2025-01,90%,82.06486366170495
C0603,2025-01,82%,93.89331812822603
C0604,2025-01,83%,57.94878155325981
C0605,2025-01,85%,72.21254196271401
C0606,2025-01,87%,96.5718900757744
C0607,2025-01,88%,90.03279224985721
C0608,2025-01,95%,
C0609,2025-01,84%,94.61924909550505
C0610,2025-01,70%,59.27750963836419
C0611,2025-01,80%,87.87340752862612
C0612,2025-01,91%,90.5728285418738
C0613,2025-01,60%,72.81321267148897
C0614,2025-01,62%,100.0
C0615,2025-01,94%,83.19252131345023
C0616,2025-01,100%,57.718356880779176
C0618,2025-01,81%,71.2192331214411
C0619,2025-01,76%,91.0248544367796
C0620,2025-01,80%,87.51653511038595
C0621,2025-01,86%,74.81649135393985
C0622,2025-01,67%,95.66628530727276
C0623,2025-01,69%,90.36284779990919
C0624,2025-01,79%,72.71279601191189
C0625,2025-01,81%,
C0626,2025-01,68%,84.77872756043102
C0627,2025-01,91%,76.13297465213422
C0628,2025-01,76%,75.99681049111474
C0629,2025-01,76%,79.56127498099279
C0631,2025-01,81%,58.47644472100572
C0632,2025-01,91%,81.55461346049313
C0633,2025-01,71%,60.18694756576993
C0634,2025-01,65%,70.19855302426329
C0635,2025-01,79%,63.74481500780223
C0636,2025-01,85%,66.10516594637676
C0637,2025-01,67%,85.02893119755979
C0638,2025-01,65%,77.96491580340918
C0639,2025-01,85%,78.93678413136037
C0640,2025-01,74%,67.92552724169325
C0641,2025-01,65%,73.97464597495164
C0642,2025-01,95%,85.64147806597691
C0643,2025-01,74%,79.69123389023709
C0644,2025-01,96%,89.30989803753305
C0645,2025-01,82%,89.33562193767216
C0646,2025-01,85%,77.70463091534415
C0647,2025-01,78%,60.81695045125945
C0648,2025-01,51%,73.23460521593353
C0649,2025-01,67%,78.11764893420242
C0650,2025-01,80%,72.53387093430837
C0651,2025-01,88%,71.65516134578247
C0652,2025-01,61%,81.27831476934142
C0653,2025-01,82%,100.0
C0654,2025-01,67%,74.28185380219838
C0655,2025-01,85%,81.0171514034591
C0656,2025-01,81%,66.30808745172322
C0657,2025-01,91%,92.8574701998421
C0658,2025-01,94%,88.18476353965576
C0659,2025-01,88%,88.7963199132133
C0660,2025-01,92%,93.36875311732756
C0661,2025-01,78%,76.5063915966639
C0662,2025-01,100%,75.97077674953802
C0663,2025-01,68%,98.57375279179391
C0664,2025-01,76%,86.97659919915975
C0665,2025-01,93%,57.978239154091774
C0666,2025-01,92%,86.2321101395092
C0667,2025-01,90%,76.56395573070625
C0668,2025-01,89%,88.70492186773447
C0669,2025-01,56%,83.7970235701703
C0670,2025-01,100%,62.91623883377573
C0671,2025-01,79%,82.003026936027
C0672,2025-01,97%,82.96431926854609
C0673,2025-01,57%,83.87305726646743
C0674,2025-01,112/100,85.91276188049416
C0675,2025-01,77%,96.76861392240085
C0676,2025-01,91%,86.74546890633715
C0677,2025-01,87%,81.64062022592903
C0678,2025-01,87%,92.67263445631127
C0679,2025-01,70%,
C0680,2025-01,82%,89.85572136199406
C0681,2025-01,79%,81.77490679098543
C0682,2025-01,88%,84.28929906315663
C0683,2025-01,94%,82.67088089925547
C0684,2025-01,84%,80.42378012007912
C0685,2025-01,65%,100.0
C0686,2025-01,82%,71.28175310882848
C0687,2025-01,100%,90.82576796548511
C0688,2025-01,100%,79.27858197187552
C0689,2025-01,45%,64.66006380785393
C0690,2025-01,83%,78.56554975854424
C0691,2025-01,93%,74.3621662120908
C0692,2025-01,80%,85.88699703003445
C0693,2025-01,75%,79.93028860085316
C0694,2025-01,79%,70.70426686727119
C0695,2025-01,90%,96.44226753444069
C0696,2025-01,68%,91.31945343755339
C0697,2025-01,97%,96.58263347325932
C0698,2025-01,82%,83.77412667819343
C0699,2025-01,72%,81.2957821643745
C0700,2025-01,95%,86.98205442065938
C0701,2025-01,64%,74.9714958422613
C0702,2025-01,75%,81.1267985073895
C0703,2025-01,75%,78.274197379582
C0704,2025-01,100%,66.55325717496908
C0705,2025-01,73%,81.21041192886982
C0706,2025-01,55%,74.4388770489256
C0707,2025-01,74%,76.79325289400079
C0708,2025-01,87%,83.4828613239545
C0709,2025-01,92%,93.87807500294899
C0710,2025-01,100%,71.03633335287802
C0711,2025-01,98%,76.45811738742758
C0712,2025-01,84%,72.35615447507082
C0713,2025-01,72%,72.34304248353396
C0714,2025-01,100%,75.25791752737821
C0715,2025-01,79%,79.6228066399277
C0716,2025-01,73%,85.40168433667091
C0717,2025-01,77%,83.60497135501922
C0718,2025-01,68%,71.00074233832902
C0719,2025-01,77%,93.56828233161998
C0720,2025-01,79%,89.95348762085264
C0721,2025-01,91%,71.40146992352145
C0722,2025-01,77%,92.12532751452912
C0723,2025-01,112/100,
C0724,2025-01,63%,79.21434884565521
C0725,2025-01,85%,84.35870302635297
C0726,2025-01,82%,79.2184180541482
C0727,2025-01,75%,85.55048872123584
C0728,2025-01,76%,82.15292059281607
C0729,2025-01,87%,77.27117747284468
C0730,2025-01,99%,60.964165234557925
C0731,2025-01,72%,85.15944635016311
C0732,2025-01,81%,74.51768152711799
C0733,2025-01,93%,87.57037872472323
C0734,2025-01,72%,84.65561589146388
C0735,2025-01,81%,76.35993232246618
C0736,2025-01,82%,91.28013590219786
C0737,2025-01,66%,82.39225192851387
C0738,2025-01,83%,80.96146909395331
C0739,2025-01,80%,76.5675023676627
C0740,2025-01,88%,96.42525128944388
C0741,2025-01,68%,73.8426871723664
C0742,2025-01,81%,76.34057219963208
C0743,2025-01,99%,68.43956010060253
C0744,2025-01,100%,87.88998626544452
C0745,2025-01,97%,74.1984596141091
C0746,2025-01,67%,74.97427213151109
C0747,2025-01,88%,75.58079972287047
C0748,2025-01,76%,80.57200560855027
C0749,2025-01,84%,66.82233622344133
C0750,2025-01,72%,57.526035857314284
C0751,2025-01,61%,84.19722821362804
C0752,2025-01,78%,59.40549852318581
C0753,2025-01,93%,91.57431263072196
C0754,2025-01,86%,96.91271746191737
C0756,2025-01,85%,93.36250625682605
C0757,2025-01,87%,80.14244107472312
C0758,2025-01,87%,
C0759,2025-01,79%,75.82158720694966
C0760,2025-01,84%,58.26081984251122
C0761,2025-01,100%,79.49681773792429
C0762,2025-01,83%,96.87049244671469
C0763,2025-01,83%,85.74468736263523
C0764,2025-01,84%,76.25839026039036
C0765,2025-01,78%,
C0766,2025-01,78%,91.09606587275431
C0767,2025-01,85%,80.1530424885552
C0768,2025-01,77%,100.0
C0769,2025-01,79%,74.24348743712942
C0770,2025-01,74%,92.2879898001888
C0771,2025-01,85%,90.03032044820202
C0772,2025-01,89%,72.98469776910694
C0773,2025-01,79%,76.14585102327135
C0774,2025-01,58%,90.57104316463146
C0775,2025-01,88%,80.91293552741905
C0776,2025-01,85%,85.08200144246102
C0777,2025-01,69%,62.97768100115455
C0778,2025-01,90%,86.0512437204141
C0780,2025-01,95%,80.07138619542764
C0781,2025-01,80%,83.0250094939616
C0782,2025-01,55%,76.6229691442617
C0783,2025-01,83%,73.54386557727284
C0784,2025-01,77%,78.10527714978733
C0785,2025-01,74%,74.54797993559302
C0786,2025-01,74%,100.0
C0787,2025-01,81%,89.65377933262431
C0788,2025-01,77%,71.52736176355731
C0789,2025-01,60%,100.0
C0790,2025-01,98%,76.71711505512974
C0791,2025-01,79%,80.08988486187752
C0792,2025-01,72%,88.18169235134168
C0793,2025-01,70%,62.36334111869141
C0794,2025-01,92%,78.31952078641658
C0795,2025-01,66%,74.49598578996891
C0796,2025-01,84%,83.27588742375437
C0797,2025-01,74%,82.84985387405844
C0798,2025-01,75%,78.71839692593254
C0799,2025-01,69%,79.7883386422715
C0800,2025-01,74%,90.766590034183
H0001,2025-02,87%,
H0002,2025-02,82%,89.55748625937562
H0003,2025-02,75%,69.26346477458746
H0004,2025-02,55%,73.2412619041111
H0005,2025-02,80%,88.53376909986238
H0006,2025-02,78%,70.51554281602688
H0007,2025-02,86%,76.90359885415111
H0008,2025-02,100%,62.363772069838504
H0009,2025-02,91%,68.6572775864316
H0010,2025-02,92%,92.31930888774664
H0011,2025-02,77%,80.307451943165
H0012,2025-02,66%,74.14795966258367
H0013,2025-02,79%,75.56594065475191
H0014,2025-02,74%,98.84823418928615
H0015,2025-02,81%,73.40549666355084
H0016,2025-02,77%,86.15481953254857
H0017,2025-02,62%,89.04311368237774
H0018,2025-02,99%,96.51487807277076
H0019,2025-02,81%,
H0020,2025-02,78%,66.21103696235141
H0021,2025-02,68%,68.89786965886466
H0022,2025-02,76%,87.9191561287346
H0023,2025-02,71%,99.82161180073527
H0024,2025-02,66%,86.62526766601046
H0026,2025-02,77%,92.93244245044613
H0027,2025-02,91%,75.36141254331017
H0028,2025-02,80%,74.8663992096462
H0029,2025-02,84%,77.87326942952728
H0030,2025-02,83%,74.18464913966662
H0031,2025-02,86%,72.62969669872157
H0032,2025-02,72%,92.65405621860243
H0033,2025-02,94%,76.33812078420205
H0034,2025-02,67%,63.59557759374391
H0035,2025-02,81%,85.03987918491342
H0036,2025-02,68%,
H0037,2025-02,81%,71.40664652892208
H0038,2025-02,92%,86.79440751079473
H0039,2025-02,90%,74.13466207386583
H0040,2025-02,94%,75.04560764707568
H0041,2025-02,79%,
H0042,2025-02,93%,77.98931300700794
H0043,2025-02,73%,75.49106567557168
H0044,2025-02,77%,57.10817808856714
H0045,2025-02,83%,78.20843076476311
H0046,2025-02,92%,95.99158327378215
H0047,2025-02,75%,86.20809799706427
H0048,2025-02,91%,77.21850786910046
H0049,2025-02,84%,83.85376465716391
H0050,2025-02,87%,87.58047544287113
H0051,2025-02,72%,72.5892249001925
H0052,2025-02,78%,93.65005722291116
H0053,2025-02,81%,
H0054,2025-02,86%,76.78329688096606
H0055,2025-02,72%,95.91997958378995
H0056,2025-02,66%,58.97086124956251
H0057,2025-02,56%,68.47921810456137
H0058,2025-02,90%,85.82331926966373
H0059,2025-02,93%,87.18312447726129
H0060,2025-02,58%,97.06261475691116
H0061,2025-02,82%,56.879133048940105
H0062,2025-02,76%,87.55538448367098
H0063,2025-02,95%,
H0064,2025-02,79%,84.5366630300414
H0065,2025-02,89%,80.29099790211271
H0066,2025-02,77%,88.8884320414245
H0067,2025-02,73%,77.2342732055491
H0068,2025-02,91%,90.06850345453753
H0069,2025-02,96%,73.14695460531445
H0070,2025-02,65%,
H0071,2025-02,96%,83.14112291380137
H0072,2025-02,69%,96.11133633703984
H0073,2025-02,52%,86.53342959734275
H0074,2025-02,84%,84.46361166775941
H0075,2025-02,88%,86.71109348383814
H0076,2025-02,64%,91.86759057226276
H0077,2025-02,59%,84.92605915410745
H0078,2025-02,75%,69.34531903330513
H0079,2025-02,74%,86.60147804162048
H0080,2025-02,98%,79.1063090799412
H0081,2025-02,82%,76.7241773034354
H0082,2025-02,91%,72.35286920217662
H0083,2025-02,83%,84.69245360524654
H0084,2025-02,100%,86.5816054608243
H0085,2025-02,71%,70.91278085582508
H0086,2025-02,81%,69.32133231333897
H0087,2025-02,63%,99.0999698331769
H0088,2025-02,91%,88.25184520151424
H0089,2025-02,96%,82.43439813964558
H0090,2025-02,92%,86.31639018090709
H0091,2025-02,80%,75.5031039625918
H0092,2025-02,64%,78.80630260174637
H0093,2025-02,81%,80.39414355703445
H0094,2025-02,73%,89.15131684480535
H0095,2025-02,94%,67.04211379066696
H0096,2025-02,77%,70.3496585590378
H0097,2025-02,76%,67.46648381752684
H0098,2025-02,100%,91.4399258696436
H0099,2025-02,93%,81.41869697229687
H0100,2025-02,95%,70.88614845745687
H0101,2025-02,75%,77.5692408720278
H0102,2025-02,68%,73.49974757771162
H0103,2025-02,95%,66.47215126880012
H0104,2025-02,100%,92.65993025461763
H0105,2025-02,67%,78.99598005396167
H0106,2025-02,74%,91.75539363346755
H0107,2025-02,71%,65.96715370547444
H0108,2025-02,89%,87.04159059501276
H0109,2025-02,96%,67.29552940371258
H0110,2025-02,77%,100.0
H0111,2025-02,78%,63.07400502465451
H0112,2025-02,60%,100.0
H0113,2025-02,71%,81.03694755112399
H0114,2025-02,100%,78.15074988662151
H0115,2025-02,90%,
H0116,2025-02,93%,70.81634479126096
H0117,2025-02,77%,87.03546433726166
H0118,2025-02,79%,89.21557708565696
H0119,2025-02,82%,80.38861474449895
H0120,2025-02,85%,81.95585076127074
H0121,2025-02,97%,98.40640836465701
H0122,2025-02,74%,86.65549792275317
H0123,2025-02,81%,73.41166573100959
H0124,2025-02,71%,86.50725749820664
H0125,2025-02,59%,75.8325355945266
H0126,2025-02,93%,72.52788028067302
H0127,2025-02,100%,86.35841851328115
H0128,2025-02,92%,71.56492267044948
H0129,2025-02,84%,80.3872852036791
H0130,2025-02,100%,85.8411838450206
H0131,2025-02,88%,100.0
H0132,2025-02,92%,87.36450038085775
H0133,2025-02,85%,67.08350593686188
H0135,2025-02,80%,97.25851811506959
H0136,2025-02,91%,73.05606802212344
H0137,2025-02,69%,65.49178194919973
H0138,2025-02,87%,70.25853319586781
H0139,2025-02,72%,88.11931868763305
H0140,2025-02,88%,81.44881331219982
H0141,2025-02,100%,87.95785923972845
H0142,2025-02,91%,80.8007612402326
H0143,2025-02,96%,
H0144,2025-02,93%,62.85133857040284
H0145,2025-02,54%,71.65348201237356
H0146,2025-02,82%,83.12990632246522
H0147,2025-02,112/100,68.43789984553248
H0149,2025-02,77%,68.9818074681058
H0150,2025-02,81%,64.13930516087913
H0151,2025-02,66%,79.47107424720531
H0152,2025-02,70%,87.9122707920508
H0153,2025-02,99%,96.00745514757088
H0154,2025-02,39%,63.81995613836189
H0155,2025-02,85%,94.60474920733002
H0156,2025-02,95%,
H0157,2025-02,83%,75.10160630178912
H0158,2025-02,98%,86.35070635288939
H0159,2025-02,76%,93.51736486200734
H0160,2025-02,71%,63.588501133127636
H0161,2025-02,84%,78.23308533743004
H0163,2025-02,77%,88.93615593458085
H0164,2025-02,81%,96.19312589458094
H0165,2025-02,73%,81.22491761651371
H0166,2025-02,72%,
H0167,2025-02,69%,84.96781313345664
H0168,2025-02,86%,76.99791614632689
H0169,2025-02,72%,60.41844983971871
H0170,2025-02,66%,84.84223140154602
H0171,2025-02,70%,91.36905848405222
H0173,2025-02,92%,70.60100990045598
H0174,2025-02,91%,86.33424279253532
H0175,2025-02,84%,
H0176,2025-02,91%,100.0
H0177,2025-02,82%,85.3922223780637
H0178,2025-02,87%,89.37473024785827
H0179,2025-02,86%,69.15803289888106
H0180,2025-02,74%,69.45694203366476
H0181,2025-02,68%,89.0486356504378
H0182,2025-02,98%,60.2177037185197
H0183,2025-02,84%,82.3366800515118
H0184,2025-02,95%,95.08566810276446
H0185,2025-02,68%,86.51684304675724
H0186,2025-02,76%,86.65862602285563
H0187,2025-02,64%,78.70385313329702
H0188,2025-02,91%,77.35789961097541
H0190,2025-02,77%,94.17661049823192
H0191,2025-02,100%,87.78090980829215
H0192,2025-02,91%,82.20522572385082
H0193,2025-02,90%,74.67829579103973
H0194,2025-02,68%,91.4026848884795
H0195,2025-02,59%,77.06644093863868
H0196,2025-02,96%,83.27421937576229
H0197,2025-02,54%,85.7153575702591
H0198,2025-02,76%,82.51596454002429
H0199,2025-02,74%,97.30236091394544
H0200,2025-02,71%,67.1029002588455
H0201,2025-02,77%,81.2764182608189
H0202,2025-02,69%,100.0
H0203,2025-02,67%,88.69485736475305
H0204,2025-02,85%,78.79348742749778
H0205,2025-02,97%,90.5108289491083
H0206,2025-02,61%,79.90173931885312
H0207,2025-02,85%,96.27503669837648
H0208,2025-02,88%,87.6923114235495
H0209,2025-02,89%,73.45495889076571
H0210,2025-02,81%,84.13105998916164
H0211,2025-02,74%,83.6608908773638
H0212,2025-02,91%,84.74893041938599
H0213,2025-02,87%,84.17088852208887
H0214,2025-02,60%,86.40676217851576
H0215,2025-02,79%,83.9587533975086
H0216,2025-02,83%,73.44537414880749
H0217,2025-02,69%,76.4089983775153
H0218,2025-02,81%,80.46601550571384
H0219,2025-02,86%,79.22783263962172
H0220,2025-02,72%,77.74118052099801
H0221,2025-02,86%,92.30068623079634
H0222,2025-02,70%,70.32273243806816
H0223,2025-02,67%,62.83346555990843
H0224,2025-02,89%,99.67343599475605
H0225,2025-02,97%,73.27362908534214
H0226,2025-02,68%,91.27801169554373
H0227,2025-02,95%,88.71261219818707
H0228,2025-02,80%,70.00787953090719
H0229,2025-02,56%,80.05254396606395
H0230,2025-02,67%,80.43150394744042
H0231,2025-02,89%,83.49546814518418
H0232,2025-02,62%,72.32257648405346
H0233,2025-02,75%,79.2507322242632
H0234,2025-02,81%,80.29475103025975
H0235,2025-02,88%,92.26888943646532
H0236,2025-02,84%,76.1352646557027
H0237,2025-02,99%,68.63822030747015
H0238,2025-02,73%,75.51742216831397
H0239,2025-02,84%,
H0240,2025-02,89%,64.69319008802827
H0241,2025-02,89%,90.75197937363721
H0242,2025-02,93%,79.22020292504583
H0243,2025-02,78%,85.62483205738582
H0244,2025-02,90%,83.17832590199173
H0245,2025-02,72%,74.52730555847957
H0246,2025-02,80%,68.57918704378275
H0247,2025-02,87%,72.64225402369524
H0248,2025-02,95%,67.11111495216831
H0249,2025-02,88%,83.0168897208874
H0250,2025-02,83%,78.8524850705227
H0251,2025-02,80%,64.26885786938698
H0252,2025-02,89%,74.16050584382222
H0253,2025-02,100%,85.81427972020761
H0255,2025-02,87%,68.15566013947688
H0256,2025-02,65%,100.0
H0257,2025-02,71%,
H0258,2025-02,79%,64.63727650285695
H0259,2025-02,95%,100.0
H0260,2025-02,70%,69.09695048670098
H0261,2025-02,90%,95.75720955574016
H0262,2025-02,83%,
H0263,2025-02,86%,77.69341774503
H0264,2025-02,79%,66.96981536758092
H0265,2025-02,75%,93.55387312104297
H0266,2025-02,71%,92.74271776350042
H0267,2025-02,90%,74.8125442384028
H0268,2025-02,81%,79.04721857250168
H0269,2025-02,69%,87.45066103499225
H0270,2025-02,84%,75.47563445005439
H0271,2025-02,100%,94.90644921233903
H0272,2025-02,80%,80.32491544871452
H0273,2025-02,100%,76.18807040174381
H0274,2025-02,50%,63.61810098748632
H0275,2025-02,78%,66.3660852326303
H0276,2025-02,93%,85.6967171170538
H0277,2025-02,83%,83.90937782657309
H0278,2025-02,73%,87.6711042565983
H0279,2025-02,81%,73.60971476716006
H0280,2025-02,93%,62.858031286898715
H0281,2025-02,100%,75.8098857190832
H0282,2025-02,95%,100.0
H0283,2025-02,76%,70.7861572833382
H0284,2025-02,80%,80.5726771512888
H0285,2025-02,80%,56.77613153084112
H0286,2025-02,71%,74.53448944866913
H0287,2025-02,80%,
H0288,2025-02,77%,81.53942418198933
H0289,2025-02,68%,78.19454610880481
H0291,2025-02,87%,73.54006898915826
H0292,2025-02,76%,80.13555577038733
H0293,2025-02,84%,70.40457364265873
H0294,2025-02,71%,72.71310008405138
H0295,2025-02,74%,89.05687905496909
H0296,2025-02,91%,75.18086842425669
H0297,2025-02,87%,84.02302924154411
H0298,2025-02,75%,77.89595724814157
H0299,2025-02,85%,67.68919576410715
H0300,2025-02,81%,76.67240670319354
H0301,2025-02,70%,83.31238216362908
H0302,2025-02,81%,99.0016969525344
H0303,2025-02,86%,71.79337505006376
H0304,2025-02,85%,79.12746062499794
H0305,2025-02,62%,89.46899797485783
H0306,2025-02,83%,92.05550496396742
H0307,2025-02,83%,74.58478960036402
H0308,2025-02,59%,78.38647868259181
H0309,2025-02,74%,93.63778590656032
H0310,2025-02,88%,85.3225664724541
H0311,2025-02,99%,90.79850564397879
H0312,2025-02,61%,90.98864509590067
H0313,2025-02,94%,86.32868031273624
H0314,2025-02,60%,82.09220247188246
H0315,2025-02,98%,73.07432431837343
H0316,2025-02,82%,80.83787203657485
H0317,2025-02,73%,78.58027193760161
H0318,2025-02,85%,91.41421020985887
H0319,2025-02,72%,83.4436669316129
H0320,2025-02,88%,81.63545934188569
H0321,2025-02,81%,70.66032111050278
H0322,2025-02,36%,91.7767539420972
H0323,2025-02,73%,73.91980673439801
H0324,2025-02,84%,77.2655566921341
H0325,2025-02,94%,93.114462533904
H0326,2025-02,86%,89.62826844012682
H0327,2025-02,93%,70.07371962638973
H0328,2025-02,71%,69.2468399081745
H0329,2025-02,90%,77.38279321667414
H0330,2025-02,112/100,74.477444812364
H0331,2025-02,61%,64.64079473003649
H0332,2025-02,96%,73.2698476591637
H0333,2025-02,85%,52.298318329691156
H0334,2025-02,78%,89.25949253096162
H0335,2025-02,80%,90.10793699144111
H0336,2025-02,112/100,93.74193268426357
H0337,2025-02,91%,86.03255480408292
H0338,2025-02,85%,75.19106987796822
H0339,2025-02,88%,90.01525902850487
H0340,2025-02,82%,72.68004381650483
H0341,2025-02,85%,68.05106041871366
H0342,2025-02,76%,75.96754480491344
H0343,2025-02,95%,85.00013189670703
H0344,2025-02,89%,
H0345,2025-02,83%,68.59758323951417
H0346,2025-02,79%,75.05226429010229
H0347,2025-02,61%,84.66561380840137
H0348,2025-02,60%,80.50632589484334
H0349,2025-02,77%,100.0
H0350,2025-02,97%,78.8757260787531
H0351,2025-02,73%,
H0352,2025-02,75%,67.03458371902231
H0353,2025-02,70%,86.26418584248789
H0354,2025-02,66%,74.90289307890421
H0355,2025-02,71%,79.77378165004684
H0356,2025-02,85%,96.84355022161412
H0357,2025-02,76%,76.98179855806839
H0358,2025-02,76%,67.90340501057487
H0359,2025-02,75%,69.67150471464976
H0360,2025-02,85%,82.69184117314188
H0361,2025-02,88%,82.54299529173004
H0362,2025-02,61%,82.8311108124992
H0363,2025-02,73%,67.97094153227943
H0364,2025-02,83%,100.0
H0365,2025-02,86%,93.54526183916471
H0366,2025-02,85%,83.08387498347737
H0367,2025-02,91%,63.997787505426544
H0368,2025-02,65%,96.4880425743672
H0369,2025-02,89%,93.76030625264028
H0370,2025-02,100%,81.34179957158248
H0371,2025-02,81%,90.36891608500068
H0372,2025-02,83%,75.60686034332846
H0373,2025-02,88%,70.6321490630951
H0374,2025-02,77%,83.34311534124382
H0375,2025-02,71%,65.61490885070148
H0376,2025-02,84%,70.23592655769956
H0377,2025-02,61%,84.26769070057351
H0378,2025-02,88%,83.72608094215838
H0379,2025-02,88%,65.8523722998017
H0380,2025-02,63%,76.47738128976495
H0381,2025-02,85%,67.66005321277635
H0382,2025-02,78%,
H0384,2025-02,98%,90.09635024697798
H0385,2025-02,92%,78.19333343821381
H0386,2025-02,97%,78.2415053213094
H0387,2025-02,77%,75.52187759738631
H0388,2025-02,85%,62.79610275050826
H0389,2025-02,80%,80.00799513823092
H0390,2025-02,71%,86.5789590680416
H0391,2025-02,82%,81.76559223385205
H0392,2025-02,82%,88.77973723266774
H0393,2025-02,80%,88.75632683930334
H0394,2025-02,80%,100.0
H0395,2025-02,84%,70.06604300740752
H0396,2025-02,92%,81.54768115088787
H0397,2025-02,73%,81.87790327453274
H0398,2025-02,67%,77.47756312652025
H0399,2025-02,89%,
H0400,2025-02,92%,84.55430177622851
H0401,2025-02,87%,85.07722845188799
H0402,2025-02,68%,69.43394408441088
H0403,2025-02,79%,61.062491323634774
H0404,2025-02,86%,76.63474133485326
H0405,2025-02,70%,74.15993381625378
H0406,2025-02,73%,87.01188615219168
H0407,2025-02,81%,71.8398599059228
H0408,2025-02,96%,78.8721367497519
H0409,2025-02,85%,63.68652635612641
H0410,2025-02,74%,64.18072338955497
H0411,2025-02,79%,72.57200316780413
H0412,2025-02,73%,77.1969579424826
H0413,2025-02,77%,72.1086270018526
H0414,2025-02,91%,82.02895662196825
H0415,2025-02,59%,63.62933393832301
H0416,2025-02,98%,78.72931456725263
H0417,2025-02,100%,80.06022594574479
H0418,2025-02,84%,65.89511166016892
H0419,2025-02,73%,83.69948501076276
H0420,2025-02,95%,57.13837275465569
H0421,2025-02,84%,72.21221391773152
H0422,2025-02,77%,89.46082786546374
H0423,2025-02,72%,59.51454377537357
H0424,2025-02,78%,88.1849524392585
H0425,2025-02,84%,67.93578289645646
H0426,2025-02,92%,73.66544171532895
H0427,2025-02,86%,95.51178894221658
H0428,2025-02,86%,72.7268075331993
H0429,2025-02,79%,97.4882734736014
H0430,2025-02,91%,75.83797947980658
H0431,2025-02,78%,78.30333429093248
H0432,2025-02,100%,88.51982221336758
H0433,2025-02,74%,
H0434,2025-02,87%,81.76411710164784
H0435,2025-02,100%,75.78856953857048
H0436,2025-02,94%,64.33065399668502
H0437,2025-02,92%,66.25175925946002
H0438,2025-02,112/100,91.62910992627877
H0439,2025-02,83%,97.68159071997988
H0440,2025-02,79%,80.42315065212303
H0441,2025-02,76%,63.9434125107032
H0442,2025-02,64%,72.81650763421801
H0443,2025-02,90%,72.09753651099938
H0444,2025-02,64%,75.15502199330909
H0445,2025-02,90%,72.30351603274015
H0446,2025-02,78%,85.30760866746608
H0447,2025-02,71%,83.09636023450224
H0448,2025-02,99%,
H0449,2025-02,66%,
H0450,2025-02,74%,82.7607989963754
H0452,2025-02,84%,90.67628872107093
H0453,2025-02,74%,67.34846045546178
H0454,2025-02,100%,86.08783462898442
H0455,2025-02,66%,82.83557547543035
H0456,2025-02,100%,84.78556588239493
H0457,2025-02,69%,80.78080191758863
H0458,2025-02,100%,
H0459,2025-02,94%,70.42972221496541
H0460,2025-02,79%,69.24959104392104
H0461,2025-02,85%,72.5117761078051
H0462,2025-02,79%,79.41365969487268
H0463,2025-02,86%,82.80392873202659
H0464,2025-02,75%,77.34312493116238
H0465,2025-02,89%,88.76855164283205
H0466,2025-02,83%,79.44639566523188
H0467,2025-02,70%,79.05934419234244
H0468,2025-02,86%,65.32142417595155
H0469,2025-02,86%,98.31319413019332
H0470,2025-02,73%,79.60710714820517
H0471,2025-02,76%,95.86467459713015
H0472,2025-02,88%,73.470415864244
H0473,2025-02,96%,89.27337945700546
H0474,2025-02,80%,74.66541486319066
H0475,2025-02,94%,99.3029282158528
H0476,2025-02,97%,92.47716435620254
H0477,2025-02,97%,88.00669303418579
H0478,2025-02,86%,72.32670808248528
H0479,2025-02,71%,98.86954181869986
H0480,2025-02,93%,100.0
H0481,2025-02,79%,76.0908362042894
H0482,2025-02,88%,81.41335639183724
H0483,2025-02,73%,88.30884545591488
H0484,2025-02,76%,62.27570548742568
H0485,2025-02,74%,92.21078581168626
H0486,2025-02,112/100,90.12860495782425
H0487,2025-02,76%,75.81072580506854
H0488,2025-02,71%,59.843352574447735
H0489,2025-02,87%,81.63761383012739
H0490,2025-02,70%,69.73595714056508
H0491,2025-02,74%,64.19318588046707
H0492,2025-02,82%,83.95144886058378
H0493,2025-02,100%,93.37377477603518
H0494,2025-02,75%,79.79396682467697
H0495,2025-02,65%,91.7499923809654
H0496,2025-02,65%,85.46053889160933
H0497,2025-02,71%,66.47721537850866
H0498,2025-02,73%,73.35477580753516
H0499,2025-02,100%,92.15145503037631
H0500,2025-02,93%,74.05852309420142
H0501,2025-02,78%,88.11122654557568
H0502,2025-02,100%,75.33796748413785
H0503,2025-02,74%,87.43371150042523
H0504,2025-02,77%,84.60090619742078
H0505,2025-02,75%,76.95447736888926
H0506,2025-02,94%,87.23940922172194
H0507,2025-02,82%,59.73341355974662
H0508,2025-02,100%,69.02947429246308
H0509,2025-02,86%,74.74503403437862
H0510,2025-02,95%,94.78910253424846
H0511,2025-02,62%,67.72900956855257
H0512,2025-02,62%,80.1739494756433
H0513,2025-02,64%,
H0514,2025-02,78%,83.98635352246573
H0515,2025-02,64%,
H0516,2025-02,96%,73.0390009222314
H0517,2025-02,80%,77.87467461334207
H0518,2025-02,90%,91.37472268483302
H0519,2025-02,78%,75.29031596585344
H0520,2025-02,92%,58.52237536923988
H0521,2025-02,57%,83.40703592842819
H0522,2025-02,81%,95.40718638568242
H0523,2025-02,89%,70.55373589000234
H0524,2025-02,89%,94.10493569867648
H0525,2025-02,78%,85.63049674795505
H0526,2025-02,61%,68.01908618476358
H0527,2025-02,94%,73.6042371082761
H0528,2025-02,78%,73.96905156473794
H0529,2025-02,77%,81.14330576275287
H0530,2025-02,100%,78.69747646422142
H0531,2025-02,83%,91.80330403457306
H0532,2025-02,74%,87.48358247705579
H0533,2025-02,74%,63.59232188660693
H0534,2025-02,90%,65.97516629183777
H0535,2025-02,74%,89.0287526573854
H0536,2025-02,88%,75.47210323279454
H0537,2025-02,95%,77.92653013895257
H0538,2025-02,82%,86.83128770777117
H0539,2025-02,94%,89.5007363558607
H0540,2025-02,112/100,66.26569220689557
H0541,2025-02,74%,58.36141342537394
H0542,2025-02,62%,78.97200455472439
H0543,2025-02,85%,71.69406812185005
H0544,2025-02,85%,80.51339235969684
H0545,2025-02,96%,81.55903271159153
H0546,2025-02,92%,69.81739858106394
H0547,2025-02,100%,99.999304585441
H0548,2025-02,77%,82.73106748668361
H0549,2025-02,84%,72.52951144953896
H0550,2025-02,73%,80.85591316796418
H0551,2025-02,93%,85.20064431877509
H0552,2025-02,72%,74.86640598787312
H0553,2025-02,93%,100.0
H0554,2025-02,72%,63.82168088444225
H0555,2025-02,93%,67.48706183035539
H0556,2025-02,98%,66.35337015893491
H0558,2025-02,65%,83.97293746172593
H0559,2025-02,83%,75.28113196281927
H0561,2025-02,80%,86.61529950800778
H0562,2025-02,75%,75.50805493859745
H0563,2025-02,70%,82.36760771977035
H0564,2025-02,86%,78.1008889171172
H0565,2025-02,70%,76.07472163590938
H0566,2025-02,86%,74.60736758536258
H0567,2025-02,75%,82.26507896987681
H0568,2025-02,78%,93.26753725412911
H0569,2025-02,96%,67.93003485312998
H0570,2025-02,92%,74.46330786537942
H0571,2025-02,71%,82.89723183106344
H0572,2025-02,71%,97.0093350079498
H0574,2025-02,63%,70.39544315211712
H0575,2025-02,99%,70.58585705428845
H0576,2025-02,84%,90.42924060771196
H0577,2025-02,74%,76.57298256790233
H0578,2025-02,81%,67.37871890150613
H0579,2025-02,99%,91.06493137785264
H0580,2025-02,58%,85.15108243304162
H0581,2025-02,95%,69.35415487976847
H0582,2025-02,98%,68.29468106462272
H0583,2025-02,79%,59.649419220026
H0584,2025-02,80%,72.84521111388675
H0585,2025-02,83%,82.60451757824669
H0586,2025-02,91%,90.00674787547997
H0587,2025-02,75%,86.63831186170675
H0588,2025-02,82%,67.42409933406994
H0589,2025-02,82%,78.63950481997149
H0590,2025-02,90%,94.96324902034914
H0591,2025-02,100%,74.72601543993768
H0592,2025-02,73%,87.52426006848496
H0593,2025-02,84%,88.02698791787434
H0594,2025-02,74%,89.12306002260823
H0596,2025-02,70%,88.51636863526628
H0597,2025-02,63%,
H0598,2025-02,96%,
H0599,2025-02,85%,61.22301352810396
H0600,2025-02,83%,83.18559254248959
C0002,2025-02,81%,73.54105561955056
C0004,2025-02,80%,84.5637954097524
C0005,2025-02,85%,87.67913051052719
C0006,2025-02,76%,79.79159024271462
C0007,2025-02,73%,77.9853854783909
C0008,2025-02,77%,93.68376153488556
C0009,2025-02,92%,76.1459986351308
C0010,2025-02,83%,78.38433498773063
C0011,2025-02,62%,77.6958905106926
C0012,2025-02,90%,100.0
C0013,2025-02,89%,72.73596212515304
C0014,2025-02,85%,89.1927557745647
C0015,2025-02,100%,64.44737145024206
C0016,2025-02,81%,69.67886546128486
C0017,2025-02,88%,77.91395111436911
C0018,2025-02,88%,79.70838961095708
C0019,2025-02,94%,78.88111237157528
C0020,2025-02,80%,80.19156788435295
C0021,2025-02,75%,74.60375077565503
C0022,2025-02,93%,92.36598242349623
C0023,2025-02,93%,70.66129402466998
C0024,2025-02,97%,87.33802202251422
C0025,2025-02,87%,87.17442337375873
C0026,2025-02,63%,71.72902677667716
C0027,2025-02,82%,74.74653824307309
C0028,2025-02,83%,81.20479649360975
C0029,2025-02,96%,96.02573352243724
C0030,2025-02,95%,76.6114692146721
C0031,2025-02,89%,100.0
C0032,2025-02,56%,87.2764968106336
C0033,2025-02,73%,84.31301460554249
C0035,2025-02,78%,63.11382628006611
C0036,2025-02,85%,93.25534856369993
C0037,2025-02,99%,66.10220301733995
C0038,2025-02,91%,89.22150229017932
C0039,2025-02,70%,73.01993877943224
C0040,2025-02,71%,71.53052818071586
C0041,2025-02,70%,97.1067207501591
C0042,2025-02,80%,78.73385292301359
C0043,2025-02,93%,67.02921715840075
C0044,2025-02,95%,91.6792553535597
C0045,2025-02,77%,67.38411631997704
C0046,2025-02,81%,93.19745482592471
C0047,2025-02,100%,81.79961282621692
C0048,2025-02,63%,66.32547544651041
C0051,2025-02,78%,58.59418242650183
C0052,2025-02,82%,79.94885486192904
C0053,2025-02,86%,82.43323190452033
C0054,2025-02,80%,
C0055,2025-02,75%,79.80634002377496
C0056,2025-02,75%,89.19490154298354
C0057,2025-02,100%,85.58466590343923
C0058,2025-02,78%,82.48244327515255
C0059,2025-02,83%,76.74259007346515
C0060,2025-02,92%,82.61239944425454
C0061,2025-02,80%,74.6631528304774
C0062,2025-02,84%,71.4044197474235
C0063,2025-02,88%,69.48979877162478
C0064,2025-02,73%,80.7893841135629
C0065,2025-02,63%,71.50179283133221
C0066,2025-02,73%,78.20779449941952
C0067,2025-02,100%,92.4295891609028
C0068,2025-02,74%,76.7793868064525
C0069,2025-02,85%,83.58993251801951
C0070,2025-02,65%,76.72769069387819
C0071,2025-02,98%,93.77906184513785
C0072,2025-02,77%,95.88218100750815
C0073,2025-02,77%,76.14223883355294
C0074,2025-02,81%,88.02146270900727
C0075,2025-02,100%,100.0
C0076,2025-02,86%,67.74807146753422
C0077,2025-02,81%,90.80243725377964
C0078,2025-02,46%,61.94065362230114
C0079,2025-02,99%,80.99513462606185
C0080,2025-02,73%,78.02116565626194
C0081,2025-02,72%,63.699880156619244
C0082,2025-02,74%,92.1023889022861
C0083,2025-02,100%,82.1105604615468
C0084,2025-02,81%,70.86567238122882
C0085,2025-02,62%,81.23657420555601
C0086,2025-02,81%,90.49401874449313
C0088,2025-02,85%,47.96144242394075
C0089,2025-02,77%,79.04325715485815
C0090,2025-02,63%,73.00336564408722
C0091,2025-02,82%,95.05341588385205
C0092,2025-02,81%,76.12834200110179
C0093,2025-02,67%,83.82364544720474
C0094,2025-02,60%,80.01302814424905
C0095,2025-02,86%,
C0096,2025-02,78%,80.24361997772154
C0097,2025-02,78%,65.46736487369623
C0098,2025-02,90%,65.66751187594491
C0099,2025-02,59%,69.41481433858289
C0100,2025-02,83%,69.08585222311953
C0101,2025-02,90%,
C0102,2025-02,80%,76.66539625721208
C0103,2025-02,66%,84.19200567095349
C0104,2025-02,73%,63.03709911537918
C0105,2025-02,77%,78.73638209414105
C0106,2025-02,63%,75.21478343559421
C0107,2025-02,86%,81.62789196050913
C0108,2025-02,81%,81.65059682992356
C0109,2025-02,75%,82.3069778894611
C0110,2025-02,92%,69.03104740829019
C0111,2025-02,75%,80.3399084578464
C0112,2025-02,100%,75.38834364186114
C0113,2025-02,78%,93.22478883958699
C0114,2025-02,71%,82.01118807652378
C0115,2025-02,70%,79.87953888746001
C0116,2025-02,83%,67.86204084225785
C0117,2025-02,68%,
C0118,2025-02,87%,86.40178306640934
C0119,2025-02,77%,79.56371055700407
C0120,2025-02,77%,79.59995200366953
C0122,2025-02,94%,71.87994790106971
C0123,2025-02,77%,79.33885261940057
C0124,2025-02,83%,90.53668911109567
C0125,2025-02,88%,62.582505802594504
C0126,2025-02,69%,71.1688834496911
C0127,2025-02,90%,63.082233403076124
C0128,2025-02,92%,83.64420890865699
C0129,2025-02,92%,90.98836418365109
C0130,2025-02,68%,82.78066237342374
C0131,2025-02,71%,87.45437573210839
C0132,2025-02,83%,71.37281611827359
C0133,2025-02,81%,84.24296190033989
C0134,2025-02,83%,73.70931997880645
C0135,2025-02,79%,82.0979842448585
C0136,2025-02,84%,85.07986347956842
C0137,2025-02,52%,78.20084944719112
C0138,2025-02,91%,90.19812651369564
C0139,2025-02,100%,78.62399012184292
C0140,2025-02,76%,84.15144861208228
C0141,2025-02,84%,99.25501769712933
C0142,2025-02,100%,85.06479920868809
C0143,2025-02,81%,71.8962980352709
C0145,2025-02,100%,88.36136294897202
C0146,2025-02,100%,91.36575430135075
C0147,2025-02,70%,80.61239404470186
C0148,2025-02,77%,65.52225936622219
C0149,2025-02,92%,69.8177786352829
C0150,2025-02,88%,82.67840137590753
C0151,2025-02,92%,88.13803035384835
C0152,2025-02,51%,90.89282504091052
C0153,2025-02,60%,61.335050984008205
C0154,2025-02,100%,88.88083925939326
C0155,2025-02,91%,94.62793898076245
C0156,2025-02,88%,58.333432613747426
C0158,2025-02,77%,87.93363213640367
C0159,2025-02,90%,67.67631056988964
C0160,2025-02,64%,73.98856401109117
C0161,2025-02,73%,85.53056987627839
C0162,2025-02,112/100,75.20457414517263
C0163,2025-02,90%,77.62971348429951
C0164,2025-02,77%,84.34801397176454
C0165,2025-02,93%,68.25657534144395
C0166,2025-02,92%,68.68175364677884
C0167,2025-02,61%,85.15793994378586
C0168,2025-02,100%,91.2168489382434
C0169,2025-02,96%,
C0170,2025-02,85%,94.17591272908044
C0171,2025-02,80%,84.5472245211135
C0172,2025-02,91%,98.72424486410411
C0173,2025-02,88%,80.95049198960766
C0174,2025-02,79%,83.09516797100426
C0176,2025-02,57%,74.28010169344535
C0177,2025-02,75%,73.35936810773921
C0178,2025-02,87%,70.52918071957572
C0179,2025-02,81%,74.44250241071174
C0180,2025-02,89%,99.27664550229838
C0181,2025-02,65%,98.83244342383375
C0182,2025-02,78%,76.08121764298258
C0183,2025-02,95%,75.7035084932849
C0184,2025-02,64%,58.78216968317525
C0185,2025-02,79%,70.71423096620212
C0186,2025-02,75%,72.06992790972419
C0187,2025-02,86%,76.08185009083371
C0188,2025-02,87%,74.7527356515538
C0189,2025-02,84%,82.92121583891881
C0190,2025-02,76%,85.17170466655867
C0191,2025-02,85%,75.17758848608614
C0192,2025-02,81%,95.3666051476163
C0193,2025-02,83%,85.31421070738858
C0194,2025-02,100%,91.8791050250516
C0195,2025-02,67%,75.49559111559117
C0196,2025-02,87%,87.34476065644368
C0198,2025-02,100%,96.14379888431104
C0199,2025-02,82%,85.59098052631748
C0202,2025-02,65%,92.70824263437508
C0203,2025-02,74%,67.14556446304306
C0204,2025-02,88%,73.21743302582016
C0205,2025-02,99%,83.78855489148448
C0206,2025-02,96%,70.49276665157576
C0207,2025-02,81%,71.48342873890539
C0208,2025-02,90%,72.64510584250954
C0209,2025-02,92%,84.48614149824803
C0210,2025-02,100%,79.1200301928566
C0211,2025-02,75%,90.42178996095069
C0212,2025-02,100%,100.0
C0213,2025-02,69%,83.50119346998646
C0214,2025-02,95%,73.78295660940408
C0215,2025-02,74%,83.89663492084301
C0216,2025-02,72%,69.89364946150796
C0218,2025-02,72%,100.0
C0219,2025-02,86%,77.52442670694296
C0220,2025-02,99%,85.47098321346458
C0221,2025-02,57%,79.32788485128508
C0222,2025-02,78%,74.69657197765177
C0223,2025-02,70%,86.21698568049533
C0224,2025-02,92%,67.10540608303928
C0225,2025-02,98%,77.69588748643771
C0226,2025-02,80%,67.25232907907159
C0228,2025-02,62%,90.06646144633311
C0229,2025-02,100%,70.99564128927933
C0230,2025-02,99%,63.08114610518902
C0231,2025-02,57%,84.39093042809253
C0232,2025-02,91%,80.71803078821726
C0233,2025-02,68%,100.0
C0234,2025-02,75%,93.90006174416135
C0235,2025-02,67%,86.91713475863415
C0236,2025-02,56%,73.39005153897051
C0237,2025-02,81%,77.60399623585856
C0238,2025-02,100%,82.69956275997014
C0239,2025-02,71%,84.30097045403978
C0240,2025-02,92%,72.38531120466814
C0241,2025-02,96%,67.77554707510481
C0242,2025-02,90%,98.96586748547698
C0243,2025-02,100%,80.61651905057303
C0244,2025-02,93%,84.00851236628506
C0245,2025-02,100%,72.90762771461613
C0247,2025-02,90%,90.14058688113747
C0248,2025-02,100%,80.87487712595227
C0249,2025-02,75%,85.14170852965533
C0250,2025-02,40%,83.11002458629586
C0251,2025-02,66%,80.38752369316273
C0252,2025-02,74%,86.34603308782123
C0253,2025-02,87%,82.79897342739423
C0254,2025-02,75%,78.91088487880768
C0255,2025-02,83%,69.52197337116891
C0256,2025-02,75%,80.52551917715161
C0257,2025-02,80%,87.93349371679801
C0258,2025-02,81%,87.14915734824982
C0259,2025-02,73%,92.14219520356926
C0260,2025-02,92%,94.53110817599833
C0261,2025-02,99%,88.02851820158337
C0262,2025-02,67%,80.72015972842219
C0263,2025-02,84%,83.15083509850965
C0264,2025-02,65%,74.48917475661102
C0265,2025-02,62%,89.34824152531789
C0266,2025-02,95%,94.30291788384287
C0267,2025-02,100%,90.93722762544382
C0268,2025-02,78%,85.83629490551009
C0269,2025-02,100%,79.50301380806718
C0270,2025-02,76%,78.30878268940218
C0272,2025-02,100%,73.70511634263273
C0273,2025-02,71%,
C0274,2025-02,92%,51.422714827987626
C0275,2025-02,77%,74.51645672702662
C0276,2025-02,72%,79.75076771547958
C0277,2025-02,76%,100.0
C0278,2025-02,58%,82.27330634080536
C0279,2025-02,96%,79.65238789473638
C0280,2025-02,84%,71.50617545319125
C0281,2025-02,79%,96.78571033614001
C0282,2025-02,74%,72.65410183640867
C0283,2025-02,112/100,100.0
C0284,2025-02,92%,72.19167502744463
C0285,2025-02,77%,88.31610282413884
C0286,2025-02,94%,80.28068155137578
C0287,2025-02,85%,74.37094844192676
C0288,2025-02,82%,91.41359215661572
C0290,2025-02,75%,77.82441238636473
C0291,2025-02,67%,
C0292,2025-02,81%,75.5600237342979
C0293,2025-02,84%,83.89715478210782
C0294,2025-02,81%,71.01018186559084
C0295,2025-02,97%,54.28368454050714
C0296,2025-02,88%,61.56833054143975
C0297,2025-02,81%,78.95802002928379
C0298,2025-02,83%,71.26354493393697
C0299,2025-02,83%,79.3562354663773
C0300,2025-02,89%,75.92812546043301
C0301,2025-02,82%,73.05906972119183
C0302,2025-02,81%,74.61546468488056
C0303,2025-02,66%,90.20665577530688
C0304,2025-02,74%,82.795542220633
C0305,2025-02,85%,95.39342081500085
C0306,2025-02,84%,80.92000601627362
C0307,2025-02,63%,59.57367534188533
C0308,2025-02,76%,
C0309,2025-02,71%,81.99352952788817
C0310,2025-02,99%,84.02207554582733
C0311,2025-02,84%,73.89401477195955
C0312,2025-02,85%,69.96297502638369
C0313,2025-02,81%,73.56069956748327
C0314,2025-02,73%,77.39546444746156
C0315,2025-02,76%,78.66687834378422
C0316,2025-02,88%,
C0317,2025-02,78%,82.4420204599819
C0318,2025-02,89%,83.87730678036633
C0319,2025-02,84%,
C0320,2025-02,85%,72.5110561573365
C0321,2025-02,86%,87.24164546337344
C0322,2025-02,76%,93.44224428881806
C0323,2025-02,78%,75.81010459695342
C0324,2025-02,91%,72.34668337026127
C0325,2025-02,100%,86.82508346787867
C0326,2025-02,93%,68.66073148648707
C0327,2025-02,50%,68.81358883706227
C0328,2025-02,72%,72.56223327272454
C0329,2025-02,83%,82.70135952767032
C0330,2025-02,68%,70.17090070652583
C0331,2025-02,69%,80.68534197189265
C0332,2025-02,76%,59.711902056497756
C0333,2025-02,85%,85.24294808515585
C0335,2025-02,78%,71.20428214969544
C0336,2025-02,79%,87.80467280971052
C0337,2025-02,72%,78.5945299077715
C0338,2025-02,90%,83.24752560577085
C0339,2025-02,86%,76.13893164699313
C0340,2025-02,92%,76.73693771626364
C0341,2025-02,84%,72.7199683654278
C0342,2025-02,67%,70.40712659789673
C0343,2025-02,80%,94.17914161118694
C0344,2025-02,91%,62.640011304288834
C0346,2025-02,82%,81.05760410244534
C0347,2025-02,85%,79.33893276318852
C0348,2025-02,100%,86.47627868334388
C0349,2025-02,75%,76.74148789639537
C0350,2025-02,83%,89.90096150122646
C0351,2025-02,100%,100.0
C0352,2025-02,77%,81.1971103634582
C0353,2025-02,94%,59.540229112914304
C0354,2025-02,88%,80.68211749505377
C0355,2025-02,78%,76.82107219870642
C0356,2025-02,88%,85.27103388606974
C0357,2025-02,81%,61.06445071186345
C0359,2025-02,56%,75.17371836733966
C0360,2025-02,78%,87.61481960037864
C0362,2025-02,81%,89.22684828908295
C0363,2025-02,112/100,66.4837117278531
C0364,2025-02,78%,82.55125604834576
C0365,2025-02,89%,71.48202448629651
C0366,2025-02,84%,74.4279486481241
C0367,2025-02,92%,100.0
C0368,2025-02,81%,72.14084222628102
C0369,2025-02,85%,76.16087787033959
C0370,2025-02,82%,
C0371,2025-02,71%,78.58809519229324
C0372,2025-02,100%,79.33798196326411
C0373,2025-02,74%,73.82484636491185
C0374,2025-02,76%,95.45475663503514
C0375,2025-02,72%,92.27150254115965
C0376,2025-02,86%,70.42621814836744
C0377,2025-02,75%,87.12844670706994
C0378,2025-02,100%,75.52399854577239
C0379,2025-02,89%,68.74805879301245
C0380,2025-02,80%,74.14031796352093
C0381,2025-02,71%,68.12909428360695
C0382,2025-02,80%,89.4914840800808
C0383,2025-02,87%,70.40904287287023
C0384,2025-02,82%,94.38677063228789
C0385,2025-02,79%,80.82345450362756
C0386,2025-02,112/100,75.93218308811389
C0387,2025-02,100%,75.66724070711984
C0388,2025-02,81%,100.0
C0389,2025-02,66%,81.54936154859982
C0390,2025-02,70%,76.88434506718056
C0391,2025-02,77%,88.52214330815562
C0392,2025-02,100%,85.2296323344096
C0393,2025-02,78%,68.7621671767564
C0394,2025-02,79%,82.18458006959723
C0395,2025-02,91%,61.23033541661185
C0396,2025-02,92%,79.3022337144397
C0398,2025-02,86%,86.56974170945128
C0399,2025-02,68%,69.49587568649613
C0400,2025-02,73%,73.54490924107853
C0401,2025-02,62%,82.40177102813368
C0402,2025-02,77%,90.88208327134743
C0403,2025-02,78%,82.78869323946056
C0404,2025-02,77%,76.37193978744659
C0405,2025-02,85%,
C0406,2025-02,74%,81.39507021336888
C0407,2025-02,77%,81.20359604311302
C0408,2025-02,78%,90.38760296984321
C0409,2025-02,80%,77.62327402403189
C0410,2025-02,86%,
C0411,2025-02,66%,78.53788905519384
C0412,2025-02,87%,91.08105553548572
C0413,2025-02,85%,98.88515749116095
C0415,2025-02,85%,98.06900025464083
C0416,2025-02,86%,
C0417,2025-02,77%,80.05369395587122
C0418,2025-02,87%,97.29125825752796
C0419,2025-02,96%,76.92691396097511
C0420,2025-02,76%,77.21971664449269
C0421,2025-02,76%,73.69806229629799
C0422,2025-02,88%,78.982896908383
C0423,2025-02,74%,81.79379296630393
C0424,2025-02,73%,73.19237330080237
C0425,2025-02,86%,93.99515090783265
C0426,2025-02,77%,73.38474717804074
C0427,2025-02,97%,85.38210361640172
C0428,2025-02,75%,79.46404812796773
C0429,2025-02,70%,90.53902899278674
C0430,2025-02,83%,73.19660092649238
C0431,2025-02,88%,86.61690824312961
C0432,2025-02,86%,100.0
C0433,2025-02,87%,64.68088057722737
C0434,2025-02,75%,70.89452605748532
C0435,2025-02,94%,99.82304431775556
C0436,2025-02,62%,78.5721750354787
C0437,2025-02,73%,82.14796244221347
C0438,2025-02,81%,75.80724452484874
C0439,2025-02,74%,96.88936829211836
C0440,2025-02,79%,64.9447818102328
C0441,2025-02,72%,94.97681532334772
C0442,2025-02,79%,65.25097516829112
C0443,2025-02,85%,62.32863148390622
C0444,2025-02,74%,67.6949358694952
C0445,2025-02,74%,81.61527111483508
C0446,2025-02,77%,73.8603548074773
C0447,2025-02,96%,73.72857875425734
C0448,2025-02,95%,70.69162376160548
C0449,2025-02,77%,71.94765470586948
C0450,2025-02,88%,70.48325282262334
C0451,2025-02,82%,83.33213836278696
C0452,2025-02,99%,75.8914338671204
C0453,2025-02,85%,54.63275439098246
C0454,2025-02,81%,81.22530070191348
C0455,2025-02,100%,88.48881645266088
C0456,2025-02,69%,75.87420826472551
C0457,2025-02,86%,67.79892057373468
C0458,2025-02,99%,
C0459,2025-02,90%,66.44043196286142
C0460,2025-02,73%,77.11960391120292
C0461,2025-02,71%,79.27606840678715
C0462,2025-02,66%,91.90139163696435
C0463,2025-02,100%,87.06361052908466
C0464,2025-02,68%,82.7614656844298
C0465,2025-02,91%,90.37641931933138
C0466,2025-02,65%,69.18864450223538
C0467,2025-02,100%,95.83978611497503
C0468,2025-02,65%,49.244093919292496
C0469,2025-02,84%,96.48735776309427
C0470,2025-02,95%,70.2208244735064
C0471,2025-02,73%,83.54617853884622
C0472,2025-02,88%,93.9728971350098
C0473,2025-02,78%,
C0474,2025-02,86%,83.92735407325209
C0475,2025-02,95%,88.61419189268375
C0476,2025-02,77%,65.93082200802377
C0477,2025-02,100%,66.64203199034718
C0478,2025-02,86%,82.92256640796667
C0479,2025-02,100%,77.84652754188649
C0480,2025-02,74%,79.00471213475778
C0481,2025-02,76%,94.13325198156024
C0482,2025-02,79%,91.48946487082456
C0483,2025-02,65%,68.94621317706252
C0484,2025-02,93%,84.21610350518993
C0485,2025-02,81%,64.80196278810627
C0486,2025-02,68%,63.86114920437637
C0487,2025-02,72%,71.26503257033279
C0488,2025-02,71%,79.25736392243402
C0489,2025-02,93%,73.60844021427872
C0490,2025-02,88%,85.55092462170268
C0491,2025-02,82%,81.73246694245474
C0492,2025-02,76%,90.10329298240698
C0493,2025-02,79%,85.45970660303442
C0494,2025-02,100%,71.23546741811099
C0495,2025-02,80%,89.86549272247127
C0496,2025-02,91%,70.06176154586595
C0497,2025-02,79%,85.23314572952077
C0498,2025-02,100%,76.86449314824567
C0499,2025-02,67%,92.9939528313027
C0500,2025-02,94%,90.53676245609121
C0501,2025-02,73%,73.71962292883626
C0502,2025-02,100%,76.9217453391453
C0503,2025-02,89%,100.0
C0504,2025-02,60%,66.36550745094829
C0505,2025-02,70%,72.7785703900739
C0506,2025-02,90%,73.07948247944026
C0507,2025-02,91%,69.80222032971878
C0509,2025-02,83%,78.5066583359023
C0510,2025-02,80%,87.15880773547681
C0511,2025-02,97%,66.09679242594038
C0512,2025-02,71%,74.74642042540253
C0513,2025-02,83%,72.25113236590425
C0514,2025-02,73%,66.99510279096818
C0516,2025-02,77%,73.58179962866654
C0517,2025-02,74%,67.29296367505948
C0518,2025-02,88%,88.78675644455673
C0519,2025-02,65%,93.69319818113144
C0520,2025-02,86%,81.32505753939661
C0521,2025-02,75%,71.84493243307682
C0522,2025-02,84%,79.23549648929311
C0523,2025-02,79%,
C0524,2025-02,76%,79.43045005575397
C0525,2025-02,94%,85.22776576881762
C0526,2025-02,79%,81.25134479994402
C0527,2025-02,90%,79.79100578550512
C0528,2025-02,91%,75.41665198486672
C0529,2025-02,78%,85.87812992437448
C0530,2025-02,66%,
C0531,2025-02,71%,61.38073153277483
C0532,2025-02,97%,62.33107276254265
C0533,2025-02,89%,78.03274678510876
C0534,2025-02,83%,88.95657959221036
C0535,2025-02,74%,90.90830971313844
C0536,2025-02,100%,
C0537,2025-02,70%,77.1025029313838
C0538,2025-02,83%,93.97525106487528
C0539,2025-02,89%,73.93635959615082
C0540,2025-02,66%,76.85585067469484
C0542,2025-02,76%,76.13975589549662
C0543,2025-02,92%,71.37059677354331
C0544,2025-02,75%,
C0545,2025-02,65%,93.62781233807222
C0546,2025-02,64%,81.21259142369843
C0547,2025-02,72%,84.39211560669678
C0548,2025-02,64%,74.2843808173369
C0549,2025-02,91%,54.992103243825525
C0550,2025-02,90%,71.21596906222513
C0551,2025-02,83%,89.37712905194584
C0552,2025-02,78%,84.31163621155086
C0553,2025-02,93%,78.33501710580371
C0554,2025-02,92%,89.80048070765977
C0555,2025-02,71%,76.48844967560225
C0556,2025-02,72%,68.76707642645647
C0557,2025-02,92%,88.98567895588904
C0558,2025-02,85%,73.94718543405612
C0559,2025-02,90%,91.2282376396426
C0560,2025-02,72%,61.09504461817015
C0561,2025-02,74%,76.33766452954558
C0562,2025-02,87%,
C0563,2025-02,74%,85.31771991710254
C0564,2025-02,64%,78.64335118954241
C0565,2025-02,75%,84.16381965994225
C0566,2025-02,79%,81.2905903121921
C0567,2025-02,100%,63.53090981865847
C0568,2025-02,71%,75.70046856401117
C0569,2025-02,82%,83.98247146742054
C0570,2025-02,100%,86.27542946443194
C0571,2025-02,69%,79.43215617109423
C0572,2025-02,90%,74.43371619203317
C0573,2025-02,74%,67.61892516124563
C0574,2025-02,86%,87.51560924854354
C0575,2025-02,100%,86.07507992961938
C0576,2025-02,90%,88.07446719281967
C0577,2025-02,84%,69.78168757540772
C0578,2025-02,71%,82.42203096175737
C0579,2025-02,80%,73.4609202371736
C0580,2025-02,76%,
C0581,2025-02,65%,100.0
C0582,2025-02,57%,89.72248085588511
C0583,2025-02,73%,74.02216641268961
C0584,2025-02,85%,82.08544428325166
C0585,2025-02,97%,78.14603172087374
C0586,2025-02,73%,81.25207736125189
C0587,2025-02,85%,65.39944547070901
C0588,2025-02,62%,83.79511609047935
C0589,2025-02,73%,59.5939307612998
C0590,2025-02,51%,61.89588880883018
C0591,2025-02,100%,100.0
C0592,2025-02,84%,76.92516069814728
C0593,2025-02,83%,93.99337508695476
C0594,2025-02,89%,73.12516810593729
C0595,2025-02,100%,60.05737821645495
C0596,2025-02,78%,71.36957559542049
C0597,2025-02,71%,100.0
C0598,2025-02,100%,64.2431690502253
C0599,2025-02,68%,98.91061091620708
C0600,2025-02,96%,
C0601,2025-02,79%,79.34339033624815
C0602,2025-02,87%,72.97234130972984
C0603,2025-02,65%,71.85054924237171
C0604,2025-02,100%,84.09898600371696
C0605,2025-02,78%,94.27521699286031
C0606,2025-02,74%,83.22943858479317
C0607,2025-02,88%,87.13053462115886
C0608,2025-02,73%,74.64264703788267
C0609,2025-02,89%,100.0
C0610,2025-02,66%,81.3056819179177
C0611,2025-02,82%,98.79112489938763
C0612,2025-02,73%,69.24964989624908
C0613,2025-02,73%,79.88052655357988
C0614,2025-02,70%,90.46920712442534
C0615,2025-02,93%,82.10705184249514
C0616,2025-02,78%,85.5436586696104
C0618,2025-02,85%,74.12842727881524
C0619,2025-02,96%,71.60530071644348
C0620,2025-02,73%,81.33427750927093
C0621,2025-02,85%,79.3011488273334
C0622,2025-02,72%,75.80870639230234
C0623,2025-02,80%,87.74174741650889
C0624,2025-02,94%,68.76171108872994
C0625,2025-02,55%,59.66052190023822
C0626,2025-02,71%,74.49913284492155
C0627,2025-02,79%,100.0
C0628,2025-02,86%,84.84932190851872
C0629,2025-02,96%,71.5662888725696
C0631,2025-02,100%,80.56041910972466
C0632,2025-02,88%,83.77873112410694
C0633,2025-02,79%,89.42209973731798
C0634,2025-02,63%,81.33226117556285
C0635,2025-02,77%,83.21714682026268
C0636,2025-02,94%,94.91815919664319
C0637,2025-02,85%,88.5271295876645
C0638,2025-02,79%,81.88391003692696
C0639,2025-02,70%,80.64065813668334
C0640,2025-02,92%,75.76113711124808
C0641,2025-02,79%,66.88809220412813
C0642,2025-02,80%,87.66137263997001
C0643,2025-02,79%,91.5625810505746
C0644,2025-02,75%,85.37461584749292
C0645,2025-02,70%,
C0646,2025-02,64%,71.94714614164602
C0647,2025-02,74%,73.36102751121196
C0648,2025-02,61%,68.07503784901812
C0649,2025-02,87%,76.87637662800526
C0650,2025-02,74%,89.81819651619742
C0651,2025-02,79%,74.98950006436647
C0652,2025-02,83%,80.81104674161912
C0653,2025-02,74%,89.30496336025247
C0654,2025-02,67%,91.6573705899715
C0655,2025-02,86%,65.0596961655055
C0656,2025-02,100%,75.47349999266392
C0657,2025-02,93%,73.46398435320864
C0658,2025-02,96%,70.63055017856652
C0659,2025-02,67%,76.73779683164113
C0660,2025-02,79%,59.825042367992225
C0661,2025-02,80%,77.16515827085013
C0662,2025-02,112/100,80.03394267479821
C0663,2025-02,94%,
C0664,2025-02,79%,74.30589989127935
C0665,2025-02,53%,79.42588023958542
C0666,2025-02,67%,80.66148614767505
C0667,2025-02,90%,64.97309445805533
C0668,2025-02,77%,86.24164711595712
C0669,2025-02,80%,87.40630940535574
C0670,2025-02,89%,72.26009309932087
C0671,2025-02,96%,97.24606909842879
C0672,2025-02,72%,84.56676264051764
C0673,2025-02,90%,84.42187416141957
C0674,2025-02,100%,86.88392834697552
C0675,2025-02,99%,70.01189114973629
C0676,2025-02,76%,77.58180307524407
C0677,2025-02,86%,87.47228195313114
C0678,2025-02,91%,72.60247320740626
C0679,2025-02,83%,77.60375572650575
C0680,2025-02,78%,85.73157077984978
C0681,2025-02,60%,82.56210903221772
C0682,2025-02,71%,80.30909096979568
C0683,2025-02,73%,79.88795103554048
C0684,2025-02,67%,78.95522233184343
C0685,2025-02,83%,89.07707618703093
C0686,2025-02,92%,100.0
C0687,2025-02,77%,83.3422139467802
C0688,2025-02,56%,93.71549463250525
C0689,2025-02,79%,74.43583698843966
C0690,2025-02,85%,72.89359832342187
C0691,2025-02,84%,71.69193064201403
C0692,2025-02,72%,69.20842793186931
C0693,2025-02,66%,76.2101011154161
C0694,2025-02,93%,89.19370066197527
C0695,2025-02,86%,90.49792951786989
C0696,2025-02,74%,75.89012311711753
C0697,2025-02,65%,78.43495591150331
C0698,2025-02,86%,82.00258353131728
C0699,2025-02,71%,82.69332909229028
C0700,2025-02,87%,
C0701,2025-02,85%,77.30927516635958
C0702,2025-02,100%,79.12283090832669
C0703,2025-02,80%,92.55869305426882
C0704,2025-02,100%,78.44197751704337
C0705,2025-02,82%,73.42470745713851
C0706,2025-02,74%,80.06076936875996
C0707,2025-02,69%,81.06472968480038
C0708,2025-02,72%,65.46496598339344
C0709,2025-02,87%,75.76253181693531
C0710,2025-02,83%,83.69576815451727
C0711,2025-02,58%,98.63134563939646
C0712,2025-02,94%,74.94932817611102
C0713,2025-02,99%,87.27912800714083
C0714,2025-02,61%,83.65386392245753
C0715,2025-02,95%,92.90449703995921
C0716,2025-02,100%,72.13125350327152
C0717,2025-02,59%,89.7133805729
C0718,2025-02,77%,95.36418311252699
C0719,2025-02,72%,94.76470876367006
C0720,2025-02,92%,92.5275387946557
C0721,2025-02,77%,81.80439763387108
C0722,2025-02,75%,
C0723,2025-02,87%,76.22935456852997
C0724,2025-02,100%,57.22633397220279
C0725,2025-02,82%,83.93385569368014
C0726,2025-02,75%,77.80600620903917
C0727,2025-02,77%,88.06130501401505
C0728,2025-02,90%,88.66880459899195
C0729,2025-02,67%,70.38829858461571
C0730,2025-02,82%,100.0
C0731,2025-02,70%,83.6043179594665
C0732,2025-02,67%,66.85047301415295
C0733,2025-02,58%,68.55263508557715
C0734,2025-02,75%,57.991556638876034
C0735,2025-02,95%,87.72382344267089
C0736,2025-02,58%,74.6539107495404
C0737,2025-02,90%,73.50729918358664
C0738,2025-02,75%,74.74056962745996
C0739,2025-02,69%,76.94223573795573
C0740,2025-02,85%,85.23792475385186
C0741,2025-02,98%,63.72900306297767
C0742,2025-02,100%,69.75968643412946
C0743,2025-02,84%,83.91541821788013
C0744,2025-02,82%,75.82684115313975
C0745,2025-02,88%,87.92280750616231
C0746,2025-02,100%,
C0747,2025-02,77%,94.42607714516373
C0748,2025-02,96%,82.55011311224285
C0749,2025-02,76%,93.83873202558479
C0750,2025-02,72%,85.44717253380836
C0751,2025-02,100%,87.20430467772624
C0752,2025-02,80%,71.01206517023307
C0753,2025-02,84%,91.83408083345473
C0754,2025-02,90%,83.67550752088718
C0756,2025-02,77%,60.128928031292745
C0757,2025-02,74%,81.70545046447512
C0758,2025-02,86%,95.88912746399423
C0759,2025-02,87%,71.82807298956955
C0760,2025-02,75%,71.39275907015312
C0761,2025-02,100%,76.13254192706174
C0762,2025-02,82%,91.78362365031913
C0763,2025-02,83%,61.94186709899388
C0764,2025-02,99%,75.23153163541978
C0765,2025-02,71%,69.39328020255181
C0766,2025-02,76%,
C0767,2025-02,85%,79.01009194673154
C0768,2025-02,65%,78.00457723860535
C0769,2025-02,80%,
C0770,2025-02,100%,89.21962934890057
C0771,2025-02,100%,93.09754488995819
C0772,2025-02,92%,89.42073956541506
C0773,2025-02,96%,86.2352970079081
C0774,2025-02,88%,93.81495184149375
C0775,2025-02,76%,70.03436383195196
C0776,2025-02,100%,84.13900208307116
C0777,2025-02,72%,100.0
C0778,2025-02,93%,61.53913754658276
C0780,2025-02,75%,68.72094246874975
C0781,2025-02,89%,83.68545600049987
C0782,2025-02,100%,96.43685339806056
C0783,2025-02,99%,85.96531512627328
C0784,2025-02,86%,
C0785,2025-02,83%,85.99525708959366
C0786,2025-02,92%,77.74846813671391
C0787,2025-02,98%,82.07098024887435
C0788,2025-02,62%,87.42428969942878
C0789,2025-02,80%,97.69385029780321
C0790,2025-02,69%,84.37820514494604
C0791,2025-02,80%,83.57661723872296
C0792,2025-02,68%,100.0
C0793,2025-02,60%,60.83481075119711
C0794,2025-02,67%,80.804411619101
C0795,2025-02,74%,71.40221243028013
C0796,2025-02,90%,78.96048506084132
C0797,2025-02,70%,84.30903753614041
C0798,2025-02,71%,89.54166209095976
C0799,2025-02,86%,74.38041415133495
C0800,2025-02,86%,87.54200897688594
H0001,2025-03,84%,79.84713877660735
H0002,2025-03,96%,67.83704323027418
H0003,2025-03,73%,87.44923596263223
H0004,2025-03,85%,70.53741648579833
H0005,2025-03,95%,77.0081131929574
H0006,2025-03,82%,84.59268867866595
H0007,2025-03,81%,89.47141841997934
H0008,2025-03,63%,73.0762565768165
H0009,2025-03,63%,88.07803146057596
H0010,2025-03,70%,82.10177106161338
H0011,2025-03,100%,79.2506639398967
H0012,2025-03,98%,
H0013,2025-03,97%,
H0014,2025-03,86%,81.98286461369631
H0015,2025-03,88%,91.30610242177121
H0016,2025-03,78%,83.97642695393486
H0017,2025-03,77%,77.51777555363068
H0018,2025-03,58%,76.6265110620257
H0019,2025-03,85%,81.9475322052311
H0020,2025-03,88%,76.10229698229408
H0021,2025-03,74%,61.700907858510774
H0022,2025-03,93%,91.57802999625426
H0023,2025-03,95%,77.43047123624515
H0024,2025-03,68%,77.76119656271753
H0026,2025-03,89%,75.99800880229785
H0027,2025-03,100%,84.13662516414783
H0028,2025-03,75%,81.63343479489079
H0029,2025-03,100%,85.28457053601304
H0030,2025-03,88%,72.35113050304807
H0031,2025-03,78%,89.13811330539276
H0032,2025-03,68%,97.4777553948194
H0033,2025-03,83%,71.5381190018204
H0034,2025-03,92%,88.62848763762774
H0035,2025-03,81%,79.81311305239657
H0036,2025-03,84%,84.91877301789427
H0037,2025-03,78%,87.02710227572605
H0038,2025-03,66%,67.4848909600054
H0039,2025-03,84%,72.6383694961381
H0040,2025-03,70%,77.35698308792709
H0041,2025-03,94%,93.55599116181426
H0042,2025-03,93%,77.8251650320203
H0043,2025-03,100%,84.2427259948812
H0044,2025-03,79%,83.02132365545971
H0045,2025-03,82%,
H0046,2025-03,62%,79.52289237084727
H0047,2025-03,75%,
H0048,2025-03,84%,81.14459933413272
H0049,2025-03,82%,75.7463182431346
H0050,2025-03,79%,81.87964175744713
H0051,2025-03,74%,73.39023193143402
H0052,2025-03,85%,98.4348410883322
H0053,2025-03,79%,63.76608621959494
H0054,2025-03,98%,63.871161958830484
H0055,2025-03,85%,84.2096469098453
H0056,2025-03,76%,88.8677893550596
H0057,2025-03,94%,95.57030669911167
H0058,2025-03,69%,76.4763483090301
H0059,2025-03,78%,81.61952569701425
H0060,2025-03,70%,86.0712353636947
H0061,2025-03,79%,94.2895484140639
H0062,2025-03,98%,67.01447124447705
H0063,2025-03,84%,81.63607401305575
H0064,2025-03,62%,87.8133056890868
H0065,2025-03,76%,75.82224477861372
H0066,2025-03,85%,84.41310519070444
H0067,2025-03,85%,73.76474981500512
H0068,2025-03,112/100,93.72685933639828
H0069,2025-03,92%,63.679835504035495
H0070,2025-03,89%,78.19046332054918
H0071,2025-03,81%,87.20690826633837
H0072,2025-03,84%,76.57650848430855
H0073,2025-03,79%,87.7125396574791
H0074,2025-03,83%,81.38696634473499
H0075,2025-03,85%,83.66618270038771
H0076,2025-03,95%,87.45238985007259
H0077,2025-03,88%,80.69215182123862
H0078,2025-03,82%,63.71185462518041
H0079,2025-03,76%,96.42317253099702
H0080,2025-03,89%,93.38930147024281
H0081,2025-03,86%,87.56941684635628
H0082,2025-03,81%,77.1348586295517
H0083,2025-03,77%,83.28684232520627
H0084,2025-03,85%,65.22201002733294
H0085,2025-03,76%,66.76127962013669
H0086,2025-03,66%,100.0
H0087,2025-03,100%,68.53749205200424
H0088,2025-03,100%,76.63496877234066
H0089,2025-03,84%,82.10895520944284
H0090,2025-03,88%,83.47446494367082
H0091,2025-03,80%,81.50399312229614
H0092,2025-03,87%,75.78394435960301
H0093,2025-03,84%,79.39755508058099
H0094,2025-03,85%,92.41151534010434
H0095,2025-03,72%,88.35366354800807
H0096,2025-03,100%,86.81664184983948
H0097,2025-03,67%,58.693727906642096
H0098,2025-03,92%,85.35761552893294
H0099,2025-03,73%,82.47788967810963
H0100,2025-03,59%,74.09976609798616
H0101,2025-03,92%,97.2796818383318
H0102,2025-03,84%,65.34840373740093
H0103,2025-03,67%,81.48547521828696
H0104,2025-03,90%,91.73039724415587
H0105,2025-03,77%,81.04072670548564
H0106,2025-03,100%,59.19980943236277
H0107,2025-03,66%,
H0108,2025-03,75%,63.754351492230136
H0109,2025-03,94%,70.5794896370432
H0110,2025-03,77%,89.76380089438881
H0111,2025-03,72%,70.6073489560053
H0112,2025-03,87%,
H0113,2025-03,96%,71.2535452777337
H0114,2025-03,82%,81.04099263500856
H0115,2025-03,80%,92.75220395964182
H0116,2025-03,72%,63.559492350407524
H0117,2025-03,76%,81.6881372268206
H0118,2025-03,68%,62.367978449520876
H0119,2025-03,98%,100.0
H0120,2025-03,90%,70.0470674774525
H0121,2025-03,67%,86.05467323895824
H0122,2025-03,75%,82.71394239424417
H0123,2025-03,91%,81.75753531574559
H0124,2025-03,90%,76.17607573254594
H0125,2025-03,82%,67.19990737658483
H0126,2025-03,79%,94.3526341392847
H0127,2025-03,84%,72.6797282163072
H0128,2025-03,78%,79.89656740070107
H0129,2025-03,96%,77.98681411805744
H0130,2025-03,90%,89.76897571191796
H0131,2025-03,87%,100.0
H0132,2025-03,68%,72.12793887929912
H0133,2025-03,75%,82.01327057963617
H0135,2025-03,78%,93.8979898062027
H0136,2025-03,85%,79.81748149960603
H0137,2025-03,100%,79.60095353326597
H0138,2025-03,84%,92.91070440279016
H0139,2025-03,66%,62.55879218664861
H0140,2025-03,91%,89.69860400418287
H0141,2025-03,65%,
H0142,2025-03,89%,82.82564366236426
H0143,2025-03,112/100,81.22142119195897
H0144,2025-03,90%,75.32524646985114
H0145,2025-03,89%,83.54000276759982
H0146,2025-03,85%,77.48594618816247
H0147,2025-03,72%,92.83605791580801
H0149,2025-03,89%,70.11325728425047
H0150,2025-03,83%,80.4331700333403
H0151,2025-03,100%,80.39294473329151
H0152,2025-03,83%,94.27850940294869
H0153,2025-03,92%,80.78698948331797
H0154,2025-03,76%,79.20213128519093
H0155,2025-03,73%,69.64540611710163
H0156,2025-03,95%,81.74211187250862
H0157,2025-03,75%,70.9230995672176
H0158,2025-03,64%,77.57483976089416
H0159,2025-03,65%,69.88075463513758
H0160,2025-03,86%,84.73526367301342
H0161,2025-03,76%,81.45235038681943
H0163,2025-03,100%,72.13171857212215
H0164,2025-03,56%,81.23319902480516
H0165,2025-03,76%,80.18093926133213
H0166,2025-03,100%,79.51987157891264
H0167,2025-03,81%,89.66406817540098
H0168,2025-03,100%,79.15835949718583
H0169,2025-03,92%,70.21637652808582
H0170,2025-03,68%,83.91077192811792
H0171,2025-03,91%,97.74154624148008
H0173,2025-03,81%,81.5040683182143
H0174,2025-03,70%,82.67215278712597
H0175,2025-03,74%,89.69278647493174
H0176,2025-03,92%,88.9873014669807
H0177,2025-03,71%,80.94005242106125
H0178,2025-03,58%,75.65215729461063
H0179,2025-03,88%,76.42440915452138
H0180,2025-03,78%,84.31851750048592
H0181,2025-03,93%,73.25574325678711
H0182,2025-03,71%,64.71535085801045
H0183,2025-03,94%,77.65983880994644
H0184,2025-03,92%,76.74488830005656
H0185,2025-03,88%,75.95848376611751
H0186,2025-03,66%,85.71122481939977
H0187,2025-03,80%,80.21586926312848
H0188,2025-03,93%,78.5375986530658
H0190,2025-03,57%,76.78988762730614
H0191,2025-03,74%,64.42349960190619
H0192,2025-03,72%,
H0193,2025-03,76%,73.68929941059517
H0194,2025-03,62%,78.08466407514103
H0195,2025-03,92%,81.57580149951511
H0196,2025-03,91%,79.37858132909072
H0197,2025-03,71%,68.40614264792485
H0198,2025-03,76%,62.533837493413415
H0199,2025-03,73%,95.46461352436359
H0200,2025-03,89%,73.55967352084673
H0201,2025-03,70%,77.51633279607218
H0202,2025-03,70%,73.97823347353918
H0203,2025-03,82%,87.70538470803959
H0204,2025-03,73%,84.49444036497002
H0205,2025-03,100%,72.50735896667508
H0206,2025-03,75%,87.6958598759555
H0207,2025-03,92%,67.85449998044166
H0208,2025-03,92%,78.40708049351055
H0209,2025-03,66%,50.83518587647556
H0210,2025-03,79%,84.0228686655238
H0211,2025-03,70%,74.74272802375262
H0212,2025-03,91%,76.21288589756028
H0213,2025-03,81%,92.59609339913621
H0214,2025-03,92%,72.68682542842352
H0215,2025-03,100%,74.12464629728318
H0216,2025-03,100%,66.00966283748824
H0217,2025-03,112/100,81.4179441035512
H0218,2025-03,69%,80.81172164717098
H0219,2025-03,68%,87.50870116537591
H0220,2025-03,95%,79.77174815425373
H0221,2025-03,90%,83.10685573172412
H0222,2025-03,90%,84.92812930866192
H0223,2025-03,89%,84.18476293484271
H0224,2025-03,78%,80.0831564234185
H0225,2025-03,84%,86.95844836062963
H0226,2025-03,86%,
H0227,2025-03,85%,91.98643586259792
H0228,2025-03,74%,100.0
H0229,2025-03,100%,68.94209629542074
H0230,2025-03,69%,87.32765593075514
H0231,2025-03,79%,82.54744699994735
H0232,2025-03,99%,81.64188253702258
H0233,2025-03,112/100,88.44782484107621
H0234,2025-03,66%,
H0235,2025-03,54%,68.24234958557834
H0236,2025-03,69%,74.78142072982322
H0237,2025-03,83%,85.25174417281846
H0238,2025-03,83%,72.54539192293151
H0239,2025-03,83%,70.56595164248832
H0240,2025-03,89%,77.74591836726242
H0241,2025-03,81%,64.49852260222553
H0242,2025-03,93%,71.98520150137398
H0243,2025-03,93%,100.0
H0244,2025-03,55%,73.58804395540665
H0245,2025-03,83%,84.34567200274113
H0246,2025-03,79%,72.1697726636036
H0247,2025-03,85%,85.82698500925211
H0248,2025-03,78%,76.68589920290704
H0249,2025-03,63%,88.31920429551496
H0250,2025-03,87%,76.71005443447089
H0251,2025-03,90%,74.8922537216033
H0252,2025-03,60%,78.80350201507714
H0253,2025-03,100%,81.25636932535842
H0255,2025-03,72%,74.43165381517144
H0256,2025-03,66%,68.37235836499079
H0257,2025-03,84%,65.64041326573182
H0258,2025-03,84%,74.63276789450151
H0259,2025-03,90%,64.20270262019615
H0260,2025-03,87%,66.8922023110899
H0261,2025-03,90%,78.60919494386938
H0262,2025-03,69%,86.6302170547735
H0263,2025-03,81%,77.72093516057633
H0264,2025-03,87%,100.0
H0265,2025-03,79%,83.36203004339548
H0266,2025-03,90%,82.50063641102842
H0267,2025-03,95%,69.70148383218213
H0268,2025-03,72%,86.04044906085282
H0269,2025-03,83%,87.5234472400698
H0270,2025-03,77%,71.98062157602622
H0271,2025-03,79%,83.2672292509611
H0272,2025-03,112/100,95.32132578688123
H0273,2025-03,88%,84.6388541762809
H0274,2025-03,100%,87.10960497035224
H0275,2025-03,86%,75.81123422684911
H0276,2025-03,100%,60.75626808945465
H0277,2025-03,98%,86.14529685976996
H0278,2025-03,73%,78.5924206128978
H0279,2025-03,86%,82.12487615234323
H0280,2025-03,89%,78.75302495875111
H0281,2025-03,91%,73.01389928111273
H0282,2025-03,74%,82.01565836967696
H0283,2025-03,85%,74.22729582595032
H0284,2025-03,100%,70.962459887384
H0285,2025-03,64%,88.61802307432198
H0286,2025-03,94%,71.06637503701164
H0287,2025-03,96%,78.9622232982843
H0288,2025-03,61%,71.01257253004391
H0289,2025-03,75%,95.81828074825944
H0291,2025-03,91%,68.85260434993299
H0292,2025-03,84%,82.38252116073728
H0293,2025-03,75%,79.88392788076662
H0294,2025-03,84%,82.17138858891197
H0295,2025-03,86%,72.78062386201428
H0296,2025-03,80%,
H0297,2025-03,100%,93.24748607717676
H0298,2025-03,81%,70.12994536623061
H0299,2025-03,91%,
H0300,2025-03,69%,61.79877849896535
H0301,2025-03,85%,76.84306505562314
H0302,2025-03,77%,68.23373690407547
H0303,2025-03,76%,100.0
H0304,2025-03,100%,66.63931436299866
H0305,2025-03,74%,72.78001609932798
H0306,2025-03,75%,100.0
H0307,2025-03,60%,90.20999805611551
H0308,2025-03,72%,63.17195543520452
H0309,2025-03,62%,81.08141130816797
H0310,2025-03,97%,
H0311,2025-03,86%,70.18380754606376
H0312,2025-03,91%,86.26119387903276
H0313,2025-03,88%,66.25731034785753
H0314,2025-03,68%,60.919463396805014
H0315,2025-03,91%,89.16906754301166
H0316,2025-03,80%,86.91816498963597
H0317,2025-03,87%,96.94089417300444
H0318,2025-03,49%,79.01752855605672
H0319,2025-03,69%,97.04549040925859
H0320,2025-03,74%,75.01400897217304
H0321,2025-03,85%,90.50683444776624
H0322,2025-03,63%,98.80756845349356
H0323,2025-03,100%,72.45857156749099
H0324,2025-03,98%,63.10492268137311
H0325,2025-03,98%,82.73473874728424
H0326,2025-03,100%,82.64479371443065
H0327,2025-03,88%,78.39939390604196
H0328,2025-03,68%,89.19347826982843
H0329,2025-03,88%,69.60707718555534
H0330,2025-03,76%,78.9920857533698
H0331,2025-03,80%,73.31173832191695
H0332,2025-03,94%,98.09832215203733
H0333,2025-03,75%,87.3543707130805
H0334,2025-03,73%,71.55822771813209
H0335,2025-03,94%,81.59140703894806
H0336,2025-03,71%,77.65685636653963
H0337,2025-03,78%,66.79348656973949
H0338,2025-03,80%,95.32753934821493
H0339,2025-03,90%,77.6070444439817
H0340,2025-03,90%,100.0
H0341,2025-03,75%,81.38646573473574
H0342,2025-03,60%,91.18188554497175
H0343,2025-03,97%,80.06424484305123
H0344,2025-03,56%,84.20860868225992
H0345,2025-03,87%,75.78926249066191
H0346,2025-03,81%,61.67976286868577
H0347,2025-03,85%,97.20407906579915
H0348,2025-03,87%,76.11348721992124
H0349,2025-03,80%,95.64599184216625
H0350,2025-03,82%,100.0
H0351,2025-03,84%,72.10787337221097
H0352,2025-03,87%,73.57667628637867
H0353,2025-03,48%,73.81571802659346
H0354,2025-03,80%,60.44067374835373
H0355,2025-03,91%,82.65053159871829
H0356,2025-03,73%,93.31201520881783
H0357,2025-03,88%,71.21562211607295
H0358,2025-03,93%,84.12730764735372
H0359,2025-03,83%,78.17685492349682
H0360,2025-03,84%,78.59248004668466
H0361,2025-03,66%,80.03627863665946
H0362,2025-03,82%,84.58607751484851
H0363,2025-03,89%,74.76905601575838
H0364,2025-03,77%,80.87787330150177
H0365,2025-03,78%,74.5178080775242
H0366,2025-03,89%,82.10374294913241
H0367,2025-03,86%,70.85935142084274
H0368,2025-03,87%,88.69618489355284
H0369,2025-03,64%,78.1572996892644
H0370,2025-03,86%,66.7557092901759
H0371,2025-03,63%,78.76865086714959
H0372,2025-03,80%,81.40669653028736
H0373,2025-03,100%,75.4357286942856
H0374,2025-03,89%,64.82091347336944
H0375,2025-03,87%,79.82257212458715
H0376,2025-03,72%,81.55326738139655
H0377,2025-03,100%,83.58554256129307
H0378,2025-03,112/100,90.6513993864424
H0379,2025-03,53%,84.36262141275085
H0380,2025-03,75%,85.08497335634556
H0381,2025-03,85%,85.2591649221311
H0382,2025-03,78%,73.57105974186716
H0384,2025-03,68%,79.47903989833165
H0385,2025-03,85%,79.102189608515
H0386,2025-03,74%,67.2878362679288
H0387,2025-03,83%,83.69050582560868
H0388,2025-03,75%,82.87699089884654
H0389,2025-03,84%,89.64069639149857
H0390,2025-03,100%,67.37205559512918
H0391,2025-03,62%,86.68610453060843
H0392,2025-03,100%,79.38169286038244
H0393,2025-03,100%,72.05952743759822
H0394,2025-03,76%,75.90099436157277
H0395,2025-03,99%,72.66004683768502
H0396,2025-03,92%,82.3368029069764
H0397,2025-03,90%,75.08404681091444
H0398,2025-03,74%,
H0399,2025-03,69%,74.11758730742204
H0400,2025-03,76%,78.8328433763978
H0401,2025-03,77%,69.61068608204317
H0402,2025-03,66%,59.28070849994272
H0403,2025-03,72%,100.0
H0404,2025-03,95%,82.30092182541856
H0405,2025-03,100%,100.0
H0406,2025-03,71%,79.97740205266234
H0407,2025-03,100%,80.3207144188248
H0408,2025-03,63%,75.69812861099523
H0409,2025-03,69%,86.98957001772546
H0410,2025-03,59%,80.88295067526161
H0411,2025-03,60%,66.06654765719779
H0412,2025-03,94%,67.7945204055306
H0413,2025-03,78%,69.71025433933657
H0414,2025-03,79%,78.67286192367534
H0415,2025-03,79%,83.26876225374575
H0416,2025-03,67%,82.76290950242051
H0417,2025-03,62%,74.44329772354304
H0418,2025-03,54%,67.64374127370995
H0419,2025-03,77%,90.76366258541294
H0420,2025-03,84%,80.59626261825784
H0421,2025-03,68%,84.93270838917917
H0422,2025-03,55%,92.09135150063675
H0423,2025-03,93%,61.35316734540804
H0424,2025-03,112/100,81.5703208978962
H0425,2025-03,62%,90.47323474151128
H0426,2025-03,65%,67.51645666530862
H0427,2025-03,91%,70.42062154236001
H0428,2025-03,112/100,68.46530956290741
H0429,2025-03,63%,64.69525172790682
H0430,2025-03,98%,86.59466763440935
H0431,2025-03,74%,81.96957735586369
H0432,2025-03,80%,66.80649689099982
H0433,2025-03,66%,61.603580389216134
H0434,2025-03,94%,72.01357401821538
H0435,2025-03,80%,91.99399825299284
H0436,2025-03,93%,
H0437,2025-03,76%,64.52415314515919
H0438,2025-03,65%,77.40740466931402
H0439,2025-03,77%,66.31413653150551
H0440,2025-03,69%,95.65143474635147
H0441,2025-03,74%,81.15420398799235
H0442,2025-03,71%,77.21565301719905
H0443,2025-03,64%,75.43763976099387
H0444,2025-03,89%,73.64594295613028
H0445,2025-03,88%,76.65633638894136
H0446,2025-03,67%,100.0
H0447,2025-03,100%,88.14936440602092
H0448,2025-03,70%,76.1596138510041
H0449,2025-03,92%,
H0450,2025-03,48%,71.24020090642917
H0452,2025-03,58%,45.69884214150499
H0453,2025-03,68%,72.03326526251905
H0454,2025-03,85%,68.78617501025593
H0455,2025-03,84%,88.18141156444727
H0456,2025-03,72%,80.4966103550466
H0457,2025-03,81%,61.23461279758518
H0458,2025-03,82%,75.61968731660993
H0459,2025-03,72%,78.13747994468156
H0460,2025-03,112/100,92.53497355776486
H0461,2025-03,80%,79.57392648422928
H0462,2025-03,74%,77.9633348570332
H0463,2025-03,100%,78.06949059526457
H0464,2025-03,74%,54.37534217434907
H0465,2025-03,67%,69.60155635262302
H0466,2025-03,91%,57.96366946536381
H0467,2025-03,87%,97.60935963038716
H0468,2025-03,55%,72.81518597923971
H0469,2025-03,57%,85.24534070665759
H0470,2025-03,84%,66.51679181310513
H0471,2025-03,71%,73.16737518931279
H0472,2025-03,83%,73.62560503947444
H0473,2025-03,76%,84.5998145309061
H0474,2025-03,86%,76.50529234242336
H0475,2025-03,89%,71.8499938804886
H0476,2025-03,58%,58.24336576556985
H0477,2025-03,66%,98.58116237809638
H0478,2025-03,98%,71.86297213981808
H0479,2025-03,85%,73.5311274142099
H0480,2025-03,88%,71.73212779096636
H0481,2025-03,100%,91.70005414216254
H0482,2025-03,94%,71.49738774176642
H0483,2025-03,80%,71.69516779895457
H0484,2025-03,67%,80.43790625863724
H0485,2025-03,97%,91.05453282348539
H0486,2025-03,96%,77.04116479074311
H0487,2025-03,82%,77.05358323309332
H0488,2025-03,100%,79.28461512449488
H0489,2025-03,84%,72.11701889618217
H0490,2025-03,81%,94.90267934707919
H0491,2025-03,96%,68.78142860352594
H0492,2025-03,88%,82.10419199061009
H0493,2025-03,91%,72.25847543182323
H0494,2025-03,58%,86.11787491164277
H0495,2025-03,85%,76.10009442740011
H0496,2025-03,75%,79.67222476314011
H0497,2025-03,76%,79.12014223794978
H0498,2025-03,78%,65.6138393876052
H0499,2025-03,74%,77.71736367376172
H0500,2025-03,90%,59.288026423046674
H0501,2025-03,67%,79.0442347067469
H0502,2025-03,59%,71.04731541615095
H0503,2025-03,80%,75.58858886404532
H0504,2025-03,99%,78.84195540361644
H0505,2025-03,75%,
H0506,2025-03,79%,54.62430060300734
H0507,2025-03,79%,75.18905091461093
H0508,2025-03,100%,80.76383676553591
H0509,2025-03,94%,94.13751755729925
H0510,2025-03,74%,100.0
H0511,2025-03,80%,98.43538581620219
H0512,2025-03,72%,
H0513,2025-03,100%,84.46864599159406
H0514,2025-03,64%,89.80457413831465
H0515,2025-03,71%,85.99537768296524
H0516,2025-03,94%,78.92810993672842
H0517,2025-03,100%,80.58309951660443
H0518,2025-03,80%,80.26398253538343
H0519,2025-03,80%,73.88659846757305
H0520,2025-03,81%,80.20633569382615
H0521,2025-03,84%,67.20186450041433
H0522,2025-03,100%,100.0
H0523,2025-03,87%,74.7904502840979
H0524,2025-03,77%,83.5876180708326
H0525,2025-03,88%,82.59542397021914
H0526,2025-03,93%,79.76053125035371
H0527,2025-03,70%,84.86372919651355
H0528,2025-03,84%,89.29500306752479
H0529,2025-03,82%,80.23495981837057
H0530,2025-03,69%,88.4667856108523
H0531,2025-03,77%,84.40016520114422
H0532,2025-03,76%,66.16601096184155
H0533,2025-03,75%,78.92003208626659
H0534,2025-03,100%,77.05183640363481
H0535,2025-03,83%,86.8967767430836
H0536,2025-03,87%,87.48672707409668
H0537,2025-03,90%,81.3763301327362
H0538,2025-03,81%,83.58665495314067
H0539,2025-03,78%,82.84217873754706
H0540,2025-03,99%,72.61088227597781
H0541,2025-03,100%,92.23223824651325
H0542,2025-03,91%,83.68164054640467
H0543,2025-03,80%,98.2847835979288
H0544,2025-03,86%,78.36309136436137
H0545,2025-03,73%,74.7171957254436
H0546,2025-03,83%,58.3294484732899
H0547,2025-03,68%,100.0
H0548,2025-03,91%,84.42524123093537
H0549,2025-03,100%,87.74195935195966
H0550,2025-03,67%,96.08803537117431
H0551,2025-03,100%,81.92222330866169
H0552,2025-03,90%,
H0553,2025-03,74%,90.35809180328802
H0554,2025-03,84%,76.57372899785186
H0555,2025-03,100%,63.52354274858903
H0556,2025-03,98%,96.24547822235576
H0558,2025-03,77%,71.99269049899347
H0559,2025-03,71%,88.07706442055874
H0561,2025-03,85%,82.55523521652137
H0562,2025-03,80%,83.30599305066902
H0563,2025-03,75%,91.36635063354132
H0564,2025-03,70%,86.87424680587338
H0565,2025-03,89%,85.65860658952676
H0566,2025-03,73%,89.17858892456822
H0567,2025-03,92%,95.5767237559404
H0568,2025-03,80%,76.8205105015584
H0569,2025-03,80%,69.7576601144646
H0570,2025-03,66%,69.29403086774688
H0571,2025-03,87%,87.05615793418619
H0572,2025-03,78%,
H0574,2025-03,80%,91.22568309672053
H0575,2025-03,71%,85.32230441341737
H0576,2025-03,62%,94.7171252513071
H0577,2025-03,89%,80.86416751139943
H0578,2025-03,68%,85.71076957498957
H0579,2025-03,87%,76.11180096329396
H0580,2025-03,100%,58.31153208307043
H0581,2025-03,71%,74.83315202789424
H0582,2025-03,88%,73.13122782800876
H0583,2025-03,76%,65.50170927327213
H0584,2025-03,84%,80.78805729181272
H0585,2025-03,62%,90.95395560298013
H0586,2025-03,87%,75.24111319124239
H0587,2025-03,86%,86.87969864014288
H0588,2025-03,100%,75.62865568761022
H0589,2025-03,59%,80.51532983395792
H0590,2025-03,77%,74.95698228308265
H0591,2025-03,87%,82.3955183728228
H0592,2025-03,91%,84.51305071260198
H0593,2025-03,82%,98.780748705641
H0594,2025-03,96%,73.54130187631124
H0596,2025-03,83%,91.31408595793354
H0597,2025-03,61%,76.56216187349871
H0598,2025-03,89%,85.55667057874592
H0599,2025-03,100%,74.71663176630429
H0600,2025-03,69%,83.63875351732337
C0002,2025-03,63%,91.74520651037375
C0004,2025-03,79%,83.80312852932653
C0005,2025-03,91%,78.44135050561796
C0006,2025-03,81%,63.8344901903054
C0007,2025-03,81%,74.46219315125025
C0008,2025-03,81%,72.56222199627145
C0009,2025-03,84%,84.36641172167742
C0010,2025-03,81%,70.72903865573181
C0011,2025-03,87%,81.63479853745285
C0012,2025-03,98%,79.60422135294128
C0013,2025-03,92%,84.94954296291873
C0014,2025-03,100%,75.465859590308
C0015,2025-03,69%,66.45278138162931
C0016,2025-03,74%,90.58902975363011
C0017,2025-03,96%,75.08592463180165
C0018,2025-03,70%,91.59327156449446
C0019,2025-03,100%,81.83477013018302
C0020,2025-03,77%,82.04770269130832
C0021,2025-03,80%,86.59425574782878
C0022,2025-03,77%,85.8138924655537
C0023,2025-03,81%,78.91297283130305
C0024,2025-03,100%,76.11494310295794
C0025,2025-03,98%,80.07404269672477
C0026,2025-03,100%,60.2848648633788
C0027,2025-03,100%,90.22054934647875
C0028,2025-03,77%,72.03429941806425
C0029,2025-03,70%,75.01196360670006
C0030,2025-03,82%,74.70925652389494
C0031,2025-03,86%,84.3830382638618
C0032,2025-03,64%,79.17528129992462
C0033,2025-03,92%,87.3057025753916
C0035,2025-03,78%,73.09661897346466
C0036,2025-03,92%,73.64235843473993
C0037,2025-03,86%,76.1845273875928
C0038,2025-03,82%,86.18161173500442
C0039,2025-03,84%,84.75816904849152
C0040,2025-03,89%,86.26606351725097
C0041,2025-03,76%,78.63467858769113
C0042,2025-03,86%,90.12650287980142
C0043,2025-03,83%,85.48627555541913
C0044,2025-03,84%,74.6936886999444
C0045,2025-03,95%,76.88550170516783
C0046,2025-03,85%,87.5654893211873
C0047,2025-03,100%,96.16391565946883
C0048,2025-03,76%,63.17839135011202
C0051,2025-03,70%,72.91841681593668
C0052,2025-03,77%,84.25103385920397
C0053,2025-03,87%,80.52144119068569
C0054,2025-03,77%,72.8926538041975
C0055,2025-03,70%,76.97520557259337
C0056,2025-03,88%,91.25742055594274
C0057,2025-03,63%,82.21366804141837
C0058,2025-03,62%,80.26106143097883
C0059,2025-03,72%,90.45446078700051
C0060,2025-03,86%,87.4382521966738
C0061,2025-03,72%,77.19592310106827
C0062,2025-03,82%,84.8968903609077
C0063,2025-03,93%,79.73928443824701
C0064,2025-03,87%,80.98663160416402
C0065,2025-03,100%,64.7896074730791
C0066,2025-03,83%,73.9715530873432
C0067,2025-03,98%,80.8056757422274
C0068,2025-03,88%,68.00858960126948
C0069,2025-03,78%,78.02437364216424
C0070,2025-03,70%,
C0071,2025-03,85%,88.3070989216207
C0072,2025-03,65%,92.36759474482285
C0073,2025-03,78%,68.29492874772217
C0074,2025-03,79%,62.73975593094032
C0075,2025-03,96%,85.98329201011134
C0076,2025-03,74%,83.54437365914524
C0077,2025-03,87%,84.23400841195301
C0078,2025-03,70%,87.53957113812085
C0079,2025-03,93%,82.93245091094076
C0080,2025-03,100%,94.52111123788194
C0081,2025-03,74%,96.99867806736918
C0082,2025-03,84%,99.459305591211
C0083,2025-03,100%,100.0
C0084,2025-03,73%,73.470510218343
C0085,2025-03,65%,91.32032423321739
C0086,2025-03,86%,83.76760501161154
C0088,2025-03,87%,85.6620261024447
C0089,2025-03,91%,71.71624993646718
C0090,2025-03,68%,
C0091,2025-03,66%,71.0309757392119
C0092,2025-03,95%,93.847970739803
C0093,2025-03,100%,73.53685733780605
C0094,2025-03,79%,73.78531876830434
C0095,2025-03,98%,90.60967390909747
C0096,2025-03,100%,82.5657396516658
C0097,2025-03,92%,99.39619008867811
C0098,2025-03,83%,88.19559327972438
C0099,2025-03,90%,90.82478974119701
C0100,2025-03,94%,71.78630441954468
C0101,2025-03,56%,
C0102,2025-03,81%,99.26106432364196
C0103,2025-03,68%,70.98090645459054
C0104,2025-03,70%,79.6957191812392
C0105,2025-03,87%,
C0106,2025-03,79%,80.84534045024056
C0107,2025-03,81%,
C0108,2025-03,80%,81.13587440503666
C0109,2025-03,80%,100.0
C0110,2025-03,81%,56.282073858138105
C0111,2025-03,100%,53.0615485350405
C0112,2025-03,90%,77.65804879982223
C0113,2025-03,70%,92.40751568715352
C0114,2025-03,75%,77.15955352573674
C0115,2025-03,90%,76.27883688732994
C0116,2025-03,80%,62.48675208985839
C0117,2025-03,88%,77.16575512895936
C0118,2025-03,82%,75.12646125669615
C0119,2025-03,85%,79.43856148962925
C0120,2025-03,97%,78.2134691625619
C0122,2025-03,100%,73.97921754086693
C0123,2025-03,75%,72.4300094435382
C0124,2025-03,72%,81.31450745706047
C0125,2025-03,87%,80.97974624314162
C0126,2025-03,78%,67.128316772884
C0127,2025-03,84%,84.28330784103734
C0128,2025-03,87%,68.85306869431902
C0129,2025-03,67%,87.59041724449656
C0130,2025-03,55%,74.47595864508833
C0131,2025-03,92%,70.74784411711875
C0132,2025-03,66%,100.0
C0133,2025-03,76%,82.02066063962562
C0134,2025-03,80%,91.1373317247415
C0135,2025-03,82%,81.28748356077853
C0136,2025-03,91%,92.86437263387285
C0137,2025-03,90%,88.09554060515353
C0138,2025-03,85%,77.27759839638894
C0139,2025-03,89%,89.99943217788334
C0140,2025-03,69%,91.4024879417923
C0141,2025-03,74%,77.51797085591
C0142,2025-03,100%,81.3572024914914
C0143,2025-03,84%,100.0
C0145,2025-03,112/100,90.10784389254817
C0146,2025-03,91%,88.60035986583728
C0147,2025-03,80%,92.84853152352134
C0148,2025-03,77%,91.73309617418734
C0149,2025-03,100%,52.24407827514989
C0150,2025-03,99%,73.86829212721348
C0151,2025-03,82%,77.3660858755
C0152,2025-03,86%,84.16989858233413
C0153,2025-03,79%,73.10301737304638
C0154,2025-03,69%,79.56701400651521
C0155,2025-03,84%,68.60321859128202
C0156,2025-03,86%,61.386128681710446
C0158,2025-03,89%,75.85193456136216
C0159,2025-03,70%,92.41333208107916
C0160,2025-03,57%,88.67773844013594
C0161,2025-03,78%,75.47771136699812
C0162,2025-03,68%,96.88898134026752
C0163,2025-03,82%,72.69259073692095
C0164,2025-03,88%,
C0165,2025-03,85%,85.52144641222411
C0166,2025-03,78%,81.64933926349623
C0167,2025-03,88%,80.07016335037619
C0168,2025-03,100%,62.31075797056285
C0169,2025-03,87%,88.60212774931613
C0170,2025-03,86%,89.07163252736696
C0171,2025-03,76%,75.67763003044703
C0172,2025-03,83%,88.51344890976414
C0173,2025-03,99%,80.97755954895244
C0174,2025-03,81%,90.52377338554464
C0176,2025-03,98%,78.08199291944211
C0177,2025-03,80%,100.0
C0178,2025-03,91%,73.15487165874457
C0179,2025-03,85%,50.33577832528721
C0180,2025-03,88%,53.886942154184766
C0181,2025-03,92%,83.85727019472861
C0182,2025-03,99%,59.055896752126095
C0183,2025-03,95%,73.46376976281388
C0184,2025-03,100%,90.99594307627494
C0185,2025-03,80%,55.9619073065339
C0186,2025-03,68%,77.67507653651364
C0187,2025-03,82%,81.14511867818648
C0188,2025-03,100%,65.23326661344417
C0189,2025-03,82%,83.28522960121032
C0190,2025-03,60%,77.83516565169178
C0191,2025-03,100%,87.49867579394848
C0192,2025-03,84%,78.76949819603475
C0193,2025-03,73%,75.90420485649506
C0194,2025-03,70%,85.89044703439106
C0195,2025-03,86%,94.377369595924
C0196,2025-03,93%,95.40786481197799
C0198,2025-03,93%,88.25990602815864
C0199,2025-03,64%,72.67912361422307
C0202,2025-03,97%,83.98671156025138
C0203,2025-03,78%,86.85449382618822
C0204,2025-03,56%,95.51138156640954
C0205,2025-03,94%,80.27039490257617
C0206,2025-03,50%,65.8285377213338
C0207,2025-03,77%,71.61167253674955
C0208,2025-03,93%,83.50565605476763
C0209,2025-03,92%,76.59262964942145
C0210,2025-03,63%,68.60847585124968
C0211,2025-03,94%,80.5542151084255
C0212,2025-03,100%,75.00693218740744
C0213,2025-03,89%,84.7199411600354
C0214,2025-03,80%,95.72059672161528
C0215,2025-03,89%,
C0216,2025-03,74%,70.85968087031972
C0218,2025-03,100%,64.29829117279263
C0219,2025-03,77%,90.66768863283086
C0220,2025-03,92%,82.00473435422532
C0221,2025-03,96%,97.48789725073082
C0222,2025-03,80%,
C0223,2025-03,57%,78.22796243629726
C0224,2025-03,84%,62.01066996186703
C0225,2025-03,44%,81.84141535081315
C0226,2025-03,100%,100.0
C0228,2025-03,82%,81.23564678715262
C0229,2025-03,94%,88.98139299890518
C0230,2025-03,69%,87.82181849564412
C0231,2025-03,95%,
C0232,2025-03,84%,70.75614635987226
C0233,2025-03,86%,84.71904825692882
C0234,2025-03,77%,64.49477912677338
C0235,2025-03,79%,61.81001216556704
C0236,2025-03,89%,87.70035660681943
C0237,2025-03,71%,92.0001099765052
C0238,2025-03,67%,80.68226533289648
C0239,2025-03,96%,80.00482986704607
C0240,2025-03,88%,83.8940021157332
C0241,2025-03,72%,93.25291393532147
C0242,2025-03,83%,88.49046105616259
C0243,2025-03,84%,84.80921997861384
C0244,2025-03,72%,86.08200548893262
C0245,2025-03,85%,89.1523030289989
C0247,2025-03,92%,85.04037468951805
C0248,2025-03,86%,
C0249,2025-03,75%,91.00108143179797
C0250,2025-03,75%,88.0741389653323
C0251,2025-03,90%,83.75146667345344
C0252,2025-03,61%,79.15383409829808
C0253,2025-03,69%,
C0254,2025-03,79%,82.31628874778724
C0255,2025-03,80%,83.03671251520679
C0256,2025-03,93%,82.70709090029042
C0257,2025-03,65%,84.60781952996177
C0258,2025-03,75%,
C0259,2025-03,83%,65.1835046527192
C0260,2025-03,78%,79.18022638466537
C0261,2025-03,72%,59.44041858648076
C0262,2025-03,73%,83.35687036139142
C0263,2025-03,84%,73.14855781408852
C0264,2025-03,79%,82.27466922572196
C0265,2025-03,77%,72.34480364137568
C0266,2025-03,67%,71.73324272260282
C0267,2025-03,100%,76.48302558444712
C0268,2025-03,82%,79.2189342601803
C0269,2025-03,100%,87.66070442084447
C0270,2025-03,78%,72.74422042931272
C0272,2025-03,89%,85.49848173070245
C0273,2025-03,81%,75.55922719921314
C0274,2025-03,83%,83.43805509894483
C0275,2025-03,83%,65.83988033516775
C0276,2025-03,78%,70.25803370521052
C0277,2025-03,81%,90.86095347374312
C0278,2025-03,95%,58.91092354982473
C0279,2025-03,69%,75.65427003198606
C0280,2025-03,100%,80.27906499416484
C0281,2025-03,89%,83.00133061568116
C0282,2025-03,78%,82.93541689401194
C0283,2025-03,92%,76.93777980307388
C0284,2025-03,92%,76.3572101436381
C0285,2025-03,86%,72.36532450555357
C0286,2025-03,80%,94.9303676985841
C0287,2025-03,62%,87.75223538686518
C0288,2025-03,74%,83.36243308386754
C0290,2025-03,88%,74.7901997561862
C0291,2025-03,86%,82.68161968233724
C0292,2025-03,86%,68.97351793573235
C0293,2025-03,79%,
C0294,2025-03,92%,73.34599493071087
C0295,2025-03,100%,66.48569617805418
C0296,2025-03,84%,100.0
C0297,2025-03,83%,81.23661726924406
C0298,2025-03,82%,72.05661360073401
C0299,2025-03,93%,88.74702226151689
C0300,2025-03,81%,65.61779908586392
C0301,2025-03,92%,73.54807168481396
C0302,2025-03,93%,87.92320764518642
C0303,2025-03,100%,100.0
C0304,2025-03,87%,89.20402283025626
C0305,2025-03,83%,86.97997862245572
C0306,2025-03,87%,95.33775942671325
C0307,2025-03,82%,77.40759169723623
C0308,2025-03,86%,66.81891318324142
C0309,2025-03,100%,74.50983858336089
C0310,2025-03,78%,95.00754791813105
C0311,2025-03,67%,69.0809284743458
C0312,2025-03,84%,79.15330583154883
C0313,2025-03,83%,79.42061656648254
C0314,2025-03,95%,84.9583718526727
C0315,2025-03,80%,86.20924396175008
C0316,2025-03,77%,86.85346448128828
C0317,2025-03,74%,100.0
C0318,2025-03,76%,88.979440450908
C0319,2025-03,73%,95.66777998096252
C0320,2025-03,67%,80.05296054695943
C0321,2025-03,58%,100.0
C0322,2025-03,91%,70.96363688577158
C0323,2025-03,86%,92.53857492385379
C0324,2025-03,100%,78.11333890565062
C0325,2025-03,66%,91.5879658943277
C0326,2025-03,100%,87.01427220853728
C0327,2025-03,82%,95.09653995130633
C0328,2025-03,64%,86.37419404238514
C0329,2025-03,57%,79.21480354645666
C0330,2025-03,112/100,90.24657658725421
C0331,2025-03,93%,72.80356879690503
C0332,2025-03,84%,61.58694904776442
C0333,2025-03,77%,58.115529745321254
C0335,2025-03,83%,82.63560119528748
C0336,2025-03,64%,85.87247400403501
C0337,2025-03,97%,76.78540304916467
C0338,2025-03,71%,85.16525687429292
C0339,2025-03,68%,72.05887934715408
C0340,2025-03,81%,81.63600649500606
C0341,2025-03,88%,64.56337282989303
C0342,2025-03,73%,60.247548056541305
C0343,2025-03,62%,68.40509868358589
C0344,2025-03,75%,71.88466404756068
C0346,2025-03,83%,100.0
C0347,2025-03,96%,92.41917679807662
C0348,2025-03,88%,48.31957828902061
C0349,2025-03,74%,96.95411442756007
C0350,2025-03,74%,77.23059815498648
C0351,2025-03,85%,65.48787741865249
C0352,2025-03,85%,
C0353,2025-03,85%,77.69402233472428
C0354,2025-03,86%,72.36559208404151
C0355,2025-03,80%,75.10131623094485
C0356,2025-03,81%,77.4708569743624
C0357,2025-03,72%,86.082528832811
C0359,2025-03,92%,74.9463444127437
C0360,2025-03,71%,62.06021543843836
C0362,2025-03,78%,82.89874466057266
C0363,2025-03,86%,73.56593995434149
C0364,2025-03,81%,82.85550403382956
C0365,2025-03,67%,79.94217090702988
C0366,2025-03,96%,92.29113280196115
C0367,2025-03,85%,83.13558724601042
C0368,2025-03,97%,90.50792467999116
C0369,2025-03,81%,77.73120277243407
C0370,2025-03,87%,95.80383690400464
C0371,2025-03,70%,77.7715890332246
C0372,2025-03,46%,72.8295038661591
C0373,2025-03,84%,95.43978684815971
C0374,2025-03,65%,73.43550794044683
C0375,2025-03,112/100,71.65837292598395
C0376,2025-03,92%,68.37541695576734
C0377,2025-03,85%,74.93365134794253
C0378,2025-03,72%,77.31854373701591
C0379,2025-03,80%,
C0380,2025-03,90%,89.32015696879562
C0381,2025-03,87%,80.90522093158874
C0382,2025-03,71%,89.7777963034511
C0383,2025-03,61%,89.91106706511341
C0384,2025-03,86%,70.03616095754136
C0385,2025-03,81%,70.19879472492745
C0386,2025-03,88%,74.59841675893652
C0387,2025-03,83%,59.86717774238252
C0388,2025-03,82%,83.02042620709203
C0389,2025-03,81%,79.16829041899375
C0390,2025-03,77%,95.89393087277298
C0391,2025-03,100%,92.12022329666341
C0392,2025-03,79%,76.89090598226431
C0393,2025-03,77%,88.69141178537741
C0394,2025-03,92%,80.44004235485784
C0395,2025-03,87%,85.17983802650505
C0396,2025-03,83%,60.847705356898814
C0398,2025-03,67%,82.8633986874516
C0399,2025-03,81%,77.53101625569306
C0400,2025-03,80%,93.4887097162642
C0401,2025-03,76%,84.34647376391274
C0402,2025-03,91%,85.74286694173124
C0403,2025-03,94%,83.98650559718028
C0404,2025-03,96%,80.95787493158312
C0405,2025-03,69%,89.1189554462265
C0406,2025-03,94%,97.6758314867698
C0407,2025-03,59%,59.03357314305216
C0408,2025-03,82%,70.60680931494787
C0409,2025-03,92%,80.39979641676977
C0410,2025-03,112/100,92.56035870565795
C0411,2025-03,66%,87.81148083783233
C0412,2025-03,81%,71.79250670744105
C0413,2025-03,100%,76.11618382026364
C0415,2025-03,98%,76.6909967415563
C0416,2025-03,70%,82.84161530242652
C0417,2025-03,81%,72.87504780403685
C0418,2025-03,100%,84.14554885636883
C0419,2025-03,94%,87.88727366542125
C0420,2025-03,64%,53.591973098685926
C0421,2025-03,90%,97.01452265177389
C0422,2025-03,73%,99.28065237115848
C0423,2025-03,79%,60.285377658042364
C0424,2025-03,91%,78.00339538745258
C0425,2025-03,77%,63.38358918534682
C0426,2025-03,77%,60.493053076696754
C0427,2025-03,94%,87.87054566490741
C0428,2025-03,91%,98.7782956967672
C0429,2025-03,86%,80.00113997277191
C0430,2025-03,100%,95.4372312766285
C0431,2025-03,83%,72.37201619455364
C0432,2025-03,86%,65.4765210031822
C0433,2025-03,77%,75.23932675587184
C0434,2025-03,69%,71.29220476298812
C0435,2025-03,64%,83.9837829278096
C0436,2025-03,92%,90.77566622532177
C0437,2025-03,112/100,68.81801517011091
C0438,2025-03,100%,
C0439,2025-03,71%,88.56683896795164
C0440,2025-03,73%,77.31720420734158
C0441,2025-03,87%,88.87242846073548
C0442,2025-03,70%,72.22614152060481
C0443,2025-03,63%,73.08462949984586
C0444,2025-03,90%,90.66047195350664
C0445,2025-03,57%,89.43223523690142
C0446,2025-03,86%,95.98712534167741
C0447,2025-03,86%,
C0448,2025-03,93%,92.74263397387448
C0449,2025-03,87%,83.88908772654534
C0450,2025-03,100%,85.7053105321245
C0451,2025-03,77%,71.01674456974197
C0452,2025-03,66%,86.67906270831273
C0453,2025-03,100%,79.3034876447949
C0454,2025-03,84%,99.41691142693409
C0455,2025-03,71%,79.66978241019471
C0456,2025-03,63%,78.08390666930089
C0457,2025-03,79%,93.45783302536059
C0458,2025-03,73%,81.6670899403733
C0459,2025-03,72%,
C0460,2025-03,57%,65.02844923227318
C0461,2025-03,77%,70.65996336420304
C0462,2025-03,87%,61.61771967984869
C0463,2025-03,71%,81.03023441210415
C0464,2025-03,77%,89.07566742482433
C0465,2025-03,77%,75.76586703858172
C0466,2025-03,82%,100.0
C0467,2025-03,100%,66.23537127045176
C0468,2025-03,84%,
C0469,2025-03,69%,86.00869200632974
C0470,2025-03,79%,74.55998041466802
C0471,2025-03,87%,79.12480538766677
C0472,2025-03,66%,95.94001345559815
C0473,2025-03,71%,91.02160173654096
C0474,2025-03,71%,90.03503478520662
C0475,2025-03,80%,70.9073093933747
C0476,2025-03,79%,86.53402040351895
C0477,2025-03,61%,88.19464677474855
C0478,2025-03,74%,87.67473080113336
C0479,2025-03,82%,67.01273792126827
C0480,2025-03,96%,85.53000798639773
C0481,2025-03,67%,84.29815756357391
C0482,2025-03,68%,88.51762572230983
C0483,2025-03,69%,78.09673508049214
C0484,2025-03,61%,67.02128018559031
C0485,2025-03,50%,70.88504549838865
C0486,2025-03,86%,83.03118431581127
C0487,2025-03,83%,91.94952178963165
C0488,2025-03,86%,75.52337048360513
C0489,2025-03,85%,82.8920880413807
C0490,2025-03,75%,58.15920332546307
C0491,2025-03,75%,59.985658976451475
C0492,2025-03,94%,84.71744730694446
C0493,2025-03,91%,86.41583950157869
C0494,2025-03,81%,88.06180239724509
C0495,2025-03,70%,59.273777120049154
C0496,2025-03,82%,94.2016859706417
C0497,2025-03,85%,76.02551818006637
C0498,2025-03,74%,74.20191848229999
C0499,2025-03,85%,87.30851153036805
C0500,2025-03,89%,81.19735778526615
C0501,2025-03,88%,98.1380934651505
C0502,2025-03,94%,88.69457643723835
C0503,2025-03,93%,96.78177624163544
C0504,2025-03,95%,77.31707070454625
C0505,2025-03,75%,92.49793287887964
C0506,2025-03,91%,57.276076934516915
C0507,2025-03,87%,78.51389855880876
C0509,2025-03,83%,81.52000834676689
C0510,2025-03,89%,83.57075883957388
C0511,2025-03,70%,90.60748590893485
C0512,2025-03,87%,82.51925640154943
C0513,2025-03,97%,73.53593747246553
C0514,2025-03,100%,74.59467735397668
C0516,2025-03,100%,74.67087384877833
C0517,2025-03,81%,93.23570341374356
C0518,2025-03,90%,76.67913961426844
C0519,2025-03,84%,91.58064692562834
C0520,2025-03,96%,72.568436684713
C0521,2025-03,84%,85.93382882826394
C0522,2025-03,76%,79.33402204516061
C0523,2025-03,95%,92.14509514359115
C0524,2025-03,78%,100.0
C0525,2025-03,85%,81.84220349452855
C0526,2025-03,61%,98.44059201911821
C0527,2025-03,91%,77.75093051188101
C0528,2025-03,60%,82.86375279257128
C0529,2025-03,75%,78.56681486257038
C0530,2025-03,65%,69.34510886050178
C0531,2025-03,68%,94.73271278062771
C0532,2025-03,82%,82.7762694823095
C0533,2025-03,74%,76.377137297095
C0534,2025-03,91%,73.2711028484801
C0535,2025-03,78%,98.54965189772611
C0536,2025-03,85%,79.93622037185081
C0537,2025-03,72%,79.05236661546424
C0538,2025-03,91%,91.16585345827771
C0539,2025-03,85%,96.3527132691934
C0540,2025-03,88%,75.39384648388406
C0542,2025-03,92%,86.50481000965515
C0543,2025-03,87%,79.16654672528405
C0544,2025-03,83%,75.58892403768724
C0545,2025-03,95%,74.47918871322555
C0546,2025-03,85%,91.80100208151273
C0547,2025-03,77%,83.40069073555733
C0548,2025-03,93%,81.07255135996482
C0549,2025-03,94%,72.70693174757604
C0550,2025-03,82%,91.03989788703768
C0551,2025-03,90%,84.01803941485596
C0552,2025-03,87%,70.96512423213011
C0553,2025-03,83%,77.23592827587443
C0554,2025-03,65%,88.41241843494635
C0555,2025-03,66%,60.249858792144366
C0556,2025-03,78%,80.53832358895764
C0557,2025-03,83%,89.58457068950753
C0558,2025-03,69%,84.3488788945267
C0559,2025-03,56%,86.63583375876574
C0560,2025-03,80%,58.708048390012124
C0561,2025-03,83%,68.14119536620018
C0562,2025-03,93%,89.51438522977121
C0563,2025-03,100%,84.13298892273214
C0564,2025-03,67%,78.91464354218988
C0565,2025-03,88%,84.7330862680584
C0566,2025-03,100%,86.38799422432807
C0567,2025-03,65%,74.6418863744971
C0568,2025-03,71%,74.35374765659174
C0569,2025-03,92%,65.1621757558894
C0570,2025-03,86%,96.52529879112917
C0571,2025-03,85%,81.03350888298819
C0572,2025-03,90%,96.14377056361226
C0573,2025-03,92%,67.70817918954353
C0574,2025-03,86%,80.88194940362374
C0575,2025-03,87%,67.21441643206248
C0576,2025-03,66%,96.73170235517361
C0577,2025-03,93%,100.0
C0578,2025-03,100%,
C0579,2025-03,96%,69.54117320656104
C0580,2025-03,88%,68.9008299283377
C0581,2025-03,100%,79.78665362372415
C0582,2025-03,85%,82.11625336598645
C0583,2025-03,95%,86.78720497130399
C0584,2025-03,100%,85.92911022326797
C0585,2025-03,79%,81.7221721023045
C0586,2025-03,97%,77.48131317385113
C0587,2025-03,69%,72.34694934156852
C0588,2025-03,72%,87.21172025284838
C0589,2025-03,72%,58.42254998482469
C0590,2025-03,55%,80.44661483868308
C0591,2025-03,72%,
C0592,2025-03,82%,77.44490637743083
C0593,2025-03,78%,88.19114951380789
C0594,2025-03,67%,90.21502551037763
C0595,2025-03,52%,81.52125965568645
C0596,2025-03,74%,100.0
C0597,2025-03,72%,74.18082126253972
C0598,2025-03,100%,75.12337311525972
C0599,2025-03,83%,77.11801050762608
C0600,2025-03,100%,92.40619487879786
C0601,2025-03,74%,84.20267223414055
C0602,2025-03,95%,61.5405303991905
C0603,2025-03,85%,76.94789512686111
C0604,2025-03,73%,75.32190455673953
C0605,2025-03,87%,98.89338832637011
C0606,2025-03,79%,72.09772075693373
C0607,2025-03,78%,80.35639561893535
C0608,2025-03,62%,64.4768959662493
C0609,2025-03,100%,83.33415944992899
C0610,2025-03,87%,97.62574566622463
C0611,2025-03,67%,70.50346945074979
C0612,2025-03,86%,89.20492030037329
C0613,2025-03,76%,76.54862184974294
C0614,2025-03,99%,80.30575031203831
C0615,2025-03,79%,87.59753510802805
C0616,2025-03,82%,68.89592818089135
C0618,2025-03,88%,71.43593826879918
C0619,2025-03,82%,97.31466954130474
C0620,2025-03,98%,91.8837497840277
C0621,2025-03,87%,91.24844501005454
C0622,2025-03,100%,91.33996425546023
C0623,2025-03,78%,86.21061560113154
C0624,2025-03,73%,64.59428514919246
C0625,2025-03,75%,76.18790352341017
C0626,2025-03,74%,78.45375594756246
C0627,2025-03,72%,81.34945340826128
C0628,2025-03,100%,69.68487168528155
C0629,2025-03,78%,65.23179580943811
C0631,2025-03,67%,73.23798886291559
C0632,2025-03,82%,76.43840994223979
C0633,2025-03,55%,85.82794713240925
C0634,2025-03,86%,78.02280179322432
C0635,2025-03,76%,92.46084210256295
C0636,2025-03,100%,86.97652580499914
C0637,2025-03,93%,78.0765268263788
C0638,2025-03,90%,83.24961344463213
C0639,2025-03,73%,80.38678947595193
C0640,2025-03,88%,76.62735566808755
C0641,2025-03,100%,79.92751375322247
C0642,2025-03,75%,87.06224730809997
C0643,2025-03,71%,89.452163761303
C0644,2025-03,83%,100.0
C0645,2025-03,112/100,93.06264599008014
C0646,2025-03,91%,71.2675567806086
C0647,2025-03,87%,62.69859294603874
C0648,2025-03,86%,94.4094974615974
C0649,2025-03,73%,78.77835124837887
C0650,2025-03,100%,
C0651,2025-03,100%,97.65125626132367
C0652,2025-03,89%,79.74146357066172
C0653,2025-03,97%,79.49154511029191
C0654,2025-03,82%,73.98458043952093
C0655,2025-03,68%,60.47048508575652
C0656,2025-03,94%,71.91605693647551
C0657,2025-03,68%,74.40095457955684
C0658,2025-03,100%,62.793833685639676
C0659,2025-03,69%,81.70343819159332
C0660,2025-03,99%,82.94222345804312
C0661,2025-03,100%,90.78572661720244
C0662,2025-03,66%,72.25353890055236
C0663,2025-03,66%,62.29174600921113
C0664,2025-03,88%,76.47586773872797
C0665,2025-03,100%,66.71601219483871
C0666,2025-03,90%,78.25538832619416
C0667,2025-03,73%,89.46514494761438
C0668,2025-03,100%,74.1609210981422
C0669,2025-03,100%,78.40300015207691
C0670,2025-03,71%,59.91711388767688
C0671,2025-03,87%,
C0672,2025-03,90%,95.54776746450814
C0673,2025-03,79%,85.29998563582909
C0674,2025-03,72%,72.31819400458365
C0675,2025-03,70%,69.495443518364
C0676,2025-03,61%,79.05814377238543
C0677,2025-03,95%,87.28986882756709
C0678,2025-03,77%,73.51725432025192
C0679,2025-03,100%,78.22857291448906
C0680,2025-03,89%,60.78420376679334
C0681,2025-03,80%,86.9761765571325
C0682,2025-03,99%,70.86810596678586
C0683,2025-03,82%,86.28872874046517
C0684,2025-03,76%,83.29092604445762
C0685,2025-03,90%,83.70764926477774
C0686,2025-03,76%,77.63658465812728
C0687,2025-03,85%,96.84999504597069
C0688,2025-03,87%,74.47813574499365
C0689,2025-03,84%,97.33625144358619
C0690,2025-03,87%,82.90766031797958
C0691,2025-03,87%,81.49442809719451
C0692,2025-03,84%,77.26976282342014
C0693,2025-03,76%,
C0694,2025-03,71%,82.01980714768796
C0695,2025-03,73%,97.59321543634263
C0696,2025-03,73%,66.75177099913387
C0697,2025-03,91%,79.02327793449099
C0698,2025-03,100%,71.80041678901972
C0699,2025-03,82%,74.13172842035084
C0700,2025-03,97%,80.53639912251812
C0701,2025-03,75%,96.51329136720412
C0702,2025-03,80%,84.80254118495483
C0703,2025-03,80%,70.16243124892767
C0704,2025-03,91%,78.97412761086397
C0705,2025-03,75%,92.40939423235298
C0706,2025-03,91%,73.88723377235296
C0707,2025-03,86%,81.61179685950854
C0708,2025-03,84%,83.85031957645117
C0709,2025-03,75%,78.15514616189856
C0710,2025-03,61%,69.54743532632492
C0711,2025-03,77%,
C0712,2025-03,91%,100.0
C0713,2025-03,61%,75.60952099790201
C0714,2025-03,65%,76.69343348972134
C0715,2025-03,79%,88.07880363542981
C0716,2025-03,72%,100.0
C0717,2025-03,100%,71.72656613015124
C0718,2025-03,86%,69.1283405254947
C0719,2025-03,75%,86.14839569411951
C0720,2025-03,94%,87.05159378331402
C0721,2025-03,82%,71.52233210326814
C0722,2025-03,82%,78.28480153111508
C0723,2025-03,100%,68.6056453560996
C0724,2025-03,55%,74.75422049761282
C0725,2025-03,72%,79.39834164373187
C0726,2025-03,88%,89.41287003332705
C0727,2025-03,70%,91.64780857602787
C0728,2025-03,69%,78.05075041100562
C0729,2025-03,92%,95.34804220107509
C0730,2025-03,76%,91.87795426158789
C0731,2025-03,86%,66.95461205243093
C0732,2025-03,77%,89.90601031676252
C0733,2025-03,85%,87.50810197905938
C0734,2025-03,82%,100.0
C0735,2025-03,92%,82.85953206653032
C0736,2025-03,92%,96.61487577348153
C0737,2025-03,74%,63.45030446989749
C0738,2025-03,62%,75.44437558984413
C0739,2025-03,81%,60.87878655533699
C0740,2025-03,75%,76.80364776693413
C0741,2025-03,75%,84.00125828739675
C0742,2025-03,61%,79.90776015762897
C0743,2025-03,75%,87.50559515717326
C0744,2025-03,82%,100.0
C0745,2025-03,74%,76.23008529544825
C0746,2025-03,81%,92.2910411363024
C0747,2025-03,90%,87.37204206984289
C0748,2025-03,98%,83.49554792283608
C0749,2025-03,100%,88.67888973311074
C0750,2025-03,75%,77.4676922992627
C0751,2025-03,72%,90.09346748280805
C0752,2025-03,66%,66.38782922475758
C0753,2025-03,93%,82.95579245476348
C0754,2025-03,85%,78.5394077020213
C0756,2025-03,86%,71.33671697869504
C0757,2025-03,75%,85.05745105049023
C0758,2025-03,81%,92.34847960192756
C0759,2025-03,80%,75.33468000090096
C0760,2025-03,74%,81.40713805392367
C0761,2025-03,83%,75.03291665472612
C0762,2025-03,70%,74.70396622435834
C0763,2025-03,98%,96.3737240871202
C0764,2025-03,63%,63.02393562195307
C0765,2025-03,96%,82.70139031417578
C0766,2025-03,76%,59.19658937080909
C0767,2025-03,48%,90.76407336050111
C0768,2025-03,61%,77.42775129376136
C0769,2025-03,82%,63.63787780845733
C0770,2025-03,77%,79.47536429827602
C0771,2025-03,87%,69.00987205182514
C0772,2025-03,76%,89.70147262163744
C0773,2025-03,89%,90.75493236681535
C0774,2025-03,82%,68.89936630445922
C0775,2025-03,90%,86.46516330952097
C0776,2025-03,94%,75.39466655298199
C0777,2025-03,87%,76.42912949800058
C0778,2025-03,78%,99.41673053186992
C0780,2025-03,81%,95.17135680271481
C0781,2025-03,74%,98.49360031433844
C0782,2025-03,78%,
C0783,2025-03,86%,82.68360025298985
C0784,2025-03,94%,
C0785,2025-03,89%,79.1883855984956
C0786,2025-03,91%,87.850466273681
C0787,2025-03,79%,80.76937251728471
C0788,2025-03,96%,85.10481080558174
C0789,2025-03,82%,73.15867262118824
C0790,2025-03,76%,72.31488703554118
C0791,2025-03,60%,77.60721972426248
C0792,2025-03,88%,80.64635980219899
C0793,2025-03,76%,94.88714250800223
C0794,2025-03,69%,79.32141214152077
C0795,2025-03,66%,83.74871802890968
C0796,2025-03,92%,70.75831651531861
C0797,2025-03,85%,90.05450368476586
C0798,2025-03,88%,76.80268932924245
C0799,2025-03,78%,
C0800,2025-03,81%,79.78122645668427
H0001,2025-04,84%,81.85600945520738
H0002,2025-04,73%,71.06865259413628
H0003,2025-04,79%,93.09155626749808
H0004,2025-04,81%,67.5550505104027
H0005,2025-04,112/100,93.54525076584791
H0006,2025-04,79%,74.38868373800341
H0007,2025-04,74%,100.0
H0008,2025-04,81%,71.08784746226736
H0009,2025-04,95%,83.91413142586516
H0010,2025-04,89%,84.47856037859931
H0011,2025-04,86%,78.71311219262303
H0012,2025-04,82%,67.29409559440445
H0013,2025-04,74%,83.66069694430495
H0014,2025-04,79%,62.03269659956294
H0015,2025-04,75%,82.50179269895604
H0016,2025-04,75%,84.59488433059299
H0017,2025-04,73%,73.72667915227781
H0018,2025-04,80%,55.867801416960006
H0019,2025-04,87%,58.82183412545817
H0020,2025-04,82%,70.18036148311315
H0021,2025-04,82%,78.89282065673895
H0022,2025-04,85%,83.66971645716075
H0023,2025-04,68%,81.5812255749293
H0024,2025-04,58%,67.1204713703074
H0026,2025-04,89%,92.42758150873408
H0027,2025-04,100%,
H0028,2025-04,79%,89.78386061236993
H0029,2025-04,112/100,73.14724403551398
H0030,2025-04,64%,76.67812178759581
H0031,2025-04,64%,59.77331467658102
H0032,2025-04,82%,73.06354780277302
H0033,2025-04,100%,77.08900250976104
H0034,2025-04,82%,87.69874630962637
H0035,2025-04,63%,88.09320495533028
H0036,2025-04,76%,68.94460155235402
H0037,2025-04,68%,72.71675713228485
H0038,2025-04,84%,75.04792344080539
H0039,2025-04,71%,93.51502031882283
H0040,2025-04,95%,89.87166242639584
H0041,2025-04,69%,82.12853755487612
H0042,2025-04,72%,85.61261234248302
H0043,2025-04,100%,79.96063015767042
H0044,2025-04,67%,86.42659216669196
H0045,2025-04,97%,72.09317508526185
H0046,2025-04,70%,72.8421865742329
H0047,2025-04,69%,71.45121933100799
H0048,2025-04,92%,91.84047429977548
H0049,2025-04,81%,96.5359237444574
H0050,2025-04,70%,80.82197540657262
H0051,2025-04,74%,95.65555177447499
H0052,2025-04,63%,88.13297613944738
H0053,2025-04,63%,78.7595026938454
H0054,2025-04,85%,60.15428818144558
H0055,2025-04,71%,100.0
H0056,2025-04,98%,89.2270667251634
H0057,2025-04,72%,79.37805699663379
H0058,2025-04,68%,81.24865644475251
H0059,2025-04,82%,98.02024489793934
H0060,2025-04,77%,78.9223059888964
H0061,2025-04,75%,64.97953599797216
H0062,2025-04,70%,93.6282268621751
H0063,2025-04,83%,74.44887112782786
H0064,2025-04,79%,76.47703839760958
H0065,2025-04,96%,64.31027088937142
H0066,2025-04,100%,93.00405546012978
H0067,2025-04,74%,89.83886344490283
H0068,2025-04,80%,
H0069,2025-04,100%,90.60126071867616
H0070,2025-04,62%,88.01869492139137
H0071,2025-04,100%,93.268095528245
H0072,2025-04,89%,73.83975501605562
H0073,2025-04,62%,63.57887372415419
H0074,2025-04,77%,77.10477283886601
H0075,2025-04,100%,66.69103113043809
H0076,2025-04,86%,90.99373817485169
H0077,2025-04,74%,55.3726039473671
H0078,2025-04,69%,77.27361339197523
H0079,2025-04,61%,70.47561281172536
H0080,2025-04,85%,73.89121143329928
H0081,2025-04,94%,76.17423870177669
H0082,2025-04,88%,84.05439665388313
H0083,2025-04,81%,80.9712981075047
H0084,2025-04,87%,80.61079595127458
H0085,2025-04,79%,77.73718171334443
H0086,2025-04,89%,
H0087,2025-04,63%,87.5779100264515
H0088,2025-04,66%,72.94128010758364
H0089,2025-04,74%,67.51118345987734
H0090,2025-04,64%,81.49204324498854
H0091,2025-04,100%,81.31513950078246
H0092,2025-04,76%,71.74531382193865
H0093,2025-04,81%,73.39240026398072
H0094,2025-04,92%,83.71352329205462
H0095,2025-04,76%,
H0096,2025-04,62%,92.01116630853272
H0097,2025-04,72%,72.2675254414547
H0098,2025-04,76%,82.45493310124785
H0099,2025-04,85%,84.33101409027756
H0100,2025-04,70%,
H0101,2025-04,78%,95.2339149696325
H0102,2025-04,82%,77.36120183076139
H0103,2025-04,79%,72.01337034505752
H0104,2025-04,100%,81.90884974771927
H0105,2025-04,86%,71.61895187893121
H0106,2025-04,83%,80.43928746461015
H0107,2025-04,94%,72.52956980997179
H0108,2025-04,87%,87.31140777863381
H0109,2025-04,53%,93.81373678214193
H0110,2025-04,97%,69.08580347583616
H0111,2025-04,69%,70.0780735386218
H0112,2025-04,82%,69.44567018969
H0113,2025-04,72%,79.47481301965561
H0114,2025-04,85%,89.3549435485528
H0115,2025-04,71%,66.0084308277773
H0116,2025-04,81%,82.322621971031
H0117,2025-04,91%,96.3187493165808
H0118,2025-04,68%,71.92778373495072
H0119,2025-04,71%,74.16834076557332
H0120,2025-04,64%,73.63323041614883
H0121,2025-04,100%,95.34707978272031
H0122,2025-04,79%,81.81745694730247
H0123,2025-04,79%,89.83777400556654
H0124,2025-04,71%,74.78811056850034
H0125,2025-04,75%,91.22427690528104
H0126,2025-04,58%,79.62918453312108
H0127,2025-04,90%,98.69369426614541
H0128,2025-04,71%,90.28643416714607
H0129,2025-04,82%,97.28012988513417
H0130,2025-04,84%,89.47234146387875
H0131,2025-04,100%,72.83636299031619
H0132,2025-04,65%,96.4231610921957
H0133,2025-04,82%,96.22852800299465
H0135,2025-04,57%,79.87356266496454
H0136,2025-04,100%,73.419529947523
H0137,2025-04,68%,82.94902483926961
H0138,2025-04,82%,81.2862350143441
H0139,2025-04,80%,84.27488344824647
H0140,2025-04,86%,74.80105747900535
H0141,2025-04,100%,65.22105345752387
H0142,2025-04,85%,68.7728202299634
H0143,2025-04,77%,85.80288468201407
H0144,2025-04,86%,71.71473381644812
H0145,2025-04,81%,63.670274037333556
H0146,2025-04,94%,72.3046739499906
H0147,2025-04,96%,90.26424820293903
H0149,2025-04,87%,83.01099404179739
H0150,2025-04,99%,81.05619592719975
H0151,2025-04,82%,82.40502270639844
H0152,2025-04,94%,84.62865202649104
H0153,2025-04,81%,68.45659957065187
H0154,2025-04,87%,82.73839766177352
H0155,2025-04,68%,76.75164308927148
H0156,2025-04,69%,76.05621256065187
H0157,2025-04,100%,76.51200932375254
H0158,2025-04,83%,76.84288158118522
H0159,2025-04,81%,83.82194142450744
H0160,2025-04,97%,87.84579992943885
H0161,2025-04,90%,88.82903901103177
H0163,2025-04,78%,82.09121529977168
H0164,2025-04,91%,94.66770339182668
H0165,2025-04,90%,74.88714067717297
H0166,2025-04,86%,71.68197062230877
H0167,2025-04,100%,74.95971136857321
H0168,2025-04,71%,70.39614276311018
H0169,2025-04,88%,93.5139296988524
H0170,2025-04,79%,98.19959915812152
H0171,2025-04,77%,88.86035533904844
H0173,2025-04,87%,82.21195197501586
H0174,2025-04,73%,83.60992122326438
H0175,2025-04,73%,98.48728701891218
H0176,2025-04,56%,89.93309602043503
H0177,2025-04,94%,98.36590946063087
H0178,2025-04,85%,76.88014955128293
H0179,2025-04,92%,79.61498211413391
H0180,2025-04,69%,83.57804620262073
H0181,2025-04,85%,71.33964762235968
H0182,2025-04,85%,89.98500573899258
H0183,2025-04,85%,74.82521356149869
H0184,2025-04,78%,68.73078501778195
H0185,2025-04,71%,100.0
H0186,2025-04,86%,92.61019546744895
H0187,2025-04,79%,85.74691678479451
H0188,2025-04,80%,90.15898952262643
H0190,2025-04,80%,80.47553995078495
H0191,2025-04,96%,97.02076864986621
H0192,2025-04,94%,96.27923513187152
H0193,2025-04,84%,89.15555662482535
H0194,2025-04,86%,65.49487940600909
H0195,2025-04,65%,67.7224563624614
H0196,2025-04,100%,87.21902449735116
H0197,2025-04,100%,
H0198,2025-04,70%,70.57495792521149
H0199,2025-04,80%,93.02163753126123
H0200,2025-04,86%,74.47186870339267
H0201,2025-04,87%,84.71364185957556
H0202,2025-04,75%,78.64750399058954
H0203,2025-04,83%,75.41048903363765
H0204,2025-04,89%,79.54958412395648
H0205,2025-04,69%,85.9450965990478
H0206,2025-04,79%,96.08238297240955
H0207,2025-04,94%,75.78694569481071
H0208,2025-04,95%,
H0209,2025-04,91%,86.72258677110034
H0210,2025-04,91%,86.35040680666525
H0211,2025-04,79%,70.69432806979776
H0212,2025-04,79%,56.14601813053686
H0213,2025-04,84%,68.58860117077155
H0214,2025-04,72%,75.00197190994822
H0215,2025-04,80%,80.13220281990453
H0216,2025-04,83%,89.40709552809615
H0217,2025-04,100%,67.85105737326074
H0218,2025-04,100%,79.98679699924242
H0219,2025-04,100%,95.06704950161775
H0220,2025-04,67%,73.82185641210356
H0221,2025-04,100%,93.25673472458199
H0222,2025-04,84%,88.93840706706018
H0223,2025-04,75%,93.08745241383599
H0224,2025-04,78%,73.64844384336969
H0225,2025-04,68%,82.88458733891665
H0226,2025-04,82%,75.87020433617155
H0227,2025-04,93%,94.48946977395967
H0228,2025-04,67%,78.86810582562755
H0229,2025-04,73%,80.91085961618084
H0230,2025-04,80%,56.868867279917794
H0231,2025-04,100%,65.38409760800597
H0232,2025-04,55%,90.17045812563238
H0233,2025-04,88%,88.39917575308111
H0234,2025-04,84%,80.89398644917208
H0235,2025-04,87%,100.0
H0236,2025-04,58%,80.1242112050045
H0237,2025-04,73%,88.61612299681299
H0238,2025-04,75%,86.09984561190335
H0239,2025-04,64%,92.03763051742507
H0240,2025-04,100%,90.6613587097521
H0241,2025-04,90%,68.93789515914762
H0242,2025-04,92%,68.11652789648574
H0243,2025-04,93%,81.51783039859627
H0244,2025-04,62%,87.12729501180256
H0245,2025-04,62%,99.10398726286233
H0246,2025-04,95%,87.37283106482776
H0247,2025-04,68%,76.25748354351933
H0248,2025-04,87%,79.00491165695648
H0249,2025-04,69%,88.99993344644915
H0250,2025-04,71%,77.2381699554054
H0251,2025-04,80%,86.63322042206704
H0252,2025-04,69%,62.190238659962596
H0253,2025-04,54%,69.6689014662814
H0255,2025-04,100%,100.0
H0256,2025-04,90%,74.26674926512486
H0257,2025-04,68%,86.68437606313701
H0258,2025-04,75%,96.27220944782351
H0259,2025-04,81%,86.14805942767656
H0260,2025-04,82%,80.04880191853971
H0261,2025-04,72%,95.51758373718584
H0262,2025-04,96%,68.18073018928528
H0263,2025-04,74%,59.541038203060936
H0264,2025-04,84%,68.10083126388878
H0265,2025-04,100%,63.636018319052496
H0266,2025-04,80%,72.20030829435778
H0267,2025-04,100%,79.5089294135008
H0268,2025-04,87%,75.22036596121185
H0269,2025-04,76%,56.73364488984191
H0270,2025-04,79%,77.81574599978468
H0271,2025-04,75%,80.22513036873004
H0272,2025-04,65%,88.93689321682095
H0273,2025-04,38%,91.61890076816316
H0274,2025-04,70%,86.52723622614938
H0275,2025-04,112/100,53.738923788603834
H0276,2025-04,69%,73.08844252515075
H0277,2025-04,97%,76.57840477640168
H0278,2025-04,76%,69.08587842638546
H0279,2025-04,100%,95.92972202891185
H0280,2025-04,74%,74.76965032717035
H0281,2025-04,93%,
H0282,2025-04,81%,85.82080356925178
H0283,2025-04,78%,66.28260742651594
H0284,2025-04,100%,71.0504281684559
H0285,2025-04,100%,84.6511538434949
H0286,2025-04,77%,70.35083805685298
H0287,2025-04,70%,98.60051201768387
H0288,2025-04,81%,86.46909974007653
H0289,2025-04,86%,81.88874718927863
H0291,2025-04,83%,65.57502319842393
H0292,2025-04,73%,81.38978712442362
H0293,2025-04,100%,67.9325156804779
H0294,2025-04,73%,94.26440485198597
H0295,2025-04,80%,100.0
H0296,2025-04,97%,68.67242354121527
H0297,2025-04,69%,75.07709880639248
H0298,2025-04,80%,80.65846859332055
H0299,2025-04,89%,92.08857503768422
H0300,2025-04,83%,99.61176142494847
H0301,2025-04,87%,79.59324069105526
H0302,2025-04,80%,95.98140540419776
H0303,2025-04,85%,81.6939259849773
H0304,2025-04,73%,75.82050418265325
H0305,2025-04,62%,65.94783763375679
H0306,2025-04,73%,73.24223087708928
H0307,2025-04,82%,79.80267082762364
H0308,2025-04,89%,76.46564706239917
H0309,2025-04,98%,100.0
H0310,2025-04,100%,83.07449232775157
H0311,2025-04,63%,76.6972844602288
H0312,2025-04,71%,66.1086290453858
H0313,2025-04,77%,77.44202778671927
H0314,2025-04,85%,74.29004549183901
H0315,2025-04,82%,80.11549444262255
H0316,2025-04,91%,100.0
H0317,2025-04,86%,
H0318,2025-04,90%,83.44464812862142
H0319,2025-04,65%,78.49399350426006
H0320,2025-04,83%,76.33668467233149
H0321,2025-04,84%,83.29445499223228
H0322,2025-04,84%,86.34382637555638
H0323,2025-04,82%,87.62917163998635
H0324,2025-04,100%,88.74347267173178
H0325,2025-04,82%,89.13086098370562
H0326,2025-04,70%,68.4744177838794
H0327,2025-04,68%,83.17924310593293
H0328,2025-04,73%,89.82742857630515
H0329,2025-04,68%,74.75948229923495
H0330,2025-04,100%,72.09616331415164
H0331,2025-04,99%,61.95190066460353
H0332,2025-04,76%,71.88034165432683
H0333,2025-04,86%,76.58422548436758
H0334,2025-04,79%,92.62888718081761
H0335,2025-04,80%,66.80393779142273
H0336,2025-04,112/100,92.41719294179723
H0337,2025-04,89%,81.6246103057025
H0338,2025-04,79%,65.02045093542947
H0339,2025-04,79%,88.29754934379376
H0340,2025-04,76%,85.66200915092462
H0341,2025-04,97%,85.57987407196893
H0342,2025-04,72%,85.10808438489397
H0343,2025-04,75%,87.52927580677596
H0344,2025-04,73%,81.2685599311023
H0345,2025-04,91%,89.48221427068178
H0346,2025-04,100%,66.01628953421358
H0347,2025-04,74%,83.92382207969005
H0348,2025-04,100%,86.23349321301197
H0349,2025-04,94%,89.8109748489916
H0350,2025-04,70%,87.8503376353031
H0351,2025-04,84%,75.32716277606521
H0352,2025-04,70%,88.18395304255075
H0353,2025-04,78%,72.08140731430153
H0354,2025-04,64%,70.2910028846958
H0355,2025-04,76%,79.1774308345412
H0356,2025-04,78%,70.12776777600195
H0357,2025-04,69%,76.58661861889863
H0358,2025-04,86%,85.74420190732997
H0359,2025-04,95%,88.81623032938899
H0360,2025-04,87%,68.6597802917034
H0361,2025-04,66%,59.14588717865216
H0362,2025-04,97%,71.0503461763727
H0363,2025-04,85%,77.90257767931126
H0364,2025-04,73%,100.0
H0365,2025-04,80%,73.2860852227949
H0366,2025-04,97%,97.60695215047946
H0367,2025-04,80%,85.9683539043224
H0368,2025-04,74%,79.07266306426165
H0369,2025-04,82%,80.10185116217058
H0370,2025-04,66%,92.73261395239084
H0371,2025-04,72%,75.23746832630869
H0372,2025-04,91%,100.0
H0373,2025-04,80%,86.06741852750807
H0374,2025-04,79%,79.18325341637322
H0375,2025-04,84%,84.39457539379679
H0376,2025-04,92%,93.29878019559564
H0377,2025-04,100%,98.13998060509492
H0378,2025-04,47%,84.48774457087819
H0379,2025-04,79%,73.94297058141869
H0380,2025-04,77%,82.30372426648287
H0381,2025-04,95%,66.90271799232463
H0382,2025-04,80%,87.57318834680085
H0384,2025-04,77%,74.3020818110326
H0385,2025-04,99%,89.65994531103144
H0386,2025-04,59%,88.3646032760874
H0387,2025-04,84%,71.42056890270018
H0388,2025-04,87%,82.92636263211668
H0389,2025-04,100%,81.21634915349176
H0390,2025-04,67%,74.44419855647111
H0391,2025-04,75%,82.44558586353261
H0392,2025-04,89%,81.73340225976067
H0393,2025-04,76%,77.05357306295699
H0394,2025-04,63%,90.05124625396748
H0395,2025-04,94%,68.42681504357286
H0396,2025-04,82%,76.24107013513635
H0397,2025-04,71%,73.82050670781132
H0398,2025-04,69%,67.22553209687216
H0399,2025-04,85%,81.87842603405795
H0400,2025-04,67%,71.81394497701862
H0401,2025-04,87%,75.27327667566388
H0402,2025-04,100%,85.95130275165724
H0403,2025-04,67%,63.96133624191247
H0404,2025-04,100%,87.35396033370915
H0405,2025-04,97%,95.04008045197818
H0406,2025-04,75%,83.88178467643856
H0407,2025-04,79%,90.06175476019062
H0408,2025-04,75%,100.0
H0409,2025-04,87%,84.15899477698767
H0410,2025-04,82%,84.29407677211078
H0411,2025-04,77%,90.3465470330619
H0412,2025-04,72%,73.75222027079123
H0413,2025-04,74%,73.81423558311002
H0414,2025-04,93%,81.19216700578345
H0415,2025-04,71%,78.7166155706558
H0416,2025-04,75%,69.06155181038697
H0417,2025-04,91%,67.80940814282923
H0418,2025-04,77%,66.78061336430133
H0419,2025-04,75%,77.49837155524796
H0420,2025-04,77%,69.69357799595711
H0421,2025-04,100%,84.73836928569861
H0422,2025-04,70%,94.91266713697861
H0423,2025-04,96%,85.36730755209565
H0424,2025-04,77%,75.7792401910605
H0425,2025-04,86%,100.0
H0426,2025-04,76%,74.66937502568928
H0427,2025-04,94%,77.38547965615808
H0428,2025-04,66%,77.63668335676428
H0429,2025-04,72%,90.3254258340857
H0430,2025-04,73%,71.09923536596416
H0431,2025-04,84%,96.11255206748275
H0432,2025-04,82%,61.05046555531272
H0433,2025-04,60%,72.70607494334732
H0434,2025-04,69%,88.63347167738128
H0435,2025-04,100%,100.0
H0436,2025-04,82%,95.85126337772178
H0437,2025-04,57%,86.53820238077563
H0438,2025-04,90%,72.90040416248354
H0439,2025-04,83%,74.9401993419546
H0440,2025-04,87%,89.14132280227038
H0441,2025-04,88%,87.86696730237132
H0442,2025-04,71%,77.32951280893847
H0443,2025-04,87%,76.89661262916283
H0444,2025-04,92%,91.20445839806194
H0445,2025-04,79%,89.27840521536103
H0446,2025-04,96%,84.35875265761581
H0447,2025-04,61%,72.8319479536361
H0448,2025-04,90%,85.36864193912368
H0449,2025-04,70%,77.1640279715393
H0450,2025-04,54%,78.9923383604915
H0452,2025-04,59%,85.29804288407766
H0453,2025-04,99%,61.25266218499608
H0454,2025-04,74%,92.43543409797148
H0455,2025-04,89%,91.7094089005564
H0456,2025-04,76%,89.36123241404306
H0457,2025-04,100%,84.65621058812738
H0458,2025-04,77%,68.98445211033356
H0459,2025-04,85%,89.51462295460715
H0460,2025-04,72%,74.66259662810893
H0461,2025-04,90%,73.34959390911298
H0462,2025-04,81%,100.0
H0463,2025-04,88%,83.13280386398039
H0464,2025-04,65%,80.1569452690884
H0465,2025-04,88%,76.56355807419315
H0466,2025-04,83%,82.09248927484242
H0467,2025-04,62%,73.42363118552925
H0468,2025-04,56%,
H0469,2025-04,99%,70.46810757211547
H0470,2025-04,89%,81.43210904883678
H0471,2025-04,85%,
H0472,2025-04,100%,
H0473,2025-04,93%,88.58939233049381
H0474,2025-04,99%,72.36016361923853
H0475,2025-04,70%,84.147826833947
H0476,2025-04,83%,87.83101294155043
H0477,2025-04,100%,88.49959990598528
H0478,2025-04,90%,75.39085961515701
H0479,2025-04,45%,86.56226133943386
H0480,2025-04,83%,
H0481,2025-04,74%,76.0426121713318
H0482,2025-04,70%,68.9833108275466
H0483,2025-04,96%,77.64659043002828
H0484,2025-04,77%,75.1528089743384
H0485,2025-04,86%,71.08884405804795
H0486,2025-04,72%,76.41291219377935
H0487,2025-04,85%,75.3017177984712
H0488,2025-04,90%,
H0489,2025-04,85%,88.73386863022003
H0490,2025-04,78%,73.81445581801809
H0491,2025-04,84%,89.7985325653452
H0492,2025-04,112/100,85.47739078513298
H0493,2025-04,92%,66.19117954436732
H0494,2025-04,79%,81.63712324190973
H0495,2025-04,69%,83.10182577987861
H0496,2025-04,61%,78.14063940981136
H0497,2025-04,63%,63.35787725949897
H0498,2025-04,62%,59.80844455399126
H0499,2025-04,61%,86.35258533138224
H0500,2025-04,87%,81.04887776775773
H0501,2025-04,94%,73.77929892254654
H0502,2025-04,76%,91.22903572865691
H0503,2025-04,81%,79.47598880951745
H0504,2025-04,90%,67.49966114638725
H0505,2025-04,88%,81.0922691746273
H0506,2025-04,112/100,89.23318713964456
H0507,2025-04,95%,58.97441382086021
H0508,2025-04,89%,91.09265966255069
H0509,2025-04,71%,91.33334597788226
H0510,2025-04,87%,87.49020215459045
H0511,2025-04,100%,80.91571245566698
H0512,2025-04,79%,82.95933899458747
H0513,2025-04,90%,70.5544977622395
H0514,2025-04,100%,71.94535907665941
H0515,2025-04,77%,96.4312364488586
H0516,2025-04,67%,75.67399182825365
H0517,2025-04,82%,76.52091450015892
H0518,2025-04,74%,86.12666525110185
H0519,2025-04,82%,60.341901599225054
H0520,2025-04,67%,74.44803206857677
H0521,2025-04,69%,76.6658106543065
H0522,2025-04,78%,78.9968846983227
H0523,2025-04,77%,87.48410275122441
H0524,2025-04,100%,
H0525,2025-04,74%,81.47386678764299
H0526,2025-04,77%,65.55037514377526
H0527,2025-04,86%,52.28572684013626
H0528,2025-04,100%,77.48867598745693
H0529,2025-04,80%,72.50096780516091
H0530,2025-04,95%,78.74064767741706
H0531,2025-04,77%,84.407966847245
H0532,2025-04,66%,66.85506230630696
H0533,2025-04,72%,93.64816686570506
H0534,2025-04,79%,86.34256619864911
H0535,2025-04,100%,80.57220682349109
H0536,2025-04,93%,84.53531413990288
H0537,2025-04,90%,72.89817408832792
H0538,2025-04,78%,75.91594210663976
H0539,2025-04,76%,61.68284457742184
H0540,2025-04,71%,55.86498751459599
H0541,2025-04,91%,79.88970821633436
H0542,2025-04,94%,62.772109891800085
H0543,2025-04,94%,87.81468872738812
H0544,2025-04,67%,78.42482407589839
H0545,2025-04,74%,76.41272217894104
H0546,2025-04,100%,73.09038202956083
H0547,2025-04,90%,58.93470535411309
H0548,2025-04,96%,85.72353869366438
H0549,2025-04,79%,84.42560880438415
H0550,2025-04,93%,68.56874047049673
H0551,2025-04,77%,84.9735328224624
H0552,2025-04,90%,67.48630490159178
H0553,2025-04,82%,65.9537807463328
H0554,2025-04,81%,94.0913590504001
H0555,2025-04,112/100,63.42381960348456
H0556,2025-04,57%,63.58582257839854
H0558,2025-04,96%,85.14970859879196
H0559,2025-04,89%,75.41032099032537
H0561,2025-04,67%,93.58677259279037
H0562,2025-04,77%,80.67291761155305
H0563,2025-04,95%,74.77733498119625
H0564,2025-04,65%,88.88288276428868
H0565,2025-04,73%,90.4915022139304
H0566,2025-04,63%,67.15117205931377
H0567,2025-04,90%,91.30112042879514
H0568,2025-04,75%,76.29995393337218
H0569,2025-04,97%,79.3913938146731
H0570,2025-04,83%,89.26316238902588
H0571,2025-04,88%,74.28823955330108
H0572,2025-04,88%,91.18697292073344
H0574,2025-04,88%,78.90797645214305
H0575,2025-04,95%,64.60124267762072
H0576,2025-04,75%,
H0577,2025-04,72%,88.5586590466326
H0578,2025-04,63%,60.79638203409796
H0579,2025-04,86%,61.17498243644606
H0580,2025-04,76%,89.39934128382227
H0581,2025-04,80%,74.84146047964747
H0582,2025-04,81%,76.10792922665591
H0583,2025-04,89%,88.91341873201557
H0584,2025-04,76%,87.54190291622541
H0585,2025-04,85%,66.8399829687449
H0586,2025-04,67%,79.06728315004482
H0587,2025-04,97%,81.50488032602253
H0588,2025-04,56%,79.79655962860046
H0589,2025-04,70%,74.0793455705803
H0590,2025-04,90%,83.82585045560451
H0591,2025-04,88%,73.71606004648598
H0592,2025-04,90%,82.21370391834618
H0593,2025-04,68%,81.77581078785997
H0594,2025-04,46%,84.16201792261285
H0596,2025-04,84%,83.64565731641285
H0597,2025-04,88%,93.73637023478962
H0598,2025-04,71%,90.76966476234637
H0599,2025-04,81%,73.66427543151593
H0600,2025-04,63%,84.60401748250109
C0002,2025-04,92%,73.39136198898031
C0004,2025-04,100%,77.75707535739346
C0005,2025-04,66%,61.06124118194931
C0006,2025-04,74%,89.02195877140632
C0007,2025-04,77%,83.91874160815235
C0008,2025-04,100%,90.88210293559128
C0009,2025-04,78%,85.44093749303838
C0010,2025-04,89%,91.55703144285681
C0011,2025-04,67%,84.21473185112622
C0012,2025-04,75%,68.79271973212606
C0013,2025-04,81%,67.75211320852593
C0014,2025-04,58%,74.31920793239553
C0015,2025-04,68%,72.10082306257975
C0016,2025-04,76%,57.745228223542
C0017,2025-04,88%,69.73814771461059
C0018,2025-04,83%,93.05440838900456
C0019,2025-04,90%,69.58945289904327
C0020,2025-04,74%,85.23477269887964
C0021,2025-04,98%,72.17933097727577
C0022,2025-04,89%,79.36285173921256
C0023,2025-04,77%,75.88209440928023
C0024,2025-04,75%,71.00940142082531
C0025,2025-04,74%,82.56245177769956
C0026,2025-04,71%,75.04016935910082
C0027,2025-04,74%,66.3432798576942
C0028,2025-04,82%,80.26861258625719
C0029,2025-04,84%,94.13694664988435
C0030,2025-04,92%,72.96155380934033
C0031,2025-04,84%,78.97671007025284
C0032,2025-04,64%,86.24386116589487
C0033,2025-04,81%,81.19046928496718
C0035,2025-04,100%,68.94798138028587
C0036,2025-04,82%,62.124142840740404
C0037,2025-04,82%,78.57485946287018
C0038,2025-04,81%,67.0912977150118
C0039,2025-04,84%,71.33679339734962
C0040,2025-04,71%,81.31206185977673
C0041,2025-04,92%,76.79765173797367
C0042,2025-04,84%,62.45959962594782
C0043,2025-04,100%,79.63217931063492
C0044,2025-04,83%,81.51025135189539
C0045,2025-04,91%,
C0046,2025-04,76%,81.07295347023134
C0047,2025-04,86%,89.81959924770287
C0048,2025-04,89%,98.86002721291287
C0051,2025-04,77%,77.76277475011962
C0052,2025-04,83%,100.0
C0053,2025-04,61%,71.21672044221388
C0054,2025-04,94%,81.72775219893651
C0055,2025-04,81%,89.17111694943276
C0056,2025-04,89%,86.07996207331107
C0057,2025-04,75%,74.61099065064326
C0058,2025-04,82%,91.21567521656881
C0059,2025-04,90%,66.91504519554766
C0060,2025-04,88%,76.47843248891257
C0061,2025-04,72%,87.17301324588175
C0062,2025-04,94%,71.51113120812637
C0063,2025-04,84%,
C0064,2025-04,79%,87.08944427812074
C0065,2025-04,77%,92.92287188524966
C0066,2025-04,90%,100.0
C0067,2025-04,68%,82.16753887957692
C0068,2025-04,68%,65.81119327922792
C0069,2025-04,96%,85.43311658432322
C0070,2025-04,85%,82.96702099775888
C0071,2025-04,89%,92.69508134963749
C0072,2025-04,78%,71.69844131058078
C0073,2025-04,89%,68.12564767783498
C0074,2025-04,72%,75.84632543360644
C0075,2025-04,87%,94.12637700585435
C0076,2025-04,69%,82.75353514599803
C0077,2025-04,94%,78.30415601679208
C0078,2025-04,93%,79.31270541154213
C0079,2025-04,79%,81.26624159780347
C0080,2025-04,75%,90.84257901156306
C0081,2025-04,91%,84.80251413719749
C0082,2025-04,70%,98.8260652313414
C0083,2025-04,76%,82.04348240660983
C0084,2025-04,95%,78.6118604148876
C0085,2025-04,79%,89.36115423152208
C0086,2025-04,87%,82.41976088848212
C0088,2025-04,88%,74.37250607951954
C0089,2025-04,100%,76.58803772566714
C0090,2025-04,83%,60.99527655225114
C0091,2025-04,98%,94.90952807945887
C0092,2025-04,73%,98.01552189791244
C0093,2025-04,100%,
C0094,2025-04,112/100,95.01679102248055
C0095,2025-04,70%,65.06032331990998
C0096,2025-04,63%,89.32175866712782
C0097,2025-04,91%,
C0098,2025-04,95%,99.40664687755655
C0099,2025-04,60%,86.57726525422022
C0100,2025-04,89%,88.00428748234744
C0101,2025-04,112/100,
C0102,2025-04,96%,91.8629494319093
C0103,2025-04,75%,69.353118953354
C0104,2025-04,89%,75.49939943031681
C0105,2025-04,100%,80.11675176931074
C0106,2025-04,74%,60.059628044842455
C0107,2025-04,71%,86.21144194042941
C0108,2025-04,100%,66.61811402192421
C0109,2025-04,84%,92.96349858579701
C0110,2025-04,79%,69.03317157764076
C0111,2025-04,74%,79.99443021708866
C0112,2025-04,95%,87.16204644168037
C0113,2025-04,79%,100.0
C0114,2025-04,79%,74.5565359292467
C0115,2025-04,76%,74.01646372399277
C0116,2025-04,84%,92.63783019647309
C0117,2025-04,86%,82.69915266164217
C0118,2025-04,98%,87.45279553645764
C0119,2025-04,69%,85.83472251331335
C0120,2025-04,76%,79.31485678289454
C0122,2025-04,84%,98.25509389558226
C0123,2025-04,90%,67.58285846909111
C0124,2025-04,78%,66.59938712686582
C0125,2025-04,79%,71.96650377490795
C0126,2025-04,92%,98.1464288834056
C0127,2025-04,80%,100.0
C0128,2025-04,91%,91.03103910358264
C0129,2025-04,94%,
C0130,2025-04,64%,87.13130972036421
C0131,2025-04,84%,81.36491019587818
C0132,2025-04,81%,71.15473593354191
C0133,2025-04,90%,97.0506810032565
C0134,2025-04,95%,93.1250926956616
C0135,2025-04,76%,74.46053232171481
C0136,2025-04,93%,91.16113079982057
C0137,2025-04,94%,76.70762514857545
C0138,2025-04,84%,82.22891581248408
C0139,2025-04,85%,
C0140,2025-04,79%,72.43712020722994
C0141,2025-04,72%,66.10287077611623
C0142,2025-04,91%,76.73306077909079
C0143,2025-04,84%,61.9019163722361
C0145,2025-04,97%,74.76879744454551
C0146,2025-04,75%,84.15526073469721
C0147,2025-04,79%,86.12436579423002
C0148,2025-04,53%,64.81814781388246
C0149,2025-04,88%,85.95889364428241
C0150,2025-04,71%,74.14108585162644
C0151,2025-04,84%,83.34734074231969
C0152,2025-04,63%,80.26421299829406
C0153,2025-04,84%,77.98227699015372
C0154,2025-04,84%,72.64059493673226
C0155,2025-04,80%,93.02626637108813
C0156,2025-04,80%,96.08531795757756
C0158,2025-04,99%,
C0159,2025-04,71%,72.7270060162833
C0160,2025-04,100%,84.68783325198798
C0161,2025-04,80%,77.83218195646108
C0162,2025-04,100%,62.60137414187932
C0163,2025-04,84%,75.85952854980485
C0164,2025-04,92%,79.0163567499203
C0165,2025-04,68%,89.11650544485595
C0166,2025-04,62%,
C0167,2025-04,99%,80.32410908445414
C0168,2025-04,100%,80.31589561018932
C0169,2025-04,76%,93.02957870982868
C0170,2025-04,100%,68.7633939484207
C0171,2025-04,60%,82.53416558704146
C0172,2025-04,82%,92.01113872152844
C0173,2025-04,73%,79.04149946387757
C0174,2025-04,81%,78.81529767223978
C0176,2025-04,61%,61.001698605317756
C0177,2025-04,84%,
C0178,2025-04,63%,68.59757211372353
C0179,2025-04,72%,81.22705069954108
C0180,2025-04,87%,74.3841620985664
C0181,2025-04,84%,100.0
C0182,2025-04,83%,76.27991858130163
C0183,2025-04,66%,58.68188761627525
C0184,2025-04,96%,79.20044650534889
C0185,2025-04,74%,67.93964034355552
C0186,2025-04,92%,83.37255152539551
C0187,2025-04,81%,90.11339706838267
C0188,2025-04,93%,71.18794644214276
C0189,2025-04,100%,82.22682988583479
C0190,2025-04,80%,82.43948436874021
C0191,2025-04,100%,69.91778112411629
C0192,2025-04,90%,75.36951177431271
C0193,2025-04,87%,
C0194,2025-04,68%,79.24532607720032
C0195,2025-04,76%,77.3302788216411
C0196,2025-04,88%,83.70016684115708
C0198,2025-04,86%,78.51095087710131
C0199,2025-04,86%,85.37291595706026
C0202,2025-04,98%,96.99576630227853
C0203,2025-04,76%,81.03117908510639
C0204,2025-04,67%,83.49858086873594
C0205,2025-04,71%,68.92224851524587
C0206,2025-04,94%,77.4533736923599
C0207,2025-04,74%,78.79913089743197
C0208,2025-04,66%,91.17530651203643
C0209,2025-04,77%,83.23970415652114
C0210,2025-04,87%,80.93854729295577
C0211,2025-04,73%,76.90381147172218
C0212,2025-04,88%,68.3945583699554
C0213,2025-04,85%,72.80213144167143
C0214,2025-04,83%,73.88131787352246
C0215,2025-04,73%,88.12069175919274
C0216,2025-04,68%,
C0218,2025-04,89%,81.19436197043143
C0219,2025-04,86%,98.01771821442289
C0220,2025-04,87%,79.72285390503616
C0221,2025-04,92%,90.57162076283642
C0222,2025-04,74%,65.95847459667642
C0223,2025-04,95%,100.0
C0224,2025-04,78%,73.6053135080451
C0225,2025-04,79%,71.99717527257465
C0226,2025-04,100%,100.0
C0228,2025-04,74%,72.94434053064522
C0229,2025-04,112/100,85.49982296740846
C0230,2025-04,78%,86.75739967848573
C0231,2025-04,82%,67.93293519026024
C0232,2025-04,84%,67.91936610345664
C0233,2025-04,61%,88.8535040332776
C0234,2025-04,77%,87.35266603281296
C0235,2025-04,78%,68.85264452599763
C0236,2025-04,83%,78.09760776963024
C0237,2025-04,65%,86.83391012580324
C0238,2025-04,62%,80.82200671612458
C0239,2025-04,84%,77.13417137286866
C0240,2025-04,96%,72.73755978477243
C0241,2025-04,86%,85.94914902765565
C0242,2025-04,100%,78.35784161412701
C0243,2025-04,78%,77.58059643668399
C0244,2025-04,81%,82.17301859871316
C0245,2025-04,74%,
C0247,2025-04,72%,74.05448420080667
C0248,2025-04,83%,83.00720269898363
C0249,2025-04,54%,82.37765064361083
C0250,2025-04,98%,100.0
C0251,2025-04,93%,85.23548158592232
C0252,2025-04,81%,94.50391290569796
C0253,2025-04,79%,
C0254,2025-04,85%,91.35733954798121
C0255,2025-04,100%,78.43400052469373
C0256,2025-04,76%,68.96884177637926
C0257,2025-04,86%,100.0
C0258,2025-04,66%,80.48353259530951
C0259,2025-04,93%,78.20085458175818
C0260,2025-04,96%,68.83148969156606
C0261,2025-04,71%,86.03643652074076
C0262,2025-04,77%,52.085911999764896
C0263,2025-04,97%,63.55704662525034
C0264,2025-04,85%,
C0265,2025-04,65%,68.86969936032054
C0266,2025-04,95%,76.63519066440881
C0267,2025-04,78%,87.3925789834756
C0268,2025-04,69%,77.71994524884016
C0269,2025-04,93%,92.85476148467494
C0270,2025-04,100%,100.0
C0272,2025-04,80%,90.60334743022943
C0273,2025-04,63%,88.99456389690411
C0274,2025-04,65%,83.77229195838545
C0275,2025-04,56%,66.52543804848634
C0276,2025-04,70%,79.29331874934813
C0277,2025-04,71%,70.42837195943903
C0278,2025-04,73%,85.42416215085345
C0279,2025-04,78%,83.42507579210546
C0280,2025-04,81%,75.68691572694821
C0281,2025-04,70%,88.8068828596746
C0282,2025-04,80%,76.60276474221489
C0283,2025-04,90%,85.04251024661389
C0284,2025-04,93%,68.01740773349694
C0285,2025-04,88%,65.49960556807572
C0286,2025-04,96%,93.19140855356683
C0287,2025-04,65%,91.89597078566145
C0288,2025-04,47%,85.75759936083014
C0290,2025-04,99%,
C0291,2025-04,64%,
C0292,2025-04,79%,78.72344829010486
C0293,2025-04,77%,85.35916193676461
C0294,2025-04,100%,76.01435344403227
C0295,2025-04,88%,95.45714407645869
C0296,2025-04,80%,58.631497663865915
C0297,2025-04,95%,88.34274311054719
C0298,2025-04,85%,80.45429185782801
C0299,2025-04,74%,82.82227973228882
C0300,2025-04,96%,51.967592228353055
C0301,2025-04,63%,
C0302,2025-04,79%,68.96703118032725
C0303,2025-04,79%,94.74000349414433
C0304,2025-04,100%,73.61278303431338
C0305,2025-04,63%,61.8777553784562
C0306,2025-04,70%,84.94452596557157
C0307,2025-04,91%,88.84817190953542
C0308,2025-04,73%,88.25811497920903
C0309,2025-04,87%,80.78247275799734
C0310,2025-04,78%,87.2378553227512
C0311,2025-04,73%,70.20329301689821
C0312,2025-04,83%,82.75781190609415
C0313,2025-04,89%,85.23024208986998
C0314,2025-04,72%,80.66277132082321
C0315,2025-04,67%,76.1617767528435
C0316,2025-04,79%,71.18601716737162
C0317,2025-04,75%,74.1026038101471
C0318,2025-04,89%,92.0478408479697
C0319,2025-04,85%,74.82022763207955
C0320,2025-04,87%,76.93377351171998
C0321,2025-04,82%,87.72900599355802
C0322,2025-04,75%,66.62039566260364
C0323,2025-04,99%,70.91293501280285
C0324,2025-04,86%,62.67481728599564
C0325,2025-04,64%,100.0
C0326,2025-04,88%,78.01468379681744
C0327,2025-04,66%,87.61837883659027
C0328,2025-04,87%,100.0
C0329,2025-04,98%,66.82014143444887
C0330,2025-04,83%,78.55926293124816
C0331,2025-04,100%,75.83247712306239
C0332,2025-04,66%,78.10335458137898
C0333,2025-04,92%,81.01332718463166
C0335,2025-04,68%,85.48111648223377
C0336,2025-04,100%,97.96382059747428
C0337,2025-04,80%,81.99593351291587
C0338,2025-04,83%,75.95760655830689
C0339,2025-04,80%,89.7638925511754
C0340,2025-04,100%,74.51536837085082
C0341,2025-04,91%,81.2987396691371
C0342,2025-04,96%,86.09090672339494
C0343,2025-04,72%,89.16327511163843
C0344,2025-04,71%,80.08033157557443
C0346,2025-04,78%,75.25454097458255
C0347,2025-04,68%,75.04543649873119
C0348,2025-04,77%,84.52466433968067
C0349,2025-04,97%,79.92677919078076
C0350,2025-04,83%,73.96537670567335
C0351,2025-04,58%,87.91889151480939
C0352,2025-04,99%,82.75436839717062
C0353,2025-04,64%,66.4910232715148
C0354,2025-04,97%,85.1208752888311
C0355,2025-04,80%,84.9066157158241
C0356,2025-04,100%,80.04587300125503
C0357,2025-04,100%,80.73077746647748
C0359,2025-04,81%,62.1787344772582
C0360,2025-04,99%,88.36116624800368
C0362,2025-04,88%,72.68393592131106
C0363,2025-04,85%,62.95548325992851
C0364,2025-04,76%,96.77977751171758
C0365,2025-04,85%,76.01503104550042
C0366,2025-04,72%,79.79624203500913
C0367,2025-04,90%,76.68777306859384
C0368,2025-04,83%,79.67807428126703
C0369,2025-04,75%,78.35068699151996
C0370,2025-04,75%,90.85179422389693
C0371,2025-04,100%,84.20340460567625
C0372,2025-04,69%,72.71684043527321
C0373,2025-04,87%,65.11216920271401
C0374,2025-04,68%,92.37199335147731
C0375,2025-04,88%,85.72291711747414
C0376,2025-04,78%,77.58477883759097
C0377,2025-04,82%,89.70572316468648
C0378,2025-04,77%,100.0
C0379,2025-04,56%,79.52923956576367
C0380,2025-04,88%,95.29246451242449
C0381,2025-04,85%,80.67475633654537
C0382,2025-04,69%,97.82589068929775
C0383,2025-04,83%,81.64025055891412
C0384,2025-04,84%,74.58049536216568
C0385,2025-04,88%,95.41568573371082
C0386,2025-04,82%,80.76025977655378
C0387,2025-04,75%,83.01924535483073
C0388,2025-04,92%,89.80105323665691
C0389,2025-04,86%,79.48935785035995
C0390,2025-04,60%,64.23978249955887
C0391,2025-04,77%,77.09516287089522
C0392,2025-04,89%,73.0546004275937
C0393,2025-04,100%,71.5263973240208
C0394,2025-04,86%,92.60490250883072
C0395,2025-04,64%,72.77150687147551
C0396,2025-04,62%,75.44532419339217
C0398,2025-04,81%,84.67311927621395
C0399,2025-04,85%,83.53747490198319
C0400,2025-04,69%,82.7411153435225
C0401,2025-04,84%,81.67515800358453
C0402,2025-04,81%,68.68351422430038
C0403,2025-04,71%,85.79006801195011
C0404,2025-04,100%,71.6710435849879
C0405,2025-04,92%,91.40464136330962
C0406,2025-04,80%,77.39853423392492
C0407,2025-04,65%,66.58976509645849
C0408,2025-04,89%,83.54671041018281
C0409,2025-04,74%,87.84101541794944
C0410,2025-04,91%,77.65744184202337
C0411,2025-04,87%,86.6304347639216
C0412,2025-04,70%,94.72869081985338
C0413,2025-04,82%,83.83943210917799
C0415,2025-04,64%,81.52470036869782
C0416,2025-04,87%,76.75886249209684
C0417,2025-04,100%,59.26881588011655
C0418,2025-04,69%,66.72682589499789
C0419,2025-04,63%,100.0
C0420,2025-04,100%,76.53182276758099
C0421,2025-04,53%,77.21582181313175
C0422,2025-04,80%,67.04370434409842
C0423,2025-04,95%,99.42988881700893
C0424,2025-04,98%,84.21800438262792
C0425,2025-04,86%,77.16804316736659
C0426,2025-04,99%,87.591545984723
C0427,2025-04,79%,92.60584764925397
C0428,2025-04,76%,59.260269808137814
C0429,2025-04,83%,92.3974855806221
C0430,2025-04,86%,70.4116346340607
C0431,2025-04,87%,63.461240491847704
C0432,2025-04,70%,100.0
C0433,2025-04,83%,83.30707934000361
C0434,2025-04,69%,73.59595761173752
C0435,2025-04,80%,98.48961231326314
C0436,2025-04,89%,75.41974371666477
C0437,2025-04,89%,70.57975578489717
C0438,2025-04,100%,88.7908665073166
C0439,2025-04,75%,63.72118302313146
C0440,2025-04,96%,81.75368222200187
C0441,2025-04,100%,66.90442803101118
C0442,2025-04,100%,68.38037265539752
C0443,2025-04,94%,85.53880430340406
C0444,2025-04,65%,70.06419697612863
C0445,2025-04,71%,89.09196001767427
C0446,2025-04,71%,58.121842958209996
C0447,2025-04,85%,80.0526738271546
C0448,2025-04,100%,74.19639084662974
C0449,2025-04,80%,77.90992604571247
C0450,2025-04,72%,75.57548135652333
C0451,2025-04,96%,
C0452,2025-04,77%,85.2800596562638
C0453,2025-04,94%,75.99411027357772
C0454,2025-04,80%,77.23201409845137
C0455,2025-04,95%,86.40134549910792
C0456,2025-04,85%,85.54958487005557
C0457,2025-04,79%,58.408870947815345
C0458,2025-04,66%,
C0459,2025-04,82%,67.13558309140613
C0460,2025-04,65%,73.8992719484354
C0461,2025-04,85%,59.49471933953613
C0462,2025-04,93%,83.97906762711959
C0463,2025-04,91%,72.87483940155005
C0464,2025-04,80%,86.23005414045048
C0465,2025-04,82%,74.11325669859696
C0466,2025-04,90%,88.61616810706228
C0467,2025-04,75%,76.53797789144392
C0468,2025-04,84%,77.51723384963378
C0469,2025-04,66%,87.45663551443366
C0470,2025-04,75%,76.77577904158977
C0471,2025-04,84%,62.78234424677032
C0472,2025-04,67%,65.16378252976017
C0473,2025-04,84%,89.13844072028003
C0474,2025-04,89%,66.97557190555158
C0475,2025-04,74%,76.01926856831248
C0476,2025-04,87%,94.810174230166
C0477,2025-04,64%,72.70989597128276
C0478,2025-04,87%,72.2701325851955
C0479,2025-04,75%,81.04466542075427
C0480,2025-04,70%,92.52301328669851
C0481,2025-04,79%,97.94904503506646
C0482,2025-04,67%,71.04346592799932
C0483,2025-04,91%,
C0484,2025-04,83%,78.69359337622446
C0485,2025-04,95%,79.45235022926701
C0486,2025-04,61%,85.30570042385195
C0487,2025-04,93%,
C0488,2025-04,63%,70.08731088802607
C0489,2025-04,80%,68.8347317706029
C0490,2025-04,100%,96.86569161879252
C0491,2025-04,64%,75.9966665279514
C0492,2025-04,82%,85.88928404838255
C0493,2025-04,71%,96.79680280649394
C0494,2025-04,76%,80.05115813453045
C0495,2025-04,70%,94.04550805626928
C0496,2025-04,48%,71.74267081427672
C0497,2025-04,112/100,
C0498,2025-04,112/100,80.49212235440301
C0499,2025-04,71%,77.59524242207289
C0500,2025-04,98%,89.5445538834046
C0501,2025-04,88%,77.20369876701092
C0502,2025-04,83%,73.82088484253278
C0503,2025-04,88%,63.19661245931249
C0504,2025-04,90%,87.95157746163572
C0505,2025-04,83%,88.57973316414395
C0506,2025-04,86%,97.03524621081235
C0507,2025-04,87%,86.51825393974882
C0509,2025-04,73%,80.82644635688006
C0510,2025-04,75%,79.68248728112601
C0511,2025-04,72%,93.02114926402123
C0512,2025-04,80%,92.09978603067523
C0513,2025-04,88%,100.0
C0514,2025-04,92%,77.46007486047442
C0516,2025-04,95%,95.40265604627812
C0517,2025-04,69%,88.38368043980837
C0518,2025-04,94%,74.90307677215554
C0519,2025-04,95%,77.9312472780419
C0520,2025-04,64%,87.21425939083578
C0521,2025-04,67%,85.14322151929565
C0522,2025-04,75%,69.23327084630861
C0523,2025-04,87%,68.38191694139223
C0524,2025-04,55%,85.84084264358789
C0525,2025-04,85%,57.12908658725483
C0526,2025-04,88%,81.65678033810815
C0527,2025-04,100%,72.96914213362136
C0528,2025-04,100%,71.39607193359373
C0529,2025-04,77%,
C0530,2025-04,74%,
C0531,2025-04,97%,81.251576580306
C0532,2025-04,96%,66.5776991642154
C0533,2025-04,89%,
C0534,2025-04,66%,80.46824224939515
C0535,2025-04,81%,84.11027470883931
C0536,2025-04,77%,89.74955091216708
C0537,2025-04,67%,63.23752391797125
C0538,2025-04,85%,82.38829418433852
C0539,2025-04,71%,86.28967854612671
C0540,2025-04,100%,73.28494079911232
C0542,2025-04,53%,75.11583519304261
C0543,2025-04,83%,73.11203416163508
C0544,2025-04,99%,91.46197615693308
C0545,2025-04,84%,73.96390386304728
C0546,2025-04,77%,73.8927079979689
C0547,2025-04,68%,56.098116162158796
C0548,2025-04,64%,85.91345825704502
C0549,2025-04,75%,71.35018232168959
C0550,2025-04,69%,71.19619909428675
C0551,2025-04,85%,95.99777565048443
C0552,2025-04,79%,66.1414547262353
C0553,2025-04,84%,65.71295274474843
C0554,2025-04,73%,66.39010899190025
C0555,2025-04,78%,63.35603848180977
C0556,2025-04,94%,73.43475792401674
C0557,2025-04,62%,79.893139793156
C0558,2025-04,72%,76.31374009308696
C0559,2025-04,77%,87.35834900055679
C0560,2025-04,76%,82.9329068338661
C0561,2025-04,100%,82.65750782897332
C0562,2025-04,61%,81.75274612727796
C0563,2025-04,45%,83.7368098449466
C0564,2025-04,97%,79.32366106249775
C0565,2025-04,66%,97.41194673560348
C0566,2025-04,112/100,72.35839938202017
C0567,2025-04,84%,71.8651166590768
C0568,2025-04,96%,69.46383258295705
C0569,2025-04,73%,70.47660327925708
C0570,2025-04,75%,68.5386593584344
C0571,2025-04,66%,66.89208617495834
C0572,2025-04,82%,77.39620594609262
C0573,2025-04,100%,77.62979399773525
C0574,2025-04,75%,75.0240775098222
C0575,2025-04,70%,69.5959675091275
C0576,2025-04,80%,91.99056987304826
C0577,2025-04,88%,93.91433373670444
C0578,2025-04,91%,86.32068870137303
C0579,2025-04,80%,82.54419835160301
C0580,2025-04,100%,95.80797719505563
C0581,2025-04,89%,81.97602778813582
C0582,2025-04,83%,67.03652766572219
C0583,2025-04,82%,70.34463715648053
C0584,2025-04,58%,82.36865904352496
C0585,2025-04,75%,87.25128044425017
C0586,2025-04,69%,92.3498716903813
C0587,2025-04,78%,92.13252363850384
C0588,2025-04,71%,
C0589,2025-04,66%,91.59416206005069
C0590,2025-04,92%,76.31111524325345
C0591,2025-04,61%,75.57088702135428
C0592,2025-04,100%,75.70364972282013
C0593,2025-04,70%,81.97393917067757
C0594,2025-04,80%,86.94997639807457
C0595,2025-04,65%,100.0
C0596,2025-04,70%,
C0597,2025-04,93%,75.17708251806823
C0598,2025-04,73%,87.40694766960524
C0599,2025-04,74%,75.87023575539135
C0600,2025-04,93%,93.16546820299757
C0601,2025-04,100%,93.06330131091381
C0602,2025-04,76%,98.44421733021797
C0603,2025-04,58%,84.65301755953212
C0604,2025-04,78%,96.35484222349034
C0605,2025-04,79%,67.74299849347932
C0606,2025-04,81%,93.5921093256089
C0607,2025-04,88%,87.6550228541108
C0608,2025-04,91%,82.68468814985992
C0609,2025-04,72%,78.46671915580146
C0610,2025-04,84%,
C0611,2025-04,83%,86.76763359018365
C0612,2025-04,100%,74.02399871393456
C0613,2025-04,91%,75.7229319767502
C0614,2025-04,74%,82.89314154443399
C0615,2025-04,67%,84.5146050880892
C0616,2025-04,76%,72.79203526556229
C0618,2025-04,80%,72.03814987938401
C0619,2025-04,70%,80.08689401002707
C0620,2025-04,72%,93.26100894235854
C0621,2025-04,94%,82.9791838158454
C0622,2025-04,59%,82.92704434613574
C0623,2025-04,97%,78.22024409320073
C0624,2025-04,82%,75.15838199002694
C0625,2025-04,73%,75.46908096759586
C0626,2025-04,82%,76.19192976651004
C0627,2025-04,93%,65.78008394127887
C0628,2025-04,86%,
C0629,2025-04,74%,82.15886525427906
C0631,2025-04,80%,85.44602158414189
C0632,2025-04,112/100,77.09635956701128
C0633,2025-04,63%,84.33401332137579
C0634,2025-04,77%,75.27247379969933
C0635,2025-04,82%,75.78696243559172
C0636,2025-04,83%,81.38554021758904
C0637,2025-04,78%,81.52888764323335
C0638,2025-04,83%,95.47623282808313
C0639,2025-04,58%,71.71962610170387
C0640,2025-04,63%,73.71171962608916
C0641,2025-04,99%,75.74565426113244
C0642,2025-04,82%,91.58910150711435
C0643,2025-04,79%,82.18197630144138
C0644,2025-04,60%,100.0
C0645,2025-04,57%,79.55629788459723
C0646,2025-04,86%,84.2122855434285
C0647,2025-04,98%,81.40233744368008
C0648,2025-04,69%,82.0031727102226
C0649,2025-04,84%,71.55111998974915
C0650,2025-04,95%,80.90296785279216
C0651,2025-04,80%,71.10198996116249
C0652,2025-04,98%,84.6791824323715
C0653,2025-04,78%,
C0654,2025-04,84%,77.09864936004371
C0655,2025-04,100%,74.6771022207363
C0656,2025-04,90%,72.1356033789615
C0657,2025-04,81%,71.79295108922369
C0658,2025-04,73%,71.10946059885286
C0659,2025-04,95%,100.0
C0660,2025-04,88%,82.2830946602681
C0661,2025-04,91%,78.6513422122103
C0662,2025-04,83%,72.53316038893031
C0663,2025-04,93%,79.38801414400736
C0664,2025-04,70%,85.00294413769
C0665,2025-04,72%,84.07854148285621
C0666,2025-04,72%,91.51828459406116
C0667,2025-04,90%,91.28487112220236
C0668,2025-04,73%,78.96602443587723
C0669,2025-04,73%,73.49818925188106
C0670,2025-04,84%,78.23045294514517
C0671,2025-04,69%,87.84319596496454
C0672,2025-04,87%,72.62117842542838
C0673,2025-04,75%,100.0
C0674,2025-04,98%,72.45014695056379
C0675,2025-04,98%,85.64504496679146
C0676,2025-04,100%,83.36710958167684
C0677,2025-04,69%,88.4037730385801
C0678,2025-04,80%,61.29976927357631
C0679,2025-04,94%,89.05954117013307
C0680,2025-04,100%,78.16962529864706
C0681,2025-04,63%,71.65686516532779
C0682,2025-04,90%,89.74225595047965
C0683,2025-04,84%,62.01622765210463
C0684,2025-04,85%,98.70786430561121
C0685,2025-04,70%,82.68559683850101
C0686,2025-04,76%,77.82503961648912
C0687,2025-04,93%,66.94317185312698
C0688,2025-04,95%,79.27153935421256
C0689,2025-04,86%,92.73088964102007
C0690,2025-04,98%,84.16643431901402
C0691,2025-04,92%,85.23528634671821
C0692,2025-04,100%,90.47860433544221
C0693,2025-04,88%,70.0518645968434
C0694,2025-04,100%,66.27748692374686
C0695,2025-04,79%,71.14419531311215
C0696,2025-04,100%,80.20922847002197
C0697,2025-04,71%,79.39023766221038
C0698,2025-04,82%,79.099808495705
C0699,2025-04,90%,84.61538553893106
C0700,2025-04,49%,
C0701,2025-04,77%,71.37372182100297
C0702,2025-04,100%,69.7133999993555
C0703,2025-04,99%,
C0704,2025-04,65%,91.91031308764747
C0705,2025-04,62%,93.88473471357757
C0706,2025-04,63%,74.8844830654357
C0707,2025-04,71%,81.60931727183969
C0708,2025-04,82%,84.88882966211108
C0709,2025-04,93%,83.3969992728832
C0710,2025-04,94%,84.67008171253516
C0711,2025-04,100%,87.35974626159417
C0712,2025-04,99%,72.62873384602814
C0713,2025-04,53%,73.48794275736121
C0714,2025-04,77%,85.11750077036103
C0715,2025-04,67%,
C0716,2025-04,100%,72.82964321265105
C0717,2025-04,76%,80.63832809537666
C0718,2025-04,74%,75.77096576254814
C0719,2025-04,89%,81.62310293911106
C0720,2025-04,80%,74.46320623332798
C0721,2025-04,94%,55.135355413570004
C0722,2025-04,75%,
C0723,2025-04,95%,80.77119220559005
C0724,2025-04,52%,92.81562483247576
C0725,2025-04,100%,78.82771569943071
C0726,2025-04,91%,81.13075123375808
C0727,2025-04,86%,75.88821367270124
C0728,2025-04,77%,74.02498558894038
C0729,2025-04,81%,74.7881706652662
C0730,2025-04,83%,
C0731,2025-04,80%,81.26677230813878
C0732,2025-04,85%,80.92028914361876
C0733,2025-04,80%,70.1097279359383
C0734,2025-04,81%,88.62097042742518
C0735,2025-04,77%,72.27238859711554
C0736,2025-04,79%,
C0737,2025-04,86%,89.60932458789625
C0738,2025-04,84%,93.37592339614703
C0739,2025-04,81%,56.17821592611614
C0740,2025-04,79%,88.92238920680823
C0741,2025-04,90%,84.19200414325393
C0742,2025-04,75%,85.24553626800471
C0743,2025-04,61%,75.4531231799975
C0744,2025-04,81%,87.4219102301424
C0745,2025-04,93%,90.65153716995746
C0746,2025-04,86%,83.90541825838285
C0747,2025-04,91%,87.71665758011967
C0748,2025-04,77%,98.42468251825039
C0749,2025-04,88%,94.40054900091353
C0750,2025-04,100%,74.1394096503904
C0751,2025-04,68%,87.59575161939485
C0752,2025-04,89%,91.9732552425183
C0753,2025-04,80%,85.92718950140977
C0754,2025-04,99%,88.09090206390431
C0756,2025-04,80%,80.83940541419489
C0757,2025-04,66%,77.7274854645046
C0758,2025-04,69%,69.0300638043886
C0759,2025-04,78%,90.36640538435704
C0760,2025-04,94%,68.78523706466726
C0761,2025-04,100%,89.24238538758641
C0762,2025-04,79%,77.50483206289074
C0763,2025-04,78%,92.06752965825062
C0764,2025-04,86%,83.58363548566358
C0765,2025-04,84%,81.24686119507659
C0766,2025-04,79%,79.06387688172272
C0767,2025-04,83%,77.140640653158
C0768,2025-04,86%,83.11345639192123
C0769,2025-04,98%,61.52119833961221
C0770,2025-04,74%,77.91809501322652
C0771,2025-04,68%,87.99021102508033
C0772,2025-04,84%,79.47106822811952
C0773,2025-04,71%,89.08630657427601
C0774,2025-04,99%,72.33249555998867
C0775,2025-04,85%,68.61124309179348
C0776,2025-04,81%,82.03922586581064
C0777,2025-04,81%,73.49645693796701
C0778,2025-04,87%,86.10020131372033
C0780,2025-04,100%,82.19349164909349
C0781,2025-04,69%,55.643157886452414
C0782,2025-04,95%,78.09310673788104
C0783,2025-04,100%,77.08728379781405
C0784,2025-04,86%,62.43172150931629
C0785,2025-04,82%,81.73688853604365
C0786,2025-04,78%,79.08878820420622
C0787,2025-04,80%,
C0788,2025-04,82%,93.25094167470809
C0789,2025-04,96%,
C0790,2025-04,98%,89.8634177828701
C0791,2025-04,76%,79.35620053859141
C0792,2025-04,96%,87.6264601740107
C0793,2025-04,85%,86.27337340815603
C0794,2025-04,86%,61.61975278614372
C0795,2025-04,93%,69.81381299746008
C0796,2025-04,81%,73.02113927355799
C0797,2025-04,84%,100.0
C0798,2025-04,87%,91.35333305785713
C0799,2025-04,100%,95.07363564161993
C0800,2025-04,59%,68.76962442210043
H0001,2025-05,73%,79.87801455715208
H0002,2025-05,73%,75.39693120593783
H0003,2025-05,92%,84.86938150534286
H0004,2025-05,72%,61.735343435319024
H0005,2025-05,72%,95.98952892561802
H0006,2025-05,72%,95.03272657985156
H0007,2025-05,78%,83.232765862154
H0008,2025-05,96%,77.13734054942128
H0009,2025-05,83%,78.13863654240151
H0010,2025-05,77%,75.79064055809559
H0011,2025-05,97%,84.45064555420517
H0012,2025-05,75%,75.16437759031813
H0013,2025-05,71%,75.86671277382274
H0014,2025-05,78%,62.84793628613546
H0015,2025-05,78%,
H0016,2025-05,89%,80.41055767364227
H0017,2025-05,100%,97.86141821489343
H0018,2025-05,70%,82.5968596038121
H0019,2025-05,77%,54.7560043812307
H0020,2025-05,91%,85.04536093261605
H0021,2025-05,91%,81.07190754500641
H0022,2025-05,100%,71.71493080418654
H0023,2025-05,112/100,100.0
H0024,2025-05,79%,84.08650438816896
H0026,2025-05,72%,
H0027,2025-05,80%,81.27447651291548
H0028,2025-05,89%,78.0476149857648
H0029,2025-05,83%,75.1480838701429
H0030,2025-05,81%,77.76170603017842
H0031,2025-05,89%,64.44274320164017
H0032,2025-05,91%,75.03330966053336
H0033,2025-05,92%,70.81729249241515
H0034,2025-05,96%,92.342939603614
H0035,2025-05,85%,80.98748983714327
H0036,2025-05,71%,
H0037,2025-05,77%,95.16592856963317
H0038,2025-05,78%,70.32148782904808
H0039,2025-05,85%,83.08910846220121
H0040,2025-05,95%,80.86256633627107
H0041,2025-05,84%,80.40626938424558
H0042,2025-05,69%,91.1008787324291
H0043,2025-05,90%,78.80000196286973
H0044,2025-05,88%,83.27743486561916
H0045,2025-05,88%,81.28975271540872
H0046,2025-05,100%,79.67090520648581
H0047,2025-05,100%,70.75045590438789
H0048,2025-05,90%,76.12858659611788
H0049,2025-05,80%,57.111356218422394
H0050,2025-05,93%,85.21035212681932
H0051,2025-05,55%,83.96309942771018
H0052,2025-05,66%,83.31076908599988
H0053,2025-05,97%,95.65016444932317
H0054,2025-05,76%,87.238244384049
H0055,2025-05,75%,92.09842115281512
H0056,2025-05,94%,90.11246737244824
H0057,2025-05,85%,97.41384583330783
H0058,2025-05,83%,93.09532142582026
H0059,2025-05,86%,71.60423660050965
H0060,2025-05,94%,88.19458074058677
H0061,2025-05,100%,86.48207898550558
H0062,2025-05,65%,84.77562042373864
H0063,2025-05,89%,100.0
H0064,2025-05,97%,81.2755912358935
H0065,2025-05,56%,85.03164965889813
H0066,2025-05,89%,78.60072807996112
H0067,2025-05,80%,77.57931495908657
H0068,2025-05,67%,78.12868439658259
H0069,2025-05,79%,72.1123392048343
H0070,2025-05,100%,83.24467355283157
H0071,2025-05,59%,97.21056856632073
H0072,2025-05,89%,76.5010681478877
H0073,2025-05,69%,83.75402052144469
H0074,2025-05,100%,72.50221222097869
H0075,2025-05,100%,62.61258659500437
H0076,2025-05,72%,80.84039981088988
H0077,2025-05,82%,74.8368074832489
H0078,2025-05,91%,69.74737672364293
H0079,2025-05,98%,63.847722041988646
H0080,2025-05,89%,64.94258449079376
H0081,2025-05,64%,81.2838661841392
H0082,2025-05,70%,
H0083,2025-05,84%,75.34467585666535
H0084,2025-05,77%,87.14996679011853
H0085,2025-05,82%,70.2172639998843
H0086,2025-05,68%,74.9032253152971
H0087,2025-05,70%,65.41937008394049
H0088,2025-05,67%,76.91519831778909
H0089,2025-05,91%,
H0090,2025-05,91%,70.01287060444166
H0091,2025-05,84%,78.18605030019492
H0092,2025-05,61%,74.32480143053303
H0093,2025-05,83%,81.78912718516801
H0094,2025-05,81%,87.27907691130793
H0095,2025-05,99%,80.42512378595185
H0096,2025-05,81%,90.71187198637648
H0097,2025-05,69%,61.47295568585205
H0098,2025-05,84%,89.31656607162996
H0099,2025-05,76%,79.89513541863825
H0100,2025-05,73%,62.60232524253137
H0101,2025-05,76%,87.72024556706805
H0102,2025-05,76%,81.87701549607708
H0103,2025-05,79%,75.9315929029076
H0104,2025-05,75%,89.654957464119
H0105,2025-05,92%,81.570629516519
H0106,2025-05,66%,86.94649187286254
H0107,2025-05,84%,85.21844469511531
H0108,2025-05,77%,71.99500785862313
H0109,2025-05,75%,64.1753279732747
H0110,2025-05,92%,
H0111,2025-05,92%,83.4131673999736
H0112,2025-05,87%,
H0113,2025-05,94%,84.05217564200467
H0114,2025-05,100%,73.88840536012944
H0115,2025-05,93%,64.97185651137963
H0116,2025-05,84%,84.7822355919037
H0117,2025-05,93%,88.85218163434385
H0118,2025-05,68%,78.07399116754645
H0119,2025-05,112/100,78.67451506581106
H0120,2025-05,81%,89.21229172564142
H0121,2025-05,84%,
H0122,2025-05,112/100,92.77811096079196
H0123,2025-05,64%,91.45471856753979
H0124,2025-05,78%,72.692865907996
H0125,2025-05,87%,77.63607760279658
H0126,2025-05,100%,80.18192415424713
H0127,2025-05,82%,79.28729451747591
H0128,2025-05,89%,77.35026567533187
H0129,2025-05,83%,86.44163745169418
H0130,2025-05,100%,82.45576907788778
H0131,2025-05,88%,75.53583156026681
H0132,2025-05,70%,69.16673044975308
H0133,2025-05,87%,81.05606676130746
H0135,2025-05,79%,75.08426349724003
H0136,2025-05,75%,72.91340938974322
H0137,2025-05,83%,76.53768667664313
H0138,2025-05,77%,73.9971920718682
H0139,2025-05,76%,89.99073367302105
H0140,2025-05,88%,80.45890517332309
H0141,2025-05,88%,64.815408709584
H0142,2025-05,80%,80.55211107051446
H0143,2025-05,77%,93.62721175033218
H0144,2025-05,76%,78.95757722571157
H0145,2025-05,89%,77.86262828050108
H0146,2025-05,84%,64.7094050998166
H0147,2025-05,72%,78.04484700402513
H0149,2025-05,93%,
H0150,2025-05,70%,
H0151,2025-05,65%,90.43908344812692
H0152,2025-05,88%,88.21293489717321
H0153,2025-05,64%,94.24928963043888
H0154,2025-05,73%,80.24082485688436
H0155,2025-05,94%,62.13947845172883
H0156,2025-05,86%,81.75438115804654
H0157,2025-05,78%,100.0
H0158,2025-05,77%,67.30123528380804
H0159,2025-05,72%,
H0160,2025-05,76%,68.39625267067471
H0161,2025-05,77%,86.68013616270476
H0163,2025-05,93%,86.25024928038962
H0164,2025-05,89%,77.77108030177827
H0165,2025-05,80%,78.76431746286457
H0166,2025-05,75%,84.88816889582779
H0167,2025-05,91%,75.73589390637802
H0168,2025-05,94%,78.41309846453593
H0169,2025-05,82%,80.93584740074425
H0170,2025-05,87%,
H0171,2025-05,55%,81.49105609477634
H0173,2025-05,67%,85.24897025985248
H0174,2025-05,84%,86.2381709061162
H0175,2025-05,112/100,100.0
H0176,2025-05,100%,82.10703465144245
H0177,2025-05,90%,88.57037232156651
H0178,2025-05,86%,81.37303295097956
H0179,2025-05,74%,80.79379585665433
H0180,2025-05,76%,92.4178222830888
H0181,2025-05,85%,100.0
H0182,2025-05,100%,85.55160502384358
H0183,2025-05,93%,95.16718353847872
H0184,2025-05,90%,55.81955807425946
H0185,2025-05,78%,68.78502012763691
H0186,2025-05,57%,73.3354275468005
H0187,2025-05,76%,83.34980179698795
H0188,2025-05,77%,70.10333604675454
H0190,2025-05,84%,
H0191,2025-05,83%,89.92808196887647
H0192,2025-05,73%,82.7388527667409
H0193,2025-05,93%,87.6399011070147
H0194,2025-05,100%,77.54473528687298
H0195,2025-05,78%,74.11821948140812
H0196,2025-05,84%,
H0197,2025-05,68%,81.26109353062938
H0198,2025-05,68%,69.3813464627004
H0199,2025-05,97%,78.27701836216704
H0200,2025-05,93%,91.36070073288157
H0201,2025-05,82%,67.19688716894811
H0202,2025-05,86%,70.55887929549704
H0203,2025-05,86%,68.77020885345131
H0204,2025-05,69%,84.4472747766944
H0205,2025-05,64%,73.53620439473838
H0206,2025-05,64%,69.04430444156316
H0207,2025-05,86%,69.21889013171692
H0208,2025-05,95%,89.89402809812523
H0209,2025-05,90%,81.80932235149132
H0210,2025-05,73%,83.45540139032465
H0211,2025-05,58%,77.97734173232936
H0212,2025-05,92%,65.8068805871133
H0213,2025-05,83%,88.29866102774685
H0214,2025-05,80%,73.57908884703862
H0215,2025-05,85%,85.41381245594108
H0216,2025-05,73%,75.39586574797804
H0217,2025-05,77%,73.03651198940909
H0218,2025-05,77%,85.01887187034743
H0219,2025-05,88%,75.4270688812749
H0220,2025-05,112/100,98.90533151091782
H0221,2025-05,78%,93.63713196220063
H0222,2025-05,74%,66.83371604009527
H0223,2025-05,73%,80.96054634840515
H0224,2025-05,77%,77.74490513069624
H0225,2025-05,83%,74.66570668537624
H0226,2025-05,87%,69.76873708140614
H0227,2025-05,95%,76.46978483476488
H0228,2025-05,100%,93.49528703128485
H0229,2025-05,93%,83.7746794297294
H0230,2025-05,92%,81.99049748221456
H0231,2025-05,80%,67.63091586735595
H0232,2025-05,93%,43.495542071761456
H0233,2025-05,100%,68.98304578911825
H0234,2025-05,85%,93.06242025864667
H0235,2025-05,81%,74.88617974857557
H0236,2025-05,87%,72.62459972210759
H0237,2025-05,100%,86.67897009243586
H0238,2025-05,73%,80.08292289515894
H0239,2025-05,112/100,73.57098377773053
H0240,2025-05,92%,86.38846504055672
H0241,2025-05,75%,86.01491113221786
H0242,2025-05,78%,100.0
H0243,2025-05,87%,93.99675641158048
H0244,2025-05,75%,77.6520458407152
H0245,2025-05,98%,79.77892587907165
H0246,2025-05,91%,66.50831232728814
H0247,2025-05,65%,78.05505393469556
H0248,2025-05,91%,85.52471650610919
H0249,2025-05,84%,80.04272949427322
H0250,2025-05,87%,
H0251,2025-05,90%,73.43491088006975
H0252,2025-05,84%,72.51932709630941
H0253,2025-05,89%,87.82795074839096
H0255,2025-05,100%,81.82595720507749
H0256,2025-05,89%,84.87586418422327
H0257,2025-05,68%,76.51948303444786
H0258,2025-05,90%,71.76548385831268
H0259,2025-05,62%,78.23132996561635
H0260,2025-05,63%,80.3775643993758
H0261,2025-05,100%,84.29214668994486
H0262,2025-05,99%,73.92444809996161
H0263,2025-05,81%,
H0264,2025-05,89%,83.38325629134299
H0265,2025-05,85%,59.92907950800967
H0266,2025-05,81%,77.03778393637228
H0267,2025-05,72%,64.39718009431498
H0268,2025-05,67%,91.79418677076835
H0269,2025-05,93%,87.89016750033996
H0270,2025-05,80%,90.23988399934687
H0271,2025-05,62%,68.01735017932346
H0272,2025-05,79%,65.30171437986289
H0273,2025-05,79%,
H0274,2025-05,100%,80.53320964175582
H0275,2025-05,76%,
H0276,2025-05,86%,76.55479038407515
H0277,2025-05,86%,72.12976227201156
H0278,2025-05,83%,87.3743568088778
H0279,2025-05,75%,67.94065967836598
H0280,2025-05,83%,73.6702168880884
H0281,2025-05,75%,88.08494159594446
H0282,2025-05,93%,84.59158075322522
H0283,2025-05,83%,76.0992951937756
H0284,2025-05,74%,69.99022344765999
H0285,2025-05,93%,82.92029914453342
H0286,2025-05,87%,61.35511960404578
H0287,2025-05,78%,83.97649096597561
H0288,2025-05,96%,80.87667453743661
H0289,2025-05,83%,75.67012178278148
H0291,2025-05,72%,82.28579530750538
H0292,2025-05,81%,83.40116921314971
H0293,2025-05,91%,71.3276645061253
H0294,2025-05,80%,56.54527087287536
H0295,2025-05,77%,80.04489252541916
H0296,2025-05,95%,91.15093200761348
H0297,2025-05,97%,76.70719532153052
H0298,2025-05,83%,75.7766827848686
H0299,2025-05,65%,83.28642865120308
H0300,2025-05,95%,71.3524085182076
H0301,2025-05,58%,77.40129143913646
H0302,2025-05,84%,90.1655378286948
H0303,2025-05,100%,82.04619715582132
H0304,2025-05,73%,95.8446442637483
H0305,2025-05,91%,82.34219732477078
H0306,2025-05,66%,86.03308068495517
H0307,2025-05,112/100,74.09489716370402
H0308,2025-05,93%,77.12228040489411
H0309,2025-05,84%,83.50429883370471
H0310,2025-05,53%,93.25131918847504
H0311,2025-05,76%,77.92815225369527
H0312,2025-05,62%,89.16888239661158
H0313,2025-05,81%,93.63568768254403
H0314,2025-05,75%,100.0
H0315,2025-05,52%,82.82344951209419
H0316,2025-05,73%,84.06596648735959
H0317,2025-05,68%,74.33822387021101
H0318,2025-05,86%,85.21957082865983
H0319,2025-05,74%,86.71976177887288
H0320,2025-05,85%,79.16194677643503
H0321,2025-05,89%,67.01172662790529
H0322,2025-05,100%,76.59054822819935
H0323,2025-05,84%,54.29996384660256
H0324,2025-05,88%,79.27085489890389
H0325,2025-05,80%,70.2707292138987
H0326,2025-05,70%,83.09195268194239
H0327,2025-05,88%,100.0
H0328,2025-05,83%,89.23648069573717
H0329,2025-05,81%,71.49988222871956
H0330,2025-05,82%,92.07559405254204
H0331,2025-05,77%,82.11326707214975
H0332,2025-05,76%,87.90145080543624
H0333,2025-05,81%,78.23250565106754
H0334,2025-05,71%,89.80274446301308
H0335,2025-05,98%,72.74372949843976
H0336,2025-05,85%,61.707661970950745
H0337,2025-05,50%,75.98781512128203
H0338,2025-05,96%,82.86684561626176
H0339,2025-05,99%,
H0340,2025-05,80%,89.2749173811326
H0341,2025-05,78%,82.6381343349554
H0342,2025-05,97%,75.66642514064932
H0343,2025-05,97%,80.29040949560135
H0344,2025-05,63%,49.99978850339486
H0345,2025-05,89%,84.0900607998591
H0346,2025-05,95%,81.76776348501932
H0347,2025-05,74%,
H0348,2025-05,112/100,91.05208509921833
H0349,2025-05,90%,75.76576602555166
H0350,2025-05,100%,82.7518473567075
H0351,2025-05,99%,77.39371775872812
H0352,2025-05,92%,64.42648217440204
H0353,2025-05,80%,75.85600241458687
H0354,2025-05,83%,62.93208202866471
H0355,2025-05,81%,80.63224934318454
H0356,2025-05,79%,81.25604678876348
H0357,2025-05,75%,85.15333399662532
H0358,2025-05,89%,71.08395997219287
H0359,2025-05,64%,68.26273605536326
H0360,2025-05,92%,83.87602511303358
H0361,2025-05,74%,55.51306566868088
H0362,2025-05,89%,82.86052880497667
H0363,2025-05,74%,92.8243539084226
H0364,2025-05,63%,76.50244843371865
H0365,2025-05,100%,91.89836485049588
H0366,2025-05,94%,83.39981325298182
H0367,2025-05,79%,94.48448653617304
H0368,2025-05,100%,84.52544574567035
H0369,2025-05,100%,78.67208111524072
H0370,2025-05,89%,79.78355087004954
H0371,2025-05,64%,73.63976165378611
H0372,2025-05,67%,73.39548239051851
H0373,2025-05,84%,84.43562999003113
H0374,2025-05,94%,79.23380081575492
H0375,2025-05,100%,73.91608416500034
H0376,2025-05,87%,94.16211039235368
H0377,2025-05,93%,85.83455891855562
H0378,2025-05,95%,52.64397070244314
H0379,2025-05,62%,85.76739768850145
H0380,2025-05,76%,73.56394213450011
H0381,2025-05,86%,89.16369246370867
H0382,2025-05,89%,88.5251624005635
H0384,2025-05,91%,87.37543051854935
H0385,2025-05,91%,92.21920546422727
H0386,2025-05,84%,57.22346249378031
H0387,2025-05,89%,63.245495184919825
H0388,2025-05,87%,89.90357783543568
H0389,2025-05,89%,67.4511653826713
H0390,2025-05,78%,
H0391,2025-05,73%,89.26071957072077
H0392,2025-05,81%,100.0
H0393,2025-05,86%,82.97491758283218
H0394,2025-05,56%,80.68183909985255
H0395,2025-05,69%,
H0396,2025-05,73%,84.46629682508092
H0397,2025-05,63%,79.01328627218153
H0398,2025-05,82%,89.84408451687418
H0399,2025-05,53%,85.7910673506228
H0400,2025-05,86%,89.51199274646196
H0401,2025-05,79%,70.4420643488476
H0402,2025-05,83%,87.35383796585877
H0403,2025-05,96%,
H0404,2025-05,92%,69.4932499029061
H0405,2025-05,68%,77.4083619754118
H0406,2025-05,71%,81.0606637731183
H0407,2025-05,74%,84.32111183691114
H0408,2025-05,100%,68.78757230437076
H0409,2025-05,62%,92.9830073348217
H0410,2025-05,79%,88.99460929909327
H0411,2025-05,94%,90.65539438093376
H0412,2025-05,80%,
H0413,2025-05,79%,75.09362470794446
H0414,2025-05,98%,93.25961973828652
H0415,2025-05,60%,75.00491570180674
H0416,2025-05,90%,85.87803199260536
H0417,2025-05,74%,89.47640593928861
H0418,2025-05,85%,80.65332763116872
H0419,2025-05,97%,90.2129048431829
H0420,2025-05,74%,71.37552170553204
H0421,2025-05,80%,80.68919907684456
H0422,2025-05,95%,86.575207871383
H0423,2025-05,64%,84.78622329513762
H0424,2025-05,92%,68.14691294219213
H0425,2025-05,76%,75.67046457479661
H0426,2025-05,93%,75.5692407738525
H0427,2025-05,81%,85.53888915423393
H0428,2025-05,75%,96.91922697179176
H0429,2025-05,86%,68.8184607145649
H0430,2025-05,96%,70.93710165338648
H0431,2025-05,75%,94.61962207244338
H0432,2025-05,75%,88.50512728585103
H0433,2025-05,96%,81.91638380345125
H0434,2025-05,81%,84.43300220167482
H0435,2025-05,78%,87.2594557266455
H0436,2025-05,79%,83.42909855910989
H0437,2025-05,93%,80.60597387817495
H0438,2025-05,90%,92.76755811638202
H0439,2025-05,70%,63.053062825947435
H0440,2025-05,76%,93.2511857522558
H0441,2025-05,92%,66.62499841670618
H0442,2025-05,87%,94.46449437195893
H0443,2025-05,52%,79.23881825949259
H0444,2025-05,86%,79.57093118186152
H0445,2025-05,80%,67.8591897710994
H0446,2025-05,94%,88.84803264475823
H0447,2025-05,100%,83.01496045895071
H0448,2025-05,77%,78.97463141506229
H0449,2025-05,100%,72.15974997101111
H0450,2025-05,61%,91.23480550202761
H0452,2025-05,81%,75.32885499981772
H0453,2025-05,90%,92.50999767889859
H0454,2025-05,94%,
H0455,2025-05,97%,100.0
H0456,2025-05,92%,82.48180138378096
H0457,2025-05,85%,100.0
H0458,2025-05,80%,86.3215235826781
H0459,2025-05,67%,87.66854277876521
H0460,2025-05,80%,82.54113445283805
H0461,2025-05,79%,85.65892086105214
H0462,2025-05,67%,92.10995053509096
H0463,2025-05,90%,79.71900720409333
H0464,2025-05,74%,75.72762015686781
H0465,2025-05,90%,76.1219724635527
H0466,2025-05,86%,83.85496273456646
H0467,2025-05,68%,78.68502340837308
H0468,2025-05,69%,81.03296479577604
H0469,2025-05,75%,88.88619398987824
H0470,2025-05,76%,84.45428023850383
H0471,2025-05,98%,89.37504502576182
H0472,2025-05,84%,81.82750472487199
H0473,2025-05,75%,73.95844187602358
H0474,2025-05,91%,77.4262187720673
H0475,2025-05,100%,87.25189118932634
H0476,2025-05,76%,92.89714553089225
H0477,2025-05,81%,82.3956839869541
H0478,2025-05,74%,73.39207569088778
H0479,2025-05,89%,85.21328704886052
H0480,2025-05,88%,95.4291041271461
H0481,2025-05,86%,84.6335184746095
H0482,2025-05,85%,73.12040237819676
H0483,2025-05,66%,64.45352612847476
H0484,2025-05,65%,98.82199585879052
H0485,2025-05,82%,82.39846276452495
H0486,2025-05,68%,69.70109622088876
H0487,2025-05,84%,76.53083210343884
H0488,2025-05,66%,100.0
H0489,2025-05,76%,96.66268838880403
H0490,2025-05,75%,77.71785126614076
H0491,2025-05,51%,70.16616837702583
H0492,2025-05,71%,94.73495584137115
H0493,2025-05,84%,89.04124009363875
H0494,2025-05,100%,82.1587047786487
H0495,2025-05,99%,53.32534195185745
H0496,2025-05,85%,
H0497,2025-05,84%,86.52463087113576
H0498,2025-05,94%,79.62042526084912
H0499,2025-05,69%,72.88050863554989
H0500,2025-05,64%,67.89897556411198
H0501,2025-05,70%,80.78614871743112
H0502,2025-05,77%,67.04577958371311
H0503,2025-05,88%,84.43188678261484
H0504,2025-05,69%,
H0505,2025-05,86%,73.88482834108414
H0506,2025-05,79%,71.6422211548246
H0507,2025-05,70%,70.33037317015126
H0508,2025-05,94%,66.97160811088771
H0509,2025-05,93%,93.72271111429511
H0510,2025-05,88%,81.13176669379243
H0511,2025-05,98%,67.64084264571997
H0512,2025-05,112/100,85.66384694715184
H0513,2025-05,80%,73.54705551429983
H0514,2025-05,77%,92.85539189065979
H0515,2025-05,69%,76.31672445415717
H0516,2025-05,80%,76.35159792004967
H0517,2025-05,79%,66.99026934733429
H0518,2025-05,74%,93.86462871122
H0519,2025-05,72%,73.2671871582071
H0520,2025-05,90%,74.9829549579272
H0521,2025-05,89%,70.8900321802796
H0522,2025-05,90%,69.48440880654363
H0523,2025-05,73%,86.08035429400618
H0524,2025-05,94%,
H0525,2025-05,88%,88.72088817479637
H0526,2025-05,74%,62.487633993267615
H0527,2025-05,84%,89.79169278151873
H0528,2025-05,59%,80.96279565316588
H0529,2025-05,100%,71.23394532793114
H0530,2025-05,83%,84.46486353098673
H0531,2025-05,68%,71.22093034598922
H0532,2025-05,93%,96.37724671995178
H0533,2025-05,66%,84.84209503557808
H0534,2025-05,82%,67.52566121524092
H0535,2025-05,88%,82.04625437577097
H0536,2025-05,91%,56.892581860645436
H0537,2025-05,78%,75.13120766928571
H0538,2025-05,80%,93.47347160292688
H0539,2025-05,99%,96.92108763801828
H0540,2025-05,84%,73.31578146832067
H0541,2025-05,88%,80.12007831350509
H0542,2025-05,70%,82.04514962838005
H0543,2025-05,84%,89.30230037799447
H0544,2025-05,79%,70.98861544824153
H0545,2025-05,62%,92.93017984542608
H0546,2025-05,76%,84.29590208277692
H0547,2025-05,78%,81.46055932376862
H0548,2025-05,89%,83.05238227204244
H0549,2025-05,58%,80.99020736039925
H0550,2025-05,95%,91.3823286058906
H0551,2025-05,100%,72.13288418455505
H0552,2025-05,85%,70.26492765270552
H0553,2025-05,112/100,78.43335380512994
H0554,2025-05,76%,100.0
H0555,2025-05,64%,95.67791412531426
H0556,2025-05,77%,74.87953856341545
H0558,2025-05,78%,73.6921797680684
H0559,2025-05,100%,82.9332571476169
H0561,2025-05,75%,75.75383753515511
H0562,2025-05,59%,77.54901299171169
H0563,2025-05,77%,82.80160130069076
H0564,2025-05,90%,91.50847964339096
H0565,2025-05,80%,74.30239003648046
H0566,2025-05,89%,82.35835289598108
H0567,2025-05,100%,89.42662969049482
H0568,2025-05,93%,73.63177774663423
H0569,2025-05,86%,81.57335901671931
H0570,2025-05,79%,88.1928958636559
H0571,2025-05,69%,86.92288408672934
H0572,2025-05,88%,95.32494637344705
H0574,2025-05,61%,80.8419764822062
H0575,2025-05,95%,84.90477796191709
H0576,2025-05,93%,78.26364726122868
H0577,2025-05,65%,92.34851931006533
H0578,2025-05,79%,78.28466579620488
H0579,2025-05,86%,78.50416509007462
H0580,2025-05,79%,73.66160293322615
H0581,2025-05,100%,75.28065293468708
H0582,2025-05,96%,84.0453162505867
H0583,2025-05,77%,68.97809132185591
H0584,2025-05,75%,76.55992764874718
H0585,2025-05,87%,76.90700790962866
H0586,2025-05,86%,85.86146864718863
H0587,2025-05,72%,89.20016775778218
H0588,2025-05,75%,96.80374089143896
H0589,2025-05,67%,73.78514060337099
H0590,2025-05,82%,88.75136860307322
H0591,2025-05,75%,82.83040203457742
H0592,2025-05,68%,78.57642384420478
H0593,2025-05,83%,88.05294849082522
H0594,2025-05,99%,66.598614614909
H0596,2025-05,79%,69.87331255258735
H0597,2025-05,74%,92.74710401415444
H0598,2025-05,77%,89.8972285056668
H0599,2025-05,87%,69.30713907253673
H0600,2025-05,74%,66.78684547082375
C0002,2025-05,79%,70.87049211274811
C0004,2025-05,72%,98.27648360846035
C0005,2025-05,87%,71.34888471336343
C0006,2025-05,88%,85.7651438386415
C0007,2025-05,87%,76.90822411430534
C0008,2025-05,68%,97.18103755220835
C0009,2025-05,84%,64.53798161335814
C0010,2025-05,86%,66.42085349499698
C0011,2025-05,74%,82.50252168766588
C0012,2025-05,92%,94.28176108740661
C0013,2025-05,85%,77.79120616973839
C0014,2025-05,83%,72.14062402135337
C0015,2025-05,84%,64.73555096021855
C0016,2025-05,87%,84.3271186333815
C0017,2025-05,73%,66.62907713757313
C0018,2025-05,75%,100.0
C0019,2025-05,87%,82.28767968940475
C0020,2025-05,95%,81.80790770450359
C0021,2025-05,81%,77.48537878702334
C0022,2025-05,72%,71.25541808054605
C0023,2025-05,82%,77.48133043534591
C0024,2025-05,90%,85.16603356282587
C0025,2025-05,86%,89.24872491053118
C0026,2025-05,99%,80.76558720267614
C0027,2025-05,93%,78.65662319666077
C0028,2025-05,94%,82.54613842308564
C0029,2025-05,86%,71.78730504683999
C0030,2025-05,84%,95.96371481794382
C0031,2025-05,61%,73.63600904995712
C0032,2025-05,83%,73.22063777893125
C0033,2025-05,88%,87.41899653975508
C0035,2025-05,76%,96.49505560785153
C0036,2025-05,84%,86.60614276844653
C0037,2025-05,63%,70.11201570870415
C0038,2025-05,95%,89.0320428475794
C0039,2025-05,59%,79.05075142362558
C0040,2025-05,66%,94.46167928840377
C0041,2025-05,87%,72.71016514933488
C0042,2025-05,100%,84.01366038060492
C0043,2025-05,93%,90.35986582360749
C0044,2025-05,95%,70.53411406186399
C0045,2025-05,83%,95.32064988380084
C0046,2025-05,78%,80.4275802752188
C0047,2025-05,70%,83.58657284617215
C0048,2025-05,84%,56.43039192480593
C0051,2025-05,86%,93.08054334710845
C0052,2025-05,84%,61.325406458104965
C0053,2025-05,100%,72.54809557157671
C0054,2025-05,90%,81.233853318355
C0055,2025-05,84%,85.63080398804755
C0056,2025-05,97%,89.95775659090259
C0057,2025-05,77%,84.18019429154434
C0058,2025-05,100%,76.27943504866892
C0059,2025-05,62%,69.72463356577059
C0060,2025-05,74%,94.24814039082554
C0061,2025-05,82%,
C0062,2025-05,100%,79.6902436237981
C0063,2025-05,67%,73.52065307582806
C0064,2025-05,92%,81.31114559581117
C0065,2025-05,86%,78.91888332218176
C0066,2025-05,68%,77.62450684576127
C0067,2025-05,77%,72.18262075356044
C0068,2025-05,88%,89.65268427074142
C0069,2025-05,76%,75.57287530900287
C0070,2025-05,84%,75.00142823826478
C0071,2025-05,86%,90.95718344860326
C0072,2025-05,83%,83.64047622284745
C0073,2025-05,94%,96.5585075914475
C0074,2025-05,58%,62.19407058298253
C0075,2025-05,59%,78.69121124949518
C0076,2025-05,65%,80.08734825197425
C0077,2025-05,80%,84.66296428415342
C0078,2025-05,76%,79.6607139272662
C0079,2025-05,87%,
C0080,2025-05,80%,89.11101766332227
C0081,2025-05,73%,74.35500391085914
C0082,2025-05,92%,90.63855823645103
C0083,2025-05,85%,74.47007594240918
C0084,2025-05,70%,80.4838966489295
C0085,2025-05,79%,64.90187919929784
C0086,2025-05,84%,68.15099853396384
C0088,2025-05,88%,67.4006391956826
C0089,2025-05,66%,77.04292966506414
C0090,2025-05,95%,91.46939257103654
C0091,2025-05,93%,80.01306338496825
C0092,2025-05,95%,82.01424703695912
C0093,2025-05,64%,100.0
C0094,2025-05,78%,84.62138747644563
C0095,2025-05,64%,79.93726969708867
C0096,2025-05,96%,71.67329935212365
C0097,2025-05,73%,83.00908630646788
C0098,2025-05,52%,88.44790162222553
C0099,2025-05,96%,73.19400349224331
C0100,2025-05,91%,82.84959444472788
C0101,2025-05,73%,70.01836793302735
C0102,2025-05,87%,84.77009922494858
C0103,2025-05,87%,77.11647707792015
C0104,2025-05,74%,85.30041594914542
C0105,2025-05,100%,61.156587671983935
C0106,2025-05,91%,79.29064257557826
C0107,2025-05,71%,87.99871797874266
C0108,2025-05,70%,83.17954500996804
C0109,2025-05,80%,78.40916144313374
C0110,2025-05,74%,54.98462503299428
C0111,2025-05,82%,92.46428355353088
C0112,2025-05,73%,71.37318297345067
C0113,2025-05,89%,
C0114,2025-05,79%,70.26842292962965
C0115,2025-05,73%,69.27841480060803
C0116,2025-05,93%,79.06103861290161
C0117,2025-05,79%,64.55771703764202
C0118,2025-05,96%,68.31560681600834
C0119,2025-05,71%,91.14427856862235
C0120,2025-05,98%,
C0122,2025-05,83%,73.40784828191869
C0123,2025-05,96%,61.20307518047151
C0124,2025-05,58%,75.34975605852546
C0125,2025-05,99%,75.84512775228275
C0126,2025-05,100%,95.28219893765248
C0127,2025-05,61%,81.98849709402813
C0128,2025-05,92%,82.5610669854428
C0129,2025-05,65%,84.41289330615488
C0130,2025-05,82%,75.35140022813404
C0131,2025-05,87%,87.14109668158508
C0132,2025-05,90%,85.17841479165803
C0133,2025-05,79%,84.82644666152947
C0134,2025-05,68%,83.54513852909906
C0135,2025-05,100%,100.0
C0136,2025-05,55%,56.65373348842972
C0137,2025-05,81%,69.45372279239939
C0138,2025-05,86%,76.79611140794391
C0139,2025-05,86%,87.89837845431434
C0140,2025-05,100%,79.80918361593532
C0141,2025-05,66%,88.40216933089127
C0142,2025-05,81%,80.47026413743484
C0143,2025-05,76%,72.12315159123143
C0145,2025-05,89%,76.31050597863579
C0146,2025-05,100%,
C0147,2025-05,92%,68.16329389999606
C0148,2025-05,96%,94.13566161201298
C0149,2025-05,93%,87.48977920515374
C0150,2025-05,100%,78.26895359577553
C0151,2025-05,64%,67.86611192901479
C0152,2025-05,91%,76.86664725275509
C0153,2025-05,64%,79.40574869784245
C0154,2025-05,100%,89.57273313988071
C0155,2025-05,86%,77.98822192582625
C0156,2025-05,86%,89.1903443382284
C0158,2025-05,62%,79.21348995197954
C0159,2025-05,56%,81.35509875796728
C0160,2025-05,77%,100.0
C0161,2025-05,74%,92.84826762813543
C0162,2025-05,79%,86.74787146877934
C0163,2025-05,76%,85.06126038015071
C0164,2025-05,87%,95.37901280185453
C0165,2025-05,86%,63.99477207352433
C0166,2025-05,89%,57.85169744751308
C0167,2025-05,80%,84.78546721877424
C0168,2025-05,91%,77.19925985659098
C0169,2025-05,72%,73.86107260882832
C0170,2025-05,100%,88.19447180870758
C0171,2025-05,85%,59.37077997301822
C0172,2025-05,74%,90.49498726001397
C0173,2025-05,84%,94.38337383428306
C0174,2025-05,71%,68.95279776885062
C0176,2025-05,85%,89.92827017278707
C0177,2025-05,71%,76.32972551021118
C0178,2025-05,100%,79.00187572693982
C0179,2025-05,70%,78.76916260401534
C0180,2025-05,89%,81.19107131607038
C0181,2025-05,72%,84.3285801213133
C0182,2025-05,91%,98.16796041667098
C0183,2025-05,91%,74.25425797360057
C0184,2025-05,55%,79.25101327483115
C0185,2025-05,91%,81.13390032847714
C0186,2025-05,86%,64.43535388743426
C0187,2025-05,86%,85.36514623192024
C0188,2025-05,82%,75.77612445210822
C0189,2025-05,78%,84.52700062156204
C0190,2025-05,57%,79.03594495318454
C0191,2025-05,81%,91.28693041638374
C0192,2025-05,81%,64.558890860032
C0193,2025-05,79%,61.3182074120044
C0194,2025-05,72%,93.56849731775267
C0195,2025-05,96%,76.43194292163582
C0196,2025-05,84%,88.52421094806323
C0198,2025-05,62%,77.5875587563733
C0199,2025-05,71%,75.9129084935874
C0202,2025-05,82%,76.06445790425346
C0203,2025-05,78%,88.21110027945049
C0204,2025-05,90%,77.730020779323
C0205,2025-05,90%,79.10035811844814
C0206,2025-05,84%,63.79265437533874
C0207,2025-05,92%,89.10020113165417
C0208,2025-05,91%,95.65016727822886
C0209,2025-05,91%,58.69564778929262
C0210,2025-05,81%,84.24558784251688
C0211,2025-05,73%,91.44435326563601
C0212,2025-05,79%,83.25018363679669
C0213,2025-05,90%,82.42049578513985
C0214,2025-05,99%,94.60807553917128
C0215,2025-05,94%,99.85975908757132
C0216,2025-05,79%,80.85804307548115
C0218,2025-05,72%,75.74051378783054
C0219,2025-05,95%,81.10055602330816
C0220,2025-05,100%,69.94239328770362
C0221,2025-05,95%,87.76879161190732
C0222,2025-05,69%,70.3233417112649
C0223,2025-05,72%,100.0
C0224,2025-05,93%,66.45546824498757
C0225,2025-05,89%,100.0
C0226,2025-05,73%,69.3351008162574
C0228,2025-05,89%,93.591590731031
C0229,2025-05,71%,71.80494066574478
C0230,2025-05,88%,84.964718379533
C0231,2025-05,98%,82.26337783779533
C0232,2025-05,84%,67.60868178921858
C0233,2025-05,100%,56.79816445044332
C0234,2025-05,88%,74.58255537427557
C0235,2025-05,82%,84.8249399677622
C0236,2025-05,92%,75.47528330756484
C0237,2025-05,95%,79.66447668359538
C0238,2025-05,73%,86.14364609295873
C0239,2025-05,81%,63.22593590327011
C0240,2025-05,70%,75.0690469865772
C0241,2025-05,64%,95.66325899649425
C0242,2025-05,80%,74.73607004621057
C0243,2025-05,87%,81.97191959730621
C0244,2025-05,77%,72.81543410796942
C0245,2025-05,87%,79.17272434004919
C0247,2025-05,72%,67.88288514304969
C0248,2025-05,87%,96.10115062233736
C0249,2025-05,71%,89.04368237499826
C0250,2025-05,80%,92.61765688593754
C0251,2025-05,72%,80.62765704103711
C0252,2025-05,75%,64.19500316283192
C0253,2025-05,73%,75.73900650493172
C0254,2025-05,99%,83.28047798400746
C0255,2025-05,85%,89.18920423844679
C0256,2025-05,74%,79.9727247898464
C0257,2025-05,76%,68.35859355727887
C0258,2025-05,91%,89.64484190103494
C0259,2025-05,83%,77.84415229111616
C0260,2025-05,90%,76.76929421406984
C0261,2025-05,88%,
C0262,2025-05,92%,81.51461278923048
C0263,2025-05,63%,78.7793826587233
C0264,2025-05,81%,88.26872986957231
C0265,2025-05,64%,88.76558120423996
C0266,2025-05,100%,86.96279079649783
C0267,2025-05,79%,74.09219512891588
C0268,2025-05,97%,
C0269,2025-05,91%,78.85380132868451
C0270,2025-05,75%,88.52870868112998
C0272,2025-05,80%,
C0273,2025-05,95%,81.45161709205907
C0274,2025-05,73%,
C0275,2025-05,87%,83.15646634100776
C0276,2025-05,81%,84.64322511644029
C0277,2025-05,83%,74.31746051261027
C0278,2025-05,74%,64.87168436793453
C0279,2025-05,65%,76.92859376596246
C0280,2025-05,66%,
C0281,2025-05,98%,93.34796499612862
C0282,2025-05,70%,81.34109049351413
C0283,2025-05,75%,95.04556136418623
C0284,2025-05,78%,83.40534640897484
C0285,2025-05,94%,77.20123500747262
C0286,2025-05,100%,81.84184409018734
C0287,2025-05,112/100,77.63191411142253
C0288,2025-05,65%,99.90793209474812
C0290,2025-05,70%,78.4210328877912
C0291,2025-05,92%,
C0292,2025-05,88%,91.40558099661442
C0293,2025-05,96%,66.56502563353372
C0294,2025-05,68%,67.06511734419146
C0295,2025-05,71%,63.776993063139585
C0296,2025-05,86%,66.52676156556524
C0297,2025-05,76%,86.27362662271138
C0298,2025-05,96%,82.84853040586229
C0299,2025-05,64%,66.47998141632172
C0300,2025-05,100%,79.62978704507184
C0301,2025-05,79%,81.87997499928794
C0302,2025-05,63%,
C0303,2025-05,100%,55.47279910182672
C0304,2025-05,67%,87.6425588969747
C0305,2025-05,91%,86.3102920341901
C0306,2025-05,76%,79.70807982209537
C0307,2025-05,65%,92.93053115225995
C0308,2025-05,77%,92.38045978580902
C0309,2025-05,98%,66.95031994079667
C0310,2025-05,89%,91.04006073463776
C0311,2025-05,64%,72.27313335518721
C0312,2025-05,88%,67.17529636199053
C0313,2025-05,78%,
C0314,2025-05,93%,71.25556600435189
C0315,2025-05,60%,89.27652830045155
C0316,2025-05,57%,81.97480140268351
C0317,2025-05,63%,95.49200682211334
C0318,2025-05,96%,80.1824226385537
C0319,2025-05,86%,91.81807219027387
C0320,2025-05,100%,
C0321,2025-05,74%,92.19848271486894
C0322,2025-05,71%,84.79583276600043
C0323,2025-05,60%,
C0324,2025-05,95%,97.78238487498692
C0325,2025-05,88%,71.64929250177595
C0326,2025-05,87%,78.72708762058426
C0327,2025-05,87%,87.83411065849691
C0328,2025-05,100%,85.76592876975013
C0329,2025-05,70%,67.72192743997252
C0330,2025-05,98%,66.43424526551081
C0331,2025-05,88%,76.14732247660464
C0332,2025-05,76%,82.38554549203644
C0333,2025-05,79%,74.32585674312747
C0335,2025-05,91%,94.7776562514518
C0336,2025-05,99%,85.02746453684423
C0337,2025-05,92%,78.68887837473905
C0338,2025-05,100%,89.41291354490083
C0339,2025-05,80%,74.41761357562777
C0340,2025-05,74%,76.00052065884213
C0341,2025-05,84%,76.15473151948919
C0342,2025-05,69%,81.67052821193654
C0343,2025-05,85%,94.70002126479203
C0344,2025-05,87%,89.18994452467138
C0346,2025-05,63%,67.58819144265821
C0347,2025-05,81%,73.0392488547949
C0348,2025-05,64%,90.68774275273054
C0349,2025-05,72%,81.24384330423487
C0350,2025-05,86%,72.72522363014366
C0351,2025-05,83%,91.27676217168457
C0352,2025-05,56%,64.72233660526348
C0353,2025-05,78%,85.10499892002234
C0354,2025-05,79%,68.13099014034228
C0355,2025-05,79%,88.09579202392534
C0356,2025-05,77%,78.6409661894319
C0357,2025-05,100%,87.08226903230471
C0359,2025-05,76%,62.75130359796269
C0360,2025-05,56%,75.74675938869794
C0362,2025-05,93%,78.15231012533178
C0363,2025-05,100%,
C0364,2025-05,91%,94.05106810945432
C0365,2025-05,83%,71.85226489407675
C0366,2025-05,92%,73.53847485746866
C0367,2025-05,75%,72.86056208987121
C0368,2025-05,90%,87.34804479915402
C0369,2025-05,85%,81.20781724521005
C0370,2025-05,98%,63.89465667201074
C0371,2025-05,82%,100.0
C0372,2025-05,87%,89.86629724177561
C0373,2025-05,77%,76.00273707831893
C0374,2025-05,83%,60.175178688790155
C0375,2025-05,83%,81.18749773990415
C0376,2025-05,88%,75.86868380562431
C0377,2025-05,83%,74.46141409940928
C0378,2025-05,79%,85.64305774918381
C0379,2025-05,74%,86.52008956866698
C0380,2025-05,82%,100.0
C0381,2025-05,77%,67.64609288491238
C0382,2025-05,81%,90.65911395420025
C0383,2025-05,67%,68.88384891113608
C0384,2025-05,100%,87.54212389423711
C0385,2025-05,75%,81.78699483498639
C0386,2025-05,100%,86.11246319876729
C0387,2025-05,70%,90.62594050696448
C0388,2025-05,100%,68.11787337712245
C0389,2025-05,91%,65.90790530549786
C0390,2025-05,68%,
C0391,2025-05,85%,60.95580515292898
C0392,2025-05,112/100,85.49365110578398
C0393,2025-05,100%,82.77632093756938
C0394,2025-05,83%,66.38461150543353
C0395,2025-05,94%,86.58490420861986
C0396,2025-05,82%,87.259573035181
C0398,2025-05,89%,
C0399,2025-05,77%,76.67271855893486
C0400,2025-05,84%,64.621753817779
C0401,2025-05,94%,
C0402,2025-05,100%,80.31449572117103
C0403,2025-05,73%,96.1393217792659
C0404,2025-05,77%,72.45540991834994
C0405,2025-05,77%,79.12592044545268
C0406,2025-05,85%,82.52804333064434
C0407,2025-05,81%,90.28880095385567
C0408,2025-05,81%,74.96357656692778
C0409,2025-05,74%,85.29534489569441
C0410,2025-05,68%,70.76082076222923
C0411,2025-05,72%,93.24754991991351
C0412,2025-05,76%,56.420224781489175
C0413,2025-05,88%,91.34752308130025
C0415,2025-05,100%,67.90192662822534
C0416,2025-05,59%,100.0
C0417,2025-05,77%,75.26280349543667
C0418,2025-05,82%,79.22681354673394
C0419,2025-05,86%,88.90314647804911
C0420,2025-05,85%,85.00766696792965
C0421,2025-05,79%,85.43459237848592
C0422,2025-05,90%,82.56417167323157
C0423,2025-05,68%,73.97423142554064
C0424,2025-05,97%,
C0425,2025-05,66%,100.0
C0426,2025-05,74%,87.48980392130457
C0427,2025-05,81%,77.64926425462485
C0428,2025-05,91%,76.42609280213425
C0429,2025-05,88%,80.47647859073278
C0430,2025-05,97%,69.74419160198485
C0431,2025-05,77%,91.19729214595108
C0432,2025-05,90%,74.40982902926265
C0433,2025-05,69%,83.3611453668604
C0434,2025-05,90%,100.0
C0435,2025-05,86%,73.06664243802109
C0436,2025-05,76%,74.65325325797883
C0437,2025-05,76%,84.67387378743808
C0438,2025-05,96%,
C0439,2025-05,85%,70.59419673177956
C0440,2025-05,99%,87.5180479054
C0441,2025-05,83%,86.42599164813394
C0442,2025-05,92%,67.77690126562553
C0443,2025-05,100%,74.53078814334643
C0444,2025-05,90%,91.9465701667042
C0445,2025-05,98%,74.44272996177114
C0446,2025-05,99%,64.21833499063955
C0447,2025-05,95%,76.94594645639555
C0448,2025-05,85%,96.3120829201203
C0449,2025-05,98%,57.108463172717734
C0450,2025-05,88%,81.64594245186863
C0451,2025-05,82%,85.1550948200231
C0452,2025-05,82%,81.02684846899916
C0453,2025-05,89%,64.91509005762347
C0454,2025-05,87%,77.42460554082251
C0455,2025-05,67%,
C0456,2025-05,100%,100.0
C0457,2025-05,80%,66.13058917069829
C0458,2025-05,89%,86.65966370912497
C0459,2025-05,100%,67.92880112878694
C0460,2025-05,69%,87.05241292590276
C0461,2025-05,92%,74.95540720940436
C0462,2025-05,71%,
C0463,2025-05,84%,94.09656557248258
C0464,2025-05,97%,73.94303767299374
C0465,2025-05,95%,
C0466,2025-05,75%,70.81347744746608
C0467,2025-05,64%,78.83656942953401
C0468,2025-05,54%,86.54225022068145
C0469,2025-05,100%,61.9376626399863
C0470,2025-05,56%,76.213772340223
C0471,2025-05,81%,66.00672416669347
C0472,2025-05,72%,60.928500054267694
C0473,2025-05,61%,96.76593429963233
C0474,2025-05,71%,77.88353337155235
C0475,2025-05,77%,65.52389037521239
C0476,2025-05,112/100,76.15809711739425
C0477,2025-05,86%,72.10352581216671
C0478,2025-05,72%,70.44601350108334
C0479,2025-05,65%,85.59119862251433
C0480,2025-05,97%,97.83318331099531
C0481,2025-05,78%,91.12175655336813
C0482,2025-05,72%,66.89150836600056
C0483,2025-05,96%,73.71338197410749
C0484,2025-05,75%,73.0712759895161
C0485,2025-05,80%,83.8349971031378
C0486,2025-05,89%,83.47433987656487
C0487,2025-05,87%,70.22714053133406
C0488,2025-05,71%,83.2418881428081
C0489,2025-05,71%,86.45258393353458
C0490,2025-05,87%,82.8863538545112
C0491,2025-05,74%,73.54848547630473
C0492,2025-05,84%,87.49434965197784
C0493,2025-05,69%,86.1919852655047
C0494,2025-05,91%,80.6886685672526
C0495,2025-05,99%,
C0496,2025-05,87%,89.94238377526952
C0497,2025-05,89%,100.0
C0498,2025-05,66%,81.74777295947719
C0499,2025-05,60%,82.74916976843926
C0500,2025-05,112/100,66.3363562659376
C0501,2025-05,70%,87.55231719165498
C0502,2025-05,84%,79.14208996952372
C0503,2025-05,112/100,
C0504,2025-05,51%,63.898897865708264
C0505,2025-05,88%,71.60279252401386
C0506,2025-05,81%,76.35764882679281
C0507,2025-05,89%,67.79268330034306
C0509,2025-05,75%,83.5477932032752
C0510,2025-05,86%,88.05759598428175
C0511,2025-05,79%,79.97098064569919
C0512,2025-05,99%,
C0513,2025-05,80%,100.0
C0514,2025-05,86%,78.19790908571935
C0516,2025-05,83%,80.74502792619005
C0517,2025-05,89%,74.30015952034186
C0518,2025-05,79%,62.67537864128404
C0519,2025-05,73%,78.53229324653043
C0520,2025-05,71%,87.38063015420487
C0521,2025-05,100%,79.91051950376365
C0522,2025-05,79%,73.62677789792961
C0523,2025-05,100%,91.60187236501778
C0524,2025-05,87%,84.45300758628477
C0525,2025-05,90%,100.0
C0526,2025-05,75%,86.66312637014292
C0527,2025-05,96%,86.54628437881847
C0528,2025-05,92%,77.6449806790457
C0529,2025-05,100%,88.31177652202324
C0530,2025-05,72%,68.27651238542637
C0531,2025-05,87%,81.90625313660323
C0532,2025-05,100%,79.20256535080392
C0533,2025-05,74%,87.77599450936236
C0534,2025-05,73%,84.31266662774865
C0535,2025-05,90%,82.62393155208677
C0536,2025-05,81%,
C0537,2025-05,85%,96.13032696811385
C0538,2025-05,72%,95.50366573366563
C0539,2025-05,83%,89.8425825773956
C0540,2025-05,94%,85.99948176938088
C0542,2025-05,96%,84.68377534781767
C0543,2025-05,61%,89.99776048293818
C0544,2025-05,88%,79.11742711597763
C0545,2025-05,86%,81.89382983061307
C0546,2025-05,83%,96.93229903116841
C0547,2025-05,100%,
C0548,2025-05,84%,88.50403348276168
C0549,2025-05,77%,82.01098389227603
C0550,2025-05,87%,81.8047646389221
C0551,2025-05,64%,72.20621151325268
C0552,2025-05,78%,81.7949923056306
C0553,2025-05,72%,82.64973856163361
C0554,2025-05,58%,84.4085965394424
C0555,2025-05,74%,69.20685866690691
C0556,2025-05,90%,98.2995993961174
C0557,2025-05,83%,78.5374069073442
C0558,2025-05,97%,66.75988466460706
C0559,2025-05,75%,71.32029514291872
C0560,2025-05,71%,69.70535519034723
C0561,2025-05,86%,74.29107526693285
C0562,2025-05,92%,84.67404256845586
C0563,2025-05,86%,91.7838380411718
C0564,2025-05,81%,78.06309388373052
C0565,2025-05,91%,56.329955194391786
C0566,2025-05,79%,66.64620535979094
C0567,2025-05,90%,82.8996776081663
C0568,2025-05,73%,69.3825311038498
C0569,2025-05,78%,77.68810660111015
C0570,2025-05,79%,68.04460866504957
C0571,2025-05,100%,80.04152138897079
C0572,2025-05,88%,77.48795772345885
C0573,2025-05,55%,79.89377574507401
C0574,2025-05,100%,74.85942342143238
C0575,2025-05,92%,64.91804954471235
C0576,2025-05,99%,89.84631560659372
C0577,2025-05,95%,77.92458588866103
C0578,2025-05,72%,89.07733695150375
C0579,2025-05,75%,82.82800062208236
C0580,2025-05,70%,86.99243537801819
C0581,2025-05,83%,76.96755697205396
C0582,2025-05,61%,80.57506961516741
C0583,2025-05,87%,73.62845971020651
C0584,2025-05,83%,80.5131573975706
C0585,2025-05,74%,83.43444364461861
C0586,2025-05,100%,69.1722587135327
C0587,2025-05,91%,82.47473877600629
C0588,2025-05,44%,87.09873032897956
C0589,2025-05,91%,98.17534496833572
C0590,2025-05,77%,
C0591,2025-05,79%,76.6659362115036
C0592,2025-05,93%,62.643683838512324
C0593,2025-05,82%,75.95252447111085
C0594,2025-05,78%,87.099889035959
C0595,2025-05,67%,76.93517858094202
C0596,2025-05,112/100,58.87921094912777
C0597,2025-05,77%,78.49512550848058
C0598,2025-05,87%,78.26421674226829
C0599,2025-05,88%,82.66789733181622
C0600,2025-05,100%,94.25795425551449
C0601,2025-05,71%,84.90907250826038
C0602,2025-05,73%,71.57059266005832
C0603,2025-05,89%,79.61038579776694
C0604,2025-05,72%,71.55821180457083
C0605,2025-05,71%,85.82209236896533
C0606,2025-05,69%,80.42316275511652
C0607,2025-05,100%,81.7932450090291
C0608,2025-05,76%,74.95576595224688
C0609,2025-05,83%,
C0610,2025-05,71%,82.13339644923775
C0611,2025-05,89%,83.1864743615904
C0612,2025-05,87%,93.84392242717252
C0613,2025-05,85%,79.37079132269722
C0614,2025-05,75%,76.56436309917494
C0615,2025-05,86%,98.17587316726511
C0616,2025-05,83%,
C0618,2025-05,91%,77.96526277312094
C0619,2025-05,80%,80.1253190936923
C0620,2025-05,89%,
C0621,2025-05,73%,69.52197386452366
C0622,2025-05,88%,80.47931860382812
C0623,2025-05,71%,64.50553514558055
C0624,2025-05,100%,76.25290025938563
C0625,2025-05,92%,77.1473297395361
C0626,2025-05,69%,78.8035607723219
C0627,2025-05,82%,81.62428879622526
C0628,2025-05,80%,74.23423902128054
C0629,2025-05,85%,80.17253749648853
C0631,2025-05,59%,81.15007344279877
C0632,2025-05,100%,
C0633,2025-05,82%,81.50720729470996
C0634,2025-05,91%,97.4752272330767
C0635,2025-05,69%,83.11985317183758
C0636,2025-05,93%,83.73044734728651
C0637,2025-05,83%,76.50069322811056
C0638,2025-05,81%,75.83393351921833
C0639,2025-05,69%,75.73708811694561
C0640,2025-05,83%,
C0641,2025-05,91%,86.68176488994335
C0642,2025-05,83%,80.57191280313992
C0643,2025-05,100%,90.41657780846901
C0644,2025-05,89%,81.29622839192265
C0645,2025-05,100%,71.11151420960785
C0646,2025-05,74%,80.8738358105953
C0647,2025-05,67%,70.6897293967689
C0648,2025-05,77%,74.03538756772562
C0649,2025-05,74%,77.62455586523812
C0650,2025-05,76%,98.24318660230742
C0651,2025-05,86%,89.90654299390272
C0652,2025-05,87%,69.87276894495875
C0653,2025-05,76%,80.49335580623261
C0654,2025-05,84%,91.47737681612392
C0655,2025-05,70%,85.35936819126219
C0656,2025-05,79%,79.02068803074181
C0657,2025-05,75%,62.3281514459872
C0658,2025-05,72%,68.18773563279471
C0659,2025-05,92%,79.20716171581657
C0660,2025-05,79%,92.49319260423296
C0661,2025-05,88%,95.90311212537102
C0662,2025-05,72%,73.86169367694053
C0663,2025-05,84%,90.42753860379896
C0664,2025-05,88%,
C0665,2025-05,94%,85.18042462810847
C0666,2025-05,76%,56.06192725335859
C0667,2025-05,69%,70.0593036865293
C0668,2025-05,81%,68.43578924449042
C0669,2025-05,62%,63.21535372260671
C0670,2025-05,90%,81.60441548577444
C0671,2025-05,80%,70.82007998925752
C0672,2025-05,65%,69.1233548167016
C0673,2025-05,76%,79.4860241980566
C0674,2025-05,91%,66.20467075050308
C0675,2025-05,71%,68.89002781763718
C0676,2025-05,91%,86.1385210380421
C0677,2025-05,100%,85.69999521439217
C0678,2025-05,95%,91.97386988074425
C0679,2025-05,86%,90.49171315647416
C0680,2025-05,82%,68.81914079369668
C0681,2025-05,71%,79.2726740923707
C0682,2025-05,93%,94.8610558483199
C0683,2025-05,89%,87.06760134545692
C0684,2025-05,100%,69.15283771275313
C0685,2025-05,85%,84.66996886184324
C0686,2025-05,84%,73.17413757487886
C0687,2025-05,94%,75.66630684233544
C0688,2025-05,96%,85.42749566326879
C0689,2025-05,58%,84.49513973019874
C0690,2025-05,96%,76.07829651522279
C0691,2025-05,90%,62.34417790115682
C0692,2025-05,77%,77.38938040353982
C0693,2025-05,84%,79.95323578510914
C0694,2025-05,94%,58.948538952761346
C0695,2025-05,98%,
C0696,2025-05,89%,71.32183386881601
C0697,2025-05,87%,76.1522817736683
C0698,2025-05,91%,75.35554562711206
C0699,2025-05,89%,60.372543484638456
C0700,2025-05,100%,74.96833356481424
C0701,2025-05,100%,75.2597308214825
C0702,2025-05,89%,82.54755047440207
C0703,2025-05,72%,66.27518759840298
C0704,2025-05,92%,80.8219277717982
C0705,2025-05,80%,69.84858710163
C0706,2025-05,79%,83.65216918840858
C0707,2025-05,71%,88.64296159604714
C0708,2025-05,83%,90.3213674373761
C0709,2025-05,84%,99.90233932438248
C0710,2025-05,100%,53.348087951147015
C0711,2025-05,78%,71.79669313140275
C0712,2025-05,87%,90.41890045434286
C0713,2025-05,93%,
C0714,2025-05,90%,94.91603093397497
C0715,2025-05,84%,82.00635996527195
C0716,2025-05,100%,82.46349534721485
C0717,2025-05,47%,73.67953262788399
C0718,2025-05,100%,92.40625158994885
C0719,2025-05,56%,87.21902196275445
C0720,2025-05,96%,81.7506254005892
C0721,2025-05,91%,
C0722,2025-05,85%,69.55260603974942
C0723,2025-05,100%,56.46905049029428
C0724,2025-05,83%,89.99435055182565
C0725,2025-05,89%,92.90777119154532
C0726,2025-05,73%,
C0727,2025-05,82%,79.3424445262037
C0728,2025-05,99%,76.87681263504372
C0729,2025-05,90%,95.55914889141826
C0730,2025-05,93%,81.90598952583049
C0731,2025-05,83%,75.30809547261352
C0732,2025-05,82%,80.09016790708536
C0733,2025-05,74%,81.27658478548238
C0734,2025-05,83%,82.65629439139299
C0735,2025-05,67%,71.65175966240143
C0736,2025-05,74%,69.48760340011343
C0737,2025-05,73%,62.91234003514333
C0738,2025-05,95%,71.35764883718933
C0739,2025-05,93%,85.03592767695845
C0740,2025-05,95%,
C0741,2025-05,85%,90.72149578284751
C0742,2025-05,94%,50.23123442020309
C0743,2025-05,90%,84.27108832672066
C0744,2025-05,71%,77.01309573313881
C0745,2025-05,57%,79.42294942826196
C0746,2025-05,75%,75.89942955654082
C0747,2025-05,89%,76.87925414545498
C0748,2025-05,100%,80.07450759448103
C0749,2025-05,93%,90.88917250347109
C0750,2025-05,71%,89.99641572898501
C0751,2025-05,85%,66.22268722428163
C0752,2025-05,90%,82.54117034024566
C0753,2025-05,94%,73.30612243827395
C0754,2025-05,81%,81.02823924286763
C0756,2025-05,96%,88.03136617954539
C0757,2025-05,66%,65.19833185228372
C0758,2025-05,90%,85.6349181305443
C0759,2025-05,74%,82.58558834024754
C0760,2025-05,51%,90.07235802778457
C0761,2025-05,82%,75.32041178733989
C0762,2025-05,81%,86.43835399558813
C0763,2025-05,72%,68.24782728706097
C0764,2025-05,98%,73.07907203570885
C0765,2025-05,62%,82.56141023172826
C0766,2025-05,112/100,69.92555753375441
C0767,2025-05,90%,84.749165409673
C0768,2025-05,86%,58.279136971776836
C0769,2025-05,81%,80.58907067715253
C0770,2025-05,70%,80.57782059714009
C0771,2025-05,82%,77.97241710953168
C0772,2025-05,91%,87.97836342353753
C0773,2025-05,68%,81.67014809360487
C0774,2025-05,56%,75.7346515648274
C0775,2025-05,75%,72.74784972434884
C0776,2025-05,76%,81.02624947039479
C0777,2025-05,59%,79.90453623135335
C0778,2025-05,72%,76.88419591308067
C0780,2025-05,94%,68.74651601478189
C0781,2025-05,89%,78.2649947664775
C0782,2025-05,86%,98.40475461118379
C0783,2025-05,53%,77.61657877848634
C0784,2025-05,95%,72.42599316051886
C0785,2025-05,65%,79.0277971519913
C0786,2025-05,74%,75.91845351019415
C0787,2025-05,77%,76.47180511709938
C0788,2025-05,83%,85.10212022268598
C0789,2025-05,70%,82.97940273710493
C0790,2025-05,71%,60.665729670257114
C0791,2025-05,93%,92.36012790826678
C0792,2025-05,100%,77.83168980863576
C0793,2025-05,79%,73.23455240601947
C0794,2025-05,92%,85.45337498572154
C0795,2025-05,80%,94.80689911799058
C0796,2025-05,94%,89.05443113677224
C0797,2025-05,88%,77.7773023188297
C0798,2025-05,89%,82.97454850535532
C0799,2025-05,71%,79.17165162817787
C0800,2025-05,75%,66.1182936260443
H0001,2025-06,88%,83.25264563960579
H0002,2025-06,72%,82.32743237841275
H0003,2025-06,70%,72.0722310373136
H0004,2025-06,87%,
H0005,2025-06,79%,74.04870706602708
H0006,2025-06,100%,80.0774145410526
H0007,2025-06,86%,
H0008,2025-06,84%,96.56407398547746
H0009,2025-06,87%,67.75443173527984
H0010,2025-06,89%,71.78177985543685
H0011,2025-06,75%,
H0012,2025-06,74%,78.47485100776902
H0013,2025-06,75%,92.47941860423488
H0014,2025-06,80%,87.87470702528108
H0015,2025-06,70%,81.52595180718733
H0016,2025-06,80%,78.75602165195598
H0017,2025-06,77%,77.47314910183239
H0018,2025-06,91%,94.44980875233092
H0019,2025-06,86%,88.00807155583199
H0020,2025-06,112/100,63.99423906688424
H0021,2025-06,93%,85.8572526984526
H0022,2025-06,79%,77.23125082683201
H0023,2025-06,80%,63.57783325317308
H0024,2025-06,49%,77.19879297246773
H0026,2025-06,74%,
H0027,2025-06,77%,66.77159801956168
H0028,2025-06,90%,91.07634731795052
H0029,2025-06,86%,83.81094666324688
H0030,2025-06,63%,85.4402347983023
H0031,2025-06,72%,65.59291203921504
H0032,2025-06,75%,68.59997903115189
H0033,2025-06,100%,86.88801397199745
H0034,2025-06,80%,79.84568340119057
H0035,2025-06,73%,87.4940633019979
H0036,2025-06,90%,82.82744412964402
H0037,2025-06,70%,88.43081098475821
H0038,2025-06,100%,53.47643458700432
H0039,2025-06,75%,74.90095915047357
H0040,2025-06,85%,79.4178975669577
H0041,2025-06,94%,91.81822542884288
H0042,2025-06,65%,76.76283990744855
H0043,2025-06,56%,81.9967886653737
H0044,2025-06,68%,89.45937726879635
H0045,2025-06,93%,69.17763538627125
H0046,2025-06,77%,75.43944235768396
H0047,2025-06,83%,
H0048,2025-06,99%,76.82248584376055
H0049,2025-06,64%,69.51079432883508
H0050,2025-06,90%,70.94748904309392
H0051,2025-06,100%,93.03959427678593
H0052,2025-06,99%,75.63810446576527
H0053,2025-06,99%,
H0054,2025-06,81%,77.85316825828426
H0055,2025-06,89%,74.34284632357482
H0056,2025-06,87%,
H0057,2025-06,87%,93.44176643738878
H0058,2025-06,70%,88.95769403364429
H0059,2025-06,69%,88.75280638391648
H0060,2025-06,69%,
H0061,2025-06,84%,98.04211526645875
H0062,2025-06,53%,80.55902381871765
H0063,2025-06,79%,78.50438389196476
H0064,2025-06,91%,82.106509382169
H0065,2025-06,100%,82.21602748300181
H0066,2025-06,81%,79.10433552633899
H0067,2025-06,58%,78.87599018440129
H0068,2025-06,97%,78.30384567099019
H0069,2025-06,92%,68.08425199947182
H0070,2025-06,69%,68.05386504942898
H0071,2025-06,85%,78.8968986427392
H0072,2025-06,100%,92.65346323860281
H0073,2025-06,64%,68.21789078191858
H0074,2025-06,100%,100.0
H0075,2025-06,87%,72.20525500221684
H0076,2025-06,72%,93.18892974218546
H0077,2025-06,86%,83.60816570190651
H0078,2025-06,73%,71.47589803208928
H0079,2025-06,100%,71.55750746128317
H0080,2025-06,83%,
H0081,2025-06,94%,84.2819859207984
H0082,2025-06,72%,95.8540892893046
H0083,2025-06,76%,
H0084,2025-06,64%,88.1450319730749
H0085,2025-06,56%,84.65890782899508
H0086,2025-06,84%,
H0087,2025-06,76%,65.68164027317212
H0088,2025-06,86%,63.61841914012191
H0089,2025-06,84%,85.8742586106063
H0090,2025-06,76%,93.28828359881196
H0091,2025-06,90%,
H0092,2025-06,86%,59.61962899386784
H0093,2025-06,85%,98.0724024736025
H0094,2025-06,88%,86.92324421208126
H0095,2025-06,65%,78.75665499079714
H0096,2025-06,78%,96.49895470000605
H0097,2025-06,71%,65.16845013360447
H0098,2025-06,76%,76.28055528962024
H0099,2025-06,72%,72.50785866189048
H0100,2025-06,89%,
H0101,2025-06,77%,84.85806065553763
H0102,2025-06,68%,79.92989003950898
H0103,2025-06,95%,77.8281819492333
H0104,2025-06,86%,94.80124060894451
H0105,2025-06,72%,58.27003516671297
H0106,2025-06,59%,99.28703687144713
H0107,2025-06,83%,80.72090077555774
H0108,2025-06,76%,55.61364016573638
H0109,2025-06,76%,87.77950688107946
H0110,2025-06,71%,79.78282975103767
H0111,2025-06,88%,
H0112,2025-06,100%,74.23156800776741
H0113,2025-06,83%,81.60801211286541
H0114,2025-06,76%,79.75396733141831
H0115,2025-06,82%,
H0116,2025-06,74%,70.62543733017546
H0117,2025-06,91%,74.67690862574062
H0118,2025-06,77%,85.57147869058522
H0119,2025-06,90%,82.59894188207917
H0120,2025-06,88%,86.50857282594325
H0121,2025-06,76%,80.83904249729308
H0122,2025-06,78%,81.23194456942548
H0123,2025-06,71%,94.45812228745406
H0124,2025-06,78%,77.98315033675239
H0125,2025-06,91%,97.17805949510716
H0126,2025-06,83%,68.66078459571806
H0127,2025-06,98%,71.22399509434423
H0128,2025-06,60%,
H0129,2025-06,74%,74.0435263372516
H0130,2025-06,73%,71.30255006133764
H0131,2025-06,85%,70.60432994061092
H0132,2025-06,99%,88.52175964352287
H0133,2025-06,86%,87.69282548371707
H0135,2025-06,74%,78.69726838900955
H0136,2025-06,91%,68.21763307819339
H0137,2025-06,83%,65.02854206831643
H0138,2025-06,100%,76.46001019398892
H0139,2025-06,82%,82.09154243844152
H0140,2025-06,92%,80.84792499040964
H0141,2025-06,96%,88.23459866255655
H0142,2025-06,56%,78.18431296653537
H0143,2025-06,112/100,91.64937677134877
H0144,2025-06,90%,
H0145,2025-06,66%,78.02923132051231
H0146,2025-06,81%,74.60911893962067
H0147,2025-06,87%,82.01404145644665
H0149,2025-06,67%,67.02826270536337
H0150,2025-06,99%,85.22884822772102
H0151,2025-06,100%,96.59441368304611
H0152,2025-06,81%,82.6167207066148
H0153,2025-06,62%,95.26526914067884
H0154,2025-06,100%,70.2712078418892
H0155,2025-06,87%,89.95913143737283
H0156,2025-06,65%,58.86514406483563
H0157,2025-06,90%,86.1296461140576
H0158,2025-06,90%,67.88247224791245
H0159,2025-06,92%,69.52927878257974
H0160,2025-06,98%,58.82914654637917
H0161,2025-06,100%,83.6275687675115
H0163,2025-06,83%,91.67558336372056
H0164,2025-06,60%,87.5402941763048
H0165,2025-06,85%,85.35621558939563
H0166,2025-06,80%,90.07267107154587
H0167,2025-06,83%,80.40517686415168
H0168,2025-06,63%,98.63325784004307
H0169,2025-06,93%,82.98719451346612
H0170,2025-06,112/100,83.44445759745516
H0171,2025-06,73%,89.72158821270355
H0173,2025-06,76%,86.2482580858049
H0174,2025-06,58%,75.54292830609165
H0175,2025-06,67%,80.30534644165537
H0176,2025-06,78%,75.0116752571894
H0177,2025-06,81%,82.84490958340629
H0178,2025-06,83%,72.19112841402679
H0179,2025-06,82%,70.05688014655973
H0180,2025-06,90%,70.1073847311931
H0181,2025-06,77%,85.16060966091455
H0182,2025-06,68%,93.48279824406566
H0183,2025-06,78%,85.20953746081227
H0184,2025-06,69%,91.7631579994686
H0185,2025-06,67%,87.66577958965213
H0186,2025-06,80%,77.77192500496429
H0187,2025-06,90%,83.54911296093151
H0188,2025-06,68%,81.83684003251537
H0190,2025-06,85%,73.29512444224537
H0191,2025-06,99%,93.76565100663197
H0192,2025-06,112/100,87.54075517036644
H0193,2025-06,84%,68.4142608006821
H0194,2025-06,57%,73.58616898372603
H0195,2025-06,97%,93.73765946670665
H0196,2025-06,83%,81.36302565992334
H0197,2025-06,88%,100.0
H0198,2025-06,76%,68.48746560573684
H0199,2025-06,91%,81.41022437084827
H0200,2025-06,82%,100.0
H0201,2025-06,90%,83.96652914358545
H0202,2025-06,60%,84.6185017825088
H0203,2025-06,74%,89.835803602545
H0204,2025-06,84%,100.0
H0205,2025-06,81%,85.42016722384898
H0206,2025-06,77%,72.08253075130483
H0207,2025-06,87%,76.0805511110222
H0208,2025-06,96%,86.44031842109594
H0209,2025-06,74%,80.12127520134835
H0210,2025-06,96%,83.39796947619215
H0211,2025-06,81%,80.73890939042833
H0212,2025-06,83%,67.464960973221
H0213,2025-06,83%,78.97886396136677
H0214,2025-06,55%,
H0215,2025-06,90%,65.2927380878202
H0216,2025-06,81%,95.51260485830835
H0217,2025-06,80%,77.68123409044678
H0218,2025-06,79%,84.10062269921582
H0219,2025-06,84%,81.8097198257785
H0220,2025-06,89%,69.43941842798925
H0221,2025-06,81%,84.78823046163338
H0222,2025-06,86%,71.69816286258042
H0223,2025-06,68%,91.23901772259255
H0224,2025-06,55%,85.45381771941348
H0225,2025-06,75%,84.12401029326163
H0226,2025-06,99%,100.0
H0227,2025-06,86%,69.59243462184837
H0228,2025-06,87%,83.91725704045459
H0229,2025-06,91%,89.93318591934732
H0230,2025-06,72%,84.9105811430617
H0231,2025-06,84%,94.255799323186
H0232,2025-06,100%,82.2017804363486
H0233,2025-06,72%,80.00061935890461
H0234,2025-06,100%,91.91070268770537
H0235,2025-06,61%,69.65554083715269
H0236,2025-06,95%,100.0
H0237,2025-06,100%,80.65020345868346
H0238,2025-06,87%,
H0239,2025-06,100%,81.22018092773156
H0240,2025-06,90%,66.1847849746188
H0241,2025-06,62%,76.86965851863265
H0242,2025-06,84%,66.38567302584617
H0243,2025-06,69%,78.25307429643604
H0244,2025-06,97%,97.81684577938466
H0245,2025-06,85%,81.44613228992992
H0246,2025-06,71%,76.41645662491283
H0247,2025-06,78%,95.50979587860277
H0248,2025-06,56%,88.7707470895464
H0249,2025-06,100%,91.21300470571009
H0250,2025-06,81%,100.0
H0251,2025-06,78%,75.49683409129011
H0252,2025-06,82%,85.1811361508699
H0253,2025-06,84%,70.00269234014644
H0255,2025-06,79%,
H0256,2025-06,91%,88.96636756181486
H0257,2025-06,78%,71.18066034815506
H0258,2025-06,86%,76.24234300327248
H0259,2025-06,99%,77.90685990607057
H0260,2025-06,84%,78.2701131889698
H0261,2025-06,92%,58.822053659646215
H0262,2025-06,95%,73.06796528720108
H0263,2025-06,81%,86.72564063242149
H0264,2025-06,70%,89.17555132341454
H0265,2025-06,70%,69.13667313962743
H0266,2025-06,71%,78.02535097100207
H0267,2025-06,78%,71.92965549910303
H0268,2025-06,92%,83.55676466755395
H0269,2025-06,95%,81.87465476282958
H0270,2025-06,89%,73.8789050748036
H0271,2025-06,84%,87.12482654733348
H0272,2025-06,70%,79.37609420018987
H0273,2025-06,89%,100.0
H0274,2025-06,85%,76.6226861823551
H0275,2025-06,87%,88.07911592117831
H0276,2025-06,84%,93.7945856227598
H0277,2025-06,75%,87.21942112054161
H0278,2025-06,67%,84.4076950387597
H0279,2025-06,67%,83.04918441112171
H0280,2025-06,72%,
H0281,2025-06,85%,54.21442600665615
H0282,2025-06,94%,83.84429872308306
H0283,2025-06,86%,81.22890589940108
H0284,2025-06,88%,86.09450769818048
H0285,2025-06,91%,76.16333913494965
H0286,2025-06,85%,76.9164869461504
H0287,2025-06,94%,63.47861895269846
H0288,2025-06,90%,79.66408909759659
H0289,2025-06,87%,82.29797221246227
H0291,2025-06,77%,77.56178206145118
H0292,2025-06,90%,84.3615901379915
H0293,2025-06,78%,56.428207961170955
H0294,2025-06,64%,100.0
H0295,2025-06,62%,83.95062669728513
H0296,2025-06,94%,77.18690063418951
H0297,2025-06,89%,76.21812091335994
H0298,2025-06,78%,67.63391109013426
H0299,2025-06,87%,84.4292648740236
H0300,2025-06,74%,90.34915038257137
H0301,2025-06,69%,66.07105580758147
H0302,2025-06,91%,92.78102604937922
H0303,2025-06,75%,77.88283197646436
H0304,2025-06,83%,78.59774839073427
H0305,2025-06,74%,100.0
H0306,2025-06,72%,78.03475131106197
H0307,2025-06,100%,87.87848021547634
H0308,2025-06,95%,81.76150358894303
H0309,2025-06,100%,63.64132142486713
H0310,2025-06,81%,70.51555789287666
H0311,2025-06,66%,81.94453662127995
H0312,2025-06,74%,77.10286020043883
H0313,2025-06,71%,79.54437555803064
H0314,2025-06,76%,
H0315,2025-06,83%,61.27448378178943
H0316,2025-06,112/100,71.36040307202849
H0317,2025-06,100%,78.4638358862326
H0318,2025-06,76%,73.74755560061325
H0319,2025-06,62%,75.55084321676328
H0320,2025-06,68%,87.95941669899592
H0321,2025-06,83%,76.93546030788626
H0322,2025-06,46%,67.7495671286421
H0323,2025-06,74%,99.06219184043411
H0324,2025-06,69%,87.77468744850513
H0325,2025-06,112/100,92.16542231163403
H0326,2025-06,90%,70.8077951570354
H0327,2025-06,100%,77.43502806033615
H0328,2025-06,84%,58.31925693326861
H0329,2025-06,56%,85.23955026424171
H0330,2025-06,65%,94.01149523297968
H0331,2025-06,97%,72.32432187992913
H0332,2025-06,95%,67.17612275019867
H0333,2025-06,88%,66.66991970247118
H0334,2025-06,75%,86.61679836955621
H0335,2025-06,75%,95.00215836574854
H0336,2025-06,83%,92.08747023706789
H0337,2025-06,100%,79.90646325334428
H0338,2025-06,76%,59.07091311147713
H0339,2025-06,77%,98.28213367442885
H0340,2025-06,112/100,67.86333724150595
H0341,2025-06,65%,79.90996857049304
H0342,2025-06,87%,84.40799873593271
H0343,2025-06,82%,61.55697159888573
H0344,2025-06,67%,90.15843502098116
H0345,2025-06,66%,93.34571749786743
H0346,2025-06,78%,77.57097468812812
H0347,2025-06,81%,73.07222580747364
H0348,2025-06,89%,89.87794909243075
H0349,2025-06,79%,82.5940769434603
H0350,2025-06,68%,92.91933903261325
H0351,2025-06,89%,85.28352928999634
H0352,2025-06,94%,99.79001724612391
H0353,2025-06,81%,78.22077809245319
H0354,2025-06,79%,75.05965366397034
H0355,2025-06,69%,83.55087292808065
H0356,2025-06,85%,79.10339992629301
H0357,2025-06,62%,80.6646361584261
H0358,2025-06,70%,83.61766964964191
H0359,2025-06,86%,86.02114069041214
H0360,2025-06,88%,71.89348797619397
H0361,2025-06,76%,68.73788231689684
H0362,2025-06,77%,66.55892188703676
H0363,2025-06,80%,86.43087698502
H0364,2025-06,59%,87.03262007525161
H0365,2025-06,79%,83.00105993979521
H0366,2025-06,84%,80.70927773024187
H0367,2025-06,72%,
H0368,2025-06,57%,69.23568442992001
H0369,2025-06,71%,100.0
H0370,2025-06,79%,78.53769188521454
H0371,2025-06,86%,85.31999158915191
H0372,2025-06,91%,84.73886493929051
H0373,2025-06,84%,70.19507477498402
H0374,2025-06,87%,89.45696137477694
H0375,2025-06,94%,69.23821600713032
H0376,2025-06,96%,86.58101584340606
H0377,2025-06,79%,82.54012994092933
H0378,2025-06,64%,82.20670440819646
H0379,2025-06,72%,71.1531321856319
H0380,2025-06,75%,82.27449906163393
H0381,2025-06,80%,77.03216315737383
H0382,2025-06,82%,76.43025050183849
H0384,2025-06,112/100,83.04442537000979
H0385,2025-06,76%,87.60365483721527
H0386,2025-06,61%,61.449191061487525
H0387,2025-06,100%,63.19766897484436
H0388,2025-06,100%,99.62570563867703
H0389,2025-06,90%,68.98826951050843
H0390,2025-06,79%,88.06797950400316
H0391,2025-06,67%,86.22643046284165
H0392,2025-06,112/100,80.79357224558206
H0393,2025-06,64%,79.58262679821671
H0394,2025-06,76%,79.25739734898802
H0395,2025-06,79%,67.77112259333083
H0396,2025-06,72%,90.73215788320212
H0397,2025-06,90%,85.59684178024227
H0398,2025-06,72%,82.01297286522575
H0399,2025-06,79%,88.94181331507369
H0400,2025-06,100%,77.83182144134035
H0401,2025-06,89%,84.9458689962895
H0402,2025-06,94%,71.08733090235711
H0403,2025-06,76%,81.77355556425421
H0404,2025-06,70%,89.48493001859435
H0405,2025-06,83%,81.86301413591417
H0406,2025-06,74%,85.33953245751285
H0407,2025-06,90%,82.10431172996498
H0408,2025-06,83%,84.91205249176974
H0409,2025-06,99%,70.09786061368362
H0410,2025-06,82%,82.10238322331811
H0411,2025-06,89%,75.28682503088517
H0412,2025-06,95%,80.70036309622665
H0413,2025-06,112/100,78.64416725419186
H0414,2025-06,81%,72.15443301141117
H0415,2025-06,100%,88.6720000240002
H0416,2025-06,99%,81.15038467596602
H0417,2025-06,75%,73.73796968978799
H0418,2025-06,100%,72.46242632810369
H0419,2025-06,72%,97.94483737596299
H0420,2025-06,81%,70.73352300490865
H0421,2025-06,81%,84.98635278789645
H0422,2025-06,90%,91.11059178146247
H0423,2025-06,80%,82.88667277832315
H0424,2025-06,89%,58.98390958365099
H0425,2025-06,72%,78.6651080390651
H0426,2025-06,55%,
H0427,2025-06,84%,89.56866939725285
H0428,2025-06,62%,96.10564718239756
H0429,2025-06,85%,61.501933277547344
H0430,2025-06,73%,84.47177991798509
H0431,2025-06,72%,77.14199417473522
H0432,2025-06,80%,84.72090347733344
H0433,2025-06,82%,95.91905601703704
H0434,2025-06,84%,78.45539982871274
H0435,2025-06,57%,75.72162040817605
H0436,2025-06,72%,83.74746262783724
H0437,2025-06,92%,76.15353158260443
H0438,2025-06,82%,85.8346648868317
H0439,2025-06,93%,
H0440,2025-06,100%,78.53125643689559
H0441,2025-06,90%,
H0442,2025-06,88%,88.02511596707072
H0443,2025-06,87%,93.72533073862215
H0444,2025-06,72%,84.32743050259272
H0445,2025-06,90%,83.49218524975544
H0446,2025-06,79%,50.77712536874777
H0447,2025-06,85%,75.7848857827234
H0448,2025-06,77%,89.75526675484363
H0449,2025-06,97%,
H0450,2025-06,75%,84.13565935325906
H0452,2025-06,70%,76.53339187095048
H0453,2025-06,82%,64.49483224870683
H0454,2025-06,70%,64.04495154294482
H0455,2025-06,92%,69.55059718110638
H0456,2025-06,79%,89.29417953529398
H0457,2025-06,88%,93.79643189050017
H0458,2025-06,82%,78.62669562797238
H0459,2025-06,96%,
H0460,2025-06,82%,89.2041921424412
H0461,2025-06,74%,90.14289932954185
H0462,2025-06,80%,73.07951460823888
H0463,2025-06,90%,77.00392127643528
H0464,2025-06,68%,76.99152711552111
H0465,2025-06,88%,86.4088675245193
H0466,2025-06,88%,67.52275063549601
H0467,2025-06,80%,79.19592271348684
H0468,2025-06,74%,65.18384453085824
H0469,2025-06,83%,84.26887669082241
H0470,2025-06,92%,68.2152072639754
H0471,2025-06,72%,67.54301449300408
H0472,2025-06,89%,56.60608965129386
H0473,2025-06,95%,
H0474,2025-06,88%,80.66670640607205
H0475,2025-06,86%,84.3592428423406
H0476,2025-06,93%,69.20545802265467
H0477,2025-06,81%,83.30224395238129
H0478,2025-06,74%,74.31688016557554
H0479,2025-06,100%,69.85784706658961
H0480,2025-06,98%,77.96817680754553
H0481,2025-06,81%,71.1643921573369
H0482,2025-06,86%,82.1313874348047
H0483,2025-06,100%,53.69969225744318
H0484,2025-06,68%,91.9144380104281
H0485,2025-06,81%,85.28503663653625
H0486,2025-06,75%,85.53582658303007
H0487,2025-06,86%,80.84638490327119
H0488,2025-06,79%,81.43255685243054
H0489,2025-06,100%,82.91690701916808
H0490,2025-06,77%,72.41899767579284
H0491,2025-06,74%,
H0492,2025-06,72%,86.39716222904381
H0493,2025-06,82%,62.92692911278719
H0494,2025-06,64%,77.98917746947777
H0495,2025-06,88%,79.14639365909694
H0496,2025-06,100%,76.82425997042735
H0497,2025-06,68%,78.24972542936672
H0498,2025-06,85%,62.58807607231607
H0499,2025-06,78%,100.0
H0500,2025-06,73%,69.56309667054045
H0501,2025-06,71%,74.94973000191845
H0502,2025-06,85%,71.6354653665208
H0503,2025-06,76%,92.07790349311443
H0504,2025-06,69%,89.29279594883702
H0505,2025-06,93%,85.82918344195991
H0506,2025-06,82%,72.3513561111056
H0507,2025-06,89%,85.92619218404849
H0508,2025-06,100%,84.75575206707133
H0509,2025-06,87%,93.22740724676065
H0510,2025-06,83%,93.17551404801011
H0511,2025-06,77%,87.2494878106655
H0512,2025-06,89%,79.30799976272418
H0513,2025-06,93%,73.00126316355386
H0514,2025-06,98%,
H0515,2025-06,62%,70.282733715985
H0516,2025-06,90%,84.129004172917
H0517,2025-06,90%,100.0
H0518,2025-06,100%,100.0
H0519,2025-06,90%,87.92515047121748
H0520,2025-06,70%,89.78569441603125
H0521,2025-06,79%,68.0315455238047
H0522,2025-06,85%,74.05893902936914
H0523,2025-06,76%,64.7429960526444
H0524,2025-06,63%,79.80919501530428
H0525,2025-06,89%,81.47710424177757
H0526,2025-06,57%,74.49083605123339
H0527,2025-06,74%,74.9119397400294
H0528,2025-06,89%,85.6702719960239
H0529,2025-06,81%,95.85976261695282
H0530,2025-06,72%,99.91503345499268
H0531,2025-06,86%,87.79742780134559
H0532,2025-06,77%,86.09623681965657
H0533,2025-06,93%,91.26616564802936
H0534,2025-06,52%,85.73205860709096
H0535,2025-06,96%,77.70347136145638
H0536,2025-06,75%,76.73774370806628
H0537,2025-06,73%,73.00582710040597
H0538,2025-06,71%,69.11737795524063
H0539,2025-06,88%,85.38365658989589
H0540,2025-06,90%,82.32090817792991
H0541,2025-06,95%,68.57426112705335
H0542,2025-06,83%,89.5957371146395
H0543,2025-06,100%,70.71564951932031
H0544,2025-06,91%,65.31362125553642
H0545,2025-06,73%,67.26058686638677
H0546,2025-06,74%,86.92609208535094
H0547,2025-06,98%,79.02256543634338
H0548,2025-06,78%,55.497996630036596
H0549,2025-06,77%,77.41312007028408
H0550,2025-06,93%,66.79215735861021
H0551,2025-06,92%,52.23202152171171
H0552,2025-06,85%,83.0347143416666
H0553,2025-06,89%,78.62972334709234
H0554,2025-06,71%,92.28501360354757
H0555,2025-06,65%,78.75392270966135
H0556,2025-06,75%,87.79528650015457
H0558,2025-06,77%,79.10264457404139
H0559,2025-06,98%,87.23471424670917
H0561,2025-06,66%,79.50201299837715
H0562,2025-06,71%,91.12380345843029
H0563,2025-06,67%,96.94561913254563
H0564,2025-06,85%,77.90535653677024
H0565,2025-06,88%,71.33861945037978
H0566,2025-06,90%,85.9720723549253
H0567,2025-06,70%,88.299330949798
H0568,2025-06,93%,76.51588375174371
H0569,2025-06,96%,68.61984866874116
H0570,2025-06,79%,75.10596859585299
H0571,2025-06,88%,86.86875681991859
H0572,2025-06,73%,74.63573347189181
H0574,2025-06,88%,80.63745234422414
H0575,2025-06,87%,85.15384872720074
H0576,2025-06,63%,89.57522999124788
H0577,2025-06,76%,97.97625249815557
H0578,2025-06,86%,84.35609267599794
H0579,2025-06,84%,92.84617907343926
H0580,2025-06,89%,78.57029313860455
H0581,2025-06,83%,75.00672834360378
H0582,2025-06,69%,
H0583,2025-06,100%,78.28306615329416
H0584,2025-06,90%,97.71991510556788
H0585,2025-06,69%,66.46946235114444
H0586,2025-06,86%,100.0
H0587,2025-06,87%,71.7515450183454
H0588,2025-06,76%,89.68447330768352
H0589,2025-06,74%,89.61080910383158
H0590,2025-06,85%,83.8205231144482
H0591,2025-06,48%,88.86060389423328
H0592,2025-06,87%,79.7138494078671
H0593,2025-06,80%,72.85321546926446
H0594,2025-06,85%,64.916948681684
H0596,2025-06,85%,85.69282077361504
H0597,2025-06,75%,72.74462889090267
H0598,2025-06,64%,49.30634788183198
H0599,2025-06,86%,84.24389736340842
H0600,2025-06,69%,85.65736206771425
C0002,2025-06,94%,65.88338129136086
C0004,2025-06,70%,68.87944802051152
C0005,2025-06,80%,70.90558983514879
C0006,2025-06,83%,77.95315879497228
C0007,2025-06,79%,66.97805177419205
C0008,2025-06,76%,72.4098931051097
C0009,2025-06,84%,74.79223164630169
C0010,2025-06,89%,90.9164511145992
C0011,2025-06,84%,93.42054973319243
C0012,2025-06,87%,79.40140695740587
C0013,2025-06,89%,77.59999820606416
C0014,2025-06,69%,80.09283683510598
C0015,2025-06,85%,87.94979763968901
C0016,2025-06,71%,71.68433054772254
C0017,2025-06,95%,72.03537581604026
C0018,2025-06,95%,76.41535679526679
C0019,2025-06,84%,86.94477655417859
C0020,2025-06,81%,81.77274504589955
C0021,2025-06,89%,80.63500431155826
C0022,2025-06,84%,79.55726285529283
C0023,2025-06,90%,99.58182625628184
C0024,2025-06,64%,83.28912230337504
C0025,2025-06,88%,79.16358968638603
C0026,2025-06,73%,85.00090870543085
C0027,2025-06,83%,70.23731774925929
C0028,2025-06,91%,77.49657726599867
C0029,2025-06,88%,94.64044288138552
C0030,2025-06,60%,86.37748120482887
C0031,2025-06,75%,90.34307644517814
C0032,2025-06,89%,77.84638533794644
C0033,2025-06,75%,92.1255379347375
C0035,2025-06,100%,62.755505912210594
C0036,2025-06,75%,76.66494500134434
C0037,2025-06,95%,74.28136038437401
C0038,2025-06,63%,92.79955177491065
C0039,2025-06,82%,69.69718724472156
C0040,2025-06,76%,89.80641371207732
C0041,2025-06,96%,82.11637831723739
C0042,2025-06,85%,73.42107037355329
C0043,2025-06,88%,88.27704314212393
C0044,2025-06,68%,79.98713126098164
C0045,2025-06,97%,82.94232030252437
C0046,2025-06,83%,83.16235418247716
C0047,2025-06,96%,92.80929886366025
C0048,2025-06,68%,85.35840502409735
C0051,2025-06,82%,51.395777491460265
C0052,2025-06,100%,90.26606499803411
C0053,2025-06,89%,71.6713692822839
C0054,2025-06,79%,97.42710308099561
C0055,2025-06,66%,82.43815979518881
C0056,2025-06,92%,81.24850620317537
C0057,2025-06,64%,82.55669765073122
C0058,2025-06,83%,76.15601793940688
C0059,2025-06,56%,
C0060,2025-06,65%,89.22291703072905
C0061,2025-06,97%,66.88869229044373
C0062,2025-06,100%,83.59855291022664
C0063,2025-06,100%,82.55030117756655
C0064,2025-06,89%,88.80149870084972
C0065,2025-06,80%,70.213147778166
C0066,2025-06,71%,92.18161231316084
C0067,2025-06,75%,84.69950075795076
C0068,2025-06,81%,74.59391700508223
C0069,2025-06,64%,82.12890350128606
C0070,2025-06,89%,84.43158835773167
C0071,2025-06,94%,91.27831280924813
C0072,2025-06,60%,77.58891330496611
C0073,2025-06,88%,89.1042195558604
C0074,2025-06,74%,83.84821129718168
C0075,2025-06,84%,88.28351731826767
C0076,2025-06,96%,98.48204377900393
C0077,2025-06,97%,77.85242028549919
C0078,2025-06,91%,68.78071176582961
C0079,2025-06,87%,
C0080,2025-06,58%,85.71115692871061
C0081,2025-06,83%,71.3526408766264
C0082,2025-06,74%,78.33096117474145
C0083,2025-06,74%,76.3697881036484
C0084,2025-06,88%,69.414090339491
C0085,2025-06,84%,77.09616156999095
C0086,2025-06,71%,100.0
C0088,2025-06,69%,53.335554460177704
C0089,2025-06,100%,84.94430957269103
C0090,2025-06,91%,93.37823153066147
C0091,2025-06,81%,85.90943737032987
C0092,2025-06,66%,62.136910020238346
C0093,2025-06,70%,85.27351346149288
C0094,2025-06,81%,65.61794430670764
C0095,2025-06,76%,84.96905741196784
C0096,2025-06,88%,87.17732883724901
C0097,2025-06,49%,80.0262570093794
C0098,2025-06,72%,76.44928530415305
C0099,2025-06,100%,84.35805891832933
C0100,2025-06,100%,78.60008660600681
C0101,2025-06,91%,63.7287433921153
C0102,2025-06,95%,69.54742603804013
C0103,2025-06,86%,64.75831642938768
C0104,2025-06,46%,73.02797435490277
C0105,2025-06,94%,73.33818103932231
C0106,2025-06,100%,77.20473512786027
C0107,2025-06,81%,100.0
C0108,2025-06,71%,86.70395706231822
C0109,2025-06,86%,78.47441994218006
C0110,2025-06,83%,85.10214088477825
C0111,2025-06,97%,91.22044876097934
C0112,2025-06,88%,84.05975574296252
C0113,2025-06,82%,77.57666517052684
C0114,2025-06,100%,81.1056872970746
C0115,2025-06,93%,88.4515818611194
C0116,2025-06,78%,100.0
C0117,2025-06,66%,82.63042656036211
C0118,2025-06,86%,77.66031562219418
C0119,2025-06,95%,86.3040769768181
C0120,2025-06,80%,86.28167197433443
C0122,2025-06,70%,83.05298659522205
C0123,2025-06,83%,65.7977256311381
C0124,2025-06,87%,89.41228942228284
C0125,2025-06,77%,
C0126,2025-06,83%,87.62544687230987
C0127,2025-06,76%,100.0
C0128,2025-06,89%,73.97482366163548
C0129,2025-06,73%,87.55068582795451
C0130,2025-06,59%,76.8306850106299
C0131,2025-06,86%,87.23805732867962
C0132,2025-06,68%,66.33313435362115
C0133,2025-06,73%,68.0150753978385
C0134,2025-06,78%,83.94084905448614
C0135,2025-06,59%,93.97512150488657
C0136,2025-06,66%,89.77602188933672
C0137,2025-06,92%,77.32108254533891
C0138,2025-06,76%,64.01171898184461
C0139,2025-06,100%,94.67158269594252
C0140,2025-06,88%,87.50898268202731
C0141,2025-06,96%,89.29283082681728
C0142,2025-06,88%,85.6225446651954
C0143,2025-06,72%,84.96538929116203
C0145,2025-06,78%,74.99605691676042
C0146,2025-06,100%,79.54147501341498
C0147,2025-06,71%,77.32575906159342
C0148,2025-06,81%,69.15726893018521
C0149,2025-06,81%,66.94782656123772
C0150,2025-06,92%,69.18734918291301
C0151,2025-06,94%,85.36829584412992
C0152,2025-06,96%,93.08230780784427
C0153,2025-06,81%,91.29962551626741
C0154,2025-06,100%,86.62428024052336
C0155,2025-06,100%,86.96305838189254
C0156,2025-06,69%,77.88386850720917
C0158,2025-06,80%,77.67596875040832
C0159,2025-06,88%,94.13584999459177
C0160,2025-06,93%,98.311597276105
C0161,2025-06,96%,79.06984558867909
C0162,2025-06,83%,74.36275182224135
C0163,2025-06,85%,72.13911576284794
C0164,2025-06,65%,95.262167134544
C0165,2025-06,72%,64.99100796717957
C0166,2025-06,86%,83.75961010048621
C0167,2025-06,83%,83.96381253616848
C0168,2025-06,70%,76.05816708111203
C0169,2025-06,83%,93.83649175320068
C0170,2025-06,87%,82.12515660946232
C0171,2025-06,72%,68.63629460413318
C0172,2025-06,84%,80.90073078036058
C0173,2025-06,77%,68.48798610430956
C0174,2025-06,98%,85.34687110200674
C0176,2025-06,43%,91.48030426926535
C0177,2025-06,92%,87.76813369295351
C0178,2025-06,78%,83.2821166588249
C0179,2025-06,72%,75.57179920454747
C0180,2025-06,77%,72.73946072595996
C0181,2025-06,83%,69.84041990255876
C0182,2025-06,83%,
C0183,2025-06,81%,64.9230538139296
C0184,2025-06,71%,83.11551189920365
C0185,2025-06,83%,72.52800899678566
C0186,2025-06,87%,82.92185412723644
C0187,2025-06,85%,67.26543830457474
C0188,2025-06,94%,76.23494597812737
C0189,2025-06,96%,59.226280591807985
C0190,2025-06,100%,71.82663662287365
C0191,2025-06,80%,70.76795448339064
C0192,2025-06,100%,75.88833220163436
C0193,2025-06,100%,79.83954121039848
C0194,2025-06,73%,79.08455536924677
C0195,2025-06,76%,84.76748174290086
C0196,2025-06,69%,69.86461594656578
C0198,2025-06,80%,76.17478829825427
C0199,2025-06,61%,93.01082154040759
C0202,2025-06,73%,97.52153914342551
C0203,2025-06,100%,89.87909004340707
C0204,2025-06,68%,87.91680643281325
C0205,2025-06,79%,81.8495050683868
C0206,2025-06,64%,85.75968884306505
C0207,2025-06,88%,73.6155187875591
C0208,2025-06,66%,69.75883993690891
C0209,2025-06,88%,87.57447934158215
C0210,2025-06,76%,90.16977895515163
C0211,2025-06,100%,80.94696709513676
C0212,2025-06,90%,67.02280964495978
C0213,2025-06,99%,79.29409610306482
C0214,2025-06,68%,79.1849558336471
C0215,2025-06,92%,65.25602035102067
C0216,2025-06,74%,87.5305961660253
C0218,2025-06,100%,89.06152971922477
C0219,2025-06,83%,100.0
C0220,2025-06,86%,75.42054594809139
C0221,2025-06,81%,82.6466960688758
C0222,2025-06,64%,65.68337904260548
C0223,2025-06,67%,88.99859267166035
C0224,2025-06,78%,75.4136709757884
C0225,2025-06,65%,73.92950379410556
C0226,2025-06,94%,72.3707540627587
C0228,2025-06,100%,83.62025431808283
C0229,2025-06,112/100,81.80155696663921
C0230,2025-06,84%,86.42147694972603
C0231,2025-06,100%,
C0232,2025-06,74%,73.38388980642421
C0233,2025-06,79%,98.01848074000448
C0234,2025-06,77%,84.3591002174512
C0235,2025-06,71%,69.17529356952944
C0236,2025-06,78%,73.35210177512353
C0237,2025-06,75%,87.46721349587436
C0238,2025-06,79%,78.65254742941816
C0239,2025-06,92%,83.75058328624468
C0240,2025-06,74%,68.51275668973544
C0241,2025-06,112/100,94.69362738505637
C0242,2025-06,100%,67.50912295236454
C0243,2025-06,100%,80.7200032552894
C0244,2025-06,68%,80.83945198735685
C0245,2025-06,71%,84.7567515745984
C0247,2025-06,75%,100.0
C0248,2025-06,75%,80.30512959061126
C0249,2025-06,89%,84.40832914800704
C0250,2025-06,98%,77.86806088960586
C0251,2025-06,63%,80.06930190877608
C0252,2025-06,81%,77.02337507191704
C0253,2025-06,91%,
C0254,2025-06,72%,84.76952764674654
C0255,2025-06,82%,77.23432175813953
C0256,2025-06,79%,73.86339433754158
C0257,2025-06,66%,82.28671641182008
C0258,2025-06,46%,82.00196087502967
C0259,2025-06,80%,73.68565613506794
C0260,2025-06,78%,65.26967689804451
C0261,2025-06,75%,71.16579131210143
C0262,2025-06,66%,79.46359191674554
C0263,2025-06,91%,66.63289386179589
C0264,2025-06,74%,100.0
C0265,2025-06,72%,72.64296289968688
C0266,2025-06,83%,81.29898767654649
C0267,2025-06,89%,86.84931888138011
C0268,2025-06,84%,97.8409704771672
C0269,2025-06,92%,77.98447726349106
C0270,2025-06,84%,66.72758664403432
C0272,2025-06,94%,86.50202527227168
C0273,2025-06,82%,82.11731815472773
C0274,2025-06,72%,71.6345805557152
C0275,2025-06,65%,72.54154413145463
C0276,2025-06,82%,76.46566557693299
C0277,2025-06,76%,85.20737671153454
C0278,2025-06,93%,73.46239240676978
C0279,2025-06,73%,87.78246182959185
C0280,2025-06,85%,80.81603233779364
C0281,2025-06,81%,68.97923541080516
C0282,2025-06,83%,84.19800491960378
C0283,2025-06,83%,
C0284,2025-06,91%,65.39446359451249
C0285,2025-06,85%,79.15283489318148
C0286,2025-06,77%,63.57879525756001
C0287,2025-06,66%,82.62838754641767
C0288,2025-06,90%,80.32271924704365
C0290,2025-06,78%,66.8728757847954
C0291,2025-06,77%,88.24230107058708
C0292,2025-06,69%,
C0293,2025-06,71%,81.84761074792726
C0294,2025-06,82%,89.36540897138237
C0295,2025-06,76%,86.41483899811631
C0296,2025-06,69%,73.28830526708889
C0297,2025-06,88%,69.34250151736735
C0298,2025-06,96%,85.15860348480155
C0299,2025-06,86%,82.94014731200211
C0300,2025-06,83%,58.8046666909667
C0301,2025-06,52%,63.35281392888996
C0302,2025-06,76%,80.0329192647596
C0303,2025-06,91%,79.77072335341155
C0304,2025-06,80%,82.76168220923492
C0305,2025-06,86%,67.30225167749019
C0306,2025-06,91%,92.92029812534557
C0307,2025-06,95%,81.11986384256527
C0308,2025-06,90%,78.34261747698083
C0309,2025-06,98%,80.04795393633063
C0310,2025-06,76%,90.49159408514461
C0311,2025-06,84%,82.62876261567072
C0312,2025-06,79%,81.0027557502056
C0313,2025-06,66%,62.02353874166499
C0314,2025-06,112/100,67.78207980698522
C0315,2025-06,81%,90.55608203933312
C0316,2025-06,86%,68.76731742597933
C0317,2025-06,93%,74.7599910478436
C0318,2025-06,69%,63.45741969360196
C0319,2025-06,100%,67.23067659074387
C0320,2025-06,68%,76.71287325399548
C0321,2025-06,83%,100.0
C0322,2025-06,77%,94.18533884735989
C0323,2025-06,64%,79.70705384678436
C0324,2025-06,89%,74.40978855814896
C0325,2025-06,83%,82.90184890341695
C0326,2025-06,94%,89.54649496842984
C0327,2025-06,61%,78.85162135623155
C0328,2025-06,63%,64.24731228076811
C0329,2025-06,77%,76.43387615356377
C0330,2025-06,95%,82.84096915585567
C0331,2025-06,86%,64.47166453328589
C0332,2025-06,74%,72.59006801815933
C0333,2025-06,83%,85.95513510832362
C0335,2025-06,84%,75.77260496312168
C0336,2025-06,81%,70.16915281671022
C0337,2025-06,76%,65.955033644628
C0338,2025-06,79%,
C0339,2025-06,78%,87.91480485041504
C0340,2025-06,94%,87.47372732490707
C0341,2025-06,64%,82.5475692601824
C0342,2025-06,85%,77.204104177492
C0343,2025-06,87%,69.93887943810489
C0344,2025-06,80%,74.3622574914221
C0346,2025-06,83%,77.18789264663435
C0347,2025-06,88%,
C0348,2025-06,78%,82.01390899405455
C0349,2025-06,100%,87.49944847424248
C0350,2025-06,67%,77.29953296860285
C0351,2025-06,68%,81.18818657106614
C0352,2025-06,62%,98.72349028665042
C0353,2025-06,100%,87.93293730869657
C0354,2025-06,95%,93.73644981647784
C0355,2025-06,95%,90.56459131369395
C0356,2025-06,58%,93.63524135732098
C0357,2025-06,97%,79.23002199796444
C0359,2025-06,74%,80.09701025962292
C0360,2025-06,86%,90.01397096542267
C0362,2025-06,49%,89.65956370524714
C0363,2025-06,88%,57.74930504621527
C0364,2025-06,93%,81.49639827358504
C0365,2025-06,69%,76.27038805919533
C0366,2025-06,100%,70.74182959171837
C0367,2025-06,80%,80.6049482508367
C0368,2025-06,69%,70.30105318547214
C0369,2025-06,94%,81.6224714454622
C0370,2025-06,100%,70.09990592717051
C0371,2025-06,79%,68.21426500787587
C0372,2025-06,85%,69.67359551315457
C0373,2025-06,100%,71.36391815183644
C0374,2025-06,74%,71.34981597797497
C0375,2025-06,67%,83.34414545082653
C0376,2025-06,66%,84.82797749366793
C0377,2025-06,53%,65.43116275841794
C0378,2025-06,59%,73.17225781485038
C0379,2025-06,85%,85.4550145609162
C0380,2025-06,100%,
C0381,2025-06,96%,89.35057754999193
C0382,2025-06,85%,68.717417539081
C0383,2025-06,85%,92.0801969877098
C0384,2025-06,99%,85.35480275154042
C0385,2025-06,61%,76.88577507141154
C0386,2025-06,81%,70.05796972744126
C0387,2025-06,71%,86.47418325633977
C0388,2025-06,79%,71.61426116968394
C0389,2025-06,57%,80.63462172385383
C0390,2025-06,93%,87.11387860302233
C0391,2025-06,91%,75.50396609574115
C0392,2025-06,100%,86.4769094193908
C0393,2025-06,78%,77.94039541657918
C0394,2025-06,90%,86.48423593383583
C0395,2025-06,94%,80.20020065943808
C0396,2025-06,61%,92.71530084729162
C0398,2025-06,89%,95.00257329810012
C0399,2025-06,62%,92.13727094852692
C0400,2025-06,87%,62.826796036886435
C0401,2025-06,84%,81.79004078233287
C0402,2025-06,92%,89.3682932646927
C0403,2025-06,96%,72.27786692802981
C0404,2025-06,76%,92.50924111888182
C0405,2025-06,80%,65.54012946302805
C0406,2025-06,70%,75.93341535914857
C0407,2025-06,85%,72.79851807418211
C0408,2025-06,72%,66.13228526534965
C0409,2025-06,79%,100.0
C0410,2025-06,100%,81.1974689289046
C0411,2025-06,76%,76.3234521112601
C0412,2025-06,112/100,91.50554866877151
C0413,2025-06,79%,81.68427600248947
C0415,2025-06,73%,100.0
C0416,2025-06,49%,83.4404975301602
C0417,2025-06,71%,66.1499759151096
C0418,2025-06,55%,54.70108483757605
C0419,2025-06,97%,92.83088427967907
C0420,2025-06,64%,97.52098362588086
C0421,2025-06,68%,95.13699412494022
C0422,2025-06,79%,79.12598484576147
C0423,2025-06,100%,65.81853674178832
C0424,2025-06,82%,70.09027087063845
C0425,2025-06,81%,54.470535391964816
C0426,2025-06,56%,78.094219178715
C0427,2025-06,100%,74.79044517916131
C0428,2025-06,95%,83.25575958702747
C0429,2025-06,82%,73.48860226384392
C0430,2025-06,95%,77.36359553264565
C0431,2025-06,57%,86.20060025184027
C0432,2025-06,96%,90.82507326615834
C0433,2025-06,63%,91.28339005823219
C0434,2025-06,76%,65.17124762801927
C0435,2025-06,96%,
C0436,2025-06,100%,93.41356109801656
C0437,2025-06,87%,86.41952586368254
C0438,2025-06,100%,69.33085653150845
C0439,2025-06,92%,100.0
C0440,2025-06,76%,75.17259482733392
C0441,2025-06,85%,73.45423214375464
C0442,2025-06,100%,81.66077540317764
C0443,2025-06,62%,
C0444,2025-06,81%,62.428391445574846
C0445,2025-06,100%,85.67718374027733
C0446,2025-06,79%,88.97041988628565
C0447,2025-06,83%,87.6766754980923
C0448,2025-06,70%,85.85680037452236
C0449,2025-06,92%,61.443506588528464
C0450,2025-06,83%,80.2864559035391
C0451,2025-06,100%,97.20543956744743
C0452,2025-06,66%,84.73603912129096
C0453,2025-06,73%,86.49668108183522
C0454,2025-06,100%,69.2532708578434
C0455,2025-06,97%,79.94098974479574
C0456,2025-06,69%,78.51041401657928
C0457,2025-06,100%,85.44698128930855
C0458,2025-06,95%,86.78890048955914
C0459,2025-06,88%,74.56354667534185
C0460,2025-06,74%,84.66770149475688
C0461,2025-06,92%,83.14837994664757
C0462,2025-06,98%,80.25675679470014
C0463,2025-06,77%,96.12426770296246
C0464,2025-06,54%,81.67853231043767
C0465,2025-06,100%,68.3763834388792
C0466,2025-06,98%,81.05737305116116
C0467,2025-06,84%,82.83338275362539
C0468,2025-06,66%,83.36031859865827
C0469,2025-06,94%,91.95300411251222
C0470,2025-06,79%,79.26931117749332
C0471,2025-06,69%,71.09564352953953
C0472,2025-06,61%,63.44207571984391
C0473,2025-06,93%,95.78191585486381
C0474,2025-06,97%,74.75222625343164
C0475,2025-06,100%,76.92455411153806
C0476,2025-06,86%,100.0
C0477,2025-06,83%,65.6636039733881
C0478,2025-06,88%,86.45879199243666
C0479,2025-06,85%,95.91114433175944
C0480,2025-06,76%,
C0481,2025-06,69%,77.4826252309462
C0482,2025-06,81%,59.620156267307244
C0483,2025-06,100%,82.68818807454298
C0484,2025-06,89%,76.2093971432075
C0485,2025-06,72%,85.26944079182135
C0486,2025-06,81%,69.71352452472078
C0487,2025-06,77%,99.46445018409834
C0488,2025-06,89%,
C0489,2025-06,85%,92.68647962782721
C0490,2025-06,88%,85.26933129506853
C0491,2025-06,87%,99.57749079290912
C0492,2025-06,71%,75.08883062472924
C0493,2025-06,96%,100.0
C0494,2025-06,100%,81.84757354412146
C0495,2025-06,76%,57.20280729315704
C0496,2025-06,71%,86.04424315201146
C0497,2025-06,88%,87.36044104107599
C0498,2025-06,99%,91.60609421220283
C0499,2025-06,85%,96.93856231769698
C0500,2025-06,90%,90.581345680841
C0501,2025-06,64%,66.0681866746728
C0502,2025-06,76%,73.92321616781595
C0503,2025-06,90%,89.82991219850601
C0504,2025-06,71%,84.69496900355527
C0505,2025-06,81%,89.32379291398018
C0506,2025-06,82%,66.40846259585743
C0507,2025-06,74%,94.68057529801672
C0509,2025-06,91%,69.98414419555766
C0510,2025-06,99%,88.02717634940188
C0511,2025-06,93%,74.45543180918479
C0512,2025-06,73%,79.62423870639223
C0513,2025-06,89%,89.50455096472115
C0514,2025-06,84%,78.77589202248541
C0516,2025-06,100%,77.11427631316785
C0517,2025-06,69%,99.85928534648717
C0518,2025-06,84%,52.17346707580911
C0519,2025-06,91%,80.41001246056969
C0520,2025-06,82%,71.77463488622189
C0521,2025-06,94%,68.18335951423354
C0522,2025-06,61%,78.09807599328923
C0523,2025-06,76%,56.92683286057138
C0524,2025-06,96%,79.9380576029482
C0525,2025-06,70%,75.6545171760848
C0526,2025-06,82%,87.1392909638505
C0527,2025-06,70%,83.37845066603519
C0528,2025-06,100%,87.37044025465475
C0529,2025-06,67%,90.78000406717109
C0530,2025-06,80%,
C0531,2025-06,82%,75.36891177584766
C0532,2025-06,80%,63.24426733118676
C0533,2025-06,78%,72.91689368770761
C0534,2025-06,87%,77.76754948662074
C0535,2025-06,84%,68.07240927583769
C0536,2025-06,81%,86.24477553839006
C0537,2025-06,71%,79.59632238478683
C0538,2025-06,81%,74.50690217393172
C0539,2025-06,100%,68.43769288911194
C0540,2025-06,81%,61.65578834233126
C0542,2025-06,65%,76.71112430768491
C0543,2025-06,72%,94.80269259480745
C0544,2025-06,62%,86.35142735584192
C0545,2025-06,62%,85.8812100906072
C0546,2025-06,75%,73.6838156531511
C0547,2025-06,69%,81.23268159284065
C0548,2025-06,78%,73.28271122206951
C0549,2025-06,87%,95.413908640932
C0550,2025-06,93%,83.4150245332118
C0551,2025-06,71%,93.94253136804363
C0552,2025-06,100%,70.81492797277215
C0553,2025-06,98%,79.58167682742025
C0554,2025-06,83%,64.42398364771736
C0555,2025-06,77%,88.52990380747929
C0556,2025-06,85%,78.6691197422982
C0557,2025-06,87%,91.34552621136919
C0558,2025-06,90%,56.943776950274845
C0559,2025-06,63%,71.32255039799308
C0560,2025-06,70%,67.47417991536494
C0561,2025-06,80%,100.0
C0562,2025-06,81%,76.11492674228361
C0563,2025-06,86%,77.2612538913501
C0564,2025-06,76%,72.46127742094721
C0565,2025-06,96%,85.16952633697953
C0566,2025-06,79%,80.22038038431683
C0567,2025-06,99%,85.94234009512799
C0568,2025-06,74%,63.45630721883603
C0569,2025-06,92%,100.0
C0570,2025-06,81%,93.69702076311829
C0571,2025-06,78%,68.56610767574153
C0572,2025-06,66%,86.87232082974401
C0573,2025-06,77%,89.69764314475478
C0574,2025-06,66%,88.36505682503808
C0575,2025-06,72%,69.42165205358864
C0576,2025-06,74%,84.07075643812664
C0577,2025-06,89%,59.48346080477924
C0578,2025-06,86%,78.15835279973913
C0579,2025-06,85%,80.1605755145654
C0580,2025-06,69%,59.69401133337186
C0581,2025-06,100%,88.54887197467576
C0582,2025-06,99%,93.87723120808752
C0583,2025-06,93%,71.03687540525934
C0584,2025-06,58%,87.15358144200707
C0585,2025-06,79%,72.67478004957349
C0586,2025-06,75%,73.01235164416065
C0587,2025-06,68%,92.8058492758962
C0588,2025-06,80%,91.22887124985473
C0589,2025-06,83%,85.47600450432799
C0590,2025-06,85%,80.4103213876593
C0591,2025-06,64%,87.36556507739199
C0592,2025-06,81%,79.65599164294117
C0593,2025-06,91%,85.57764215017347
C0594,2025-06,70%,93.3400088182996
C0595,2025-06,80%,81.57117283843475
C0596,2025-06,84%,71.38159955231731
C0597,2025-06,70%,78.80464458289293
C0598,2025-06,88%,88.15065878023873
C0599,2025-06,69%,76.91969771555934
C0600,2025-06,57%,88.69559814416318
C0601,2025-06,100%,77.42652068126301
C0602,2025-06,112/100,75.1409022366944
C0603,2025-06,76%,81.12155401140491
C0604,2025-06,57%,82.53671015497265
C0605,2025-06,100%,81.6062117614257
C0606,2025-06,86%,67.06568656170646
C0607,2025-06,63%,
C0608,2025-06,73%,80.91451902545452
C0609,2025-06,79%,87.1992071790471
C0610,2025-06,65%,71.2709880854804
C0611,2025-06,71%,97.45528792128688
C0612,2025-06,94%,60.08940102899135
C0613,2025-06,73%,75.46247500124947
C0614,2025-06,83%,66.8760311413539
C0615,2025-06,85%,76.97531142677357
C0616,2025-06,74%,64.7239107508363
C0618,2025-06,86%,73.78912298467888
C0619,2025-06,65%,65.53934102765777
C0620,2025-06,84%,90.28227681540608
C0621,2025-06,90%,58.99393702409215
C0622,2025-06,85%,82.2420745773334
C0623,2025-06,68%,58.70580153077684
C0624,2025-06,65%,84.54806785704753
C0625,2025-06,93%,72.88599693867266
C0626,2025-06,95%,78.54431849653517
C0627,2025-06,79%,75.5637721164872
C0628,2025-06,68%,68.40009019940473
C0629,2025-06,76%,92.32427869824286
C0631,2025-06,83%,75.7064602611231
C0632,2025-06,84%,86.5282509475127
C0633,2025-06,85%,74.55791175370041
C0634,2025-06,75%,78.40333669717592
C0635,2025-06,82%,82.38034670099705
C0636,2025-06,78%,86.45365776561542
C0637,2025-06,65%,73.5141950265356
C0638,2025-06,97%,78.42599197029395
C0639,2025-06,75%,70.92514099744152
C0640,2025-06,62%,78.75425275837284
C0641,2025-06,88%,
C0642,2025-06,97%,90.19531084421888
C0643,2025-06,75%,88.00897578486646
C0644,2025-06,81%,76.10151975620144
C0645,2025-06,87%,77.53101209108249
C0646,2025-06,100%,81.20313883044345
C0647,2025-06,80%,89.9941053787544
C0648,2025-06,73%,80.27951306135532
C0649,2025-06,74%,70.32605462575901
C0650,2025-06,80%,83.67619605724725
C0651,2025-06,64%,61.56615761989841
C0652,2025-06,76%,84.95393145806352
C0653,2025-06,59%,91.44091469790862
C0654,2025-06,94%,82.57099587694249
C0655,2025-06,59%,94.25933572092548
C0656,2025-06,85%,78.39818175631385
C0657,2025-06,68%,76.334086623215
C0658,2025-06,72%,53.7616275589713
C0659,2025-06,71%,69.34445254418338
C0660,2025-06,72%,80.95736723380226
C0661,2025-06,100%,78.56278569080887
C0662,2025-06,87%,77.15283831064639
C0663,2025-06,89%,63.78808818422866
C0664,2025-06,89%,82.93365418650916
C0665,2025-06,80%,71.35622669422797
C0666,2025-06,74%,78.04210348140978
C0667,2025-06,73%,87.71134873502758
C0668,2025-06,89%,97.73061986098232
C0669,2025-06,71%,67.04143894017261
C0670,2025-06,82%,88.49458130307139
C0671,2025-06,72%,75.53296457161967
C0672,2025-06,51%,86.94137951846747
C0673,2025-06,78%,69.88137595803255
C0674,2025-06,84%,
C0675,2025-06,75%,
C0676,2025-06,87%,87.07909090811575
C0677,2025-06,87%,70.34837961505477
C0678,2025-06,90%,94.15138798813831
C0679,2025-06,84%,83.4762296322895
C0680,2025-06,84%,80.1641768625378
C0681,2025-06,88%,81.92689162449463
C0682,2025-06,78%,83.48742923966309
C0683,2025-06,56%,79.59295653333092
C0684,2025-06,71%,99.79357341244807
C0685,2025-06,74%,68.34683815843164
C0686,2025-06,76%,75.41123893535507
C0687,2025-06,92%,67.50807443769368
C0688,2025-06,84%,68.42322323897886
C0689,2025-06,83%,66.3810908332318
C0690,2025-06,79%,83.04046412187748
C0691,2025-06,70%,57.94148722219187
C0692,2025-06,84%,55.87597055331294
C0693,2025-06,86%,67.24428472789947
C0694,2025-06,94%,78.84003508908471
C0695,2025-06,73%,83.97782485168784
C0696,2025-06,100%,72.36825493849845
C0697,2025-06,95%,79.24164385676116
C0698,2025-06,67%,93.67151315882353
C0699,2025-06,84%,76.35338756693265
C0700,2025-06,89%,74.94004932198584
C0701,2025-06,97%,90.74174991194818
C0702,2025-06,79%,79.59173812258301
C0703,2025-06,98%,82.32844839020312
C0704,2025-06,80%,82.95801393693459
C0705,2025-06,87%,75.32589537067348
C0706,2025-06,88%,62.21994025815144
C0707,2025-06,89%,89.6083104709768
C0708,2025-06,88%,89.3180544477835
C0709,2025-06,75%,95.83823300762708
C0710,2025-06,71%,67.37329197890762
C0711,2025-06,75%,86.5304511609813
C0712,2025-06,70%,71.27889367055317
C0713,2025-06,71%,68.23472152876695
C0714,2025-06,93%,65.88139765702574
C0715,2025-06,70%,83.72738341261521
C0716,2025-06,83%,86.56353837121891
C0717,2025-06,86%,93.33490627641095
C0718,2025-06,79%,81.48102957586879
C0719,2025-06,94%,78.70604735478466
C0720,2025-06,63%,87.41169202583515
C0721,2025-06,71%,81.83298218898372
C0722,2025-06,97%,77.98373706471091
C0723,2025-06,80%,77.95933651096514
C0724,2025-06,82%,85.5739331142043
C0725,2025-06,67%,76.84833909158247
C0726,2025-06,66%,62.868089758555634
C0727,2025-06,84%,73.01884671706098
C0728,2025-06,95%,98.21919279342201
C0729,2025-06,70%,93.79636110254968
C0730,2025-06,89%,88.39156103769103
C0731,2025-06,92%,100.0
C0732,2025-06,70%,80.51557112611731
C0733,2025-06,90%,85.86219969827089
C0734,2025-06,99%,78.59204249459908
C0735,2025-06,92%,81.50815924955238
C0736,2025-06,75%,80.22465466787075
C0737,2025-06,76%,95.69884410760201
C0738,2025-06,92%,83.92544600840905
C0739,2025-06,97%,100.0
C0740,2025-06,66%,78.04145065698128
C0741,2025-06,92%,
C0742,2025-06,71%,72.64403833803081
C0743,2025-06,62%,69.76663668645213
C0744,2025-06,66%,74.04576213304682
C0745,2025-06,89%,85.24337702156402
C0746,2025-06,65%,78.66948140796237
C0747,2025-06,85%,55.80539809811782
C0748,2025-06,75%,90.11631916577771
C0749,2025-06,68%,93.86606168726463
C0750,2025-06,90%,82.08341191813086
C0751,2025-06,67%,75.1815412451228
C0752,2025-06,91%,
C0753,2025-06,88%,83.10716020152493
C0754,2025-06,67%,72.98556332275666
C0756,2025-06,73%,93.18823234588521
C0757,2025-06,98%,94.24062731077431
C0758,2025-06,95%,72.0645422260041
C0759,2025-06,68%,74.1716958279805
C0760,2025-06,82%,82.25303279378555
C0761,2025-06,74%,92.30182713000248
C0762,2025-06,91%,79.40941766455556
C0763,2025-06,68%,83.56415829786161
C0764,2025-06,93%,89.00472449542973
C0765,2025-06,91%,82.14941413706072
C0766,2025-06,100%,75.58744377456338
C0767,2025-06,93%,62.83497734090199
C0768,2025-06,74%,74.54427922237944
C0769,2025-06,100%,81.44528435170514
C0770,2025-06,98%,90.5103822106045
C0771,2025-06,74%,66.90544773311585
C0772,2025-06,75%,85.64605573902757
C0773,2025-06,82%,76.46308144895433
C0774,2025-06,94%,71.47985666405386
C0775,2025-06,76%,79.2468713244068
C0776,2025-06,71%,80.737589163622
C0777,2025-06,74%,80.48621145308975
C0778,2025-06,88%,67.88470337330149
C0780,2025-06,84%,100.0
C0781,2025-06,74%,84.71435180622456
C0782,2025-06,100%,69.36995692235655
C0783,2025-06,67%,85.53154429713132
C0784,2025-06,70%,73.09591558620598
C0785,2025-06,58%,79.62750158052681
C0786,2025-06,93%,93.3141841939229
C0787,2025-06,69%,95.41285887544618
C0788,2025-06,100%,78.72261466591257
C0789,2025-06,85%,80.47072635788551
C0790,2025-06,62%,85.27942879595196
C0791,2025-06,77%,91.96484688442516
C0792,2025-06,78%,78.59530061151348
C0793,2025-06,63%,75.83665627244066
C0794,2025-06,96%,79.50548414869002
C0795,2025-06,77%,80.7792364100164
C0796,2025-06,99%,83.01225735743601
C0797,2025-06,59%,
C0798,2025-06,86%,69.58008923856633
C0799,2025-06,88%,68.36176295568539
C0800,2025-06,70%,77.27161510621241
H0034,2025-01,96%,65.33171983807394
C0482,2025-04,67%,71.04346592799932
C0113,2025-04,79%,100.0
H0499,2025-03,74%,77.71736367376172
C0634,2025-04,77%,75.27247379969933
H0030,2025-02,83%,74.18464913966662
C0698,2025-01,82%,83.77412667819343
C0122,2025-04,84%,98.25509389558226
H0534,2025-01,95%,76.00229316031235
H0402,2025-06,94%,71.08733090235711
H0278,2025-03,73%,78.5924206128978
H0304,2025-02,85%,79.12746062499794
C0283,2025-03,92%,76.93777980307388
C0273,2025-06,82%,82.11731815472773
H0042,2025-05,69%,91.1008787324291
H0473,2025-06,95%,
C0423,2025-01,87%,76.17182941956275
H0136,2025-05,75%,72.91340938974322
H0488,2025-04,90%,
H0319,2025-01,86%,68.91878973012179
C0164,2025-04,92%,79.0163567499203
C0167,2025-01,99%,81.11265055217063
H0098,2025-03,92%,85.35761552893294
C0362,2025-03,78%,82.89874466057266
H0222,2025-01,83%,85.4448290243697
H0470,2025-06,92%,68.2152072639754
C0474,2025-02,86%,83.92735407325209
C0135,2025-03,82%,81.28748356077853
H0360,2025-04,87%,68.6597802917034
H0187,2025-02,64%,78.70385313329702
H0099,2025-05,76%,79.89513541863825
H0083,2025-06,76%,
H0006,2025-02,78%,70.51554281602688
C0696,2025-01,68%,91.31945343755339
C0531,2025-06,82%,75.36891177584766
H0546,2025-02,92%,69.81739858106394
C0799,2025-06,88%,68.36176295568539
C0477,2025-02,100%,66.64203199034718
H0195,2025-04,65%,67.7224563624614
C0007,2025-02,73%,77.9853854783909
C0281,2025-02,79%,96.78571033614001
C0082,2025-06,74%,78.33096117474145
C0134,2025-01,81%,77.87198990440987
C0263,2025-04,97%,63.55704662525034
C0143,2025-02,81%,71.8962980352709
C0600,2025-01,86%,81.2742140260706
H0133,2025-03,75%,82.01327057963617
H0468,2025-02,86%,65.32142417595155
H0319,2025-05,74%,86.71976177887288
C0642,2025-02,80%,87.66137263997001
C0629,2025-02,96%,71.5662888725696
C0629,2025-05,85%,80.17253749648853
C0366,2025-01,78%,85.51102811319636
C0032,2025-06,89%,77.84638533794644
H0566,2025-05,89%,82.35835289598108
C0403,2025-05,73%,96.1393217792659
C0688,2025-04,95%,79.27153935421256
C0784,2025-01,77%,78.10527714978733
H0018,2025-01,62%,77.509118687069
C0251,2025-06,63%,80.06930190877608
C0210,2025-04,87%,80.93854729295577
C0043,2025-03,83%,85.48627555541913
H0462,2025-01,80%,94.30318237033944
H0546,2025-06,74%,86.92609208535094
C0761,2025-03,83%,75.03291665472612
C0428,2025-04,76%,59.260269808137814
C0309,2025-01,82%,76.4681856986643
C0729,2025-03,92%,95.34804220107509
C0797,2025-06,59%,
C0548,2025-04,64%,85.91345825704502
C0550,2025-02,90%,71.21596906222513
H0016,2025-06,80%,78.75602165195598
H0065,2025-03,76%,75.82224477861372
H0239,2025-05,112/100,73.57098377773053
C0566,2025-05,79%,66.64620535979094
C0272,2025-04,80%,90.60334743022943
C0333,2025-01,85%,74.64201413642427
C0476,2025-05,112/100,76.15809711739425
C0489,2025-05,71%,86.45258393353458
C0736,2025-06,75%,80.22465466787075
H0339,2025-06,77%,98.28213367442885
H0391,2025-05,73%,89.26071957072077
H0464,2025-06,68%,76.99152711552111
C0517,2025-03,81%,93.23570341374356
C0291,2025-04,64%,
H0167,2025-02,69%,84.96781313345664
C0124,2025-04,78%,66.59938712686582
C0212,2025-01,78%,78.17954364051117
H0247,2025-04,68%,76.25748354351933
C0259,2025-01,94%,78.53599481607023
H0056,2025-06,87%,
C0737,2025-06,76%,95.69884410760201
C0393,2025-04,100%,71.5263973240208
C0664,2025-02,79%,74.30589989127935
C0672,2025-03,90%,95.54776746450814
C0703,2025-03,80%,70.16243124892767
H0315,2025-03,91%,89.16906754301166
C0583,2025-05,87%,73.62845971020651
C0354,2025-04,97%,85.1208752888311
C0248,2025-05,87%,96.10115062233736
C0321,2025-03,58%,100.0
H0071,2025-06,85%,78.8968986427392
H0579,2025-02,99%,91.06493137785264
C0383,2025-01,84%,73.86352712338422
H0472,2025-02,88%,73.470415864244
H0382,2025-05,89%,88.5251624005635
H0350,2025-01,85%,88.70051325451247
C0488,2025-05,71%,83.2418881428081
C0232,2025-06,74%,73.38388980642421
C0026,2025-01,64%,71.37423180979951
C0104,2025-04,89%,75.49939943031681
H0236,2025-05,87%,72.62459972210759
C0413,2025-02,85%,98.88515749116095
H0544,2025-04,67%,78.42482407589839
H0526,2025-05,74%,62.487633993267615
C0656,2025-03,94%,71.91605693647551
H0360,2025-06,88%,71.89348797619397
C0080,2025-03,100%,94.52111123788194
H0231,2025-06,84%,94.255799323186
H0194,2025-02,68%,91.4026848884795
C0791,2025-04,76%,79.35620053859141
C0488,2025-02,71%,79.25736392243402
C0416,2025-03,70%,82.84161530242652
H0043,2025-03,100%,84.2427259948812
C0661,2025-05,88%,95.90311212537102
H0300,2025-02,81%,76.67240670319354
H0153,2025-06,62%,95.26526914067884
C0693,2025-06,86%,67.24428472789947
H0263,2025-02,86%,77.69341774503
H0430,2025-01,74%,58.07034802076733
C0683,2025-01,94%,82.67088089925547
H0486,2025-06,75%,85.53582658303007
H0240,2025-01,72%,80.20545147942691
H0593,2025-03,82%,98.780748705641
C0705,2025-03,75%,92.40939423235298
C0790,2025-06,62%,85.27942879595196
H0448,2025-04,90%,85.36864193912368
C0629,2025-06,76%,92.32427869824286
C0371,2025-01,92%,66.73038380286332
H0030,2025-06,63%,85.4402347983023
H0140,2025-03,91%,89.69860400418287
C0586,2025-03,97%,77.48131317385113
H0433,2025-02,74%,
C0790,2025-03,76%,72.31488703554118
C0139,2025-04,85%,
H0182,2025-06,68%,93.48279824406566
C0686,2025-03,76%,77.63658465812728
C0637,2025-04,78%,81.52888764323335
H0084,2025-02,100%,86.5816054608243
C0765,2025-05,62%,82.56141023172826
C0108,2025-04,100%,66.61811402192421
H0488,2025-01,96%,86.6175590222568
H0232,2025-05,93%,43.495542071761456
C0535,2025-06,84%,68.07240927583769
C0384,2025-03,86%,70.03616095754136
H0268,2025-05,67%,91.79418677076835
H0597,2025-03,61%,76.56216187349871
C0158,2025-05,62%,79.21348995197954
C0596,2025-01,67%,65.08194051128807
C0259,2025-03,83%,65.1835046527192
H0286,2025-06,85%,76.9164869461504
C0719,2025-02,72%,94.76470876367006
H0394,2025-02,80%,100.0
C0495,2025-04,70%,94.04550805626928
H0519,2025-01,80%,93.74404036943885
C0454,2025-01,89%,79.41998410434284
H0334,2025-06,75%,86.61679836955621
