student_id,month,satisfaction,faculty_rating
H0001,2025-01,3.019326731956051,3.575097300760489
H0002,2025-01,3.4973129528142013,3.3000982290922423
H0003,2025-01,3.114147201248722,3.72031641823139
H0004,2025-01,3.0391108925645876,3.4187567049323206
H0005,2025-01,3.2930390115996855,3.149001747166472
H0006,2025-01,2.4869119468897387,2.2480980732861413
H0007,2025-01,4.262570532842936,3.2838481000683375
H0008,2025-01,3.3280914880473174,
H0009,2025-01,3.179108282735634,3.3608629361314004
H0010,2025-01,3.329911204917731,3.531263384590872
H0011,2025-01,3.541816565857372,3.2285456614494255
H0012,2025-01,2.779689564129793,2.651989084741388
H0013,2025-01,2.433308521009131,3.5223421839466473
H0014,2025-01,2.3987978501150446,2.5320760905876445
H0015,2025-01,2.45351596263266,3.2706578732898524
H0016,2025-01,3.2735144454174283,3.285912431079414
H0017,2025-01,2.4468354834035937,3.4058242342513183
H0018,2025-01,2.9031687343767945,3.282374990894302
H0019,2025-01,3.0170327558063152,3.2501755802427676
H0020,2025-01,3.2084047805552203,3.350225418079055
H0021,2025-01,3.403450375394389,3.357774449220508
H0022,2025-01,3.328030708552618,4.0899683152493225
H0023,2025-01,3.70709970466985,3.212354230936228
H0024,2025-01,3.247684414889911,3.0925002582849133
H0025,2025-01,3.0258535917965843,2.8614988408713073
H0026,2025-01,2.983318114699246,3.7368358339483327
H0027,2025-01,2.620660533476935,2.734683029317835
H0028,2025-01,2.5277886874894357,3.8228850265105514
H0029,2025-01,3.0621424834783526,
H0030,2025-01,3.4351549654761135,3.1279071805317624
H0031,2025-01,3.5418606605696636,2.68394678338547
H0032,2025-01,3.2515518497499034,3.4956429342480466
H0033,2025-01,3.9067117047511255,3.4259321569848575
H0034,2025-01,3.5843561298037727,3.5751100939157805
H0035,2025-01,,2.79555764612456
H0036,2025-01,3.0210786564432572,3.649663224434883
H0037,2025-01,3.2076913050005715,3.6320756376985504
H0038,2025-01,3.107238062693085,3.6735828209458146
H0039,2025-01,3.258060656353618,
H0040,2025-01,3.0725177911427806,3.209947611517456
H0041,2025-01,3.0279313961401844,2.920892543784055
H0042,2025-01,2.850927337263962,2.6483705369956008
H0043,2025-01,2.8227723239133917,3.648179981108257
H0044,2025-01,,3.219973918700077
H0045,2025-01,3.283888717140217,3.471508745512126
H0046,2025-01,2.8347663140212576,3.98963225216764
H0047,2025-01,2.488648710963731,3.0910045800325565
H0048,2025-01,3.8484891532384924,3.2331896527482376
H0049,2025-01,3.798380250421478,3.091799008311072
H0050,2025-01,3.376729853230694,3.4676866965598108
H0051,2025-01,3.026411765475366,3.6249177349921884
H0052,2025-01,3.6800314655342388,3.385717557585676
H0053,2025-01,3.454693000370932,4.258561453971145
H0054,2025-01,2.8980872778313076,3.3731446774125233
H0055,2025-01,3.321870623874468,3.4223182780762698
H0056,2025-01,2.5643482029992906,3.1329741690577797
H0057,2025-01,2.872446109744793,3.778784387109129
H0058,2025-01,3.280042335266666,3.232475750077593
H0059,2025-01,,3.2807566054607906
H0060,2025-01,3.52621597128873,3.7860849604301317
H0061,2025-01,3.637303503635068,3.277355327231925
H0062,2025-01,2.2100370278685033,3.228007321117052
H0063,2025-01,2.986639090585317,3.5764071279408247
H0064,2025-01,4.018230391910953,
H0065,2025-01,2.8792495738003554,3.282699375154594
H0066,2025-01,2.533712711623603,2.868374099766902
H0067,2025-01,1.8668102884279254,3.5248986361321424
H0068,2025-01,3.3429073684453163,3.3385277429696316
H0069,2025-01,3.8131396654705325,3.681218339871911
H0070,2025-01,2.9686478870632804,3.0665839421235757
H0071,2025-01,2.857164373960561,3.6120806924048345
H0072,2025-01,2.789352019559581,3.432833764671568
H0073,2025-01,,3.103266010729459
H0074,2025-01,3.246050979177813,3.959533855320748
H0075,2025-01,2.7211079108873153,3.301626124235755
H0076,2025-01,3.23071552578997,3.5335732223037
H0077,2025-01,2.9145809756036303,3.3874993621208684
H0078,2025-01,2.083338875712248,3.982320213182562
H0079,2025-01,3.086250869475991,2.8750012738468387
H0080,2025-01,3.1958456023556288,3.2251023162138
H0081,2025-01,3.394930233315921,
H0082,2025-01,2.902295373193054,3.231335030447358
H0083,2025-01,3.0492782085422236,3.1300924264489214
H0084,2025-01,3.7870372847757157,3.9934838422797667
H0085,2025-01,4.175761678280345,3.61355880080037
H0086,2025-01,3.4838205051949798,3.389339630585859
H0087,2025-01,,3.129624302543506
H0088,2025-01,2.3707403021489313,3.00169321210341
H0089,2025-01,3.5222023755670655,3.7565129991489794
H0090,2025-01,2.6729104782624535,3.492469141034277
H0091,2025-01,,3.6962947871226826
H0092,2025-01,4.2825697498023185,3.185518610448761
H0093,2025-01,2.405486868855205,3.6736822772183264
H0094,2025-01,2.110289371865189,3.2985682198206043
H0095,2025-01,3.798778219477805,3.655283591425949
H0096,2025-01,2.5502986085130015,2.654668763243237
H0097,2025-01,3.4332930500186105,3.5138322254258836
H0098,2025-01,2.736504922516171,3.0607547228451217
H0099,2025-01,,3.686962319157213
H0100,2025-01,3.5844775525534907,3.362573885365277
H0101,2025-01,2.603514363205573,3.257239084038741
H0102,2025-01,2.945705736215609,2.404446217057169
H0103,2025-01,3.3846468063386212,4.300747504555117
H0104,2025-01,2.858974322735281,
H0105,2025-01,3.210298958001399,3.410354171173329
H0106,2025-01,3.1323020719973322,3.0305314543835964
H0107,2025-01,3.1458718613360626,3.5461592208773625
H0108,2025-01,3.944358969011039,3.161868676465455
H0109,2025-01,4.394428695783583,3.0797289905322054
H0110,2025-01,3.120718733690452,3.371147694256671
H0111,2025-01,3.084148995695109,2.82128505486199
H0112,2025-01,3.632130958239577,3.4313263223248347
H0113,2025-01,3.15105796919779,3.714379819743251
H0114,2025-01,2.521047646914475,4.023065707189527
H0115,2025-01,3.4745682165742746,3.266621093679195
H0116,2025-01,3.5352880056812155,3.0094523039614596
H0117,2025-01,,3.2457902221817316
H0118,2025-01,2.8150563747722894,2.641583490692386
H0119,2025-01,2.738511437252274,3.7545072283253482
H0120,2025-01,3.197425753973192,2.837864286911998
H0121,2025-01,4.026161878624522,2.997491325364514
H0122,2025-01,2.5056657514876775,3.199767108374909
H0123,2025-01,3.089736113610205,
H0124,2025-01,3.112277160325599,2.923155160250851
H0125,2025-01,3.021053678939712,4.038907411027528
H0126,2025-01,3.470409947529331,2.618281375748931
H0127,2025-01,2.899811651081039,2.8591466490232333
H0128,2025-01,4.316302159073702,3.0292565188531206
H0129,2025-01,3.69770068969982,3.15153758976696
H0130,2025-01,3.0456020111754945,3.9219253108893466
H0131,2025-01,3.8227847380483775,2.8057050742298175
H0132,2025-01,3.2156396072408895,3.9230991516752542
H0133,2025-01,2.74571762321459,2.850649880241599
H0134,2025-01,3.091384948876084,2.8207713167232966
H0135,2025-01,2.728390371655796,2.229332272313021
H0136,2025-01,2.4325434720674,3.108641345497044
H0137,2025-01,2.275276511097346,2.955589189916226
H0138,2025-01,2.823587562249519,3.0006020626680656
H0139,2025-01,2.715317116498697,2.8546636536940415
H0140,2025-01,3.5902362648125967,3.767113937134717
H0141,2025-01,2.4786164850384984,3.046623504711427
H0142,2025-01,2.5783597436380834,3.105933813618296
H0143,2025-01,3.4074094434375146,3.6520829435732614
H0144,2025-01,3.017871003363961,3.4363996298069965
H0145,2025-01,,3.635186390675867
H0146,2025-01,3.4747356354778907,4.079178077349247
H0147,2025-01,4.124583153339989,3.3422112551504584
H0148,2025-01,3.397879593750418,3.2777845174479627
H0149,2025-01,3.274949898510517,3.629133495542464
H0150,2025-01,3.6622777891124025,2.499569536528319
H0151,2025-01,2.824637825050031,3.123685854655676
H0152,2025-01,2.218328841092597,3.083511103850713
H0153,2025-01,3.3136521906977996,3.4951627856914453
H0154,2025-01,3.9501198003686686,2.9585824157120943
H0155,2025-01,2.2344935574246243,3.885016821462866
H0156,2025-01,3.116665365688951,2.8320504678322322
H0157,2025-01,2.484861132830531,3.18367881158235
H0158,2025-01,2.8088751509247496,2.7847801925543822
H0159,2025-01,3.199924243743861,3.8489905262693185
H0160,2025-01,3.3584664503346353,2.3967757697323497
H0161,2025-01,3.2386823225680255,4.05395998932752
H0162,2025-01,3.7554296652585504,3.9225449017846703
H0163,2025-01,3.716609476459454,3.1555910316665368
H0164,2025-01,2.9699727999066887,3.673859422219453
H0165,2025-01,3.663319307330567,3.415007054820917
H0166,2025-01,2.7846558704857602,3.8059709593945987
H0167,2025-01,2.7274124877067316,3.5430156103900723
H0168,2025-01,2.4745133482220405,4.103023032699427
H0169,2025-01,4.050341571796906,2.995103807204515
H0170,2025-01,2.8781445276055573,3.2993433625813595
H0171,2025-01,2.001462148598285,2.6024822050747543
H0172,2025-01,3.3395903414798016,3.0886573012648983
H0173,2025-01,3.008306549677735,4.291962558393411
H0174,2025-01,3.1729717646182345,3.6715895365186717
H0175,2025-01,3.1745162156913436,3.8536597069026657
H0176,2025-01,2.776533302373644,3.3526704810797643
H0177,2025-01,4.293780534903045,3.4502157933786224
H0178,2025-01,4.064491726151711,3.2833045208687937
H0179,2025-01,3.5728348841167064,3.1571718803469566
H0180,2025-01,3.4069714876422053,3.256670533229091
H0181,2025-01,3.357330321588311,1.9850759525809587
H0182,2025-01,3.2633110032948567,3.314885905858864
H0183,2025-01,3.2634257307701713,3.2148607734437253
H0184,2025-01,3.5665254347085225,3.2437125055379337
H0185,2025-01,2.867265223782939,2.989513952240948
H0186,2025-01,3.331638810976636,3.3397956594924327
H0187,2025-01,2.7144126180222754,3.479246410010751
H0188,2025-01,3.4478264436397543,3.1066738603111563
H0189,2025-01,2.6953664573386726,3.014190380537112
H0190,2025-01,2.934811603204453,3.799938536494801
H0191,2025-01,1.6591908090984926,3.2665438882428472
H0192,2025-01,3.436372263450186,3.9541299793965967
H0193,2025-01,3.491670617350362,3.876713811290127
H0194,2025-01,3.635412758141308,4.307703871822863
H0195,2025-01,2.969472160862547,3.507839532385267
H0196,2025-01,3.6443397450636565,4.239319583571356
H0197,2025-01,2.8907330479879763,2.7462633997004424
H0198,2025-01,2.9104352576585466,3.7940865018659937
H0199,2025-01,2.7085643125398193,3.3945040939398337
H0200,2025-01,3.352573582555723,3.8758357620356994
H0201,2025-01,2.2477274095582187,3.559794556800035
H0202,2025-01,2.5691468073481047,2.572753234906428
H0203,2025-01,3.270113198939106,3.020070394026813
H0204,2025-01,3.5576192906576765,3.6833918373257797
H0205,2025-01,2.5252033982132303,3.6017106491000708
H0206,2025-01,3.0036361538450493,4.251945135745835
H0207,2025-01,3.331336064691346,3.0618258721204303
H0208,2025-01,,3.8678799857204957
H0209,2025-01,3.151751764317769,3.5777709171803016
H0210,2025-01,3.2970674268538316,3.1673358326765775
H0211,2025-01,2.8716452770775454,3.2561069236222537
H0212,2025-01,2.9935606563781803,3.261586959537479
H0213,2025-01,2.700868973329109,3.4908606902509143
H0214,2025-01,2.658937775098332,3.1677034323800495
H0215,2025-01,2.74994859007334,2.6145774955747796
H0216,2025-01,3.0853200148745477,
H0217,2025-01,2.6050768487828364,3.3447118623832326
H0218,2025-01,2.7098147199333695,2.7565323328522155
H0219,2025-01,3.18777515836624,3.5271032504671425
H0220,2025-01,3.03026943767918,3.7081397955556414
H0221,2025-01,3.278327874658074,4.077783666933044
H0222,2025-01,3.4315680510284268,3.62819768503343
H0223,2025-01,2.3558084316603067,2.320467195802983
H0224,2025-01,2.6011732529290703,3.4752073312644387
H0225,2025-01,3.7717613555214777,3.889489503908456
H0226,2025-01,2.8283682586304213,2.8383080949302757
H0227,2025-01,3.552860045329999,3.4348925649561717
H0228,2025-01,3.3088266989590362,3.189446873646138
H0229,2025-01,3.6126446091204025,4.132291051548296
H0230,2025-01,2.556241176128068,3.262234087763385
H0231,2025-01,3.5475210649536697,4.100898380046984
H0232,2025-01,3.4732594599136,3.341972644141465
H0233,2025-01,3.4071539408215763,3.443698511297432
H0234,2025-01,3.084378357659166,3.744725389399814
H0235,2025-01,,2.8831269486955757
H0236,2025-01,2.6405818201358144,3.23039845346717
H0237,2025-01,3.059959271946121,3.2475514614347603
H0238,2025-01,2.41843023593594,2.6617518341762585
H0239,2025-01,3.513615351163078,3.8432371429358443
H0240,2025-01,3.2073829312415176,3.774100652380284
H0241,2025-01,2.0230662772106562,3.1481379205792726
H0242,2025-01,3.117222106080074,3.4374013720038805
H0243,2025-01,3.13702072388395,3.447526456029326
H0244,2025-01,3.1949308970587427,3.719281131437897
H0245,2025-01,3.6180190088275292,3.2137709260340426
H0246,2025-01,3.3111449664477584,2.9893001325614335
H0247,2025-01,2.1874298336324998,2.8281772005304155
H0248,2025-01,2.2693073310737772,3.152560088235971
H0249,2025-01,2.923091785240721,2.8764375927573482
H0250,2025-01,3.3165902285771747,3.5753700291752746
H0251,2025-01,3.491535307598265,2.933871082599838
H0252,2025-01,4.006387948373498,3.031985614782144
H0253,2025-01,3.9138149677184524,4.586954890549087
H0254,2025-01,3.3372581953636873,4.463776751354048
H0255,2025-01,3.691248957442789,3.509312105985259
H0256,2025-01,3.5779929914432747,3.895037686415134
H0257,2025-01,2.4426961586307834,3.560423746600373
H0258,2025-01,2.3097295881493687,3.3225178187376008
H0259,2025-01,3.154265347993807,3.40369490225284
H0260,2025-01,2.70431033414584,3.4414752791850978
H0261,2025-01,3.0259062391045672,4.076990824060485
H0262,2025-01,2.649201229043166,3.6809963081584045
H0263,2025-01,,4.259630729039159
H0264,2025-01,3.9645910611360304,3.6626763338199897
H0265,2025-01,3.3253996329795603,4.362379833227706
H0266,2025-01,2.79371919781232,3.2127629595133427
H0267,2025-01,2.3073956644417466,4.241621778073691
H0268,2025-01,3.4134209793787322,3.20992712116912
H0269,2025-01,2.9819976592650312,2.6647083010751382
H0270,2025-01,3.199642423560908,4.419569019477578
H0271,2025-01,3.762153836503823,3.686295331183277
H0272,2025-01,2.860630140281686,3.771197370133382
H0273,2025-01,3.343467515270375,3.6461742324296917
H0274,2025-01,2.8441016108622934,2.832486248144275
H0275,2025-01,2.6906858629993105,2.8609379125833523
H0276,2025-01,3.2765290954842623,3.292031897459767
H0277,2025-01,3.6442526818157583,3.5381343636379183
H0278,2025-01,3.393679210026516,2.364428185311814
H0279,2025-01,3.1366677151221176,3.809169061707792
H0280,2025-01,3.124589175872259,3.200121909931261
H0281,2025-01,3.186717645824173,4.008373300096947
H0282,2025-01,,2.891478816977065
H0283,2025-01,3.0013630446867565,3.3503821521660067
H0284,2025-01,3.5376969043103665,4.059097544762027
H0285,2025-01,3.302661184273276,3.6100083287164266
H0286,2025-01,2.9523042769823205,3.0061083073473474
H0287,2025-01,3.3920283044099233,3.6398602128050457
H0288,2025-01,2.6561700161212918,
H0289,2025-01,3.733245529293423,
H0290,2025-01,,2.8243558077844084
H0291,2025-01,3.0751894899622494,2.852440336806965
H0292,2025-01,3.104362224505485,3.346522236065018
H0293,2025-01,3.481331773271184,3.216446670432832
H0294,2025-01,3.767751201510721,4.1770124648123055
H0295,2025-01,2.8154301691666905,3.4108619383389613
H0296,2025-01,3.7658719440902613,2.9435725117569156
H0297,2025-01,3.0975947712144993,4.107430624744892
H0298,2025-01,3.483435271370002,3.256622726539929
H0299,2025-01,2.7051062212115013,3.508389908633364
H0300,2025-01,3.177136546014761,2.8309815577574517
H0301,2025-01,2.458903797509134,2.922226170895533
H0302,2025-01,3.2774222902070593,3.86509557733097
H0303,2025-01,3.1852682026457506,3.044809861035405
H0304,2025-01,3.3866044720154145,3.2254045246673795
H0305,2025-01,2.5680183984854392,3.2837917406799497
H0306,2025-01,4.3154787354743975,2.7419106874383283
H0307,2025-01,2.4196948792754895,2.5371064324066928
H0308,2025-01,3.055998671107169,3.530661820306727
H0309,2025-01,3.4859410799401287,4.673295490157731
H0310,2025-01,3.6044901343882496,3.716744598121032
H0311,2025-01,2.918088165355435,3.6047564605676783
H0312,2025-01,3.34300733614316,3.0656694432050893
H0313,2025-01,3.1828460431878587,4.187290110410051
H0314,2025-01,3.705770467221742,2.9385000968243977
H0315,2025-01,,3.558992106087448
H0316,2025-01,3.201456630481234,3.692311057779519
H0317,2025-01,2.6404397308882643,3.409514221578745
H0318,2025-01,2.470594369835633,3.2979567284667852
H0319,2025-01,2.579944581868907,3.6227372003324416
H0320,2025-01,3.2376942217381206,3.2669242804959104
H0321,2025-01,2.6014157875933304,3.5136465413823172
H0322,2025-01,2.6015455917591357,2.8853699665651105
H0323,2025-01,3.032179939868318,3.529454970848014
H0324,2025-01,3.1783526753926794,3.8351286845197743
H0325,2025-01,3.4090634585948854,3.6352158120036657
H0326,2025-01,,3.1134952170925416
H0327,2025-01,2.6217024234066777,3.593338542850143
H0328,2025-01,3.2065056806187777,3.5555511177859316
H0329,2025-01,2.7523405590287133,2.735981128309818
H0330,2025-01,3.3801340457862743,3.8129081663220514
H0331,2025-01,3.2742020650758414,3.5656746588244124
H0332,2025-01,2.387043875705627,3.6264157540761874
H0333,2025-01,4.058252563038019,3.344548378622881
H0334,2025-01,3.301375178064238,3.4348054424864625
H0335,2025-01,3.113644844107853,2.5076466391774908
H0336,2025-01,3.283501210351913,2.969923765528086
H0337,2025-01,4.403199281074785,3.9335077647728984
H0338,2025-01,3.386584612894736,4.148569842556553
H0339,2025-01,3.4355367219237722,3.605659378294524
H0340,2025-01,2.4195178717046475,2.701328524256958
H0341,2025-01,2.8339944048939167,3.3379311855446843
H0342,2025-01,2.3635992885914474,3.009354426522105
H0343,2025-01,2.7708123187174407,3.6546310482121034
H0344,2025-01,3.133190798161129,3.0839995054378075
H0345,2025-01,3.331273011624832,3.673407664728328
H0346,2025-01,3.20498574011339,3.0854802706233104
H0347,2025-01,2.7039317519965396,3.6108691852150976
H0348,2025-01,3.6444134611158407,2.9140674830176927
H0349,2025-01,3.197909813872627,3.067148517187222
H0350,2025-01,2.1352757963821274,3.5490843207808216
H0351,2025-01,3.1712577081265994,3.1342308485092416
H0352,2025-01,4.3691548854574735,3.7395213887950844
H0353,2025-01,3.0738512104700892,3.53036005147739
H0354,2025-01,1.7704339406520182,
H0355,2025-01,2.7919403889014043,3.5998433300866037
H0356,2025-01,2.0699549077670043,3.2673913278277795
H0357,2025-01,3.0121660314808008,3.8274547679352295
H0358,2025-01,2.2806013719780287,2.5200513461452694
H0359,2025-01,3.6381203640390822,3.1050230662308955
H0360,2025-01,3.2569351003975897,2.5739883197417748
H0361,2025-01,3.4814306920704703,
H0362,2025-01,3.9249371387772167,
H0363,2025-01,2.8655565461697314,3.8718757140280733
H0364,2025-01,3.2308451839324506,3.5275530071082395
H0365,2025-01,4.120521359945501,3.076684786538219
H0366,2025-01,3.439168051929273,3.420970543181837
H0367,2025-01,3.2611205275660513,2.4599312577844707
H0368,2025-01,2.671639160106711,3.062961649111385
H0369,2025-01,3.2119822025004465,2.627328318548347
H0370,2025-01,2.579427782725474,3.369860035437395
H0371,2025-01,3.5626836606326915,2.9271899425198735
H0372,2025-01,2.4507617994756785,3.2932733675814867
H0373,2025-01,3.458393928414353,2.8802831138004423
H0374,2025-01,3.7329430064292177,3.362624922545569
H0375,2025-01,2.8130036618179135,3.96328409573826
H0376,2025-01,3.9168591744318784,2.9947061497665945
H0377,2025-01,2.938833768082564,3.462495782449076
H0378,2025-01,2.5335388211952594,
H0379,2025-01,3.0690037975206153,2.4542538495036967
H0380,2025-01,2.6157484900394095,3.689085219210149
H0381,2025-01,2.7879783766628896,3.6362940015503873
H0382,2025-01,2.5857355072647796,2.8293888738613915
H0383,2025-01,2.666929550812579,3.04698690341534
H0384,2025-01,2.50443693717337,3.1456220101116372
H0385,2025-01,3.4768808257894763,
H0386,2025-01,3.242206867802005,3.0429167150700467
H0387,2025-01,3.1655143996765043,3.4339945799956735
H0388,2025-01,2.9337648837446597,4.127483847757578
H0389,2025-01,3.296360849170073,3.312140447111301
H0390,2025-01,,3.6870464720621405
H0391,2025-01,2.5566463805757937,3.2594965436911725
H0392,2025-01,4.107836323205479,2.842864732943519
H0393,2025-01,3.513319854931969,3.303804044067131
H0394,2025-01,2.6518716110410274,3.066223750845491
H0395,2025-01,2.6148900194681888,
H0396,2025-01,2.1462938294521603,3.7347570023237484
H0397,2025-01,2.641696152460826,3.297008939586434
H0398,2025-01,3.151290585418058,3.788213565262568
H0399,2025-01,,3.3386644628503506
H0400,2025-01,3.244589221931403,3.8169383412402786
H0401,2025-01,3.515045753310114,3.5753757258995753
H0402,2025-01,2.8533581171663176,3.9351772837216314
H0403,2025-01,3.6586819813660303,3.6732697442385653
H0404,2025-01,3.668678709070921,4.171027050447044
H0405,2025-01,,2.8915107356038474
H0406,2025-01,2.754901216134277,3.0875095002448796
H0407,2025-01,3.357520162830811,3.7052132170071
H0408,2025-01,4.003278976197895,3.629509739898302
H0409,2025-01,2.966408547848084,3.640342146092962
H0410,2025-01,2.490040764787327,3.079135253356551
H0411,2025-01,,3.5452962906481535
H0412,2025-01,2.8977464913767843,
H0413,2025-01,,3.3887033631220946
H0414,2025-01,2.3985355297319297,
H0415,2025-01,3.3235655627737115,3.3283950653848184
H0416,2025-01,3.961404097568437,3.6443515783769245
H0417,2025-01,3.1167837786560555,3.4360161449997095
H0418,2025-01,2.8443077119533635,2.6206747194243003
H0419,2025-01,3.855127010424388,3.329639573840634
H0420,2025-01,3.2599514814559725,3.1506662145787536
H0421,2025-01,3.3984773844967546,2.2349441324810098
H0422,2025-01,,4.094411306338889
H0423,2025-01,3.270682676808217,3.3081346183308207
H0424,2025-01,2.91991039976878,3.3592567561850313
H0425,2025-01,3.4303630343670077,3.7868970021006625
H0426,2025-01,2.736534409185599,3.25843826210247
H0427,2025-01,2.7844598890645313,3.630136826526396
H0428,2025-01,3.1505297638203613,3.03862781666749
H0429,2025-01,3.8357069062768465,3.355525049916805
H0430,2025-01,3.239311876406871,3.52064124522998
H0431,2025-01,2.848571015057938,
H0432,2025-01,2.3811133810606275,3.2647196002113494
H0433,2025-01,3.8625639664745006,2.40238471294144
H0434,2025-01,3.0929954243416797,3.8226075470891168
H0435,2025-01,3.303232003477084,3.3741665916112207
H0436,2025-01,3.5360169336227667,3.4312408364621803
H0437,2025-01,3.2007243864386736,3.5295716340510266
H0438,2025-01,2.393745201663373,2.5834767623342465
H0439,2025-01,2.8502440244177807,2.9201801182215235
H0440,2025-01,2.741003201463502,3.4533345813888214
H0441,2025-01,2.6014545799543622,3.535129537361148
H0442,2025-01,2.7823385124741487,3.1590938720322255
H0443,2025-01,,3.298237770655041
H0444,2025-01,3.3450372441212224,3.4734321014744003
H0445,2025-01,2.797592431968363,3.2090247778718233
H0446,2025-01,3.498755533205613,2.7816902450376664
H0447,2025-01,3.257880145703824,3.3015954727374734
H0448,2025-01,2.648841952317819,3.1745208364291897
H0449,2025-01,2.573853052029166,3.299100072161803
H0450,2025-01,3.0497415733054187,2.8817493784734682
H0451,2025-01,4.063145698964232,3.596765051050728
H0452,2025-01,2.802034186976307,3.535442684273363
H0453,2025-01,3.2354206863009978,2.7127940069789065
H0454,2025-01,3.0552879039525647,
H0455,2025-01,3.7084106996460804,4.569332577583265
H0456,2025-01,3.026461178311842,3.411063857667935
H0457,2025-01,1.9093634134330753,2.697064741769079
H0458,2025-01,2.8519412302797917,3.1771643632516158
H0459,2025-01,2.864487040560203,2.7349825204179004
H0460,2025-01,3.464665781805892,3.343254881340516
H0461,2025-01,3.102324340080593,3.4865568124780446
H0462,2025-01,3.227539637631674,3.1468475512686496
H0463,2025-01,2.655376142613294,3.8822106394447857
H0464,2025-01,4.165667521479278,3.6569427442759284
H0465,2025-01,3.637083457017527,2.994839694477286
H0466,2025-01,2.8796480204264023,2.8861805922607973
H0467,2025-01,2.3951772517631316,2.922148986910677
H0468,2025-01,2.1427628302586634,2.6735922206416642
H0469,2025-01,3.6270850954583795,3.45092945223503
H0470,2025-01,3.1213202146962327,2.910877461511212
H0471,2025-01,2.8189815012411152,3.67651719359865
H0472,2025-01,3.0459643466138027,2.9094587694692904
H0473,2025-01,2.732843760871308,3.8018492460043576
H0474,2025-01,3.628026724605644,3.6479747359552035
H0475,2025-01,3.218863886173722,3.8167837595672003
H0476,2025-01,2.63187769527996,3.675174534808333
H0477,2025-01,3.005017270339366,4.159706164978999
H0478,2025-01,2.9027828650299865,2.945687073368823
H0479,2025-01,2.9668605666841232,3.3740302003856586
H0480,2025-01,3.725000305609498,3.5484043928027713
H0481,2025-01,3.863229933861383,3.958085218184049
H0482,2025-01,,3.644575766156127
H0483,2025-01,3.150514307272434,3.8901823888260565
H0484,2025-01,3.0375563871257456,2.955310739872032
H0485,2025-01,2.2227040235310715,2.825665882934498
H0486,2025-01,2.7109048880759605,
H0487,2025-01,2.667220263644261,3.225811601477082
H0488,2025-01,3.7350157645699085,3.395665353699125
H0489,2025-01,2.77562987723178,2.795948414697602
H0490,2025-01,3.3363060943623433,2.8148664693312266
H0491,2025-01,2.889823873299934,3.044065885035942
H0492,2025-01,2.4772235772329547,2.332891253400337
H0493,2025-01,3.2114573951681984,3.041903160382243
H0494,2025-01,3.6427399189344043,3.6480193385322233
H0495,2025-01,2.985635348779315,3.245874206648669
H0496,2025-01,3.1047867220717635,3.4085152535689436
H0497,2025-01,3.288880444610097,3.8694969538143997
H0498,2025-01,3.3861103082564035,3.621360463819491
H0499,2025-01,2.203260018784814,3.6685511921856317
H0500,2025-01,3.0108978747496575,3.469660167574087
H0501,2025-01,3.60982598657911,3.5615724141181206
H0502,2025-01,2.3698332724384445,2.9704810254376515
H0503,2025-01,2.4238232844243717,3.415760990418054
H0504,2025-01,2.813249004937323,3.8692457937979587
H0505,2025-01,3.2852089645813196,
H0506,2025-01,2.843457167712125,2.7234084431374175
H0507,2025-01,3.938232619888656,3.806640341464902
H0508,2025-01,,3.6172573977780695
H0509,2025-01,2.0108150361181565,3.163675975353476
H0510,2025-01,2.89459844183419,2.519680381796585
H0511,2025-01,,4.096771372357743
H0512,2025-01,3.336723033472931,3.3379795313990486
H0513,2025-01,3.155091749936867,3.4968093734792913
H0514,2025-01,3.058842093963625,3.9289610434550255
H0515,2025-01,3.5753279858772893,2.453421606139825
H0516,2025-01,2.834387007460747,3.6400026464937962
H0517,2025-01,2.510863922244506,3.191830785203064
H0518,2025-01,2.039001523722105,3.864738977413523
H0519,2025-01,3.7497625268865877,3.4665088398506887
H0520,2025-01,,3.104340354821822
H0521,2025-01,2.739691407403348,3.5525748122555068
H0522,2025-01,2.382994353412628,2.189146988995865
H0523,2025-01,3.672266957902609,3.678203502127127
H0524,2025-01,4.0775852944293725,2.5617778414311214
H0525,2025-01,3.2259973949071776,3.321297676939843
H0526,2025-01,2.722569148292263,3.3493965356679642
H0527,2025-01,3.4915139452020596,3.5153802569484354
H0528,2025-01,2.562615265234735,4.156684532822217
H0529,2025-01,2.4119603957016547,2.1232578673961164
H0530,2025-01,2.0864492454359094,3.633071605398039
H0531,2025-01,2.8242228448617075,4.057156530769799
H0532,2025-01,2.3058573781297733,2.876238460978831
H0533,2025-01,3.746803232670212,3.1174034530589956
H0534,2025-01,2.519351982136463,
H0535,2025-01,3.6029616284614367,3.766687156837348
H0536,2025-01,3.173369676593715,3.6702322137631738
H0537,2025-01,2.764515507167828,2.808164937553876
H0538,2025-01,3.3367116216810584,2.9805071132540233
H0539,2025-01,3.407318233082812,4.121005065871819
H0540,2025-01,2.3861708075676162,2.614778605581015
H0541,2025-01,2.523893516906663,2.346241828762434
H0542,2025-01,3.1760850371474643,2.582680984270408
H0543,2025-01,2.4288381071586835,3.2336511315589886
H0544,2025-01,,3.924606738534331
H0545,2025-01,3.2515654195050194,2.906651307234183
H0546,2025-01,3.0636331977107276,4.0113991839619105
H0547,2025-01,3.0131069237734085,3.6390553449154277
H0548,2025-01,3.1714992185387483,3.6913664345536223
H0549,2025-01,2.715855168045446,2.0101194862816563
H0550,2025-01,2.6697628039321573,2.8966323715836273
H0551,2025-01,3.1148226210527836,2.9097267882801545
H0552,2025-01,3.082705458051715,4.00829010322842
H0553,2025-01,3.3301609161827628,3.2019327546195444
H0554,2025-01,3.721094639192176,
H0555,2025-01,2.840183347734205,3.4660560005664065
H0556,2025-01,3.3092499895145373,2.9737432269195923
H0557,2025-01,2.445041460268075,3.368532258067584
H0558,2025-01,3.3552231430838413,2.9874291982315184
H0559,2025-01,3.071781886098007,4.357011000802358
H0560,2025-01,3.0082104947602364,2.8444212150210015
H0561,2025-01,3.13966977078298,4.170180342481717
H0562,2025-01,3.0436822459705564,3.0251489068996875
H0563,2025-01,4.219877540809106,3.402145690887274
H0564,2025-01,3.3519308328052166,3.7087774813314325
H0565,2025-01,3.291391292710847,3.40822469012763
H0566,2025-01,2.6509790799952766,
H0567,2025-01,3.894738729705663,3.9969743209222526
H0568,2025-01,3.3057040058978417,3.6991813670492197
H0569,2025-01,3.2869474060385535,3.2186891452391246
H0570,2025-01,3.5269326424739273,3.048788816783102
H0571,2025-01,3.0743293241316874,3.2524476918392007
H0572,2025-01,2.635438147744864,3.0866185752259323
H0573,2025-01,1.8827967913384063,3.070030345078165
H0574,2025-01,2.9377680861993976,3.341145765848892
H0575,2025-01,2.6754843885895525,2.6318867156186423
H0576,2025-01,2.517396212343195,2.828319793451326
H0577,2025-01,3.835162772660391,3.7049531521398693
H0578,2025-01,3.588191154136648,2.4406739465124434
H0579,2025-01,2.1611012763550383,3.6761718638541607
H0580,2025-01,3.2436454828920613,3.142632408141224
H0581,2025-01,2.821046078109333,4.046727180683034
H0582,2025-01,3.296945136174044,3.818830983549595
H0583,2025-01,2.667173430440423,3.104164071156996
H0584,2025-01,2.718129648730921,3.0866718905198964
H0585,2025-01,3.4694364113878726,3.8804765029961867
H0586,2025-01,3.5013691051225027,3.8383298637705066
H0587,2025-01,4.102607074694587,3.9765102860287547
H0588,2025-01,3.227043594655465,3.957423338706668
H0589,2025-01,2.7171286322479586,3.106925891970128
H0590,2025-01,3.7046837171933804,3.5510980724057655
H0591,2025-01,3.3210576526642512,2.817510083000699
H0592,2025-01,3.2515725548218906,2.7381311719316797
H0593,2025-01,2.9483031952339096,3.5282138656036
H0594,2025-01,2.522676993355962,3.0496078711638495
H0595,2025-01,3.2242061892425546,3.129519939295389
H0596,2025-01,2.818627532267455,3.2043383018561578
H0597,2025-01,,2.726077945839119
H0598,2025-01,4.273613757747181,3.8593254384519255
H0599,2025-01,3.9291521407021937,3.247775279596864
H0600,2025-01,3.443569202574403,2.7114413614986397
C0001,2025-01,2.542044114875173,3.1417343591845244
C0002,2025-01,2.4285372224598483,3.6006300089791368
C0003,2025-01,3.277269023241049,3.5547472218169025
C0004,2025-01,3.8039937425276555,3.119487046327673
C0005,2025-01,3.045553725674469,3.258374429055988
C0006,2025-01,2.9276248429327763,2.9466677282113474
C0007,2025-01,2.8182186430965834,2.7175415386328092
C0008,2025-01,2.6183674152902974,3.1631141421145372
C0009,2025-01,2.439144309518145,2.668620113164494
C0010,2025-01,2.508767687126821,3.0672707126797567
C0011,2025-01,3.340666637465911,3.4330940680020854
C0012,2025-01,2.9879624078285754,2.9260143537948107
C0013,2025-01,3.5318560699157335,3.316033389806432
C0014,2025-01,2.294462787442757,3.927618487016694
C0015,2025-01,2.7274324188012327,4.309860061805955
C0016,2025-01,3.088174071723398,3.0800286067629776
C0017,2025-01,2.5632243703556528,3.523750905957031
C0018,2025-01,2.494404713027192,3.0148069670552005
C0019,2025-01,3.6378579021297215,3.177845745435927
C0020,2025-01,2.9485783004864716,2.939851754752591
C0021,2025-01,2.653254114178822,3.111903117881798
C0022,2025-01,2.923543170513199,3.676938613881901
C0023,2025-01,2.915949385748112,2.70239967591846
C0024,2025-01,2.962394906380712,2.7888726013174905
C0025,2025-01,2.4994405263981596,3.1160344833777183
C0026,2025-01,2.779136752472291,3.1887861739095085
C0027,2025-01,3.6095633882165488,3.393102731975436
C0028,2025-01,4.037846681688929,3.495435056688203
C0029,2025-01,2.404238620045957,3.9829938098081907
C0030,2025-01,3.1143545873596516,2.8321588118825036
C0031,2025-01,2.9721883191430134,2.8922532767286993
C0032,2025-01,2.9851824542236884,3.3364038377134326
C0033,2025-01,2.8844998506357236,4.00536643129783
C0034,2025-01,3.1081491072848437,2.4199706858157417
C0035,2025-01,3.3643620871164046,3.385739829490294
C0036,2025-01,4.323331813411702,3.2977203934177464
C0037,2025-01,2.414210227664339,3.5605560842065973
C0038,2025-01,2.127641530930728,3.386121332008282
C0039,2025-01,4.0330999879200435,3.32693639500722
C0040,2025-01,2.942671314214218,3.3759181285660462
C0041,2025-01,2.6524514428864316,2.8215869970787213
C0042,2025-01,,3.5011562365475037
C0043,2025-01,2.687889326819018,4.046229789596619
C0044,2025-01,3.5003064403645796,3.5455480642653243
C0045,2025-01,3.269726826848854,3.3197919937592206
C0046,2025-01,3.387847229664239,3.0682918626897324
C0047,2025-01,3.654082987085804,3.765595641727536
C0048,2025-01,3.500264342692026,3.262910967385977
C0049,2025-01,3.092187067657712,2.736863390885411
C0050,2025-01,3.9231084863225,3.770755372722535
C0051,2025-01,3.0253058769354357,2.609969758557563
C0052,2025-01,2.6896392455345906,3.3182807765046616
C0053,2025-01,,2.3231369083931344
C0054,2025-01,2.694620304760189,
C0055,2025-01,3.1496541143808496,3.081286541148734
C0056,2025-01,2.515854202134621,2.526580163381629
C0057,2025-01,3.171744062561707,3.434855919110836
C0058,2025-01,2.9998787379576295,3.1036087145816476
C0059,2025-01,2.3037346094045974,3.127357671079547
C0060,2025-01,2.477764956967519,3.0188742715158408
C0061,2025-01,2.9766205824377314,2.607623456191461
C0062,2025-01,3.275840145688868,2.7325019889532443
C0063,2025-01,3.0386682628138413,3.129580011470935
C0064,2025-01,2.47573801551883,3.968456433971188
C0065,2025-01,4.5871453615086715,3.6944996264068966
C0066,2025-01,,4.245060251014744
C0067,2025-01,3.190804174441082,2.803052594587427
C0068,2025-01,3.546043996548796,2.8277057327573183
C0069,2025-01,3.43333817480662,3.613301832853552
C0070,2025-01,3.212451082859205,3.311850319681767
C0071,2025-01,3.9678216717187698,3.2960552623486237
C0072,2025-01,3.610715266600647,3.2361220054821516
C0073,2025-01,2.9410926075988626,3.1941177226217943
C0074,2025-01,3.0885886259680966,2.092001004391126
C0075,2025-01,2.4729344983975863,3.0092370083077045
C0076,2025-01,2.8377438056833753,2.6087540367662916
C0077,2025-01,,3.0036506365940334
C0078,2025-01,3.3822762947667857,3.402226562374284
C0079,2025-01,2.6402238083881917,3.9228951223633586
C0080,2025-01,2.9197492685348205,3.178719978441599
C0081,2025-01,3.9949453886865474,3.5216333436973914
C0082,2025-01,3.6783198306920735,
C0083,2025-01,3.363109252574364,3.1169328254259945
C0084,2025-01,3.0872171874351606,3.2867098885049977
C0085,2025-01,3.140026542417203,2.8253979322935554
C0086,2025-01,2.889986254876233,3.817823103306561
C0087,2025-01,3.078160523773213,3.8234292065928104
C0088,2025-01,3.523749110399249,2.9107034173923623
C0089,2025-01,3.1768760341824436,2.6804505504304834
C0090,2025-01,3.410876510892622,3.0057945232771455
C0091,2025-01,3.8216590352773214,3.3630710939812314
C0092,2025-01,3.768742326714573,2.8441519565484166
C0093,2025-01,3.2317928137655363,2.672568040052574
C0094,2025-01,3.871670906829328,3.5643258129834834
C0095,2025-01,3.03158615651073,3.465178794889244
C0096,2025-01,2.600527187615732,2.9505688171135693
C0097,2025-01,2.706989853634005,3.218857855022902
C0098,2025-01,3.358340502511738,3.1625712155992893
C0099,2025-01,3.2123612798231376,3.3737342760229514
C0100,2025-01,3.948739301439785,3.1594327134394273
C0101,2025-01,3.0282902309239637,3.5326227262457945
C0102,2025-01,3.6848887207112546,3.7775543155815754
C0103,2025-01,3.5340862829992536,4.282444217610012
C0104,2025-01,3.7482664681722517,3.4500091194034748
C0105,2025-01,3.459478355903262,3.5713597346944272
C0106,2025-01,3.1292001286596896,2.5797626721788847
C0107,2025-01,3.1681491119445853,3.1647415470826794
C0108,2025-01,2.8569141829716433,2.8537919829829343
C0109,2025-01,2.291737998793218,2.8321307132876172
C0110,2025-01,2.596587429279859,
C0111,2025-01,3.00569790033539,3.240966558076785
C0112,2025-01,3.0284207020765073,3.3266907475081102
C0113,2025-01,2.8439340914180575,3.503194045017972
C0114,2025-01,3.5445351431415384,3.5120063539032573
C0115,2025-01,3.3575091417179026,3.0005810235661743
C0116,2025-01,3.236852863509311,3.641987905686
C0117,2025-01,,3.658402857226063
C0118,2025-01,3.25649697599322,3.846421309906738
C0119,2025-01,2.8762201792073063,3.1914087553419215
C0120,2025-01,3.340429409688653,3.0301706027873365
C0121,2025-01,2.969053647769348,3.619671447573662
C0122,2025-01,,3.3995429492555287
C0123,2025-01,2.928581627224557,2.8348915572561877
C0124,2025-01,3.2667032222332892,2.297081583563995
C0125,2025-01,3.720417469571197,4.012206699676774
C0126,2025-01,2.449050472068962,2.581145973883812
C0127,2025-01,3.5378038694026905,3.4619186063038248
C0128,2025-01,3.556503408005904,4.1021920247609325
C0129,2025-01,3.3524032993865953,2.7049013094860355
C0130,2025-01,2.914824475401783,2.5219378252729396
C0131,2025-01,2.4980893510033404,3.1602544192632345
C0132,2025-01,3.7692521201901314,4.311546579296522
C0133,2025-01,3.537194242825133,4.050919639176236
C0134,2025-01,3.5134079677719825,2.883883082726991
C0135,2025-01,3.0274648166049527,3.8451724404082617
C0136,2025-01,3.082755539371884,3.4202856607543035
C0137,2025-01,2.8313054105913866,3.1644093714602155
C0138,2025-01,2.514331301819514,2.89479330476297
C0139,2025-01,2.394101908920025,3.8437355230224064
C0140,2025-01,2.4870568444843943,2.462399385145276
C0141,2025-01,3.609765040935084,3.7041559761737055
C0142,2025-01,2.5487455315340397,3.203536107415519
C0143,2025-01,2.4906205102251793,3.553373271297096
C0144,2025-01,3.1863131733805545,3.922887145996922
C0145,2025-01,3.5100955119830375,2.9649398869002415
C0146,2025-01,4.4663299770297495,3.0873548113470353
C0147,2025-01,3.5540994121566047,2.9623473817761403
C0148,2025-01,2.7158666672760603,3.449312959548725
C0149,2025-01,2.8198381866131266,3.6069581103424797
C0150,2025-01,3.34794689857638,3.0805083702802123
C0151,2025-01,,3.37460957342855
C0152,2025-01,3.736155279830248,4.189922324928721
C0153,2025-01,3.2120863384252885,3.664763495035494
C0154,2025-01,2.803256256390816,3.6253622788608317
C0155,2025-01,2.2073839411967215,2.2837001066164704
C0156,2025-01,3.732202920056818,3.7126801185943177
C0157,2025-01,3.1641969634398586,3.762262738640955
C0158,2025-01,3.0725784402546314,2.7133542579034913
C0159,2025-01,3.3673254006298303,3.1829275387078866
C0160,2025-01,2.467282218379541,3.2837298701290494
C0161,2025-01,2.869738628224962,2.6507992354227605
C0162,2025-01,2.829035919154621,3.223776535041829
C0163,2025-01,2.9482356319746765,3.2412688534637457
C0164,2025-01,3.682987155224752,3.8745067235866197
C0165,2025-01,3.426252317151291,3.0262956731285118
C0166,2025-01,3.0842877218681197,3.1144373157026495
C0167,2025-01,2.9076657712641887,3.892347571671197
C0168,2025-01,3.2482425467933695,2.98503212946398
C0169,2025-01,2.9523084236590953,3.5255422153852667
C0170,2025-01,2.1188361264003515,3.438441589519752
C0171,2025-01,3.3989429972030614,3.7031545236363677
C0172,2025-01,2.0969980457507114,2.8743308878775955
C0173,2025-01,3.1247245710850944,2.8655539392961846
C0174,2025-01,2.1337250950525335,3.6326689918655632
C0175,2025-01,2.6386497130357722,3.029814453589273
C0176,2025-01,3.480303401153945,2.9237893711200247
C0177,2025-01,3.0772453426573274,3.2780263734955333
C0178,2025-01,2.3838656857061196,3.1217241500994803
C0179,2025-01,2.8288586506467066,3.7028261076798845
C0180,2025-01,3.1184123148298806,3.1055171500290495
C0181,2025-01,3.003300333914375,3.933950406395643
C0182,2025-01,2.9590306284430357,3.4914644614040404
C0183,2025-01,3.0052721849319717,2.9628843084568555
C0184,2025-01,3.03646943793475,3.6712537922343125
C0185,2025-01,2.5143024275220167,2.915947638941101
C0186,2025-01,2.7703034998749434,2.869958272994842
C0187,2025-01,2.735723204333141,3.3027998396911533
C0188,2025-01,4.302845788651666,3.7701988345103525
C0189,2025-01,3.0242066699215013,3.0043866386446205
C0190,2025-01,2.86227254716458,2.4201575596590983
C0191,2025-01,3.154297999540666,3.236892985993395
C0192,2025-01,2.847297077917931,2.9134497641471255
C0193,2025-01,3.2019215967500814,3.690424417425757
C0194,2025-01,3.45748105654427,3.265464359024059
C0195,2025-01,3.6964280139836148,3.355952804777328
C0196,2025-01,4.272588530489449,3.40200783817925
C0197,2025-01,3.688308877407934,3.4966052877967395
C0198,2025-01,3.411299704320466,3.551002965454235
C0199,2025-01,3.4806407894399625,3.520528783409559
C0200,2025-01,2.646603115627472,4.010878765680232
C0201,2025-01,2.579848835822191,3.3974073270351908
C0202,2025-01,,3.0768437988474537
C0203,2025-01,3.3474727321089404,3.1782688529879612
C0204,2025-01,3.705172414842691,3.496609719695373
C0205,2025-01,3.586041000210801,3.839805596541896
C0206,2025-01,3.268595093431803,4.05322435119251
C0207,2025-01,3.7225459980180284,2.7759026918605327
C0208,2025-01,2.9781285952627177,3.8814012215619154
C0209,2025-01,2.746194657837111,3.426359399881571
C0210,2025-01,3.289056441350973,2.9960730362554786
C0211,2025-01,3.741501031009314,3.2719677589432337
C0212,2025-01,2.9898199204783933,4.023884272366495
C0213,2025-01,2.1258708749721897,3.2989351824112676
C0214,2025-01,2.840379170553954,2.5693267574426586
C0215,2025-01,3.7899715916292585,3.12291595837114
C0216,2025-01,1.4075494357928986,2.48850790838208
C0217,2025-01,3.5957955359240428,3.0571445642484854
C0218,2025-01,2.3551375261022143,
C0219,2025-01,3.302854802846401,2.7399110123891934
C0220,2025-01,2.4460203599715413,3.3460346591163193
C0221,2025-01,2.707855471654864,4.102182208479836
C0222,2025-01,3.158274237248703,3.7514352327402047
C0223,2025-01,3.940138067896963,4.180670902660515
C0224,2025-01,3.023742277497239,
C0225,2025-01,3.8900763654708133,3.713641209035785
C0226,2025-01,2.7930766129644344,3.4728965019097218
C0227,2025-01,2.761636011933623,3.4445669390644986
C0228,2025-01,3.4080663069665973,4.106284544347673
C0229,2025-01,2.965568931065668,3.6018124372267732
C0230,2025-01,3.220087879168242,2.5458806955277837
C0231,2025-01,2.7529857250428464,3.0436984865064316
C0232,2025-01,3.3993903403761183,3.1926931176703355
C0233,2025-01,3.3689230671521453,2.7894925348751256
C0234,2025-01,3.859651797632694,3.7287563487361965
C0235,2025-01,2.846514285951196,3.846428674244333
C0236,2025-01,3.150231973278476,3.2056374596402124
C0237,2025-01,3.1868110562870458,3.254265671514182
C0238,2025-01,2.707821910650638,2.9497760332974625
C0239,2025-01,2.9682437023573596,3.307211198827578
C0240,2025-01,2.1106111440770756,3.693120186608012
C0241,2025-01,3.4053452538270452,2.8318611969099603
C0242,2025-01,3.0673112148487647,3.227185196389623
C0243,2025-01,3.0855729450628435,3.315043814919733
C0244,2025-01,2.9815670659738585,3.222247625176279
C0245,2025-01,2.536709104742253,3.2696420003150206
C0246,2025-01,3.2041637821827464,3.9443150492085133
C0247,2025-01,3.073576496198713,2.7322600120256832
C0248,2025-01,3.9555711305131216,3.4371042872044426
C0249,2025-01,2.466546809381504,3.9684840256602154
C0250,2025-01,2.8303662223848023,2.7403970737467187
C0251,2025-01,2.5594658603792997,3.165581836746145
C0252,2025-01,3.655240328481424,3.400343092856682
C0253,2025-01,,3.3781214727272832
C0254,2025-01,,3.376500318420301
C0255,2025-01,3.7982970972867434,3.3539932684269025
C0256,2025-01,3.4357535358291957,3.461700901723296
C0257,2025-01,3.1469240219392516,3.127035622647842
C0258,2025-01,3.6605039690998575,3.82008586415155
C0259,2025-01,2.9647446193328717,3.5296200014894836
C0260,2025-01,3.1985186680963986,2.5455451536153415
C0261,2025-01,3.693443343351357,3.384759894335911
C0262,2025-01,3.328290149669994,3.313601144124469
C0263,2025-01,3.1733017306279336,3.68563870450079
C0264,2025-01,3.479937985299074,3.7560417610529373
C0265,2025-01,2.99405872647014,4.00709963462608
C0266,2025-01,3.3505518717176646,3.4266455428891978
C0267,2025-01,2.938697279150705,3.068492753446967
C0268,2025-01,3.651753024024631,3.12766756780206
C0269,2025-01,3.4903020871309978,2.8144735855498797
C0270,2025-01,4.4858936096440845,3.988772241642543
C0271,2025-01,3.12328339276371,2.88954455871692
C0272,2025-01,3.4037583952084756,3.7742838778220653
C0273,2025-01,3.222743139339384,3.2209168422883376
C0274,2025-01,2.979251326240336,2.4075405452421843
C0275,2025-01,3.4272352848187673,3.7341870080324644
C0276,2025-01,2.2057645354794917,1.8047900169269964
C0277,2025-01,2.925514282590949,2.927914583527496
C0278,2025-01,4.313823141469702,3.6742296702378625
C0279,2025-01,3.8110017226610804,2.4644039029593925
C0280,2025-01,3.461393352175087,3.2983133205680093
C0281,2025-01,3.443769425490397,3.000833251426136
C0282,2025-01,2.7000757397894053,3.0834168408769123
C0283,2025-01,2.7242738981223145,3.8031626006299737
C0284,2025-01,2.5772432305067605,3.1892272348229245
C0285,2025-01,2.6285558860095244,3.1960951655908993
C0286,2025-01,3.601675656599844,3.29910664774529
C0287,2025-01,3.6607038465668986,3.9214995024057098
C0288,2025-01,3.7939741622292953,3.9049405416058494
C0289,2025-01,3.649447206379988,3.1129782949581397
C0290,2025-01,2.996203689217342,2.8950221866840806
C0291,2025-01,3.7291849278033458,3.155743129105901
C0292,2025-01,2.1566786128170845,3.1276279675385745
C0293,2025-01,3.5360870744119657,4.204919620756124
C0294,2025-01,3.276026675841552,3.5601506140781853
C0295,2025-01,2.889112517283169,2.5938033715937268
C0296,2025-01,3.0915517244625503,3.3745555099921467
C0297,2025-01,2.9309762780189144,3.278965808442873
C0298,2025-01,2.5926829726477503,3.503859505611392
C0299,2025-01,2.90280689437501,3.326137871889348
C0300,2025-01,2.5687292361410643,3.985201254431529
C0301,2025-01,,2.8889689339728553
C0302,2025-01,2.6099442482272144,2.805486522344773
C0303,2025-01,2.3891677378003693,3.617222638895448
C0304,2025-01,3.5101511870440127,2.651646338872114
C0305,2025-01,2.590551285413096,3.1385821811497854
C0306,2025-01,2.069604229171726,3.449608254111514
C0307,2025-01,2.7862824284055505,2.3038826247641504
C0308,2025-01,2.5463738627608405,3.2790341449761136
C0309,2025-01,4.160724680337246,3.060853897978101
C0310,2025-01,3.2779056373742703,2.6670348594285236
C0311,2025-01,2.5636498005424877,2.985059762934307
C0312,2025-01,3.274048710310398,3.153874247963063
C0313,2025-01,3.27339035543454,
C0314,2025-01,2.9430552779678334,3.698763929221179
C0315,2025-01,3.8529628148627886,3.3724071089509957
C0316,2025-01,2.68427276100629,3.1250905855256197
C0317,2025-01,3.8439841131812287,3.0232991963303504
C0318,2025-01,3.150514869250992,3.5983544624749553
C0319,2025-01,3.235065603731731,4.250960473119199
C0320,2025-01,2.9742591707463877,3.206994257860626
C0321,2025-01,2.828423816582297,3.098808104317132
C0322,2025-01,2.814460670464268,2.7963172277308814
C0323,2025-01,2.157000455963139,3.695755766410045
C0324,2025-01,3.2293765531882594,3.647143932149325
C0325,2025-01,3.2640603140089692,3.2213654126658953
C0326,2025-01,2.65560446463077,3.2644468092158965
C0327,2025-01,3.5503861512401507,3.058820789133601
C0328,2025-01,3.416521059627753,2.882801989111155
C0329,2025-01,2.71247097941624,3.6292889313209127
C0330,2025-01,2.4835144282732826,3.0825308717556035
C0331,2025-01,3.507869955675377,
C0332,2025-01,3.213020707009302,2.951097823813476
C0333,2025-01,3.0256759471864263,2.3632168379619922
C0334,2025-01,3.4595079044143513,4.335871899261074
C0335,2025-01,3.22267904117119,3.38523717121368
C0336,2025-01,3.618442454114024,3.5008479860514727
C0337,2025-01,2.7881003535396935,2.714451505331782
C0338,2025-01,3.7827421399529397,3.1912757455185212
C0339,2025-01,3.3391922843735378,3.135290129743697
C0340,2025-01,2.274684445807469,2.748841610501828
C0341,2025-01,3.6822189580947304,3.257004228489825
C0342,2025-01,2.795250849704966,3.6400787663691077
C0343,2025-01,3.4052388380399696,3.55073269547904
C0344,2025-01,3.8472998501419986,3.4005765648179875
C0345,2025-01,2.893887381184819,3.9366441281347626
C0346,2025-01,3.0044111594258434,3.5473761879246775
C0347,2025-01,2.8199635492573454,2.311205495832744
C0348,2025-01,2.3986437877059346,3.19786036258301
C0349,2025-01,3.8086025015560154,3.8203465497292344
C0350,2025-01,3.3281957982806163,3.396072623707488
C0351,2025-01,,4.333346297945017
C0352,2025-01,3.3427084113522385,4.058481443356883
C0353,2025-01,3.408442306822864,3.397178375279128
C0354,2025-01,3.6914357240902476,3.0158164475633593
C0355,2025-01,2.2086498904408356,3.0845321269881154
C0356,2025-01,2.755592294380711,3.5430799131063564
C0357,2025-01,3.620100929540235,2.7681356119892784
C0358,2025-01,2.789748138445674,3.157589143499223
C0359,2025-01,2.6824844622830533,2.305549441324178
C0360,2025-01,3.485762689188926,3.060972535870639
C0361,2025-01,3.4732296872183177,2.4094203989311986
C0362,2025-01,3.5188438825596338,3.273146700554826
C0363,2025-01,2.9683042440422858,3.1773344392410134
C0364,2025-01,2.8788919107412023,3.798400385275966
C0365,2025-01,2.681078577855924,
C0366,2025-01,3.210296676773253,2.8580043593727
C0367,2025-01,2.5537127196730065,2.6470642223874177
C0368,2025-01,2.730288866697194,3.583922406044391
C0369,2025-01,2.660422769149306,3.3918403050554753
C0370,2025-01,2.9518188370779237,3.9194701693829237
C0371,2025-01,3.6555908990093964,3.7021949864674664
C0372,2025-01,3.6038124196744485,3.5815523656017936
C0373,2025-01,3.1373393768963385,3.764203513700899
C0374,2025-01,3.0280011398284157,3.5922801780723717
C0375,2025-01,2.11395599683377,3.802472439494347
C0376,2025-01,2.816853271834914,2.6202562076744416
C0377,2025-01,3.4466471181204614,2.9258221425412687
C0378,2025-01,2.6441234408733254,2.4502814282635974
C0379,2025-01,2.6395110809114577,3.46053414684012
C0380,2025-01,3.969379663406513,4.174275688885495
C0381,2025-01,2.5801934179933426,3.6422783267710472
C0382,2025-01,3.7499616563216356,3.016498594718339
C0383,2025-01,4.316837638869462,3.42863386325808
C0384,2025-01,3.0704650967108713,3.4570737358174366
C0385,2025-01,3.9869798287349356,3.6841670890082345
C0386,2025-01,2.402498210548276,2.826233590598035
C0387,2025-01,2.4933038384619013,
C0388,2025-01,3.1399239928587472,3.1829428559854636
C0389,2025-01,3.6860715102459642,3.345287082869643
C0390,2025-01,3.110384076013041,3.69218937547849
C0391,2025-01,2.970548040093551,3.1101258141319343
C0392,2025-01,2.4680274760020833,
C0393,2025-01,2.836811594464577,3.164837152223627
C0394,2025-01,3.10083743766092,3.584554478511119
C0395,2025-01,3.0430107759825185,3.6643633240109734
C0396,2025-01,2.497657044252021,
C0397,2025-01,,3.25982030864911
C0398,2025-01,2.885575422503477,3.0393360671940877
C0399,2025-01,2.9302040289924576,2.5316603335184524
C0400,2025-01,2.727194584107264,4.075474501412099
C0401,2025-01,,3.7832955578586605
C0402,2025-01,3.043653328614191,3.2886181266847405
C0403,2025-01,2.9258537149163946,
C0404,2025-01,3.233358784725466,2.987859080765228
C0405,2025-01,3.1613027432456553,2.0053898755409656
C0406,2025-01,2.4575447285386476,
C0407,2025-01,3.4809654300414463,2.8530167367991637
C0408,2025-01,2.6349353178174697,3.4824248474033896
C0409,2025-01,2.7869093655632646,3.508349560468303
C0410,2025-01,3.0352656345603055,3.0995445279810485
C0411,2025-01,2.8842990899381595,2.894752345811677
C0412,2025-01,3.5964330049249145,2.9995775226243406
C0413,2025-01,3.333909847878477,3.198216749552482
C0414,2025-01,3.3995081111355208,3.1182536740460867
C0415,2025-01,3.073601672276733,3.0274337193957668
C0416,2025-01,3.715776657758998,3.931118560498034
C0417,2025-01,3.2021684777995287,4.26910903418017
C0418,2025-01,2.7647217136561655,3.62640208225086
C0419,2025-01,3.3014252784291696,3.3879218869131265
C0420,2025-01,2.7501989967669704,2.992923259570951
C0421,2025-01,3.700231302791347,3.0701607391027377
C0422,2025-01,3.093187930529771,2.7561891037537496
C0423,2025-01,2.7889114181180896,3.541085653440097
C0424,2025-01,2.9471539161981832,3.726996709243834
C0425,2025-01,3.488656970970702,2.7946149554982127
C0426,2025-01,3.9759616854616224,3.6891710451877326
C0427,2025-01,3.1417460893827243,3.65534377017946
C0428,2025-01,3.4905925448032997,3.243691657380103
C0429,2025-01,3.7420492916534553,3.264844361721318
C0430,2025-01,3.0016136288135677,3.5608528112537314
C0431,2025-01,3.1936502436730576,3.639623575566701
C0432,2025-01,,3.496682629453338
C0433,2025-01,2.7477352436145157,3.260166610214282
C0434,2025-01,3.5629061654169827,3.187289189897725
C0435,2025-01,,3.1677637812774133
C0436,2025-01,3.123587892246188,2.849366086201613
C0437,2025-01,4.314118579930047,2.9900202887294753
C0438,2025-01,2.024730338595995,3.327139593497211
C0439,2025-01,2.9644184194823078,3.1363784858045984
C0440,2025-01,3.0551795732160305,3.706593870893129
C0441,2025-01,3.268867391625525,3.1184849049411483
C0442,2025-01,2.170346553814417,2.997027752020753
C0443,2025-01,2.9021842030561626,3.3039711533528737
C0444,2025-01,2.7293931196866636,3.4722637193927186
C0445,2025-01,3.2383661203214213,3.668366055288011
C0446,2025-01,3.8959298944214114,3.3532512022038485
C0447,2025-01,2.521690658251626,3.917304239564844
C0448,2025-01,2.76189289058147,2.751051522090786
C0449,2025-01,2.879509460249594,2.1286932361402457
C0450,2025-01,3.2577878047031845,4.1563475780461125
C0451,2025-01,3.305067254323097,3.3193998684922104
C0452,2025-01,2.828820013700701,3.8067835943667654
C0453,2025-01,2.50874226579702,3.1286990158046
C0454,2025-01,3.621622022972379,3.3538822051384116
C0455,2025-01,2.7735574601810833,3.1888923722256877
C0456,2025-01,3.3049803633985624,3.4221679690622646
C0457,2025-01,2.355609284876779,3.083658611821281
C0458,2025-01,3.564755735162175,3.635106093955394
C0459,2025-01,2.7241084121723294,2.789108872065215
C0460,2025-01,2.8505002615262063,3.0884100996177235
C0461,2025-01,3.031319031468562,
C0462,2025-01,2.8191299094898676,3.800732402254254
C0463,2025-01,3.1248983433444373,2.8897249400441893
C0464,2025-01,3.4238145795939214,2.786386799243598
C0465,2025-01,2.5547789229222886,3.2597384620981136
C0466,2025-01,2.765763971670258,4.217728587182047
C0467,2025-01,3.6403065380239106,3.664340807804522
C0468,2025-01,2.9654373868860997,2.511047699575825
C0469,2025-01,3.753586281993388,3.6724298748449375
C0470,2025-01,3.008398614492329,3.448605439798634
C0471,2025-01,2.401198048147298,3.3156569569630476
C0472,2025-01,2.575002953985668,3.5547983017076303
C0473,2025-01,2.9177175815653835,3.2806842489226073
C0474,2025-01,3.3042968214846105,3.245637590077157
C0475,2025-01,2.8124152866175613,2.525069574145195
C0476,2025-01,3.0920768288953675,4.002869364715102
C0477,2025-01,3.3695476744363058,3.201821894461448
C0478,2025-01,2.907183410158743,2.6226285854422913
C0479,2025-01,2.801843292315109,3.0094776089881567
C0480,2025-01,2.8581955723900347,3.3000461660879514
C0481,2025-01,3.9518841665629645,
C0482,2025-01,3.434217401171939,3.489016803829819
C0483,2025-01,2.6850529577537974,3.74391017997463
C0484,2025-01,3.022862400636347,2.608797345474984
C0485,2025-01,3.300096464300354,3.005164038953702
C0486,2025-01,2.464863808549203,3.013257461854323
C0487,2025-01,3.122503903096471,3.1050743420855222
C0488,2025-01,2.8227864626236823,3.866711565439005
C0489,2025-01,2.5970020124946895,3.0141621200453472
C0490,2025-01,3.846188085362253,3.8773062522906176
C0491,2025-01,3.163412689102219,3.43445671649859
C0492,2025-01,3.0687156182284068,3.6911597888907743
C0493,2025-01,2.6230931198948833,3.2001686077097657
C0494,2025-01,4.316145768989828,3.588849874916724
C0495,2025-01,3.8583163174652504,3.186049464642185
C0496,2025-01,2.2119928412516927,3.628432207135137
C0497,2025-01,3.4313459448856443,3.723680420828328
C0498,2025-01,3.6519349322708567,3.3431541917322765
C0499,2025-01,2.8902649150231716,3.555620764934214
C0500,2025-01,3.442442098053715,3.0887840906768016
C0501,2025-01,2.4736534794255602,3.5500610107180433
C0502,2025-01,2.898554052575304,3.1849986796221015
C0503,2025-01,2.9294884186332637,3.614922793656457
C0504,2025-01,2.730893592207278,3.375154994781501
C0505,2025-01,3.1643843326615904,3.7785352224470032
C0506,2025-01,2.6194395743571683,2.663334077303022
C0507,2025-01,3.5878747084889246,3.7547326392889855
C0508,2025-01,2.0395568980095877,2.822198920710256
C0509,2025-01,3.688509307405412,2.631978803592831
C0510,2025-01,3.404260624615346,3.881522315700345
C0511,2025-01,3.7767690835758487,2.9739761487376617
C0512,2025-01,3.198276972841962,3.3508869799856797
C0513,2025-01,2.6598140484342103,3.876343327029506
C0514,2025-01,2.6340421597701793,2.3998904616680026
C0515,2025-01,2.5909280097300846,3.0184742757618994
C0516,2025-01,3.049787911884608,3.345271996467274
C0517,2025-01,2.7104646863188053,2.6769853138351407
C0518,2025-01,2.9553766660603005,3.3244998319382493
C0519,2025-01,2.7890709214203393,3.5494018732859827
C0520,2025-01,2.9602495275899647,4.031882358766542
C0521,2025-01,3.398571797301998,3.3613227241941175
C0522,2025-01,3.5994914690478566,3.163673681007314
C0523,2025-01,2.5391021043900794,3.2556808098310714
C0524,2025-01,3.8608924197489434,4.073898764471416
C0525,2025-01,3.123050840088709,2.868325783104742
C0526,2025-01,2.951100514394961,3.7909484036873016
C0527,2025-01,2.5084465529069355,2.0378301650033883
C0528,2025-01,3.288149558213296,3.6570692054761995
C0529,2025-01,3.4261401715944553,3.5985871107642615
C0530,2025-01,2.5959623739520015,2.435244868798537
C0531,2025-01,2.60710259546936,3.4171684448405153
C0532,2025-01,3.411570744585779,2.5041987690203777
C0533,2025-01,2.7542935140266644,3.2180211637261764
C0534,2025-01,3.21056427044899,3.347851441523293
C0535,2025-01,3.803907387067709,3.096970192904462
C0536,2025-01,3.2571045394490303,3.7929777582299327
C0537,2025-01,2.393258422854905,3.0664744509420347
C0538,2025-01,3.152703033500196,3.261264975599178
C0539,2025-01,3.568675327598526,3.7421529956987554
C0540,2025-01,,3.129698917994145
C0541,2025-01,3.0226893361489777,3.0276782942250184
C0542,2025-01,2.6969444739348805,3.304161233097621
C0543,2025-01,2.6073809326224247,3.124583910385439
C0544,2025-01,3.6392675813975557,3.881013354700773
C0545,2025-01,2.740557720882001,2.998599935197339
C0546,2025-01,2.3108444066614546,3.3008870717881305
C0547,2025-01,2.753135983739914,2.6895373053710507
C0548,2025-01,3.160230793650625,2.371127239001445
C0549,2025-01,3.3318085431282745,3.6761446292239373
C0550,2025-01,3.6854561982050935,2.8017806025383285
C0551,2025-01,3.2768335586734025,3.327867305204588
C0552,2025-01,3.19205505633755,3.741574288187987
C0553,2025-01,3.14284015740814,3.233074785462045
C0554,2025-01,3.21670258800941,3.4678693438918295
C0555,2025-01,2.557402894023979,2.324198229570927
C0556,2025-01,3.2875240960473913,3.8714532857385895
C0557,2025-01,3.0503650162379805,3.4992099275581228
C0558,2025-01,3.919274957674539,2.8288924654975123
C0559,2025-01,1.7184682620651655,2.6208532068639037
C0560,2025-01,3.54896551049866,4.146716147760692
C0561,2025-01,3.323548629987962,3.13641972383342
C0562,2025-01,3.227641545174371,2.866308650766815
C0563,2025-01,2.5788971150419746,3.1366966161677277
C0564,2025-01,2.6291823358135686,3.5709026185059325
C0565,2025-01,3.3128342914054585,3.3076037842420636
C0566,2025-01,3.5770585437374978,3.365394684321712
C0567,2025-01,2.8542323281144797,3.087352597989882
C0568,2025-01,3.757666454750926,3.8213399862997504
C0569,2025-01,2.5526420800452128,2.8876188444633266
C0570,2025-01,3.2641733421852472,4.142174166558444
C0571,2025-01,,2.878939821167972
C0572,2025-01,2.633179615450703,3.551425041915422
C0573,2025-01,4.026606686620507,3.409758197920176
C0574,2025-01,2.6559780231896597,2.9880357883454307
C0575,2025-01,2.659218154973692,2.4865596631979314
C0576,2025-01,3.047695610600809,3.1567210594017823
C0577,2025-01,3.513949038671432,3.371614026834751
C0578,2025-01,2.977976138626733,2.7254162173244336
C0579,2025-01,2.764909549258897,
C0580,2025-01,4.0234563424763685,3.523269826679473
C0581,2025-01,2.988102846671039,3.2499757375552965
C0582,2025-01,3.6413902632290016,3.2810653250503106
C0583,2025-01,3.1803944579316292,2.993526735610493
C0584,2025-01,3.294234488217514,3.539372759526138
C0585,2025-01,2.853541850443707,3.566945524659197
C0586,2025-01,4.130808313373886,3.5099164190489405
C0587,2025-01,3.548025214930735,3.2323573631205447
C0588,2025-01,3.9455716270345067,2.922088115924287
C0589,2025-01,3.0496290767055774,3.6964324253426653
C0590,2025-01,1.96481194855511,3.1168845720255525
C0591,2025-01,2.6522805571413373,2.4939228310879265
C0592,2025-01,4.023414739381507,2.993287681125194
C0593,2025-01,2.698795297722434,3.2186949784359977
C0594,2025-01,3.602256788245319,3.294439102996787
C0595,2025-01,2.6041514376201382,2.4849696403893917
C0596,2025-01,3.0800683421661645,3.3577442330852136
C0597,2025-01,3.306540153024846,3.232757513441297
C0598,2025-01,3.992224620976727,3.4729284837167356
C0599,2025-01,3.9640622179718714,4.667315531581879
C0600,2025-01,2.1600477920421945,3.3393479088717606
C0601,2025-01,3.320754756299731,2.7503471811538946
C0602,2025-01,2.72624066956171,3.3630610144201523
C0603,2025-01,2.721438298183679,3.240379186621798
C0604,2025-01,3.1917420370931158,3.480030474273437
C0605,2025-01,3.7773389064784695,3.839553512556801
C0606,2025-01,,4.114830698780349
C0607,2025-01,3.3540404458010005,3.6080787572417594
C0608,2025-01,3.1575603375230346,3.2126007138210237
C0609,2025-01,4.091792140072485,4.236468989592844
C0610,2025-01,,2.8051970158374893
C0611,2025-01,3.823575916444442,3.234028354162276
C0612,2025-01,2.6724933004175693,3.1170118704797
C0613,2025-01,3.0127745277026263,2.265704116409773
C0614,2025-01,3.1621442482594184,4.0624434227113415
C0615,2025-01,2.7493704758333126,3.720940714762026
C0616,2025-01,3.1534981181391006,2.214913863883208
C0617,2025-01,3.3905300951304493,3.8643363291714334
C0618,2025-01,2.6471299685274605,2.818231154728578
C0619,2025-01,2.821621297920543,3.509036904750065
C0620,2025-01,,3.6279696276237314
C0621,2025-01,4.167702497166864,2.829011951040302
C0622,2025-01,3.713258319106379,3.354498884249728
C0623,2025-01,3.3410841386386565,3.043952618900978
C0624,2025-01,2.484320010517636,2.918481606474756
C0625,2025-01,3.643646063023114,3.8791902664341196
C0626,2025-01,3.2404446785684478,3.3129018131497943
C0627,2025-01,,3.7855015618235983
C0628,2025-01,2.3699049569123996,2.949665010939647
C0629,2025-01,3.2358520183654957,2.6955704045982594
C0630,2025-01,3.8182181898257674,3.569303458313875
C0631,2025-01,2.7404763963290515,3.0399995975850236
C0632,2025-01,3.155127227922605,2.9510611195436973
C0633,2025-01,2.6684169559264874,3.4511194574543156
C0634,2025-01,2.9976345667716995,
C0635,2025-01,2.890037762928117,3.297350990074689
C0636,2025-01,3.390054319209166,3.1370461342860856
C0637,2025-01,,3.7411891907152555
C0638,2025-01,3.242159568446504,3.1140833387590443
C0639,2025-01,3.7299134801419904,3.7510169424356667
C0640,2025-01,3.787300510674089,3.6188597735071046
C0641,2025-01,,3.760721520929893
C0642,2025-01,3.56403942759484,3.4743047471742807
C0643,2025-01,2.5673932680356497,3.126750045686687
C0644,2025-01,3.189927129716231,
C0645,2025-01,2.972922391823552,2.952885461598292
C0646,2025-01,2.649437175426074,3.404979838516791
C0647,2025-01,3.1346655379399664,2.7803497287057692
C0648,2025-01,3.1119442376867337,3.499233738203405
C0649,2025-01,2.9024405874689148,3.6495607631853586
C0650,2025-01,3.6303168616728723,3.1035044588589646
C0651,2025-01,3.276014377607821,3.101780098023564
C0652,2025-01,3.519569389834806,3.1675107985537654
C0653,2025-01,3.973937214358057,2.930617807196916
C0654,2025-01,3.468849071325766,3.6089138548673048
C0655,2025-01,3.147313919762576,3.4512514303707267
C0656,2025-01,2.463575110965557,2.8319723654156532
C0657,2025-01,2.7853293185511023,3.08032291856429
C0658,2025-01,2.189083722652521,2.6521244261378367
C0659,2025-01,,3.7660885293682655
C0660,2025-01,,3.9204775757183317
C0661,2025-01,,2.771418359523493
C0662,2025-01,2.1933432742128325,3.461841645648713
C0663,2025-01,3.1555017682548074,3.397108336641206
C0664,2025-01,3.772113517423385,3.852326717966844
C0665,2025-01,3.3273968905231257,2.5247337142945456
C0666,2025-01,3.714987675911005,3.623594313129328
C0667,2025-01,,3.4970104524992034
C0668,2025-01,3.1091979769777898,3.4405817312474904
C0669,2025-01,1.9885163408347224,3.199932910155811
C0670,2025-01,2.5884822550556903,3.294659945962023
C0671,2025-01,3.0155120251063234,3.060282689755634
C0672,2025-01,3.20212300117221,4.008199912013936
C0673,2025-01,2.989557617450364,3.200634586944898
C0674,2025-01,2.9808980098571105,3.601617546465436
C0675,2025-01,3.035199285229796,3.8075788490789755
C0676,2025-01,3.7195621813215167,4.056719826422391
C0677,2025-01,3.9343878099719167,3.078033570764572
C0678,2025-01,4.041748534955163,3.727043574612039
C0679,2025-01,4.014415912885996,3.5659685217472386
C0680,2025-01,2.73220418871281,2.8796744446770863
C0681,2025-01,2.9503667848777635,3.0901045380788594
C0682,2025-01,2.8695888307645316,4.138437932650035
C0683,2025-01,3.3071604029182913,3.09063075233092
C0684,2025-01,3.0297721647303115,3.1235939060611653
C0685,2025-01,2.6948031538802453,3.2103600605676417
C0686,2025-01,3.4216193541513285,2.7877039403911867
C0687,2025-01,2.9145063620485145,3.1519466675246144
C0688,2025-01,3.1839363262721334,
C0689,2025-01,3.094554898476147,3.290819082568688
C0690,2025-01,3.414254122349985,3.2841046156944564
C0691,2025-01,3.2902737999916343,3.9771470363603463
C0692,2025-01,3.739393954323566,3.265898028502524
C0693,2025-01,2.238645002344936,2.959553153893865
C0694,2025-01,3.3532994134768317,3.8071445916514532
C0695,2025-01,3.3264223231342784,2.9857822853006994
C0696,2025-01,2.968309577512408,3.979982360014624
C0697,2025-01,3.5068809047923253,2.9631673693362766
C0698,2025-01,3.888906147637012,3.9596117820188708
C0699,2025-01,3.0900268268355013,4.11048259669165
C0700,2025-01,3.7663502031490452,3.007213777072138
C0701,2025-01,2.5265816134435393,3.1910686621998092
C0702,2025-01,3.2482500709974835,3.152002059874035
C0703,2025-01,2.6237092823407884,3.4815233503560266
C0704,2025-01,2.9673936007590624,3.0396131710785532
C0705,2025-01,3.032097410979464,3.1719198752969744
C0706,2025-01,2.6031868147334354,2.8925475408960817
C0707,2025-01,1.5699112087223983,2.6247067625586653
C0708,2025-01,3.2616410028306184,2.7810913577064564
C0709,2025-01,3.6048625578636293,3.4881612553226065
C0710,2025-01,2.848346653783418,3.1849436430540554
C0711,2025-01,2.8742830117203764,2.889627208090652
C0712,2025-01,2.85180929767599,3.2602388910541724
C0713,2025-01,2.3799232480885903,3.08573677964966
C0714,2025-01,2.446594435863017,3.968946761533224
C0715,2025-01,3.704493024991886,3.474681695440059
C0716,2025-01,3.403813268840723,3.583189951650636
C0717,2025-01,3.3686783581976276,2.623017554544699
C0718,2025-01,3.509841678260685,3.64170857149812
C0719,2025-01,3.4985899823999396,3.5796458835529914
C0720,2025-01,3.4446196273994167,
C0721,2025-01,2.7494062162376625,3.0868816038173463
C0722,2025-01,3.0946065919317376,3.1446677823227174
C0723,2025-01,3.185345213201854,3.7912775619968273
C0724,2025-01,3.0502144121850585,2.8846779418675776
C0725,2025-01,3.6903903499393778,3.6489054820465814
C0726,2025-01,3.619623404725208,3.259369193410674
C0727,2025-01,1.9827213814056048,3.1410834110330828
C0728,2025-01,2.9606231355475168,3.1909140943653513
C0729,2025-01,3.011856705939151,3.36936915905659
C0730,2025-01,3.790887120772156,4.112981069784087
C0731,2025-01,2.3425262137012033,3.3460411494376388
C0732,2025-01,1.315783276651251,2.5327839220383654
C0733,2025-01,3.3448347420310314,3.015137576000701
C0734,2025-01,3.4185427124606176,2.740144238311748
C0735,2025-01,2.181951839249604,2.441643673414576
C0736,2025-01,3.177025726253436,2.9533728878109815
C0737,2025-01,3.777093400300282,3.3378187833418447
C0738,2025-01,2.395002199098801,3.6141358190243524
C0739,2025-01,2.6440523837273315,3.252601947744646
C0740,2025-01,3.162838652833735,2.6905673524606044
C0741,2025-01,2.5752519342422415,3.0855498924406395
C0742,2025-01,2.6759497635546707,2.7731296460212587
C0743,2025-01,2.4235828153884116,2.342431049306396
C0744,2025-01,3.071507973566683,3.273430072110881
C0745,2025-01,2.6663154163791365,3.5522019233417836
C0746,2025-01,3.0450870111312724,3.067158017697774
C0747,2025-01,3.457296218427061,2.8565399328859566
C0748,2025-01,3.6317710971710526,2.879174599968142
C0749,2025-01,3.930648812123481,2.9739034747186097
C0750,2025-01,3.1031557660934537,3.5278131915318474
C0751,2025-01,2.798036398124859,3.085088786098339
C0752,2025-01,2.960257054283543,3.5796138289734456
C0753,2025-01,3.2043650001750015,3.74617888120274
C0754,2025-01,3.491373238612737,3.5633410408791737
C0755,2025-01,2.6667630914842406,2.7367825738050775
C0756,2025-01,3.326491489542956,3.0197669493526638
C0757,2025-01,2.6770709605325322,2.7949498191261526
C0758,2025-01,2.522338443527181,3.213615918014383
C0759,2025-01,3.291238391189279,3.1805742622658353
C0760,2025-01,3.3525822058441315,2.1354273381972817
C0761,2025-01,2.2145693663953407,3.4735408904117446
C0762,2025-01,2.968566518318759,3.5789038762887113
C0763,2025-01,2.7381799740789035,2.9744074742153552
C0764,2025-01,3.838566075884303,3.6760453582419066
C0765,2025-01,3.324445506962653,3.027171576335129
C0766,2025-01,2.2741212633260104,2.6319295373864136
C0767,2025-01,3.585285000687536,4.1919519267539
C0768,2025-01,3.577365801137355,3.4871174700836156
C0769,2025-01,2.2312489894946452,3.201960327124225
C0770,2025-01,3.8762897177220403,
C0771,2025-01,2.9353822220748493,3.5474148557932237
C0772,2025-01,3.5301189730978777,3.2888416912652576
C0773,2025-01,,2.8812120843174336
C0774,2025-01,2.4148448561870453,3.975778010638395
C0775,2025-01,3.8630981446111154,3.4652690034279257
C0776,2025-01,2.670323937678781,3.7433285385213377
C0777,2025-01,2.5199298460551813,3.0500788047930456
C0778,2025-01,2.63965660106126,
C0779,2025-01,2.98244278236914,3.789807885347999
C0780,2025-01,3.4779602052496594,3.6007294413384465
C0781,2025-01,,
C0782,2025-01,3.6163980207883855,2.9234904658997185
C0783,2025-01,3.0756812648163083,2.499255407669732
C0784,2025-01,2.372540754215965,3.3339984248955874
C0785,2025-01,3.099938145618654,
C0786,2025-01,3.441395175756789,3.984189584482383
C0787,2025-01,2.8465454709526394,3.7214403637750992
C0788,2025-01,4.199277741212975,3.463203359311949
C0789,2025-01,3.4428416833253244,3.328961038381845
C0790,2025-01,3.65584818269037,2.956561673385601
C0791,2025-01,3.415775575996924,3.6144512191041596
C0792,2025-01,2.6670596377041327,3.0604935706194936
C0793,2025-01,3.725228746647443,3.844517220934512
C0794,2025-01,3.3014851362779494,3.823408785993161
C0795,2025-01,2.814427623207131,3.0427250215992014
C0796,2025-01,2.7190554145515753,3.118849470294854
C0797,2025-01,2.855090886484867,4.060092639943367
C0798,2025-01,3.1781844618332675,3.372513072294933
C0799,2025-01,3.2351116976625267,3.302162729666672
C0800,2025-01,2.959720956830761,3.7441903574097837
H0001,2025-02,2.9117428302801187,3.25497358480448
H0002,2025-02,,3.334398902565482
H0003,2025-02,,2.9380396646333136
H0004,2025-02,3.10275570243823,3.520945257518304
H0005,2025-02,3.5353820662910587,3.348559515543494
H0006,2025-02,2.3427270172287233,3.4260042611624275
H0007,2025-02,2.8646022949271273,3.0726182812497362
H0008,2025-02,3.2585651022653632,
H0009,2025-02,3.1212982234404048,3.24996096358548
H0010,2025-02,2.7220893099813663,3.3466996482103717
H0011,2025-02,3.1960386487975763,2.5838937847426298
H0012,2025-02,2.774805688478236,4.031617483169357
H0013,2025-02,3.3054744647949406,2.76493853468744
H0014,2025-02,,3.475622363462819
H0015,2025-02,3.4122047594092564,3.6988628636998717
H0016,2025-02,3.279128132045663,3.599898196524596
H0017,2025-02,,3.1458777101354674
H0018,2025-02,3.147115103486427,4.062961749379512
H0019,2025-02,3.9058995059064485,2.9825546332218895
H0020,2025-02,2.820075988050596,3.1492665437953162
H0021,2025-02,2.7352633829265733,2.5684641197760425
H0022,2025-02,2.9349693419403557,3.6915324901152218
H0023,2025-02,2.8764756089651233,3.433594677610049
H0024,2025-02,2.6233063825258967,3.26454418150664
H0025,2025-02,3.027647386804614,3.0619061179168967
H0026,2025-02,3.2795404457289283,3.4514573842497698
H0027,2025-02,2.763298552886253,3.2800243411201437
H0028,2025-02,3.9944893113757027,3.9280506555701207
H0029,2025-02,3.387853282216218,3.4952799718303624
H0030,2025-02,3.614459257688583,2.8539078319099516
H0031,2025-02,3.088689614595775,2.2601100741131757
H0032,2025-02,3.049802119800917,4.141843536784814
H0033,2025-02,3.232572649442937,3.239882287221052
H0034,2025-02,2.974780394812493,3.0603761467284967
H0035,2025-02,3.015846625612278,3.5237894510240038
H0036,2025-02,3.215703716951503,3.538427586426808
H0037,2025-02,2.9488391804947254,2.769764284192449
H0038,2025-02,3.2555858598336282,2.7217238062472524
H0039,2025-02,3.497162166037855,3.8319206161145956
H0040,2025-02,2.9394516445239964,3.3886064552973036
H0041,2025-02,3.5398723824305733,3.217099329545915
H0042,2025-02,3.158240667060633,3.3657866010604436
H0043,2025-02,2.979317834153908,3.2032552255676294
H0044,2025-02,3.4123346957016567,3.4240381928834287
H0045,2025-02,3.365714358641621,3.3841584613744016
H0046,2025-02,3.2829408238705593,3.045744829106619
H0047,2025-02,2.6560548784930504,3.4915650384427734
H0048,2025-02,3.3864462620161113,3.641850825188764
H0049,2025-02,2.8642993371543692,3.4218201600260505
H0050,2025-02,,3.7731661377607253
H0051,2025-02,4.045345827412656,3.709004363314809
H0052,2025-02,3.144017140645775,3.2414404667227594
H0053,2025-02,3.0347100213417466,3.183537465906298
H0054,2025-02,2.745857768220335,2.8697326982906524
H0055,2025-02,2.9350838055745814,3.3105455737467286
H0056,2025-02,2.642616540831116,2.8438223228712913
H0057,2025-02,2.583873915553796,3.4583832552922606
H0058,2025-02,2.0169042223920908,3.599301395247898
H0059,2025-02,2.7957418575465165,3.30741137688049
H0060,2025-02,,3.1188482064864
H0061,2025-02,2.8769544438965653,3.322876300834218
H0062,2025-02,2.564504715367305,3.452620981856902
H0063,2025-02,3.2080224862064037,2.683915569353081
H0064,2025-02,3.1913335726687064,3.336703249620621
H0065,2025-02,3.544613024787628,3.523834324138626
H0066,2025-02,3.5402069902665705,3.1868724747880743
H0067,2025-02,3.558048926304121,3.357521247516076
H0068,2025-02,3.447513364543691,2.5646587405352532
H0069,2025-02,2.9125178391873177,3.624417612950432
H0070,2025-02,3.1434969080826822,3.7123953838914776
H0071,2025-02,3.4105101993603175,3.6720325421636937
H0072,2025-02,3.48999378738234,
H0073,2025-02,2.662412256146209,2.4142620667202532
H0074,2025-02,4.028215646735635,3.530044323478811
H0075,2025-02,3.1271586315976663,
H0076,2025-02,3.2868503978784442,3.447521179289578
H0077,2025-02,3.559398838726768,2.948286797935578
H0078,2025-02,2.7943454243660244,3.253849128804795
H0079,2025-02,3.3318710400877363,2.9420548045116357
H0080,2025-02,,2.8864475862994405
H0081,2025-02,3.287748706562232,3.632224744808012
H0082,2025-02,2.4878522306881954,3.169147819441585
H0083,2025-02,3.0424544883070945,2.7686353132373807
H0084,2025-02,,3.0991481790287856
H0085,2025-02,2.297419322918439,3.026341831717852
H0086,2025-02,3.1202009721698087,3.0810001096742154
H0087,2025-02,3.0874481289913915,3.6038747866583924
H0088,2025-02,2.8319775871313566,3.150018901069478
H0089,2025-02,3.6638235645766564,3.993886562202918
H0090,2025-02,3.48975906392406,2.8061338151638715
H0091,2025-02,4.193997254510631,3.776440112895715
H0092,2025-02,3.146430434044046,3.263826958521146
H0093,2025-02,3.520409085266887,
H0094,2025-02,2.5447312479023902,3.042859078811801
H0095,2025-02,3.0124929620230145,4.344815926836202
H0096,2025-02,2.761737009987771,3.136994989387083
H0097,2025-02,2.910109846390714,4.003585357110412
H0098,2025-02,,4.101532107852123
H0099,2025-02,3.983635297163009,3.2266307552507603
H0100,2025-02,3.1839361168352394,2.85169537596274
H0101,2025-02,3.5756269011467205,3.2648907723998475
H0102,2025-02,,3.2356626080379627
H0103,2025-02,3.20354883606837,3.2165749191679245
H0104,2025-02,2.98281629289938,3.0234367483594657
H0105,2025-02,2.4321240099422337,3.9357819432878296
H0106,2025-02,,3.092635916977183
H0107,2025-02,2.7471164302931594,3.4980946400772797
H0108,2025-02,3.0825363443412055,3.6376297875132404
H0109,2025-02,3.179415808963292,3.557443093582068
H0110,2025-02,3.22630466277218,4.063609957336832
H0111,2025-02,3.2240737218927777,3.523532731899192
H0112,2025-02,3.9294059687156997,4.6940149537049045
H0113,2025-02,3.443965031538216,3.763195961650582
H0114,2025-02,2.7475778479866926,2.9623797662146227
H0115,2025-02,3.9565248471334415,4.2560702839276265
H0116,2025-02,2.44152093393298,3.232286348886534
H0117,2025-02,3.2910723008021447,3.68887080423566
H0118,2025-02,2.802904251798321,3.071792730985589
H0119,2025-02,2.0402101249212876,2.6422949082297484
H0120,2025-02,3.1518085523170747,3.169092430213424
H0121,2025-02,2.6970667167638527,3.652598970022799
H0122,2025-02,3.5761970451237337,3.0011587718152146
H0123,2025-02,3.70377880134982,3.6835271731336685
H0124,2025-02,2.370243375385473,2.7762142220797457
H0125,2025-02,3.9514358282616486,3.825285384160022
H0126,2025-02,2.1381862661952473,3.0527933674949383
H0127,2025-02,3.4793604002366565,3.558572441827982
H0128,2025-02,3.9984925495856527,3.3955684763943363
H0129,2025-02,2.5454640727014453,2.9131913658838045
H0130,2025-02,3.7852231572448214,2.2952375049067726
H0131,2025-02,3.2762559882314988,2.8718795812063647
H0132,2025-02,3.386602056651984,3.2943033208161467
H0133,2025-02,3.9114520424803536,3.730998003836756
H0134,2025-02,3.4689162677747505,4.202277743049114
H0135,2025-02,2.420977227189476,3.0184526190321166
H0136,2025-02,1.4477341603561684,2.863144323479758
H0137,2025-02,2.7132661433926035,2.8166259532768856
H0138,2025-02,2.6815229616065075,3.625173734082426
H0139,2025-02,2.6278140684817703,3.4882275064495363
H0140,2025-02,2.799067047189774,3.4645148395744108
H0141,2025-02,2.0403875334055273,3.635051061920751
H0142,2025-02,2.7132061760273243,3.283580375288212
H0143,2025-02,3.302197616425295,
H0144,2025-02,3.6351984092458025,3.048204345221504
H0145,2025-02,2.690145476637792,3.0376237079669552
H0146,2025-02,3.720138088298976,3.1684237567716
H0147,2025-02,1.9088742330967683,3.225433156502937
H0148,2025-02,2.7734440183013134,2.591526755938112
H0149,2025-02,3.3431682873340414,2.790519181514894
H0150,2025-02,3.385026857219538,2.867147147968616
H0151,2025-02,2.896706869114575,2.7465220239105848
H0152,2025-02,1.932899643103035,2.639298592214034
H0153,2025-02,4.090169085695069,3.567203718087433
H0154,2025-02,3.878915561927374,2.8710931878361534
H0155,2025-02,3.4088287990471855,3.9386346534393235
H0156,2025-02,3.409136104728169,3.4208259343815053
H0157,2025-02,3.2874070296515914,3.4936239705175267
H0158,2025-02,3.267218301388231,3.3721477618486206
H0159,2025-02,3.3883624026929997,
H0160,2025-02,3.067202256074218,3.098237576562685
H0161,2025-02,3.1661592328715744,3.6081452451803453
H0162,2025-02,3.400550386755391,3.6483841104033328
H0163,2025-02,4.411015898254624,4.170980023619981
H0164,2025-02,3.902861547948816,3.208373955751333
H0165,2025-02,3.2719821202173134,4.23491306991823
H0166,2025-02,3.2945790606691734,2.8263782874327354
H0167,2025-02,3.2679449205031217,2.406561336104707
H0168,2025-02,1.855484849485293,3.7967774039751045
H0169,2025-02,3.4026937148844785,3.903106157842738
H0170,2025-02,2.8539158439970302,3.241786271924411
H0171,2025-02,2.7842177792316045,3.826265195589198
H0172,2025-02,3.505359351687728,2.966996536773392
H0173,2025-02,3.5870336782873684,2.9249826522615248
H0174,2025-02,1.8942511608134625,3.0951574582240395
H0175,2025-02,3.167362754120334,2.9870487181513927
H0176,2025-02,4.183828360201665,3.357449232570265
H0177,2025-02,2.8733969756931583,3.095800567623165
H0178,2025-02,2.4621523999608472,2.9074629913369385
H0179,2025-02,,2.8719995584111087
H0180,2025-02,3.2044225811800287,3.505330904777009
H0181,2025-02,2.5227484122575086,3.3004666600238695
H0182,2025-02,2.474370055201924,
H0183,2025-02,3.907427916380477,2.3533048691681957
H0184,2025-02,3.269395163801502,2.962104492870024
H0185,2025-02,2.6577469351885434,2.7150433327995973
H0186,2025-02,3.6891280119700105,3.63284797195319
H0187,2025-02,2.9776891392367077,2.742174420759529
H0188,2025-02,3.2555019874818276,2.7332323068238242
H0189,2025-02,3.1667343458511663,3.5477164521078253
H0190,2025-02,3.156696440716224,3.5983480606865514
H0191,2025-02,2.81592965379212,4.109096122797384
H0192,2025-02,3.6751310697322768,3.025141455622709
H0193,2025-02,,3.2345456475917285
H0194,2025-02,,2.922675245361891
H0195,2025-02,3.3284128649730342,2.837809430758261
H0196,2025-02,2.863212400754566,3.3503954147026933
H0197,2025-02,3.155501341086133,2.707631117343673
H0198,2025-02,3.9160208806716548,3.3782313394384045
H0199,2025-02,3.3974583571392296,3.580183233850806
H0200,2025-02,2.8202097993782416,3.2696522902977234
H0201,2025-02,2.9023304184275034,3.844227803800168
H0202,2025-02,3.1410401472798015,3.366138869723668
H0203,2025-02,2.988867018435563,3.511332695554705
H0204,2025-02,2.992381964516192,3.4307415111362434
H0205,2025-02,3.828224474781094,3.8096071916876943
H0206,2025-02,2.7007160942984734,3.667285511597985
H0207,2025-02,3.7370431273281954,3.0629667703548424
H0208,2025-02,2.7700194457073257,2.871048680256002
H0209,2025-02,3.748348307070877,3.6420170884541574
H0210,2025-02,3.753500810372461,3.5615991685663415
H0211,2025-02,2.0366093342073004,2.5632643870236063
H0212,2025-02,3.0001836685931007,3.5444237355055193
H0213,2025-02,2.5312777827326087,
H0214,2025-02,,3.910791861918158
H0215,2025-02,2.8652724841766193,2.9078758527251187
H0216,2025-02,3.2908268131031964,3.686744281047782
H0217,2025-02,,3.2430490410798116
H0218,2025-02,3.7554861159075297,3.802319562101116
H0219,2025-02,2.271376455117992,3.3540064079863714
H0220,2025-02,3.0999127527961674,3.8090158823318414
H0221,2025-02,4.416600712098511,3.2817226355942726
H0222,2025-02,2.859830877456865,3.00573907475359
H0223,2025-02,2.5426773076504325,3.8592817920441123
H0224,2025-02,3.0111430198881393,3.1878098152782632
H0225,2025-02,3.2289419452265733,2.29038769762093
H0226,2025-02,2.918770199599307,3.4531190534141767
H0227,2025-02,3.570886441179073,3.3843144407856114
H0228,2025-02,2.491245638732521,2.7191115610520367
H0229,2025-02,2.743968934678178,3.715856051721284
H0230,2025-02,4.054140890548883,3.07879317160704
H0231,2025-02,3.595285379782327,3.52054779665724
H0232,2025-02,2.850080865463216,2.620655921202916
H0233,2025-02,3.38378153892491,3.114870090710807
H0234,2025-02,2.2341678316583353,3.4758635060208953
H0235,2025-02,3.2657491192658714,2.9624974399396744
H0236,2025-02,3.934129660946242,2.7812855323704255
H0237,2025-02,3.0498335390041715,3.0694028610561386
H0238,2025-02,3.284796210356003,3.6143782717265553
H0239,2025-02,3.3601736383910974,3.477892974734069
H0240,2025-02,3.376417616994551,3.9131072305354646
H0241,2025-02,2.9572901765907313,4.616580154938761
H0242,2025-02,3.2812796150191983,
H0243,2025-02,3.05685593144144,2.56655179184657
H0244,2025-02,3.557967726581592,3.855986689564121
H0245,2025-02,2.8999793740830326,2.9725927899762974
H0246,2025-02,2.6989818571208164,3.266214049482539
H0247,2025-02,2.4457994448208815,3.405955621576562
H0248,2025-02,3.534458634725743,3.6082070734570397
H0249,2025-02,2.9605018519435435,
H0250,2025-02,3.2948049645383337,3.998270821455154
H0251,2025-02,3.077686130664386,2.911864688188537
H0252,2025-02,3.4101947439126854,3.7971779440140647
H0253,2025-02,3.8117520995074523,2.5747347321670424
H0254,2025-02,3.4778696194277483,3.4830805480639246
H0255,2025-02,2.3336508675559284,3.6028088551050064
H0256,2025-02,2.812559269400899,3.113144272983141
H0257,2025-02,2.946243564155148,
H0258,2025-02,2.649741500513724,3.5509334612080834
H0259,2025-02,3.951261410432498,3.857654020677236
H0260,2025-02,3.7218586754706346,2.854945013077525
H0261,2025-02,2.7343444376612207,2.9223206707102425
H0262,2025-02,3.5799189314211564,2.8120423509027965
H0263,2025-02,3.628889986388925,3.0956026690893528
H0264,2025-02,3.145874102654326,2.718601517741157
H0265,2025-02,3.551407893470145,4.116080068672062
H0266,2025-02,2.9486531697096336,3.3480580669216695
H0267,2025-02,3.826006639004189,3.4813510337785027
H0268,2025-02,3.546184721685341,2.731100898198589
H0269,2025-02,3.402591257333639,4.195890102053185
H0270,2025-02,3.1944627878313305,3.159866751367642
H0271,2025-02,2.9197766092682613,3.221470230737788
H0272,2025-02,3.727012978235019,3.279981033659963
H0273,2025-02,3.3074766670797557,3.394306428150354
H0274,2025-02,2.8435486595486026,3.005103203864345
H0275,2025-02,3.300531586412382,2.562203137774895
H0276,2025-02,2.8496529823434433,3.5370304217540633
H0277,2025-02,3.018764008349278,3.064434958513167
H0278,2025-02,3.408264345683977,3.4626855324465184
H0279,2025-02,2.1831687013361,2.556610492938339
H0280,2025-02,3.1966337548540573,3.164035004073198
H0281,2025-02,2.622300378972665,2.9580744071343346
H0282,2025-02,2.394019310233391,
H0283,2025-02,3.4027244893964124,3.498672684841643
H0284,2025-02,3.3558254774274374,3.8700137893175905
H0285,2025-02,2.920251841182419,4.122074020752681
H0286,2025-02,2.4435431285093285,3.3280047270217863
H0287,2025-02,3.2371634649434697,3.2843799264402627
H0288,2025-02,2.4436418449532114,2.518483945191607
H0289,2025-02,3.6551807839132606,2.761346078747482
H0290,2025-02,3.2002656792939854,3.8676383412618502
H0291,2025-02,2.8634870987578043,3.158486572348648
H0292,2025-02,3.9621286668319873,3.6263995522296564
H0293,2025-02,2.6306401411708937,3.1345883607928178
H0294,2025-02,2.613059408484059,3.1622477497020007
H0295,2025-02,,3.317035342289478
H0296,2025-02,3.419449635253804,4.169183237700178
H0297,2025-02,3.8012546831276,2.6788764366141726
H0298,2025-02,3.018274277521751,2.416860870010841
H0299,2025-02,,3.131258895967695
H0300,2025-02,2.645576684297274,2.9405432998880325
H0301,2025-02,3.285211146978057,3.773929964809611
H0302,2025-02,2.57244360169182,3.7267698477937663
H0303,2025-02,,3.897484690594796
H0304,2025-02,3.102404398480252,3.654748990624138
H0305,2025-02,3.4936556212973455,3.3379500002641573
H0306,2025-02,3.3151828389534312,3.186348973819359
H0307,2025-02,3.3936632061347836,3.5790467892133893
H0308,2025-02,3.5454447046087285,2.8531117555584076
H0309,2025-02,3.4467826054526687,3.857871291725914
H0310,2025-02,2.890342925000222,3.813342961998778
H0311,2025-02,3.0899320267631927,3.058919867452549
H0312,2025-02,3.002672410177161,2.998612152484344
H0313,2025-02,4.930949733754381,3.6338600445008065
H0314,2025-02,3.0639289979317446,3.946229856098769
H0315,2025-02,3.0546356689926024,2.891109294599431
H0316,2025-02,4.470911118750881,3.9214514215211143
H0317,2025-02,3.341051838836273,3.2799982725113
H0318,2025-02,2.1445662511374946,3.0129645831509864
H0319,2025-02,4.1354406193898985,2.7891683280803345
H0320,2025-02,3.1184972561673683,2.889116720502895
H0321,2025-02,1.8639671453110234,2.845470491826754
H0322,2025-02,2.7802191320822747,3.1247495705297497
H0323,2025-02,3.019874348568469,3.335718266382373
H0324,2025-02,2.8277006664410593,2.7720919788693714
H0325,2025-02,3.006507804819227,3.1244429740420476
H0326,2025-02,3.4992529365387535,4.1121092196807165
H0327,2025-02,3.296224461948957,2.7023700117020426
H0328,2025-02,3.6119989068971243,3.078569023454632
H0329,2025-02,3.6208206752248255,3.031383694398712
H0330,2025-02,2.9775445365993454,2.979843750362367
H0331,2025-02,1.937790377936253,2.471651699383287
H0332,2025-02,2.056092212939183,4.096947896677822
H0333,2025-02,3.321274180643208,2.4546866705249912
H0334,2025-02,3.036114618643629,
H0335,2025-02,4.0392033780664445,3.8354760339309015
H0336,2025-02,3.154216907193142,2.3430200109165975
H0337,2025-02,2.7401437227583,3.990252286769678
H0338,2025-02,2.6795379002814905,3.512485647381496
H0339,2025-02,3.1660555184420973,2.866873855361046
H0340,2025-02,2.4546675281841246,3.1883741085914963
H0341,2025-02,3.9647433549761697,3.446406166039597
H0342,2025-02,2.2962683564958004,2.4397097474757174
H0343,2025-02,3.0553181414422634,3.1429368603539793
H0344,2025-02,2.272446586935415,3.1433519858529855
H0345,2025-02,3.7455085481216237,2.871862998616432
H0346,2025-02,2.770813849639508,3.315847022219556
H0347,2025-02,3.2607299696004026,3.266505689349448
H0348,2025-02,3.071448137539822,3.7642753403239837
H0349,2025-02,2.7302124616062273,2.9740570835231406
H0350,2025-02,3.204938782072112,3.5263095550113337
H0351,2025-02,3.2257720941145975,3.5918763552869937
H0352,2025-02,3.588786844527909,2.712084737007293
H0353,2025-02,3.554021225071613,3.4503948320786804
H0354,2025-02,,2.8633132338451763
H0355,2025-02,3.2362179875647494,3.027390237423147
H0356,2025-02,2.7171259550830063,3.3480190518181665
H0357,2025-02,3.0607221006075545,3.4043338856665453
H0358,2025-02,2.6669769125999268,3.3126544040822297
H0359,2025-02,3.037194992459682,3.7086000518400035
H0360,2025-02,3.4072500915136783,3.474052384547697
H0361,2025-02,3.4761169915141257,3.1705469907038166
H0362,2025-02,3.737767977774638,4.0413187704304345
H0363,2025-02,3.8492371974391193,3.8032923370387923
H0364,2025-02,2.9305335533851293,3.6800148764424168
H0365,2025-02,,2.8039387898017964
H0366,2025-02,3.264063647446386,3.2424638749949475
H0367,2025-02,3.5200000764771153,3.7526269554838176
H0368,2025-02,3.79867662744951,3.270561864170656
H0369,2025-02,3.596833066351705,3.7204314838477477
H0370,2025-02,2.954001465214229,3.4531946877532014
H0371,2025-02,2.8047703593589666,1.8279912674579866
H0372,2025-02,3.634859098923007,2.96093107698448
H0373,2025-02,2.7155309884106935,4.150585339866143
H0374,2025-02,3.12317529421067,2.4302438326358806
H0375,2025-02,3.294848701605062,2.836407829273269
H0376,2025-02,3.795433337597405,3.2905895104037564
H0377,2025-02,3.1545399212685217,2.6174872521042576
H0378,2025-02,2.402884439225994,3.1680482546737205
H0379,2025-02,3.3274321336503134,2.7050391472708006
H0380,2025-02,3.1277541138966605,3.261653270975047
H0381,2025-02,3.5175060933444184,3.559359802048599
H0382,2025-02,2.7310582838253388,3.2185365083114474
H0383,2025-02,3.2548642570124864,2.90916611828845
H0384,2025-02,3.0747345271597624,3.6479441598343834
H0385,2025-02,2.7244448316557985,3.24107603184272
H0386,2025-02,2.814694496789977,3.7782755348455246
H0387,2025-02,,3.241884131684982
H0388,2025-02,2.4361271897633783,3.1230692203369212
H0389,2025-02,3.022370530209485,3.313325473673281
H0390,2025-02,3.231553734745483,3.6864853669675965
H0391,2025-02,3.3720278192803406,3.6321790013400292
H0392,2025-02,3.695836481224717,3.6143439188304485
H0393,2025-02,4.198739584670503,3.5551276973883565
H0394,2025-02,2.11038543623269,3.317478247568768
H0395,2025-02,3.1795282128904496,2.7633343999572584
H0396,2025-02,3.409421682442347,2.5097522102658667
H0397,2025-02,2.8164745170023697,3.025319788865291
H0398,2025-02,3.0582448654022616,2.9676076923652763
H0399,2025-02,2.5005615685953297,3.0344983152684906
H0400,2025-02,3.241956654562614,3.1431217518759578
H0401,2025-02,3.316719786552839,4.3831259140778105
H0402,2025-02,2.8588443411039224,3.1501677732019253
H0403,2025-02,3.275325058504457,2.206738551864949
H0404,2025-02,4.342661732174581,3.5907922746893526
H0405,2025-02,2.80129799247962,3.7968635745961232
H0406,2025-02,3.4820246518409075,3.6192429265011006
H0407,2025-02,,
H0408,2025-02,3.4430669386682924,3.0504251861928022
H0409,2025-02,3.7669799310546783,3.196486970995729
H0410,2025-02,3.5958930733136185,2.832295434235224
H0411,2025-02,2.848474146907507,2.981797193480587
H0412,2025-02,2.2109443619761926,3.0897824230989053
H0413,2025-02,3.0388072223615055,3.6510873747273114
H0414,2025-02,3.101830501883643,4.488995925105557
H0415,2025-02,1.9107978604949392,3.40262269517554
H0416,2025-02,3.654008827354721,3.603398323549703
H0417,2025-02,3.210396979567401,2.6432672768528236
H0418,2025-02,3.071358067904772,3.119324307880131
H0419,2025-02,3.0508761004060445,4.09733870608479
H0420,2025-02,2.6852029692116726,3.051738108837889
H0421,2025-02,3.4010990294439005,3.0151705294367566
H0422,2025-02,3.3805238854475874,4.675984039531786
H0423,2025-02,4.333912020218683,4.024109943607379
H0424,2025-02,3.6029374345934677,3.8040701298514694
H0425,2025-02,3.25101581564726,3.128217482354026
H0426,2025-02,2.838313532611027,3.2578747713555343
H0427,2025-02,,4.345382176833032
H0428,2025-02,,3.9376891892558876
H0429,2025-02,3.828681067659452,3.257878144643622
H0430,2025-02,2.911158802306985,2.3760214484376156
H0431,2025-02,3.0947739001418437,3.0923940861254926
H0432,2025-02,2.975062390263451,3.550427348839587
H0433,2025-02,3.2008560890238362,4.024148568457571
H0434,2025-02,3.1030834508296077,3.2258499069563036
H0435,2025-02,3.1222346100951017,3.1644941192639298
H0436,2025-02,3.4361344264646396,3.642863816064291
H0437,2025-02,3.2561585502170147,3.0896524969435637
H0438,2025-02,2.4277643556526156,2.859103930311934
H0439,2025-02,3.037520307999916,3.354417044280071
H0440,2025-02,2.710861817147614,3.0399483821859565
H0441,2025-02,3.5603200091644345,4.044472769271814
H0442,2025-02,2.877336554596897,3.5395289013047995
H0443,2025-02,3.589350124777497,3.0686751489132056
H0444,2025-02,3.0427852055464335,3.2627612053894364
H0445,2025-02,3.959633832552804,4.555567161179298
H0446,2025-02,3.0506846896644344,
H0447,2025-02,3.3832408287965023,2.589039982733801
H0448,2025-02,3.617742909545983,2.8662261579105257
H0449,2025-02,3.94517126967829,3.683457734968316
H0450,2025-02,3.455616711477843,3.820043424911992
H0451,2025-02,4.3627115260523315,3.3277172827734125
H0452,2025-02,3.113737910917004,3.0852395406041175
H0453,2025-02,2.2772270446189826,2.8784602832730695
H0454,2025-02,3.419714137092473,2.904869314630929
H0455,2025-02,3.655843717496201,4.115933583762999
H0456,2025-02,3.5823870233552357,3.465831814057964
H0457,2025-02,2.5977150196193275,3.3498236645512556
H0458,2025-02,2.977660995820705,3.667612088020009
H0459,2025-02,2.518439612267997,3.6616586213321636
H0460,2025-02,2.4635886946994043,2.9095850715667337
H0461,2025-02,,2.9935946790093553
H0462,2025-02,3.7018361039727754,3.6396575261935804
H0463,2025-02,2.663754882636168,3.1510997370687677
H0464,2025-02,3.122267270561783,3.350436168238154
H0465,2025-02,3.0732205491807485,2.486992660505401
H0466,2025-02,2.526724497201515,3.288618338880796
H0467,2025-02,2.6172543020669075,3.761592043775299
H0468,2025-02,3.725958622234838,3.677762185411231
H0469,2025-02,2.802054501199105,2.943308152590836
H0470,2025-02,2.2134451313426853,3.9455860660053363
H0471,2025-02,2.356670284814742,2.6949643018753515
H0472,2025-02,2.0585031344978475,3.231153517169681
H0473,2025-02,3.9582873783883112,3.8213403734013633
H0474,2025-02,3.045305615911447,3.5013084033147597
H0475,2025-02,2.7772888252643186,3.994334357770003
H0476,2025-02,3.530349063557616,3.0481658866845454
H0477,2025-02,3.688748470334602,3.065380353891397
H0478,2025-02,2.854038586676769,3.0685605500259627
H0479,2025-02,3.712725357126747,3.6471208441746468
H0480,2025-02,2.9878161418113036,3.242193209884113
H0481,2025-02,2.4656491896505206,3.3002680209181734
H0482,2025-02,3.791077180882956,3.086994503975503
H0483,2025-02,2.4974074507230637,3.1976390153198815
H0484,2025-02,3.1723153597057565,3.2899781921552806
H0485,2025-02,3.639602528630707,2.9162157364980086
H0486,2025-02,3.012034906741986,3.0081412034714163
H0487,2025-02,3.263518053810306,3.1222024007188325
H0488,2025-02,3.264979406881907,3.467333570575984
H0489,2025-02,2.3718854465148937,3.2319317261878506
H0490,2025-02,3.318979047783556,2.887266189645259
H0491,2025-02,3.2529030469723965,3.075398630701827
H0492,2025-02,2.9676999670137305,4.139839987824063
H0493,2025-02,3.312868793379628,
H0494,2025-02,3.6093611420030394,3.141095648200768
H0495,2025-02,3.171749035522385,3.329711145053315
H0496,2025-02,2.6488033077576256,2.3710131013955245
H0497,2025-02,2.8938020853273985,3.2128758998747395
H0498,2025-02,2.959107271229834,3.695765707721056
H0499,2025-02,2.7562901879764885,3.2239787929343224
H0500,2025-02,4.25780049352611,2.811085413203162
H0501,2025-02,1.870081837997669,2.561439642723113
H0502,2025-02,2.651131653771496,2.772960296119482
H0503,2025-02,3.294781876527653,3.171334803570876
H0504,2025-02,3.4100301024109583,4.137485084389527
H0505,2025-02,2.5230049088984168,3.0503328898945963
H0506,2025-02,2.7887407856007256,
H0507,2025-02,3.3131223272760137,3.450003662332139
H0508,2025-02,2.3837484518299474,2.8574769800662927
H0509,2025-02,2.3506088755468317,2.170605784087923
H0510,2025-02,4.039002613236762,4.361233500519297
H0511,2025-02,3.833988185419717,3.867017241385169
H0512,2025-02,3.1299746460030637,3.76612954955058
H0513,2025-02,3.8038367319271513,3.7116156525976876
H0514,2025-02,3.369196982541168,3.9655052885244673
H0515,2025-02,2.876668086531746,2.7936967110949236
H0516,2025-02,2.342409382613596,3.1102509257505853
H0517,2025-02,3.3690555331279928,3.4957466600588294
H0518,2025-02,3.0474451275855157,4.05050131065057
H0519,2025-02,3.826770773732379,3.788904766838246
H0520,2025-02,,3.415117616442438
H0521,2025-02,3.346200393658424,3.089576908781068
H0522,2025-02,2.6795343277323047,2.7175484163459727
H0523,2025-02,2.723638737380737,3.1836369134339195
H0524,2025-02,3.2126664787636563,3.1158579976969243
H0525,2025-02,2.948210245108327,3.6375894454607938
H0526,2025-02,2.9992709123439143,3.356923139665505
H0527,2025-02,3.116519345628313,3.9463577422722325
H0528,2025-02,3.0817163653032433,3.68512198421191
H0529,2025-02,2.7854727984076644,3.042527994769124
H0530,2025-02,2.137232425290236,3.8330658444594676
H0531,2025-02,3.8415861556357687,2.865493349718678
H0532,2025-02,2.522857150700056,
H0533,2025-02,3.0188828347805026,2.6748720152287095
H0534,2025-02,2.1157570995837767,2.808904240171192
H0535,2025-02,3.2092678096578453,3.3173134130528714
H0536,2025-02,3.2587622242179446,3.07658340009779
H0537,2025-02,3.764617453618243,3.244376319564028
H0538,2025-02,3.496195030346204,3.3353276175191713
H0539,2025-02,3.4526198878917747,3.4977108703300934
H0540,2025-02,2.5073115599341205,3.061116900209587
H0541,2025-02,3.1264813049086704,
H0542,2025-02,,3.307947579906506
H0543,2025-02,3.2015858803656636,2.9713528215130935
H0544,2025-02,3.5413363871241788,2.543127557911991
H0545,2025-02,3.355813753495014,3.7624298624489585
H0546,2025-02,2.9374564581947284,3.174833625627939
H0547,2025-02,2.6583746285817296,3.128089647187255
H0548,2025-02,3.4204377196202334,3.9703023574164056
H0549,2025-02,3.1692002007034006,2.6396000857326096
H0550,2025-02,3.1826029211473146,2.80147917520931
H0551,2025-02,,3.1930596109235228
H0552,2025-02,3.2006053572619106,3.2590852668374124
H0553,2025-02,2.6426856807541594,4.322230578513741
H0554,2025-02,3.1322598639756984,2.990309546460437
H0555,2025-02,3.8041672853865047,3.5814455913014784
H0556,2025-02,3.890654336555281,3.2878492903157475
H0557,2025-02,3.203442678904411,2.9682190386302496
H0558,2025-02,2.5095234848341716,2.40259195219798
H0559,2025-02,3.0134145631794538,2.814192545956473
H0560,2025-02,3.6404462227960486,3.242287375802666
H0561,2025-02,3.8114536052675616,4.0105987129126826
H0562,2025-02,2.4825734987008223,2.936641986587449
H0563,2025-02,2.794197247243161,2.6873259603338817
H0564,2025-02,2.152540826450828,
H0565,2025-02,3.6513952256672018,3.1798338261306913
H0566,2025-02,3.0083969181927586,3.4996480752386
H0567,2025-02,3.0913427929594905,3.75221313088598
H0568,2025-02,3.93490622313013,3.3716136626367676
H0569,2025-02,2.7472373238609245,2.795450275045216
H0570,2025-02,2.920198139431213,2.995638697574598
H0571,2025-02,2.8899533115491223,3.502602017901626
H0572,2025-02,2.230040087125596,2.545393584241052
H0573,2025-02,3.016135335264408,2.9567491159489387
H0574,2025-02,2.820822810491015,2.318568413434571
H0575,2025-02,2.026715663927523,3.3219086094083354
H0576,2025-02,3.4646313096366352,2.8487876900135407
H0577,2025-02,2.9397634565005744,3.003993692379404
H0578,2025-02,3.2928543955780456,3.068444312510586
H0579,2025-02,3.3135718898020134,2.8405104538716754
H0580,2025-02,,3.5811135169796904
H0581,2025-02,3.8053601539630293,2.9913322367958886
H0582,2025-02,3.4551608066289825,4.091419996910797
H0583,2025-02,3.7046564715404617,3.96325071438226
H0584,2025-02,,3.4913234322496693
H0585,2025-02,2.396124642143579,3.1693938280578253
H0586,2025-02,2.7029960247971543,3.3995488917552237
H0587,2025-02,3.052232901850279,3.554750710871686
H0588,2025-02,3.4135291249984316,3.491742775350559
H0589,2025-02,3.0018750894991277,4.1147236833941205
H0590,2025-02,2.240567767277654,2.9213588344138843
H0591,2025-02,2.5329183784585063,3.339735059294774
H0592,2025-02,2.81238609189184,2.476445557644472
H0593,2025-02,3.546879906415423,3.312520224344289
H0594,2025-02,3.911840546087632,3.4436674695144256
H0595,2025-02,3.7833974847465566,3.6177882977786475
H0596,2025-02,,3.6346713674066353
H0597,2025-02,2.5441908407785006,3.6248178611906052
H0598,2025-02,2.0779539674489724,2.597189930164356
H0599,2025-02,2.6535449731084904,3.410075534025832
H0600,2025-02,2.903102451219611,3.9253936981261632
C0001,2025-02,2.6752497774809205,2.6972353880466096
C0002,2025-02,3.3794049799982817,2.955256507028914
C0003,2025-02,3.291307712439159,3.249437937328033
C0004,2025-02,2.8692524903309566,2.997088397035391
C0005,2025-02,2.77048630428564,3.0792936386866216
C0006,2025-02,2.5010635730804105,3.9507610711409566
C0007,2025-02,2.837514634883534,4.337636493678802
C0008,2025-02,2.7618688146334054,
C0009,2025-02,4.259131380650793,4.218169178655742
C0010,2025-02,3.6716701739656568,2.8679763600607515
C0011,2025-02,2.396886069490355,3.481202989444488
C0012,2025-02,3.2231003976581754,
C0013,2025-02,2.642551443339153,3.0803916537413167
C0014,2025-02,3.298505914604158,3.256823744039741
C0015,2025-02,3.092136941838848,3.821794509442667
C0016,2025-02,2.8025777695448473,3.1754706637348336
C0017,2025-02,3.69713198166758,2.7522992116557017
C0018,2025-02,3.3940004780927397,2.8789931744001667
C0019,2025-02,3.742104738497018,2.831446282240418
C0020,2025-02,3.486863498489945,3.569708002701281
C0021,2025-02,2.9942137959370445,3.557713665322785
C0022,2025-02,2.323914030733422,
C0023,2025-02,3.019535648531606,3.3951739920633357
C0024,2025-02,2.860778168141002,2.904315398167444
C0025,2025-02,2.8644049800752205,3.367021428544436
C0026,2025-02,2.9481210607442514,4.0198776987869165
C0027,2025-02,2.7242363295483307,3.1666042275443504
C0028,2025-02,3.864267093500792,2.982531393268085
C0029,2025-02,1.9241973446065241,2.960606298392131
C0030,2025-02,2.5209319236639973,3.0307959197355356
C0031,2025-02,3.236497199799197,3.669184185152162
C0032,2025-02,2.100064981119165,2.730926037306586
C0033,2025-02,2.5482685626950814,3.4592325762261544
C0034,2025-02,3.9941165427109273,3.1108673874382187
C0035,2025-02,3.33252604633454,2.970243138293658
C0036,2025-02,4.533711351809164,3.589297036360581
C0037,2025-02,2.112616963546646,3.0166126748361424
C0038,2025-02,4.063751031449294,3.620138819632154
C0039,2025-02,2.2122622737125512,2.8400147421547106
C0040,2025-02,3.3235377868375977,2.667241664379575
C0041,2025-02,1.9121874011519484,3.031899129789812
C0042,2025-02,3.0937706601230004,3.2782799824410436
C0043,2025-02,3.6591980245122486,3.896846020864236
C0044,2025-02,3.2114569525071075,3.5039127823044867
C0045,2025-02,2.307855660416492,3.490058790709199
C0046,2025-02,2.808029476325963,2.6161977486444643
C0047,2025-02,3.5274035188139905,3.97583699268892
C0048,2025-02,2.30861959854462,3.284677807163712
C0049,2025-02,2.9205103858102146,
C0050,2025-02,3.1560151656839133,3.794462920769792
C0051,2025-02,3.1862894097930727,3.3204523806914743
C0052,2025-02,2.4208340670491046,3.8441903429252804
C0053,2025-02,2.6368707691070092,2.815540508308335
C0054,2025-02,3.5126696725330873,
C0055,2025-02,3.1775439759317847,3.7478311835473694
C0056,2025-02,2.880854773096063,3.571480952275358
C0057,2025-02,3.4178713738562934,2.632343035595435
C0058,2025-02,3.8981941211919606,4.370037248285183
C0059,2025-02,3.174352446278139,3.765494932612599
C0060,2025-02,3.0848303298646242,3.509527122708237
C0061,2025-02,,3.0798074638019495
C0062,2025-02,3.9132925217028642,3.2578291738199643
C0063,2025-02,3.527797923738222,3.514316869114685
C0064,2025-02,3.9530374852900283,4.127241739912818
C0065,2025-02,3.0720908969961944,4.299752703060754
C0066,2025-02,3.2506405147333837,3.069583395975891
C0067,2025-02,3.138804057055565,2.926440840664549
C0068,2025-02,3.432202783407622,2.9520298174326522
C0069,2025-02,2.4441275238849727,3.7922067065914122
C0070,2025-02,2.871927267602189,2.7062784830470292
C0071,2025-02,3.5932118093975025,2.811994448562382
C0072,2025-02,3.405412718194117,3.0076147270741256
C0073,2025-02,2.9857816002874618,3.5035138903739718
C0074,2025-02,3.3456877313745244,4.048153221522191
C0075,2025-02,3.54102945475383,2.9660849424780396
C0076,2025-02,3.450646883903125,3.5616590579756533
C0077,2025-02,3.382666386825554,3.3680636357140257
C0078,2025-02,3.000560856543161,3.0111088489703324
C0079,2025-02,3.0393044458463323,2.7336021467804263
C0080,2025-02,3.4045624925319125,3.2789441365369356
C0081,2025-02,3.735319198953318,
C0082,2025-02,3.73530849532078,4.354395500572661
C0083,2025-02,3.48175189732019,3.2393618183320387
C0084,2025-02,3.1567291842966907,3.8738176413598424
C0085,2025-02,2.334674513831038,2.7327632077812947
C0086,2025-02,2.982783766638582,3.355246777318361
C0087,2025-02,3.301798659327599,2.395272099474271
C0088,2025-02,3.414232807164077,3.586194355517646
C0089,2025-02,3.0188589086153734,3.1847684353722783
C0090,2025-02,3.2686502602534153,3.350108832966676
C0091,2025-02,3.4554543704599365,3.414562960428189
C0092,2025-02,3.523275739860604,
C0093,2025-02,3.507786629634169,3.0754059995384684
C0094,2025-02,3.209516421570549,3.7494841782505
C0095,2025-02,3.5217149351799355,3.0894236327036455
C0096,2025-02,2.293240670062679,3.1625097647697804
C0097,2025-02,2.4803902580515538,3.195187993345507
C0098,2025-02,2.1121993729349025,3.684640061071951
C0099,2025-02,2.7125428942033976,3.382231480806115
C0100,2025-02,2.8665250312785897,3.916678605886136
C0101,2025-02,2.2073984218292755,3.3347618818836917
C0102,2025-02,,
C0103,2025-02,3.0655020975592895,4.305472705913046
C0104,2025-02,2.623065844559358,2.9590413995709337
C0105,2025-02,2.887095645491707,3.833862798223329
C0106,2025-02,3.2784251390819947,2.9840820199739313
C0107,2025-02,3.5605499726893863,3.365364330168926
C0108,2025-02,3.0809597684275754,3.2118096729321706
C0109,2025-02,3.327003391306187,3.3625014770981556
C0110,2025-02,1.9115863275825524,
C0111,2025-02,2.9915867571568824,3.4156835986027203
C0112,2025-02,3.415879791133303,3.1734684025108555
C0113,2025-02,,3.871940373202758
C0114,2025-02,3.476849415661565,2.6678448656392195
C0115,2025-02,3.7707133162239144,2.477816577236604
C0116,2025-02,2.827651968388053,3.701290481135272
C0117,2025-02,2.609590407799104,3.2461265436336006
C0118,2025-02,3.9707918382797702,3.702133970999699
C0119,2025-02,3.6649471165342797,3.4479845198093364
C0120,2025-02,3.766948563319021,3.7438540810050887
C0121,2025-02,2.1969879794921505,2.888790760161364
C0122,2025-02,3.072109946692332,3.1960103309261307
C0123,2025-02,3.8739091023243977,3.6223197336637334
C0124,2025-02,3.131508105295309,3.080660836530332
C0125,2025-02,3.577810049490718,
C0126,2025-02,3.3090931664922842,2.732747833410194
C0127,2025-02,2.07455981526324,3.8170803227111025
C0128,2025-02,4.023296250765883,2.534762694307786
C0129,2025-02,3.115003469829811,3.0537016095704184
C0130,2025-02,2.4527311461675065,2.6552562569889324
C0131,2025-02,3.216524649537853,3.6117597444945515
C0132,2025-02,3.481796091409813,3.8013688672037684
C0133,2025-02,3.3442417141874135,
C0134,2025-02,2.686097316419009,3.226729315880213
C0135,2025-02,2.8791837424791007,2.9737291914112323
C0136,2025-02,3.2546819456413285,3.22259847516685
C0137,2025-02,2.9876278340785514,3.2680924889733984
C0138,2025-02,2.626176750048672,3.724867903054638
C0139,2025-02,,3.1022691220256795
C0140,2025-02,3.30211329504002,4.045433468080924
C0141,2025-02,,3.308727921790715
C0142,2025-02,3.772295468798626,3.611394534384156
C0143,2025-02,3.428104324929734,2.9167503233548655
C0144,2025-02,3.7795597276311717,3.831493236463232
C0145,2025-02,2.9834553365567,3.4096372805971704
C0146,2025-02,2.6541080780821864,3.125669865626974
C0147,2025-02,2.8403600732274272,2.8059127940869204
C0148,2025-02,3.7758005040122526,3.878771019259777
C0149,2025-02,,2.9357172304148875
C0150,2025-02,3.1816591486898695,3.1271867058460976
C0151,2025-02,3.3653358250184984,3.5315519645907787
C0152,2025-02,3.1205591659855942,3.002245313334289
C0153,2025-02,3.300466283328913,3.7805429280501386
C0154,2025-02,2.9447526533235546,3.25389417687981
C0155,2025-02,2.8882126761503266,3.3132770632556947
C0156,2025-02,3.3386345130477837,4.095184329395432
C0157,2025-02,3.3393650881668036,3.6361517106453247
C0158,2025-02,2.6659906935551385,3.922203174063965
C0159,2025-02,2.7540817256528376,3.5449055717519466
C0160,2025-02,2.643454541773557,2.439947938146812
C0161,2025-02,2.6096669672380273,2.859639791075133
C0162,2025-02,3.0768125967720663,3.014869393355303
C0163,2025-02,2.7970242453553693,3.5025700140239486
C0164,2025-02,2.6043025737728303,4.225187204535169
C0165,2025-02,3.6634642190817877,3.2944681058671557
C0166,2025-02,2.600713363296927,3.0177920413636365
C0167,2025-02,2.1144369181979643,3.1921634435765167
C0168,2025-02,3.7059999214464745,3.7595304816168196
C0169,2025-02,2.973683042815575,3.5507177167121933
C0170,2025-02,,3.648818520689268
C0171,2025-02,3.1425980702931184,3.009515072189827
C0172,2025-02,3.4841992217031286,4.1737683544302095
C0173,2025-02,3.1744218244158033,3.1426681278700386
C0174,2025-02,2.463041476123914,3.0764469168967215
C0175,2025-02,2.597399121983058,3.8461283209802994
C0176,2025-02,2.445260327277435,3.6901839689935105
C0177,2025-02,2.9823800791152464,3.173376185105992
C0178,2025-02,,3.4129597007326837
C0179,2025-02,2.6115756450119605,3.0568306242304826
C0180,2025-02,2.379331045676627,3.1346731089374686
C0181,2025-02,2.7796680928965998,3.4334378261068856
C0182,2025-02,2.583591284231713,4.129300439391538
C0183,2025-02,3.26514228792109,3.7668316510472297
C0184,2025-02,2.900832870004802,3.6994999131080286
C0185,2025-02,3.613247182705405,3.652922067467381
C0186,2025-02,2.77558517610919,2.7556290138879906
C0187,2025-02,3.0936573947879786,3.3883162640083313
C0188,2025-02,2.9879632794998963,3.1334516332364264
C0189,2025-02,3.2717562680219228,3.347411972416458
C0190,2025-02,2.6980767670141743,2.792972926250022
C0191,2025-02,,2.987805631784261
C0192,2025-02,4.403260717108987,3.295060969325946
C0193,2025-02,4.055005487466295,3.615831683182613
C0194,2025-02,3.3590652896582722,4.1422058714745775
C0195,2025-02,3.5755431899108814,2.8940112121295316
C0196,2025-02,3.9336302857052616,3.2529830205146166
C0197,2025-02,2.6962042177159504,3.1362388542037065
C0198,2025-02,2.3534466209275333,3.3669145366086717
C0199,2025-02,2.9109243017750726,2.6060305881538564
C0200,2025-02,2.9999829101630064,3.806025784203614
C0201,2025-02,1.9370194861103298,3.579058875378149
C0202,2025-02,3.216997746414739,4.449479949465785
C0203,2025-02,3.008375855387181,2.9978166913008577
C0204,2025-02,2.517271483374806,3.3801624026947814
C0205,2025-02,3.9161552974939453,2.9192424686295473
C0206,2025-02,3.3189535118120044,4.182332191239378
C0207,2025-02,2.975198980446075,3.271487112681971
C0208,2025-02,3.3895601702767224,3.533917458366559
C0209,2025-02,2.5363383383267157,
C0210,2025-02,2.7394666180960776,3.8421163143574883
C0211,2025-02,1.8988860666034613,2.977917666636712
C0212,2025-02,3.4956268790194693,3.465131637993532
C0213,2025-02,3.5817551647279355,3.942120719870177
C0214,2025-02,2.9080042099906622,2.8796942445396136
C0215,2025-02,3.142099591711835,3.388430300386573
C0216,2025-02,,3.233530992282472
C0217,2025-02,3.3918444830614574,3.5336033376608595
C0218,2025-02,2.7612472093528386,3.3400004477938685
C0219,2025-02,3.3126828759883162,3.0490421763077102
C0220,2025-02,3.857709671191821,2.886360578890129
C0221,2025-02,2.5729268907102165,3.6801712743823787
C0222,2025-02,3.04726751427741,3.076650490534572
C0223,2025-02,2.7851111617205158,4.193613265285269
C0224,2025-02,2.7081826941266938,3.4238443454604206
C0225,2025-02,2.786192366126553,2.8838450013484542
C0226,2025-02,3.7316249884872597,2.8790761568307035
C0227,2025-02,2.8366287950732127,3.300394746112395
C0228,2025-02,3.1878280323046035,3.407729234380105
C0229,2025-02,2.02628059218985,3.0286755076244605
C0230,2025-02,3.2503135441252304,3.020508121251228
C0231,2025-02,2.679168186950184,2.0193149589626307
C0232,2025-02,3.803224431124797,
C0233,2025-02,2.6295482749503614,2.2226936128528987
C0234,2025-02,2.2720069015488438,2.8133167155021255
C0235,2025-02,2.9211092084583985,3.4267127309824743
C0236,2025-02,2.4512002606546597,3.564337790889811
C0237,2025-02,3.155025891311015,2.288212538282956
C0238,2025-02,3.529378304190589,2.7587060669721457
C0239,2025-02,3.003626789814971,3.521880029855654
C0240,2025-02,,2.949230335285051
C0241,2025-02,3.246920938655183,3.5498056789863335
C0242,2025-02,3.162691915129319,
C0243,2025-02,2.619464672845302,3.11308092465326
C0244,2025-02,2.944485440605465,3.666716183558938
C0245,2025-02,,4.468314810904076
C0246,2025-02,2.927916135556119,3.0385741662905166
C0247,2025-02,2.871332637775823,3.5507325077926044
C0248,2025-02,3.0268354697677764,4.119515614230539
C0249,2025-02,2.9568784625786906,4.358967286273565
C0250,2025-02,3.380155842549153,2.9989579771300683
C0251,2025-02,2.6243024580036103,2.9879470200290115
C0252,2025-02,3.1382078310049475,2.6736932872791046
C0253,2025-02,3.0808702089267044,2.823490311215583
C0254,2025-02,3.4612468365182822,3.133208948424966
C0255,2025-02,2.714473551014498,3.6298752728195276
C0256,2025-02,3.3481557067318333,2.9144011748994365
C0257,2025-02,3.533537029959976,3.3344936682394586
C0258,2025-02,2.7945611929633554,3.388341515865362
C0259,2025-02,3.1592308943662237,2.8623913915751737
C0260,2025-02,3.260002031162464,3.6260239066739324
C0261,2025-02,3.4321211550242916,3.230510227685669
C0262,2025-02,3.156150325136071,3.147593583091187
C0263,2025-02,2.548133185679278,2.6559866828903718
C0264,2025-02,2.627128685853963,2.958224233650369
C0265,2025-02,3.805325600336506,3.857842814358535
C0266,2025-02,3.085352547844981,2.752717345984438
C0267,2025-02,2.4613013411112425,3.6230529243535092
C0268,2025-02,2.9927997128253634,3.1458683379374457
C0269,2025-02,3.3529983154342404,2.7617072143087107
C0270,2025-02,3.503770372594267,3.389078839402221
C0271,2025-02,2.8366711568992815,3.5194275647875997
C0272,2025-02,3.999645981010235,4.333076440829862
C0273,2025-02,2.7565866896414786,4.104905486806224
C0274,2025-02,2.013177228351811,2.7437728655803126
C0275,2025-02,2.3320444834347933,3.529534171786356
C0276,2025-02,2.4899227078753747,2.8789368576394634
C0277,2025-02,3.3327154593860984,3.077862504687034
C0278,2025-02,3.374913651737564,4.034939903092683
C0279,2025-02,3.0116117728805856,
C0280,2025-02,2.6765679311079653,3.290834643048742
C0281,2025-02,3.111938290652329,2.4818307132703388
C0282,2025-02,2.4587392958758003,2.98402960757693
C0283,2025-02,3.2966521828297415,3.0581170949731207
C0284,2025-02,3.194862588557328,3.357998854451357
C0285,2025-02,2.3690560922966792,
C0286,2025-02,3.93889488633261,4.075567307253566
C0287,2025-02,2.163839022993147,2.849878673695576
C0288,2025-02,3.5938205172078765,4.170529538741878
C0289,2025-02,3.798168020096613,3.490805689228182
C0290,2025-02,2.5536471477135727,3.2006464669100105
C0291,2025-02,3.313492252215535,3.3250055109974803
C0292,2025-02,2.5576158780972063,3.2715741573483292
C0293,2025-02,3.479009856483841,3.8073645804742524
C0294,2025-02,,3.9980767235940444
C0295,2025-02,3.2574340818189906,3.35088452692939
C0296,2025-02,2.80005548465579,3.3119721057254528
C0297,2025-02,2.9861452988370027,3.075313320895187
C0298,2025-02,3.0611433680468574,3.8551962535421183
C0299,2025-02,3.4058014082275108,3.4304393962873143
C0300,2025-02,3.973828680583672,3.107839590610332
C0301,2025-02,4.05768971864618,2.7522320034998526
C0302,2025-02,3.6546881120315833,3.492301478276135
C0303,2025-02,3.1151796570246093,3.8470855172645093
C0304,2025-02,3.547628206331219,3.9422357098873966
C0305,2025-02,3.114290968051617,2.6632884467109057
C0306,2025-02,2.831364096172334,3.580592212117889
C0307,2025-02,3.625397739142964,3.3050318522593614
C0308,2025-02,3.643065530260336,3.953087604290771
C0309,2025-02,2.848170685959146,3.570629182286598
C0310,2025-02,3.7717713048585875,3.3848498379827134
C0311,2025-02,3.220232551933394,3.496895990409736
C0312,2025-02,2.1643206706070237,1.8184223001853979
C0313,2025-02,2.9718860514889447,2.765276509578495
C0314,2025-02,2.7491874161713037,2.668566245224619
C0315,2025-02,1.6714307678123121,2.804926705457158
C0316,2025-02,2.5283888925053404,2.752511624431454
C0317,2025-02,3.4998527457040502,2.997799565586583
C0318,2025-02,2.998883571884762,3.279824388562017
C0319,2025-02,3.461976395834472,3.283583135151647
C0320,2025-02,3.4680384652167584,
C0321,2025-02,2.19266756387479,2.822399294293409
C0322,2025-02,3.784389735386938,3.0836220431997483
C0323,2025-02,3.0000725158023025,3.2438498996064498
C0324,2025-02,,2.236912889683197
C0325,2025-02,4.3328528341376495,3.591605526842063
C0326,2025-02,3.52664912333071,3.389413213774722
C0327,2025-02,,
C0328,2025-02,2.5835646500447744,2.5267105453594607
C0329,2025-02,2.7353469977640095,3.0950952585441223
C0330,2025-02,2.5539243370135996,3.536876765832318
C0331,2025-02,3.7647079855407957,2.6916148676284317
C0332,2025-02,3.2212498297847345,3.189158104164023
C0333,2025-02,2.92324020579168,2.4500898747693216
C0334,2025-02,2.9608615999949044,3.0922100717525214
C0335,2025-02,3.4078229928801282,2.9603612463706463
C0336,2025-02,2.8581222521342156,3.9885529391853165
C0337,2025-02,3.9944443813758634,3.231921692222708
C0338,2025-02,3.3447104755230974,
C0339,2025-02,2.302884567274686,3.5816270004643047
C0340,2025-02,3.4874772254950672,3.2570343527405803
C0341,2025-02,3.7386648968699525,3.8131585533489822
C0342,2025-02,3.258041181059469,3.032061326310401
C0343,2025-02,4.267086694326938,3.6491464441132084
C0344,2025-02,3.3530318397094585,3.523387411967006
C0345,2025-02,3.088597359181292,2.837940514961746
C0346,2025-02,2.627564136755477,3.534115284228211
C0347,2025-02,3.0358304703507493,3.1662133524084535
C0348,2025-02,2.986892643347309,2.25074919573719
C0349,2025-02,2.998049029688296,3.28138181171155
C0350,2025-02,3.540909190489948,3.6726279596543634
C0351,2025-02,3.553678576949428,3.336284875595228
C0352,2025-02,3.0141734124424975,3.433885218602676
C0353,2025-02,3.5268500225016624,2.6862586617697355
C0354,2025-02,3.426608324712075,3.285055427201973
C0355,2025-02,2.4814477630485157,2.876306024660963
C0356,2025-02,3.14346953517477,3.6974757580923234
C0357,2025-02,3.313351083443188,3.186095883295645
C0358,2025-02,3.7541303830057187,
C0359,2025-02,3.2125798426136214,3.196446926462084
C0360,2025-02,3.4653422523556174,2.935906857812907
C0361,2025-02,2.9181139944644703,3.5521554884763393
C0362,2025-02,3.0345737599205385,3.1767053461677666
C0363,2025-02,4.179217481358862,3.2921086188231397
C0364,2025-02,,4.10075236345744
C0365,2025-02,3.017225172736996,3.500306709380983
C0366,2025-02,2.584431608058439,2.1449482318895585
C0367,2025-02,3.2175329264244334,2.223008990111114
C0368,2025-02,2.865091611865385,4.16220088619975
C0369,2025-02,3.0774316574900915,3.2398570186898805
C0370,2025-02,3.5020891096489795,3.522296645146965
C0371,2025-02,3.6233498318270017,2.6413231457306674
C0372,2025-02,,3.3210571848696593
C0373,2025-02,2.358310119177148,3.0182321905505423
C0374,2025-02,2.7579905917579506,3.0448742971708413
C0375,2025-02,3.102667078599248,3.0667939740165653
C0376,2025-02,2.493848786626488,3.0922280416492436
C0377,2025-02,2.189953015611284,3.115856250024137
C0378,2025-02,3.2792126389306886,3.435457127189356
C0379,2025-02,3.0907973211656716,3.390446702595204
C0380,2025-02,3.651838679864186,3.5097082629251677
C0381,2025-02,2.539894274024824,2.6387252435077997
C0382,2025-02,2.98577686786036,3.2081771351125923
C0383,2025-02,3.6016323982824314,3.1596732024971232
C0384,2025-02,3.1923027000751976,3.469271039317046
C0385,2025-02,2.635925532156592,3.7152046730625115
C0386,2025-02,3.4220604751440677,3.1157419352463096
C0387,2025-02,3.707319051494659,2.8226674017936992
C0388,2025-02,3.2432779269085055,3.6812463893727023
C0389,2025-02,3.0612209726641324,3.260529386782965
C0390,2025-02,3.8018889003400456,2.887810611226612
C0391,2025-02,3.150684367351675,3.1032148959618624
C0392,2025-02,3.035324609552028,3.7038135718220664
C0393,2025-02,2.8471363181729203,2.8329990823056965
C0394,2025-02,3.431514057576731,4.048242167080343
C0395,2025-02,3.329696787893681,3.390163337031441
C0396,2025-02,3.5687288991449115,4.107979395643945
C0397,2025-02,2.7400268373337333,3.573494813522348
C0398,2025-02,,3.638047973450038
C0399,2025-02,2.8942222828656683,3.1704079908519236
C0400,2025-02,2.6298173786671386,3.5078309507873366
C0401,2025-02,2.587480011005012,3.1101883241934667
C0402,2025-02,2.501994128545531,2.728853462571006
C0403,2025-02,3.876449295433794,3.751333755580067
C0404,2025-02,2.9522709642564444,3.329311539495731
C0405,2025-02,2.2559536918691,2.5232456196754987
C0406,2025-02,,2.722093752568466
C0407,2025-02,2.683942542176557,3.779889007748387
C0408,2025-02,3.99301610120544,3.5379296575172483
C0409,2025-02,2.8446295555560774,3.2775669528392597
C0410,2025-02,3.2568211916881795,2.8752885368919214
C0411,2025-02,2.858281559691705,3.5981997374586343
C0412,2025-02,2.4619710573561306,3.3808744960042327
C0413,2025-02,3.600152214831356,4.016128826984273
C0414,2025-02,2.662795179656736,3.673945822465596
C0415,2025-02,3.6565244334612106,3.8300022529404005
C0416,2025-02,2.922960243280789,3.054348107552821
C0417,2025-02,3.2832370763499052,2.7295361051292035
C0418,2025-02,3.2139398217174566,3.224359729171172
C0419,2025-02,3.285291784315702,3.4210606630874003
C0420,2025-02,3.1967284347040925,3.0570974533736353
C0421,2025-02,2.9354615712425263,3.5322276756497577
C0422,2025-02,1.9654861337848708,3.0044908487549518
C0423,2025-02,2.8774051024426064,2.985610522591404
C0424,2025-02,,3.848393314852474
C0425,2025-02,2.8942252593600934,3.1766860358000018
C0426,2025-02,3.052583258949111,2.8411741820101244
C0427,2025-02,3.2171203144682163,3.7092300935493054
C0428,2025-02,3.2949146361477757,3.1653665175961825
C0429,2025-02,2.503440133187939,2.773143575238652
C0430,2025-02,2.59842328407533,3.069599720090656
C0431,2025-02,3.2716261125458437,3.8938579886714053
C0432,2025-02,3.362616730133923,4.063719616400658
C0433,2025-02,2.911833411488381,2.7941346418889266
C0434,2025-02,,3.3281954511006644
C0435,2025-02,2.960727738738827,3.2180217748380215
C0436,2025-02,2.8966844562195737,2.5141896884029262
C0437,2025-02,3.028476467540048,3.3937994563071805
C0438,2025-02,2.711616215883106,2.3725892770046637
C0439,2025-02,3.1671333064997538,3.283154732079933
C0440,2025-02,3.36561191884753,
C0441,2025-02,3.320168208365939,3.1215189294877757
C0442,2025-02,3.1130815806468997,3.9825109956012392
C0443,2025-02,2.7805351722450875,3.573847046648983
C0444,2025-02,2.975426018106655,2.964072324052624
C0445,2025-02,3.82690474693401,3.9594516550924026
C0446,2025-02,3.809659811868363,3.2963693242646963
C0447,2025-02,3.6265847747525983,3.314729574353117
C0448,2025-02,3.913410054587382,3.3026937467522783
C0449,2025-02,3.697258571824255,3.108387020646342
C0450,2025-02,3.429533779184469,3.382275238006274
C0451,2025-02,2.6675196607056404,3.422696499998974
C0452,2025-02,3.8188482120510185,3.209515138040304
C0453,2025-02,3.663947601535712,3.744675966943227
C0454,2025-02,3.3251973387058125,3.8121422213420626
C0455,2025-02,2.3001501418872623,3.857319018693387
C0456,2025-02,1.6964218354594118,2.7921866253288194
C0457,2025-02,2.975598111790377,3.712816937176942
C0458,2025-02,3.076753639522012,4.361197545235093
C0459,2025-02,2.380976054764257,
C0460,2025-02,3.260171447488804,3.3349940157371165
C0461,2025-02,2.4047500030998585,3.4068600144256758
C0462,2025-02,2.4955827717585253,2.5627852644374083
C0463,2025-02,4.20978173613114,2.9146941929526884
C0464,2025-02,,3.075546814146344
C0465,2025-02,3.045496757236976,3.2854845305671634
C0466,2025-02,2.539758688665611,3.4119071362466906
C0467,2025-02,2.627837792375627,3.341463009523117
C0468,2025-02,2.7164572732194348,2.658883742647184
C0469,2025-02,3.225522964515272,4.089931419520044
C0470,2025-02,2.5934522115131164,3.112048213581042
C0471,2025-02,2.434444830815179,3.2047210253453216
C0472,2025-02,,3.330447609766786
C0473,2025-02,2.298905840422111,3.0262092845331425
C0474,2025-02,2.1687748236222233,3.1688036641068784
C0475,2025-02,2.317140681159606,2.7852736746726663
C0476,2025-02,2.893142743364861,2.4784348616801757
C0477,2025-02,2.8676298168168315,3.122082158966796
C0478,2025-02,3.2703230900047986,3.955115098705839
C0479,2025-02,3.168752011801802,2.967548066981348
C0480,2025-02,3.735137795607976,2.9923815125972255
C0481,2025-02,3.2391577008247476,3.7715727231550056
C0482,2025-02,3.307915363605878,3.031181354886671
C0483,2025-02,1.6760119526904613,
C0484,2025-02,3.2473081369078707,3.45376432188667
C0485,2025-02,3.0913287246680943,3.105599604252374
C0486,2025-02,3.3987643598882715,3.346805234907355
C0487,2025-02,1.8517740888817162,3.2482738602311394
C0488,2025-02,3.3850691950363956,2.401411710011665
C0489,2025-02,2.3148066637352147,3.0427162590254184
C0490,2025-02,3.734289829342802,3.0842390083955227
C0491,2025-02,3.0245292876646808,2.9668822047998336
C0492,2025-02,2.9928938861537153,2.699700559665894
C0493,2025-02,2.9800782056235424,3.4963592809426705
C0494,2025-02,3.8063836185191002,3.527567445275195
C0495,2025-02,,2.6412035388044064
C0496,2025-02,3.4550967821533938,2.5431517162625323
C0497,2025-02,2.9229345346797975,3.4366991044397
C0498,2025-02,2.9180693256837715,3.551062460936738
C0499,2025-02,2.673585637197392,3.0542175487809042
C0500,2025-02,3.9628210496800347,4.114974410274362
C0501,2025-02,3.453930948603605,3.4922961547422946
C0502,2025-02,2.598916148282487,3.140885676967846
C0503,2025-02,2.517663417638162,2.8514686978312143
C0504,2025-02,2.938312159524493,2.9602939127536194
C0505,2025-02,3.5740426607317537,2.389815543704133
C0506,2025-02,2.6591124154193704,3.3058709223816405
C0507,2025-02,2.660875913500627,2.9776896562492547
C0508,2025-02,3.3485310061681317,3.6034622703052577
C0509,2025-02,2.148297541760012,2.468539134044726
C0510,2025-02,3.750732181342126,3.810291950930254
C0511,2025-02,2.4571903887865783,2.7995532124052236
C0512,2025-02,2.915086953994928,2.9255300585194086
C0513,2025-02,2.918753899565649,3.4383896196478254
C0514,2025-02,2.4001563318137755,3.357851302930713
C0515,2025-02,3.700248693270367,3.604552554064027
C0516,2025-02,3.232670374472168,3.7261758333448602
C0517,2025-02,3.1453654820687893,3.7269092778452912
C0518,2025-02,2.899600185541838,3.5776962294944044
C0519,2025-02,2.9141072132106918,3.215554166151882
C0520,2025-02,3.625545502370563,2.880782181694056
C0521,2025-02,3.1049721944512525,3.723013289493905
C0522,2025-02,4.264400510691334,4.027941279708856
C0523,2025-02,2.5774168398154917,3.0980577170540653
C0524,2025-02,3.010906596440843,2.990772882381243
C0525,2025-02,2.4079478561153334,2.639979958879371
C0526,2025-02,2.9641691227608136,
C0527,2025-02,2.897600441093796,3.3733619379461532
C0528,2025-02,3.8793002708181064,3.769832280168124
C0529,2025-02,3.440001608847111,3.270860246399005
C0530,2025-02,2.9726173450239597,
C0531,2025-02,2.354610084991288,3.9409047350619715
C0532,2025-02,3.192916397731573,3.246326806200035
C0533,2025-02,,4.020353383106988
C0534,2025-02,2.4304519899806487,
C0535,2025-02,3.150502717840816,3.172911306263828
C0536,2025-02,2.6908415289669945,3.0528602160438645
C0537,2025-02,2.7804354939931617,2.6034999801941527
C0538,2025-02,3.0813096975256795,2.779167072624789
C0539,2025-02,3.552246924292861,3.462849403986192
C0540,2025-02,2.49542472496479,3.0900190596128727
C0541,2025-02,3.9991461148632945,2.6021016675669584
C0542,2025-02,3.054947467806616,2.9788933433450495
C0543,2025-02,3.0035919533805457,2.974687694486108
C0544,2025-02,2.1070947024382503,2.258970357865271
C0545,2025-02,2.6795477779742747,3.4479589344370845
C0546,2025-02,2.9631259964126953,3.598754725550492
C0547,2025-02,2.9356117513915283,3.423527998243967
C0548,2025-02,3.2263400037804972,3.9679091525517873
C0549,2025-02,2.919132747438957,2.843654940395229
C0550,2025-02,3.419166226446415,2.577508447706994
C0551,2025-02,3.222342420412402,3.5585076042874912
C0552,2025-02,3.0773997091690006,
C0553,2025-02,3.9776357428336424,3.690836476894468
C0554,2025-02,3.249496886694627,3.999011770409881
C0555,2025-02,2.6342572280608185,3.34252556941299
C0556,2025-02,2.8555262756518074,3.6737229500477886
C0557,2025-02,3.7404270933689046,
C0558,2025-02,3.0488162089745288,3.0363688444013226
C0559,2025-02,,2.957763894771039
C0560,2025-02,2.633206122726806,2.057535192590206
C0561,2025-02,2.6943360525738616,2.8968667994591986
C0562,2025-02,3.1908818405724864,3.5185318516612125
C0563,2025-02,3.239992117416201,3.737213865201651
C0564,2025-02,2.768080972438376,2.8710420120509217
C0565,2025-02,,3.8345077665819
C0566,2025-02,2.9083447945219847,2.235724687366777
C0567,2025-02,2.662079955617363,2.527635388146064
C0568,2025-02,2.3209064616323865,2.9196368413588902
C0569,2025-02,3.323597030126026,3.9594091885415015
C0570,2025-02,2.600895088512199,4.170433682851672
C0571,2025-02,2.736003609949065,3.057181128741316
C0572,2025-02,2.404565735295731,3.191414610067248
C0573,2025-02,,3.8188111469162505
C0574,2025-02,2.7153475187123255,4.1241791562962735
C0575,2025-02,3.54098084139015,3.6381959027897754
C0576,2025-02,2.775391774125493,2.416327622389639
C0577,2025-02,2.531016012559536,
C0578,2025-02,3.6617896957571148,3.1873906469235207
C0579,2025-02,2.9954158266263002,3.857407033623246
C0580,2025-02,3.542878150371932,3.65539690404393
C0581,2025-02,2.6517943842601754,3.0208568631305637
C0582,2025-02,3.416566136891169,3.7940656753656214
C0583,2025-02,4.251140267101942,3.725862662092897
C0584,2025-02,4.211948689048943,4.225136487313864
C0585,2025-02,3.1004732656851695,3.5605119301867623
C0586,2025-02,3.526041375603585,3.0201714574912506
C0587,2025-02,2.8289338089177205,3.5903560929833267
C0588,2025-02,3.3376029150934237,4.2093776327792085
C0589,2025-02,4.174621092312115,4.130566339646302
C0590,2025-02,2.464244308401627,2.903141141763899
C0591,2025-02,3.3221663543239215,
C0592,2025-02,4.017940564247032,3.1051054543111327
C0593,2025-02,3.3944058007199365,3.236781588822725
C0594,2025-02,3.5786528008371015,3.5644198041655044
C0595,2025-02,2.3420425769260387,3.781644114996446
C0596,2025-02,2.957241066175517,3.858894170430233
C0597,2025-02,3.6147839188526403,3.717365280695964
C0598,2025-02,2.5298269563741425,2.673898374088137
C0599,2025-02,3.0186184598502175,3.226377054702167
C0600,2025-02,3.238817817268453,2.5303494169040137
C0601,2025-02,2.9250141784222152,2.9939860012282864
C0602,2025-02,2.7305970528200727,3.6566704441900955
C0603,2025-02,3.5258783873183486,3.811734347681461
C0604,2025-02,2.2583720754085426,1.9436098105357071
C0605,2025-02,2.51203360836881,3.612286775382468
C0606,2025-02,3.407095258515914,3.040735068435298
C0607,2025-02,2.3926717884319566,3.4151454202815406
C0608,2025-02,2.2138886721685185,2.607541406686122
C0609,2025-02,3.015751276428433,3.940150748577597
C0610,2025-02,2.855587901222385,2.771911059989948
C0611,2025-02,3.0402519114726307,2.6966290087265095
C0612,2025-02,2.64463709751898,3.3489829222957237
C0613,2025-02,2.526380627007371,3.066746771571535
C0614,2025-02,2.443177202930663,
C0615,2025-02,2.441393060477199,3.6489338101967825
C0616,2025-02,3.3972203463564337,3.249362465548934
C0617,2025-02,2.907423567392841,3.325167720991359
C0618,2025-02,2.7292910587132457,3.407465184958209
C0619,2025-02,2.2592012047220136,3.6244528366201862
C0620,2025-02,4.018057213532856,4.282368150083881
C0621,2025-02,3.234882645491701,2.7456447518851825
C0622,2025-02,2.516720862097382,3.311474354341655
C0623,2025-02,3.0156536205433886,3.30299760160167
C0624,2025-02,2.9597630346291113,3.3254981984517413
C0625,2025-02,2.834797201749197,3.0571732568382384
C0626,2025-02,3.204837048336459,2.943080337641502
C0627,2025-02,3.571974553199346,3.2431699166653294
C0628,2025-02,3.3574823778114165,2.431614993800439
C0629,2025-02,2.991733973625392,2.4278495307922388
C0630,2025-02,4.148586710800501,3.6335885515315938
C0631,2025-02,3.47349683222943,4.634718411970574
C0632,2025-02,2.9195626876208363,
C0633,2025-02,3.0771409362554083,3.188433587770099
C0634,2025-02,2.9124358563909243,3.290213932328794
C0635,2025-02,3.6032714546713676,3.8243811470667097
C0636,2025-02,2.604298477118327,3.1856550400116794
C0637,2025-02,4.1461392009581655,3.5259799425011202
C0638,2025-02,3.566455571884242,2.5881917109815977
C0639,2025-02,4.152592214293181,3.6272455095349563
C0640,2025-02,2.514106509011562,3.2971931850467704
C0641,2025-02,2.8771933111486905,3.297594738095902
C0642,2025-02,2.8313706119548523,3.8240015189381324
C0643,2025-02,3.0421410827325452,2.8857338122493386
C0644,2025-02,3.7713118506179955,2.8404280204235866
C0645,2025-02,2.6728327291339946,2.8322359602888225
C0646,2025-02,3.0275558592057044,3.31381652646825
C0647,2025-02,2.6436982004381777,3.3022227656066367
C0648,2025-02,3.096277646370208,3.160912736269082
C0649,2025-02,3.041590814830369,2.8638318174746673
C0650,2025-02,3.164409013840334,3.0705329817392557
C0651,2025-02,4.07657467970711,3.7330807280855067
C0652,2025-02,3.2488599860991094,3.8704695011317827
C0653,2025-02,3.8807532611816695,4.57522995233393
C0654,2025-02,2.518534525047167,
C0655,2025-02,2.7494078913776554,3.452010220219998
C0656,2025-02,3.5096300821119066,2.9834484354189783
C0657,2025-02,3.368208029530322,3.131857834768986
C0658,2025-02,2.651874155702141,2.592679272268882
C0659,2025-02,2.714965129560432,3.380151574830344
C0660,2025-02,2.6563365846525198,2.7038153780800105
C0661,2025-02,3.2838636672489026,2.9374328095911886
C0662,2025-02,3.0201264485286377,2.753392823173778
C0663,2025-02,2.6967244624453803,3.8788291985981522
C0664,2025-02,2.2637162754654376,3.0347870997762203
C0665,2025-02,2.91943714721626,2.5422415444090625
C0666,2025-02,3.1690627347080644,3.4821646930067396
C0667,2025-02,2.9304169716778783,3.9432688543250265
C0668,2025-02,2.2212168158003442,2.905026643990689
C0669,2025-02,3.064668608760399,2.9435345020927284
C0670,2025-02,1.96009307299949,2.8209606788770514
C0671,2025-02,2.9379333814699966,3.4182059172278
C0672,2025-02,3.2870441233398626,3.593437511249478
C0673,2025-02,3.1749872661864047,3.532717192557973
C0674,2025-02,2.323539091640814,2.6986911574266284
C0675,2025-02,3.7658059330678784,3.7150911961538613
C0676,2025-02,3.2490402744728337,3.408491428721556
C0677,2025-02,3.3770492772698844,3.3825698822014756
C0678,2025-02,3.5320054253881232,3.5051962345464225
C0679,2025-02,3.1672263382150043,3.849754256793102
C0680,2025-02,2.83721568474499,2.7211496378947446
C0681,2025-02,3.4606085482311197,2.5931273233285412
C0682,2025-02,2.6703437994656065,3.2262342096569245
C0683,2025-02,3.278879303912942,3.0786639517332453
C0684,2025-02,2.6534694227999727,3.7162222304270123
C0685,2025-02,2.802703432775501,3.8342877247165017
C0686,2025-02,3.1616408484375427,3.037072662425532
C0687,2025-02,3.7459191993538243,3.434152432695318
C0688,2025-02,3.2676384085815813,3.573819948430911
C0689,2025-02,2.1432567210910425,3.232337125229623
C0690,2025-02,3.278698150931753,
C0691,2025-02,2.573580967742582,3.358463468651979
C0692,2025-02,2.97411721755054,2.6023073060947906
C0693,2025-02,2.972756906224339,3.3006681308691643
C0694,2025-02,2.410676187434209,2.825050968422161
C0695,2025-02,3.2761405573325604,3.3359068588078804
C0696,2025-02,2.6643274929188774,3.2828085311474116
C0697,2025-02,3.969078814228114,4.3835336077706915
C0698,2025-02,2.7242960940749623,3.236352287129577
C0699,2025-02,3.0185149059227054,2.902548360367321
C0700,2025-02,2.7548066952855237,3.9572154286006223
C0701,2025-02,3.9191211701667235,3.8027496103244336
C0702,2025-02,2.5517999554669797,3.527208336471875
C0703,2025-02,,2.8397056608511364
C0704,2025-02,3.1067610229382554,2.9734067033867326
C0705,2025-02,2.5946450523427087,2.8869314219593485
C0706,2025-02,3.5532415465356095,3.161991181589907
C0707,2025-02,3.060702618814602,2.9806409869467547
C0708,2025-02,,3.1634244185003415
C0709,2025-02,2.715127848328999,3.0221659810689108
C0710,2025-02,2.691397263016134,3.5037938143387803
C0711,2025-02,2.4171639691585107,2.395864427562297
C0712,2025-02,3.431552484994962,3.4110299330977307
C0713,2025-02,2.981273486247556,3.2506422139098454
C0714,2025-02,3.6072409427065506,3.522906125764444
C0715,2025-02,3.096579083859824,3.7148469909359907
C0716,2025-02,2.964445041925479,3.0771354599471916
C0717,2025-02,2.436247894722131,3.011630803587699
C0718,2025-02,2.8785026711946053,3.8967277541883742
C0719,2025-02,2.854159289681293,2.286751215357708
C0720,2025-02,3.302001339530184,3.7701491557066733
C0721,2025-02,2.7376773624803055,3.661843203027222
C0722,2025-02,2.610885613721983,3.7523414658114462
C0723,2025-02,3.203449324138063,2.9401364270038153
C0724,2025-02,2.8480559780098456,
C0725,2025-02,2.810115225990377,3.5893246730300588
C0726,2025-02,2.3671223031471618,2.960539135783189
C0727,2025-02,3.034225772671984,3.0021630197245526
C0728,2025-02,,3.3300695935349665
C0729,2025-02,,2.9201879814117526
C0730,2025-02,2.922038924825607,3.6147067061301623
C0731,2025-02,1.9161092634672012,3.429973772089564
C0732,2025-02,3.2463600872595006,2.890208648178782
C0733,2025-02,3.3776267694598987,2.696485986942575
C0734,2025-02,3.2329124993057565,3.227022632070473
C0735,2025-02,,2.9054492027586853
C0736,2025-02,2.8423733864219023,
C0737,2025-02,3.204357656696695,3.2574053651986286
C0738,2025-02,2.9351573669615725,4.040886519338936
C0739,2025-02,3.133894194622535,2.942899046567078
C0740,2025-02,2.819728896585161,2.7754138309691085
C0741,2025-02,2.8446907910237806,3.26843469760916
C0742,2025-02,2.7914269202390853,2.6710365898260724
C0743,2025-02,2.9343117534236702,2.747323699439397
C0744,2025-02,3.9501943332332465,2.886215940953094
C0745,2025-02,3.5012664486404472,3.6939939384085303
C0746,2025-02,2.3666728817912226,3.561247938998287
C0747,2025-02,2.7367428376367164,2.815025855295203
C0748,2025-02,3.3295439077162605,3.813259759520906
C0749,2025-02,3.6599703255780343,3.1737507644385974
C0750,2025-02,3.3054817851544533,3.0897260138199636
C0751,2025-02,3.3691545403373344,3.843663821180481
C0752,2025-02,3.9387000148492826,3.2475810683269373
C0753,2025-02,,3.438957941643901
C0754,2025-02,3.99906269679202,3.9472327251620802
C0755,2025-02,3.419227105673651,3.3417529028120323
C0756,2025-02,4.301793419585552,3.5718846572472103
C0757,2025-02,2.4288801459853095,3.01044995425181
C0758,2025-02,3.8755117854314545,4.145033609636917
C0759,2025-02,3.939304570780029,3.2107812628689487
C0760,2025-02,3.1112412723129954,3.287688466345778
C0761,2025-02,2.4913776225828563,3.1829543266599223
C0762,2025-02,4.131294490313992,3.6343634750816483
C0763,2025-02,2.7106644009678975,3.546340707271639
C0764,2025-02,3.8437339790508527,2.4587565033093424
C0765,2025-02,3.5787070153233405,3.8342421523532635
C0766,2025-02,3.038210438023112,3.953262676014987
C0767,2025-02,3.0323012785170262,3.807723177065293
C0768,2025-02,4.113340909434385,3.5532270006612707
C0769,2025-02,3.1593243870939363,3.9747276287115323
C0770,2025-02,3.047789742866979,3.5814443308165615
C0771,2025-02,2.188583116962878,3.6692079838167753
C0772,2025-02,3.3540214911793234,3.356444953130659
C0773,2025-02,2.9485618217213565,3.5321367208263204
C0774,2025-02,3.365533699747143,3.632496202840993
C0775,2025-02,2.819113446071406,
C0776,2025-02,3.6727693224976186,3.239440772068023
C0777,2025-02,3.926282373163626,2.996040036345578
C0778,2025-02,2.551107514584206,3.5826571010587944
C0779,2025-02,2.7453094941542,2.8054051308735883
C0780,2025-02,3.091385779610853,2.946710976252733
C0781,2025-02,3.814718419400498,3.746914213777639
C0782,2025-02,3.490088554584046,4.124869383421511
C0783,2025-02,3.235334090036606,3.6877506730787495
C0784,2025-02,,3.5126683519084203
C0785,2025-02,2.734231096646567,2.850262539717997
C0786,2025-02,2.9461916300315343,2.9378102690673304
C0787,2025-02,2.9609225020356558,2.714309755766751
C0788,2025-02,3.721858512097731,3.0299975845743417
C0789,2025-02,3.85977575046316,3.3206614876557103
C0790,2025-02,2.5848965285860426,3.6083689987873413
C0791,2025-02,3.6291812221089943,3.882532422076233
C0792,2025-02,3.3631653735322273,
C0793,2025-02,2.8731021832965498,3.2844588151248066
C0794,2025-02,2.939047558575988,3.431221420346129
C0795,2025-02,2.878685476477751,
C0796,2025-02,3.0299779562382523,3.803691619375153
C0797,2025-02,2.832021943059629,
C0798,2025-02,2.513003418846057,2.936020432388724
C0799,2025-02,2.4364569552496462,3.027902837139052
C0800,2025-02,3.6760320365037513,3.4401403879335204
H0001,2025-03,,3.1574140606801926
H0002,2025-03,2.339818055227682,3.3232618751241496
H0003,2025-03,2.4359481098092814,3.3792309185197733
H0004,2025-03,2.9457908404418913,3.0007894718956494
H0005,2025-03,4.081872747999032,3.6961886819580942
H0006,2025-03,3.3546944801592145,4.111554248461224
H0007,2025-03,2.741540493226309,4.685100245690965
H0008,2025-03,2.8645706918899707,3.415669980560979
H0009,2025-03,2.9494241347260517,3.432587567292715
H0010,2025-03,2.568014518677547,2.792799728255007
H0011,2025-03,2.7055641096404117,3.4748342793992815
H0012,2025-03,3.8508231125815855,3.1558512475696174
H0013,2025-03,3.2097242636031735,3.398258193345957
H0014,2025-03,2.501419581208303,2.31522829979912
H0015,2025-03,3.481708925008718,2.9622751135326553
H0016,2025-03,2.18507151992416,3.3350826895068653
H0017,2025-03,2.487292653395912,3.1436015031730373
H0018,2025-03,3.38657030298014,3.595417176050146
H0019,2025-03,3.1062300399660603,4.0555015132316345
H0020,2025-03,3.447366273185196,3.6314280757617734
H0021,2025-03,2.5015446649603046,3.334802510556774
H0022,2025-03,2.8479910777231714,3.5703572500773246
H0023,2025-03,2.6637392915103693,3.569605584391227
H0024,2025-03,2.558553861009289,4.3141505737983845
H0025,2025-03,2.509113366013377,3.35754484798804
H0026,2025-03,3.9506541735687057,3.556730819720009
H0027,2025-03,2.5196413671184263,3.3671714801678823
H0028,2025-03,3.2444689748898106,3.705810393057159
H0029,2025-03,2.9577990847167537,3.299215668319014
H0030,2025-03,2.3982553544748164,
H0031,2025-03,2.386003728232473,2.979056164300636
H0032,2025-03,2.3793157644965963,3.6000433519459802
H0033,2025-03,3.0394584298934246,4.683754653326068
H0034,2025-03,3.07870020607312,3.5676684099526708
H0035,2025-03,2.852174193858927,3.34378207420876
H0036,2025-03,4.214354736953554,3.970455010959532
H0037,2025-03,3.604982475966616,3.268036787189227
H0038,2025-03,2.7916561394236536,3.5698965640834865
H0039,2025-03,2.0645473741330553,3.5213376997812262
H0040,2025-03,2.3871906129952043,2.612445103550669
H0041,2025-03,4.079870577471671,3.420478377512966
H0042,2025-03,3.517577211523742,2.354829928072058
H0043,2025-03,3.0686863583791455,2.4715363840401112
H0044,2025-03,3.767401923495733,3.1764066113877085
H0045,2025-03,2.5814098810621386,2.7369099919267623
H0046,2025-03,2.763980042148213,3.4390409287179535
H0047,2025-03,2.8846874503527085,2.7329160321065396
H0048,2025-03,4.066507800622519,3.8323278769456537
H0049,2025-03,2.9147489552187733,3.1561566187226537
H0050,2025-03,3.1527945976336054,3.621778676935611
H0051,2025-03,3.189977755883559,
H0052,2025-03,2.87028338145873,2.9926906688714596
H0053,2025-03,3.4498293652477354,3.6803647520431744
H0054,2025-03,3.1518853580234554,2.3538491365785257
H0055,2025-03,3.4450921344097707,3.6280477084110654
H0056,2025-03,2.7210217019542258,3.1679199036466104
H0057,2025-03,3.616669455790508,3.223853195066695
H0058,2025-03,3.009256886299523,3.331553480899094
H0059,2025-03,3.352508526327401,4.036717234157793
H0060,2025-03,3.6825172216166697,3.122780542810373
H0061,2025-03,3.388574046402122,3.1065471423234237
H0062,2025-03,3.3341596197396974,2.6193033819674225
H0063,2025-03,3.159675357914637,3.32639909068874
H0064,2025-03,3.6277983842038832,4.298535258081223
H0065,2025-03,2.735750369737272,2.861622134208599
H0066,2025-03,3.298932243719748,3.144876432896228
H0067,2025-03,2.7533508303538063,3.3978992176136944
H0068,2025-03,2.9733846125864662,3.4679129510068094
H0069,2025-03,3.058888189923752,3.7886575692815416
H0070,2025-03,2.402770242015546,3.3528310456556087
H0071,2025-03,,3.8962718181129623
H0072,2025-03,2.76029963790745,2.9434837121887525
H0073,2025-03,2.122792472617164,3.114907510175259
H0074,2025-03,2.9811288248252445,2.9701283327033576
H0075,2025-03,3.526530593089993,3.0878467103413842
H0076,2025-03,3.2393531610951536,3.600673067473755
H0077,2025-03,3.089858210533162,3.449561178399531
H0078,2025-03,2.9955491274551265,3.668173350724167
H0079,2025-03,1.610674742314579,3.1611936658227178
H0080,2025-03,3.006436154459657,3.128453235475158
H0081,2025-03,3.3988198801861063,3.0991502328776175
H0082,2025-03,3.594617420518584,3.4266107682544855
H0083,2025-03,2.5537680370829983,3.3866095347510354
H0084,2025-03,,3.4088264269654016
H0085,2025-03,3.6143805751182043,4.769592565550517
H0086,2025-03,3.880297422578961,3.059234181737264
H0087,2025-03,3.0597271806421746,3.0737181433865617
H0088,2025-03,,2.9823804343615716
H0089,2025-03,2.928233398049909,3.723010811318071
H0090,2025-03,3.182796537510185,3.815879440236913
H0091,2025-03,,3.3687950223294694
H0092,2025-03,2.348447566013738,2.7848374277643466
H0093,2025-03,3.7970546894762838,2.9397050165161005
H0094,2025-03,3.0779633345175745,3.7997333422711805
H0095,2025-03,2.8739627697441703,3.0951370932206848
H0096,2025-03,2.639814800064938,3.3460761714487144
H0097,2025-03,2.983083400144767,3.03396827876636
H0098,2025-03,3.7664590231994466,3.3842270166343944
H0099,2025-03,2.8609004940795217,3.1321018999391885
H0100,2025-03,3.3114755231007234,2.808598480473993
H0101,2025-03,2.5613692974975018,
H0102,2025-03,1.967746156905979,
H0103,2025-03,3.7101721974545887,
H0104,2025-03,2.530105680231056,3.4656333045817904
H0105,2025-03,3.223192396240988,3.0744552225644064
H0106,2025-03,3.0245177250449906,3.253093372106917
H0107,2025-03,2.93261447039525,2.9096410959370504
H0108,2025-03,3.343426199081127,3.279348668019753
H0109,2025-03,3.9222435489568546,4.372496926556862
H0110,2025-03,2.2696945019438033,3.0098441154389612
H0111,2025-03,3.208926926247797,3.415466667447133
H0112,2025-03,3.62853204190773,3.5660581041710473
H0113,2025-03,3.1255054477869764,3.205836042717526
H0114,2025-03,3.7958934182826796,3.6182094332162325
H0115,2025-03,3.276058610615772,3.0991763365527576
H0116,2025-03,,3.543273995337757
H0117,2025-03,3.5281198160199243,3.377997051211556
H0118,2025-03,3.7611025033907723,2.6003766646581217
H0119,2025-03,3.6768159159747924,3.829374146572491
H0120,2025-03,3.3949541858627614,3.1362486913416907
H0121,2025-03,2.997892395442938,2.87594852966956
H0122,2025-03,3.928440395220151,2.9739787677749447
H0123,2025-03,2.614960897656091,2.973448671987208
H0124,2025-03,3.958581685702229,
H0125,2025-03,3.1395397490324757,4.160426628154937
H0126,2025-03,2.334746206290813,3.1497677672938167
H0127,2025-03,3.735329947249586,3.3945239113806056
H0128,2025-03,,3.4151558574030325
H0129,2025-03,3.611689032947621,3.4444099128579477
H0130,2025-03,3.896603728541286,
H0131,2025-03,2.751733853661409,3.271903122120355
H0132,2025-03,3.510421755185735,1.8709015902627484
H0133,2025-03,3.494840113850866,3.377369946309578
H0134,2025-03,3.710865422117622,3.369246224474234
H0135,2025-03,2.3426582283678066,2.893759696066938
H0136,2025-03,3.540121720262274,3.3698735718997366
H0137,2025-03,3.688775843561615,3.8594664089129753
H0138,2025-03,3.9570044888733884,2.8933199427480125
H0139,2025-03,2.5371745097040312,3.3619470726483995
H0140,2025-03,3.008095352648445,3.1581438003186317
H0141,2025-03,4.146075142626809,2.555912526663823
H0142,2025-03,2.36812075681814,3.572508331399761
H0143,2025-03,3.680364050280125,3.3102609023661667
H0144,2025-03,3.4510198678916137,4.385786148688147
H0145,2025-03,2.8286113185862347,3.588378832426593
H0146,2025-03,3.079342339331138,3.7480352462565785
H0147,2025-03,4.743154257645008,3.387162233312438
H0148,2025-03,3.142295504610532,3.2624824192222706
H0149,2025-03,3.0937326560366443,3.553404141187454
H0150,2025-03,2.5522576385908486,2.136858370223937
H0151,2025-03,3.6797896125615197,3.8829908950610394
H0152,2025-03,2.7335037438687224,3.0315759138043674
H0153,2025-03,2.8534500995657806,3.0567260569310055
H0154,2025-03,2.7839303132350945,3.042954255269008
H0155,2025-03,,3.29459925726612
H0156,2025-03,2.9232359650814637,3.3295237286589034
H0157,2025-03,4.328723554216484,3.494559567922562
H0158,2025-03,3.2962260539969597,3.8142433225819623
H0159,2025-03,2.7117238257430376,
H0160,2025-03,3.3176526138178386,3.2558108689105376
H0161,2025-03,3.4212100194695103,3.9179548156656585
H0162,2025-03,3.1148791579167745,
H0163,2025-03,3.482723368223286,3.4911189856760614
H0164,2025-03,2.9958988143258267,3.312832932053369
H0165,2025-03,3.327564969437314,3.2778306517427116
H0166,2025-03,3.7317955019364395,3.3979506723174464
H0167,2025-03,2.3713944286011523,3.1341543507579845
H0168,2025-03,3.7924754331617665,3.0879629602277467
H0169,2025-03,3.4166322796237316,2.9730646674864123
H0170,2025-03,2.081329362306967,2.825953297483255
H0171,2025-03,3.119464802871286,3.6967348219432
H0172,2025-03,3.435210530348276,3.496519837119025
H0173,2025-03,3.1896086253725593,4.016255246796412
H0174,2025-03,4.261883313628252,3.0067961948531052
H0175,2025-03,2.7075456017394974,3.491505684284405
H0176,2025-03,3.6047302349690247,3.7655528849022897
H0177,2025-03,2.676169035361357,2.939081401305954
H0178,2025-03,2.724729419485136,3.027994759117496
H0179,2025-03,3.32557637577686,4.039198698950602
H0180,2025-03,2.5767353524715797,3.078535618500496
H0181,2025-03,2.9620861595109726,3.6030396759030903
H0182,2025-03,2.4365899420366266,2.6452826772853264
H0183,2025-03,2.3040784947138757,3.808888844252484
H0184,2025-03,3.283633596461981,3.441735111439891
H0185,2025-03,3.9269516387514143,3.13942897305888
H0186,2025-03,2.849232538388101,3.4994125348920617
H0187,2025-03,2.855269135179277,4.230465808819919
H0188,2025-03,3.2504583563872758,3.203600220162704
H0189,2025-03,3.7759969556366824,3.2249159213860503
H0190,2025-03,3.3942078251692136,3.895692169152729
H0191,2025-03,2.745840954051785,3.4065852988696226
H0192,2025-03,2.6838196533272822,3.658592529892991
H0193,2025-03,,4.415658663698865
H0194,2025-03,2.6663618237509787,
H0195,2025-03,2.6981842441924337,4.314981040051621
H0196,2025-03,4.010102372750025,3.362101256839433
H0197,2025-03,2.829675520349789,3.5746408748585328
H0198,2025-03,3.581236964721643,3.2419315607096992
H0199,2025-03,3.251296371041704,3.5773714886550345
H0200,2025-03,3.0578833030659633,3.625273607235652
H0201,2025-03,2.6652338817708596,3.623545969122719
H0202,2025-03,3.001349983562609,3.0601690759377984
H0203,2025-03,3.4072447037133218,2.7582172026238556
H0204,2025-03,3.5435177567348224,3.215594579001575
H0205,2025-03,2.4099803540946194,2.738250638722307
H0206,2025-03,3.575527806597976,3.721960649819057
H0207,2025-03,3.2213979748628776,3.7627495892057388
H0208,2025-03,1.924958675567317,3.5962198857788197
H0209,2025-03,3.2138304693692565,3.6099462994125817
H0210,2025-03,3.598590938145321,3.5145006242552035
H0211,2025-03,3.5451357615832624,3.5351577766284215
H0212,2025-03,3.075643039716418,2.4203853154301824
H0213,2025-03,2.406366709520553,3.5601733581387047
H0214,2025-03,2.6648082801538435,
H0215,2025-03,3.6865704713037823,3.0020786860165374
H0216,2025-03,2.6881660337765805,2.6684547499277924
H0217,2025-03,3.4833387486735847,3.399444834064552
H0218,2025-03,3.105883200418035,3.7921396046729052
H0219,2025-03,3.03629004686504,2.7513617739364804
H0220,2025-03,2.541568427850663,3.0123777503835516
H0221,2025-03,3.1272970622821252,3.1810606595648783
H0222,2025-03,2.7691939371972,3.6079560931271693
H0223,2025-03,3.931655190965457,3.521277944538344
H0224,2025-03,3.098921624916581,3.664343583929329
H0225,2025-03,,3.422120323933105
H0226,2025-03,3.41038647679201,3.99067414325287
H0227,2025-03,3.3307307998133084,3.759503573831838
H0228,2025-03,2.639248515108459,2.96061528557224
H0229,2025-03,2.715465602375094,2.8733338353609383
H0230,2025-03,3.260977434488937,3.5747181552151335
H0231,2025-03,3.5738447578304586,3.6165809506116973
H0232,2025-03,2.834138269277603,2.4891232936711702
H0233,2025-03,3.9048538842726064,3.180887150404317
H0234,2025-03,3.3628340032931425,3.435822382010899
H0235,2025-03,3.2405573193166415,2.7205820474307703
H0236,2025-03,3.5501754191816084,3.2794378868786827
H0237,2025-03,2.72900074389951,2.702633615260642
H0238,2025-03,2.522765085921921,2.4338235652045714
H0239,2025-03,3.5218569095128065,3.400446543646476
H0240,2025-03,3.1866800972455587,3.455108826802327
H0241,2025-03,2.7407465370631447,2.831889742738914
H0242,2025-03,4.004392896683182,2.760215648533813
H0243,2025-03,3.7947809883632244,
H0244,2025-03,2.362864672043752,3.0443673798944904
H0245,2025-03,3.252316292861666,3.5802243742702187
H0246,2025-03,,4.064634336500568
H0247,2025-03,2.6066101764710177,3.3298232104622394
H0248,2025-03,3.2337092783561854,3.292572388710131
H0249,2025-03,2.593407216480078,3.0175188773533583
H0250,2025-03,2.643409270244919,3.2073819929539082
H0251,2025-03,2.795148450107247,2.6558577266553614
H0252,2025-03,2.898805390561541,2.8900526908290796
H0253,2025-03,,3.564645137194317
H0254,2025-03,3.1389782914414996,3.5133777345756916
H0255,2025-03,3.4806798111210187,3.2434536704419985
H0256,2025-03,2.6283527070515302,2.7968965932405605
H0257,2025-03,1.5248524509554133,2.9655922579442877
H0258,2025-03,3.7232723018998146,3.217452986166661
H0259,2025-03,3.472393593139411,3.5477596112072796
H0260,2025-03,2.8755120126938496,2.983693794041282
H0261,2025-03,2.8572635364250387,3.038238301809717
H0262,2025-03,,3.870637798501454
H0263,2025-03,2.959699097013309,4.203761982781254
H0264,2025-03,3.04284641135213,3.4219293714910766
H0265,2025-03,2.94997346684774,3.219842329502777
H0266,2025-03,2.9403494914507347,3.3261921708475497
H0267,2025-03,3.1099260497433474,3.1351069911970275
H0268,2025-03,2.3170120459722208,3.7323027147718735
H0269,2025-03,3.567698480654075,3.9254918704317037
H0270,2025-03,2.9458366752848044,3.305960512817976
H0271,2025-03,3.5376597970932555,3.6177796821393895
H0272,2025-03,2.800536898470837,3.384361091829618
H0273,2025-03,3.423541980848715,4.066993908810671
H0274,2025-03,2.6533576801524417,3.150180008359097
H0275,2025-03,,3.308221887693647
H0276,2025-03,2.7344009884457914,3.089270338391323
H0277,2025-03,,3.553443690121066
H0278,2025-03,3.1905046728700053,3.4127494575668647
H0279,2025-03,3.4366445125399796,3.494811680358099
H0280,2025-03,3.2189943138010637,3.047308539547995
H0281,2025-03,2.9931148632697564,3.3061820248036646
H0282,2025-03,4.030316240342015,4.425555075783004
H0283,2025-03,2.9566330895656865,2.702178571529281
H0284,2025-03,2.6938172976998227,3.814231355691531
H0285,2025-03,3.278587326299604,
H0286,2025-03,3.1732402214451194,2.4852584133170597
H0287,2025-03,3.9938074194952247,2.495526444990425
H0288,2025-03,3.382935315607198,3.1363998229253207
H0289,2025-03,3.873436398185652,
H0290,2025-03,3.926074573114818,4.267387856491304
H0291,2025-03,2.512170730846612,2.7889786881374388
H0292,2025-03,3.73301055855353,3.413901496473064
H0293,2025-03,2.666080716917269,3.008712245642672
H0294,2025-03,3.2921164073043703,3.514996099398056
H0295,2025-03,2.8379552824168095,3.817189839913247
H0296,2025-03,3.186969043422985,3.627132976605397
H0297,2025-03,3.438612437346738,3.21302322683557
H0298,2025-03,3.438523589242731,3.1706156938777617
H0299,2025-03,3.1107285693807154,2.5455760439887607
H0300,2025-03,2.870150262616601,2.4712768771472735
H0301,2025-03,3.439602933225128,2.810752007309673
H0302,2025-03,3.3575369609049117,2.9508532160182286
H0303,2025-03,3.7179651157893203,2.6572532003446554
H0304,2025-03,2.021726361540021,3.663064311772502
H0305,2025-03,3.1308434135932175,3.223449056418055
H0306,2025-03,3.403491079063212,2.716080460841835
H0307,2025-03,2.3543306278243286,2.6092746265300657
H0308,2025-03,2.651400032443247,
H0309,2025-03,2.5731343523093777,3.382948718700021
H0310,2025-03,3.2660902848464453,2.8052059871207273
H0311,2025-03,2.7240744956899596,3.057916002490094
H0312,2025-03,3.2254020377993893,4.003413062523374
H0313,2025-03,3.560547129769309,3.733336141661646
H0314,2025-03,2.327075597329127,2.8954892929163694
H0315,2025-03,3.1979667164381738,3.326131073761148
H0316,2025-03,3.3169602573554546,3.28001416859816
H0317,2025-03,1.8263033481502808,2.86483208322915
H0318,2025-03,2.6191085600539967,2.803631974062997
H0319,2025-03,3.568068374744803,3.2339038272421505
H0320,2025-03,3.4358835451156247,3.5525946144428433
H0321,2025-03,2.206820227171677,3.6381332564199154
H0322,2025-03,,3.411691996138438
H0323,2025-03,2.3989413208265624,3.927282143664068
H0324,2025-03,3.232005351245154,2.6049456928216124
H0325,2025-03,3.4143206007978155,3.532006364424139
H0326,2025-03,2.468307593070037,3.503085498436129
H0327,2025-03,2.5788283571111816,2.931614740366261
H0328,2025-03,2.3329145506830717,3.1311783793730514
H0329,2025-03,3.29053001401833,3.9312917887317393
H0330,2025-03,3.4264403071110974,3.4525579840489535
H0331,2025-03,3.996330746617523,3.3026404304716315
H0332,2025-03,2.7226721681995443,4.305467375490323
H0333,2025-03,2.9387539771608737,3.18286397746997
H0334,2025-03,3.2096915709976432,3.6041834751026527
H0335,2025-03,3.4008447124493246,3.2952638828511716
H0336,2025-03,2.2895414241972802,3.146342748441314
H0337,2025-03,2.94768465465667,3.8320801269316167
H0338,2025-03,3.374219838412826,2.74879791511574
H0339,2025-03,3.4301188196945898,4.5340974781796595
H0340,2025-03,3.3139547948853503,2.9191477987723875
H0341,2025-03,3.6664424640050597,3.695176174060719
H0342,2025-03,2.130557513742019,3.2156168479347413
H0343,2025-03,2.6108988629291723,2.7453891926744536
H0344,2025-03,2.9392260144679407,2.828923903279502
H0345,2025-03,2.9673919266883115,2.713831452480223
H0346,2025-03,2.918308261430948,3.089279323156579
H0347,2025-03,3.529688651702464,3.599649837339871
H0348,2025-03,3.1318304063385836,3.5244068233364123
H0349,2025-03,3.8935973292750594,3.1960556675126797
H0350,2025-03,3.972360460898673,3.252083384358488
H0351,2025-03,3.1543230202581523,2.90716237911371
H0352,2025-03,4.203903019322345,3.4613542994760307
H0353,2025-03,2.8663381371970242,2.9815085051344807
H0354,2025-03,2.257817049754603,2.7371124035282
H0355,2025-03,2.2773906067720042,2.7531738738134233
H0356,2025-03,3.1821117401945904,3.6281386860848226
H0357,2025-03,2.98662462050796,3.077968787281197
H0358,2025-03,2.5760435294505832,
H0359,2025-03,3.4754720422304777,3.356115887836559
H0360,2025-03,3.1228129690793676,4.139321619426036
H0361,2025-03,2.473531373897494,3.3329432000377266
H0362,2025-03,2.745856549634552,3.692179700110557
H0363,2025-03,3.70574714053456,3.016235158295542
H0364,2025-03,2.529026892537696,2.8177254854097042
H0365,2025-03,2.533610815127545,4.087428088370013
H0366,2025-03,3.710016397720187,3.7452437974251485
H0367,2025-03,,2.722486295166701
H0368,2025-03,3.6003841285768408,3.4169538115714344
H0369,2025-03,3.7308717568081087,3.8255473575900014
H0370,2025-03,3.1391527244512267,3.737683632931388
H0371,2025-03,3.3210278653863385,3.0531781257583614
H0372,2025-03,3.579575004057507,3.558326415312024
H0373,2025-03,3.5759331467953763,3.086192575820701
H0374,2025-03,2.821980317605103,3.4876604321065314
H0375,2025-03,3.1292433411750378,3.2757245507044033
H0376,2025-03,2.5212245426324116,3.5022950855041497
H0377,2025-03,,2.5562364027926803
H0378,2025-03,3.4336047651539334,3.3916050613629314
H0379,2025-03,3.105337393372474,2.5527728837551287
H0380,2025-03,2.9342013507475224,4.0216602507200685
H0381,2025-03,3.437767019921463,3.0454692788638447
H0382,2025-03,2.5816491378180273,3.024770571416471
H0383,2025-03,2.9441982217375786,3.598515921879639
H0384,2025-03,3.5087103365649464,3.356413427142931
H0385,2025-03,3.253694219077257,3.4132873365239065
H0386,2025-03,2.8676025863176253,2.944729258436847
H0387,2025-03,4.002281337866936,3.013292233904141
H0388,2025-03,3.0635371113448895,2.7507637656436064
H0389,2025-03,3.4867947577687173,3.2265037269328123
H0390,2025-03,3.156174150918195,3.5872396470033983
H0391,2025-03,2.744972826003091,2.6011416978985986
H0392,2025-03,3.2856878970586068,3.3530230688960376
H0393,2025-03,2.880034336648096,3.5061900096758816
H0394,2025-03,2.7600759494645932,3.4608109206005295
H0395,2025-03,3.006500374581411,2.4568837894338733
H0396,2025-03,3.137851646801796,2.788175041040313
H0397,2025-03,3.3620784980949354,3.4534836695879716
H0398,2025-03,2.6135593706833915,3.806687991845256
H0399,2025-03,2.9024796329442006,3.0246343809450145
H0400,2025-03,2.9611084391598697,3.034530752048951
H0401,2025-03,4.367003906775893,3.3272162348253382
H0402,2025-03,2.7792214493397878,3.265741227036439
H0403,2025-03,2.418212403790673,2.9994742297089436
H0404,2025-03,3.7608066595674616,3.7803098255296854
H0405,2025-03,3.4221883538245788,3.6702054530014316
H0406,2025-03,3.068273987081227,3.2246604507141674
H0407,2025-03,3.3494241651424317,3.5672706560140397
H0408,2025-03,3.250945720093211,2.7723555649927696
H0409,2025-03,3.887399089068512,3.338235208445187
H0410,2025-03,3.2532798653531794,3.4504174955607225
H0411,2025-03,2.638157299739115,3.9236883295191785
H0412,2025-03,2.1162666447087575,2.853569243882671
H0413,2025-03,3.116899672227465,4.528936187070722
H0414,2025-03,2.9798472046941265,2.585735437885324
H0415,2025-03,3.6380946845339377,3.9790214339667016
H0416,2025-03,2.5606477064139894,3.964654242917444
H0417,2025-03,2.4877995842389296,4.041224316753125
H0418,2025-03,1.836024171381523,3.0607247928581653
H0419,2025-03,3.1263331961989604,3.3446184414862934
H0420,2025-03,2.5929486007622327,3.0643751759255182
H0421,2025-03,2.710339688218501,3.040163429609691
H0422,2025-03,,3.6871688247233467
H0423,2025-03,3.232312189201355,3.0396807725060415
H0424,2025-03,2.998981863401121,3.402735048687654
H0425,2025-03,3.5512122250469313,2.966159239356988
H0426,2025-03,3.3928173345600388,3.143729887857873
H0427,2025-03,3.8318979558551183,3.0890739187013048
H0428,2025-03,3.749472874762695,3.137359466310535
H0429,2025-03,3.5568389588433433,3.3756085188996283
H0430,2025-03,2.7805586603390102,3.05918429766887
H0431,2025-03,3.3453895143436414,3.412817956946657
H0432,2025-03,2.102545104762439,3.1910274130544174
H0433,2025-03,2.7126921881180275,3.1283930110010267
H0434,2025-03,3.6361572067956005,3.6184672720641475
H0435,2025-03,3.056794371558106,3.8981051164754374
H0436,2025-03,,3.340429597328284
H0437,2025-03,4.253538743501841,3.3912643201262256
H0438,2025-03,2.8780874253315485,3.3777475666791776
H0439,2025-03,2.734948368744041,2.84257955295514
H0440,2025-03,2.8095375364694144,2.6734168135094807
H0441,2025-03,2.9695562891713334,3.6190678136977774
H0442,2025-03,3.2230182645065417,3.382595771399904
H0443,2025-03,2.982556688667133,3.4484457850645054
H0444,2025-03,3.305784918522656,2.8119475902027125
H0445,2025-03,3.4416694598101167,3.805649618100196
H0446,2025-03,2.705553185580773,3.060226709897826
H0447,2025-03,2.9719192885094015,3.479765941822767
H0448,2025-03,2.38826082359256,2.42710821055818
H0449,2025-03,3.3572924110597335,3.089761134563791
H0450,2025-03,3.283880581601874,3.6839321400015304
H0451,2025-03,3.013402837511606,3.6514363666058416
H0452,2025-03,3.3616442741260686,2.8719270621922988
H0453,2025-03,3.1819202100292587,3.250890599825693
H0454,2025-03,4.0445554000548825,3.212686173031476
H0455,2025-03,3.346690872344368,3.1009000008662317
H0456,2025-03,3.164452354893484,4.315341989605519
H0457,2025-03,3.1197661407876973,3.1543284690489415
H0458,2025-03,2.526132302177863,2.200271612245552
H0459,2025-03,3.008500172303098,3.156047425711517
H0460,2025-03,2.412801006747874,2.8892819698569925
H0461,2025-03,2.7781431361834197,2.0908548815339896
H0462,2025-03,3.7230567432165222,3.6063497783136214
H0463,2025-03,3.571427752022169,3.6880095905230696
H0464,2025-03,,
H0465,2025-03,2.6911286803493994,3.1761335646920577
H0466,2025-03,3.260308796426006,3.04419462329467
H0467,2025-03,2.8895049951312344,3.099604212213252
H0468,2025-03,2.8838483253673264,3.561982024420999
H0469,2025-03,3.783005229791886,2.583748133509972
H0470,2025-03,2.6940044460346533,3.043993844310736
H0471,2025-03,2.753019844809434,3.5423629052208443
H0472,2025-03,3.104459179681152,2.56948393078514
H0473,2025-03,2.7738487687943127,3.9080883588859985
H0474,2025-03,3.036523788219184,3.9468086974244576
H0475,2025-03,3.771301107489893,3.1437064272113746
H0476,2025-03,3.958441276055809,2.914533548122784
H0477,2025-03,2.3780175023627423,2.751225896815388
H0478,2025-03,2.502574360654547,3.289697514748052
H0479,2025-03,2.7567409709964608,4.211238010777959
H0480,2025-03,1.5715469401442785,2.9249421255947072
H0481,2025-03,3.838062634656588,2.9704679569583234
H0482,2025-03,3.4828294393926367,3.301605080975142
H0483,2025-03,2.3435877215205108,3.1120956661077885
H0484,2025-03,2.5937352014907304,3.3828847709739254
H0485,2025-03,3.3188799182535504,2.8153914855185485
H0486,2025-03,3.130377803749364,2.684268548422275
H0487,2025-03,3.764608607183799,3.383541912448112
H0488,2025-03,3.412217718980015,
H0489,2025-03,2.990809765030509,2.5736167260148837
H0490,2025-03,2.5911247488703544,3.5179850470167016
H0491,2025-03,2.8256851449576446,2.189975617831831
H0492,2025-03,3.9982338003457283,3.444352443866027
H0493,2025-03,4.338485996926659,3.1639001408497234
H0494,2025-03,3.8811555252096954,3.84841408050968
H0495,2025-03,2.2611115375337723,2.53178968476195
H0496,2025-03,3.3875528556024603,3.497468694669685
H0497,2025-03,3.19116013317524,3.232405138904417
H0498,2025-03,,2.7597268943518958
H0499,2025-03,,3.193756019468092
H0500,2025-03,2.7657552915420847,3.51389007239835
H0501,2025-03,3.1247802407039713,3.076631774586222
H0502,2025-03,2.491986033159619,3.1043966742219475
H0503,2025-03,2.975737691852948,3.5640346831856524
H0504,2025-03,3.265628837062928,3.132161935512023
H0505,2025-03,3.204683303246135,3.009295185654128
H0506,2025-03,2.4168387275578675,4.305201153083273
H0507,2025-03,3.4941741257070777,2.954644249205728
H0508,2025-03,2.9545430938826946,2.48934405875161
H0509,2025-03,3.4492116247638585,3.0702993133618763
H0510,2025-03,3.8250271967908462,2.9232539895424643
H0511,2025-03,2.8513043570606844,3.701940667278703
H0512,2025-03,2.887469338860249,2.860037587715914
H0513,2025-03,3.148254608141287,3.7867531289777623
H0514,2025-03,2.9801068096763914,3.2035254973241125
H0515,2025-03,2.830519948191885,
H0516,2025-03,3.3986289953262916,3.941072274619317
H0517,2025-03,2.5680249754716615,2.9321466417814968
H0518,2025-03,3.417077324609931,3.2463077881867153
H0519,2025-03,,3.0943487907453195
H0520,2025-03,2.316745181576092,3.1217954908677594
H0521,2025-03,3.4492356319682447,3.5285866444508156
H0522,2025-03,3.193577671779785,3.3834932810465252
H0523,2025-03,2.495000275007487,3.29928606892459
H0524,2025-03,2.8702506461492074,3.1803574148183253
H0525,2025-03,3.4178532991267314,2.277061921035586
H0526,2025-03,3.9109319677390473,3.219384621451965
H0527,2025-03,2.4921534291489382,2.5212307126533076
H0528,2025-03,3.0014821731769947,2.8169886053455726
H0529,2025-03,2.5410738097356305,3.58070691707833
H0530,2025-03,3.1311454327451718,3.655078373720236
H0531,2025-03,2.681145354329576,3.901631394722359
H0532,2025-03,3.658605546815031,3.3585764564025045
H0533,2025-03,3.492264481625885,2.8075411524483207
H0534,2025-03,3.537937350148716,2.7040754646834353
H0535,2025-03,3.0577666558970766,3.974419928510368
H0536,2025-03,2.9061061128215484,3.014303219342139
H0537,2025-03,3.213897463576781,2.90794284703278
H0538,2025-03,3.951238983757852,3.3171255434520046
H0539,2025-03,3.8790215575050637,4.050109126680021
H0540,2025-03,3.927110164750502,3.0608435006778056
H0541,2025-03,2.9734669817033246,3.1694352197790194
H0542,2025-03,2.684593868701118,2.616099645452113
H0543,2025-03,3.289246714305201,3.3147238361405598
H0544,2025-03,3.1349363820094696,2.6205105332599454
H0545,2025-03,3.190012337810273,2.8158727718347474
H0546,2025-03,2.5357421820431245,
H0547,2025-03,2.663275832946178,2.9308914871816873
H0548,2025-03,3.9519494850893846,2.87937550947775
H0549,2025-03,2.811691663930033,3.6270717614220263
H0550,2025-03,3.3581526007990194,3.588268317301393
H0551,2025-03,2.4085721215127593,2.9627873389102737
H0552,2025-03,3.2861104966774266,3.3183109887741935
H0553,2025-03,2.850564085940018,3.169022579953745
H0554,2025-03,2.722346563014222,2.795151192502287
H0555,2025-03,3.8188154089930615,3.7631421965175456
H0556,2025-03,3.1394102320801722,3.885803560091232
H0557,2025-03,3.9004293628699473,3.724191226731158
H0558,2025-03,3.072380599727962,3.143214246774951
H0559,2025-03,,2.560582278477489
H0560,2025-03,2.8630339152934834,2.671794446004679
H0561,2025-03,2.9914250592396088,2.848340644807174
H0562,2025-03,2.8897330988422407,3.7935151323995164
H0563,2025-03,3.4124709827382818,3.1128274978840054
H0564,2025-03,2.883666199843561,3.4464010741271425
H0565,2025-03,2.6043271481130628,3.5571623789871327
H0566,2025-03,2.945149419955404,
H0567,2025-03,3.9990057780379176,3.2860058337676117
H0568,2025-03,3.419932054731416,3.5341801491834905
H0569,2025-03,3.1195039051226283,2.610072336078585
H0570,2025-03,2.407154588233739,3.3369623701274747
H0571,2025-03,2.8415719892170186,3.8745276215364566
H0572,2025-03,2.455907480519865,
H0573,2025-03,3.0909372726766895,3.5993298929464883
H0574,2025-03,2.410422753841441,3.3771390796247243
H0575,2025-03,3.313513301961672,3.3195561044559914
H0576,2025-03,3.0577896153491086,3.54945802744365
H0577,2025-03,2.1177573347581267,3.338501590976804
H0578,2025-03,2.9871442442183267,3.4481861732738173
H0579,2025-03,3.601175614412913,2.9297214597210535
H0580,2025-03,2.9249188314947663,2.1097441940504855
H0581,2025-03,2.5217277316184648,3.8127698348427432
H0582,2025-03,3.680031377753133,3.9981994459965517
H0583,2025-03,3.2924389990887795,2.8224077323810866
H0584,2025-03,3.3914646779056126,3.5211509945007755
H0585,2025-03,2.9511057130595657,2.6916099092985752
H0586,2025-03,,3.501867755252615
H0587,2025-03,3.792363390673714,3.9298412372199967
H0588,2025-03,3.2780174416629606,
H0589,2025-03,3.5857514712133485,4.39368276287942
H0590,2025-03,3.6117253671472547,3.3059847575779036
H0591,2025-03,3.6026022060198555,3.4935411268099736
H0592,2025-03,2.3735402316433403,3.737738620613485
H0593,2025-03,3.212512680500845,3.4835328734789766
H0594,2025-03,2.522677952841121,3.449655930339888
H0595,2025-03,2.385666221710328,3.303986374317798
H0596,2025-03,3.146188623200754,3.36749434553282
H0597,2025-03,3.4368134060049513,2.8325496092680216
H0598,2025-03,2.7732198361370974,3.376789764473763
H0599,2025-03,2.6744701323512348,3.2531666101468457
H0600,2025-03,2.662716810786473,3.217979756720993
C0001,2025-03,3.6935616580268054,3.8951900716657435
C0002,2025-03,2.5184052007801423,3.1035154043100124
C0003,2025-03,2.296848641133182,3.0600925012333358
C0004,2025-03,2.83243145172271,3.244376771496677
C0005,2025-03,2.7939986740495146,2.965268406975756
C0006,2025-03,2.587252614944114,3.343538071277542
C0007,2025-03,3.1689228272757815,3.408424171283442
C0008,2025-03,3.108466786390975,3.5188776391100234
C0009,2025-03,2.8975043599558137,3.3206592437563933
C0010,2025-03,2.8351094580937106,3.3739707678886512
C0011,2025-03,2.3982492469959795,3.41675058512834
C0012,2025-03,2.470452144500589,4.051635054030976
C0013,2025-03,2.8337114736269986,2.8133312892834037
C0014,2025-03,3.3885312734585464,3.0563261724570747
C0015,2025-03,2.9229109823394355,3.7032585973634036
C0016,2025-03,4.117610778673777,3.2970106551508076
C0017,2025-03,3.060262785160998,3.6744106219946215
C0018,2025-03,2.8144709599907736,2.852660307457759
C0019,2025-03,3.5037304042344424,3.6630393847507876
C0020,2025-03,3.4480553502874374,3.663613546092284
C0021,2025-03,3.1399099324463,2.88089204649704
C0022,2025-03,2.8699356671937206,3.2754797780471185
C0023,2025-03,3.1952341528418637,2.388739978848689
C0024,2025-03,3.7140384922123566,3.3304095564161207
C0025,2025-03,2.683769963946519,3.8023225038971087
C0026,2025-03,2.305685708048699,2.58776985770254
C0027,2025-03,3.1378206914877853,3.2790327086123576
C0028,2025-03,,3.0107939750837334
C0029,2025-03,2.217872240178009,3.5355459027855085
C0030,2025-03,2.8109025079465098,3.317312613829462
C0031,2025-03,3.8936444672013897,3.5642501646006064
C0032,2025-03,3.229088716947965,3.620034623506702
C0033,2025-03,3.4047398260220803,3.08065181537467
C0034,2025-03,3.119961736557352,3.2416293719148297
C0035,2025-03,3.404172071871721,2.995656409225907
C0036,2025-03,3.6838325699702548,3.1843399806322337
C0037,2025-03,2.4360002180200087,2.9546592314745017
C0038,2025-03,2.2185508940205105,3.5297327256128113
C0039,2025-03,,2.7774014048804956
C0040,2025-03,3.021164668283794,3.3437870005310546
C0041,2025-03,4.110185187720688,3.103851230398461
C0042,2025-03,2.4052916844668366,2.7703821626263125
C0043,2025-03,3.843872554947938,4.147127704412064
C0044,2025-03,2.699955153037673,3.7973129620471333
C0045,2025-03,3.013643101259914,2.8310604624008184
C0046,2025-03,3.201338370168658,2.9956131926986513
C0047,2025-03,3.24822501242165,3.505091518485255
C0048,2025-03,3.160410530190775,2.915178544280344
C0049,2025-03,2.897445874125475,3.379108692374475
C0050,2025-03,3.250172038413914,2.780877456415356
C0051,2025-03,2.5496127954675902,3.0933014114255646
C0052,2025-03,2.514123038582844,3.010121375273137
C0053,2025-03,2.8726600917529104,3.2944738810385346
C0054,2025-03,3.2524802943115017,3.916417275255275
C0055,2025-03,3.2512761267331114,3.0541869236351733
C0056,2025-03,2.9334229516513908,3.523560152249265
C0057,2025-03,3.7462622319219734,3.7109274240003916
C0058,2025-03,3.21336672788663,
C0059,2025-03,3.193914976609738,3.188832136276838
C0060,2025-03,2.9664925106787265,3.4830548770324987
C0061,2025-03,2.763535956950004,2.6614104510221788
C0062,2025-03,2.028343918520651,2.9065367780873057
C0063,2025-03,3.5126020556176116,3.6546147987223505
C0064,2025-03,2.728796725140395,3.2119549033804335
C0065,2025-03,3.1564457783273783,3.2597786542402316
C0066,2025-03,3.255202390879632,3.5097665685646686
C0067,2025-03,2.7819206619138677,3.1987370747667465
C0068,2025-03,3.151985857067328,1.7460086389518321
C0069,2025-03,2.992323011179692,3.7014117639504063
C0070,2025-03,2.801750270774206,3.0993353396314793
C0071,2025-03,3.218941584020956,3.8049914949705643
C0072,2025-03,1.8835294481677742,3.4687788843984544
C0073,2025-03,2.3315677677044757,2.9557786057752398
C0074,2025-03,3.331964941476607,2.6539481341613915
C0075,2025-03,2.834580506754766,3.691781194734727
C0076,2025-03,3.3078299243319678,4.010994170183565
C0077,2025-03,2.6332489631532554,3.3125265652977816
C0078,2025-03,,3.3015447636612185
C0079,2025-03,3.431243056304528,3.8854334751725847
C0080,2025-03,2.6572928846820867,3.040525546653765
C0081,2025-03,3.8225418786431153,3.668297836488623
C0082,2025-03,3.4083592467514685,3.1089912573128626
C0083,2025-03,3.5742876912947903,3.7153481770087087
C0084,2025-03,2.189713623360554,3.257167062803978
C0085,2025-03,3.1552881479393626,3.2713190376215833
C0086,2025-03,4.243997026711311,3.7944549722567995
C0087,2025-03,2.1645482254438,3.768535174219276
C0088,2025-03,3.836857655485515,3.570919403724584
C0089,2025-03,1.655620495667038,3.3489027604541457
C0090,2025-03,3.047453075155535,3.44773752724538
C0091,2025-03,2.7735549140383746,
C0092,2025-03,3.26435589251727,3.455410438234948
C0093,2025-03,4.029949424505587,3.638731455176875
C0094,2025-03,2.673891851791302,3.4426940211971844
C0095,2025-03,3.8108932721996807,2.9391862452659527
C0096,2025-03,2.4713548131770517,3.1294135501164737
C0097,2025-03,3.471760569453227,3.3802063190659317
C0098,2025-03,2.4035785724294234,2.810500868163069
C0099,2025-03,3.5380624321839877,2.212856845796865
C0100,2025-03,4.245565091188696,3.64449446547652
C0101,2025-03,3.115448924571801,4.093597997853939
C0102,2025-03,3.9168837381428574,3.6148113155259574
C0103,2025-03,3.5181703655158687,3.5059343825327587
C0104,2025-03,2.801162651004463,2.6225392094285622
C0105,2025-03,2.8631035188920886,3.178659758753768
C0106,2025-03,2.282942063386141,2.152187438511437
C0107,2025-03,3.143293227734177,3.1352853552752578
C0108,2025-03,2.624810264979704,
C0109,2025-03,3.524514875405772,3.852690322360238
C0110,2025-03,2.8369976376866775,2.265572555086642
C0111,2025-03,3.709485718589303,2.9952437423578884
C0112,2025-03,2.747190372150214,3.6503367091990264
C0113,2025-03,2.2044737348567174,2.635673660346143
C0114,2025-03,,2.4632198355465684
C0115,2025-03,3.3322012034986868,3.072832483363516
C0116,2025-03,3.2980107206425457,3.032038743854328
C0117,2025-03,3.070627082484326,3.0884636110918144
C0118,2025-03,3.404662838870869,2.3837392523763064
C0119,2025-03,2.7104475984816445,3.8903696805775083
C0120,2025-03,2.641835122989863,3.4589861730311777
C0121,2025-03,3.039043769029394,3.1811939048648723
C0122,2025-03,2.744596398680239,
C0123,2025-03,2.820980341482639,3.021070116870918
C0124,2025-03,3.038753895642285,3.705714175459467
C0125,2025-03,,3.7276192752418997
C0126,2025-03,2.190474077183769,2.840401478356883
C0127,2025-03,2.895031850572404,3.482947898700322
C0128,2025-03,3.507258063939551,2.8619745395028255
C0129,2025-03,2.714062735695955,3.360523476580547
C0130,2025-03,2.3026804092702586,2.638468443263112
C0131,2025-03,3.289601498292327,3.732879944959151
C0132,2025-03,3.0254790660108357,3.3136084059998807
C0133,2025-03,2.3564976011076215,3.269346130530001
C0134,2025-03,2.2639626076436867,3.298508342460659
C0135,2025-03,3.854061282758471,2.852594297007933
C0136,2025-03,2.6106404603390536,3.1644446451118604
C0137,2025-03,3.5468620444699357,3.794740948987764
C0138,2025-03,3.2917103056898096,3.2557833416946207
C0139,2025-03,3.8104511239613212,3.6862001343445563
C0140,2025-03,3.028096410603086,2.9679722561919233
C0141,2025-03,3.06681669260442,3.6220878753832926
C0142,2025-03,3.6112804174129978,3.637076105163787
C0143,2025-03,2.0857554745803624,3.515886285586399
C0144,2025-03,3.6665013316484862,3.80659333218596
C0145,2025-03,3.623014407708305,2.4801521265616726
C0146,2025-03,2.543140447987324,2.972634062364839
C0147,2025-03,3.2934861406129694,3.770949372912514
C0148,2025-03,3.4155186862271485,3.691765055352465
C0149,2025-03,,3.1257435508786844
C0150,2025-03,2.787014270526927,4.119855658515659
C0151,2025-03,2.729722884449598,3.3342082657029937
C0152,2025-03,2.9859894837856507,3.5690366871614567
C0153,2025-03,4.713855713789145,3.0315524354417187
C0154,2025-03,3.2018377631489336,3.7216761221081107
C0155,2025-03,2.0915054363728167,3.4762891285429816
C0156,2025-03,3.0773629314424826,3.538875467003504
C0157,2025-03,2.891521433396441,4.051357052585683
C0158,2025-03,3.777027148662154,3.1859612558262924
C0159,2025-03,3.605058583069013,3.612320249834747
C0160,2025-03,2.9989014987414966,3.612021986548578
C0161,2025-03,2.4249103978880715,3.083180287574989
C0162,2025-03,3.449808208700114,2.94997980646108
C0163,2025-03,2.9470233888250346,3.2667224443311054
C0164,2025-03,3.2957516161323626,3.799395538422348
C0165,2025-03,3.3383926762205833,2.9641520925092433
C0166,2025-03,3.020118356772465,2.9688531627875445
C0167,2025-03,3.438718432697644,3.5832863281751726
C0168,2025-03,3.7329997621768247,3.1324918939521766
C0169,2025-03,3.4278994567572556,3.0179304031759373
C0170,2025-03,2.2545720658905783,2.8081355329754105
C0171,2025-03,3.0860234130806825,3.7053568807881216
C0172,2025-03,1.5164226616284369,3.577996946569682
C0173,2025-03,2.8422346442870046,2.40396663933534
C0174,2025-03,3.288890533603436,3.2135413614541926
C0175,2025-03,3.6766039411201312,3.8411870538668573
C0176,2025-03,3.3777849511279125,3.139675047873858
C0177,2025-03,3.2315719904753464,2.9757359882690517
C0178,2025-03,3.698173731956994,4.25664855149442
C0179,2025-03,2.7319103905404036,2.8271231512364743
C0180,2025-03,2.7454153982738814,3.483587817698112
C0181,2025-03,2.9504636755767457,3.295212252105174
C0182,2025-03,3.927948561207981,4.492696592334376
C0183,2025-03,3.213249173487384,3.6413239698431914
C0184,2025-03,3.2969204648170845,2.559695914246429
C0185,2025-03,3.103548143223662,2.930800422445173
C0186,2025-03,3.0792552340828836,2.9630531822080686
C0187,2025-03,3.3713756801904777,3.601835273120615
C0188,2025-03,2.583273049066425,2.6437547829845567
C0189,2025-03,3.308805869749542,3.503672798826877
C0190,2025-03,2.892041957813461,3.2878209574339996
C0191,2025-03,3.690172040171044,3.2972827725877796
C0192,2025-03,2.191377803429331,3.5609218274866974
C0193,2025-03,2.963905024629134,3.6037033790622486
C0194,2025-03,2.649814251346558,4.115329285611376
C0195,2025-03,3.5378669235404603,4.578223212042992
C0196,2025-03,3.712217279116555,3.154575102954146
C0197,2025-03,3.1943977865918605,3.43747790948171
C0198,2025-03,3.9123511160041646,3.0035290725492456
C0199,2025-03,3.112626644543811,3.375137908228616
C0200,2025-03,2.5526245284180504,3.003071407525585
C0201,2025-03,,3.05935618233344
C0202,2025-03,4.256122889679672,3.0841213703943087
C0203,2025-03,3.478529402056288,3.571129980831138
C0204,2025-03,2.9101308729021356,4.11024721335144
C0205,2025-03,,3.0719511166599007
C0206,2025-03,3.3062085676625874,2.5278893388429795
C0207,2025-03,2.9440929057067726,3.5969814509940083
C0208,2025-03,3.798257468185267,
C0209,2025-03,2.9801064172978524,4.319099519688857
C0210,2025-03,3.5833827578887876,3.3399569093684414
C0211,2025-03,3.532835813127387,3.3549526959974494
C0212,2025-03,2.885562586727141,3.906459593669166
C0213,2025-03,2.747391072615457,2.6728002463916427
C0214,2025-03,3.5928802356046594,3.0357660582466646
C0215,2025-03,3.113897240503985,3.732391861675925
C0216,2025-03,3.1998032503541616,2.705280759322323
C0217,2025-03,3.138173553947958,2.8631284108946105
C0218,2025-03,2.579166533310152,2.580489426877914
C0219,2025-03,3.6864948847472148,2.8393905775260673
C0220,2025-03,2.8078953465070917,3.202233219185082
C0221,2025-03,2.9076384956113457,3.3949131696815895
C0222,2025-03,3.5840430745443186,3.218895971465031
C0223,2025-03,3.3213238448468014,4.019344627850389
C0224,2025-03,3.003459207274157,3.1157753218335875
C0225,2025-03,2.9594150282930367,2.6818311370669106
C0226,2025-03,3.8131364440075886,3.052000419554892
C0227,2025-03,1.791710872016787,2.827073353501655
C0228,2025-03,3.466912480586786,4.453231534884701
C0229,2025-03,,3.429828863320186
C0230,2025-03,3.1021342324359957,4.0013978655959885
C0231,2025-03,3.1081276640938977,2.1664890242397
C0232,2025-03,3.5395676289033915,2.7210259572109035
C0233,2025-03,3.1844689162439432,2.5646936312009396
C0234,2025-03,2.5407159053625707,3.0593688538541204
C0235,2025-03,3.2304438382111726,3.5087904058222814
C0236,2025-03,3.4181539562818863,3.722451944321045
C0237,2025-03,3.046743692791223,3.43566492412186
C0238,2025-03,3.6255999975544544,3.725956622242436
C0239,2025-03,2.8957446640859885,3.297097906550151
C0240,2025-03,2.8198420379303926,3.075024743305108
C0241,2025-03,3.445265834756816,3.1633152533677786
C0242,2025-03,3.4405401519038463,3.764577970230815
C0243,2025-03,4.106812907706657,3.8165566071458805
C0244,2025-03,3.0986321136017145,2.927200487363769
C0245,2025-03,3.3572504005507438,3.4186544725880705
C0246,2025-03,2.732199258193566,3.7609478882052048
C0247,2025-03,3.2788281111628326,2.886980367677836
C0248,2025-03,2.4553581816662047,3.2846305234533335
C0249,2025-03,3.551658465288861,3.1930016459287502
C0250,2025-03,3.01394672549369,3.6629661798521638
C0251,2025-03,3.72490054551033,3.674267002961533
C0252,2025-03,3.811438661439669,3.6872336393672227
C0253,2025-03,3.276045887964612,3.0045296995977213
C0254,2025-03,2.770111753529712,2.710447086612871
C0255,2025-03,3.2395320069209617,2.821037422821221
C0256,2025-03,2.5069933311414245,3.5023674746654843
C0257,2025-03,3.236336752088993,3.580161528643672
C0258,2025-03,2.595507246758118,3.4481748705152118
C0259,2025-03,2.9771032862790086,3.7118984906458263
C0260,2025-03,4.165078018773635,3.339362849368448
C0261,2025-03,2.869060600589183,3.0577418032327435
C0262,2025-03,2.6234885668571524,
C0263,2025-03,2.1686150730850686,3.3971145772895905
C0264,2025-03,2.859671586911757,3.0611122595174507
C0265,2025-03,3.3729838182323015,3.013822314276055
C0266,2025-03,2.3102414559399245,3.278088036984354
C0267,2025-03,2.671620138361372,3.384282823704471
C0268,2025-03,3.1313585744933112,3.2536834533921652
C0269,2025-03,3.0171637753731426,3.6430914688692506
C0270,2025-03,2.8278696166002453,2.942679473857088
C0271,2025-03,2.841440782296245,2.607553635995923
C0272,2025-03,3.8521348589438418,2.8313374745642914
C0273,2025-03,2.6844748288657203,3.310695254859996
C0274,2025-03,3.826455221976995,3.8859297215810926
C0275,2025-03,2.812751144602547,2.9267679661173904
C0276,2025-03,2.8520467535706304,3.090581636072023
C0277,2025-03,3.358055263037073,3.378380725235661
C0278,2025-03,2.299592054792282,3.4618810651786767
C0279,2025-03,2.9521584503781866,
C0280,2025-03,3.017646236208849,2.876030928456249
C0281,2025-03,3.9526672639047313,
C0282,2025-03,4.0747094287665195,3.878079661798239
C0283,2025-03,2.925564456652923,3.554851213274572
C0284,2025-03,3.102813640167138,2.7984506696675786
C0285,2025-03,3.1131024415340693,3.9169239858723284
C0286,2025-03,2.890859904467495,3.827227517270262
C0287,2025-03,2.854970253425781,
C0288,2025-03,3.5566760478547597,3.0650769462565677
C0289,2025-03,3.832059826783672,3.4252203979571436
C0290,2025-03,3.7266941158594347,3.9944313829878304
C0291,2025-03,4.255380208621619,3.3538654293136516
C0292,2025-03,2.963421248840153,2.8151153876673773
C0293,2025-03,3.4899607928340712,3.498444421244317
C0294,2025-03,3.780605914475166,3.4782113317808516
C0295,2025-03,2.146668701214396,2.3701110143360786
C0296,2025-03,2.866220267685409,2.74009916109871
C0297,2025-03,3.300518479638785,
C0298,2025-03,3.115709591851033,3.1801405783715313
C0299,2025-03,3.1710361921506727,4.145588170711244
C0300,2025-03,3.0848342332398206,3.593774397012697
C0301,2025-03,2.9225310417216646,
C0302,2025-03,1.9638513195454463,3.468669018336679
C0303,2025-03,3.3156222781610825,3.4337350755050373
C0304,2025-03,2.687438299411079,2.9615210551111493
C0305,2025-03,3.1705307497619213,3.1900871185216784
C0306,2025-03,2.7725898302877043,
C0307,2025-03,3.2705070821095945,2.7652754428023285
C0308,2025-03,2.9339018102386154,3.5055149896640536
C0309,2025-03,2.5727920017067514,3.181569678090769
C0310,2025-03,3.1213875737329855,3.249916673592395
C0311,2025-03,2.4253195796726734,3.5837505991915064
C0312,2025-03,2.8303842449622882,2.690964382284365
C0313,2025-03,2.8524496815359948,2.5929430265891362
C0314,2025-03,2.545654803564781,3.3521644866213776
C0315,2025-03,3.1823255442729455,2.7785652134873384
C0316,2025-03,2.459535668009658,3.026012834949368
C0317,2025-03,2.5264383817668965,3.5202258659962538
C0318,2025-03,2.795352617599193,3.3476836587657632
C0319,2025-03,3.5280025270897273,3.138279694636041
C0320,2025-03,2.983962317888409,3.436279035338833
C0321,2025-03,3.2254877203441508,2.9157544068977965
C0322,2025-03,1.7715786738542278,2.4075498703143983
C0323,2025-03,3.446071273185996,3.0921052016709236
C0324,2025-03,2.284620349317285,2.7904871398191844
C0325,2025-03,2.77401432381862,2.8955705723641554
C0326,2025-03,3.5815561260923863,4.225753719819079
C0327,2025-03,3.06741146724883,2.583336307718928
C0328,2025-03,3.29119943246583,3.6186544741397144
C0329,2025-03,2.519852500828131,2.994354577092105
C0330,2025-03,3.427551535324511,3.2674428060282965
C0331,2025-03,3.442977726212888,3.1699625349481177
C0332,2025-03,3.3022316350755614,2.99035597913936
C0333,2025-03,3.5419092954425686,2.825500721047188
C0334,2025-03,2.3281146459540842,3.6883601636173315
C0335,2025-03,3.895083434056241,2.6933522142680837
C0336,2025-03,2.103625972877735,3.341498913469206
C0337,2025-03,2.79233823189979,4.22211441465554
C0338,2025-03,3.198927690118927,3.882454005256842
C0339,2025-03,2.0281569346614736,2.5554521923208497
C0340,2025-03,3.1410679388548703,4.05562004938612
C0341,2025-03,3.9457912257854573,3.803511245860722
C0342,2025-03,2.8595398031765114,2.858647578464775
C0343,2025-03,2.5744238270072777,3.7998094142198653
C0344,2025-03,2.9270959526075413,3.8119405110608566
C0345,2025-03,3.5420236581076767,3.034002696416199
C0346,2025-03,3.0546705721352123,3.399324586580843
C0347,2025-03,3.0176586308939006,
C0348,2025-03,3.231459070125922,3.4624420304760752
C0349,2025-03,3.1959695046904706,3.4330451225491196
C0350,2025-03,3.510685284704069,3.6641020188857527
C0351,2025-03,3.072267653134251,3.03430814954652
C0352,2025-03,2.3882471102918634,4.092848698822748
C0353,2025-03,3.47615815173012,3.201125131731139
C0354,2025-03,,3.684292003328178
C0355,2025-03,3.039272200720587,3.233554206864542
C0356,2025-03,2.7713107992418244,2.9280737554722505
C0357,2025-03,2.9136813332890954,3.3128417773281376
C0358,2025-03,3.5462910076799083,3.235868339193738
C0359,2025-03,3.4146990857695108,3.755065561663881
C0360,2025-03,3.8037699244674554,3.4811903856030324
C0361,2025-03,2.8930928254209345,3.51552123434164
C0362,2025-03,3.2293100950453333,4.019922038753934
C0363,2025-03,2.6965903427470392,3.3055764674625996
C0364,2025-03,3.192725445194147,2.821574981493214
C0365,2025-03,3.211077162697313,3.5745324906148763
C0366,2025-03,2.2978153526361775,
C0367,2025-03,3.0001801788857083,2.7132569156437194
C0368,2025-03,3.589052174317052,3.0517807915215176
C0369,2025-03,2.790095309701531,3.013196157975792
C0370,2025-03,3.2460534016528033,2.74032572195953
C0371,2025-03,3.432009593679058,3.5026610913582803
C0372,2025-03,2.6247357252586534,3.330208884462255
C0373,2025-03,3.5631250447979514,3.5562133458353413
C0374,2025-03,2.9783348059078367,3.6809846907400363
C0375,2025-03,3.455072804495791,
C0376,2025-03,2.8951462518192677,2.643053214686718
C0377,2025-03,3.3222460421332674,3.253772041063089
C0378,2025-03,2.99842576961769,3.6604385128070485
C0379,2025-03,3.035845120695503,3.5030144146744986
C0380,2025-03,4.002544758668582,2.937484055332163
C0381,2025-03,3.460225198294316,3.3364850637667045
C0382,2025-03,3.071936696039579,3.6458662412952463
C0383,2025-03,3.3469710748430757,3.20933031025839
C0384,2025-03,2.734606937284234,2.8465973257438413
C0385,2025-03,3.028808285277556,3.5918669678939144
C0386,2025-03,2.8702021792775616,2.8646410346846314
C0387,2025-03,2.977004436437748,3.7140107085962697
C0388,2025-03,3.237847523064146,
C0389,2025-03,2.9044805454169067,3.5733140985979417
C0390,2025-03,3.259058045393152,3.0137053264862024
C0391,2025-03,3.343285054853178,3.6937065886627947
C0392,2025-03,,3.378028101040937
C0393,2025-03,2.4907543551346243,2.8310348545018416
C0394,2025-03,3.702875330404195,3.63932497949384
C0395,2025-03,2.815535698844348,3.625665548240361
C0396,2025-03,2.7279270041852746,3.3609334403436852
C0397,2025-03,3.588888945678059,3.0947883668682197
C0398,2025-03,3.0783340698551602,3.7734101689780832
C0399,2025-03,3.170415738726222,3.178495430107635
C0400,2025-03,2.8834693131638667,3.1982470976082724
C0401,2025-03,,2.710920296117422
C0402,2025-03,2.9121124615944294,3.6966895542867277
C0403,2025-03,3.8517701265180184,3.7767065309801295
C0404,2025-03,3.3385688048100164,3.210477519617015
C0405,2025-03,,3.4603059882454223
C0406,2025-03,,3.636580297786905
C0407,2025-03,3.45701166991316,3.567730674853441
C0408,2025-03,3.889544946168103,3.2181558288057066
C0409,2025-03,3.218313017565412,2.8119119128010426
C0410,2025-03,2.416093417873029,2.8360581703043124
C0411,2025-03,3.132420607075566,3.35801601375205
C0412,2025-03,3.594894078843875,2.699567156618828
C0413,2025-03,2.447802241559603,3.95205761123285
C0414,2025-03,3.8453124707572868,3.429397658754087
C0415,2025-03,,4.143913903743198
C0416,2025-03,3.1609722601050954,2.8715089645940433
C0417,2025-03,2.821880202612993,3.232103263230861
C0418,2025-03,2.62725569413751,2.8592439185444114
C0419,2025-03,3.7864474875806087,2.781193416129997
C0420,2025-03,2.537065748060049,3.561655437413179
C0421,2025-03,3.8093867222141577,3.557044584662989
C0422,2025-03,3.4723062718906763,4.217843164867241
C0423,2025-03,3.388900995050376,3.4610798032441243
C0424,2025-03,3.250099116200472,3.1147358785558
C0425,2025-03,2.6492347202876108,3.5353415821878524
C0426,2025-03,3.480414196072991,3.272427141821008
C0427,2025-03,2.3147373566656246,2.9495398643367676
C0428,2025-03,2.677311028646437,3.318560352933277
C0429,2025-03,2.351267756999475,2.9023290289803496
C0430,2025-03,3.015784438861113,2.8421860335695297
C0431,2025-03,,3.654429350320502
C0432,2025-03,2.9260836479226255,2.872145794624017
C0433,2025-03,2.938622725072817,3.300656056259352
C0434,2025-03,3.3995921856310733,2.7335289710402417
C0435,2025-03,2.2740312764466557,3.111515088727163
C0436,2025-03,3.638866318428422,3.352475989161309
C0437,2025-03,3.14050552739661,3.3390959612147233
C0438,2025-03,2.7739834050911054,2.861994074833932
C0439,2025-03,3.0886927684588694,3.5440167147467263
C0440,2025-03,3.367071814089706,3.425767846366941
C0441,2025-03,3.7635197870870103,2.7427103808433366
C0442,2025-03,3.030871673850696,3.675162939040457
C0443,2025-03,2.369467820408937,
C0444,2025-03,2.4843556084985314,3.237334242807634
C0445,2025-03,3.5879406488273253,3.552370215036472
C0446,2025-03,3.669525710253007,2.92977457082249
C0447,2025-03,4.221358541901474,3.2489329130560582
C0448,2025-03,2.337478404193307,3.261465485067492
C0449,2025-03,3.111710858333512,2.7253457064448137
C0450,2025-03,,3.807551448613362
C0451,2025-03,3.067151964309769,2.635435501816958
C0452,2025-03,2.95781799187545,3.1762903333301398
C0453,2025-03,3.258394822300986,4.109871898641831
C0454,2025-03,3.045873044923442,3.026700848674131
C0455,2025-03,3.0679813299903853,3.1749827824885717
C0456,2025-03,3.5375169922122294,2.8427185180685273
C0457,2025-03,2.5935479449480034,2.7328622746926037
C0458,2025-03,3.019434102433531,3.6231008882883047
C0459,2025-03,3.6334845430129237,3.15071438565488
C0460,2025-03,2.508272454616681,3.3182404823734952
C0461,2025-03,3.138827521819542,3.2748844078356476
C0462,2025-03,1.7781000691108182,2.871676334039992
C0463,2025-03,3.205229414219567,3.1016190010955738
C0464,2025-03,2.705974948962551,3.3885123407942532
C0465,2025-03,3.822573680346928,4.083632608585788
C0466,2025-03,,3.113875950567548
C0467,2025-03,2.6024013947924654,2.736054636171734
C0468,2025-03,2.5502872624404804,4.34020096564759
C0469,2025-03,3.1183817943200864,3.034235624961656
C0470,2025-03,2.5757956665325548,2.2750054416939354
C0471,2025-03,2.8909457454602117,4.055217758363781
C0472,2025-03,3.004602642091529,2.7770301169838074
C0473,2025-03,2.5836486094116475,3.08226406291343
C0474,2025-03,3.355578585445316,3.8145627750871065
C0475,2025-03,2.7275693343389737,3.9418922196850423
C0476,2025-03,2.3935335433753733,3.4414148053469598
C0477,2025-03,2.949952188310635,3.528861809566876
C0478,2025-03,3.020380713676117,3.773990909295371
C0479,2025-03,2.7867085803154286,2.933168053159869
C0480,2025-03,,3.729254066959216
C0481,2025-03,3.000240390557458,3.2523753193783875
C0482,2025-03,2.2059527520155893,
C0483,2025-03,3.436891398919165,3.733160192114827
C0484,2025-03,3.01049275127181,3.44367422999355
C0485,2025-03,2.572825198873383,3.5506184956887874
C0486,2025-03,2.4499356574124516,3.348298669250942
C0487,2025-03,3.402818815948503,3.1769432474482167
C0488,2025-03,2.3680603220300416,3.2072115536445804
C0489,2025-03,2.5985319542437773,3.4447797841579124
C0490,2025-03,2.6061536432997743,3.918865633105349
C0491,2025-03,3.0089420922913344,2.816363882417915
C0492,2025-03,2.7712520240354803,2.975908530808435
C0493,2025-03,3.2677211303069438,3.4838989689353888
C0494,2025-03,3.093632269692878,3.5846565815320166
C0495,2025-03,3.145961249303007,3.8550122278601715
C0496,2025-03,2.984056318584832,3.5734414413437703
C0497,2025-03,,3.4066947378304073
C0498,2025-03,3.348921751760927,3.5323743526555416
C0499,2025-03,3.112737966599597,3.2973888816108
C0500,2025-03,3.8326374004912482,3.3980177811444676
C0501,2025-03,2.863829728957796,3.8603095484852905
C0502,2025-03,4.18899504888834,2.436642202029402
C0503,2025-03,4.445766182420586,3.3669205288598576
C0504,2025-03,3.710489552668649,3.1072999660677834
C0505,2025-03,2.996129908860025,2.9171063274093303
C0506,2025-03,3.3486317945096102,2.8890875663269124
C0507,2025-03,3.4359916174456435,2.3617803614840325
C0508,2025-03,2.93109246564835,4.040871904632127
C0509,2025-03,3.4185720789211143,4.2855553480104
C0510,2025-03,3.26808563026478,3.61821679851155
C0511,2025-03,2.861925603367758,4.062692183940831
C0512,2025-03,3.1551720824709224,
C0513,2025-03,3.2279349491224885,3.911238492885162
C0514,2025-03,2.240727517193916,2.8889129655139754
C0515,2025-03,3.4637571359247894,2.8334137338748095
C0516,2025-03,3.328269329764443,
C0517,2025-03,,4.1878189279468065
C0518,2025-03,3.516288201657895,3.761255941841404
C0519,2025-03,2.972506006480132,4.051515702210654
C0520,2025-03,3.861025447643863,2.531563103688765
C0521,2025-03,3.8980245348356846,2.728271616615412
C0522,2025-03,2.8783542920228053,3.2910416691233078
C0523,2025-03,3.137795582634284,3.906495659381809
C0524,2025-03,3.5342925013920325,3.8794274481046185
C0525,2025-03,2.6873626080456474,2.468783383964207
C0526,2025-03,2.737149301362205,3.0108425638403666
C0527,2025-03,3.9565178240134635,2.8269560184780835
C0528,2025-03,2.9848380556818146,3.3298578441853284
C0529,2025-03,3.8236304056558237,4.068199024868964
C0530,2025-03,3.449367794738076,3.0367478218152666
C0531,2025-03,3.2532597675407686,3.084965861995227
C0532,2025-03,3.8756931325038257,2.976215106726725
C0533,2025-03,3.5609051896757107,3.6668252503781154
C0534,2025-03,3.3876259004617357,3.25370216631259
C0535,2025-03,3.4175351234579394,2.813562730088478
C0536,2025-03,3.089913115167769,3.7361357654650735
C0537,2025-03,3.068841781425534,3.1886655789636946
C0538,2025-03,2.592489632859485,3.3067733915069044
C0539,2025-03,3.547890377398282,2.976081512288621
C0540,2025-03,2.863474611893406,2.5536393510019395
C0541,2025-03,2.399811010706136,3.5765819238199326
C0542,2025-03,3.3636792816538095,3.4379841387448895
C0543,2025-03,3.10470778439294,3.5145140703697746
C0544,2025-03,3.6599823048019537,3.062666889247609
C0545,2025-03,3.548264324907854,3.1012822695061923
C0546,2025-03,3.9513162244412876,3.519530986927578
C0547,2025-03,3.1812609045729876,3.6566065311512923
C0548,2025-03,3.235034476978226,3.4310371063930827
C0549,2025-03,3.4387243672478487,2.914872033475918
C0550,2025-03,2.0547141504428907,3.7266562046177416
C0551,2025-03,2.500835617790491,3.4019690419099184
C0552,2025-03,2.937158860030763,3.176862810516414
C0553,2025-03,2.4213646250159107,3.133420983328132
C0554,2025-03,,3.1873424953983704
C0555,2025-03,2.8651043489406742,2.9195592274236013
C0556,2025-03,3.380201222512553,2.854273683093927
C0557,2025-03,3.596656990019987,3.284553668784022
C0558,2025-03,2.924409525354122,
C0559,2025-03,3.290180982098314,3.008242762853884
C0560,2025-03,2.585589146270279,
C0561,2025-03,3.529060878122405,2.876617019856547
C0562,2025-03,3.4704006508009297,4.0012679995867915
C0563,2025-03,4.014780860893454,3.231366369225049
C0564,2025-03,4.141573629063332,3.741390042075418
C0565,2025-03,3.761734711259294,3.959747689149228
C0566,2025-03,2.965600413011134,4.022497109764315
C0567,2025-03,3.000397711082,
C0568,2025-03,,3.098353855754595
C0569,2025-03,2.4578312892767284,2.4506835808415937
C0570,2025-03,3.7438849587321643,3.7670295985046764
C0571,2025-03,3.4471707795655036,3.142021863600326
C0572,2025-03,3.5732040099909574,4.049466415299738
C0573,2025-03,2.7658066740894207,3.141452173287499
C0574,2025-03,2.935005661854926,2.7487744892247346
C0575,2025-03,3.2871090119985062,2.640261765182802
C0576,2025-03,3.2039013489942407,
C0577,2025-03,2.928904581504106,3.838726501715903
C0578,2025-03,2.871417398256487,2.697621556615882
C0579,2025-03,2.999646399362593,3.2278102320906497
C0580,2025-03,3.39537004940138,3.1562673217031136
C0581,2025-03,2.4498760772649644,2.664362289208321
C0582,2025-03,2.7477647903788696,3.3133494407864954
C0583,2025-03,3.097703844146631,3.78466496340284
C0584,2025-03,3.5218918494855824,3.47367519670663
C0585,2025-03,4.000171525535916,3.4072982177021687
C0586,2025-03,3.1467887833868478,3.0268686941642837
C0587,2025-03,2.609545279931146,3.164419451353086
C0588,2025-03,3.0188782185915586,3.38667791736693
C0589,2025-03,3.0577538251403755,4.205141283307299
C0590,2025-03,2.797560461032232,2.9817400102771217
C0591,2025-03,,2.79793471807686
C0592,2025-03,2.7886043216228806,2.80395322174247
C0593,2025-03,2.658836116052533,3.9895736350516766
C0594,2025-03,4.018914116866823,4.03704462732449
C0595,2025-03,3.0984415062877875,3.1166391400133784
C0596,2025-03,2.9239051041574093,3.5367429492499474
C0597,2025-03,3.2366781975533696,3.3361325095243473
C0598,2025-03,3.7641921747566993,2.738242675997513
C0599,2025-03,3.6721898426540904,3.450339512729712
C0600,2025-03,3.1773295602956364,2.8437719714447827
C0601,2025-03,2.886458081041058,3.0087864782422504
C0602,2025-03,3.327311320485483,3.1694618994115
C0603,2025-03,2.836455919383524,3.6996883270467653
C0604,2025-03,3.813049753783989,3.492811659078609
C0605,2025-03,4.570632187076098,3.193672885232812
C0606,2025-03,3.1458373963510264,3.6983043560375664
C0607,2025-03,3.1774430186896057,3.27174397747101
C0608,2025-03,2.538146886829483,2.8698577442952957
C0609,2025-03,4.084986905261628,3.796613961065018
C0610,2025-03,3.029488495976226,3.0758892324315994
C0611,2025-03,2.0114736034410274,2.123540946800305
C0612,2025-03,3.1649030786321126,3.270051395079533
C0613,2025-03,2.736817889976527,2.6994486422996022
C0614,2025-03,3.1955237778024643,2.9881230730974404
C0615,2025-03,3.131099325548618,3.3531951887451776
C0616,2025-03,3.3766844856382785,2.760345140140226
C0617,2025-03,2.8668639504729003,3.4165438183540084
C0618,2025-03,3.1752788248017065,3.424860769042938
C0619,2025-03,3.4786706639900373,2.967710756535626
C0620,2025-03,3.219244676168802,3.3525647167295176
C0621,2025-03,2.9911145659471017,3.4929445563953654
C0622,2025-03,3.9259584960789717,3.6390053379461067
C0623,2025-03,,3.131745091556613
C0624,2025-03,2.7325064245721267,3.128652220621777
C0625,2025-03,3.285742403800471,3.508333592420788
C0626,2025-03,3.174613742553205,2.7246737691589837
C0627,2025-03,3.1686296187943634,2.9699678983216256
C0628,2025-03,3.285473911953357,3.727273858908805
C0629,2025-03,2.710684160597674,2.6670353451963718
C0630,2025-03,2.6710165527257335,3.752679679428105
C0631,2025-03,3.3223108442537845,
C0632,2025-03,2.725225122155614,3.528059622049605
C0633,2025-03,3.6160478341059776,3.606334213066999
C0634,2025-03,3.189437863045981,3.8106695230517085
C0635,2025-03,3.893426594026553,2.302829809519996
C0636,2025-03,3.7898447019714077,3.0462955947245645
C0637,2025-03,3.585011427597419,4.10922732163952
C0638,2025-03,2.616221951675516,3.040756659739359
C0639,2025-03,2.950223617549888,3.7033907357512312
C0640,2025-03,4.033793961626229,3.346758168944719
C0641,2025-03,3.084271546986983,2.6765367000813263
C0642,2025-03,3.274392690401837,4.2378916449962425
C0643,2025-03,2.984104524920373,3.0971946610780523
C0644,2025-03,3.187617834394757,4.72628803569373
C0645,2025-03,2.9634698520869023,3.346775839917812
C0646,2025-03,,3.765855986733552
C0647,2025-03,2.4747543086631256,3.4045921605001235
C0648,2025-03,2.795787247941574,3.6921717040206983
C0649,2025-03,3.8766577105376334,3.555875047090104
C0650,2025-03,2.8911781428863104,3.71083473429805
C0651,2025-03,3.5764510796485967,3.457142145591301
C0652,2025-03,2.663637574694129,
C0653,2025-03,2.5481552619288665,3.72939370726072
C0654,2025-03,2.6932930468375216,3.9457769207772246
C0655,2025-03,2.772325087104294,3.0892068295145876
C0656,2025-03,2.8092130892742238,4.112616587745825
C0657,2025-03,2.7610864541078817,2.9039811889331917
C0658,2025-03,3.216492467269529,3.1028696623187964
C0659,2025-03,2.8779057292040515,2.781835243077743
C0660,2025-03,2.104846839155461,2.5360246264966113
C0661,2025-03,3.423625684398228,
C0662,2025-03,,3.394119456562467
C0663,2025-03,3.9148376557193383,3.368048730733961
C0664,2025-03,2.938762250753556,3.930937075594253
C0665,2025-03,3.4303743123799593,2.6007347919079216
C0666,2025-03,2.6047737031574987,2.9567708010129414
C0667,2025-03,2.910320534197182,3.079796141348247
C0668,2025-03,3.1772161943113613,2.958203987623291
C0669,2025-03,2.2807332602713126,2.809635041273306
C0670,2025-03,3.6087421546105087,3.1347438262047542
C0671,2025-03,2.8758327951955276,3.1946657425587874
C0672,2025-03,2.217177019823535,2.628757183406481
C0673,2025-03,3.1942726681918963,3.5886838611547165
C0674,2025-03,2.9496215290674224,3.737407353994514
C0675,2025-03,2.6231032732369632,3.4092483082360374
C0676,2025-03,3.0607159871102625,3.025876589631673
C0677,2025-03,3.2434432270974973,
C0678,2025-03,3.581622161798377,3.82524100648355
C0679,2025-03,2.99101167011819,2.852455525951763
C0680,2025-03,3.2409216891220267,3.4636348043346983
C0681,2025-03,2.652066574332721,2.8684561632931156
C0682,2025-03,2.2188865543328493,2.9431275230968788
C0683,2025-03,3.3958797341139357,3.1652053510976064
C0684,2025-03,2.642753189010226,3.2530518920528673
C0685,2025-03,1.9269847312050101,2.4858592718746855
C0686,2025-03,,2.885209346301727
C0687,2025-03,2.7905782663643404,3.047660099047135
C0688,2025-03,3.624919680745339,3.5145139067568985
C0689,2025-03,2.870087473013424,2.6257045678884547
C0690,2025-03,3.0409160018567465,3.661913349253599
C0691,2025-03,3.3153218251277434,3.888337962209633
C0692,2025-03,2.95464886477197,2.823278149061794
C0693,2025-03,3.4390648251812492,3.1986572350198097
C0694,2025-03,3.8851662040376422,3.9725985148107497
C0695,2025-03,2.630843485382984,3.220842457567967
C0696,2025-03,2.9551135968871596,2.906162784525086
C0697,2025-03,3.946747148646859,3.7601306627747992
C0698,2025-03,2.8920648337500383,3.9535517957719417
C0699,2025-03,2.4770419703534787,2.980593122344649
C0700,2025-03,3.4008565332848493,3.049879794963009
C0701,2025-03,2.978238913536005,3.6786738948019386
C0702,2025-03,3.9075191415369455,2.9687370825810913
C0703,2025-03,2.806983103615252,2.769202158111996
C0704,2025-03,2.996435060912193,3.3349576729360177
C0705,2025-03,2.9601326741814318,2.981694188345752
C0706,2025-03,3.6075473180807167,2.658587235301958
C0707,2025-03,2.4961340888059422,3.9153327992166247
C0708,2025-03,2.812984353183652,2.6607689528006184
C0709,2025-03,2.97382649964061,3.309452545259408
C0710,2025-03,1.5950390059723838,2.2368186849764484
C0711,2025-03,2.9781997008918664,4.014919523382476
C0712,2025-03,3.050195282702696,3.353721333540794
C0713,2025-03,2.6828106942623435,3.8780577912483207
C0714,2025-03,3.762834295091949,3.2794246818020443
C0715,2025-03,3.510980687035324,4.304733574766563
C0716,2025-03,3.2134092060064554,2.875329698946307
C0717,2025-03,2.5426444865918247,
C0718,2025-03,2.805340485930442,2.4140894430853432
C0719,2025-03,3.130989592812132,2.7130431140356226
C0720,2025-03,3.8290006167971935,2.991833884979254
C0721,2025-03,3.698125129760878,3.4610063226120125
C0722,2025-03,3.4850152351976713,3.261305686159186
C0723,2025-03,2.6167647542300725,3.423888258205754
C0724,2025-03,2.738660899806346,2.7304733392035665
C0725,2025-03,2.8965968684227272,4.220887646729922
C0726,2025-03,3.249737869740618,3.398905008341245
C0727,2025-03,2.7274517015794495,2.5850603735695232
C0728,2025-03,2.282158104131035,3.207948189884856
C0729,2025-03,2.8797106164208714,3.2630671937918865
C0730,2025-03,3.6616900056525394,2.714542704914665
C0731,2025-03,3.137604672198597,3.863013056954528
C0732,2025-03,,2.5623929270795927
C0733,2025-03,3.047686733010473,3.1663047508421287
C0734,2025-03,2.7665774516300536,3.5946823664619756
C0735,2025-03,2.5979882072285374,3.268922924738922
C0736,2025-03,2.387854342220679,3.3374597088632667
C0737,2025-03,2.5738767860074274,3.7170495110869837
C0738,2025-03,2.98666808625757,3.2803180113230166
C0739,2025-03,2.487458951386404,2.9704647716497696
C0740,2025-03,3.093631716039864,3.2465211649615617
C0741,2025-03,2.7834834350784856,4.1224786910999685
C0742,2025-03,3.3763997302371322,3.204246013291958
C0743,2025-03,2.7613322489148606,2.313320290025058
C0744,2025-03,2.4085995660646633,3.7513907141576333
C0745,2025-03,3.186239495910905,3.008871535227716
C0746,2025-03,2.8761656201578965,3.500869583332121
C0747,2025-03,3.579542867383622,3.0548885780497863
C0748,2025-03,2.9094964247987947,3.389702539202057
C0749,2025-03,2.286071431334124,3.1422641678113177
C0750,2025-03,2.995435504174203,3.1375456628241563
C0751,2025-03,2.831312780388179,3.3366091628179104
C0752,2025-03,2.942629503099716,3.057590205756065
C0753,2025-03,3.5315138676669258,2.779197023512887
C0754,2025-03,3.8024106679720706,3.8051646163657815
C0755,2025-03,,2.906521649987751
C0756,2025-03,2.985284476098432,3.7221827070295084
C0757,2025-03,3.199015486234827,3.346319009278859
C0758,2025-03,2.920087536969099,3.444322377336196
C0759,2025-03,2.8536276515681505,3.756834712482864
C0760,2025-03,3.872731257313334,3.6069018813670057
C0761,2025-03,3.0742412103539487,3.4927855154869505
C0762,2025-03,2.4578701975880963,3.415497392579587
C0763,2025-03,2.852267748131167,2.9158072354173936
C0764,2025-03,3.49928361535316,3.320877302853109
C0765,2025-03,3.7532229231838903,3.451208113649825
C0766,2025-03,3.2569499510074746,2.550750730570194
C0767,2025-03,2.972343651625837,2.939716981539743
C0768,2025-03,3.5699130491255024,2.784717824716059
C0769,2025-03,3.2602944330138026,3.8269915332348243
C0770,2025-03,2.5041023119485546,3.8277615750304017
C0771,2025-03,2.6291813932303096,
C0772,2025-03,2.6069996331871286,3.197238285925092
C0773,2025-03,2.6356342811774516,3.1034765515473945
C0774,2025-03,2.5856897341587093,3.188454232636372
C0775,2025-03,3.4204702840657513,3.5565762017605698
C0776,2025-03,3.813447323152545,3.834638532112895
C0777,2025-03,2.287126304557776,2.6503168378460535
C0778,2025-03,2.8390451600524473,3.411754733612967
C0779,2025-03,3.6960142331589156,3.78178270486004
C0780,2025-03,3.508950395172744,3.6383741135430525
C0781,2025-03,3.0300912009231324,2.7700826756482564
C0782,2025-03,3.0618323707818185,3.7556660215937416
C0783,2025-03,3.6516195607415356,3.152144913422621
C0784,2025-03,3.6821141445707344,3.8921028526630996
C0785,2025-03,3.469268650567193,2.9763399218480795
C0786,2025-03,3.1519438895832743,3.873183304044323
C0787,2025-03,3.2189617015279595,4.079862763201726
C0788,2025-03,2.729685929494317,3.738483710854001
C0789,2025-03,3.1241248981852925,2.998350348267354
C0790,2025-03,3.0552434348106634,3.6245605639427856
C0791,2025-03,3.248026360229668,3.108178513410045
C0792,2025-03,1.7849889533772314,2.8300157767437333
C0793,2025-03,3.2007919975201116,4.019574168450975
C0794,2025-03,3.811439989436538,3.4230753696415697
C0795,2025-03,2.977764725447792,3.0734235878881595
C0796,2025-03,1.7784857399629175,3.8862298972011278
C0797,2025-03,3.586829249671892,4.02120922165384
C0798,2025-03,3.688468450521462,2.8907579076180454
C0799,2025-03,2.115355440418721,3.0783797275642764
C0800,2025-03,,2.88717141821989
H0001,2025-04,3.1963165564437745,3.0537379114831436
H0002,2025-04,4.030789316401902,3.1127662369506064
H0003,2025-04,2.845623604009448,3.0749468790236727
H0004,2025-04,2.3588857725206944,2.932719851139222
H0005,2025-04,4.717540017038339,3.5020463480944515
H0006,2025-04,2.3825622581189076,3.0386487326236833
H0007,2025-04,3.0068491676814686,3.36492463237828
H0008,2025-04,2.8362029844113597,3.7852915431556737
H0009,2025-04,,4.093353126507206
H0010,2025-04,2.7194859125092363,3.4327755594536304
H0011,2025-04,2.6838158532223915,3.503363603504264
H0012,2025-04,3.314402302627835,
H0013,2025-04,2.9773604408684,2.810803675518435
H0014,2025-04,2.783888887552351,3.0931567080330886
H0015,2025-04,3.0392785827469924,3.179508108782791
H0016,2025-04,2.7119041440615557,3.473646515934827
H0017,2025-04,2.812727862594344,2.4306963073314103
H0018,2025-04,2.9689015033881407,3.8081333139962528
H0019,2025-04,3.001776150749888,3.1901689579776162
H0020,2025-04,3.062966570629457,3.52674435585955
H0021,2025-04,3.3939541545110945,3.4174624625142944
H0022,2025-04,3.321043370493202,3.4410258446394097
H0023,2025-04,2.914904120453379,3.4286862388673867
H0024,2025-04,3.1214380826687864,3.7850263622912927
H0025,2025-04,2.9615217178518685,3.3314863307571563
H0026,2025-04,2.423655332529221,3.287213601113556
H0027,2025-04,3.634567800147921,3.235081590539279
H0028,2025-04,3.4135474452359844,4.056130547214832
H0029,2025-04,3.1067374065181115,3.407595373628192
H0030,2025-04,2.840072617221573,3.3667876487559156
H0031,2025-04,3.4432464447647098,3.443670125877715
H0032,2025-04,2.8225218484338477,
H0033,2025-04,3.5761574433046817,3.2611135117432326
H0034,2025-04,3.508919041151004,3.635564074523007
H0035,2025-04,2.7399198662598763,3.209500687948494
H0036,2025-04,,2.647725543319109
H0037,2025-04,3.8863223413299117,3.60488019365751
H0038,2025-04,3.0451430186003807,3.1300756294933088
H0039,2025-04,3.089778535840502,3.1451857977343836
H0040,2025-04,3.211089236616393,3.32329678273062
H0041,2025-04,2.6471583920607595,3.0743257960392407
H0042,2025-04,3.339192722335586,3.900627200051293
H0043,2025-04,3.2035162659055425,3.183338560365613
H0044,2025-04,3.984694153136737,4.314873907465225
H0045,2025-04,3.5711044531330636,
H0046,2025-04,2.6816075208887264,2.7284450871031534
H0047,2025-04,2.4941198947736676,3.4843656688975737
H0048,2025-04,4.069494688042184,3.5240264753325032
H0049,2025-04,2.3614890565419984,3.4857292976549727
H0050,2025-04,3.3168379105487253,3.266008658668364
H0051,2025-04,2.9651302371347095,2.8447810949579653
H0052,2025-04,3.9940741380084672,3.235044719395681
H0053,2025-04,3.59524324221628,2.2598308771437794
H0054,2025-04,1.97632255502034,3.548395785960569
H0055,2025-04,2.007772662060071,2.789923461685076
H0056,2025-04,3.5508294555602564,
H0057,2025-04,3.4074331394020514,3.2978027846673785
H0058,2025-04,2.794491402482124,3.851776505126083
H0059,2025-04,3.8062407938745397,4.052787187309593
H0060,2025-04,3.326852483740156,3.5021142639669884
H0061,2025-04,2.745634703522676,3.335378802034154
H0062,2025-04,3.146321653932392,3.3247034106167472
H0063,2025-04,3.298019501925443,3.917777994671193
H0064,2025-04,3.087617767152709,3.8312897052852364
H0065,2025-04,3.087981056012982,3.337643331408983
H0066,2025-04,,2.994586369181161
H0067,2025-04,2.9218314943835235,3.4431702344775013
H0068,2025-04,2.5503976660432803,2.519215401932949
H0069,2025-04,3.690249910003849,2.2036363771464464
H0070,2025-04,,3.410982619617177
H0071,2025-04,3.0998493790291994,3.6547882700044934
H0072,2025-04,2.8947215889322733,4.26597942311937
H0073,2025-04,4.62620342765815,3.434001228049875
H0074,2025-04,2.83346976694064,3.584349839613397
H0075,2025-04,3.0644016936550855,4.00582252675656
H0076,2025-04,3.1456442824142288,2.7807380096853875
H0077,2025-04,2.944576214868467,3.9828203214085898
H0078,2025-04,,2.874834548819714
H0079,2025-04,4.007148891768365,3.457792277896117
H0080,2025-04,3.479923187223954,3.298573091814846
H0081,2025-04,3.059106269165042,2.5464290751688985
H0082,2025-04,3.453876535498089,3.0491054627797927
H0083,2025-04,3.328475397291979,2.9687373965524775
H0084,2025-04,3.649709089922601,3.2453014428066993
H0085,2025-04,3.4942848162486353,3.775426222770389
H0086,2025-04,2.4567222765114956,2.7298401528747966
H0087,2025-04,3.077190509603184,2.475264295957045
H0088,2025-04,2.9461469428648033,3.1313194380726923
H0089,2025-04,2.891993112642763,2.989917937481622
H0090,2025-04,2.6971802298817806,3.4944000500108183
H0091,2025-04,2.9478107617449987,3.246442261822315
H0092,2025-04,2.9124498009079067,3.536346176782813
H0093,2025-04,3.884131306466629,2.6411285968215372
H0094,2025-04,3.384514227546112,3.2418023300008083
H0095,2025-04,3.4804067968950014,4.8028057617340725
H0096,2025-04,3.2358917695291787,3.2294692800520926
H0097,2025-04,2.934428615845214,3.530603832574798
H0098,2025-04,2.4181808820051356,3.942212442880301
H0099,2025-04,3.0034440983318196,3.096424182857175
H0100,2025-04,3.5405757727263927,3.026534725910609
H0101,2025-04,3.476021946146457,2.4178176667337246
H0102,2025-04,3.0915262068812237,3.3053321113839234
H0103,2025-04,3.1227111709348203,4.439473746429434
H0104,2025-04,3.043846578967305,3.5283645320058468
H0105,2025-04,2.884298101277894,
H0106,2025-04,2.9142999959894076,2.93142913426614
H0107,2025-04,2.391464768980615,3.340412546519107
H0108,2025-04,2.501821273668588,3.3819340722103424
H0109,2025-04,3.0079037395072055,3.2258928324398686
H0110,2025-04,2.9523202381762057,
H0111,2025-04,2.5257741909708598,2.8014714788913224
H0112,2025-04,2.9522502910510764,2.580008102955104
H0113,2025-04,3.6839377200873056,4.31358790165274
H0114,2025-04,3.3630792147687973,3.3646593047315707
H0115,2025-04,2.1332111267988996,3.8073921283254646
H0116,2025-04,3.0325078842977478,3.1856197159224884
H0117,2025-04,3.376058371651959,3.241916224527942
H0118,2025-04,3.4788678308786767,
H0119,2025-04,3.3783471480332836,3.1766872464008213
H0120,2025-04,2.900283175913669,2.705112315733288
H0121,2025-04,2.846202809019324,3.0764609618215113
H0122,2025-04,3.165955571830583,2.6667845288710343
H0123,2025-04,,2.96638470128658
H0124,2025-04,3.4196172636543927,3.3860377145993183
H0125,2025-04,4.137111775703251,3.4592801844804977
H0126,2025-04,2.936487952749851,3.3522980912006592
H0127,2025-04,3.357846276570474,4.020768713034846
H0128,2025-04,3.383627895044161,3.8156886745920717
H0129,2025-04,2.6527056781606464,3.4324842734683183
H0130,2025-04,2.432380397291144,2.42834916451088
H0131,2025-04,3.2005167541302897,3.045692370040256
H0132,2025-04,2.8860032265501445,2.9206193942971566
H0133,2025-04,2.6742804244312586,
H0134,2025-04,3.5658126173116216,2.443852857839787
H0135,2025-04,3.2343590102198454,3.9335445013786394
H0136,2025-04,3.54973814163595,3.52746650818554
H0137,2025-04,2.6660746956003534,3.3157002133192344
H0138,2025-04,2.430258563666277,2.9758561940389416
H0139,2025-04,3.0672594379223543,3.183571047730246
H0140,2025-04,1.8776037754455441,3.3724626814821037
H0141,2025-04,3.12912680069101,3.624227572078532
H0142,2025-04,2.043204953713251,3.5769038116427354
H0143,2025-04,3.1143289633962414,2.8587051103832892
H0144,2025-04,2.1800261703040102,
H0145,2025-04,2.3459027032283544,2.519241006673511
H0146,2025-04,3.5517490169550925,3.193094837424463
H0147,2025-04,2.73639941295708,3.5555845453892583
H0148,2025-04,,
H0149,2025-04,3.362577548186834,2.8118956293576503
H0150,2025-04,3.801775054017223,3.787605288174074
H0151,2025-04,3.4172056213867323,3.7827521925258294
H0152,2025-04,3.803185220741408,3.217554311131556
H0153,2025-04,3.826592563096198,3.795145159612122
H0154,2025-04,2.6585127914168205,
H0155,2025-04,2.4614858931685664,3.915718389621328
H0156,2025-04,2.9534587055877473,3.287060242227609
H0157,2025-04,3.3194571764144496,3.8249209805648032
H0158,2025-04,3.6597770290763414,3.53524964234152
H0159,2025-04,3.2060160176049552,3.2263383440650473
H0160,2025-04,3.5164722516100646,3.0613502235006496
H0161,2025-04,3.277201921086568,3.6065895875259097
H0162,2025-04,3.177943183761734,3.8837051574553936
H0163,2025-04,2.68254067630171,3.2401492082515446
H0164,2025-04,3.0104401966005465,3.4022053079348225
H0165,2025-04,3.351827688795178,3.1534745882437756
H0166,2025-04,3.2816828465698507,2.656867825383115
H0167,2025-04,2.283679821256907,2.5304184015674047
H0168,2025-04,2.517953274266549,2.4417023636735733
H0169,2025-04,2.774845274979194,3.555483889365846
H0170,2025-04,3.628193910571346,3.1014220352318578
H0171,2025-04,3.577586626173321,
H0172,2025-04,3.277770631768662,3.0524307217330335
H0173,2025-04,2.7607587152314697,4.048960407156133
H0174,2025-04,2.850682118116083,3.317413846580697
H0175,2025-04,2.9127840733521904,3.3292597750452715
H0176,2025-04,2.8072043908504893,3.444158950868142
H0177,2025-04,3.6545907100963912,2.861857926509716
H0178,2025-04,3.1624566063607213,3.0893419285141555
H0179,2025-04,3.4501614562813754,3.0540415059584416
H0180,2025-04,2.9011668293975834,2.5179015201630186
H0181,2025-04,2.724862932960118,3.0339996811273395
H0182,2025-04,3.4153687276774187,3.350100456342256
H0183,2025-04,4.094364072003868,3.1488811763461424
H0184,2025-04,3.199940947717486,3.9291275666880106
H0185,2025-04,2.3405651072360123,3.2387776059338935
H0186,2025-04,2.719336368679599,3.3172676610848817
H0187,2025-04,3.1404063792792174,2.7201010486700348
H0188,2025-04,3.76268510718286,3.898407381658882
H0189,2025-04,3.4658642366430836,3.5633405580685134
H0190,2025-04,3.4695424689560266,4.171538259001531
H0191,2025-04,2.658499644970064,3.6314932046907344
H0192,2025-04,3.627626388399439,2.8845667816938847
H0193,2025-04,2.462170417859842,2.916178194183163
H0194,2025-04,3.252050192447803,2.7302904743666594
H0195,2025-04,2.6810669367092936,3.5396810476397995
H0196,2025-04,3.4043942805052985,3.9435084511416094
H0197,2025-04,2.966303188927909,3.182015833167011
H0198,2025-04,3.7701652832072283,3.6009163669241477
H0199,2025-04,3.0277091751070215,3.1759677874620365
H0200,2025-04,2.1539166495143696,2.941525992794774
H0201,2025-04,3.0553798755425574,3.423603809762024
H0202,2025-04,3.354278793731628,3.6080724602734024
H0203,2025-04,3.501591376139089,3.313026525884501
H0204,2025-04,3.1131542164874015,3.167176672427841
H0205,2025-04,3.538044215140934,
H0206,2025-04,3.4165131477858193,3.2385095151451293
H0207,2025-04,3.491109316577759,3.514121437874118
H0208,2025-04,3.032172145563424,3.741618690191366
H0209,2025-04,2.4619868335945463,3.3228533812015275
H0210,2025-04,2.6377424748170206,3.424252760596307
H0211,2025-04,2.586165537283756,3.6450186496082386
H0212,2025-04,2.6987186159665253,3.4062205370645504
H0213,2025-04,2.870881097865266,3.6330686301300474
H0214,2025-04,3.016171017378586,3.312814068557154
H0215,2025-04,3.0789805746469705,3.500408303241326
H0216,2025-04,2.980060724585792,3.3999615798005975
H0217,2025-04,4.004069498029525,2.9564997798139014
H0218,2025-04,3.8709162974519775,
H0219,2025-04,2.790393602453904,3.0094329108303364
H0220,2025-04,3.4141218955523143,2.8430930021851615
H0221,2025-04,4.495859716318316,3.234589986101973
H0222,2025-04,3.1081949477307314,4.048800634393457
H0223,2025-04,2.5476152641944205,
H0224,2025-04,2.8175794551742737,3.7126544130709718
H0225,2025-04,3.913942725996709,2.840718912872024
H0226,2025-04,2.742721881875421,3.967767838249247
H0227,2025-04,3.0628535267440222,3.131711530087935
H0228,2025-04,2.711871036826295,
H0229,2025-04,3.626958937006336,3.1552079482626025
H0230,2025-04,3.5333965957698044,3.0188451865289494
H0231,2025-04,3.9216979964959693,3.720537292836199
H0232,2025-04,2.383895363775083,2.6462243852212595
H0233,2025-04,2.6186360764914838,2.964381930266538
H0234,2025-04,2.3809289898120993,2.399453575514725
H0235,2025-04,2.501038471540451,4.080356370144001
H0236,2025-04,3.4949364777033813,
H0237,2025-04,3.438130913296084,3.6986933618630857
H0238,2025-04,2.7745906989362457,3.3567157973749935
H0239,2025-04,3.631986971064961,3.7536738318402807
H0240,2025-04,2.9134695754681985,3.4982588346840275
H0241,2025-04,3.456826701733717,3.3973541863764005
H0242,2025-04,2.4385280575175017,
H0243,2025-04,3.996373879184156,3.6129665668517745
H0244,2025-04,3.534780395314588,2.9951593351757415
H0245,2025-04,2.5349341601509785,2.8983584908226145
H0246,2025-04,2.957373664436528,3.3064841104212057
H0247,2025-04,2.810772413548022,3.0311133343667866
H0248,2025-04,2.915628190712087,3.1220495285308365
H0249,2025-04,3.272170108938579,3.24825586913711
H0250,2025-04,3.125194046890627,2.9332345304561964
H0251,2025-04,2.622529688192161,3.0912100004701584
H0252,2025-04,3.1407828206585804,3.1891510551025606
H0253,2025-04,3.7048898746128516,3.8384178120878936
H0254,2025-04,2.7480612261375916,3.076734566374726
H0255,2025-04,3.350688222371503,3.4370146891384334
H0256,2025-04,3.43745822805011,3.9543361464359226
H0257,2025-04,2.8500176206136874,3.1138664518357855
H0258,2025-04,3.439280361329167,3.3490496565023
H0259,2025-04,3.31615307609458,3.3800491905079935
H0260,2025-04,2.9366871250352014,3.526304635747402
H0261,2025-04,3.2245104628805037,2.8188501967717654
H0262,2025-04,2.3645244796671605,3.403965254684151
H0263,2025-04,2.8376210632860728,2.664129487545336
H0264,2025-04,3.240054829094861,4.206727450784483
H0265,2025-04,4.012605773382381,3.190363634101203
H0266,2025-04,2.8088906387541472,2.2325860113539893
H0267,2025-04,1.9656163430538665,4.030039483755397
H0268,2025-04,3.9039847236896223,3.765163786644414
H0269,2025-04,3.436554810060901,3.1166899343307763
H0270,2025-04,3.1067195556099385,2.8543334146965322
H0271,2025-04,3.0620942075064277,2.948783497733815
H0272,2025-04,2.8241574228778457,3.2046969365651607
H0273,2025-04,3.7784659328702377,3.494680570363131
H0274,2025-04,2.8543842445194576,3.4965178676401667
H0275,2025-04,2.787099183413389,2.4044147767052255
H0276,2025-04,4.045292592875794,3.1662710910135963
H0277,2025-04,3.359946399887295,3.639761718831075
H0278,2025-04,3.431558674375507,
H0279,2025-04,3.9627247175404943,3.593082166253719
H0280,2025-04,2.8972046113465377,2.20940119603208
H0281,2025-04,3.241080484570097,3.2192382684932124
H0282,2025-04,2.924127023150325,3.6873063160385087
H0283,2025-04,3.371183535325122,3.489126786897479
H0284,2025-04,3.664735104007471,2.9433228792817037
H0285,2025-04,2.9860009912571295,3.495973536485511
H0286,2025-04,3.3823655924271456,2.75084972978518
H0287,2025-04,3.193536329640892,3.87864243631423
H0288,2025-04,3.379281779616153,2.790524935917699
H0289,2025-04,3.720836985911429,3.8772165662015894
H0290,2025-04,3.295744783303544,3.981852141273184
H0291,2025-04,3.779962130753801,4.003555651422295
H0292,2025-04,3.948179211775294,3.3476086359180894
H0293,2025-04,3.017028519166507,3.3770000847727557
H0294,2025-04,3.160204426542989,3.0795805897377426
H0295,2025-04,1.9859152332944676,3.8137099198319944
H0296,2025-04,3.6837542309236553,3.3551676605558587
H0297,2025-04,3.352346237927196,3.8333647389174996
H0298,2025-04,2.690265590282651,3.452652808152692
H0299,2025-04,2.019121231957972,3.172921550423247
H0300,2025-04,2.1463353882406064,3.11628449071727
H0301,2025-04,2.288623894079308,3.142029867020717
H0302,2025-04,3.4467809368722864,3.450013820099523
H0303,2025-04,2.9702615227740403,3.304286402130038
H0304,2025-04,3.2480207346428527,2.74798195675817
H0305,2025-04,2.728035154495239,3.517197757992196
H0306,2025-04,2.9748479628993643,3.3891711654337002
H0307,2025-04,3.1214593971255495,2.5907799947012466
H0308,2025-04,3.842866101775135,3.97663379858081
H0309,2025-04,3.250298038081551,2.645627431663615
H0310,2025-04,3.1890743949000875,3.4202650911308736
H0311,2025-04,2.1959022666800223,2.8265106538907583
H0312,2025-04,2.831875013316207,3.0561233332605955
H0313,2025-04,3.3619936984707994,3.335246428792745
H0314,2025-04,3.5334148079635046,2.940416167574085
H0315,2025-04,2.9041925695068342,3.835199573709848
H0316,2025-04,2.9573593364501254,2.656457697525897
H0317,2025-04,2.1764613786373634,2.779739612143057
H0318,2025-04,2.1502647771482972,3.2491620830632506
H0319,2025-04,2.136624938006861,2.954710179444902
H0320,2025-04,3.3690113837306326,3.145241841589451
H0321,2025-04,2.8759695135273007,3.4335758603999826
H0322,2025-04,3.1992934955818164,2.830899066174801
H0323,2025-04,3.0294701919677554,
H0324,2025-04,3.2929149676700478,2.6378585699083708
H0325,2025-04,3.2964290899546227,2.7371408014191414
H0326,2025-04,3.32476802542711,3.8352358062520238
H0327,2025-04,2.4916027233031794,3.1869361461141765
H0328,2025-04,3.2347574779314727,2.5133883372868606
H0329,2025-04,2.3962833506017103,2.5821764801512743
H0330,2025-04,2.758737086494041,3.011782574767042
H0331,2025-04,2.9252597012334856,2.966399534859107
H0332,2025-04,2.762812223630241,2.6195622361541844
H0333,2025-04,3.0885794358465573,3.081524708415844
H0334,2025-04,3.26660384402345,3.077647887983013
H0335,2025-04,3.5432925160428694,3.1146736059257547
H0336,2025-04,2.6008681121227326,3.2725988032832865
H0337,2025-04,3.660644718794767,3.5395770891846343
H0338,2025-04,3.052860585546887,2.5013406205185795
H0339,2025-04,3.736138699378813,3.200146331303258
H0340,2025-04,3.110323421820157,2.71776386312299
H0341,2025-04,3.41138022215522,
H0342,2025-04,3.7780462901917473,3.7186481921772456
H0343,2025-04,2.8337257065482993,3.4728579403551603
H0344,2025-04,2.951937333464729,2.9311053008443877
H0345,2025-04,3.4841826345277767,3.08176629097917
H0346,2025-04,1.5935591678737289,3.461618089243033
H0347,2025-04,3.3007216978435117,2.8436670962054267
H0348,2025-04,3.872770121316599,3.1911093630489344
H0349,2025-04,2.519843915426373,3.1958385266041587
H0350,2025-04,3.3837799096859604,2.933125717072688
H0351,2025-04,3.735126032206999,3.1202756407580043
H0352,2025-04,3.3130820645956427,3.2712006328337413
H0353,2025-04,3.259220267915875,3.0476867602734528
H0354,2025-04,2.33521973904626,3.0446118295456843
H0355,2025-04,3.3244909040951245,2.529514570679635
H0356,2025-04,3.308708411234237,3.791047748109338
H0357,2025-04,3.3220984832245493,3.1508907507862602
H0358,2025-04,2.0981299672885583,2.8099548383232844
H0359,2025-04,,2.6501481141383665
H0360,2025-04,3.4287917853734933,2.271610245054389
H0361,2025-04,3.24130982791236,3.5324453681004364
H0362,2025-04,3.168203695620293,3.3103487831699696
H0363,2025-04,2.416719909521376,2.536445185282374
H0364,2025-04,2.8498663817162395,3.5934584260030555
H0365,2025-04,2.7374983043174783,3.3657123589681213
H0366,2025-04,3.584970567797483,3.9761747983808733
H0367,2025-04,1.9615137882131244,3.9286084272486614
H0368,2025-04,,3.277307803977202
H0369,2025-04,3.120054260553958,4.165420322426724
H0370,2025-04,3.3527558105354767,
H0371,2025-04,3.372597064965621,3.4317045455980355
H0372,2025-04,3.1090772701411753,
H0373,2025-04,2.869885032796051,3.5091563584586476
H0374,2025-04,2.635075482023161,3.660889863119935
H0375,2025-04,4.052157261254866,3.6723019705168403
H0376,2025-04,,3.800174966838989
H0377,2025-04,2.765588201818766,3.131617503146747
H0378,2025-04,3.4994230304713025,2.7113447706053373
H0379,2025-04,2.7084178087046396,2.546197737978314
H0380,2025-04,2.059503871986078,3.0394267083344673
H0381,2025-04,3.1077854692157407,2.786970986621138
H0382,2025-04,3.0960346071489266,3.368277050802678
H0383,2025-04,3.2662223585370804,3.008269665641485
H0384,2025-04,2.810547074511702,3.244562528628765
H0385,2025-04,2.929159180065341,3.488517152080135
H0386,2025-04,2.826214754259221,3.4673278971806156
H0387,2025-04,2.440798053535782,2.29787153158716
H0388,2025-04,3.292779595152115,3.422887182683179
H0389,2025-04,3.155133284335693,3.834265838231877
H0390,2025-04,3.077304137510911,3.4446204212660643
H0391,2025-04,2.691511592329384,3.008731872960263
H0392,2025-04,2.7799497419031947,3.86597542562568
H0393,2025-04,3.2740351995758648,3.7011836606660617
H0394,2025-04,2.4038418032902604,3.6899212831104573
H0395,2025-04,3.655128457088081,2.5518769038402263
H0396,2025-04,2.1061876776799284,3.528838381819559
H0397,2025-04,2.690015521307198,3.2732229151641845
H0398,2025-04,3.3080893317456184,2.990390779805265
H0399,2025-04,3.4312658591078806,3.806346993112599
H0400,2025-04,2.956984399360918,2.7464733084324666
H0401,2025-04,3.569653610678623,3.6640838519436296
H0402,2025-04,2.3166801643720696,3.3184588741950827
H0403,2025-04,2.5738681667670775,
H0404,2025-04,3.5630417580532474,3.6918222578099
H0405,2025-04,2.956717626728526,4.110248161535368
H0406,2025-04,2.8482347786984543,3.344274042542374
H0407,2025-04,3.321823177449189,3.547323208738301
H0408,2025-04,2.6722299082936787,2.992090432600808
H0409,2025-04,3.2346457592964724,3.092921138921542
H0410,2025-04,3.724159031274594,3.2863378257045945
H0411,2025-04,3.469684126349556,2.70035820993617
H0412,2025-04,3.1338085254541,2.856558472224253
H0413,2025-04,3.2218739577297146,3.6322735184069015
H0414,2025-04,3.423329177260022,3.4856483950336963
H0415,2025-04,2.8929533449400164,2.9316702344884087
H0416,2025-04,4.106582268485431,3.3541864487244837
H0417,2025-04,2.80325489441548,3.610687084540392
H0418,2025-04,3.7476350824841465,3.0330042901645506
H0419,2025-04,3.463264468324415,3.906511663513379
H0420,2025-04,3.6911383137540175,3.018742153929077
H0421,2025-04,2.6048765593385643,3.610511670321011
H0422,2025-04,3.43607352391619,3.297409503771717
H0423,2025-04,3.735443697502903,
H0424,2025-04,4.240660637299973,3.9824423417732855
H0425,2025-04,3.15997806022621,3.9543177662221876
H0426,2025-04,3.126473074880603,3.754091740377831
H0427,2025-04,3.578791745935149,3.6308663378415154
H0428,2025-04,3.5916479474604492,3.1955407939479104
H0429,2025-04,3.529589474559497,2.9185024980566503
H0430,2025-04,3.0079810896438346,2.5801432450474917
H0431,2025-04,3.3961350913324138,2.7374614623753892
H0432,2025-04,2.425115972380665,2.669718067812624
H0433,2025-04,3.197746130462083,
H0434,2025-04,2.620750092366525,2.867566926617975
H0435,2025-04,4.111127616219961,3.7791962395823075
H0436,2025-04,3.4287122871011984,3.563606055580181
H0437,2025-04,2.437847907491264,2.7873409430445486
H0438,2025-04,2.595815963917876,2.6794254334533547
H0439,2025-04,2.604319211124225,3.157414497344995
H0440,2025-04,3.488529866640372,3.555908373684244
H0441,2025-04,3.337827448239607,2.3731942966940975
H0442,2025-04,,4.300905722521577
H0443,2025-04,2.918680566429686,3.521025625198241
H0444,2025-04,2.8257937685433303,3.143572356338938
H0445,2025-04,3.387591164857432,2.944515003988299
H0446,2025-04,2.933562943493516,3.6048973352048392
H0447,2025-04,3.0698496810094804,2.9548393374317863
H0448,2025-04,2.682514057437764,2.7279790472539727
H0449,2025-04,2.658340653842199,3.2792833604935083
H0450,2025-04,2.4658976166355884,
H0451,2025-04,3.185222630730261,3.520590408716039
H0452,2025-04,2.9064279613408837,3.5748033813136892
H0453,2025-04,2.4102076424771774,3.145535531963003
H0454,2025-04,3.02161527830678,3.3283478871583876
H0455,2025-04,3.569164779229331,3.482445658509403
H0456,2025-04,4.023305843162915,3.312663581120973
H0457,2025-04,2.7115404866107644,3.4883697841293504
H0458,2025-04,3.772731193225518,3.226439058336596
H0459,2025-04,,2.8318753410821342
H0460,2025-04,3.740328655102376,3.2357167680948637
H0461,2025-04,2.328829822863148,3.346913258321186
H0462,2025-04,2.472954670759477,3.077763300903951
H0463,2025-04,,3.208069074062374
H0464,2025-04,2.8715631376014774,4.124134147207449
H0465,2025-04,3.3100845978981925,4.3759473278435586
H0466,2025-04,2.626186819830425,3.674835235753248
H0467,2025-04,3.4569265043846524,3.2548232197616978
H0468,2025-04,2.6867660233148642,2.895767959579351
H0469,2025-04,,3.844699529072865
H0470,2025-04,3.449680318854473,3.6440136942283363
H0471,2025-04,2.116670831255407,2.7722287217125303
H0472,2025-04,3.10206410301124,
H0473,2025-04,3.1493988604275978,3.7328754069549297
H0474,2025-04,3.592121705782092,3.5272505988082736
H0475,2025-04,2.8347854491886215,3.39312758616342
H0476,2025-04,,3.690795186159843
H0477,2025-04,3.561189306427001,3.788693521760396
H0478,2025-04,2.5548425642307335,2.904136941386285
H0479,2025-04,3.135151247293243,3.487770289991572
H0480,2025-04,3.2818820358561425,3.5426247854213764
H0481,2025-04,3.2270884066843113,3.3198026869947785
H0482,2025-04,2.8312344162814984,3.439597274944131
H0483,2025-04,3.462135282690186,2.9541392320011566
H0484,2025-04,3.32840181541942,3.3633031064481904
H0485,2025-04,2.729768621997069,3.5477229819673006
H0486,2025-04,3.8470399255715355,3.289657027164645
H0487,2025-04,2.6497656079153247,2.7274233320077865
H0488,2025-04,3.2725939862827187,3.4581592114094315
H0489,2025-04,2.997102320072988,3.2721134821234754
H0490,2025-04,2.4449189032685683,2.851069275513511
H0491,2025-04,3.1572140236272674,3.2128290471530003
H0492,2025-04,3.100549472358954,3.1330537349725254
H0493,2025-04,3.353104300427891,3.2497071195027623
H0494,2025-04,2.7164951275305875,3.061680958696403
H0495,2025-04,2.791130514845044,3.220385968103992
H0496,2025-04,3.367571931021715,3.2794786976898274
H0497,2025-04,3.784347440272999,3.491899839351433
H0498,2025-04,3.5108172469444443,2.7034480701104577
H0499,2025-04,2.0039822260578464,3.242038256861665
H0500,2025-04,3.478781695966128,3.66988371268171
H0501,2025-04,2.9384839662552076,2.759032405224115
H0502,2025-04,2.562056927676558,3.8704320888628456
H0503,2025-04,3.2689113962783063,3.6760345418632494
H0504,2025-04,2.6369498896395824,2.103428692667964
H0505,2025-04,3.3558204234579714,2.5174258566300023
H0506,2025-04,3.245455103433874,3.986564504371904
H0507,2025-04,3.2703473227611157,3.1622073735871385
H0508,2025-04,3.5662498461826315,2.859742216853798
H0509,2025-04,2.5678300314563574,3.426584455251555
H0510,2025-04,3.9135664271589565,3.1736392880451065
H0511,2025-04,2.6028001635877875,3.584498373288833
H0512,2025-04,3.165396655768442,3.9230415827508125
H0513,2025-04,3.7227645289141265,2.5363496449177547
H0514,2025-04,3.5733812429625336,3.4072027526680806
H0515,2025-04,3.413700038568378,3.102037046518118
H0516,2025-04,3.9502401591178558,3.8717457745045873
H0517,2025-04,2.804650784880232,3.3524812513843916
H0518,2025-04,2.944958864102307,3.237758434723603
H0519,2025-04,2.9200884789778643,3.088660104831506
H0520,2025-04,3.131213796210674,3.7961952882597396
H0521,2025-04,3.7106387962766525,3.003602820364667
H0522,2025-04,2.8258324868621125,3.3418013138561022
H0523,2025-04,2.992303712854166,4.1689873775005
H0524,2025-04,1.8314339349887523,3.7064139232975433
H0525,2025-04,3.8161275119052687,4.002878696456049
H0526,2025-04,3.4020081553203587,3.037470714629097
H0527,2025-04,3.029205192692676,3.1655330703303797
H0528,2025-04,3.2137324085768246,4.069887543833202
H0529,2025-04,3.2277178583509616,3.997142680384999
H0530,2025-04,2.807732400154559,3.9194316111829575
H0531,2025-04,3.1591927785656138,3.427321537594818
H0532,2025-04,3.043652940772361,2.660559993981928
H0533,2025-04,3.570371052592245,2.367791386138451
H0534,2025-04,3.0983872277309628,3.733702883265896
H0535,2025-04,3.8464825950799226,3.4660993585414297
H0536,2025-04,3.160093045668929,3.7903361982190518
H0537,2025-04,2.935547623794939,2.921452902780153
H0538,2025-04,2.9374930215524526,3.4977105407321574
H0539,2025-04,2.531712818922073,3.0374856043765046
H0540,2025-04,2.8533848149694983,2.6283219960824624
H0541,2025-04,,4.342289663996143
H0542,2025-04,3.062639744047202,3.1007776568820793
H0543,2025-04,3.020806222846852,3.4688988914293972
H0544,2025-04,2.9051260054904247,4.002922518364102
H0545,2025-04,2.7105691035028596,4.181949430745242
H0546,2025-04,3.325252434792808,3.1173740408564337
H0547,2025-04,2.7428289514757567,3.1644959306125084
H0548,2025-04,2.138485806844373,3.2420112227725664
H0549,2025-04,,2.99951532784842
H0550,2025-04,3.550886996514941,3.502641568376482
H0551,2025-04,4.1500830352266975,3.3420152510336845
H0552,2025-04,,3.7932937871760894
H0553,2025-04,3.548565491300344,3.3000051897573073
H0554,2025-04,3.1790993177249827,3.1530389382532995
H0555,2025-04,3.5097497428212105,3.2217915683080065
H0556,2025-04,3.3200042481802576,4.0478504567672475
H0557,2025-04,3.0922585876144164,3.6605714888206724
H0558,2025-04,2.5298286769229095,3.899160544363772
H0559,2025-04,1.9984088175653825,3.2889633829914517
H0560,2025-04,3.253179682737426,3.77718849893916
H0561,2025-04,3.43656541532402,3.952898249038852
H0562,2025-04,3.8954974410653054,3.454919170964646
H0563,2025-04,1.9281319434674833,3.2869071224105455
H0564,2025-04,3.529954977624892,3.0060320545998658
H0565,2025-04,3.061805578667572,2.9057369746165675
H0566,2025-04,3.5020935469369796,3.108031993959584
H0567,2025-04,4.048419618476195,3.7231348422337214
H0568,2025-04,2.4549621305911886,3.3083207249525737
H0569,2025-04,3.3534373133006623,3.3132520581780973
H0570,2025-04,3.0753950028669683,2.8237269721064058
H0571,2025-04,3.8391142925497244,3.9881317073778466
H0572,2025-04,,2.912226386755786
H0573,2025-04,2.920776684504539,
H0574,2025-04,2.4326940518785576,2.700647700773824
H0575,2025-04,,3.36244443821306
H0576,2025-04,2.4008203346681336,3.28016289860591
H0577,2025-04,3.6606680439173616,2.7699944027762546
H0578,2025-04,3.6230372129604653,3.0160047341241922
H0579,2025-04,2.4051570498786505,3.0228786803269836
H0580,2025-04,3.0281771396998636,2.775020254901559
H0581,2025-04,2.583969487692111,3.087384726007065
H0582,2025-04,2.5143912515601707,3.9300963203896684
H0583,2025-04,3.7263556109735205,4.322581281352644
H0584,2025-04,3.3580810882428316,3.5999088064579414
H0585,2025-04,3.1247822322685153,3.1329077018409817
H0586,2025-04,2.9507256230779597,3.595841463222458
H0587,2025-04,3.5075025394595905,3.1107482038075362
H0588,2025-04,2.4482374622364214,4.173465643479432
H0589,2025-04,3.4209454499708882,4.238208682798957
H0590,2025-04,3.9263813839206856,3.6953344785969335
H0591,2025-04,3.3135976973223045,3.1542492708222802
H0592,2025-04,2.5473731137601456,3.0407815387663573
H0593,2025-04,3.6396561959107947,3.1830979362242613
H0594,2025-04,2.840017156429405,3.5658611405560947
H0595,2025-04,3.5269687478226937,
H0596,2025-04,3.4470057205458526,3.992696435839644
H0597,2025-04,3.7768282439210132,3.250257472589531
H0598,2025-04,3.9009793126763084,3.956373168923974
H0599,2025-04,3.232789669940468,3.4993309738061242
H0600,2025-04,3.329695240799149,3.0942331056198107
C0001,2025-04,3.5811275874301858,
C0002,2025-04,2.7961059599926474,3.931477021320074
C0003,2025-04,2.9171106165553584,3.0841876149220226
C0004,2025-04,2.9316758365335827,3.383018426486701
C0005,2025-04,2.93347478597335,2.850337016499711
C0006,2025-04,3.354918780975662,2.930671145592835
C0007,2025-04,3.02627379752069,4.021210346189567
C0008,2025-04,4.460366957614619,
C0009,2025-04,2.679082978344252,3.5097088081963568
C0010,2025-04,2.621876916557995,3.012602582908765
C0011,2025-04,2.8709711005068947,2.744239995725174
C0012,2025-04,3.23822013433042,3.130857561840352
C0013,2025-04,2.7652644056060214,3.2320836854333916
C0014,2025-04,3.0598314529706805,2.728865977958826
C0015,2025-04,2.817617234192242,3.337943065955096
C0016,2025-04,3.5547341000841026,3.4720806755664344
C0017,2025-04,2.6121887921478404,2.5732898791594327
C0018,2025-04,2.724028075291745,3.8311499883955555
C0019,2025-04,2.3092098157620335,2.8851235114882483
C0020,2025-04,4.269163972255261,4.182433076082141
C0021,2025-04,3.4374419693698495,3.106553926499916
C0022,2025-04,3.123298825802301,2.5337690038866136
C0023,2025-04,2.7878358403332406,2.607985663665839
C0024,2025-04,3.131340118571965,2.3918543208338203
C0025,2025-04,2.4009350420933746,2.5070207300128655
C0026,2025-04,2.6961733561222925,3.0585285967487303
C0027,2025-04,,3.28191226289991
C0028,2025-04,3.489493352058145,2.4558782655167457
C0029,2025-04,2.537303125493493,2.7096945214248245
C0030,2025-04,3.5619956569873534,4.153627945056841
C0031,2025-04,2.546075457824917,3.040273519356386
C0032,2025-04,2.7973240232175143,3.231105878331017
C0033,2025-04,3.529891065797763,3.6287025574197616
C0034,2025-04,2.1914436820669834,
C0035,2025-04,3.1998703466693463,3.2768717882473437
C0036,2025-04,3.5540954697133254,3.861776331934486
C0037,2025-04,3.3344231136341627,3.993370319064767
C0038,2025-04,3.3398797081346028,2.741065612240717
C0039,2025-04,2.400639718682032,3.525183990592029
C0040,2025-04,2.584002716756368,2.2816946246918883
C0041,2025-04,3.2157109135965967,3.426546030987705
C0042,2025-04,,3.6330237652977266
C0043,2025-04,2.7869092436709657,3.6152592788344693
C0044,2025-04,3.4373412291415275,3.6672767401696036
C0045,2025-04,2.1031792363414605,3.701900853932483
C0046,2025-04,3.0520314081842796,3.031787829032346
C0047,2025-04,3.3601174451399314,3.5476611006967964
C0048,2025-04,3.0520406455645945,3.0197403680810275
C0049,2025-04,3.3298099681639597,3.7789087431656094
C0050,2025-04,2.2446817681622235,3.344095850210559
C0051,2025-04,2.9752967107478607,3.5095813928847086
C0052,2025-04,3.5676690696180713,2.5515969809504626
C0053,2025-04,3.8387603073174077,3.023361284578975
C0054,2025-04,3.610809094362652,3.356509276312186
C0055,2025-04,3.2148625610059005,2.84199931612428
C0056,2025-04,2.7380510010637478,3.930923724349569
C0057,2025-04,2.374004353350442,2.731379404875936
C0058,2025-04,4.102455309713362,3.5306687380551374
C0059,2025-04,,4.240725164307356
C0060,2025-04,3.147316561925055,3.297781652173528
C0061,2025-04,3.4277448113383704,3.146195903125698
C0062,2025-04,3.5777324624513414,4.061639915207234
C0063,2025-04,2.40460397582026,3.0615639720763532
C0064,2025-04,3.6264938030755376,3.228787671775812
C0065,2025-04,3.1354210139535277,2.702217673461984
C0066,2025-04,,4.057461281017906
C0067,2025-04,3.0282759382861797,3.612215914236487
C0068,2025-04,2.5827955608224236,3.4861612032233373
C0069,2025-04,3.990531907808737,4.117135257193663
C0070,2025-04,2.6749412736961107,3.4114094572763123
C0071,2025-04,3.2705375584382907,3.1282280978402546
C0072,2025-04,2.9177912295527606,2.731960728969882
C0073,2025-04,3.563534035095186,3.4125703646744183
C0074,2025-04,3.5947934205259395,3.098432401970553
C0075,2025-04,3.0554887305713883,3.175297641140102
C0076,2025-04,3.3488677292931945,2.4413471350487264
C0077,2025-04,2.7642833933844875,3.4354968623299857
C0078,2025-04,3.0001206459676593,2.706111483113526
C0079,2025-04,3.375265155799031,3.7615560916862325
C0080,2025-04,2.8291553186699776,2.6136386743942466
C0081,2025-04,3.939701005855721,4.1009513961691475
C0082,2025-04,2.7693158249355556,3.3579203097605723
C0083,2025-04,3.3604030619843774,3.2225043170936036
C0084,2025-04,2.3944276919258836,3.2349898209790466
C0085,2025-04,3.457692050971496,3.8450174592443203
C0086,2025-04,3.5800204297863516,3.721173724238589
C0087,2025-04,,2.6077512410664188
C0088,2025-04,2.9009332245066433,3.1323235074466713
C0089,2025-04,4.11580290375279,2.9733573954253023
C0090,2025-04,2.7858772778138796,
C0091,2025-04,3.7012781414700893,2.8783613368508187
C0092,2025-04,3.2732307729504333,3.8293112035485
C0093,2025-04,3.174796126364461,3.069073143256006
C0094,2025-04,3.0619634435909004,2.562558187224536
C0095,2025-04,2.8550864760231693,2.602123432904897
C0096,2025-04,3.600199109309479,3.086553853424662
C0097,2025-04,3.1214137338967114,2.172368506703388
C0098,2025-04,2.9977066388896243,3.4074777554833453
C0099,2025-04,3.358147584296078,3.419117246258596
C0100,2025-04,3.6126685999695094,3.5754403875554686
C0101,2025-04,2.033575224792477,2.8069363616878835
C0102,2025-04,3.4090972398390074,3.865226041821292
C0103,2025-04,3.1461868392839065,3.5309368322202106
C0104,2025-04,2.7149236155401653,3.5903857604728358
C0105,2025-04,3.9375212361807,2.7885643012540426
C0106,2025-04,3.8843376565895396,2.6747053332539066
C0107,2025-04,2.562404818188855,2.7386948864090064
C0108,2025-04,3.0881865391327747,3.0613183771001133
C0109,2025-04,3.3755399257878502,3.684389165683554
C0110,2025-04,2.8955260703857046,3.5032106131671794
C0111,2025-04,2.708152299132239,3.6375951733701
C0112,2025-04,3.1334907910308862,3.0354154794493997
C0113,2025-04,2.703784314525175,3.3954863355877705
C0114,2025-04,2.259820670264004,3.3811809417289087
C0115,2025-04,2.6165940796721228,2.943196078238537
C0116,2025-04,3.6928450549256193,3.582126383537758
C0117,2025-04,2.9594922541451827,3.1939522561940477
C0118,2025-04,2.277141050626731,2.736191314003581
C0119,2025-04,3.5681497116467638,4.414283534445519
C0120,2025-04,2.9831414681045256,3.300431998057761
C0121,2025-04,3.4300727345033657,
C0122,2025-04,3.315004321878563,3.2530067180631335
C0123,2025-04,3.2209133771033884,3.5177109367602903
C0124,2025-04,3.0266140903492746,3.464477992532773
C0125,2025-04,3.0049371361114483,3.3470333505666248
C0126,2025-04,2.70466286513069,3.9360354692492456
C0127,2025-04,2.9367177526318606,3.489779773740891
C0128,2025-04,3.4935936076852867,3.8146389342034914
C0129,2025-04,2.5703177362318366,3.643509416730099
C0130,2025-04,2.933235291000178,3.6107456240334024
C0131,2025-04,4.122785138745791,3.427754555504984
C0132,2025-04,3.413767983921579,2.735763288516271
C0133,2025-04,3.614169680919213,2.7234094813747456
C0134,2025-04,2.9226157418160557,
C0135,2025-04,2.8233839992856624,3.40192313387806
C0136,2025-04,2.7539571363007926,3.0232167265835166
C0137,2025-04,3.815444717777858,3.645603186281603
C0138,2025-04,3.537951625730677,3.7756709782766067
C0139,2025-04,2.3398654460118826,2.9125069963708037
C0140,2025-04,2.9455568010013615,2.8745646642049723
C0141,2025-04,2.6877482261264127,2.5728724668768455
C0142,2025-04,2.9470619745782756,3.1756564293580736
C0143,2025-04,2.3378405402390947,3.2641344633467053
C0144,2025-04,3.69942478425951,3.2720761925279582
C0145,2025-04,2.4701168892779886,3.2036535293474104
C0146,2025-04,2.2521202113830396,
C0147,2025-04,2.82469346358392,3.8158793118849
C0148,2025-04,3.94530437076614,3.6243513040624857
C0149,2025-04,3.577865902247883,2.882339671361261
C0150,2025-04,3.8917902581374775,3.4589093503249635
C0151,2025-04,3.696154307551856,3.5705086007879228
C0152,2025-04,2.9954919571037015,4.101936605314557
C0153,2025-04,3.121267674185061,
C0154,2025-04,2.9101634054694845,3.7071291001622777
C0155,2025-04,2.415041205902574,3.182792700805463
C0156,2025-04,2.7552414958221183,3.4437087585458586
C0157,2025-04,3.5054890466463795,3.497380118457041
C0158,2025-04,2.7850261729226036,3.138203845558557
C0159,2025-04,3.3971659861179626,3.970323835639755
C0160,2025-04,2.487999416895382,3.0649993531026922
C0161,2025-04,3.2150699918141052,3.718484440324875
C0162,2025-04,3.3098457634894167,2.7521637123757414
C0163,2025-04,2.445756776728023,3.0045170432838813
C0164,2025-04,3.1068985072365587,3.0624120171480618
C0165,2025-04,3.156138742420995,3.2722257489089053
C0166,2025-04,3.226698207837811,3.884415658359501
C0167,2025-04,2.8979411065617855,3.0052694483849556
C0168,2025-04,3.3025475757775395,3.229973107308096
C0169,2025-04,3.108175900588047,3.971308276932438
C0170,2025-04,2.6735188237449496,3.1203541730246904
C0171,2025-04,2.793607791958468,4.001156405587161
C0172,2025-04,2.7852472561483475,3.543208276635505
C0173,2025-04,3.4102202778359585,2.878858592283748
C0174,2025-04,3.6456618976375994,3.3541209587683607
C0175,2025-04,3.706583876661435,3.959891462481779
C0176,2025-04,3.128035700747924,4.394117923455331
C0177,2025-04,3.096188147445598,3.4495338954761743
C0178,2025-04,3.1883173759599766,3.9313930677825395
C0179,2025-04,2.9606444395466394,3.690059647277636
C0180,2025-04,2.7640259048221147,3.270688845689077
C0181,2025-04,3.4036719505786217,2.806566173085981
C0182,2025-04,2.333643974183025,2.941523424122948
C0183,2025-04,3.2121424164052574,3.3830679713683587
C0184,2025-04,3.535990938608306,3.4281829427154116
C0185,2025-04,3.689348909045026,3.884026290536883
C0186,2025-04,2.9138530481799796,3.363382105997972
C0187,2025-04,2.5209723878715247,2.4335403416187713
C0188,2025-04,2.9455087233461708,3.3349862920071627
C0189,2025-04,3.8710080680435155,2.938999832173152
C0190,2025-04,3.0916462298562393,2.7786842035829915
C0191,2025-04,2.683001594264292,3.4076012087678165
C0192,2025-04,3.110938852498202,3.456103515399377
C0193,2025-04,3.5755163024723053,3.2681507165075914
C0194,2025-04,3.2045738373640598,3.749114266295764
C0195,2025-04,3.2520006609506127,2.7115053758304684
C0196,2025-04,3.083356452637271,3.2507675983214495
C0197,2025-04,3.908883633841525,3.6671354767674775
C0198,2025-04,,3.525037827652093
C0199,2025-04,3.1334462213693604,3.6838282334572416
C0200,2025-04,2.878074955010144,
C0201,2025-04,3.7008151738361397,3.186292793830431
C0202,2025-04,2.9823317448975524,3.0364846999624864
C0203,2025-04,2.751166738114063,3.217566711723455
C0204,2025-04,3.4512861066830993,4.050986882493391
C0205,2025-04,2.5391247275080655,3.9465042497697684
C0206,2025-04,3.1008318061722986,3.7438979674757986
C0207,2025-04,2.654131374540919,3.7437942846563947
C0208,2025-04,3.0839124209404076,4.440820682152548
C0209,2025-04,,2.6223598904959546
C0210,2025-04,2.1417316475073678,2.9129927215039038
C0211,2025-04,3.0313783988687213,2.9336760577072387
C0212,2025-04,2.9565419242802697,4.098834933421634
C0213,2025-04,2.4017427951650885,2.770126259547137
C0214,2025-04,2.487632219684474,2.995090050572089
C0215,2025-04,3.687456632770789,3.7549143021300164
C0216,2025-04,3.8270152021955783,3.242928555867614
C0217,2025-04,3.470517792686422,2.9169759844301293
C0218,2025-04,3.589734769187479,2.862929388336121
C0219,2025-04,1.8082199778867163,3.0472355614467728
C0220,2025-04,3.206310803309793,3.0152075955829227
C0221,2025-04,3.3568883780174033,3.8293139590382745
C0222,2025-04,3.3218114611301743,3.298649099234185
C0223,2025-04,4.513962358835004,3.4653775373273685
C0224,2025-04,,3.131860373263224
C0225,2025-04,2.902878868012216,3.0386676404149213
C0226,2025-04,3.2154154468874574,3.1031590892277356
C0227,2025-04,2.8721187642475208,3.1854535582651065
C0228,2025-04,2.6116398113486987,3.6019855632076827
C0229,2025-04,2.564184898284777,2.8421673227082356
C0230,2025-04,3.340704296126155,3.0863995681370495
C0231,2025-04,2.8587384207929682,3.7773655025242117
C0232,2025-04,2.5242466035800315,3.2839381688806317
C0233,2025-04,3.4265429866805093,3.0896263369327372
C0234,2025-04,4.633143213561121,3.396128599344467
C0235,2025-04,2.8169393105139773,3.1826948250075424
C0236,2025-04,2.4095842521311304,3.471398029211078
C0237,2025-04,3.468300765283626,2.8823430156216086
C0238,2025-04,2.359834615310523,2.87089638239846
C0239,2025-04,2.6408736268564796,3.150422802246633
C0240,2025-04,3.339171271761117,3.4136302891270276
C0241,2025-04,3.4899700142808756,3.9763208783495814
C0242,2025-04,2.822355068987798,2.358126426331822
C0243,2025-04,2.7139080163726867,2.9580649825972345
C0244,2025-04,4.061526509242728,3.016479939474662
C0245,2025-04,3.140417921784496,3.789624780215971
C0246,2025-04,3.6506559481973166,2.8819896805058582
C0247,2025-04,3.0072818344930137,3.671545228373759
C0248,2025-04,3.674662143256975,3.3728331885069913
C0249,2025-04,2.686789435368674,3.9037204020758147
C0250,2025-04,3.042664264053983,3.294053258752894
C0251,2025-04,3.0648075399682018,3.364636757551505
C0252,2025-04,2.8949666723651384,3.757490183945394
C0253,2025-04,3.5590099324242814,3.0763641730523967
C0254,2025-04,3.0334385700489714,3.2204296765321843
C0255,2025-04,2.65119037996983,3.835121000341064
C0256,2025-04,2.944942678408672,2.8483861605340195
C0257,2025-04,2.3091365094056897,
C0258,2025-04,2.883418329962232,3.6217143242102794
C0259,2025-04,3.2987953616882844,
C0260,2025-04,3.5670581038073177,3.8168361985791632
C0261,2025-04,1.565310991552135,2.450670836001067
C0262,2025-04,2.612454770005572,2.966310660373251
C0263,2025-04,3.133635307792156,2.807641943861019
C0264,2025-04,3.357730231658366,2.596827860745166
C0265,2025-04,2.884169809694473,3.6965533897777836
C0266,2025-04,3.058628050581182,3.776045969573667
C0267,2025-04,2.9571132218958303,3.579527203760591
C0268,2025-04,3.0780394245118488,3.6477816771611833
C0269,2025-04,4.316774749157145,3.8594880136091207
C0270,2025-04,3.783274951548857,2.967865298531996
C0271,2025-04,2.4655780661464632,2.959890424748698
C0272,2025-04,2.6384157004858326,3.2551395762827076
C0273,2025-04,3.4927354430378172,3.2184305752894953
C0274,2025-04,2.2945405996623647,3.473143668389511
C0275,2025-04,3.0329463632744886,2.223840692678371
C0276,2025-04,3.1898133640592876,
C0277,2025-04,2.600349977174089,2.799925729021577
C0278,2025-04,3.196241344626275,3.8365593898152097
C0279,2025-04,3.3396831281094053,3.1417338780436945
C0280,2025-04,4.185328925527585,2.8920675480769082
C0281,2025-04,3.6482509557775127,3.4687766063178436
C0282,2025-04,3.0882265065054395,3.3202352863970037
C0283,2025-04,2.708484056752041,4.516473570923521
C0284,2025-04,2.00096959175202,2.892597464996926
C0285,2025-04,3.0788084701285636,3.4763475010357046
C0286,2025-04,,2.5952717909259055
C0287,2025-04,3.383541038279796,3.6382303733532115
C0288,2025-04,3.502857661522225,2.964868962946402
C0289,2025-04,3.546896407678944,3.7174009585671324
C0290,2025-04,2.870031326185471,2.5115824463882173
C0291,2025-04,3.033773345570805,
C0292,2025-04,3.4431010261340074,2.8869663808613515
C0293,2025-04,3.7560154459901804,3.522433839896447
C0294,2025-04,,2.904218382347648
C0295,2025-04,3.0868453104716735,4.104126100434128
C0296,2025-04,2.195857175263214,3.3174752511520156
C0297,2025-04,2.997004694051977,2.4247770559105613
C0298,2025-04,,4.127738525220067
C0299,2025-04,3.5419678892385504,3.338085946571834
C0300,2025-04,3.81440993180824,3.9770359828803663
C0301,2025-04,2.9700418355611853,2.9635299951885385
C0302,2025-04,4.467848182505126,2.814324673154245
C0303,2025-04,3.3783793707368557,3.381131336036159
C0304,2025-04,,
C0305,2025-04,3.2018056160486643,2.7792674904395978
C0306,2025-04,2.707397362230619,3.5764864330947304
C0307,2025-04,,3.068863652969037
C0308,2025-04,2.974212927270161,3.039483529998054
C0309,2025-04,3.76511976597944,2.8313706936087284
C0310,2025-04,2.871089060700094,3.1761023099957835
C0311,2025-04,2.6031159472855725,3.7552018494204424
C0312,2025-04,3.4876515563790473,3.0638970017568097
C0313,2025-04,3.509778687862096,3.572016213444065
C0314,2025-04,3.8689351100152685,3.2710179300941484
C0315,2025-04,3.4426211012697894,3.319995156673597
C0316,2025-04,3.3130179622664757,3.8834499946513286
C0317,2025-04,3.204247123861259,3.289855796867809
C0318,2025-04,3.478622267811292,3.6094405791605197
C0319,2025-04,,2.9229839463597322
C0320,2025-04,2.6681799541851667,2.9344878028999912
C0321,2025-04,3.191063551172902,2.873342704160719
C0322,2025-04,2.9920817366374437,3.427148783955099
C0323,2025-04,2.385644920773453,2.797124960721548
C0324,2025-04,,3.7015651099193523
C0325,2025-04,3.4262421235401512,3.2150753326876216
C0326,2025-04,3.185260765170482,3.2114062194732726
C0327,2025-04,2.821461974685691,3.838002819370157
C0328,2025-04,2.6265226922528915,3.3048223289618015
C0329,2025-04,2.858549249927714,3.1553525434538425
C0330,2025-04,2.196960435096223,3.2416137281145834
C0331,2025-04,4.409815252995015,3.823709155646022
C0332,2025-04,3.352925628679731,3.0708929394885565
C0333,2025-04,2.756669639675738,3.0704082481821344
C0334,2025-04,,3.4462857655444843
C0335,2025-04,3.006956938107638,2.6956617484618546
C0336,2025-04,2.685482742005208,4.004691084085443
C0337,2025-04,2.525047386114119,3.4041451232049966
C0338,2025-04,3.9125556222432203,3.550013543789083
C0339,2025-04,2.530021681667011,
C0340,2025-04,2.534728180250176,3.352718951779725
C0341,2025-04,2.697943330472015,2.7165756854129537
C0342,2025-04,2.5956615207882145,3.2268385916682782
C0343,2025-04,3.48507919802405,3.3739951904414505
C0344,2025-04,3.096992940172117,3.6981815708217933
C0345,2025-04,3.139129697228624,2.9708006730686027
C0346,2025-04,3.850185955918584,3.214168604171141
C0347,2025-04,2.2870674552395736,2.389783235082342
C0348,2025-04,2.837631335768388,3.042549810018119
C0349,2025-04,3.4964452723987396,3.080456982276583
C0350,2025-04,3.0265018527130705,3.0277388202323596
C0351,2025-04,2.418804040949216,3.1553717886739467
C0352,2025-04,2.4668063769387247,2.5133843750472304
C0353,2025-04,3.13325756797827,3.3277801638091766
C0354,2025-04,3.815312526805692,3.671812269182131
C0355,2025-04,2.331446388715878,3.4294033195838485
C0356,2025-04,3.087324616493054,3.862286738192099
C0357,2025-04,1.6765796771089878,3.2931941369725655
C0358,2025-04,3.0408954184929886,3.0773084050835493
C0359,2025-04,2.5480737283804205,2.6392329612616523
C0360,2025-04,3.2903239422848163,2.9653474069407446
C0361,2025-04,3.1626892482022817,2.947214242818318
C0362,2025-04,,3.726985584204591
C0363,2025-04,2.9142347886743822,3.7994236667676597
C0364,2025-04,3.6263049246189554,3.2686218630499946
C0365,2025-04,2.5341220664777615,4.0003845880484885
C0366,2025-04,2.928931260219112,3.168177798241506
C0367,2025-04,3.9760782951089766,2.938306566412149
C0368,2025-04,2.7194477061839444,3.2239716334845934
C0369,2025-04,3.925370309505956,2.598327660729265
C0370,2025-04,3.92074605872867,3.275235267941227
C0371,2025-04,3.197004341467015,4.236237957600951
C0372,2025-04,2.7978176450544097,3.7283691404055377
C0373,2025-04,3.202289842567337,3.712512288523806
C0374,2025-04,4.106519198913511,
C0375,2025-04,,3.270598325358988
C0376,2025-04,2.6462581304540165,3.5278627605282966
C0377,2025-04,2.677033208117163,3.3923080706540327
C0378,2025-04,2.579484101040588,3.9020787310937717
C0379,2025-04,2.7950212303083863,3.3829021591100235
C0380,2025-04,3.278174758034887,3.001970187889714
C0381,2025-04,2.7681448899865577,3.813581301979524
C0382,2025-04,2.760944035088205,
C0383,2025-04,3.1096516968166057,3.0424743375885033
C0384,2025-04,3.2896393205446812,1.949189263924103
C0385,2025-04,2.9133399064014207,2.8972306731262827
C0386,2025-04,3.3442938892814063,3.2483530711559196
C0387,2025-04,4.133356719183075,3.4472336827811185
C0388,2025-04,3.554469485223259,3.035975238415922
C0389,2025-04,3.7926161597024715,3.385454139762364
C0390,2025-04,3.8692777802729497,3.535917497853403
C0391,2025-04,2.4633347760920516,3.1791088069020947
C0392,2025-04,2.0364723008381014,2.2593335101506193
C0393,2025-04,2.545943603038656,3.0203153507847333
C0394,2025-04,3.675508201885621,3.0885029486124225
C0395,2025-04,2.507571291609693,
C0396,2025-04,3.085572578693906,2.980703261681989
C0397,2025-04,3.344143250577587,2.8927670213123093
C0398,2025-04,2.7425106267507617,4.288153193687179
C0399,2025-04,2.3653056791202656,2.6749795954452766
C0400,2025-04,2.376977274860055,3.6144035242364296
C0401,2025-04,3.878285349555732,2.489643406474873
C0402,2025-04,3.196378478058246,3.3288929211640146
C0403,2025-04,3.5591767453859697,3.5902364055685605
C0404,2025-04,3.15193655099109,3.143417857451293
C0405,2025-04,3.428809296414887,3.1656086049895835
C0406,2025-04,2.433452652100467,3.232515861810884
C0407,2025-04,3.1527757000617127,3.3486849582424187
C0408,2025-04,,3.705213460940164
C0409,2025-04,3.1813859001306217,3.4245998402960236
C0410,2025-04,,3.462114464604706
C0411,2025-04,3.2249836818366555,2.9542765331933643
C0412,2025-04,2.2641093272036645,2.7541335481225753
C0413,2025-04,2.782402925236817,4.1425458219802636
C0414,2025-04,3.295545585973948,3.364560906226266
C0415,2025-04,4.196746624104545,3.097409528768637
C0416,2025-04,2.9885517672269075,4.2100676610602115
C0417,2025-04,3.0352625411843808,2.4628446900730894
C0418,2025-04,3.366208522073829,3.289403028252666
C0419,2025-04,3.560860528543744,3.468764653195149
C0420,2025-04,3.7520877647048825,
C0421,2025-04,2.620690370755549,3.012565460920684
C0422,2025-04,3.2849167680290687,2.9377513405664812
C0423,2025-04,2.8025441113665472,3.4519846568391404
C0424,2025-04,3.7481322229183283,2.864438200315873
C0425,2025-04,2.8586934256734735,3.0395483561909016
C0426,2025-04,3.0493409266037834,2.989132842892311
C0427,2025-04,2.32170061135293,3.0810526391481843
C0428,2025-04,2.681456127020842,2.3469304378483766
C0429,2025-04,,3.3493528335926634
C0430,2025-04,2.6709451362895447,2.90933258320374
C0431,2025-04,2.86167726755297,4.075052599418024
C0432,2025-04,3.4497896857375023,2.5475698293638813
C0433,2025-04,2.6354450544075396,2.927042477577698
C0434,2025-04,3.0455550937333538,2.603409319160083
C0435,2025-04,,3.280496410009935
C0436,2025-04,3.190811446928993,3.610610755140776
C0437,2025-04,3.4456508521073053,3.879986213317361
C0438,2025-04,3.060814148456285,3.6359554453383773
C0439,2025-04,2.0161199310682405,2.915998252045142
C0440,2025-04,3.2439053969754386,3.5107791313770047
C0441,2025-04,2.994446419980063,3.0699169798648427
C0442,2025-04,2.3199859385181987,3.6794148338183597
C0443,2025-04,1.6114275598474392,3.105924724439202
C0444,2025-04,2.5913458125471656,3.7610520647794536
C0445,2025-04,3.8783589232509796,3.370233095098971
C0446,2025-04,3.127089463995832,3.364435421158734
C0447,2025-04,3.8465528391357022,3.4068544178049662
C0448,2025-04,,3.2735532925692405
C0449,2025-04,3.719742017111751,3.608963786160456
C0450,2025-04,3.0864563980005126,3.098507628804035
C0451,2025-04,3.2369422441301343,2.992612125218862
C0452,2025-04,3.148216249418752,3.3574564115855594
C0453,2025-04,3.0221737617191393,3.040648572520893
C0454,2025-04,,3.8396274760411333
C0455,2025-04,3.852139911499251,4.405133272921351
C0456,2025-04,3.4918376078796562,2.528776017134058
C0457,2025-04,3.2572284730646164,2.797566527601025
C0458,2025-04,3.6543793742165933,3.5275496367538755
C0459,2025-04,2.9114489742904186,3.3699091821749287
C0460,2025-04,2.939220934872155,2.421907790660463
C0461,2025-04,3.037126726731938,3.4901700998991614
C0462,2025-04,2.417155286970117,3.5095891908880574
C0463,2025-04,2.674717710545086,4.33955247292254
C0464,2025-04,3.3456839578357505,3.24233100151277
C0465,2025-04,3.2164475432263147,3.919563147008139
C0466,2025-04,2.9531528355406986,3.5651992481574415
C0467,2025-04,2.9002134440317135,
C0468,2025-04,2.85856600537811,2.9783258267285313
C0469,2025-04,3.5880825101413407,3.7139052972354962
C0470,2025-04,3.153534567003684,3.385019683255145
C0471,2025-04,2.8636034146811187,3.1287108237723156
C0472,2025-04,3.135085834993944,2.3993358999772347
C0473,2025-04,3.5750790687158456,3.0352686377691924
C0474,2025-04,3.3881941368945445,3.3304048538864186
C0475,2025-04,4.157790215024903,3.3642980340699165
C0476,2025-04,3.2195978612016387,3.6176678615185094
C0477,2025-04,2.753459623223754,3.3365155589443534
C0478,2025-04,3.365702441707214,2.9674335740386315
C0479,2025-04,2.400983433125231,3.6580979478802416
C0480,2025-04,3.336718148102497,2.455930516406304
C0481,2025-04,3.4224488534945023,3.6449437602841
C0482,2025-04,3.2503295972656305,1.9596872462707697
C0483,2025-04,2.859872767709431,3.9109751561910606
C0484,2025-04,2.944737734010539,2.970500352858544
C0485,2025-04,3.266173806115249,3.9919471651809055
C0486,2025-04,3.376737924531536,2.6428588330985807
C0487,2025-04,2.949794768657615,4.060882973820734
C0488,2025-04,3.6230905928908514,3.3071008571794986
C0489,2025-04,3.045600792226733,2.9356051442782523
C0490,2025-04,3.434588825746743,3.2467687402851264
C0491,2025-04,2.7509921150098906,4.086410103904498
C0492,2025-04,2.355091760103627,2.6306799704496893
C0493,2025-04,3.106412028792591,3.874952062129771
C0494,2025-04,,4.003153541941601
C0495,2025-04,3.227878241548528,3.242713296448084
C0496,2025-04,3.4112864949189396,2.808244652556076
C0497,2025-04,3.2837564215555926,3.6185139073547927
C0498,2025-04,3.0140715952583794,2.978378734667231
C0499,2025-04,2.6249751524521243,2.830698704343856
C0500,2025-04,3.9063574186569805,3.7814362947045024
C0501,2025-04,2.7195631564223595,3.4501541060101215
C0502,2025-04,3.6214250736566163,3.332495805917482
C0503,2025-04,3.0910243794386174,3.1249690742492082
C0504,2025-04,3.2574524248922363,3.8253666472773205
C0505,2025-04,2.9647899198320053,3.6323928316951855
C0506,2025-04,3.121402820358907,2.726954617964272
C0507,2025-04,3.3052468385147495,2.812301542431005
C0508,2025-04,,3.3438679206815833
C0509,2025-04,3.925438204231097,2.978530438976103
C0510,2025-04,3.510186357193447,2.97397586291211
C0511,2025-04,3.710378073704684,3.9578401661101315
C0512,2025-04,2.8318730205841733,2.740638236564691
C0513,2025-04,2.487504666623481,2.898433055704852
C0514,2025-04,2.666852586310542,3.436652691487213
C0515,2025-04,3.3313773057094513,3.339450729451423
C0516,2025-04,2.700661166134515,2.5788876710900106
C0517,2025-04,3.262148918872077,3.3398294264212285
C0518,2025-04,2.6635508096305496,2.911796247968521
C0519,2025-04,3.224695935528454,4.299329511720186
C0520,2025-04,3.4674253564758484,3.822264140850885
C0521,2025-04,3.263970082344451,2.8169161158923623
C0522,2025-04,3.595833604576416,3.2765534682948156
C0523,2025-04,3.1490509658804657,3.137077996670625
C0524,2025-04,2.8043066250708995,3.78984649743826
C0525,2025-04,3.7175017707454194,3.449182925274969
C0526,2025-04,2.833747166895172,2.7475112126600596
C0527,2025-04,3.2545999258688343,3.4933067476076913
C0528,2025-04,3.969482119837777,3.1861828445730387
C0529,2025-04,2.8686599106955786,2.8813686601626696
C0530,2025-04,2.386629190534242,3.785605042968946
C0531,2025-04,3.5063985257955115,4.045678592916935
C0532,2025-04,2.931638929421323,2.667199817052417
C0533,2025-04,3.4838449506036477,3.7412865684633196
C0534,2025-04,2.5230427119481758,3.5589093056428345
C0535,2025-04,2.7459982367380613,3.561796407310626
C0536,2025-04,3.4027239794895827,3.4774616462129266
C0537,2025-04,,
C0538,2025-04,3.3550095219685248,3.0382792855416842
C0539,2025-04,3.2055644288937115,3.098848281906021
C0540,2025-04,4.048965141629804,1.9203465884090165
C0541,2025-04,3.802971647765827,3.5486993006468146
C0542,2025-04,2.731583508729733,2.7623176482470395
C0543,2025-04,2.8046088777128193,2.953382701411779
C0544,2025-04,3.7189627872361015,3.42653660585775
C0545,2025-04,2.8823141292344365,3.6568995022624593
C0546,2025-04,4.724803706867116,3.8871731819312862
C0547,2025-04,2.9011910929272,3.390351398313154
C0548,2025-04,3.3694698491384742,3.5658922001956395
C0549,2025-04,3.0768758925925344,3.676318048705979
C0550,2025-04,2.3688166555040446,3.1429452169861576
C0551,2025-04,3.6708613659771347,3.3477378082191858
C0552,2025-04,,2.33233843449556
C0553,2025-04,3.4525920212965375,3.376999049148126
C0554,2025-04,3.974906462012823,2.919886269815605
C0555,2025-04,2.948780154608169,2.6302455917977996
C0556,2025-04,2.7987850243921715,4.102614792725122
C0557,2025-04,3.1926480561154036,3.098142807437385
C0558,2025-04,,3.4435101992816386
C0559,2025-04,2.678076857749019,2.4127660913706235
C0560,2025-04,2.954355623221258,3.690921289649535
C0561,2025-04,3.353857135804355,4.044167257356504
C0562,2025-04,2.8979375133196448,2.432362260618031
C0563,2025-04,2.6629231900898986,
C0564,2025-04,3.434641529815753,
C0565,2025-04,3.068168901725595,3.1622658532316126
C0566,2025-04,2.635007998257427,3.015348609069537
C0567,2025-04,2.4008751947583473,2.8963161305971563
C0568,2025-04,4.265887988458225,3.6072780117610983
C0569,2025-04,3.305859179956335,3.032907304350003
C0570,2025-04,4.256623431309074,3.6901319389785106
C0571,2025-04,2.611193356786436,3.1979481195394945
C0572,2025-04,2.6421284168950354,2.981802337412368
C0573,2025-04,2.6006681948486405,2.917591349949723
C0574,2025-04,2.8555762235183155,3.747885778339118
C0575,2025-04,2.4537934207334393,3.958751095110692
C0576,2025-04,2.7492269619195735,3.0529957382227346
C0577,2025-04,2.75904694105017,2.7465089820737867
C0578,2025-04,3.214947431789594,3.188700127501353
C0579,2025-04,3.39227327511174,3.7014213034425434
C0580,2025-04,3.6200147030775627,3.2906124412920077
C0581,2025-04,4.2045277883061924,2.7552305078962003
C0582,2025-04,3.2115547960766166,3.353338334221359
C0583,2025-04,4.058647789854028,3.319778866490732
C0584,2025-04,3.913827134592735,3.567243376566625
C0585,2025-04,3.7488281112420774,3.886766120462858
C0586,2025-04,3.114748043221481,3.4778564790354785
C0587,2025-04,3.012541182239078,3.2254658859892595
C0588,2025-04,3.8145141233087125,2.4580011253103615
C0589,2025-04,4.3543329606544825,2.631627186964758
C0590,2025-04,3.1124893393481106,3.171526004177982
C0591,2025-04,2.8979236677284534,3.1527935042553983
C0592,2025-04,2.9896323821035615,3.6302986193606617
C0593,2025-04,3.48958157499538,4.218173884994578
C0594,2025-04,2.380664239546655,3.0128981467118905
C0595,2025-04,2.2470019995455077,3.007960416100456
C0596,2025-04,,2.7848515612032876
C0597,2025-04,3.1315313276343497,3.9995366393075
C0598,2025-04,2.9291855118790164,3.2022142459470633
C0599,2025-04,3.153037068752027,3.1899311147207414
C0600,2025-04,3.485686494631778,3.5562763388991816
C0601,2025-04,2.9426733212859966,2.4817481786838873
C0602,2025-04,3.265582386758939,2.748582582531652
C0603,2025-04,2.921787458697461,2.9923730055141027
C0604,2025-04,3.216987294983875,2.833549815955509
C0605,2025-04,3.6725586012618825,2.7009806247601604
C0606,2025-04,2.653853901107923,3.3552007257488365
C0607,2025-04,2.972537738290692,3.2753618855419817
C0608,2025-04,3.132324796275465,3.46762762819809
C0609,2025-04,2.8864561719553454,3.664904733834361
C0610,2025-04,3.464932311013844,4.009048156404873
C0611,2025-04,3.3013079068651847,3.0462267845720374
C0612,2025-04,2.498660552543063,3.202058219377849
C0613,2025-04,3.2178901877520465,3.341577218391561
C0614,2025-04,3.4262432339005113,3.357821689797672
C0615,2025-04,2.366027614304132,3.7788891839523
C0616,2025-04,2.687327665610554,2.954392086599662
C0617,2025-04,3.691237090664458,3.5699392851922185
C0618,2025-04,4.059318261893572,4.233700036958254
C0619,2025-04,2.9377387631434244,2.7190756538640675
C0620,2025-04,3.291578321192332,3.089943384171031
C0621,2025-04,3.173230257024995,3.340518684817671
C0622,2025-04,3.3079930577040804,3.423894864147862
C0623,2025-04,2.7192997614346996,2.4039685392913377
C0624,2025-04,3.2177477197316118,2.5882505332388894
C0625,2025-04,3.2355933824922714,4.294525758667337
C0626,2025-04,2.340052089412746,3.8890109802984067
C0627,2025-04,2.661778464467848,3.4952239273062715
C0628,2025-04,3.0310583470253345,3.7589766835421328
C0629,2025-04,2.4659033796270142,3.044485358333389
C0630,2025-04,4.237547878238614,3.5241273066960312
C0631,2025-04,3.188043597112981,3.4130711132161036
C0632,2025-04,2.7576817635659228,3.0868711553713366
C0633,2025-04,3.7632184030057063,2.9615178772695137
C0634,2025-04,2.863434477294271,3.6621113789665687
C0635,2025-04,2.530315735319295,2.959683563499371
C0636,2025-04,4.017948240228931,3.317037045907346
C0637,2025-04,2.9238181717585476,3.415379873482711
C0638,2025-04,3.5335800807750744,
C0639,2025-04,3.9352389945044215,3.979670493216648
C0640,2025-04,2.968197457375287,3.5584048579864858
C0641,2025-04,2.6583708384126044,3.2745271434265506
C0642,2025-04,3.232493772176323,3.6342774856092253
C0643,2025-04,3.4037337225412063,3.604620224627328
C0644,2025-04,3.2406767852864142,3.6574272440047
C0645,2025-04,3.1724815679558165,3.679425919514719
C0646,2025-04,3.3557767396719207,2.946952065342835
C0647,2025-04,2.8171084799062824,3.066089739162233
C0648,2025-04,3.1503218365313526,2.6112534632628934
C0649,2025-04,2.7630150191761316,3.2949773665990136
C0650,2025-04,3.305052414887727,
C0651,2025-04,3.2450710417089055,3.0969590068392883
C0652,2025-04,3.277606239789451,2.7819215619077875
C0653,2025-04,2.931295335747007,3.9995422587716902
C0654,2025-04,2.9313275263959566,2.0484212221211004
C0655,2025-04,3.154271353170377,4.34734901756825
C0656,2025-04,2.7360346501534556,3.557346924765552
C0657,2025-04,3.295470541485255,3.1031253662593565
C0658,2025-04,1.8811347474962608,2.814039885515666
C0659,2025-04,3.5958691823751017,3.3594882298105677
C0660,2025-04,2.400554896349728,3.123496438517321
C0661,2025-04,2.974204279782515,3.2863778859804973
C0662,2025-04,2.6627190332661765,3.116078334712719
C0663,2025-04,2.3596503546817598,3.918032217714162
C0664,2025-04,3.2275701834047896,3.5444005888397667
C0665,2025-04,2.789490840076355,3.426852010448907
C0666,2025-04,3.427537864794324,3.949377852155223
C0667,2025-04,4.116874936661928,3.090416318680994
C0668,2025-04,2.562843152544548,2.7507758030342373
C0669,2025-04,2.325526878331648,3.259892107559359
C0670,2025-04,,3.2957963656039277
C0671,2025-04,3.2918776404223187,2.962940887078897
C0672,2025-04,1.822700957013434,3.300387953444706
C0673,2025-04,2.4359513069296157,3.618456843511927
C0674,2025-04,3.1399150908962103,2.598572404992106
C0675,2025-04,3.063991913386084,3.7314357636375526
C0676,2025-04,3.477984540869056,3.340684781271267
C0677,2025-04,3.1391157927805784,3.521249551845684
C0678,2025-04,3.5222729525355554,4.030126146510715
C0679,2025-04,3.127485363851059,3.4921633745933094
C0680,2025-04,3.4332619055141818,3.8137962149285762
C0681,2025-04,2.9198502721279755,3.6630979173858753
C0682,2025-04,2.7129072499192706,3.0869071098395837
C0683,2025-04,3.4846241899248165,3.649951888552444
C0684,2025-04,3.7890075842109296,2.732876047149339
C0685,2025-04,3.5396971425267254,3.1659146583443607
C0686,2025-04,2.540111711853064,2.3785873494596794
C0687,2025-04,2.4612003111127665,3.7014710129560653
C0688,2025-04,2.791168344070027,3.512897209871911
C0689,2025-04,3.16488530441811,3.1780341550025337
C0690,2025-04,3.3766767737179926,3.576002083378739
C0691,2025-04,2.7366733189409227,3.1914846494890976
C0692,2025-04,3.5406622800417127,2.4706796746965174
C0693,2025-04,2.6346129320019185,3.0791325023616336
C0694,2025-04,3.5057863792716164,4.245044526447973
C0695,2025-04,2.8418915705806658,3.5458600346142743
C0696,2025-04,3.4551381425088223,3.14410445002111
C0697,2025-04,3.2014185554176824,3.4720981154223507
C0698,2025-04,2.2112887796426293,3.5710723889580844
C0699,2025-04,3.3657739793908665,3.3832648027385837
C0700,2025-04,2.3071004977897953,3.2227683954381194
C0701,2025-04,2.8510522002631666,3.0534623634955445
C0702,2025-04,2.2835895593694886,3.124503887004732
C0703,2025-04,3.1015350268862742,3.4801603704169235
C0704,2025-04,2.753503436882452,3.5244027175422965
C0705,2025-04,3.0841590623462456,2.5627849077668934
C0706,2025-04,2.8501075081787253,
C0707,2025-04,3.1074384107542667,2.899482813335575
C0708,2025-04,3.7249523489652185,3.248574665394817
C0709,2025-04,3.6917843879772603,3.419775184403072
C0710,2025-04,2.804036296679075,2.9751416466985328
C0711,2025-04,4.087758302952475,3.1140688852459744
C0712,2025-04,2.93407781170854,3.8228217374001208
C0713,2025-04,2.419306313139141,2.9549473792227774
C0714,2025-04,2.583558997221709,3.3751768514471063
C0715,2025-04,3.6434217182050816,2.850634615460694
C0716,2025-04,2.2792307741517672,3.451847787964822
C0717,2025-04,3.0103219119457068,2.9143877660787245
C0718,2025-04,3.5080989243683764,3.0253637676593916
C0719,2025-04,2.720464174920739,2.320890331604091
C0720,2025-04,3.34248851306237,3.4269974570350934
C0721,2025-04,2.838603337754844,3.5855511805992357
C0722,2025-04,2.983890739324674,3.6594441059468905
C0723,2025-04,3.836212811084822,3.4166357819073707
C0724,2025-04,3.320558588192673,3.025780722212348
C0725,2025-04,3.1125921305014836,4.249468375310901
C0726,2025-04,2.0333442820418886,2.9387901920465533
C0727,2025-04,3.73194956390593,3.276458219469827
C0728,2025-04,3.6488773236371075,3.372321082775541
C0729,2025-04,3.3757398114427333,3.7863756406863853
C0730,2025-04,2.8988652057516413,3.580838531208688
C0731,2025-04,2.5702149232355813,4.18403428663375
C0732,2025-04,3.288326569049514,3.3207480889923837
C0733,2025-04,2.8357774023124827,2.673011949868768
C0734,2025-04,,3.680660558596249
C0735,2025-04,3.5199294361415596,3.750292914293105
C0736,2025-04,2.8977385113434253,3.1740595696466363
C0737,2025-04,3.389545206160172,
C0738,2025-04,3.54979466136834,4.14950234086826
C0739,2025-04,2.5547213859014652,3.4686905117259927
C0740,2025-04,3.2097842816359132,2.666909009419811
C0741,2025-04,4.26993845365161,3.1796354144966705
C0742,2025-04,3.6391100114662196,3.3125103146704875
C0743,2025-04,2.91678420929514,3.2058659386543473
C0744,2025-04,3.1951329600162883,2.9843216275397975
C0745,2025-04,2.72906893202593,3.759269893539664
C0746,2025-04,,2.7886721625803967
C0747,2025-04,2.6599866582948306,3.966590842284887
C0748,2025-04,2.8998216187490526,3.0709551387472187
C0749,2025-04,3.530999256828893,3.615935038924082
C0750,2025-04,,4.053947922744407
C0751,2025-04,3.688897409200708,3.677751799155458
C0752,2025-04,4.020936458509055,3.60531317195887
C0753,2025-04,2.9449858466029184,4.175815997152709
C0754,2025-04,3.4490120267242257,4.001066814359505
C0755,2025-04,2.9753901314557067,3.305984910879734
C0756,2025-04,3.643038469412533,3.7225744659902653
C0757,2025-04,3.1933857788531075,3.7715865915676385
C0758,2025-04,2.733250711711313,2.9595703318379885
C0759,2025-04,3.96336881468744,3.064455617048378
C0760,2025-04,3.810050434255043,4.174197318813889
C0761,2025-04,2.9073816724667165,3.255798976718632
C0762,2025-04,2.924090470185796,2.730698508053675
C0763,2025-04,3.4513533053905614,3.575780151655507
C0764,2025-04,2.420420154401457,2.536608424350184
C0765,2025-04,3.369360618134843,3.4532268539903836
C0766,2025-04,2.253312305511262,3.0590894028989366
C0767,2025-04,3.805311554423148,2.793535986882392
C0768,2025-04,3.0308521053666166,3.43000301577841
C0769,2025-04,3.012139793685615,3.2623422118640715
C0770,2025-04,3.3678090333363437,3.510647636163465
C0771,2025-04,3.4602637159465273,3.422902588775048
C0772,2025-04,2.287122932373712,2.9600175965446316
C0773,2025-04,2.245877111928895,
C0774,2025-04,3.011719310446944,2.70367818661797
C0775,2025-04,1.914252831475649,2.6579733666333416
C0776,2025-04,2.9566404166110085,3.4115887942865686
C0777,2025-04,3.3053863999268684,3.133157024615065
C0778,2025-04,,3.1152985233070973
C0779,2025-04,2.9510896543470766,3.03429676348769
C0780,2025-04,2.8660144416832303,2.898491612545883
C0781,2025-04,3.173215504402899,3.4214601341691946
C0782,2025-04,2.9952495309869582,3.5257790448982123
C0783,2025-04,2.265219081060826,3.64579304558698
C0784,2025-04,2.6958427076727807,2.6402255085287294
C0785,2025-04,3.092637201078764,3.3768726229282606
C0786,2025-04,2.478496308972204,3.288594047009601
C0787,2025-04,3.287839115295645,2.9567360558053757
C0788,2025-04,2.7703632268599083,3.349670361308305
C0789,2025-04,3.9449293442025093,3.330400409042072
C0790,2025-04,2.97842427168581,3.382720033528389
C0791,2025-04,3.673867705736688,2.8338336906250596
C0792,2025-04,2.6657252031055103,2.6349337422895047
C0793,2025-04,2.483799779117616,3.4664456242342565
C0794,2025-04,3.351792500694404,3.47033691448428
C0795,2025-04,2.4189198411390938,2.9180368246685
C0796,2025-04,2.603380318570391,3.8217201384443378
C0797,2025-04,3.518692752670434,3.3715886868207
C0798,2025-04,3.407970809637485,3.580527290528047
C0799,2025-04,2.7774827745272175,
C0800,2025-04,2.964781177729711,3.3634924793063603
H0001,2025-05,2.28844247445676,
H0002,2025-05,2.6597565902516855,2.8481484847596836
H0003,2025-05,2.626615840250283,2.4722201306490654
H0004,2025-05,2.687808993950261,3.5893517687262144
H0005,2025-05,3.3236788909345525,2.9152013126442955
H0006,2025-05,2.288142675371337,2.8011911193546917
H0007,2025-05,2.9352594203179274,
H0008,2025-05,3.2540179350448515,3.65921265021113
H0009,2025-05,,3.1492674876536295
H0010,2025-05,2.5190998804136364,3.4555731071672104
H0011,2025-05,3.517354114969568,3.044035966787779
H0012,2025-05,3.0179103387470465,3.091012402966359
H0013,2025-05,3.188405294151773,3.182331866678198
H0014,2025-05,2.920925090032171,2.822631352824941
H0015,2025-05,,2.6676654391055155
H0016,2025-05,3.230261262540785,4.1677377210804885
H0017,2025-05,3.5952729629659856,
H0018,2025-05,3.4306776087953965,3.6590574952319685
H0019,2025-05,2.0206686587048406,3.0708079002214657
H0020,2025-05,3.04466091521891,2.645935480045358
H0021,2025-05,3.170176401568663,2.604090562342548
H0022,2025-05,3.1036970169587237,2.747417014855608
H0023,2025-05,2.8968739976054247,3.4047861039502734
H0024,2025-05,3.346937214774231,3.8092433939584955
H0025,2025-05,3.0724494953742245,2.923379658261066
H0026,2025-05,2.8400820505056563,3.1826565114574104
H0027,2025-05,3.192175184888485,3.1205718861474696
H0028,2025-05,3.5440868616043026,3.676433374585592
H0029,2025-05,,3.999606221326581
H0030,2025-05,2.919730628005217,
H0031,2025-05,,3.2847636856703746
H0032,2025-05,2.9979114310763673,3.564365743221581
H0033,2025-05,3.471958159979659,
H0034,2025-05,3.5649783652209317,2.9029329430189197
H0035,2025-05,3.0367473880159093,3.0257771362421937
H0036,2025-05,3.445067793021822,3.6738821570592024
H0037,2025-05,2.362388668203158,4.203286337195762
H0038,2025-05,3.0210659395998825,
H0039,2025-05,4.053255009783235,3.2860842261922003
H0040,2025-05,2.951716684083473,3.0705037164812707
H0041,2025-05,2.9773252216998594,2.901709843462577
H0042,2025-05,2.7145524784219974,3.6455605951664887
H0043,2025-05,3.4542374027647686,3.6590607463296005
H0044,2025-05,4.264500195687389,3.9428234714499064
H0045,2025-05,3.064219953843223,3.4139020539450824
H0046,2025-05,2.559955856548161,3.22872450893532
H0047,2025-05,2.957808898292393,3.5550651735501853
H0048,2025-05,3.623898064066974,3.6742647163136755
H0049,2025-05,2.5106193287203604,2.6525740230224364
H0050,2025-05,2.8854590983805517,3.86487080176208
H0051,2025-05,,3.9668312200835043
H0052,2025-05,3.0500100300365007,3.3670049808016613
H0053,2025-05,3.7520082072382293,3.7578214361685482
H0054,2025-05,3.6009481284940605,3.4185005192038407
H0055,2025-05,3.0202464185918347,3.311108396032359
H0056,2025-05,2.9274430729564926,3.9083949402341487
H0057,2025-05,3.3339277929537037,
H0058,2025-05,2.783151806567494,3.493966495236138
H0059,2025-05,2.801633169545844,3.194057688871759
H0060,2025-05,2.3140739277430464,2.9779875532321016
H0061,2025-05,2.6502065861673483,3.1774412134869863
H0062,2025-05,3.5855720407303564,3.161069932057035
H0063,2025-05,2.921999415207765,3.0191241657969545
H0064,2025-05,2.6732374675964232,2.4178350127699906
H0065,2025-05,3.152169915557449,3.141873089553316
H0066,2025-05,2.9572955274383546,2.9286341541230168
H0067,2025-05,2.969892168858268,2.7431511217620947
H0068,2025-05,2.318852905792276,3.927717053122693
H0069,2025-05,4.224851028870348,3.444792953719854
H0070,2025-05,3.493912012559165,3.220615725534561
H0071,2025-05,2.7319946708537937,3.7879899217732516
H0072,2025-05,2.251262510441186,3.3935530337153317
H0073,2025-05,2.9434063500676104,3.5671485907031517
H0074,2025-05,3.269920651393684,4.083698954247108
H0075,2025-05,3.8673955358421663,3.9638387214474977
H0076,2025-05,3.3307131950302606,3.376826154488084
H0077,2025-05,3.488791588574445,2.6624765496909166
H0078,2025-05,3.1733819711674327,3.104438816965101
H0079,2025-05,2.9722560476614865,3.437981486875371
H0080,2025-05,3.688843262006399,3.8610147143060862
H0081,2025-05,3.4031429834857607,3.4798463715848764
H0082,2025-05,3.487193669129611,3.0060220032650022
H0083,2025-05,3.098283634355444,3.2623170654375224
H0084,2025-05,3.3150938034535966,3.8588739943985755
H0085,2025-05,2.378044212765789,3.0371744107768066
H0086,2025-05,4.009714826146676,4.387236581530588
H0087,2025-05,3.38751449753454,3.7277636528873623
H0088,2025-05,3.4415959645153102,2.553161414064744
H0089,2025-05,3.221003481979901,2.8705805518883163
H0090,2025-05,2.895366970742227,3.272012485843951
H0091,2025-05,,3.333356289235786
H0092,2025-05,3.3368084916926963,2.5408859151401377
H0093,2025-05,2.3765432918254046,3.603258721610897
H0094,2025-05,2.81342004995583,3.198055130582956
H0095,2025-05,3.262398336390763,3.6537481505832674
H0096,2025-05,3.426065980242277,3.359390345905064
H0097,2025-05,2.416296402877707,3.707326050733183
H0098,2025-05,,3.3319906124711296
H0099,2025-05,2.9756051437164253,3.791124877654348
H0100,2025-05,2.7871926525485327,2.3293623329751725
H0101,2025-05,2.2036552653569004,2.7715294233156693
H0102,2025-05,2.8154499375798365,2.985029460889167
H0103,2025-05,2.92051451145756,3.241184061696379
H0104,2025-05,3.168244308089331,3.0477900456906304
H0105,2025-05,3.35029524826695,3.9951383575939095
H0106,2025-05,2.1213392343608284,2.672471960612115
H0107,2025-05,3.5449704636426995,3.3501349638321622
H0108,2025-05,3.036915740187364,3.4350001442710196
H0109,2025-05,3.2832777092560854,2.8641585478995166
H0110,2025-05,2.5323387189288713,2.9304141589984174
H0111,2025-05,3.2081878127633896,3.189215978780206
H0112,2025-05,3.3158430332457605,3.576029149709818
H0113,2025-05,,3.36853836557454
H0114,2025-05,3.5515898425302144,3.4419968403753076
H0115,2025-05,3.725738313162348,3.4011794602140686
H0116,2025-05,3.073529173751736,4.1375379132636825
H0117,2025-05,2.794092939720623,3.3174672757478216
H0118,2025-05,2.9822026819253815,3.621410124309913
H0119,2025-05,3.179243490916169,4.33062193945875
H0120,2025-05,3.4532781962816106,3.166602268098141
H0121,2025-05,,3.1119599259040522
H0122,2025-05,3.15806901949619,3.038637904299162
H0123,2025-05,,3.8791950536932354
H0124,2025-05,2.7937378211034747,3.217433864668495
H0125,2025-05,3.822787175290792,3.747558390298622
H0126,2025-05,2.9974319302498906,2.889916543624972
H0127,2025-05,3.164504452140784,3.460688858601731
H0128,2025-05,3.462329127187541,3.2002826280024976
H0129,2025-05,3.800648387103964,2.978565260221422
H0130,2025-05,2.534168726140571,3.390504427194243
H0131,2025-05,3.3841982198674616,3.6944246891568984
H0132,2025-05,3.4087307831471727,3.178594241075719
H0133,2025-05,2.7476117271198177,3.1915702363910685
H0134,2025-05,2.973770286414647,3.6000339351639266
H0135,2025-05,2.6980678268721547,2.7393931755289724
H0136,2025-05,3.0055585802258764,3.650323170630901
H0137,2025-05,3.4513442781535044,3.3617556826183836
H0138,2025-05,2.7001749286333667,2.935102770172791
H0139,2025-05,2.4334671691780154,3.3159832231868607
H0140,2025-05,3.732617457993453,3.4349840499077287
H0141,2025-05,2.571428795332288,3.000117932625662
H0142,2025-05,2.962990139981643,3.417536725401675
H0143,2025-05,3.1239494115990176,3.662384858061989
H0144,2025-05,2.9787799815128673,3.0975327369342662
H0145,2025-05,3.167207959497006,3.1346673421839326
H0146,2025-05,3.2482088089468024,3.4938204296746806
H0147,2025-05,3.6975876065861137,2.969865854268631
H0148,2025-05,3.4871064381704926,2.9707656348134885
H0149,2025-05,2.6121729676117496,2.376322523631406
H0150,2025-05,2.970105639276011,3.6356904057461374
H0151,2025-05,2.2973811061951763,3.6204233525753855
H0152,2025-05,3.68504580151593,3.220845645377484
H0153,2025-05,3.256471328736946,3.3389221829230085
H0154,2025-05,2.7650680853986174,3.4674168151934115
H0155,2025-05,4.246353514672737,4.289973224277718
H0156,2025-05,2.6142429299814918,2.2090682103608836
H0157,2025-05,4.496455240214382,
H0158,2025-05,3.268143913348192,3.623530084857941
H0159,2025-05,3.334439660254706,2.8484144324496876
H0160,2025-05,1.77711675211083,2.4607805785313914
H0161,2025-05,2.6294288035271585,3.0187093024881984
H0162,2025-05,3.788824320887376,3.291407822347966
H0163,2025-05,3.146024985488075,3.6220575975988725
H0164,2025-05,3.485308991809379,3.6839077160382407
H0165,2025-05,3.0980700691327523,2.8895538212592298
H0166,2025-05,3.188292572558837,3.5083570184536486
H0167,2025-05,3.196671812104369,3.3097982004400532
H0168,2025-05,3.3138522898449474,3.3879349151299203
H0169,2025-05,3.0617549939314017,3.273008927855583
H0170,2025-05,2.6824132001636873,3.451340089308769
H0171,2025-05,3.813661397166008,4.066807741853568
H0172,2025-05,2.927063634970212,3.5216453476862615
H0173,2025-05,3.5006754519826226,3.753833941285799
H0174,2025-05,3.342870919492555,3.4188549848563667
H0175,2025-05,3.75585939922764,3.6242006564174285
H0176,2025-05,3.449883888461885,3.902271191230954
H0177,2025-05,3.6557915740887585,3.3829065174021213
H0178,2025-05,3.145025992418607,3.552184648588812
H0179,2025-05,2.4887800330738656,3.6726776070995855
H0180,2025-05,3.1892852381879133,3.4028049460901926
H0181,2025-05,3.0213094241215326,2.9708625772425736
H0182,2025-05,2.756498247945754,3.240662421982654
H0183,2025-05,3.743034877273987,2.812285683233911
H0184,2025-05,2.699208443328398,3.0670126466402676
H0185,2025-05,3.0205961964297168,2.0799936747630943
H0186,2025-05,2.6752857055560773,3.8738571844185765
H0187,2025-05,2.5312523689799264,4.001533575288192
H0188,2025-05,3.2993663953961696,3.8922759246897503
H0189,2025-05,2.860588081219547,3.592380969774478
H0190,2025-05,3.5101825247030236,3.6739522386773924
H0191,2025-05,2.5726267101576976,2.4734224118822348
H0192,2025-05,2.951100756920403,3.2489878580247935
H0193,2025-05,3.1723529295427326,3.3729204630138097
H0194,2025-05,3.2610949900394237,2.780726536936007
H0195,2025-05,3.3692414637857375,3.390772303958845
H0196,2025-05,2.360281426660408,3.1900570416612783
H0197,2025-05,2.3879510844696497,2.5026506032889664
H0198,2025-05,3.337091138703755,4.061243046006378
H0199,2025-05,2.959643171641193,2.7154997669001215
H0200,2025-05,3.777047000071696,2.785115795214466
H0201,2025-05,3.415487237349468,3.1685323606122173
H0202,2025-05,2.516669060275279,
H0203,2025-05,1.412214442174113,3.4091479913180263
H0204,2025-05,3.3172937293347586,3.889791739138749
H0205,2025-05,2.79052440868593,2.6146214098839127
H0206,2025-05,3.2882436004683533,3.8295583458845366
H0207,2025-05,2.8923903884844657,3.1448814693381837
H0208,2025-05,2.956031330294665,3.585791286594013
H0209,2025-05,3.6930310933996866,3.200100208731354
H0210,2025-05,3.079261022644208,3.3693439418359827
H0211,2025-05,2.8138758203451286,3.0318572895551372
H0212,2025-05,2.9066110895875323,3.656701503487236
H0213,2025-05,2.698541591653022,3.075278107977778
H0214,2025-05,2.396383852544981,2.8980977655938296
H0215,2025-05,3.719754159500542,3.737091862526528
H0216,2025-05,3.124349864140389,2.653742872532332
H0217,2025-05,3.196601418710925,3.2427714383911455
H0218,2025-05,3.074870547825986,
H0219,2025-05,3.383912891151209,3.2539282866645305
H0220,2025-05,3.8449913708706918,3.432529779558803
H0221,2025-05,3.212793366315462,4.049034773971407
H0222,2025-05,,3.2912490434955375
H0223,2025-05,2.4749536829493533,3.0415996513704586
H0224,2025-05,3.2979316720427563,3.453840536200848
H0225,2025-05,3.6539402836088746,3.677007633491835
H0226,2025-05,2.5089772591949546,3.3752927645366033
H0227,2025-05,3.261718506260629,3.783719484268836
H0228,2025-05,2.8741909376147907,3.3522926737107346
H0229,2025-05,3.48538255663301,3.0861832728769625
H0230,2025-05,3.493752886799018,2.870267214919194
H0231,2025-05,3.699706739908045,3.0320068180211686
H0232,2025-05,3.1714622894768314,3.4036121877102183
H0233,2025-05,2.786523580427624,3.6874650907781477
H0234,2025-05,1.8799898047739516,3.1189542144227453
H0235,2025-05,3.4497739712866524,3.0686911896283875
H0236,2025-05,2.692878278654468,2.8792675211784466
H0237,2025-05,2.720273109804137,2.5945452212752955
H0238,2025-05,3.63541781548044,
H0239,2025-05,4.004138433801268,3.3952272357501725
H0240,2025-05,3.6059888116574568,3.750823181615355
H0241,2025-05,3.490667587483937,3.2237174511130644
H0242,2025-05,1.7797472996913024,2.987060089890632
H0243,2025-05,3.742962950079983,3.3002388939922045
H0244,2025-05,2.665723048738041,3.4454158489766153
H0245,2025-05,2.8190116837573576,2.9953649365859536
H0246,2025-05,2.413723698994717,3.162477606851307
H0247,2025-05,2.850297352581017,2.5079979557738774
H0248,2025-05,3.570695360994058,3.2170172407689046
H0249,2025-05,4.059507452714958,3.138896480386813
H0250,2025-05,2.4409329322238618,2.8775266570153404
H0251,2025-05,3.3813722055400137,3.4836246269763884
H0252,2025-05,3.027828271653624,3.4938834429364243
H0253,2025-05,3.8235908907741187,3.042803258415516
H0254,2025-05,2.581540361468883,2.7062820939224994
H0255,2025-05,3.558394690847757,4.001052213468531
H0256,2025-05,2.751777295365407,3.0554647196480684
H0257,2025-05,3.5169260660902726,3.0324590261267095
H0258,2025-05,3.3185445477525413,3.981021905852249
H0259,2025-05,4.103849374078847,3.3126759031750104
H0260,2025-05,2.473050812167884,3.3097559038749327
H0261,2025-05,3.6985236125448337,3.692232217514266
H0262,2025-05,2.6297517220512336,3.549034495240645
H0263,2025-05,3.51105049512866,3.6644873505526836
H0264,2025-05,3.5825428844761014,3.476375731419789
H0265,2025-05,2.8006904624187543,2.789886901323853
H0266,2025-05,3.2617189577459107,4.040578231495569
H0267,2025-05,3.9689039085960567,3.3321501927784074
H0268,2025-05,3.395089942538706,3.6304219892426834
H0269,2025-05,3.3075618103512734,3.964284824324193
H0270,2025-05,3.3425005524796307,3.911268464150371
H0271,2025-05,3.5483448581978463,3.981786510966989
H0272,2025-05,3.098772189213809,2.517646893456088
H0273,2025-05,3.835524945982314,
H0274,2025-05,,2.5512367789894173
H0275,2025-05,3.123944289679192,3.088054052884906
H0276,2025-05,3.3399672575573405,3.792932760087698
H0277,2025-05,2.620462419708451,3.6190910559588385
H0278,2025-05,2.3056246658962,3.1795186540222904
H0279,2025-05,3.243728084180572,3.1281584397993516
H0280,2025-05,2.430913682501986,3.334370478084259
H0281,2025-05,3.246422510914023,3.663324873100181
H0282,2025-05,3.5051739897803174,3.657838730174048
H0283,2025-05,3.233007103801683,3.953939139925943
H0284,2025-05,2.651011124390994,4.225768487688805
H0285,2025-05,2.571467593208527,2.654698098672838
H0286,2025-05,2.990322466597046,3.5420475966458858
H0287,2025-05,3.098779338325107,3.959325464635243
H0288,2025-05,3.5406276074860084,3.4692150692971846
H0289,2025-05,2.790410877333403,2.5520037029822307
H0290,2025-05,3.5833955398631385,3.4435486401819575
H0291,2025-05,2.6430274571526513,3.164399899251546
H0292,2025-05,3.851346032704644,2.4008637000178528
H0293,2025-05,3.5236941174291916,3.3068407245257756
H0294,2025-05,3.2538022155428665,3.7384990738422044
H0295,2025-05,2.294472816359237,4.091996027314781
H0296,2025-05,2.529703039787835,2.9074396093247348
H0297,2025-05,3.255752763790645,2.9250895408249287
H0298,2025-05,3.1596907675591317,2.7295107268446146
H0299,2025-05,2.5482821371017246,3.326828141074788
H0300,2025-05,3.218681675911689,3.499152461336233
H0301,2025-05,3.324647508531944,3.8786490004804497
H0302,2025-05,4.318835445759194,3.29442050220312
H0303,2025-05,3.089316394206327,3.9747429945420683
H0304,2025-05,3.1936606312525786,4.010690361650331
H0305,2025-05,2.491145734613799,3.4049692365453677
H0306,2025-05,2.9135917117383547,3.5789837992848397
H0307,2025-05,2.6148274642195957,2.805935042670999
H0308,2025-05,3.4038350175798398,3.9071150506865124
H0309,2025-05,,3.631329445483527
H0310,2025-05,2.939648917717214,3.5801939993876735
H0311,2025-05,2.566851433980761,3.3998999213865906
H0312,2025-05,3.3816276400953225,3.7806875234775363
H0313,2025-05,3.942737783848109,3.7809508399703793
H0314,2025-05,3.911324461020611,3.1489397613982226
H0315,2025-05,2.98894692404074,3.184209440891037
H0316,2025-05,3.078924965710054,2.7922219300483526
H0317,2025-05,3.426370087650432,2.872185617719525
H0318,2025-05,2.9054474223153446,4.2070869740224035
H0319,2025-05,3.8417140349581396,3.79520641065033
H0320,2025-05,2.79390772255489,3.2103786678383157
H0321,2025-05,2.7035211744186114,3.4213819663623237
H0322,2025-05,2.653780162699425,4.275260221367155
H0323,2025-05,2.98355221564903,2.8484105881250263
H0324,2025-05,3.0176065010776805,3.528698852538039
H0325,2025-05,3.456815972730086,3.3841228349025743
H0326,2025-05,2.8721214756303874,3.6660393386497416
H0327,2025-05,3.1681146816396804,2.3149408521605244
H0328,2025-05,3.0726578756958114,2.5249012532213486
H0329,2025-05,2.3744898203599623,3.000375451704591
H0330,2025-05,,3.6333505938211292
H0331,2025-05,2.55345108442738,3.206896429322451
H0332,2025-05,3.801218847636551,4.16520770899584
H0333,2025-05,2.920444372349964,3.4280588451467455
H0334,2025-05,3.576894909037141,2.4581969329496114
H0335,2025-05,3.2529505735605166,3.2100241044649915
H0336,2025-05,3.3389240175198887,2.7823758322199805
H0337,2025-05,3.8576640522515553,2.700085219698427
H0338,2025-05,2.8130083005741846,2.953729898642774
H0339,2025-05,3.6107453840997645,3.0876211468202794
H0340,2025-05,3.1463391007129276,3.2358262459278158
H0341,2025-05,3.2302545257754733,3.35490787941358
H0342,2025-05,3.7254705768825245,3.937996236044261
H0343,2025-05,2.740747333516212,3.591685631429162
H0344,2025-05,2.6875918555139275,3.4412119267087515
H0345,2025-05,2.359192596936133,2.6686402016357222
H0346,2025-05,2.421036661972698,3.010940117142494
H0347,2025-05,2.281004250584613,3.19530140545093
H0348,2025-05,4.05807283721538,
H0349,2025-05,3.3117393419863754,3.9320475410883273
H0350,2025-05,3.080227915940437,
H0351,2025-05,3.386747053446828,3.5316608251075166
H0352,2025-05,3.611060141677821,3.4595673629397803
H0353,2025-05,2.5984114665282223,2.6898481634169373
H0354,2025-05,2.763169316532866,3.3822592838300682
H0355,2025-05,2.584865887832721,3.2281519546582467
H0356,2025-05,2.455349202676252,3.724278009634144
H0357,2025-05,2.50288474662953,3.576366231026431
H0358,2025-05,3.5786220494742116,2.8421672506553817
H0359,2025-05,2.431904879550954,2.448732558727858
H0360,2025-05,2.9881339663749165,2.8092044126611055
H0361,2025-05,2.8776277677681117,2.557317500661166
H0362,2025-05,3.0862092820952576,3.9736771815571843
H0363,2025-05,3.315900091873638,3.9187986157973302
H0364,2025-05,2.6772277100220467,3.1344417534525344
H0365,2025-05,3.199941236009567,3.554292867466689
H0366,2025-05,3.1352717949008886,3.556323882974768
H0367,2025-05,2.715635337753875,2.836190109951462
H0368,2025-05,2.672123795337966,2.933950872654976
H0369,2025-05,3.293702350844429,4.066350270189387
H0370,2025-05,3.33168696816637,3.8098119871227762
H0371,2025-05,2.5707957394781418,4.124817379854516
H0372,2025-05,2.883337112985409,3.5949439968259695
H0373,2025-05,3.839509540478571,3.791010979781606
H0374,2025-05,3.552124162006966,3.8634265010737567
H0375,2025-05,4.108483504870911,3.4283499333601
H0376,2025-05,3.967384667955488,4.497107472130202
H0377,2025-05,3.2223528776408275,3.645982111958894
H0378,2025-05,3.3840194016964213,2.4394119301540185
H0379,2025-05,2.9551239520046306,
H0380,2025-05,3.1324732766328656,3.5710120384436377
H0381,2025-05,3.194657025245982,2.8982667229766155
H0382,2025-05,3.1762334005700383,3.0291063837951464
H0383,2025-05,3.0556789722184505,3.145338250313285
H0384,2025-05,3.67452135006314,3.785151713646167
H0385,2025-05,2.8996885170646522,2.975107586241027
H0386,2025-05,2.537652778698157,3.5582787637037225
H0387,2025-05,2.515777015566975,3.3003743632284652
H0388,2025-05,3.244953922791936,3.5939554082828833
H0389,2025-05,3.1950968979615406,3.6144974589630765
H0390,2025-05,3.2344358645575353,
H0391,2025-05,3.25989638149341,3.6491095700785126
H0392,2025-05,3.463496788736484,3.5970179627429375
H0393,2025-05,2.412230581703347,3.2146767994810643
H0394,2025-05,3.3770005907325125,3.2661920540049314
H0395,2025-05,3.1095993381453004,2.9805569901312507
H0396,2025-05,3.51958360868297,3.6991697161198505
H0397,2025-05,2.945217089893205,2.498970612056244
H0398,2025-05,3.13427876585191,3.8235757900698943
H0399,2025-05,3.2503493140883997,
H0400,2025-05,3.188080775616524,2.88611774576823
H0401,2025-05,3.475597462931303,3.7044179860119977
H0402,2025-05,2.547593998449891,3.6744451197826025
H0403,2025-05,2.844892885621357,3.8180568859345043
H0404,2025-05,3.389326139413872,2.806366005276723
H0405,2025-05,3.8346111656090334,4.193808796983716
H0406,2025-05,2.961938742402357,3.5404031118132857
H0407,2025-05,4.194409994763202,3.7605347132985556
H0408,2025-05,3.5463565234123524,3.2987185400505368
H0409,2025-05,3.344871858834698,3.181060599411611
H0410,2025-05,3.6038916679017117,3.5758961972544268
H0411,2025-05,2.9148164385835265,2.488088420422707
H0412,2025-05,2.376195902057655,2.8189524828087738
H0413,2025-05,3.290931984018059,3.5558614574911958
H0414,2025-05,2.964100513164089,3.406693412026364
H0415,2025-05,2.672475821669785,3.152816354185485
H0416,2025-05,3.320054021089345,2.640280545960591
H0417,2025-05,,3.135554893501378
H0418,2025-05,2.87458184143934,3.9327246041668884
H0419,2025-05,3.7425373041140384,3.373162988403665
H0420,2025-05,3.4348559845012905,2.9367169071965957
H0421,2025-05,3.4424648498089767,
H0422,2025-05,2.8485502202765884,2.893309663457019
H0423,2025-05,3.0979087817516078,3.119691391921823
H0424,2025-05,3.1042607915257245,3.38693605254283
H0425,2025-05,3.7274605810102566,3.50608936035717
H0426,2025-05,3.5794666565593087,2.92656985399013
H0427,2025-05,3.705032631413258,3.673337288322756
H0428,2025-05,3.3663393296907826,3.538675406405283
H0429,2025-05,3.49456173515518,4.459044534098005
H0430,2025-05,3.4500196753590093,3.0585125555910677
H0431,2025-05,,3.352416242409582
H0432,2025-05,2.963565679639755,
H0433,2025-05,3.2716501578734283,3.6318286216193956
H0434,2025-05,,3.00222839183898
H0435,2025-05,2.8678870906344303,
H0436,2025-05,3.4903736631534406,3.262287635562397
H0437,2025-05,2.5756979977939354,3.171108206272278
H0438,2025-05,3.1432674137477017,2.8370202775092914
H0439,2025-05,3.520881073706806,2.3336059646645753
H0440,2025-05,3.641596762070339,3.087102620258611
H0441,2025-05,2.1707471048898923,2.581378996558241
H0442,2025-05,2.732026298423994,3.3710720197278814
H0443,2025-05,3.473366761503687,3.3428527543899085
H0444,2025-05,3.377653627679311,3.43225946350917
H0445,2025-05,3.638964553121257,3.7435093064068217
H0446,2025-05,2.625048465750296,3.066910498761213
H0447,2025-05,2.643507119137186,3.4051318266882094
H0448,2025-05,2.9633466735942786,3.5535423849472685
H0449,2025-05,3.4791360489818395,3.503351173317492
H0450,2025-05,2.695082051356267,2.52352252987756
H0451,2025-05,3.973509743390173,3.443851949979354
H0452,2025-05,3.380752268393697,2.741442056592204
H0453,2025-05,3.230123352256272,3.541320721614378
H0454,2025-05,2.6629692456042564,3.3787704612600042
H0455,2025-05,4.498636105924103,3.6781740602206776
H0456,2025-05,3.198961127234413,3.167270566587477
H0457,2025-05,2.186834307601324,3.348722124839716
H0458,2025-05,2.815652207691745,3.7009868047326315
H0459,2025-05,2.057923888890217,4.106361253369206
H0460,2025-05,2.7840352083851485,3.933903230395682
H0461,2025-05,2.8362159651408287,3.0430323667638
H0462,2025-05,4.3652513612954875,4.0912438084688505
H0463,2025-05,2.31425997732634,3.402086328620838
H0464,2025-05,3.9693751296318323,3.2374702203820376
H0465,2025-05,3.458240560122052,3.8942003630836126
H0466,2025-05,2.7875793629090193,3.3854175954414782
H0467,2025-05,2.0593799834789115,3.4608044158725852
H0468,2025-05,2.7495525406256265,3.4686844804643204
H0469,2025-05,3.080067220964023,3.2408764339313314
H0470,2025-05,4.009477047132511,2.384383115517905
H0471,2025-05,2.416275162606911,2.7310455216864957
H0472,2025-05,3.1357514232235464,3.190262305801658
H0473,2025-05,3.1688769299986426,3.4380488187248455
H0474,2025-05,3.3059094239763382,3.820860391299396
H0475,2025-05,3.7069532692150164,3.9036515430462013
H0476,2025-05,2.643884143856985,3.2327690255388997
H0477,2025-05,3.3541883193939084,3.655354539633144
H0478,2025-05,2.82191108897333,3.053134575424269
H0479,2025-05,2.846968005916734,3.820874858478803
H0480,2025-05,3.1458543143295996,4.030808617315454
H0481,2025-05,4.010706823573807,3.3251315399342367
H0482,2025-05,4.116433823476636,3.0737390570640355
H0483,2025-05,,2.829378078635987
H0484,2025-05,3.249489507948381,4.047560947239808
H0485,2025-05,3.5944292330096017,2.716197881037252
H0486,2025-05,3.090426082877008,3.4301337241626944
H0487,2025-05,2.7844526467559803,2.769092023635159
H0488,2025-05,3.2588657436780935,2.9711748892207317
H0489,2025-05,3.2034627672560303,3.7574322473769253
H0490,2025-05,2.6465583782199595,3.057816354126396
H0491,2025-05,2.1737295505448917,
H0492,2025-05,2.5228270338302514,3.800416742672227
H0493,2025-05,2.575694576245289,2.8510376026163167
H0494,2025-05,2.6672212639851924,3.3478076154586787
H0495,2025-05,3.537216858014193,3.2015349770109056
H0496,2025-05,3.3950737859212494,3.098216998752424
H0497,2025-05,3.001285041805442,3.400464933574479
H0498,2025-05,3.311349319409885,3.644617154653714
H0499,2025-05,3.512426926417747,3.079552129292212
H0500,2025-05,2.585075395940679,
H0501,2025-05,3.4704080196119054,3.630756787720644
H0502,2025-05,3.2147433106887826,3.123248153974768
H0503,2025-05,2.9659558281537852,3.7051013933190187
H0504,2025-05,3.0074089993155635,3.565050364376295
H0505,2025-05,3.50051584045708,2.442411316225546
H0506,2025-05,2.659378981423368,2.6700878647680413
H0507,2025-05,3.857443508002187,3.2725302888165464
H0508,2025-05,2.1499212352825663,3.3036007238739185
H0509,2025-05,2.7050620361290343,3.4155499078111182
H0510,2025-05,3.2062982840775427,3.5243922118993805
H0511,2025-05,2.748182161748473,3.316225613322028
H0512,2025-05,2.653068425293936,3.306759814140384
H0513,2025-05,3.1897751921940403,2.323981769102634
H0514,2025-05,2.519336272557619,2.996863847377304
H0515,2025-05,3.2981318746175,3.392638130795483
H0516,2025-05,3.003143904834424,3.6966503314649435
H0517,2025-05,4.019219042425581,3.3118960367285917
H0518,2025-05,3.755598623419256,2.5993475099232453
H0519,2025-05,3.2641574955459514,4.053117550492952
H0520,2025-05,2.8657447141282,2.850437658108417
H0521,2025-05,2.544495765581855,3.3353613867527243
H0522,2025-05,2.655010836451102,2.8938799577018557
H0523,2025-05,3.537107298522254,3.4055704871154058
H0524,2025-05,3.6838132271103854,3.5814026113474995
H0525,2025-05,2.721931578156733,
H0526,2025-05,2.452819814892928,3.7459101066032994
H0527,2025-05,2.5115345497262385,2.827887884362639
H0528,2025-05,3.37043252994266,4.079570239103302
H0529,2025-05,3.15523195261192,3.438521576020824
H0530,2025-05,3.2965277956354844,2.583497652473347
H0531,2025-05,2.0455804062683476,3.2651665210917495
H0532,2025-05,3.2934841229681964,3.196481116850183
H0533,2025-05,3.332939759175596,
H0534,2025-05,2.2198786983780585,2.523578808342961
H0535,2025-05,3.074538313662196,3.3155229480854445
H0536,2025-05,3.4322824336712654,2.98709713987125
H0537,2025-05,2.7235717892743287,3.5818635802338585
H0538,2025-05,3.155943381151978,
H0539,2025-05,3.381760035613413,3.8444846749848445
H0540,2025-05,3.4302166428722165,3.2010743727855564
H0541,2025-05,3.8312633074075384,3.0449399797419163
H0542,2025-05,3.344528926399555,3.2453555870186865
H0543,2025-05,2.3746972030022016,3.296261999961504
H0544,2025-05,,3.4149746313707667
H0545,2025-05,3.1016924199569034,3.4029760478104234
H0546,2025-05,3.478312322314478,3.023244017829903
H0547,2025-05,2.1555528343650145,3.08764576322189
H0548,2025-05,3.621712209221135,2.7687350128274946
H0549,2025-05,3.619194527389738,2.849818599465388
H0550,2025-05,3.097304190091167,3.6676999602843594
H0551,2025-05,2.5924356852193187,3.2265819049817366
H0552,2025-05,3.3026512237343413,3.7893958289924763
H0553,2025-05,3.0423608172546412,3.7644530666426954
H0554,2025-05,3.590529031463108,3.8368751821762355
H0555,2025-05,2.497200836606466,3.660273876354277
H0556,2025-05,3.624612982185854,3.484911454438192
H0557,2025-05,3.1013766314053846,3.664844699716715
H0558,2025-05,2.169440453904139,3.112894597870687
H0559,2025-05,3.411432842180062,3.524721145208856
H0560,2025-05,3.3635137696591637,3.364328620162161
H0561,2025-05,2.6441730699304253,
H0562,2025-05,3.244414642380433,2.586063270398982
H0563,2025-05,2.5539029889419123,2.737283435063941
H0564,2025-05,2.6793611547193623,3.311165046270868
H0565,2025-05,2.6257077286930133,2.7749013361302164
H0566,2025-05,2.6600197834283477,3.6352121169202793
H0567,2025-05,3.2839727898015676,3.041996764473517
H0568,2025-05,3.4185313354086437,4.025141934309992
H0569,2025-05,2.2628468398834976,3.3802524071569344
H0570,2025-05,1.9413467799654156,4.155533443311984
H0571,2025-05,2.8903900015084125,3.3326312870852215
H0572,2025-05,2.3073891251204803,3.7838333989601542
H0573,2025-05,3.7679922950146674,3.5889434566874963
H0574,2025-05,4.0201694403307595,3.5111027517641995
H0575,2025-05,2.6627615501412287,3.042767094203879
H0576,2025-05,2.1059477806757294,2.911573957859959
H0577,2025-05,3.2510820275738954,3.810796433963001
H0578,2025-05,2.602903973408049,3.28362624820132
H0579,2025-05,3.4206732107675424,3.163440001625483
H0580,2025-05,3.1881365726231374,3.449923826726388
H0581,2025-05,2.7173780500567584,2.54405811391511
H0582,2025-05,2.7721403488905962,3.2005159263580056
H0583,2025-05,2.4310786670129225,4.414335280018637
H0584,2025-05,3.252806581929806,
H0585,2025-05,2.548840627976756,2.9090333861341082
H0586,2025-05,2.7631898701830773,3.1435326928070193
H0587,2025-05,3.212379982434239,3.7595194384297
H0588,2025-05,3.0483683167744813,3.474228616325294
H0589,2025-05,3.2054192392089536,3.8274150536231692
H0590,2025-05,2.519175956448776,2.8112365805523147
H0591,2025-05,2.738343541746006,3.040585562562787
H0592,2025-05,2.5903505094662154,3.289040832026856
H0593,2025-05,3.877827600200999,3.897454895858716
H0594,2025-05,3.226943732740318,2.684059613031722
H0595,2025-05,3.061492895123376,4.128262418788356
H0596,2025-05,3.012340160496634,4.353618296076743
H0597,2025-05,2.6819443585559797,3.2122358677048
H0598,2025-05,3.3055286389059058,3.115039343732516
H0599,2025-05,3.7544483417216026,3.365165120644428
H0600,2025-05,2.1125691189257028,
C0001,2025-05,1.915755332465697,2.834672474001236
C0002,2025-05,3.0515979174368892,2.6025943380349306
C0003,2025-05,3.606601219450798,2.9522818046549784
C0004,2025-05,3.4678012303321486,3.575672035764823
C0005,2025-05,2.761349878028171,3.2893253334237866
C0006,2025-05,2.9970636728407394,3.1631281260994606
C0007,2025-05,2.955138977582953,3.703543899392516
C0008,2025-05,,3.456106936191454
C0009,2025-05,3.3099770542484928,3.0718854275752
C0010,2025-05,2.9683015883769968,2.7960897897195904
C0011,2025-05,4.002124598021644,3.5086480342785213
C0012,2025-05,3.330876951870733,3.508552948075792
C0013,2025-05,,3.1617750219644223
C0014,2025-05,,3.845019743106303
C0015,2025-05,3.482587154108712,3.100308042851333
C0016,2025-05,3.532770934284928,2.885343011741584
C0017,2025-05,2.8833468765868595,4.393512077980581
C0018,2025-05,3.328670909211246,3.364184401071005
C0019,2025-05,3.564629563280198,2.826186454042376
C0020,2025-05,3.810007910554979,3.026762238455165
C0021,2025-05,2.736863721743085,3.434016324247732
C0022,2025-05,3.601723769739554,3.086124012294453
C0023,2025-05,,3.3163299878601187
C0024,2025-05,2.386363342848544,3.4879686031160735
C0025,2025-05,2.84913634775486,3.104913113781823
C0026,2025-05,3.9567265174887587,2.2844228873389985
C0027,2025-05,3.1677457390557295,2.866640025415359
C0028,2025-05,1.9467522169671672,3.305467575058757
C0029,2025-05,3.034295514275048,3.007434116234016
C0030,2025-05,2.602038595942243,3.3664804812434657
C0031,2025-05,3.207859538132157,3.6318118726087985
C0032,2025-05,3.453562983843986,2.8316721092204764
C0033,2025-05,3.4621632082050655,2.769454249598977
C0034,2025-05,3.041321363673974,3.308225775135105
C0035,2025-05,3.725380008451342,3.4200650215387713
C0036,2025-05,3.653634759620115,3.745961425873697
C0037,2025-05,3.08419118724773,3.265919575210904
C0038,2025-05,2.654681821028771,2.3352754416759556
C0039,2025-05,2.7371536889506713,3.1925064440191475
C0040,2025-05,2.8042487086763703,2.897625384831884
C0041,2025-05,3.0063356148184606,2.9298692284569086
C0042,2025-05,3.0721437498960484,3.057665883351084
C0043,2025-05,3.53777693672351,3.742405499745967
C0044,2025-05,2.870405937812294,3.4723336694188895
C0045,2025-05,3.1517788126085793,2.3523956305293012
C0046,2025-05,,2.5952910726340765
C0047,2025-05,2.9803821513060202,3.2586134481900717
C0048,2025-05,2.9756689002784347,3.305099542245812
C0049,2025-05,3.553212339226807,3.780953280484526
C0050,2025-05,2.898041234857055,3.299895439176618
C0051,2025-05,2.9798054500051454,3.376355261768808
C0052,2025-05,3.6516935624371474,3.366194192709703
C0053,2025-05,3.3504280686957246,3.050687027212002
C0054,2025-05,3.3710077355309513,3.0393866314304203
C0055,2025-05,2.3101942929935264,3.0990336836799797
C0056,2025-05,3.222355183430662,3.834776777346448
C0057,2025-05,2.533551934306238,3.5647105739321416
C0058,2025-05,2.9921426828375615,3.694064325954336
C0059,2025-05,2.948425420803641,3.637090761181576
C0060,2025-05,2.7638264929652196,3.0595295850657243
C0061,2025-05,3.1411644375393775,3.035473581332444
C0062,2025-05,3.0214556308352547,3.0550469851160678
C0063,2025-05,3.1626049561617204,3.764915257165423
C0064,2025-05,3.4113272153220047,3.55500522965931
C0065,2025-05,3.6437766506611506,3.4586324763266623
C0066,2025-05,3.0246217626879845,2.9469386196375247
C0067,2025-05,3.5377670986375604,2.7918867187523793
C0068,2025-05,3.4874865370269332,3.1052255021435013
C0069,2025-05,2.815073736608091,3.743585642296538
C0070,2025-05,2.9161565199340096,2.9817669787061027
C0071,2025-05,3.718257660826734,2.5088248359696146
C0072,2025-05,3.201644332915379,3.358297922251037
C0073,2025-05,3.837768106218758,3.7351403486058414
C0074,2025-05,3.2452535987441546,3.551810609190615
C0075,2025-05,3.0929285769600554,3.0535846967349074
C0076,2025-05,3.143541796091515,2.943343198932017
C0077,2025-05,3.5524380667794864,2.745502781703307
C0078,2025-05,3.3591143274670587,3.67642308907983
C0079,2025-05,3.9028441533811478,3.3107124425474934
C0080,2025-05,3.5908848035545278,2.822429244384043
C0081,2025-05,3.259395722122967,3.607559321544307
C0082,2025-05,2.605457384366563,3.7874365613082936
C0083,2025-05,3.074063326850501,3.5429251774376156
C0084,2025-05,2.2678831145752385,3.3801538493951355
C0085,2025-05,3.5330250442715236,2.6036252457483853
C0086,2025-05,2.7953234736014543,3.460659593600698
C0087,2025-05,3.1924320966395707,3.0324106786082883
C0088,2025-05,2.688911981469209,3.349788249976776
C0089,2025-05,2.859337497116637,3.4545004519092544
C0090,2025-05,3.144908720214697,3.589466798018864
C0091,2025-05,2.8217975484353888,3.806793219169151
C0092,2025-05,2.7648488927492947,2.2582546470522717
C0093,2025-05,2.446072414877282,3.9727015517958812
C0094,2025-05,3.4441911349233787,3.843070054912658
C0095,2025-05,3.7059460513504177,3.582657854199959
C0096,2025-05,3.502467665257247,3.840251552485155
C0097,2025-05,,2.690361893207773
C0098,2025-05,3.7120439114433026,2.578684080860999
C0099,2025-05,2.9191663807009225,2.8038933016137237
C0100,2025-05,2.8344145140633126,3.115586522806152
C0101,2025-05,3.1201273821364603,3.5757647922206597
C0102,2025-05,3.2514607645451212,4.292633319115925
C0103,2025-05,2.890521702496248,2.7272855423953932
C0104,2025-05,2.850652409688368,3.185185075039076
C0105,2025-05,3.346407619234975,
C0106,2025-05,3.6982949848716666,3.2521284360980993
C0107,2025-05,2.875980191318864,3.1196980533151146
C0108,2025-05,2.438489274510247,3.1542797562420724
C0109,2025-05,3.179111958246553,4.33366395336867
C0110,2025-05,3.24750839283502,3.0922249956852492
C0111,2025-05,2.8279997204897844,3.5445929935332523
C0112,2025-05,3.3301002422761927,3.4180855062593345
C0113,2025-05,3.3370127463154216,2.613057826447154
C0114,2025-05,2.6619324740377133,3.2586758819566866
C0115,2025-05,2.3753820939323624,3.522710383083348
C0116,2025-05,3.4117431306548784,3.659189269119567
C0117,2025-05,3.3196663432243017,4.145585521914359
C0118,2025-05,3.0006926517574812,2.7249955452018098
C0119,2025-05,2.5754899951517847,3.4775634477788233
C0120,2025-05,2.4460737172714397,2.910890793607244
C0121,2025-05,3.550001068721883,3.2804038494780863
C0122,2025-05,3.201165920659227,2.8937058602936276
C0123,2025-05,3.6232901611777915,3.640268222898213
C0124,2025-05,3.43161469781967,3.205970862299869
C0125,2025-05,2.7122102487384963,3.6578738456904287
C0126,2025-05,2.882055736251505,2.8583841733694513
C0127,2025-05,3.1088438634476336,3.6628058428799806
C0128,2025-05,3.1567111241928054,2.9948494479515713
C0129,2025-05,3.0634796615700477,3.5456414420735096
C0130,2025-05,2.8375279623345206,3.245927231886287
C0131,2025-05,3.6906109452203375,3.563803149988707
C0132,2025-05,2.610368981564626,2.7555644178306498
C0133,2025-05,3.1037012090827973,4.110617609695825
C0134,2025-05,2.40497067927747,2.8265208344083126
C0135,2025-05,3.478633119446588,3.2008333480929774
C0136,2025-05,2.931499392519703,2.930602338614388
C0137,2025-05,2.809087179613881,3.4291249377038113
C0138,2025-05,2.7716150568317093,3.9126198249512165
C0139,2025-05,2.5388943963115063,3.281646573690287
C0140,2025-05,2.6408241443786777,2.875428582052019
C0141,2025-05,3.125386445417243,3.7687375861103263
C0142,2025-05,3.6876614229945655,3.694440287719386
C0143,2025-05,3.8485385587975722,3.3848125790370234
C0144,2025-05,3.2055625513680766,2.795946824860811
C0145,2025-05,2.6428319599832193,3.5325753695860342
C0146,2025-05,2.009201555000417,2.804746034194949
C0147,2025-05,2.4857931028552103,3.11220001333385
C0148,2025-05,2.466773434864521,2.8274408035457514
C0149,2025-05,2.6370425098719092,3.7973252351804536
C0150,2025-05,2.94967630495005,3.5394260086374922
C0151,2025-05,3.1667703697629537,3.8375816154659543
C0152,2025-05,4.045366157492554,3.704543276542357
C0153,2025-05,4.2546039806478895,3.2113705739723177
C0154,2025-05,2.692950010386784,2.868076692609933
C0155,2025-05,3.123406305865739,3.22321563229094
C0156,2025-05,3.732481227655619,
C0157,2025-05,2.897510222344412,3.2009853056650805
C0158,2025-05,3.2178051640255068,2.943644021374365
C0159,2025-05,,3.1041095118497783
C0160,2025-05,3.5135931610646307,3.2746028234436197
C0161,2025-05,3.139980714337386,4.290632996324129
C0162,2025-05,3.3743625646505553,3.778348443762062
C0163,2025-05,4.168716063582953,3.7063429160861294
C0164,2025-05,3.297895203015326,3.524706445723353
C0165,2025-05,2.97195560813247,3.4499700166483103
C0166,2025-05,3.764110124286125,3.6740347454545876
C0167,2025-05,3.9146778033592518,3.1170261461539552
C0168,2025-05,3.0008673615799535,3.0928902098324405
C0169,2025-05,3.560254086565837,3.5021235590454407
C0170,2025-05,3.6465380703690378,3.8423878725966034
C0171,2025-05,3.562847581710967,3.9851571539581956
C0172,2025-05,2.869430568506052,3.5870666894106615
C0173,2025-05,2.789447742706054,4.11645288494114
C0174,2025-05,2.7496939876376514,3.268207974402334
C0175,2025-05,2.7337089134685373,3.06856834931321
C0176,2025-05,3.191697578119564,3.024198685819951
C0177,2025-05,2.9798367453932366,3.087041963754445
C0178,2025-05,2.4169816128446966,2.848063354188485
C0179,2025-05,2.9121182620908206,2.598387172525012
C0180,2025-05,3.040147464932868,3.2681330506966013
C0181,2025-05,3.3528321920309043,3.6864331134181434
C0182,2025-05,2.66738786975149,2.782315915727762
C0183,2025-05,2.134619329857243,2.691091972401615
C0184,2025-05,3.6166294735567592,2.6811026820131723
C0185,2025-05,2.5868629711811764,3.072747417118585
C0186,2025-05,1.4572416495753493,3.2706502400035276
C0187,2025-05,3.1587872730972366,3.969235685669996
C0188,2025-05,3.4110774885804345,3.1831677177224553
C0189,2025-05,2.477153488711144,2.402133240196697
C0190,2025-05,3.4586633855362,3.8179321686497483
C0191,2025-05,3.2620332261643066,3.68594813256587
C0192,2025-05,3.0790477138256973,
C0193,2025-05,2.7892128579610493,
C0194,2025-05,4.268386235165572,
C0195,2025-05,2.812938290181144,
C0196,2025-05,3.2782763580450482,2.8741332240042965
C0197,2025-05,3.051225345153567,3.20862780317528
C0198,2025-05,3.6764194038775484,3.440622648233626
C0199,2025-05,3.08634575249189,3.5403782238999764
C0200,2025-05,,2.564839014457401
C0201,2025-05,2.818929939628615,2.6070150365956732
C0202,2025-05,3.2580545809400565,2.9232907579225245
C0203,2025-05,2.9382724613160915,2.4989824590219656
C0204,2025-05,2.6848983001488698,3.0462886855514535
C0205,2025-05,2.5702390326803743,3.933845640860536
C0206,2025-05,3.069911457363232,3.7524817749804824
C0207,2025-05,4.044044179516184,3.7479963434610326
C0208,2025-05,,3.51095291280709
C0209,2025-05,2.7302286183317945,2.855278077544193
C0210,2025-05,3.2757589514978753,2.915885003976782
C0211,2025-05,4.244870400984778,2.7811354129174366
C0212,2025-05,3.7860345654234133,3.8910470986705996
C0213,2025-05,3.4338451312523213,2.965734119535873
C0214,2025-05,2.7272636414196496,3.061500962163131
C0215,2025-05,3.334622588851677,3.239193338529867
C0216,2025-05,1.546122039962102,3.4512801878804305
C0217,2025-05,3.7955233047794064,2.708487233908591
C0218,2025-05,2.831690689980789,3.0460333681179352
C0219,2025-05,3.2623692754457694,2.9186144041842836
C0220,2025-05,4.26828088448968,3.83736024946881
C0221,2025-05,2.970022790364925,3.284822966830199
C0222,2025-05,2.8671059737603173,2.744428542809586
C0223,2025-05,3.103811248616015,3.954928316783337
C0224,2025-05,3.3277848040934113,2.8520100129661667
C0225,2025-05,3.522446790417106,3.665880392375011
C0226,2025-05,3.434063412295618,3.5715847660963864
C0227,2025-05,2.9306312399005616,3.6991741685193844
C0228,2025-05,3.5020525049242224,3.2536012275033794
C0229,2025-05,2.8701924207356324,3.3898341217750363
C0230,2025-05,3.6037820447980864,2.8204865502958514
C0231,2025-05,3.5273196547470897,3.0355247312431164
C0232,2025-05,2.76014363375048,2.921944992185419
C0233,2025-05,2.582973299192568,2.7032327255555346
C0234,2025-05,3.4237814174346033,2.7827022486807866
C0235,2025-05,3.4333649054900164,2.614962433347703
C0236,2025-05,3.0002089833963037,3.0405064093639966
C0237,2025-05,3.3144816645823587,3.533815643223293
C0238,2025-05,,3.5010833788901805
C0239,2025-05,3.279153796798812,3.4374261509643578
C0240,2025-05,2.748328947718332,
C0241,2025-05,2.993793911482169,3.650487587083057
C0242,2025-05,3.34793596352861,2.582092096942876
C0243,2025-05,3.9134954574770826,3.2848799329661054
C0244,2025-05,2.7562005720495453,3.029516764950302
C0245,2025-05,2.9409059600880028,
C0246,2025-05,2.840722223522301,3.629483948242333
C0247,2025-05,3.4918923341060966,3.2921905592004608
C0248,2025-05,4.10354407733442,3.543765155938719
C0249,2025-05,2.242309875618486,3.8450071454741463
C0250,2025-05,2.66660802198464,2.9536933420845375
C0251,2025-05,3.2911588602142685,4.145328581367749
C0252,2025-05,2.737186164094741,3.3219731323829755
C0253,2025-05,3.127549023484712,3.05963311296354
C0254,2025-05,2.2132153398749814,2.887123872388792
C0255,2025-05,3.340517062897036,3.3128148111894746
C0256,2025-05,,3.4622015621225906
C0257,2025-05,3.3211913001761864,3.6906572626018894
C0258,2025-05,3.101584126859815,3.540325747630882
C0259,2025-05,3.4219423898507517,2.4386506851464747
C0260,2025-05,3.2074982141063,3.8361666958817655
C0261,2025-05,2.904440304514231,3.6530429598510827
C0262,2025-05,2.393873740837971,2.6587921265672816
C0263,2025-05,3.2560662011587427,
C0264,2025-05,3.274568181736048,2.8350397293495586
C0265,2025-05,2.8484428255526852,3.6816274244440996
C0266,2025-05,2.064854075710226,3.818503025724617
C0267,2025-05,3.2394828676968492,3.5391576470776553
C0268,2025-05,2.6026599469971052,3.41437799340027
C0269,2025-05,2.881000678420275,3.6108986161417724
C0270,2025-05,3.9161192126202984,2.772480463694655
C0271,2025-05,2.931157682485968,3.0182337720107806
C0272,2025-05,3.398634067193615,3.74375069704288
C0273,2025-05,3.891204588093261,3.507954898124852
C0274,2025-05,3.1295950733043814,3.9298922128438925
C0275,2025-05,3.4266298659849435,
C0276,2025-05,3.8190361601473106,3.4555297064228436
C0277,2025-05,3.0845619946140386,3.585216660277097
C0278,2025-05,3.8585856927540605,3.5048326559780225
C0279,2025-05,,3.6854398647547746
C0280,2025-05,2.6697375610478553,3.3383455925692758
C0281,2025-05,3.1859177868587407,2.8138073155861827
C0282,2025-05,2.7402229988066353,3.46291050682238
C0283,2025-05,3.011435809145963,3.1716218704228005
C0284,2025-05,3.645879975026444,3.3754695233935332
C0285,2025-05,2.2546449125770254,3.3984139446308195
C0286,2025-05,2.652754422768015,3.850149729768902
C0287,2025-05,,2.513265824955633
C0288,2025-05,3.3140081275350894,3.496547361382416
C0289,2025-05,3.5946157541106043,
C0290,2025-05,2.111741752074658,
C0291,2025-05,3.59328068045117,3.9487925191314677
C0292,2025-05,3.7152631008896475,4.604667710686703
C0293,2025-05,2.6349390867271656,3.70219646835139
C0294,2025-05,2.815594043800914,4.146616851785689
C0295,2025-05,2.5138499049500336,2.4890133048586414
C0296,2025-05,2.3698848682253244,3.5337573681990477
C0297,2025-05,3.8214189291194005,3.913672132032716
C0298,2025-05,3.3387997108124683,3.470667368030173
C0299,2025-05,3.265068322557925,
C0300,2025-05,4.042148153804379,3.0565250232427372
C0301,2025-05,2.828144284685014,2.7633528045088664
C0302,2025-05,,3.798237249707353
C0303,2025-05,3.4310767335486494,3.2387266567432427
C0304,2025-05,2.389504103295917,3.646601338257343
C0305,2025-05,2.976838607698432,2.402379947262478
C0306,2025-05,3.358134448781485,3.114477120937314
C0307,2025-05,3.5810645465058437,2.42530983515995
C0308,2025-05,3.340895511059106,3.634467940694946
C0309,2025-05,3.4906701296599776,4.055188482507603
C0310,2025-05,3.700520779503853,3.762333453949826
C0311,2025-05,2.1034927743978074,3.698766555165214
C0312,2025-05,3.5143879786087195,2.657226955996731
C0313,2025-05,3.1399050107898057,3.2546246693555796
C0314,2025-05,2.670806073065175,3.1547298947899027
C0315,2025-05,2.9825400499932453,3.0212469438230634
C0316,2025-05,2.5427698108993293,2.7068525147911155
C0317,2025-05,3.039364828583962,3.7560515171233395
C0318,2025-05,3.4542766909598717,3.0868875057083156
C0319,2025-05,3.476898705895615,3.513969995825076
C0320,2025-05,2.725535196276054,3.1364659766115714
C0321,2025-05,3.7825115572962282,3.1758517541957336
C0322,2025-05,2.3235044265261737,2.7626557697862837
C0323,2025-05,2.4229389510892396,3.257091047252037
C0324,2025-05,2.3619645575901744,3.391062996117397
C0325,2025-05,3.4928847637106704,3.222758700857474
C0326,2025-05,2.828951981491302,3.295900023055329
C0327,2025-05,2.9604614445839466,3.1857407697476323
C0328,2025-05,2.673800276390408,3.7419374971346526
C0329,2025-05,2.330818303813026,3.91075203627917
C0330,2025-05,2.9529622642705773,3.3851157592770877
C0331,2025-05,2.8215943772873056,3.756864325765076
C0332,2025-05,3.532207942943143,4.123019460193
C0333,2025-05,2.9035219813367195,3.3512230614625502
C0334,2025-05,2.5721570694242617,3.4866381543997678
C0335,2025-05,2.752182658367499,2.9108548665728837
C0336,2025-05,2.8318852547181477,2.4894354461821404
C0337,2025-05,2.6634356927290437,3.4067764249229744
C0338,2025-05,3.768779135728776,4.188557715895308
C0339,2025-05,2.8372770259133393,2.9683008311412564
C0340,2025-05,3.115447975805354,3.3243839579047756
C0341,2025-05,3.1600422247094224,3.5482344603149767
C0342,2025-05,3.467650788760601,3.254636218817059
C0343,2025-05,3.514811850416638,3.9542921951724708
C0344,2025-05,2.7013758811296644,2.453291167435321
C0345,2025-05,3.3450696842189602,3.0780088301777733
C0346,2025-05,3.5657836554800144,3.2391850215407634
C0347,2025-05,2.9547433012071966,2.7329863499225087
C0348,2025-05,2.1389857193512274,3.158764977587234
C0349,2025-05,,3.2823738417784956
C0350,2025-05,2.977464037247401,4.167601634653405
C0351,2025-05,2.8844717484768676,4.178671517112637
C0352,2025-05,,2.192555106648899
C0353,2025-05,3.2728773145445,
C0354,2025-05,3.383475662508884,2.9670143811342737
C0355,2025-05,,3.9884367764078896
C0356,2025-05,2.616567024459475,3.2590470382396557
C0357,2025-05,2.6230689432036867,2.599064025562619
C0358,2025-05,3.972491096614214,3.1506359739945764
C0359,2025-05,2.6766470762473817,2.6569350943405214
C0360,2025-05,3.6765148429286825,3.58610969649545
C0361,2025-05,3.3438265537302576,2.478802945598475
C0362,2025-05,,2.9912064476843376
C0363,2025-05,3.3626819561554857,2.7551079160003495
C0364,2025-05,3.9865628223685263,3.8002242306472533
C0365,2025-05,3.2845861060127293,3.192013727120541
C0366,2025-05,2.6120871326442945,3.425191135874987
C0367,2025-05,3.512614555587607,3.3333582240544715
C0368,2025-05,3.2669521244411066,2.595023134691144
C0369,2025-05,2.968536024871766,2.8920402895691546
C0370,2025-05,3.2597809116408207,3.615761844453869
C0371,2025-05,3.1163843289825577,3.015012921852401
C0372,2025-05,3.0540585280707915,2.8759477303178476
C0373,2025-05,2.844894922228087,
C0374,2025-05,,2.8464417471775465
C0375,2025-05,2.5721820937869375,2.927638883287453
C0376,2025-05,2.7151157367034005,3.1931480132978467
C0377,2025-05,2.6509044200446206,2.951889946325707
C0378,2025-05,2.7949783401521917,3.44129369993492
C0379,2025-05,3.869133376504527,2.971602978661958
C0380,2025-05,3.7651849546635168,3.533971456360445
C0381,2025-05,3.8116029212776574,3.4911899710511043
C0382,2025-05,2.619917849341891,3.1952415125242846
C0383,2025-05,2.727647988296634,3.711633939393928
C0384,2025-05,,3.3377623843816084
C0385,2025-05,3.5284081633593574,3.464967337883735
C0386,2025-05,2.7999069025805174,3.678053498791628
C0387,2025-05,4.125408241334818,3.3195116801367934
C0388,2025-05,2.9270561057005984,
C0389,2025-05,2.9788042639988435,3.23543748718539
C0390,2025-05,3.786924054875752,3.3498979254973484
C0391,2025-05,2.9055712357828365,3.575267700903831
C0392,2025-05,2.7122844749599744,3.1434039975470567
C0393,2025-05,3.4789021643687077,3.1368965055180995
C0394,2025-05,3.662481350967984,3.61678339503134
C0395,2025-05,3.267991860560242,3.3262878292303046
C0396,2025-05,3.4557491535139704,3.5163245831753827
C0397,2025-05,,3.599972083607921
C0398,2025-05,2.7686172502890507,2.89457272902647
C0399,2025-05,2.327813607860881,2.846087949495787
C0400,2025-05,3.2856217150707354,3.9370145395894407
C0401,2025-05,4.069219181435017,3.1868926021257957
C0402,2025-05,3.0695956351381892,2.604989575578963
C0403,2025-05,2.3372481369761475,3.5651533293016637
C0404,2025-05,3.2714788530127814,2.7772229228605765
C0405,2025-05,3.830006422733289,3.603915031208421
C0406,2025-05,4.127794627542521,3.490555056237094
C0407,2025-05,3.270247743628621,3.7379342918246885
C0408,2025-05,2.793095058619085,3.5360405920151323
C0409,2025-05,2.9864752101559664,3.2256635135991956
C0410,2025-05,3.275009840336595,1.976552513975478
C0411,2025-05,2.7481919155747647,3.0009025368369797
C0412,2025-05,2.890482186853675,3.8831364577085385
C0413,2025-05,3.794940405513829,2.5461996038293004
C0414,2025-05,3.40465996655279,2.9569361396096396
C0415,2025-05,4.201403450829659,3.9543117135268386
C0416,2025-05,2.2536075047516553,3.6904055772745257
C0417,2025-05,2.568669581685238,3.5093263455243293
C0418,2025-05,1.824318300021706,3.56457975705077
C0419,2025-05,3.0781496372474204,3.799279057487965
C0420,2025-05,2.7363532965745367,3.5780128425076403
C0421,2025-05,3.0257039135512445,3.5247273155191774
C0422,2025-05,3.230897803129575,3.1310023503851507
C0423,2025-05,3.881021984252178,3.263833385130665
C0424,2025-05,3.826877432480048,4.219316485460403
C0425,2025-05,2.7233544419834272,3.0783339165833374
C0426,2025-05,3.623582676574861,3.473189256015301
C0427,2025-05,2.7623830707303125,3.2070184667474004
C0428,2025-05,,2.6305308656268824
C0429,2025-05,2.6228046246603447,3.7416482982870742
C0430,2025-05,3.0458619208448896,
C0431,2025-05,2.7101313731503915,3.4290659029096022
C0432,2025-05,,2.8889693019428515
C0433,2025-05,3.13128809535727,3.053937065742486
C0434,2025-05,2.7752265132013303,3.5922172191075106
C0435,2025-05,2.904289997513191,2.7301733136621156
C0436,2025-05,2.8893424675673143,2.7044923133394887
C0437,2025-05,3.089747991626717,3.524542024976006
C0438,2025-05,3.037782507932261,2.8095590013843577
C0439,2025-05,3.3312725410074906,2.247579106356311
C0440,2025-05,3.1390213968166885,3.376963217203542
C0441,2025-05,3.4829779576636226,3.415533893426327
C0442,2025-05,3.216546935348397,3.4630466627468324
C0443,2025-05,3.8497099847243317,3.574545741179173
C0444,2025-05,3.1867603818667534,2.9170401283199583
C0445,2025-05,3.249027538916837,4.261229952701191
C0446,2025-05,3.6148823260740217,3.6872121200844497
C0447,2025-05,2.7399428216258093,3.0834893361381326
C0448,2025-05,3.2693451564377747,3.6877972411374462
C0449,2025-05,2.3997307661213796,3.293299007653558
C0450,2025-05,3.332685475296065,3.6982958862951048
C0451,2025-05,2.576192060277103,4.04218671797584
C0452,2025-05,3.1051128548121647,3.0588014708446583
C0453,2025-05,4.108866041975381,3.7963011674178255
C0454,2025-05,3.72829005130691,3.596664908136284
C0455,2025-05,3.5286164565969793,2.6368052588773665
C0456,2025-05,3.504407281348232,2.865008874634797
C0457,2025-05,3.3763537093006986,3.465745135511901
C0458,2025-05,4.072511851131137,3.7841739675479014
C0459,2025-05,2.870095823761736,
C0460,2025-05,3.611443942286845,3.4782228436145854
C0461,2025-05,3.2155923285488237,2.4335301875822255
C0462,2025-05,1.56922347173024,2.9264963612034305
C0463,2025-05,,3.380536020808571
C0464,2025-05,3.914782432930557,3.2471435900331773
C0465,2025-05,4.103329186639648,2.9405158069739183
C0466,2025-05,2.394118979563907,3.671496366231024
C0467,2025-05,2.9015226560134075,2.8439884762585055
C0468,2025-05,3.767594279943542,3.0566129935907944
C0469,2025-05,3.3678702658582016,3.1920242091452042
C0470,2025-05,3.2919143355676006,3.4654239736520736
C0471,2025-05,3.726034084431439,2.611291999168208
C0472,2025-05,2.9961587220783983,2.81213634574148
C0473,2025-05,3.8990697330151853,3.74792940498207
C0474,2025-05,3.3535939005517656,3.2459536332082943
C0475,2025-05,2.8868143222269245,
C0476,2025-05,3.530779742758698,3.5226068430727473
C0477,2025-05,2.931001098399256,3.470342449165547
C0478,2025-05,3.5083895396693547,2.8351994757946386
C0479,2025-05,3.4354729547279024,3.740365283590391
C0480,2025-05,3.001148895460799,3.865604687078749
C0481,2025-05,4.078778148627554,3.9598518256836317
C0482,2025-05,2.6742278722987627,3.1300351867735015
C0483,2025-05,2.617396205359431,3.1891533328862747
C0484,2025-05,2.604407698187532,3.2658540977114523
C0485,2025-05,2.765478284666803,3.1587141731099
C0486,2025-05,2.948572125675762,2.9676086713895926
C0487,2025-05,3.1492213357326113,3.1189804033871273
C0488,2025-05,2.3808332482410646,3.5218953556592214
C0489,2025-05,,3.6360353929865585
C0490,2025-05,2.764804866943277,2.8783936128820726
C0491,2025-05,3.180833871662153,3.6652438741107196
C0492,2025-05,2.8442648005773177,3.8000122111432293
C0493,2025-05,2.885168046699021,2.897569641364902
C0494,2025-05,3.8176540914655677,3.3678541221770257
C0495,2025-05,3.699465955344376,2.9223963045997943
C0496,2025-05,3.306105536893007,3.220170982645513
C0497,2025-05,2.792983881953184,3.5186272029469055
C0498,2025-05,2.643563816254289,3.2915754174745917
C0499,2025-05,3.227723288055547,3.7738833509743417
C0500,2025-05,2.969222771264678,3.4498708835220366
C0501,2025-05,3.5870740396393623,3.5652288291426864
C0502,2025-05,3.0684766516326176,3.3097288990098273
C0503,2025-05,3.2594461347928965,
C0504,2025-05,,3.892329711033609
C0505,2025-05,3.8623516771304516,3.7792086485816605
C0506,2025-05,,2.774535420217842
C0507,2025-05,3.341285312881717,3.639954924701376
C0508,2025-05,2.9623562305282873,3.3548986611851377
C0509,2025-05,2.8970350097878486,2.966197925149682
C0510,2025-05,3.2231569380755762,3.376935571227567
C0511,2025-05,2.8865333392715007,3.672690920160992
C0512,2025-05,2.8080082760666616,3.186363913223468
C0513,2025-05,3.413578019525342,2.7770753981627774
C0514,2025-05,3.653652298358394,3.207663162236521
C0515,2025-05,3.9189424849452896,2.4818382809119246
C0516,2025-05,4.377345663755847,3.6050794416670913
C0517,2025-05,3.1926758189592976,3.6778254567482067
C0518,2025-05,3.4607580520844516,3.163805760561941
C0519,2025-05,3.3394411877796277,3.897207625494912
C0520,2025-05,3.4140351687441206,2.471930480572258
C0521,2025-05,3.2400466318421985,2.946187285803483
C0522,2025-05,2.5364061765970054,2.9934134943090696
C0523,2025-05,3.6990912729201506,2.9525924586287973
C0524,2025-05,4.0561952721324435,2.9065136959336737
C0525,2025-05,2.63474859931261,2.7959122600930533
C0526,2025-05,3.0721607665133037,2.5687712969777734
C0527,2025-05,4.269592454293606,3.3890583030775283
C0528,2025-05,3.635665367840538,3.5099357375386995
C0529,2025-05,3.160862024009532,3.5621153928737788
C0530,2025-05,3.199521246223923,3.024306230204061
C0531,2025-05,3.2952374534481774,3.637606527235896
C0532,2025-05,3.7505290344641464,3.1813106141332677
C0533,2025-05,4.156557180091297,3.9885752881324237
C0534,2025-05,2.688085546820383,3.3947354944346864
C0535,2025-05,2.3147941465933415,3.200620366443492
C0536,2025-05,2.815342167813935,3.8284716683298363
C0537,2025-05,2.4073692386230867,2.974213532391542
C0538,2025-05,3.219499010991149,3.4602288399559598
C0539,2025-05,,3.007413139481131
C0540,2025-05,3.478989025174938,3.845288164255933
C0541,2025-05,2.12587098960811,3.7896462418117123
C0542,2025-05,3.833361752784804,2.443095858316673
C0543,2025-05,2.747337182307367,3.1785396350449115
C0544,2025-05,2.8356458370968594,4.023233785589508
C0545,2025-05,2.994504684276553,2.7205295281894264
C0546,2025-05,3.6681212404363186,3.383084747470402
C0547,2025-05,2.940106451863117,3.102076474307992
C0548,2025-05,3.4410909491802935,3.126005060962969
C0549,2025-05,3.3142956575284703,4.113523035782534
C0550,2025-05,3.9323160952068683,3.8222236152826694
C0551,2025-05,2.4453674616123617,2.8044783856559086
C0552,2025-05,3.253227107362833,3.307399001495025
C0553,2025-05,4.083444150668597,3.992778797632962
C0554,2025-05,3.0868374271624255,3.107119181299677
C0555,2025-05,2.9476206072695983,3.4358607392229192
C0556,2025-05,3.2194256065643105,2.9934095310777353
C0557,2025-05,,3.8672761585539708
C0558,2025-05,3.919138686150801,3.5210069068117877
C0559,2025-05,3.0308921242590112,2.7362768098184107
C0560,2025-05,2.7073030310059885,3.502649320729999
C0561,2025-05,2.688211605966253,2.9927845178613084
C0562,2025-05,2.7847419391849315,3.69715872010093
C0563,2025-05,2.845962516448251,3.7973242690153404
C0564,2025-05,4.115077776949368,3.6555695875590652
C0565,2025-05,3.1539644265326707,3.5027607452680125
C0566,2025-05,,2.952790299476294
C0567,2025-05,1.9086774268429736,2.501265664960415
C0568,2025-05,3.3405301354173687,3.6651191492233375
C0569,2025-05,2.7090988831847316,2.1073173173052977
C0570,2025-05,3.610042749086301,2.942308292670129
C0571,2025-05,3.307315368040616,3.5888895786136676
C0572,2025-05,3.237336847332838,3.040156189236062
C0573,2025-05,3.939965826285352,4.224214231830594
C0574,2025-05,3.0430166968984755,2.7357588373771753
C0575,2025-05,2.877857451552525,2.823982919564541
C0576,2025-05,3.159193042106149,2.9285334301478367
C0577,2025-05,3.6096001964366717,2.816037815364773
C0578,2025-05,3.286152558645782,3.7738803966856134
C0579,2025-05,3.6927012382607862,2.8269633746424807
C0580,2025-05,2.764068910359747,3.4932805352521874
C0581,2025-05,2.531378928856766,
C0582,2025-05,3.501741125563992,3.7239870226860097
C0583,2025-05,2.7192538998777787,3.4732651535903347
C0584,2025-05,3.101600339994814,2.9735337787041245
C0585,2025-05,3.206422630796802,3.2592573204335684
C0586,2025-05,3.52589374479286,3.6917765534224034
C0587,2025-05,3.509828953576566,3.9453011231068036
C0588,2025-05,2.926958680731148,3.0333002196955814
C0589,2025-05,2.848288319410476,2.6622888849614497
C0590,2025-05,2.7941611374702533,3.628177460761346
C0591,2025-05,3.367932998358972,3.2166383074919294
C0592,2025-05,2.8582158583596646,3.1571812264676575
C0593,2025-05,2.9452516856090902,3.0095941909942225
C0594,2025-05,3.6033541756580445,2.959095851179593
C0595,2025-05,3.5209005167052503,2.405478915769038
C0596,2025-05,3.1842871995294106,3.7227519090061456
C0597,2025-05,3.463410960986801,3.8453550611991916
C0598,2025-05,2.2258862387452116,3.2623051548436335
C0599,2025-05,3.015921600888768,3.3427175564521048
C0600,2025-05,2.700807802780278,4.16431959188541
C0601,2025-05,2.5330413665924327,3.675018450810995
C0602,2025-05,3.3270301494501853,3.492233081429763
C0603,2025-05,3.248258231062452,3.2525902698244464
C0604,2025-05,2.8812781300514763,3.6331172574409223
C0605,2025-05,2.1380087899148785,3.345844426795912
C0606,2025-05,,4.05039114641536
C0607,2025-05,4.078226743063771,3.1590380327712633
C0608,2025-05,2.803872417074037,2.901014016725032
C0609,2025-05,3.1020100870276512,3.943509345406242
C0610,2025-05,2.901057393999112,4.012296600567588
C0611,2025-05,2.322922316705087,3.240576202762745
C0612,2025-05,3.7595602951143094,3.5284956090331216
C0613,2025-05,3.3699200813221166,3.2660568347017205
C0614,2025-05,3.399545562605179,2.550547316776592
C0615,2025-05,3.0034150998692812,3.7482543639492096
C0616,2025-05,3.362930012407579,3.4023341632578417
C0617,2025-05,3.2046315502939646,3.296679926813255
C0618,2025-05,3.1847801488260057,3.041374797304175
C0619,2025-05,,4.278171046828168
C0620,2025-05,2.481877587767668,2.865005754053984
C0621,2025-05,3.2275727737908855,3.5160612777874993
C0622,2025-05,3.740101409005329,3.101713522858313
C0623,2025-05,2.800000646379678,2.9786146901439565
C0624,2025-05,3.490970932285546,3.0849680403561974
C0625,2025-05,3.4619391758842015,3.699909713582829
C0626,2025-05,3.361348155786424,3.0354874053219203
C0627,2025-05,2.178405895848956,3.557430824252052
C0628,2025-05,2.6123520514564684,2.8065741040192362
C0629,2025-05,3.5108225142360623,3.999350264910368
C0630,2025-05,4.155459652088616,2.9479777705833836
C0631,2025-05,3.2648792898732983,4.028758576428392
C0632,2025-05,3.7212988100998854,2.67046294896555
C0633,2025-05,3.830600995825918,3.5902712703575954
C0634,2025-05,2.75700543078379,
C0635,2025-05,3.4533543323288294,2.931591604665357
C0636,2025-05,3.000732020338134,3.7814210002370183
C0637,2025-05,4.034343336631229,3.8038620488796844
C0638,2025-05,2.315439157486802,3.141640847412563
C0639,2025-05,2.6197070819657764,2.808968577069565
C0640,2025-05,4.544675278827579,3.733321102769497
C0641,2025-05,2.663295963849923,3.175847118061736
C0642,2025-05,2.7785033806266277,2.650401112545256
C0643,2025-05,3.8238904874844533,3.502782422851502
C0644,2025-05,2.573048109438097,
C0645,2025-05,3.673475017864611,2.5163332903768545
C0646,2025-05,3.6299857665758086,3.008555093838365
C0647,2025-05,2.96083531564578,3.260004407445044
C0648,2025-05,2.963701882354419,4.2424443711716515
C0649,2025-05,3.202665876480239,3.4547830869099636
C0650,2025-05,2.691362726208247,3.4511534862926814
C0651,2025-05,3.2854354831720785,2.62635314476483
C0652,2025-05,3.3645238471455126,3.6340250679580177
C0653,2025-05,2.514238563291639,3.356475697283601
C0654,2025-05,3.0041909121438186,3.4914248950609146
C0655,2025-05,2.8975393672646104,3.8113267550312937
C0656,2025-05,3.458942059634844,3.8538633750446314
C0657,2025-05,3.531846647687874,3.627339874363502
C0658,2025-05,3.145818422768088,3.002147016568091
C0659,2025-05,2.7770872926419905,3.103122037438733
C0660,2025-05,4.0927944012314885,3.202901889510199
C0661,2025-05,3.6143736883820985,3.3974068150464967
C0662,2025-05,2.5810817410454043,3.755727806662887
C0663,2025-05,3.6716569711756297,3.1957991352468182
C0664,2025-05,3.1316854965358027,2.9598717550148415
C0665,2025-05,2.960475479347167,2.942546622040943
C0666,2025-05,3.028468768156969,3.0260636890335295
C0667,2025-05,2.7530552038113822,3.0090614693393816
C0668,2025-05,2.0385628677051613,3.3463540168651926
C0669,2025-05,2.675330751632419,3.2712599922257626
C0670,2025-05,2.1065730179752054,3.016444796455002
C0671,2025-05,3.03024017046722,3.307593484328015
C0672,2025-05,3.3890574120758976,2.9445095817191573
C0673,2025-05,2.3162112093609384,3.7616265764764
C0674,2025-05,3.243038401431952,2.7866992387366367
C0675,2025-05,3.89382474193544,3.1788871473361024
C0676,2025-05,3.2973877219949,4.375968227385581
C0677,2025-05,3.262229248167684,2.9210200088187053
C0678,2025-05,3.393696885927501,3.6003873914927533
C0679,2025-05,2.860040458710796,3.0284870876452548
C0680,2025-05,3.034644821069097,3.872563960351779
C0681,2025-05,3.3614177526321973,2.6683384253170073
C0682,2025-05,2.519042549832541,3.3300034034777544
C0683,2025-05,2.8447773850784333,3.311689259095242
C0684,2025-05,2.7137154446076215,3.664884128727524
C0685,2025-05,3.113793760512567,3.054974587775093
C0686,2025-05,2.522039832696345,4.041527277066778
C0687,2025-05,3.1246468224936605,3.2207808039560173
C0688,2025-05,2.8205343032876184,3.868902921023679
C0689,2025-05,3.0754996105642944,3.684982284497101
C0690,2025-05,2.425686655663304,3.125202478463245
C0691,2025-05,2.474081581392676,2.8836655732203758
C0692,2025-05,2.701762616971214,3.0379348669448456
C0693,2025-05,2.655359625141502,3.258427664491275
C0694,2025-05,3.2668542529616844,3.049021654489345
C0695,2025-05,3.9094403225520944,3.5711029374533148
C0696,2025-05,2.134284615694892,3.563291496333199
C0697,2025-05,3.3002029513762294,3.1942229497219317
C0698,2025-05,3.023854218658636,2.8318990736237986
C0699,2025-05,3.164116884790841,
C0700,2025-05,3.484853452583837,3.306771688389275
C0701,2025-05,2.850216630603245,
C0702,2025-05,2.9326102952131285,
C0703,2025-05,2.8614423577428534,3.4273563931237954
C0704,2025-05,3.1443967630542944,3.5996275904431876
C0705,2025-05,3.681657751392337,3.6334357674110738
C0706,2025-05,3.178424032031234,3.3819479629735563
C0707,2025-05,2.8342257367091794,2.8725259564183023
C0708,2025-05,3.1231556537587877,2.8305004445117246
C0709,2025-05,3.2220865467142237,3.12288475504433
C0710,2025-05,3.1021123385119247,3.9444505219973403
C0711,2025-05,3.0720442268984187,
C0712,2025-05,2.881813815552743,3.2034522509036902
C0713,2025-05,3.186034256022007,4.018883681642756
C0714,2025-05,3.415396756299889,3.655760570555155
C0715,2025-05,3.027134837549982,3.643771345446667
C0716,2025-05,2.497451012108991,3.054385203076659
C0717,2025-05,3.1818071759581152,3.6136503104085484
C0718,2025-05,3.6299290730536526,3.507966166247844
C0719,2025-05,3.143791052675507,3.6025143406664606
C0720,2025-05,2.876411530668212,3.0756929027371678
C0721,2025-05,2.8004166109131368,2.5597555335419777
C0722,2025-05,2.812109773275707,3.0966351445866813
C0723,2025-05,4.1373058620164125,3.4122220178246945
C0724,2025-05,2.8891422612983253,3.271689750389733
C0725,2025-05,3.287754308828822,3.85729102380815
C0726,2025-05,3.418924053246134,3.8855329811964383
C0727,2025-05,,2.355595891624981
C0728,2025-05,3.1882104445592554,2.8534694571861485
C0729,2025-05,2.114500080893384,3.5753251339997383
C0730,2025-05,2.7537563272011045,3.0298726824225657
C0731,2025-05,3.156507352941878,3.8427357122760393
C0732,2025-05,3.671539484955316,2.988095874605997
C0733,2025-05,4.264425663614351,3.552811452988672
C0734,2025-05,2.606082407918023,2.6204689525294387
C0735,2025-05,2.3798662072278223,3.451450620223469
C0736,2025-05,2.6042412609508436,2.3814262832047755
C0737,2025-05,3.3434129185338675,3.3195597326102044
C0738,2025-05,2.445906138763726,3.100025801526644
C0739,2025-05,3.693692275867595,3.6396125262321037
C0740,2025-05,2.988937696259566,3.763270080216812
C0741,2025-05,3.339353071112041,
C0742,2025-05,2.855968370018876,3.4956236098229363
C0743,2025-05,3.381192860316788,2.872576723129601
C0744,2025-05,3.3993041596482407,3.8324223195413505
C0745,2025-05,2.795440606933701,3.65967238203835
C0746,2025-05,3.0163931437247355,3.1988066028263202
C0747,2025-05,3.3139716633016825,3.572400022828393
C0748,2025-05,3.4126350081259957,3.112175643706094
C0749,2025-05,3.776668353134216,
C0750,2025-05,3.0032184772474038,3.724533886116443
C0751,2025-05,2.314369081341709,3.3088855777939106
C0752,2025-05,2.72930410903268,3.0054014992577325
C0753,2025-05,3.7504440616533916,
C0754,2025-05,3.2866431897594963,2.6649157389433387
C0755,2025-05,2.8857038340949233,3.3011521540335944
C0756,2025-05,3.5155594453637393,3.0797101441442827
C0757,2025-05,2.5884922671942605,2.5761063578581234
C0758,2025-05,2.872815924565202,
C0759,2025-05,3.146574739007672,3.869223326684241
C0760,2025-05,2.0714545258786004,
C0761,2025-05,2.8359500678128517,3.385748516910345
C0762,2025-05,3.103825558812723,3.5698676818260826
C0763,2025-05,2.804091876704146,3.1949312227162676
C0764,2025-05,2.2682283303436845,
C0765,2025-05,2.8140055600944316,3.2765820807975636
C0766,2025-05,2.9262119052634943,2.8400316413330784
C0767,2025-05,2.989746786548589,3.392913977047834
C0768,2025-05,2.5526804839492123,3.913642893620368
C0769,2025-05,3.4201833511470703,3.2164605921885934
C0770,2025-05,2.3258347984978474,3.35064715470933
C0771,2025-05,3.507705656766555,3.6070309267043053
C0772,2025-05,2.386074011961553,4.084418885005727
C0773,2025-05,1.9140900273435844,3.535942752318129
C0774,2025-05,2.873119238933583,3.0983365807608836
C0775,2025-05,3.022705433993693,2.111917127891968
C0776,2025-05,2.632644503002412,
C0777,2025-05,3.292565298496193,3.0370366555769923
C0778,2025-05,3.1694042778319123,2.1312556336713318
C0779,2025-05,2.233262615392833,2.929300105552766
C0780,2025-05,2.7022861843635915,3.6400069152663113
C0781,2025-05,3.1972431122481098,3.4492174291485536
C0782,2025-05,3.327180585112695,3.190555553017595
C0783,2025-05,2.807971998932943,3.2378420393877048
C0784,2025-05,2.9131099393544213,3.081245704248976
C0785,2025-05,3.4939072939393117,3.7186418528310994
C0786,2025-05,2.729983861878459,3.5200436302559517
C0787,2025-05,3.3445117987589335,3.349368917554572
C0788,2025-05,3.4715724606119904,2.9156068047172017
C0789,2025-05,3.2129002912528146,3.5938187038068725
C0790,2025-05,,2.3995966823510555
C0791,2025-05,3.8570643008902117,3.6408849866949557
C0792,2025-05,2.8944425755687853,3.2115510473237574
C0793,2025-05,3.68546178138129,3.591573151775043
C0794,2025-05,3.935522864385475,3.4591226598659492
C0795,2025-05,2.675140667670555,2.577115964862072
C0796,2025-05,3.4648056624392574,2.866942828685747
C0797,2025-05,2.667641946644102,3.4967283057472938
C0798,2025-05,3.5787719690184616,3.100527215732771
C0799,2025-05,2.9402790433234633,2.812222412859292
C0800,2025-05,2.4973331272627406,3.3402968589126756
H0001,2025-06,2.9663742104506783,2.777389481003654
H0002,2025-06,2.6990730256054305,3.320258621431109
H0003,2025-06,3.3772878313196046,3.6566110762665547
H0004,2025-06,2.9385445438044298,2.711425568682871
H0005,2025-06,3.1615141099380657,3.4808865694296185
H0006,2025-06,3.4540608618010147,3.38013865275404
H0007,2025-06,2.9791033557097104,3.9866928389267295
H0008,2025-06,2.5593591020551054,3.4628838552619445
H0009,2025-06,3.5538756492853687,3.355573889095647
H0010,2025-06,3.258237641928716,4.410967740380292
H0011,2025-06,3.515950738589602,3.366814530464512
H0012,2025-06,2.61301319707252,3.3536981940135293
H0013,2025-06,3.4574246182106565,4.198652639889388
H0014,2025-06,3.7860088245206134,2.6577759349201493
H0015,2025-06,2.8481205885446643,3.5565713079976353
H0016,2025-06,2.5652312731656655,3.317469393030591
H0017,2025-06,3.067272094107527,
H0018,2025-06,2.8517195249843326,3.0791358179793766
H0019,2025-06,3.5407239257973373,3.1831763154715715
H0020,2025-06,2.6137809158738876,2.357189308716473
H0021,2025-06,3.007665890798153,3.4680294775574305
H0022,2025-06,,2.4899867836234955
H0023,2025-06,3.255509508340707,4.151761369397869
H0024,2025-06,2.5084129734739147,3.5837876818414607
H0025,2025-06,3.080606133882059,2.1685481921297547
H0026,2025-06,3.4763920437979503,2.4567823338469257
H0027,2025-06,2.9352684745685393,2.677520874241309
H0028,2025-06,3.196506617654356,3.6028819714785056
H0029,2025-06,2.8597810283526752,3.293487136053485
H0030,2025-06,3.2420182567364084,
H0031,2025-06,2.755716607196327,3.669060560126385
H0032,2025-06,2.951401499079616,2.8384865963145725
H0033,2025-06,,3.509310982849797
H0034,2025-06,2.721219323690407,2.81872405631291
H0035,2025-06,3.749924923838578,3.5578223137019984
H0036,2025-06,3.62756585231225,3.368427270699765
H0037,2025-06,3.7977632303105855,3.3678563068583194
H0038,2025-06,2.5516477144791216,2.519609382279032
H0039,2025-06,3.685309924133247,4.113768335472033
H0040,2025-06,3.308862808770604,3.5749788072283923
H0041,2025-06,1.9736029709793976,2.5458305081021697
H0042,2025-06,2.6444099726185444,3.790685305939714
H0043,2025-06,2.7183098198483253,2.9215744489054196
H0044,2025-06,3.0722167510888476,3.0683100120809255
H0045,2025-06,3.25600502683723,3.967975794421179
H0046,2025-06,2.7318317425466625,3.617627056139656
H0047,2025-06,2.9386430046563152,2.8916001441987276
H0048,2025-06,3.152945820234404,3.027912704513366
H0049,2025-06,2.188815464336312,3.1348849840761384
H0050,2025-06,3.4801247168735823,2.8651911813412485
H0051,2025-06,2.7105290121014516,3.088052874843351
H0052,2025-06,3.142877965731192,3.786647569451286
H0053,2025-06,3.7420119317394787,2.4501773778724782
H0054,2025-06,2.8613477562462197,2.544070491668041
H0055,2025-06,3.1940874318713104,2.8079115132110086
H0056,2025-06,2.7136453442155197,3.6613925653683332
H0057,2025-06,2.823281301811448,3.5408820238207297
H0058,2025-06,2.0788087197046403,2.6278481767676842
H0059,2025-06,3.3714853167693675,3.150066241003606
H0060,2025-06,3.5262700881109184,3.8261307707391063
H0061,2025-06,2.9453337275017435,3.6098690512618012
H0062,2025-06,3.10165028100813,3.5865329360689895
H0063,2025-06,3.5888294466974973,2.4309449974404016
H0064,2025-06,2.889536962434563,3.753188861175047
H0065,2025-06,,2.654854304168984
H0066,2025-06,2.806132691490927,2.8751967880729214
H0067,2025-06,3.900278629693671,3.0770172719509428
H0068,2025-06,3.4246158533580022,4.20315140179648
H0069,2025-06,2.6963676371953076,3.6076633378395377
H0070,2025-06,3.1606996743521085,3.4036937547741335
H0071,2025-06,3.8553292673648545,3.079931534127369
H0072,2025-06,3.3121730606630613,3.0898876396669066
H0073,2025-06,2.897061920225793,3.2180998392465874
H0074,2025-06,3.5179885021779027,3.8587011201394734
H0075,2025-06,4.0546024041642,3.0535633545170446
H0076,2025-06,2.8479161179559656,3.352942790256122
H0077,2025-06,2.847344262914454,3.0183724296918664
H0078,2025-06,1.9946794405006085,2.547838564439943
H0079,2025-06,3.712748364202783,3.780086937067357
H0080,2025-06,2.2132325799792283,2.4544114406231716
H0081,2025-06,2.911294039996565,3.6674088777414395
H0082,2025-06,2.6436538377277965,2.9287171926511686
H0083,2025-06,3.7341760214701942,3.444529659312892
H0084,2025-06,3.881648017637219,
H0085,2025-06,2.9522662195055642,3.039148936369515
H0086,2025-06,3.359525124880208,3.397308252799351
H0087,2025-06,3.2107578856130163,3.5664936436999786
H0088,2025-06,2.661612014026708,2.4788417005271453
H0089,2025-06,3.0692808510598955,3.7006751213555726
H0090,2025-06,2.9449251251867112,3.5421969939807894
H0091,2025-06,2.9220037329271045,3.135985982490092
H0092,2025-06,2.499135970372101,3.324009488916036
H0093,2025-06,3.046230219827189,3.1486323027388585
H0094,2025-06,3.072514238439251,2.9076635119515926
H0095,2025-06,3.9993660276129734,3.2755260605350878
H0096,2025-06,3.8153492852339688,
H0097,2025-06,2.6115283444946806,2.796634360020843
H0098,2025-06,3.5092033451338294,3.181454319863251
H0099,2025-06,2.875435538288574,3.307015376571301
H0100,2025-06,1.8994414540843976,4.052627263725545
H0101,2025-06,2.782669895910484,
H0102,2025-06,2.6125578353103887,
H0103,2025-06,2.78327883526154,3.928086267091552
H0104,2025-06,3.0017668810924185,3.536432101491435
H0105,2025-06,2.4325441431855612,3.053228131117964
H0106,2025-06,2.81509418546411,2.7616560370939163
H0107,2025-06,3.028648427641578,2.165534567918563
H0108,2025-06,2.84617008959922,2.7972078191371175
H0109,2025-06,2.887196132680899,2.6961945382118646
H0110,2025-06,3.3016767067426547,3.4500862471234788
H0111,2025-06,3.699604170336218,2.6511534662511558
H0112,2025-06,2.951743304827281,3.3258142043076093
H0113,2025-06,3.1077950162044505,3.581350538865263
H0114,2025-06,3.338076452508316,2.9626035249895315
H0115,2025-06,3.1277385173761325,
H0116,2025-06,3.7916411946998716,3.35780305273617
H0117,2025-06,2.856252934035612,3.504980209510216
H0118,2025-06,2.374553396544383,3.6966815790645855
H0119,2025-06,3.3473623673363027,2.167778750979904
H0120,2025-06,2.455580781453399,2.679473132738189
H0121,2025-06,3.4886362266087936,2.324033484823696
H0122,2025-06,3.1742524977627595,3.8742575129215746
H0123,2025-06,4.20030021250239,3.5802565321176827
H0124,2025-06,2.8354705627832457,3.5478595100884562
H0125,2025-06,2.767883838594895,3.34007975885601
H0126,2025-06,2.9041722397931125,
H0127,2025-06,3.5476577520528942,3.066650228930593
H0128,2025-06,,2.8713459921603994
H0129,2025-06,2.630978541080997,3.626822075680646
H0130,2025-06,3.508687903041742,3.069504295076111
H0131,2025-06,3.670108622787439,3.551204181369981
H0132,2025-06,3.087594604879054,3.089889996492942
H0133,2025-06,,3.501533010449258
H0134,2025-06,3.486191673707263,2.849964620711782
H0135,2025-06,2.7899995836027656,2.737036488238998
H0136,2025-06,3.0447550180838028,3.453478698087563
H0137,2025-06,3.4334561813296114,2.5876949842798807
H0138,2025-06,3.538380119924849,3.415164954356467
H0139,2025-06,2.7051392862920913,3.188845123575624
H0140,2025-06,3.7730891477584594,
H0141,2025-06,2.8367287666898733,4.202600143104084
H0142,2025-06,3.095965967819629,3.5494132616082323
H0143,2025-06,3.103845588530028,3.1213765743368427
H0144,2025-06,3.010286041316382,2.62723982978426
H0145,2025-06,3.5721155008651784,2.9059289034096016
H0146,2025-06,2.471603545663059,3.2739310463263274
H0147,2025-06,3.1610937583197063,3.970112220699913
H0148,2025-06,2.4385116010019012,3.0707096435147445
H0149,2025-06,2.5573086298631758,3.2675603458920977
H0150,2025-06,2.2304778561397036,3.7377292520362184
H0151,2025-06,3.019514132178963,3.9079225822128993
H0152,2025-06,1.7595170042813344,3.5376297820312796
H0153,2025-06,3.1236946024529755,4.039554503314276
H0154,2025-06,3.4918388434996883,3.5984341223787464
H0155,2025-06,4.220830266322515,3.817853032528691
H0156,2025-06,4.104479006949103,2.7688580742769697
H0157,2025-06,3.7412904461652325,3.6261171952605764
H0158,2025-06,2.103846246634344,2.9387083114983126
H0159,2025-06,3.1388421525975096,3.2062828318147685
H0160,2025-06,3.2193108843823426,3.8002392010022548
H0161,2025-06,2.2706377500829533,4.172169798246444
H0162,2025-06,2.5277350540559516,3.06123374893326
H0163,2025-06,4.2676852401608265,2.984746354460544
H0164,2025-06,2.196545831038803,2.9939374623533928
H0165,2025-06,3.1226609281177224,3.2321042362996955
H0166,2025-06,4.176662509370043,3.4179800266018616
H0167,2025-06,2.614084384087888,2.7831054843667316
H0168,2025-06,3.721868843031257,2.680833265944685
H0169,2025-06,3.256824120664867,3.1336425554366762
H0170,2025-06,2.181808424040215,3.34445411578839
H0171,2025-06,,3.2366829230065246
H0172,2025-06,2.5144187621552385,3.1246852273633934
H0173,2025-06,3.424454407351568,3.3192415496724097
H0174,2025-06,3.194825581139654,3.934204766014486
H0175,2025-06,3.757595697025448,3.5268026109769246
H0176,2025-06,3.082757683261799,3.235781217913209
H0177,2025-06,3.6188451139131166,3.610864809695915
H0178,2025-06,,2.9936288840019842
H0179,2025-06,3.4022417976402863,2.8271327089740623
H0180,2025-06,3.023661534313923,
H0181,2025-06,2.828089183341786,3.597936669453965
H0182,2025-06,3.301315575402075,3.6765951520215503
H0183,2025-06,2.979486416872164,4.486161684990806
H0184,2025-06,3.443709979564217,3.829528990963471
H0185,2025-06,3.275710584551925,2.6893342110928504
H0186,2025-06,2.9503608616820727,3.86207806524713
H0187,2025-06,2.597081615820924,3.4167174461008614
H0188,2025-06,2.589587142605923,2.483678186022189
H0189,2025-06,2.637373657387421,2.5379995637806365
H0190,2025-06,3.0431778600000765,3.1991179478454814
H0191,2025-06,2.7826802148805605,
H0192,2025-06,2.4234743990765373,3.620668960253349
H0193,2025-06,3.3623620991227274,3.5162093181482885
H0194,2025-06,,3.063199791701458
H0195,2025-06,3.74374700201333,3.940161120170165
H0196,2025-06,4.058617728888017,3.7497368181439716
H0197,2025-06,3.9086858923879677,3.137330352038842
H0198,2025-06,,3.5075575294861694
H0199,2025-06,2.5712186620738127,4.121663472665425
H0200,2025-06,3.1875942416671377,3.9757449648239445
H0201,2025-06,2.9380242710204496,2.792449380070966
H0202,2025-06,3.284067955476951,3.474587932363612
H0203,2025-06,3.2514929615628962,2.991491109673504
H0204,2025-06,3.070828768725234,3.0036894370011624
H0205,2025-06,3.1330440509746675,3.073167717025367
H0206,2025-06,3.6721081514801663,
H0207,2025-06,3.0071025836645546,3.141911272249902
H0208,2025-06,2.5435296639733176,2.5584295792488914
H0209,2025-06,3.054295035027587,2.9405353902136344
H0210,2025-06,3.2357445531036206,3.146384660019829
H0211,2025-06,3.0017727200300914,3.623925267505025
H0212,2025-06,2.9724044706550368,2.771818745639086
H0213,2025-06,3.342271367430539,4.192211578763424
H0214,2025-06,2.7096667207169944,3.18107643072266
H0215,2025-06,3.1961369498203944,3.2899618993071833
H0216,2025-06,4.383775171111216,3.381457389996657
H0217,2025-06,3.594641222740764,
H0218,2025-06,4.357818281025166,3.450366263925762
H0219,2025-06,3.6966108206591133,3.2374270930657483
H0220,2025-06,3.591302794516682,3.3880575865566964
H0221,2025-06,,2.8682184551677095
H0222,2025-06,2.8805556937335832,3.025892635449336
H0223,2025-06,2.7950619640108156,2.721360339799132
H0224,2025-06,3.1925032965182467,3.4633572670917356
H0225,2025-06,2.9686447694677933,3.6164003446688957
H0226,2025-06,2.749889791501101,3.694764759309229
H0227,2025-06,2.4597022908261255,3.9091528506532587
H0228,2025-06,3.0846243121558743,2.71911170199603
H0229,2025-06,3.2401667066644957,2.7105526031618945
H0230,2025-06,3.5649345990641312,3.206094721871835
H0231,2025-06,2.8800213727833857,3.755594352410815
H0232,2025-06,2.824515252443674,4.011768728904981
H0233,2025-06,3.013035334064791,3.1000080957063907
H0234,2025-06,3.2765556062991936,2.622938915488533
H0235,2025-06,3.7767492425385942,2.8118923958249065
H0236,2025-06,3.2755296009851893,3.192773763457185
H0237,2025-06,2.5364109413136333,3.0405932864404126
H0238,2025-06,2.3735131818909907,
H0239,2025-06,3.4511193444429673,3.399150449309215
H0240,2025-06,3.5153105703685186,3.1295660146594484
H0241,2025-06,3.4059603027364065,3.1575879288903854
H0242,2025-06,2.9207972172996493,3.1160462516826297
H0243,2025-06,3.676850027671438,3.3854626726789125
H0244,2025-06,2.941662038751952,3.330705811085726
H0245,2025-06,2.4859568429365306,3.6509134559596013
H0246,2025-06,3.127032665314868,3.1836505337686036
H0247,2025-06,3.1280429868160686,3.3735553342567073
H0248,2025-06,2.3325838568786943,2.4016136498728016
H0249,2025-06,3.163079215976219,2.997089679035911
H0250,2025-06,2.6104498828424054,4.711017519798544
H0251,2025-06,3.037721708195648,3.390798480036102
H0252,2025-06,4.184889093957679,3.4217109652663966
H0253,2025-06,2.3686998532440606,3.091562678702153
H0254,2025-06,2.6766788778928747,3.633832723517466
H0255,2025-06,2.691231707278,3.690316707678417
H0256,2025-06,3.6044807648467962,4.036243553178798
H0257,2025-06,3.545835369267439,3.616156422643488
H0258,2025-06,2.5398357636946756,3.604661866478854
H0259,2025-06,3.1133183701763634,3.2474114745265807
H0260,2025-06,2.935636605104194,3.187174905018982
H0261,2025-06,4.067801099528846,3.01725134818128
H0262,2025-06,3.3011568696327647,2.673670351108344
H0263,2025-06,2.6937580118378843,3.1847227648735967
H0264,2025-06,3.139934010433543,3.0534337114170627
H0265,2025-06,3.5461088587965404,3.521601590543995
H0266,2025-06,3.7797169852126427,3.492348006676971
H0267,2025-06,3.239980731372837,3.465676499014074
H0268,2025-06,,3.085498316671415
H0269,2025-06,2.9872555535167034,
H0270,2025-06,3.276488762691383,3.975341510911927
H0271,2025-06,4.2552346549720355,4.497081134312298
H0272,2025-06,3.217524149647679,3.6622606824602
H0273,2025-06,2.681252808646588,3.37995820167582
H0274,2025-06,3.0380719028724554,2.978722409332945
H0275,2025-06,3.0102039615364844,3.242095951376465
H0276,2025-06,2.653710533178314,3.47616330390644
H0277,2025-06,3.195571371327607,2.9623687883589183
H0278,2025-06,3.26856156627188,2.6346740895410523
H0279,2025-06,3.3733511515587775,3.5265070267136367
H0280,2025-06,2.3473386660801037,3.3179256997134243
H0281,2025-06,3.3350696966076896,3.8060093776361743
H0282,2025-06,3.5860205515030286,2.689939951225003
H0283,2025-06,3.9752027556552214,3.4694601675460555
H0284,2025-06,3.1296839845750806,3.348817766516567
H0285,2025-06,2.233513018353344,3.0076291018040147
H0286,2025-06,3.0503710591596276,2.9951355444143037
H0287,2025-06,3.803257845605871,3.3737190357349216
H0288,2025-06,2.836212327295003,3.42126557177526
H0289,2025-06,3.4321126967618816,2.541469410897145
H0290,2025-06,2.949906719607494,3.805414096612048
H0291,2025-06,2.9522097929573237,2.8902744059118866
H0292,2025-06,3.6516495352144327,3.3461314690819206
H0293,2025-06,3.0089324358963974,3.069991452526897
H0294,2025-06,3.6031686091436907,3.8262332940408106
H0295,2025-06,2.145050751473516,3.9781956915114742
H0296,2025-06,2.499989514267643,3.885513546205745
H0297,2025-06,3.5106888053387704,3.0907299826292167
H0298,2025-06,,
H0299,2025-06,2.2281595143202138,2.7718947787636696
H0300,2025-06,3.262729500366268,2.468656709960074
H0301,2025-06,2.8592608579172234,3.2107795469990803
H0302,2025-06,3.045275766372566,3.8973646631577283
H0303,2025-06,3.0627226977133035,3.766490247223038
H0304,2025-06,3.254662683208566,3.8820194061695084
H0305,2025-06,2.607213214013917,3.1460122297105366
H0306,2025-06,2.4567315050835257,2.9749162894721093
H0307,2025-06,3.238791093463467,2.728393736547443
H0308,2025-06,2.1164750501536873,
H0309,2025-06,3.399512026786212,3.191577666874904
H0310,2025-06,2.2664824041040275,3.373111979426603
H0311,2025-06,2.5590662558394106,3.030290748549379
H0312,2025-06,3.0343128094490335,4.165363977459153
H0313,2025-06,,3.26470212559481
H0314,2025-06,3.0921218543998332,3.5832088077728645
H0315,2025-06,2.9995508459833196,3.0993928990135884
H0316,2025-06,3.0453311578441093,3.428027689367573
H0317,2025-06,2.8835442068015706,2.8392172227872057
H0318,2025-06,3.579145600671898,3.237643934665639
H0319,2025-06,3.433837491320421,3.3566043550894165
H0320,2025-06,2.590204419989576,3.3937187590568527
H0321,2025-06,3.0846318324186632,2.1276321304225148
H0322,2025-06,3.250211076659186,3.9708650147564324
H0323,2025-06,3.1676233055487453,3.66623689650242
H0324,2025-06,3.642904120950076,3.7844929997706807
H0325,2025-06,4.153841784633154,
H0326,2025-06,3.6120935374464955,2.694740101541157
H0327,2025-06,3.768158048112753,2.835052352626305
H0328,2025-06,2.4409653049749807,2.7728825393106638
H0329,2025-06,2.5800319440851265,3.528444979025671
H0330,2025-06,3.9397163534918747,2.8681697914307787
H0331,2025-06,2.9791968895821355,
H0332,2025-06,3.6002466589412605,3.1983601773918333
H0333,2025-06,2.6737613048278415,3.053400342237028
H0334,2025-06,3.404601895381646,3.445601702441037
H0335,2025-06,3.2608750434065223,4.359442288603819
H0336,2025-06,2.3638468633225305,2.8178152911259833
H0337,2025-06,3.135130302388361,3.4536403113553567
H0338,2025-06,2.242971723847181,2.975812137127183
H0339,2025-06,3.779422182656875,3.783247555566863
H0340,2025-06,3.5830990716142788,3.503983791502318
H0341,2025-06,3.209833003171266,3.2871040012944333
H0342,2025-06,2.894811145210316,3.170037643335508
H0343,2025-06,3.0248385921101826,3.6880992396842123
H0344,2025-06,2.882131166243421,3.3533733148325804
H0345,2025-06,2.016898942543202,3.6331554564542907
H0346,2025-06,3.0545075347301673,3.8643434308639257
H0347,2025-06,2.4937608855726063,3.670123046094285
H0348,2025-06,3.188757364450036,3.116097391076019
H0349,2025-06,3.3816444611416987,2.9690027612998886
H0350,2025-06,4.074652174494357,3.3524743445414034
H0351,2025-06,2.635623584551395,3.2831414836806427
H0352,2025-06,3.518883051539807,3.3685327228548365
H0353,2025-06,3.3477076514693933,2.495806996484968
H0354,2025-06,3.413546271409329,3.2454442283606304
H0355,2025-06,2.733409553043237,3.3540159770902487
H0356,2025-06,3.547411662368698,2.872900056996662
H0357,2025-06,3.5986299633964585,3.0792414672026904
H0358,2025-06,3.443277717773275,2.643924447334762
H0359,2025-06,2.6570948945427246,3.5863622522424032
H0360,2025-06,2.791385299583879,2.8955873788349766
H0361,2025-06,,3.4781434640688222
H0362,2025-06,3.5871533840077143,3.9081306557173647
H0363,2025-06,3.5689756707973244,3.816310837059533
H0364,2025-06,3.6890097505139394,3.058948569416672
H0365,2025-06,2.5782668426810282,2.7315322220459723
H0366,2025-06,2.12833508565857,2.272086659350091
H0367,2025-06,2.8323202780123062,3.0222420005958215
H0368,2025-06,3.085167090373102,3.4660138933103126
H0369,2025-06,4.116418300629651,2.9307226520562395
H0370,2025-06,2.893757547098807,
H0371,2025-06,2.688499131721285,3.634031799497441
H0372,2025-06,3.9375838898906346,3.4585338407404453
H0373,2025-06,3.1174516886555663,3.3232249970598593
H0374,2025-06,3.968052970499217,3.091027290420341
H0375,2025-06,3.138699793982824,
H0376,2025-06,3.418326184313777,2.8352525519450453
H0377,2025-06,3.010428563490819,3.7634866264786977
H0378,2025-06,3.312928302574327,2.7740499115306774
H0379,2025-06,3.15056153870501,3.6740836222968545
H0380,2025-06,2.2375187769092033,3.7317354255954283
H0381,2025-06,3.5894462665823372,3.6213750579730073
H0382,2025-06,3.195299160067805,3.0052833342809273
H0383,2025-06,3.227857081662047,4.146394184844645
H0384,2025-06,3.225331141590819,2.9918850605235257
H0385,2025-06,2.2400301012359067,3.0711997486446507
H0386,2025-06,3.091620594723002,2.6382193039618973
H0387,2025-06,3.057521005211071,3.1368099219645282
H0388,2025-06,3.2643452062666873,3.7604286808982224
H0389,2025-06,3.538751908881362,3.6978498601219028
H0390,2025-06,3.2076506103738103,3.3536128391105002
H0391,2025-06,3.1113062949628496,3.7024676414573894
H0392,2025-06,2.646004692699483,3.0810835642688463
H0393,2025-06,3.7893516762434376,3.4005233349084123
H0394,2025-06,3.0823761518969404,3.6342136861392156
H0395,2025-06,2.9640675075873575,3.6410949166890823
H0396,2025-06,3.7794238836152103,3.8557507417746
H0397,2025-06,2.945505924020326,2.499283301616161
H0398,2025-06,3.6516081332624926,3.748967687527999
H0399,2025-06,,3.2465026744414973
H0400,2025-06,3.01374651757764,3.2300039045715065
H0401,2025-06,2.4281248944086,3.3432725374219445
H0402,2025-06,2.629978623459758,3.3657524733040867
H0403,2025-06,3.4149487982241933,3.5198154557547303
H0404,2025-06,2.9313484723737253,3.292463375883398
H0405,2025-06,2.876507903842391,3.538202892818825
H0406,2025-06,2.98802666213932,3.5799227564296805
H0407,2025-06,3.048191042137011,3.512093551578706
H0408,2025-06,,3.4463768624533957
H0409,2025-06,3.264145557703648,2.8820003485944046
H0410,2025-06,3.300764686069373,2.7721681192080148
H0411,2025-06,3.4995545675818187,4.066549717300683
H0412,2025-06,3.345243177437788,2.9211863555331123
H0413,2025-06,3.3490601906464463,3.347633823702723
H0414,2025-06,3.58386310372556,3.4649210752828408
H0415,2025-06,3.075118492177808,3.0371273198433064
H0416,2025-06,2.580482308407787,3.065656451964108
H0417,2025-06,3.42829749314273,
H0418,2025-06,3.134098117445654,3.837047484543593
H0419,2025-06,3.0511355411835623,2.95504591647414
H0420,2025-06,2.2027379401979617,2.4300392586500568
H0421,2025-06,2.614736264365281,2.825746394477293
H0422,2025-06,3.503488772423224,3.4796837739854825
H0423,2025-06,4.0294853692143935,3.600005588525697
H0424,2025-06,4.186678413605545,2.774984823588813
H0425,2025-06,3.5409523875025584,3.2194853853415077
H0426,2025-06,3.3548985844414014,4.107581181545446
H0427,2025-06,3.3480323349661076,3.5788178251074836
H0428,2025-06,2.7790484482504323,2.6031822456162264
H0429,2025-06,3.4290315262439015,3.639773690535851
H0430,2025-06,2.8952656581642287,3.792023911406361
H0431,2025-06,3.549861774164582,3.1215477626493273
H0432,2025-06,2.68831802413546,4.640047795915981
H0433,2025-06,2.8723122702598736,2.8309237516999026
H0434,2025-06,2.5965342776498934,3.1079736036099055
H0435,2025-06,4.422680755752171,3.631883376298965
H0436,2025-06,3.555468916046403,2.5974940558960715
H0437,2025-06,3.2091893760299945,3.3488433245854266
H0438,2025-06,2.943467901659071,3.4769061036604407
H0439,2025-06,2.8390195791811865,2.9357311598917915
H0440,2025-06,3.3104721046004144,3.533253359227116
H0441,2025-06,3.1643238477785554,3.6204005244980473
H0442,2025-06,3.0318581581311728,2.826707229655865
H0443,2025-06,3.012277746428162,3.5822639656252817
H0444,2025-06,3.002573884568463,3.846943779303863
H0445,2025-06,2.880568707812186,3.4602416386286787
H0446,2025-06,2.6378724381232828,
H0447,2025-06,2.9602655536197515,3.7834159478793765
H0448,2025-06,2.2960011455030735,2.360006514020418
H0449,2025-06,,4.11766238000752
H0450,2025-06,3.0157395545180568,3.5770102607081573
H0451,2025-06,3.9826388577936687,4.183913401506612
H0452,2025-06,4.3837624353866484,3.646392390435354
H0453,2025-06,2.80222163405673,3.877896063088065
H0454,2025-06,3.5905750043968725,3.147919860635016
H0455,2025-06,3.2005482845208264,4.031269609711654
H0456,2025-06,3.5675528655957107,3.294829903977669
H0457,2025-06,2.9687804002544067,2.9867723302041993
H0458,2025-06,3.3768523005312296,3.3550049592418816
H0459,2025-06,3.3521813105101943,3.0421217582697784
H0460,2025-06,2.8986409196776037,4.030583526742882
H0461,2025-06,2.8978095750931203,3.8720949542852297
H0462,2025-06,2.9570784899471603,3.115737793193687
H0463,2025-06,2.038701126095021,2.92731119136192
H0464,2025-06,4.509199750719179,3.135840113418902
H0465,2025-06,2.7877399139135286,2.602550248597749
H0466,2025-06,2.792200739879811,3.367724357070386
H0467,2025-06,3.3341304918586148,3.5019527805629735
H0468,2025-06,2.8516727266217865,3.8624694816973593
H0469,2025-06,1.9770509309700781,3.0598214736915397
H0470,2025-06,2.6406471083591505,3.523049581635933
H0471,2025-06,3.265144196845998,3.524728914822143
H0472,2025-06,2.725875679605882,3.3649003436570033
H0473,2025-06,2.9005178491465817,3.4774953276357037
H0474,2025-06,3.063499599827595,3.012011119390085
H0475,2025-06,3.2350338682397615,4.201328196806239
H0476,2025-06,3.9971923737836095,3.5317676950777233
H0477,2025-06,3.1238972732999373,3.5968551138187905
H0478,2025-06,2.8292668435985324,3.3119555110740095
H0479,2025-06,3.265216913878821,3.6215437873612846
H0480,2025-06,2.665245580890928,3.199333441083068
H0481,2025-06,3.2738042528435223,2.7257971944166304
H0482,2025-06,3.7679036261129517,3.9185339213832298
H0483,2025-06,2.9053016438520447,3.3151699830708643
H0484,2025-06,3.5517695571763688,3.153545983160401
H0485,2025-06,3.4664797609279265,4.015794821191404
H0486,2025-06,2.4446925927616014,2.541084931917278
H0487,2025-06,2.5436265664844133,3.3031143518782735
H0488,2025-06,3.1586914018122014,3.959655480432325
H0489,2025-06,3.3442731990921226,3.095434026406988
H0490,2025-06,3.157207790071456,3.020473287618988
H0491,2025-06,3.2142691691038827,3.3497514594448963
H0492,2025-06,2.614643012363836,4.47044759884292
H0493,2025-06,3.4795054838639543,3.0016227143018055
H0494,2025-06,3.503825494641474,3.2611083615587697
H0495,2025-06,2.5588982470389556,3.13802256611449
H0496,2025-06,2.825742717419516,3.0243195580110798
H0497,2025-06,2.6334045843544405,2.261284444179677
H0498,2025-06,3.4263603325237852,2.8537637381901595
H0499,2025-06,2.0908754180098397,3.1023490926906825
H0500,2025-06,3.1600511177821176,
H0501,2025-06,3.741846305863494,3.640892286022923
H0502,2025-06,2.526638244171009,2.7964422885405487
H0503,2025-06,,2.9288684190165326
H0504,2025-06,4.2126475159969985,3.9678780583015483
H0505,2025-06,2.3740682544267235,3.8986063304624348
H0506,2025-06,3.0990264076976533,2.640790124274869
H0507,2025-06,1.9969224240236638,2.8146368073006185
H0508,2025-06,2.1195357414409903,
H0509,2025-06,2.670472933974,3.223913680816898
H0510,2025-06,3.0638549222678506,3.1115816187824956
H0511,2025-06,3.6382264157918107,3.212637088959053
H0512,2025-06,,2.9860056051496304
H0513,2025-06,2.6557776883847755,3.0233602886581874
H0514,2025-06,3.4567261390361788,4.127515720294258
H0515,2025-06,3.664355474151093,2.597520853210381
H0516,2025-06,3.9982522757354593,3.9057676546865867
H0517,2025-06,4.0001417798630605,3.425461081247718
H0518,2025-06,3.4664044275996764,3.4157497686146527
H0519,2025-06,3.3061114406598615,3.6737249414056232
H0520,2025-06,2.5057164054105607,3.96714292565464
H0521,2025-06,2.502779254590619,3.430085159580367
H0522,2025-06,3.426056174366278,3.5257545310738783
H0523,2025-06,3.694120138103313,4.3693949331845685
H0524,2025-06,2.9216473726539527,3.1716376749755324
H0525,2025-06,2.717472904532883,3.493323877479395
H0526,2025-06,3.3375574346144674,3.5009505727971377
H0527,2025-06,3.393256398107838,2.892627999287944
H0528,2025-06,2.6356876666938884,3.4775632632442894
H0529,2025-06,2.4979180747514245,3.303496358978549
H0530,2025-06,3.6509733964656483,3.981554276567762
H0531,2025-06,2.8757867242118462,3.612278553709906
H0532,2025-06,2.172156977430838,2.962503258890348
H0533,2025-06,3.4302250099446683,3.1855272991425414
H0534,2025-06,3.092389553947773,2.97241306777835
H0535,2025-06,2.8217239621107915,4.364747447547467
H0536,2025-06,2.6465330051022726,3.11966486965505
H0537,2025-06,,3.5363068618455755
H0538,2025-06,2.69584266742657,3.7801663900012175
H0539,2025-06,3.3627303294315696,2.488162816833616
H0540,2025-06,3.178442575470791,2.3619653893131334
H0541,2025-06,3.3387017282161415,3.9128601370729448
H0542,2025-06,3.2306783049846017,2.8739004793501826
H0543,2025-06,2.728854405103722,3.7145869012165886
H0544,2025-06,3.4342472197546035,3.1944840547509528
H0545,2025-06,2.8116389556553325,3.0871725968280277
H0546,2025-06,1.862579456061296,3.0487992299492808
H0547,2025-06,2.632584831378303,3.461189946688693
H0548,2025-06,2.973944068281634,3.563500813071849
H0549,2025-06,3.178103567193304,4.868098182763232
H0550,2025-06,2.982667677586174,2.9807806541129054
H0551,2025-06,2.536359707659881,3.466125461721127
H0552,2025-06,2.7443044004226342,3.714286096634521
H0553,2025-06,3.189567879402769,3.2316192703230824
H0554,2025-06,3.1781148751124557,
H0555,2025-06,2.904081451245931,2.9878148333430032
H0556,2025-06,3.8287739981039857,3.03740232657121
H0557,2025-06,3.16043636884886,2.813071035071866
H0558,2025-06,3.3050056322917096,3.1075695439496736
H0559,2025-06,3.6311015763755816,
H0560,2025-06,2.6552982811662362,2.7898938890249854
H0561,2025-06,2.104763596625109,3.307713451467604
H0562,2025-06,3.8705642376190257,3.4176080203106336
H0563,2025-06,3.8393056862000603,3.0749432429579233
H0564,2025-06,,3.3199587581185406
H0565,2025-06,2.932138540676925,2.8089591311658566
H0566,2025-06,2.6871479813231613,3.297827049607572
H0567,2025-06,3.1826972016897193,3.7699261618782853
H0568,2025-06,,3.8174309330712295
H0569,2025-06,2.8679261005845444,2.899949887040963
H0570,2025-06,2.5198156172626183,3.192169877437125
H0571,2025-06,,
H0572,2025-06,4.103917824634553,3.2637726781017995
H0573,2025-06,2.680896462299634,3.063283832382278
H0574,2025-06,3.5880156289829683,3.3193335376353654
H0575,2025-06,3.0658620707598825,3.0596672592130405
H0576,2025-06,2.6914651242438876,3.17185207914993
H0577,2025-06,3.127342677854055,2.8863410036365895
H0578,2025-06,3.1116914869897494,2.633183088006771
H0579,2025-06,3.068912193400882,3.1674534676807604
H0580,2025-06,3.201594082489898,3.4503558019611136
H0581,2025-06,2.5345376871233745,3.399662206677436
H0582,2025-06,2.908601692538246,3.072491167064853
H0583,2025-06,3.196986899842287,4.1253386712525275
H0584,2025-06,2.699916116587557,2.794058466411436
H0585,2025-06,1.8872449691492923,2.5379136808014056
H0586,2025-06,2.788311057970188,2.647483727297529
H0587,2025-06,3.0162103060403815,2.862162114750783
H0588,2025-06,3.1752125809563387,3.8657068170667426
H0589,2025-06,2.700551838973013,3.2157465145524657
H0590,2025-06,2.851386826360965,3.248978630770652
H0591,2025-06,2.585652511529147,3.0811787054918622
H0592,2025-06,3.5416835031505873,2.6180000736384024
H0593,2025-06,2.731897331195162,2.9430492229911738
H0594,2025-06,2.996078203278521,3.393944578448842
H0595,2025-06,3.2593586332904545,3.3861940411808815
H0596,2025-06,,2.8971413460352218
H0597,2025-06,3.583093190875803,2.998261375286332
H0598,2025-06,3.7297077708699553,3.5562795127883273
H0599,2025-06,2.7450312669568526,3.0256228845242568
H0600,2025-06,3.003981357028236,3.6672997391568556
C0001,2025-06,2.980724925020423,3.4458621834552146
C0002,2025-06,3.326903692129001,3.316272635215301
C0003,2025-06,2.509865165914923,3.0412834950534413
C0004,2025-06,2.866915834092612,3.0045010042162756
C0005,2025-06,2.884856410238759,3.203378328417217
C0006,2025-06,3.1159856431199167,3.3333529586183492
C0007,2025-06,2.6863409587888025,2.7372107996438255
C0008,2025-06,3.7573825216699652,3.4153372891394036
C0009,2025-06,3.5317664414976533,4.0226192510311645
C0010,2025-06,3.104488238717444,3.425751308408303
C0011,2025-06,4.616356335347701,3.2356318318375377
C0012,2025-06,3.622850243412376,3.9422498014413625
C0013,2025-06,3.099190171226573,3.1279815069813792
C0014,2025-06,3.0011396832050616,3.8549707193228318
C0015,2025-06,3.5535451795110475,3.59514322586286
C0016,2025-06,3.6575283691643374,3.3572054897373205
C0017,2025-06,4.198457490043396,
C0018,2025-06,3.0472809861840813,
C0019,2025-06,2.6089617803912786,3.0687832820823515
C0020,2025-06,2.765500523273279,2.3494231736325975
C0021,2025-06,2.8577601538889335,2.600025385050067
C0022,2025-06,2.974362139159197,2.8237547379406394
C0023,2025-06,3.2136270158645788,3.21246310669982
C0024,2025-06,3.3903365168192154,3.6154429539893456
C0025,2025-06,3.9106117317544324,3.0591198446430012
C0026,2025-06,2.878299929213087,3.3079582206629237
C0027,2025-06,3.3873367315015663,3.1374833486569216
C0028,2025-06,3.3373415157035438,3.412904690364781
C0029,2025-06,3.563869159118499,3.3276580879758826
C0030,2025-06,3.2885152115101333,2.976967336979701
C0031,2025-06,2.8922417445769804,4.237467328978063
C0032,2025-06,3.337478310620659,3.2467557812514207
C0033,2025-06,2.4317924077628215,3.9434481841132487
C0034,2025-06,2.409922421201306,3.5381387272897546
C0035,2025-06,3.430569155916838,3.979494764391672
C0036,2025-06,3.1076280601603203,3.6918998245875323
C0037,2025-06,3.077781995065309,3.670028071956484
C0038,2025-06,2.9993918845500347,2.323183838762491
C0039,2025-06,2.8621459669849867,3.1076236587821593
C0040,2025-06,3.340247111798451,2.9347684058468606
C0041,2025-06,2.858716357269355,3.710846662167439
C0042,2025-06,3.486134614657959,4.06982114677559
C0043,2025-06,3.7816230258813235,3.38053065781967
C0044,2025-06,4.338491944094018,3.367402413169949
C0045,2025-06,2.3342982966824573,2.636586016247486
C0046,2025-06,3.382726278834747,3.772586495490137
C0047,2025-06,2.700718336328257,3.566582769268993
C0048,2025-06,3.593811619769669,3.470513021940281
C0049,2025-06,2.7706710437645574,2.989915014700616
C0050,2025-06,3.334120630830001,3.107239195666086
C0051,2025-06,1.9017826567412721,3.2193807505843934
C0052,2025-06,2.816929367360194,3.7007455182410487
C0053,2025-06,3.641161770121478,2.523928602696638
C0054,2025-06,3.565397205554729,2.88443754421906
C0055,2025-06,3.015879933416813,2.9789276172706503
C0056,2025-06,3.7055370787496154,3.609138732559587
C0057,2025-06,3.113935553938055,3.0170492599058005
C0058,2025-06,2.7204188269450507,3.7562343047374114
C0059,2025-06,2.7367360170896955,3.53227702897264
C0060,2025-06,3.9221676327441193,2.7767424152390605
C0061,2025-06,3.72573404672724,3.137026236358903
C0062,2025-06,2.838472709905966,2.8973659418031925
C0063,2025-06,3.1685283653001086,4.5309911904106155
C0064,2025-06,3.644424651160756,4.007338444262218
C0065,2025-06,3.2361577995522257,3.1544222662634027
C0066,2025-06,3.9865054781886227,3.3979016691877213
C0067,2025-06,3.342307321575122,3.926598346629791
C0068,2025-06,3.937997639396549,2.93888427909644
C0069,2025-06,3.4376323692439663,4.019883822614593
C0070,2025-06,3.218470993698489,3.720124589815
C0071,2025-06,,3.806541552474651
C0072,2025-06,3.8781600359108475,3.491829626500553
C0073,2025-06,2.975992471776063,3.263003339890877
C0074,2025-06,3.1938575762332655,3.058702698976098
C0075,2025-06,3.3760080155212506,3.5632871078957837
C0076,2025-06,2.912721016042208,3.837328296396466
C0077,2025-06,3.89205323375291,2.953801548143108
C0078,2025-06,3.201220772401767,3.051164225745446
C0079,2025-06,2.3239334128872513,3.939877286241024
C0080,2025-06,2.402404205486342,3.2136412039695217
C0081,2025-06,4.305632211533863,3.158313556275092
C0082,2025-06,3.0683562257862236,
C0083,2025-06,3.4777191239215397,3.362404709790526
C0084,2025-06,3.418188566581344,2.798886762123597
C0085,2025-06,,3.1504494718899796
C0086,2025-06,3.1580657530097587,3.1575573605157796
C0087,2025-06,3.292600012375173,2.820937233727328
C0088,2025-06,3.446222841451542,4.026525773571521
C0089,2025-06,2.8643836230628574,3.743037005739855
C0090,2025-06,3.153568461783263,
C0091,2025-06,3.0427031521454406,3.2641748880714303
C0092,2025-06,,3.1205025581872
C0093,2025-06,2.6915511700169286,4.065235968976767
C0094,2025-06,3.7403203847586495,2.9092282816997814
C0095,2025-06,3.001431971239029,3.4308002207265207
C0096,2025-06,2.631893726836168,3.1448840144424404
C0097,2025-06,3.7425130899942447,3.7474210904765815
C0098,2025-06,2.4701632806592535,3.282373632272326
C0099,2025-06,2.7617831873722793,4.182810647412832
C0100,2025-06,2.79211136896394,2.661521808775072
C0101,2025-06,3.4261872196472223,3.9323761559580674
C0102,2025-06,3.3820463398127845,3.1636559079474935
C0103,2025-06,2.642326459593744,3.5381362734062183
C0104,2025-06,2.8783593321161844,3.9071841629621167
C0105,2025-06,3.1796822439547783,
C0106,2025-06,2.532373918001687,3.2932284219476964
C0107,2025-06,3.1253837417610906,3.263844943024078
C0108,2025-06,2.103151009951643,2.2930690195715795
C0109,2025-06,2.5732504225752533,3.2032306820595355
C0110,2025-06,2.3501538740271246,3.5725396654193764
C0111,2025-06,2.7297145075309603,
C0112,2025-06,3.895200841963316,3.4264374069864014
C0113,2025-06,3.3539710134984957,3.7720248000351058
C0114,2025-06,,2.56700511409115
C0115,2025-06,2.603648753190767,2.8092664990370104
C0116,2025-06,3.4474705291656553,3.473633558525638
C0117,2025-06,2.5816409168155694,2.8611939835504026
C0118,2025-06,2.692063499085833,3.2751585497636886
C0119,2025-06,3.438054124286785,3.0234208290929394
C0120,2025-06,2.9046425319925606,3.4405546311243067
C0121,2025-06,2.677077222131159,3.313392923174438
C0122,2025-06,2.445465748520107,3.444664355030895
C0123,2025-06,3.5425577346762616,3.351243981163643
C0124,2025-06,3.226884487744299,3.9763312657439056
C0125,2025-06,,
C0126,2025-06,3.503306135839545,4.283569041776843
C0127,2025-06,3.9953093930130392,4.24155262636332
C0128,2025-06,,3.0346035842686043
C0129,2025-06,,3.002885956021168
C0130,2025-06,3.4157681682277308,3.383134548247427
C0131,2025-06,3.55246397906622,3.0750333171595434
C0132,2025-06,2.8620339545939677,3.6908523032563405
C0133,2025-06,,3.457083336748434
C0134,2025-06,,3.3677613358303273
C0135,2025-06,3.224338787228497,3.5632092973899097
C0136,2025-06,3.0333135757167065,3.0702863410996626
C0137,2025-06,2.390076488366252,2.997538802056578
C0138,2025-06,2.8888427935148218,2.9864496563516973
C0139,2025-06,2.2301511098643267,3.333056832435668
C0140,2025-06,3.3223367296739617,2.2921387751477105
C0141,2025-06,2.7088210223932156,3.19954381929499
C0142,2025-06,4.275422244640432,3.6433869295977765
C0143,2025-06,2.6169270474255355,2.9080388782206597
C0144,2025-06,3.715965680332039,4.2713620823464575
C0145,2025-06,3.6710483004480863,2.649994313298245
C0146,2025-06,3.6900371769776124,2.6544988172494275
C0147,2025-06,3.772122552626171,3.357296717300586
C0148,2025-06,2.9796852999615244,2.959314447955207
C0149,2025-06,2.0422960264505474,3.4956547266246356
C0150,2025-06,3.3976890679678227,3.5009362866715543
C0151,2025-06,3.1282472144886566,4.369566607440403
C0152,2025-06,3.265627543926692,3.5226570385835814
C0153,2025-06,2.9628801467417496,2.963333029329131
C0154,2025-06,2.8988397414577505,2.4493855315638537
C0155,2025-06,3.166503458518335,3.6880440460906714
C0156,2025-06,,4.13570834263507
C0157,2025-06,3.7931702761247816,3.470840599948335
C0158,2025-06,2.697083013707574,2.755179068674669
C0159,2025-06,2.2987828706980435,3.2110296263904115
C0160,2025-06,3.5672107141172873,2.479107063683732
C0161,2025-06,2.8500402397514915,3.5275662646776613
C0162,2025-06,3.0458379541831877,3.7451960207174744
C0163,2025-06,3.757387718022912,3.574110044187023
C0164,2025-06,2.748018837975324,
C0165,2025-06,2.8579430105558656,3.113306103106614
C0166,2025-06,2.2327186071325857,4.2426427567347
C0167,2025-06,1.910033747436115,
C0168,2025-06,3.402790990536025,3.4804114119220078
C0169,2025-06,3.803530765345312,3.0063993197252765
C0170,2025-06,2.5146953740522733,2.5634432329562626
C0171,2025-06,3.0274953365785384,3.7237376513527094
C0172,2025-06,2.051071100923104,2.763569461741016
C0173,2025-06,2.569402784405553,2.751424793369732
C0174,2025-06,3.5859333618517466,3.71026453043866
C0175,2025-06,3.9975617701362918,3.5422405210493944
C0176,2025-06,2.5453461067466003,2.477661356188533
C0177,2025-06,2.6830415463672344,3.014678971795732
C0178,2025-06,2.9533196399161823,3.309791721046883
C0179,2025-06,2.526981096577895,3.3862755221196563
C0180,2025-06,2.682849069525457,2.8224915966902113
C0181,2025-06,3.3020066976219486,3.7951299104223857
C0182,2025-06,2.934990717451179,2.9132797885297577
C0183,2025-06,2.7613013883160082,3.5098797930511845
C0184,2025-06,2.4185738188159,3.2306272743284863
C0185,2025-06,3.7556933544676756,2.970343708267283
C0186,2025-06,2.6488172485327945,3.324404837670928
C0187,2025-06,2.392214650601551,3.322381634266978
C0188,2025-06,3.858892208881416,4.695571920847804
C0189,2025-06,4.008121026329006,3.6054985565544047
C0190,2025-06,2.2908188461928147,2.8406530819214
C0191,2025-06,3.236836144207097,2.9646881008156902
C0192,2025-06,2.797725182173391,3.2650623243098256
C0193,2025-06,3.717795271004799,4.0770376960193335
C0194,2025-06,3.325234269484601,3.8404726370365436
C0195,2025-06,3.258331528894446,3.1648546829328397
C0196,2025-06,3.021642527017459,2.5887132569428832
C0197,2025-06,3.4563451672980405,3.5315324025252153
C0198,2025-06,2.8212258087300963,3.1545681971491195
C0199,2025-06,2.486940225028863,3.482820520459016
C0200,2025-06,3.5407346687213312,3.4325032095509256
C0201,2025-06,2.828216702450786,2.859908980964473
C0202,2025-06,3.586577391718045,3.502292366136284
C0203,2025-06,3.109288879599525,3.3481676889310834
C0204,2025-06,3.2263318319108047,2.377852915476107
C0205,2025-06,3.734539906099676,3.6398889946992448
C0206,2025-06,3.7450107406199376,3.4910446996158333
C0207,2025-06,2.1662785402198845,2.7277775977093013
C0208,2025-06,3.536670680147586,3.5897912558254865
C0209,2025-06,2.7305314445459246,2.9749405134713465
C0210,2025-06,4.217656185617875,3.659483282132407
C0211,2025-06,2.6137584657612507,3.275914975954043
C0212,2025-06,3.982902639116781,3.761118800555962
C0213,2025-06,2.9647866599817294,3.123443071659898
C0214,2025-06,2.897546497312077,2.9615575987873184
C0215,2025-06,3.062486441602929,3.324459274239479
C0216,2025-06,2.846271069815261,3.5736377911122625
C0217,2025-06,3.262531505401478,3.4122223599828345
C0218,2025-06,2.702880669765223,4.134933880100433
C0219,2025-06,3.3218690787785277,3.4985306142645065
C0220,2025-06,4.154306389745877,4.201303805135579
C0221,2025-06,3.025375642466577,3.2996941886729014
C0222,2025-06,3.1474338212675788,2.966937197807687
C0223,2025-06,3.934367487576638,3.6267190195866785
C0224,2025-06,2.7918637373824153,2.2401231902983567
C0225,2025-06,3.5927339072905085,2.438484093783697
C0226,2025-06,3.33503475069259,3.780258166443438
C0227,2025-06,3.096536130233449,3.311919204277966
C0228,2025-06,3.389122062759929,3.072414697140826
C0229,2025-06,2.2047617177252006,3.245785731169022
C0230,2025-06,3.519059324700288,
C0231,2025-06,2.684470378708651,3.129221183923227
C0232,2025-06,3.517630200630365,2.9853480181634056
C0233,2025-06,2.99372050355137,2.4386873751379663
C0234,2025-06,3.4929858205833475,3.11170687434741
C0235,2025-06,2.7416806757584347,3.3327301892860994
C0236,2025-06,4.628833563294058,3.13923609681581
C0237,2025-06,2.7292262699898915,2.948615638985701
C0238,2025-06,3.7447757550640333,3.343473786593617
C0239,2025-06,4.371518371308987,3.18523566966706
C0240,2025-06,2.6903087743203034,3.0439253466079323
C0241,2025-06,2.8088235567510784,3.0573793307070343
C0242,2025-06,3.2886605964101547,3.4910856365407237
C0243,2025-06,2.655525981548845,3.3576056064061484
C0244,2025-06,3.1090491863384426,3.291702875181683
C0245,2025-06,3.2995499213016015,3.3840297022123758
C0246,2025-06,2.6799492482107716,2.921888394316632
C0247,2025-06,3.3303793383809057,3.4159714184066567
C0248,2025-06,2.649094992168959,3.6526921995104864
C0249,2025-06,3.6885468075323695,3.049998434967171
C0250,2025-06,3.5087362110065126,3.564364573281175
C0251,2025-06,3.9983248489074366,4.097461069626531
C0252,2025-06,3.6393003095245566,2.6020101605040615
C0253,2025-06,3.2847070640986678,2.8852594503439217
C0254,2025-06,3.343398767029532,3.471297545214412
C0255,2025-06,3.648050217950473,2.968088227057866
C0256,2025-06,2.446049936090895,3.386997071831891
C0257,2025-06,2.060779814586082,2.1841178566229966
C0258,2025-06,1.9463881287928915,2.7681582862354177
C0259,2025-06,2.8828575132742276,
C0260,2025-06,3.132429947633618,3.5156750711716045
C0261,2025-06,2.3618896537142486,2.9314735952632605
C0262,2025-06,2.613466440265878,3.5234029148923667
C0263,2025-06,3.171355693049274,3.254228938550583
C0264,2025-06,2.036072631103807,3.2401060567083744
C0265,2025-06,3.25150205322764,3.5055723650768935
C0266,2025-06,3.399105786430293,3.9780903315807583
C0267,2025-06,2.7655481802359207,3.3917821755256856
C0268,2025-06,3.1024045102200706,3.0659679986163946
C0269,2025-06,3.852824571369669,3.3897441529675625
C0270,2025-06,2.784154538833335,3.398067539297421
C0271,2025-06,3.412916319940127,3.512836490718436
C0272,2025-06,2.5554507394984274,2.9702411135513898
C0273,2025-06,2.672005485284428,3.3194294798765283
C0274,2025-06,2.401778739068738,2.711950716045637
C0275,2025-06,3.407539172554929,2.6245519466524314
C0276,2025-06,2.7875518160640578,3.126604423767067
C0277,2025-06,2.840941030557821,3.6271554969827102
C0278,2025-06,3.897344953302831,3.269014282094366
C0279,2025-06,3.250333836673655,3.024106935978692
C0280,2025-06,3.19948485778303,3.988996789446155
C0281,2025-06,3.1362006266878497,3.9552107851766802
C0282,2025-06,3.175844011306907,3.2332467706030097
C0283,2025-06,3.3880927863673893,3.4824775801363375
C0284,2025-06,3.3994455385249163,3.281085465111431
C0285,2025-06,4.231814264297677,3.7111219882803548
C0286,2025-06,3.4913474515005327,2.969535414053718
C0287,2025-06,3.0284611401329906,3.7565432408275696
C0288,2025-06,2.523168490274388,3.3338566738067286
C0289,2025-06,3.6185977970158634,4.059220757922176
C0290,2025-06,2.8653798957315058,2.974512016737244
C0291,2025-06,2.8963685480969033,3.6311124313384195
C0292,2025-06,3.5643877798206214,3.483837944434786
C0293,2025-06,2.841421941402772,2.971119966499898
C0294,2025-06,3.1767004615974135,3.9134401780217245
C0295,2025-06,3.2302272452290723,2.807164071946651
C0296,2025-06,2.848115510320148,
C0297,2025-06,3.453451374615269,3.951744136643748
C0298,2025-06,3.1905275032745974,3.5220171950274186
C0299,2025-06,2.6798412443099013,3.1652303820330236
C0300,2025-06,2.557421484618035,3.491881491789042
C0301,2025-06,4.023616122578118,3.621533912437118
C0302,2025-06,4.041266118430395,3.4059276091945803
C0303,2025-06,2.1464765701092143,3.6618760733889477
C0304,2025-06,2.602904150837672,3.7362691413137217
C0305,2025-06,3.1436431068685486,3.796134368278689
C0306,2025-06,2.8885482574254326,2.7134810870762136
C0307,2025-06,3.3998957161038534,3.677174825028651
C0308,2025-06,3.734477447356394,3.8785820643807325
C0309,2025-06,2.7928935632626306,3.234028479975688
C0310,2025-06,3.635141274713919,3.8763870411937953
C0311,2025-06,3.020702443164396,3.8314126001532385
C0312,2025-06,3.6337462965889697,3.126490895403699
C0313,2025-06,3.6830809942582468,3.3860816521686923
C0314,2025-06,2.319234349242324,3.5049762106656646
C0315,2025-06,2.5335555840415367,3.2741403359149817
C0316,2025-06,3.8009007660264706,3.0850700543194165
C0317,2025-06,3.144855352362022,3.750336224477363
C0318,2025-06,3.0353833240509704,3.807705354959344
C0319,2025-06,,2.9781592732825226
C0320,2025-06,2.273063179182726,3.003385274104228
C0321,2025-06,3.136238856289041,3.879872542161281
C0322,2025-06,3.3047469921984725,2.828113126476696
C0323,2025-06,3.538665141153027,2.5748131345502783
C0324,2025-06,3.1856755343607452,3.7497812452181423
C0325,2025-06,3.1547295336315315,3.528773657858474
C0326,2025-06,3.7781916140442227,3.206781858394129
C0327,2025-06,2.8664329322649076,2.8875181266535606
C0328,2025-06,2.7987192977128874,3.950685168190059
C0329,2025-06,3.185096203368378,2.957692198722405
C0330,2025-06,2.9661466296589563,3.732928941134097
C0331,2025-06,4.254742388930583,3.250012836433003
C0332,2025-06,2.733046341897718,3.0377720819823715
C0333,2025-06,3.2855678528034793,2.6667684507895677
C0334,2025-06,3.5038840650760843,3.2101076309021033
C0335,2025-06,3.1436194664457275,2.6710721892099896
C0336,2025-06,,3.3071493465795934
C0337,2025-06,2.103471173992867,3.596478103525116
C0338,2025-06,2.9998863631914854,3.181520425464366
C0339,2025-06,2.3697273670357246,3.460409023861421
C0340,2025-06,3.2596998447566867,3.19327789464822
C0341,2025-06,3.010418168682128,
C0342,2025-06,3.4868102993057324,2.7377362168818595
C0343,2025-06,2.869538509951593,2.959221669008393
C0344,2025-06,3.24586837589946,3.4191940908840968
C0345,2025-06,2.5916691046989473,3.1641667027288825
C0346,2025-06,3.504521689834195,4.205191855610292
C0347,2025-06,1.8076390007905363,3.2044367342661983
C0348,2025-06,3.576710069683605,3.171667238954965
C0349,2025-06,2.9667830826799935,2.7890543154745737
C0350,2025-06,3.1271571094069235,2.381113461844356
C0351,2025-06,3.3899506913679343,3.730057035516129
C0352,2025-06,3.0679671663928167,3.0561810432665144
C0353,2025-06,2.8584253159416564,3.4665049427168886
C0354,2025-06,3.8317264215533138,3.085013343588247
C0355,2025-06,2.6768714881998,2.882935231894313
C0356,2025-06,2.788831327764749,3.31424340122669
C0357,2025-06,3.1788334247038166,3.003502810796112
C0358,2025-06,2.8754731706952614,3.3253816441182926
C0359,2025-06,2.0960001182014785,2.74404775261602
C0360,2025-06,3.7434808775871296,3.662191006682177
C0361,2025-06,1.7038943385329004,2.2953136396839917
C0362,2025-06,2.1667571074517546,3.3703115094352976
C0363,2025-06,2.4643412031325633,2.694134595491673
C0364,2025-06,3.1837335302921907,3.596597537207031
C0365,2025-06,2.7617716555797,2.756875937736253
C0366,2025-06,3.2805669334933185,3.2933708016988077
C0367,2025-06,2.7204338568675004,3.3628632345188163
C0368,2025-06,4.366693727402163,4.007557291412342
C0369,2025-06,2.350435488501123,3.5913072798200556
C0370,2025-06,3.456754983862338,3.3504250413368872
C0371,2025-06,3.3410619378738144,3.8623859946424584
C0372,2025-06,3.2417590683595603,3.323324794671926
C0373,2025-06,3.3144157164855494,
C0374,2025-06,2.503106622649035,3.52890220225198
C0375,2025-06,3.3776038058878792,
C0376,2025-06,2.400563321442097,3.366213144874238
C0377,2025-06,3.502583756926876,3.683903758544021
C0378,2025-06,2.5256445200076563,3.693006523521424
C0379,2025-06,3.158809940762392,2.710747957772271
C0380,2025-06,2.94259643489236,2.577913322564453
C0381,2025-06,2.859125970701048,
C0382,2025-06,2.9706491496487475,3.0697034221804835
C0383,2025-06,2.5087471882028365,2.681021587886174
C0384,2025-06,3.0632559212465162,3.4487553185103943
C0385,2025-06,2.7510649797522166,3.8982103627760107
C0386,2025-06,2.8431542891886052,2.905797684695253
C0387,2025-06,3.2471978960240517,3.723006904117573
C0388,2025-06,2.937035173361788,3.356070291765091
C0389,2025-06,3.7277989377832035,3.2526920082315787
C0390,2025-06,3.332121791595963,2.7273056601554595
C0391,2025-06,3.685571691584815,4.044736322694968
C0392,2025-06,2.739414364379654,3.3007292726494954
C0393,2025-06,3.245248916572578,4.0424599857744905
C0394,2025-06,3.58249636198935,3.8341935171499335
C0395,2025-06,4.018118938228246,4.132652177290185
C0396,2025-06,2.1010436393118463,3.9563105717636087
C0397,2025-06,2.92326453793786,3.3688641704218165
C0398,2025-06,3.4553274554922875,3.227855620300142
C0399,2025-06,2.5551166881188863,3.1919500114673443
C0400,2025-06,2.996074374199016,3.226479715771877
C0401,2025-06,3.649336057121424,3.2755381316349528
C0402,2025-06,2.8427970165349823,3.211673121820426
C0403,2025-06,3.6498911652572286,3.6466364986130615
C0404,2025-06,3.315350874451506,3.593146324181334
C0405,2025-06,3.5019300280399164,2.779190507610406
C0406,2025-06,3.529640318840851,3.0174723371950605
C0407,2025-06,2.90609940387485,3.0436309416730127
C0408,2025-06,3.50984188357252,3.768462471365285
C0409,2025-06,4.231261869480521,3.440214176077559
C0410,2025-06,2.681886518702685,2.733247669667483
C0411,2025-06,,3.048444839842847
C0412,2025-06,3.309281775405511,3.3090094260319987
C0413,2025-06,3.4351429781381073,2.7745194499531394
C0414,2025-06,3.0351476330742835,3.361500221175044
C0415,2025-06,3.3740569259087656,2.829728813128481
C0416,2025-06,3.2154378480859154,3.2820232500309894
C0417,2025-06,,3.2960982964379673
C0418,2025-06,3.5041466592434527,3.5912368675981323
C0419,2025-06,3.7122250594907067,3.267942907705578
C0420,2025-06,2.9993325288567463,3.7176633607877494
C0421,2025-06,3.181869643875103,3.6054499927210157
C0422,2025-06,2.85251292528102,3.596515865743597
C0423,2025-06,3.0056757801991676,3.2930155257439213
C0424,2025-06,2.2839467478721014,3.7188814133613413
C0425,2025-06,3.724631973779819,3.742005838900549
C0426,2025-06,3.5141952585264087,3.373852902415964
C0427,2025-06,2.9359326610313095,2.80506027769635
C0428,2025-06,3.2734952303931357,3.1771352626916958
C0429,2025-06,1.874737299485689,3.5202676452743917
C0430,2025-06,2.956176829681411,4.109399388048705
C0431,2025-06,2.304109692773111,3.487995407302456
C0432,2025-06,3.666477592489094,3.193000022722908
C0433,2025-06,3.418006877615757,2.907494985338924
C0434,2025-06,2.381387986606147,2.3914899593816736
C0435,2025-06,3.3841942897874873,
C0436,2025-06,3.079433435900586,3.209155139513408
C0437,2025-06,2.698511068619246,3.9662679878926737
C0438,2025-06,4.090312231476515,3.3297979653997243
C0439,2025-06,2.516320082378819,3.78899414263286
C0440,2025-06,3.7512240479851773,3.620059907790135
C0441,2025-06,2.6384795677321145,3.1622930857807083
C0442,2025-06,2.201893987345913,3.18809665424815
C0443,2025-06,2.986442672195411,2.817643033210877
C0444,2025-06,3.4967806376272454,3.294002861469206
C0445,2025-06,2.9170865325140114,4.074678051360168
C0446,2025-06,3.389092867153653,3.0157112816590264
C0447,2025-06,3.4721970486354197,
C0448,2025-06,3.145721504553112,3.0743350801243015
C0449,2025-06,4.092447747589807,3.0183692620848275
C0450,2025-06,3.0003720166621024,3.1251685153647024
C0451,2025-06,3.275566469280018,3.139386562177809
C0452,2025-06,2.839418520428226,3.6504803844893545
C0453,2025-06,2.8272990983681097,3.4163744575703774
C0454,2025-06,3.333728727200204,3.436902270456973
C0455,2025-06,3.2610223842651322,3.6127701774705505
C0456,2025-06,3.668075598444206,4.2242707450208705
C0457,2025-06,2.96802158243928,3.2835549082783118
C0458,2025-06,2.410206783775027,3.059739181151849
C0459,2025-06,2.7184851232988105,3.4106992306451653
C0460,2025-06,,2.512656124654434
C0461,2025-06,2.5079107155483125,3.1410370522821176
C0462,2025-06,2.057624082517179,2.9229379586447064
C0463,2025-06,3.63480349139748,4.090023664899816
C0464,2025-06,3.12901799107643,3.4426942352600887
C0465,2025-06,3.8403580784586357,3.1663025311899196
C0466,2025-06,3.494813803627467,2.8093889900121014
C0467,2025-06,1.882962265306863,3.0752195152701667
C0468,2025-06,2.9589943597213937,2.8751727319584703
C0469,2025-06,3.6977218765012227,3.2275688572505894
C0470,2025-06,3.229056823955014,2.546881249533393
C0471,2025-06,2.6473709966392365,4.25472548537257
C0472,2025-06,2.990535497897763,3.265699818799864
C0473,2025-06,2.644355226620272,3.492496593205944
C0474,2025-06,3.321504028919964,2.9988842547301036
C0475,2025-06,3.1113578078148336,2.622085010367276
C0476,2025-06,4.227993217060831,2.943777056205106
C0477,2025-06,2.7997569889708798,2.8597973895445006
C0478,2025-06,2.911259603927165,3.0851388732684835
C0479,2025-06,1.9982664316253735,3.4616814784042798
C0480,2025-06,3.748508440932462,3.5617033622375107
C0481,2025-06,2.8177132913072205,3.2009656627156513
C0482,2025-06,2.1756874468796736,2.6972183799942204
C0483,2025-06,2.4751814332096242,2.610202485700828
C0484,2025-06,,2.634328021479715
C0485,2025-06,3.5286577231470098,2.1631463594512756
C0486,2025-06,3.330802905131301,2.987050691441208
C0487,2025-06,3.284510641303793,2.36671712789718
C0488,2025-06,2.77380765392511,2.3576828924038553
C0489,2025-06,4.3326156328589525,3.749805790463845
C0490,2025-06,2.329030494046081,3.3702931671582412
C0491,2025-06,3.1343135338582586,4.0534734327750925
C0492,2025-06,2.025207829721513,3.116274113664495
C0493,2025-06,3.230563565617221,3.9813817866471455
C0494,2025-06,3.4103756511443066,3.78707949080939
C0495,2025-06,,2.542692761609994
C0496,2025-06,3.1600214965962325,2.4849506353552258
C0497,2025-06,3.6399588858110214,3.5193612731685944
C0498,2025-06,2.4720152376391455,2.931912783406051
C0499,2025-06,2.5792451146460853,2.880479440278879
C0500,2025-06,3.901032027817737,3.190277422121439
C0501,2025-06,4.048893431374547,3.1607526634292498
C0502,2025-06,3.6754078085333077,3.4406110928452924
C0503,2025-06,3.2900052816151946,3.5691148959730907
C0504,2025-06,2.7184220344772387,2.9757597337176938
C0505,2025-06,3.74475978855088,3.126778591500408
C0506,2025-06,3.198902100728143,3.5950889057685793
C0507,2025-06,3.759081835266049,3.4091193470844536
C0508,2025-06,2.695608075535616,3.0631748779565937
C0509,2025-06,3.4045900348090865,3.490203187050391
C0510,2025-06,,3.3631889058159636
C0511,2025-06,3.7124554612286422,3.500089986288523
C0512,2025-06,3.383673172925472,2.5378858689404797
C0513,2025-06,3.0121253369818852,3.9145126383623636
C0514,2025-06,2.5186602573987007,3.123913303285502
C0515,2025-06,2.7969273013829157,
C0516,2025-06,3.424836338656183,3.804010052943997
C0517,2025-06,3.523015607441812,3.3053626844052086
C0518,2025-06,3.696688495693566,3.057803516563535
C0519,2025-06,3.2829109582617777,
C0520,2025-06,2.8755928843711818,2.869800722826447
C0521,2025-06,2.638683001062372,3.1181217968137105
C0522,2025-06,3.9028037996929505,2.860084471943937
C0523,2025-06,2.5752153269695692,2.4689786382497383
C0524,2025-06,4.079254730361107,3.5426826635243325
C0525,2025-06,2.8864876558945567,3.250219983880463
C0526,2025-06,2.203662554925637,3.2183214101710678
C0527,2025-06,3.6568002971348896,4.239480143084603
C0528,2025-06,3.1528057482675678,3.6892936407390415
C0529,2025-06,2.755596883474146,3.346053516525243
C0530,2025-06,2.8087479497405883,3.137476974540264
C0531,2025-06,2.6348030868750327,2.801105954659198
C0532,2025-06,2.454601295577724,2.5192911676608736
C0533,2025-06,3.521787472085009,3.056009868911551
C0534,2025-06,3.518268285379147,
C0535,2025-06,3.240594149142372,3.0720815990786434
C0536,2025-06,3.2763976840507025,3.8340688471655
C0537,2025-06,2.5041117889964273,2.9815976152633437
C0538,2025-06,3.235010713841468,3.672826841577275
C0539,2025-06,3.3351631931271823,3.341030491930801
C0540,2025-06,2.452161577833571,3.0275668305135426
C0541,2025-06,3.249176408694372,4.1297223009201565
C0542,2025-06,2.4272218614542798,3.3488787007757335
C0543,2025-06,3.421280544764681,3.602412381206565
C0544,2025-06,2.599938990630997,2.9694628523882898
C0545,2025-06,2.4334491289143187,3.0432047134639473
C0546,2025-06,2.8543829670478185,3.5264404613816787
C0547,2025-06,2.983437236765999,3.3417254969922485
C0548,2025-06,2.7483053544109937,2.6458285894684415
C0549,2025-06,3.144579837359799,3.885104154394497
C0550,2025-06,2.8239707351615935,3.231910907656007
C0551,2025-06,3.852874996200204,3.9438763627548843
C0552,2025-06,3.754238108476076,2.9574348907453847
C0553,2025-06,3.1680687840728887,3.21368181285598
C0554,2025-06,3.439025998856771,3.70937708270902
C0555,2025-06,2.700887760984103,2.919383863549347
C0556,2025-06,3.708979273371874,3.632329072150617
C0557,2025-06,3.264104698520908,3.2750466686532347
C0558,2025-06,3.1939841580239765,3.1823921409214853
C0559,2025-06,3.286875448655324,3.058300432137877
C0560,2025-06,3.2837828766644,3.6819456906049632
C0561,2025-06,2.9103199211942075,3.422160808437891
C0562,2025-06,2.9394899523453057,2.9517989513431124
C0563,2025-06,3.558148669261945,2.934418680830009
C0564,2025-06,2.81810346160983,3.99568406785084
C0565,2025-06,4.484777766468648,3.5062372668231356
C0566,2025-06,3.365015383091389,3.465151815438309
C0567,2025-06,3.0828650285516157,2.7761151248849076
C0568,2025-06,2.8784213537328673,3.529415381200978
C0569,2025-06,3.039157280930803,3.4831445095188496
C0570,2025-06,3.3923268534292945,3.327163775340544
C0571,2025-06,3.0492561623905186,2.8571597171668195
C0572,2025-06,3.2008366683806884,3.3585795504435954
C0573,2025-06,3.1363591551920673,3.5183222039209037
C0574,2025-06,2.973168942972168,4.041937674239683
C0575,2025-06,2.6115471739220686,3.197162454163002
C0576,2025-06,3.5030112663386515,2.9006754898070057
C0577,2025-06,2.3025243743653,3.3477129676766046
C0578,2025-06,2.4402497165746504,
C0579,2025-06,3.0912081673763385,3.4345554849600566
C0580,2025-06,2.9482998963814664,3.4076442893415764
C0581,2025-06,2.93524527858381,3.446220412801535
C0582,2025-06,2.7686149490592644,2.956952661350354
C0583,2025-06,3.4391278612159057,3.0096560630864726
C0584,2025-06,3.0033012165529973,2.578506175774846
C0585,2025-06,3.6935284370390224,4.060398638307608
C0586,2025-06,2.7164416987675657,3.701421699812644
C0587,2025-06,3.7407442483062368,3.7344778142393418
C0588,2025-06,3.09121388042383,3.153796249858957
C0589,2025-06,,4.16872692820326
C0590,2025-06,4.64654339121688,3.621408295811723
C0591,2025-06,3.307160425270564,3.231735350424124
C0592,2025-06,3.231829425220045,3.5512020417768175
C0593,2025-06,3.493229757426774,3.8358076932424856
C0594,2025-06,3.304722518712851,3.550582030689553
C0595,2025-06,2.96473708854692,3.3454853388859864
C0596,2025-06,2.858260015310224,3.8260597675896224
C0597,2025-06,3.6804358165136333,2.5588147669483945
C0598,2025-06,3.4784177086109973,2.4723433717203105
C0599,2025-06,2.241640457626208,2.764107494493383
C0600,2025-06,2.857757430977028,2.9228733231133566
C0601,2025-06,2.3259116611297372,2.6036832210545393
C0602,2025-06,2.558591021766144,3.403809347500061
C0603,2025-06,2.6736525032189706,3.1360163951105644
C0604,2025-06,2.7214907699065334,2.681377142790324
C0605,2025-06,3.0659518938822887,2.355987894249133
C0606,2025-06,3.6492681308172665,2.959913528393675
C0607,2025-06,3.4395159277426415,3.2818714503457693
C0608,2025-06,3.1139471808895127,2.970194187354315
C0609,2025-06,,3.3413900533221237
C0610,2025-06,3.364657786801197,3.121493763336956
C0611,2025-06,2.8157895166098736,3.5608799091369554
C0612,2025-06,2.818703658865838,3.611951996054066
C0613,2025-06,3.163701697016126,3.4236262173229086
C0614,2025-06,2.9734715840093693,2.95489029500788
C0615,2025-06,,3.7749720786310195
C0616,2025-06,1.7254591577360463,2.792230420400773
C0617,2025-06,3.568920360840891,2.9806968715043904
C0618,2025-06,3.135096406656157,3.307376315248066
C0619,2025-06,2.697697753137223,3.0905327388324997
C0620,2025-06,3.371438977325787,
C0621,2025-06,3.5556831597305845,3.789123318061237
C0622,2025-06,2.8759131203455572,3.391989905828963
C0623,2025-06,,3.1092947053703877
C0624,2025-06,2.408683501521802,3.293711375179816
C0625,2025-06,3.283155196030266,3.1494251086267666
C0626,2025-06,2.9950815827595787,3.117817431416306
C0627,2025-06,3.040739638972089,3.0567127505705174
C0628,2025-06,2.32766244787334,2.7625404304318866
C0629,2025-06,2.01766330533,3.491068413390451
C0630,2025-06,3.5279769923522046,4.429657700900429
C0631,2025-06,2.8561153516388127,3.797060015626413
C0632,2025-06,2.752714446152977,2.6992400373863417
C0633,2025-06,3.5626238162005293,3.0525755315157816
C0634,2025-06,3.565627892825253,
C0635,2025-06,2.9513758807310557,3.4418012283726247
C0636,2025-06,2.3421115441229503,4.335945991450218
C0637,2025-06,3.364990034276964,3.651331960988098
C0638,2025-06,2.19546416084745,3.740065065264332
C0639,2025-06,2.6359143008095605,2.962894852798261
C0640,2025-06,3.7231041548048736,3.880538224469677
C0641,2025-06,3.2396241443752376,3.634363410124745
C0642,2025-06,3.8831035651879375,3.798138633541251
C0643,2025-06,3.6638605849826416,3.651329161011989
C0644,2025-06,2.7047002886633846,3.3493003235400423
C0645,2025-06,2.6172371503874703,2.671840820016735
C0646,2025-06,4.445288111469427,2.8862977349884926
C0647,2025-06,3.329523114766884,3.3367683086892317
C0648,2025-06,3.738721624391867,3.2365503411589733
C0649,2025-06,2.6666894395314866,2.6995966673094425
C0650,2025-06,2.703187300580754,3.0342652805713803
C0651,2025-06,3.6002395075373603,4.335382193494926
C0652,2025-06,3.1832456110791,3.7063604505863657
C0653,2025-06,2.819471211338431,3.626473347509414
C0654,2025-06,2.6978811257842668,2.4304110391178706
C0655,2025-06,3.372227082494691,3.526792553870298
C0656,2025-06,3.1047032663108656,2.9733259915713095
C0657,2025-06,3.678371404332486,3.820904388091323
C0658,2025-06,2.446610710838563,3.108678009066107
C0659,2025-06,3.252990129618524,3.3113503874865806
C0660,2025-06,3.133577969253633,2.542337573966104
C0661,2025-06,4.162475764780774,3.7220302203432354
C0662,2025-06,2.642322271497829,2.7809308480571615
C0663,2025-06,,3.004620816826624
C0664,2025-06,2.484185763016223,
C0665,2025-06,3.4232583633317737,2.6626776798152516
C0666,2025-06,3.393376810097098,2.707891380277189
C0667,2025-06,3.78710357814951,2.873603799473406
C0668,2025-06,3.319429431440999,3.8900752279971416
C0669,2025-06,3.176258891416939,2.6133991421605636
C0670,2025-06,3.3548930429030794,3.225656622309426
C0671,2025-06,3.206068588607929,3.083821522307825
C0672,2025-06,3.153619564800691,3.567583940554852
C0673,2025-06,2.165262136500041,2.2067558762260324
C0674,2025-06,2.797020169361396,3.043121898439215
C0675,2025-06,3.7423949230845364,3.4407471357173893
C0676,2025-06,,3.883828411997669
C0677,2025-06,2.5344252934734985,3.909639483159887
C0678,2025-06,3.4637431715833045,4.6250472357027155
C0679,2025-06,,2.5978395963557004
C0680,2025-06,3.4665174669675443,3.705414744453179
C0681,2025-06,3.016026705439431,2.8539940126610155
C0682,2025-06,2.951437902387212,3.745840446049911
C0683,2025-06,3.1997946905515375,3.0842569384428105
C0684,2025-06,3.9191714018356145,3.8620670343606696
C0685,2025-06,3.256002997958301,3.4251496678957776
C0686,2025-06,2.949958076737067,3.1746013092045673
C0687,2025-06,3.437822416287062,3.1070372089582268
C0688,2025-06,2.0827199671954624,3.2682496317856398
C0689,2025-06,3.1864740010165704,3.2918665022895683
C0690,2025-06,3.412535278489022,3.3965668641471414
C0691,2025-06,3.157149342112606,3.355218549126196
C0692,2025-06,2.5694993431578697,2.8200139758884406
C0693,2025-06,3.095727187678783,3.3753728439295356
C0694,2025-06,3.346513395559914,3.805851928583013
C0695,2025-06,3.889578098267551,3.7579529608295097
C0696,2025-06,2.8759520592565915,3.795612931378338
C0697,2025-06,4.1319893826414775,3.6010170614861137
C0698,2025-06,3.0302049873944625,3.428067666271296
C0699,2025-06,,3.051390321028577
C0700,2025-06,2.8145799259558046,3.8061145400525134
C0701,2025-06,2.9328493444024097,3.7641217974193877
C0702,2025-06,2.603517743755846,2.8237473052833035
C0703,2025-06,3.256430669531014,2.800246371426437
C0704,2025-06,4.235748335965926,3.207081289062891
C0705,2025-06,2.159952146699284,2.748461147569005
C0706,2025-06,2.7306815480168076,3.591050454139969
C0707,2025-06,2.924216660888311,3.0783557098601344
C0708,2025-06,2.972760534301164,2.6765204073732107
C0709,2025-06,2.7502782074483836,3.082720016033261
C0710,2025-06,3.2750039631046537,2.431729045763074
C0711,2025-06,2.9712310866856906,3.983776839181855
C0712,2025-06,4.034192693483958,
C0713,2025-06,1.819179706876504,3.7219143313667082
C0714,2025-06,3.3762792562942954,3.1822220872845226
C0715,2025-06,3.807277033162717,3.4469288391555812
C0716,2025-06,2.8262763805013797,4.271905501253968
C0717,2025-06,2.7428796103692763,3.0194584290514555
C0718,2025-06,,3.309326955346777
C0719,2025-06,3.126870013970123,3.165006224062529
C0720,2025-06,2.9257198161586393,2.795885040084178
C0721,2025-06,2.5788651739666673,3.0171248718766677
C0722,2025-06,2.5817285021428518,2.5724608631753085
C0723,2025-06,3.1015410267759496,3.3246597177656363
C0724,2025-06,2.7902306783029114,3.739803056337908
C0725,2025-06,2.8115743788987944,3.6363187083052617
C0726,2025-06,2.61857801617178,3.89619629339364
C0727,2025-06,3.4654191410342534,4.30543138330616
C0728,2025-06,2.463222698544135,3.4597828079271356
C0729,2025-06,2.9094278765967925,3.8386488573293343
C0730,2025-06,3.112992615106786,3.9758021786532565
C0731,2025-06,3.7112058921942124,3.683736121949682
C0732,2025-06,2.9085843504274407,2.490784570135781
C0733,2025-06,3.0205466098279357,3.3813229371257707
C0734,2025-06,3.3219600195644463,3.192305429510714
C0735,2025-06,3.1196605283459498,3.5745740939255093
C0736,2025-06,2.882478119151558,3.5226227838713564
C0737,2025-06,,3.6296880174248756
C0738,2025-06,3.4821186200746075,3.653266522884501
C0739,2025-06,3.1370663360363658,3.499071095900337
C0740,2025-06,3.1904789188479126,
C0741,2025-06,3.792066442434486,3.415772751259033
C0742,2025-06,,3.462524630285624
C0743,2025-06,3.0122648356371076,3.0038710119429055
C0744,2025-06,2.225470685664342,2.466865494297171
C0745,2025-06,3.3330417344055574,3.5196527574897933
C0746,2025-06,3.121406671447871,
C0747,2025-06,3.5371319983523257,3.5274004662618044
C0748,2025-06,2.7309503248863205,3.0654282237980266
C0749,2025-06,3.2221886362541174,2.2782890443022463
C0750,2025-06,3.586762047417536,3.7195298787588147
C0751,2025-06,2.1628046610795275,
C0752,2025-06,3.0377598206860195,2.5079698967760624
C0753,2025-06,3.624558130730096,4.139238776446838
C0754,2025-06,3.3463353293062594,3.6432200319335877
C0755,2025-06,3.1424589156224507,2.810123540391846
C0756,2025-06,2.7532508293635614,3.698962674404514
C0757,2025-06,3.532480012541924,3.082752184592882
C0758,2025-06,3.0330212906594767,3.504166557691652
C0759,2025-06,2.6462839449084092,3.407348032577666
C0760,2025-06,3.7464450251924526,3.5899779211469456
C0761,2025-06,2.6641080316411974,3.62407019810102
C0762,2025-06,2.5713683761347794,
C0763,2025-06,3.001273370113066,3.5991680319437935
C0764,2025-06,3.070621620232371,4.230130704788387
C0765,2025-06,3.712476233578743,4.154539050560328
C0766,2025-06,2.878047631180502,3.2663934902537126
C0767,2025-06,3.157058607499313,4.000107179841953
C0768,2025-06,,3.3556791273962725
C0769,2025-06,2.3356762486917884,3.567303485842747
C0770,2025-06,3.2852302198874512,3.7065005286292947
C0771,2025-06,3.323006408945986,3.4247268450975614
C0772,2025-06,2.730968252012302,2.9330151257392996
C0773,2025-06,2.668957412622961,3.0388177814266175
C0774,2025-06,2.6480332740924633,2.382227422499868
C0775,2025-06,2.640834296156518,2.5710419552764066
C0776,2025-06,3.444760210884782,2.9806552385881027
C0777,2025-06,3.8821064593405743,3.3238845930871848
C0778,2025-06,2.757637528427157,
C0779,2025-06,3.7794755607109245,3.012334837131847
C0780,2025-06,3.235363084017136,3.8061845889045354
C0781,2025-06,,3.613611759780041
C0782,2025-06,2.613986926880037,2.9761720213619527
C0783,2025-06,3.7531532348882743,3.4453739625538033
C0784,2025-06,2.557115873906409,2.9633009459524757
C0785,2025-06,2.5889750770019204,3.480270296070616
C0786,2025-06,2.930059411306118,2.9556078626725966
C0787,2025-06,1.7744710901555538,2.260987909446734
C0788,2025-06,3.4276658842257737,3.178625245482218
C0789,2025-06,2.3371740902346514,
C0790,2025-06,4.312614153354919,3.0790328143499877
C0791,2025-06,3.2074307271456624,
C0792,2025-06,3.008280071976832,3.538060162625797
C0793,2025-06,3.3383399894809065,3.3863630726343312
C0794,2025-06,2.2371347396616335,3.4272824000231497
C0795,2025-06,2.7076212281684406,3.8005880120665276
C0796,2025-06,3.7559942876024945,3.265071062535918
C0797,2025-06,3.2460022585694177,2.7463548655071834
C0798,2025-06,3.373825476704767,3.0939078158428606
C0799,2025-06,3.266201045754837,2.6588677171431376
C0800,2025-06,2.398680103519867,4.490121084346277
H0034,2025-01,3.5843561298037727,3.5751100939157805
C0482,2025-04,3.2503295972656305,1.9596872462707697
C0113,2025-04,2.703784314525175,3.3954863355877705
H0499,2025-03,,3.193756019468092
H0557,2025-04,3.0922585876144164,3.6605714888206724
C0634,2025-04,2.863434477294271,3.6621113789665687
H0030,2025-02,3.614459257688583,2.8539078319099516
C0698,2025-01,3.888906147637012,3.9596117820188708
C0122,2025-04,3.315004321878563,3.2530067180631335
H0534,2025-01,2.519351982136463,
H0402,2025-06,2.629978623459758,3.3657524733040867
H0278,2025-03,3.1905046728700053,3.4127494575668647
H0304,2025-02,3.102404398480252,3.654748990624138
C0283,2025-03,2.925564456652923,3.554851213274572
C0273,2025-06,2.672005485284428,3.3194294798765283
H0042,2025-05,2.7145524784219974,3.6455605951664887
H0473,2025-06,2.9005178491465817,3.4774953276357037
C0423,2025-01,2.7889114181180896,3.541085653440097
H0136,2025-05,3.0055585802258764,3.650323170630901
H0488,2025-04,3.2725939862827187,3.4581592114094315
H0319,2025-01,2.579944581868907,3.6227372003324416
C0164,2025-04,3.1068985072365587,3.0624120171480618
C0167,2025-01,2.9076657712641887,3.892347571671197
H0098,2025-03,3.7664590231994466,3.3842270166343944
C0362,2025-03,3.2293100950453333,4.019922038753934
H0222,2025-01,3.4315680510284268,3.62819768503343
H0470,2025-06,2.6406471083591505,3.523049581635933
C0474,2025-02,2.1687748236222233,3.1688036641068784
C0135,2025-03,3.854061282758471,2.852594297007933
H0360,2025-04,3.4287917853734933,2.271610245054389
H0187,2025-02,2.9776891392367077,2.742174420759529
H0099,2025-05,2.9756051437164253,3.791124877654348
H0083,2025-06,3.7341760214701942,3.444529659312892
H0006,2025-02,2.3427270172287233,3.4260042611624275
C0696,2025-01,2.968309577512408,3.979982360014624
C0531,2025-06,2.6348030868750327,2.801105954659198
H0546,2025-02,2.9374564581947284,3.174833625627939
C0799,2025-06,3.266201045754837,2.6588677171431376
C0477,2025-02,2.8676298168168315,3.122082158966796
H0195,2025-04,2.6810669367092936,3.5396810476397995
C0007,2025-02,2.837514634883534,4.337636493678802
C0281,2025-02,3.111938290652329,2.4818307132703388
C0082,2025-06,3.0683562257862236,
C0134,2025-01,3.5134079677719825,2.883883082726991
C0263,2025-04,3.133635307792156,2.807641943861019
C0143,2025-02,3.428104324929734,2.9167503233548655
C0600,2025-01,2.1600477920421945,3.3393479088717606
H0133,2025-03,3.494840113850866,3.377369946309578
H0468,2025-02,3.725958622234838,3.677762185411231
H0319,2025-05,3.8417140349581396,3.79520641065033
C0642,2025-02,2.8313706119548523,3.8240015189381324
C0629,2025-02,2.991733973625392,2.4278495307922388
C0629,2025-05,3.5108225142360623,3.999350264910368
C0366,2025-01,3.210296676773253,2.8580043593727
C0032,2025-06,3.337478310620659,3.2467557812514207
H0566,2025-05,2.6600197834283477,3.6352121169202793
C0403,2025-05,2.3372481369761475,3.5651533293016637
C0688,2025-04,2.791168344070027,3.512897209871911
C0784,2025-01,2.372540754215965,3.3339984248955874
H0018,2025-01,2.9031687343767945,3.282374990894302
C0251,2025-06,3.9983248489074366,4.097461069626531
C0210,2025-04,2.1417316475073678,2.9129927215039038
C0043,2025-03,3.843872554947938,4.147127704412064
H0462,2025-01,3.227539637631674,3.1468475512686496
H0546,2025-06,1.862579456061296,3.0487992299492808
C0761,2025-03,3.0742412103539487,3.4927855154869505
C0428,2025-04,2.681456127020842,2.3469304378483766
C0309,2025-01,4.160724680337246,3.060853897978101
C0729,2025-03,2.8797106164208714,3.2630671937918865
C0797,2025-06,3.2460022585694177,2.7463548655071834
C0548,2025-04,3.3694698491384742,3.5658922001956395
C0550,2025-02,3.419166226446415,2.577508447706994
H0016,2025-06,2.5652312731656655,3.317469393030591
H0065,2025-03,2.735750369737272,2.861622134208599
H0239,2025-05,4.004138433801268,3.3952272357501725
C0566,2025-05,,2.952790299476294
C0272,2025-04,2.6384157004858326,3.2551395762827076
C0333,2025-01,3.0256759471864263,2.3632168379619922
C0476,2025-05,3.530779742758698,3.5226068430727473
C0489,2025-05,,3.6360353929865585
C0736,2025-06,2.882478119151558,3.5226227838713564
H0339,2025-06,3.779422182656875,3.783247555566863
H0391,2025-05,3.25989638149341,3.6491095700785126
H0464,2025-06,4.509199750719179,3.135840113418902
C0517,2025-03,,4.1878189279468065
C0291,2025-04,3.033773345570805,
H0167,2025-02,3.2679449205031217,2.406561336104707
C0124,2025-04,3.0266140903492746,3.464477992532773
C0212,2025-01,2.9898199204783933,4.023884272366495
H0247,2025-04,2.810772413548022,3.0311133343667866
C0259,2025-01,2.9647446193328717,3.5296200014894836
H0056,2025-06,2.7136453442155197,3.6613925653683332
C0737,2025-06,,3.6296880174248756
C0393,2025-04,2.545943603038656,3.0203153507847333
C0664,2025-02,2.2637162754654376,3.0347870997762203
C0672,2025-03,2.217177019823535,2.628757183406481
C0703,2025-03,2.806983103615252,2.769202158111996
H0315,2025-03,3.1979667164381738,3.326131073761148
C0583,2025-05,2.7192538998777787,3.4732651535903347
C0354,2025-04,3.815312526805692,3.671812269182131
C0248,2025-05,4.10354407733442,3.543765155938719
C0321,2025-03,3.2254877203441508,2.9157544068977965
H0071,2025-06,3.8553292673648545,3.079931534127369
H0579,2025-02,3.3135718898020134,2.8405104538716754
C0383,2025-01,4.316837638869462,3.42863386325808
H0472,2025-02,2.0585031344978475,3.231153517169681
H0382,2025-05,3.1762334005700383,3.0291063837951464
H0350,2025-01,2.1352757963821274,3.5490843207808216
C0488,2025-05,2.3808332482410646,3.5218953556592214
C0232,2025-06,3.517630200630365,2.9853480181634056
C0026,2025-01,2.779136752472291,3.1887861739095085
C0104,2025-04,2.7149236155401653,3.5903857604728358
H0236,2025-05,2.692878278654468,2.8792675211784466
C0413,2025-02,3.600152214831356,4.016128826984273
H0544,2025-04,2.9051260054904247,4.002922518364102
H0526,2025-05,2.452819814892928,3.7459101066032994
C0656,2025-03,2.8092130892742238,4.112616587745825
H0360,2025-06,2.791385299583879,2.8955873788349766
C0080,2025-03,2.6572928846820867,3.040525546653765
H0231,2025-06,2.8800213727833857,3.755594352410815
H0194,2025-02,,2.922675245361891
C0791,2025-04,3.673867705736688,2.8338336906250596
C0488,2025-02,3.3850691950363956,2.401411710011665
C0416,2025-03,3.1609722601050954,2.8715089645940433
H0043,2025-03,3.0686863583791455,2.4715363840401112
C0661,2025-05,3.6143736883820985,3.3974068150464967
H0300,2025-02,2.645576684297274,2.9405432998880325
H0153,2025-06,3.1236946024529755,4.039554503314276
C0693,2025-06,3.095727187678783,3.3753728439295356
H0263,2025-02,3.628889986388925,3.0956026690893528
H0430,2025-01,3.239311876406871,3.52064124522998
C0683,2025-01,3.3071604029182913,3.09063075233092
H0486,2025-06,2.4446925927616014,2.541084931917278
H0240,2025-01,3.2073829312415176,3.774100652380284
H0593,2025-03,3.212512680500845,3.4835328734789766
C0705,2025-03,2.9601326741814318,2.981694188345752
C0790,2025-06,4.312614153354919,3.0790328143499877
H0448,2025-04,2.682514057437764,2.7279790472539727
C0629,2025-06,2.01766330533,3.491068413390451
C0371,2025-01,3.6555908990093964,3.7021949864674664
H0030,2025-06,3.2420182567364084,
H0140,2025-03,3.008095352648445,3.1581438003186317
C0586,2025-03,3.1467887833868478,3.0268686941642837
H0433,2025-02,3.2008560890238362,4.024148568457571
C0790,2025-03,3.0552434348106634,3.6245605639427856
C0139,2025-04,2.3398654460118826,2.9125069963708037
H0182,2025-06,3.301315575402075,3.6765951520215503
C0686,2025-03,,2.885209346301727
C0637,2025-04,2.9238181717585476,3.415379873482711
H0084,2025-02,,3.0991481790287856
C0765,2025-05,2.8140055600944316,3.2765820807975636
C0108,2025-04,3.0881865391327747,3.0613183771001133
H0488,2025-01,3.7350157645699085,3.395665353699125
H0232,2025-05,3.1714622894768314,3.4036121877102183
C0535,2025-06,3.240594149142372,3.0720815990786434
C0384,2025-03,2.734606937284234,2.8465973257438413
H0268,2025-05,3.395089942538706,3.6304219892426834
H0597,2025-03,3.4368134060049513,2.8325496092680216
C0158,2025-05,3.2178051640255068,2.943644021374365
C0596,2025-01,3.0800683421661645,3.3577442330852136
C0259,2025-03,2.9771032862790086,3.7118984906458263
H0286,2025-06,3.0503710591596276,2.9951355444143037
C0719,2025-02,2.854159289681293,2.286751215357708
H0394,2025-02,2.11038543623269,3.317478247568768
C0495,2025-04,3.227878241548528,3.242713296448084
H0519,2025-01,3.7497625268865877,3.4665088398506887
C0454,2025-01,3.621622022972379,3.3538822051384116
H0334,2025-06,3.404601895381646,3.445601702441037
