student_id,month,lms_logins,assignment_completion
H0001,2025-01,16.39503568401381,62.87273750338285
H0002,2025-01,15.055112263667313,70.41459150090432
H0003,2025-01,14.195819420039474,71.20759665605499
H0004,2025-01,20.047643396698042,74.45509210732185
H0005,2025-01,15.18147247530247,77.38048493672467
H0006,2025-01,11.724061474708618,52.81469966217193
H0007,2025-01,9.008245965940754,72.02089714481549
H0008,2025-01,,88.05478110927766
H0009,2025-01,14.248099746560863,64.81516041881028
H0010,2025-01,13.62819021229728,73.20569608603476
H0011,2025-01,12.44557836081824,82.80795510462947
H0012,2025-01,15.647058846807942,69.36035281057033
H0013,2025-01,12.700011286082832,84.46645961161106
H0014,2025-01,11.24987251716276,57.01536651383973
H0015,2025-01,15.1879188005102,88.60491833584409
H0016,2025-01,19.267967967558594,87.32049185306026
H0017,2025-01,11.444977267359317,81.66758251779575
H0018,2025-01,15.202413739380502,95.651672862472
H0019,2025-01,8.820334700918433,75.50694208862036
H0020,2025-01,9.95044499776371,70.9302123920172
H0021,2025-01,12.827530354265456,99.52837943801802
H0022,2025-01,18.06251843448406,100.0
H0023,2025-01,11.499287658872767,68.07655794098196
H0024,2025-01,10.902794890616756,74.57791573020194
H0025,2025-01,14.028164094699838,92.69693643571533
H0026,2025-01,15.678042675151229,82.46194278032144
H0027,2025-01,,86.37573229116133
H0028,2025-01,20.694291956764452,91.71107454808647
H0029,2025-01,13.347700951143445,70.94037284384028
H0030,2025-01,15.460894913393481,87.93697850806777
H0031,2025-01,13.42816104861696,80.35830114935519
H0032,2025-01,15.92411007662279,63.31115765971816
H0033,2025-01,19.312928507171574,69.83838237686646
H0034,2025-01,19.493762980674003,70.87540269115179
H0035,2025-01,11.784930325239106,91.57170241467229
H0036,2025-01,18.31640937423948,95.17242709017273
H0037,2025-01,16.524571167242186,91.75054321846643
H0038,2025-01,18.50684872444811,89.77234616594491
H0039,2025-01,15.116215998353814,88.75241435496417
H0040,2025-01,,82.0741955214026
H0041,2025-01,17.251529743579276,85.52097813069386
H0042,2025-01,16.533371336294294,83.88605556505028
H0043,2025-01,19.687027718845002,61.9709764373478
H0044,2025-01,15.348581391052718,69.77966903911816
H0045,2025-01,,65.47199676434072
H0046,2025-01,7.380077515632534,96.36549095920661
H0047,2025-01,,100.0
H0048,2025-01,13.96684193015513,51.79865159991391
H0049,2025-01,10.902494300810762,100.0
H0050,2025-01,17.51276012043401,83.11532730988898
H0051,2025-01,10.867170408576198,95.16885511259869
H0052,2025-01,13.36010821432004,88.30394416209157
H0053,2025-01,13.590705466751276,100.0
H0054,2025-01,17.75724751803863,81.74645495980592
H0055,2025-01,11.962740711515112,58.536494105199324
H0056,2025-01,15.286180115791673,76.61703083266742
H0057,2025-01,15.36481298993419,88.14483333671542
H0058,2025-01,17.26455893875319,77.15885618655682
H0059,2025-01,17.944817974921374,92.18882017204383
H0060,2025-01,14.864481031963727,80.62957446094164
H0061,2025-01,,71.66625385519447
H0062,2025-01,13.166907749464022,62.670070664974794
H0063,2025-01,14.00383569994701,73.06026008967807
H0064,2025-01,15.567175055339002,83.56116094874014
H0065,2025-01,12.446330345770079,53.09850067852504
H0066,2025-01,17.107200686101667,66.36058801957576
H0067,2025-01,13.791706867167974,49.54914008056841
H0068,2025-01,12.395576586790662,
H0069,2025-01,14.63153598047645,100.0
H0070,2025-01,18.979956250554267,59.04213161797556
H0071,2025-01,17.23925847211401,92.33131908630699
H0072,2025-01,16.62294691761731,100.0
H0073,2025-01,10.742215319258847,98.2394545989332
H0074,2025-01,12.84218600396487,83.23143759386456
H0075,2025-01,12.834966202051895,
H0076,2025-01,15.37293834444478,61.890297871481295
H0077,2025-01,14.581778213440916,59.98480720791089
H0078,2025-01,12.450507593747885,78.465076285508
H0079,2025-01,12.34000109544121,82.021247465063
H0080,2025-01,12.227325986549246,95.68643180140423
H0081,2025-01,14.055740027048932,72.35485631289212
H0082,2025-01,17.982313264263144,83.18309182360271
H0083,2025-01,8.851696334812095,78.53127642327951
H0085,2025-01,19.595166983937503,82.1683147317861
H0086,2025-01,14.009057618372516,68.22953334327688
H0087,2025-01,12.618187867857928,82.9319569017082
H0088,2025-01,16.911654469063823,81.52723309343796
H0089,2025-01,13.114463465141808,79.06359892910996
H0090,2025-01,15.142285829615407,91.68870778910194
H0091,2025-01,11.106680592344464,93.47701854972429
H0092,2025-01,9.899008767934355,92.84764040368046
H0093,2025-01,13.26355370201012,62.80414850713155
H0094,2025-01,10.924668289720948,82.11121900114087
H0095,2025-01,15.574499899965952,70.9383295864232
H0096,2025-01,17.02235150405017,78.6093085512245
H0097,2025-01,20.021731811804397,67.15770488093962
H0098,2025-01,15.324132636089942,99.69210267050138
H0099,2025-01,18.4486707483588,93.93671807438447
H0100,2025-01,15.517990909069727,95.54552680395955
H0101,2025-01,13.678737388194202,95.81770336213488
H0102,2025-01,8.465255698358998,75.3435532384743
H0103,2025-01,19.89134309479754,75.74768396912
H0104,2025-01,11.628127154511652,100.0
H0105,2025-01,18.653020615804074,77.70401783608874
H0106,2025-01,16.194624919805218,61.31654444545356
H0107,2025-01,10.923053641322161,91.94150759486901
H0108,2025-01,15.487232125222661,82.18364948824475
H0109,2025-01,21.20067905864832,100.0
H0110,2025-01,18.481026515109004,81.31513806679084
H0111,2025-01,13.074615447639433,80.09582789728861
H0112,2025-01,13.47644935185033,100.0
H0113,2025-01,15.319180709943703,60.18999316280048
H0114,2025-01,14.454691297973275,73.3090360185005
H0115,2025-01,19.417658588654884,71.97173983311608
H0117,2025-01,8.691782015354637,89.78615939203212
H0118,2025-01,16.403098507225394,73.95305134075105
H0119,2025-01,13.630693008107981,91.56837221875233
H0120,2025-01,14.37756113621046,84.66799997103867
H0121,2025-01,14.768536404338528,86.90568573797609
H0123,2025-01,17.262343189722536,68.73040698115756
H0124,2025-01,12.283027647805689,81.36417181930133
H0125,2025-01,14.512878543635265,93.49740272199529
H0126,2025-01,14.460689716651697,83.64883157397206
H0127,2025-01,9.484273462408654,70.27226271357607
H0128,2025-01,14.111762677831509,63.01332738920557
H0129,2025-01,20.902086108374345,85.7510249668571
H0130,2025-01,9.866759395208588,73.91935309919324
H0131,2025-01,15.06172418891499,81.10866367619428
H0132,2025-01,14.332012834369293,76.6585212838465
H0133,2025-01,14.095344021127136,69.55175837386362
H0134,2025-01,11.85613156633003,84.92760464567257
H0135,2025-01,9.361019969802916,84.88422965202676
H0136,2025-01,,100.0
H0137,2025-01,18.254215897856977,89.81626341512498
H0138,2025-01,10.074457575568951,97.3866042748197
H0139,2025-01,12.00716054284457,65.22575185972265
H0141,2025-01,11.560807965796318,77.34322620700341
H0142,2025-01,15.435313257511488,
H0144,2025-01,17.716404902553844,97.5234898179591
H0145,2025-01,10.600272388543114,44.8050365064543
H0146,2025-01,13.558869371310227,100.0
H0147,2025-01,,86.69311956999913
H0148,2025-01,20.14637249507863,
H0149,2025-01,12.184012717583988,90.02455283256185
H0150,2025-01,13.693530813797056,84.62065529609578
H0151,2025-01,15.250196251496549,83.64212013773783
H0152,2025-01,15.88444235151675,92.40575366932046
H0153,2025-01,16.711543853784978,
H0154,2025-01,11.88228124119826,59.118278073766604
H0155,2025-01,13.454497622802077,79.83310566839025
H0156,2025-01,14.498337380321605,55.19241354447317
H0157,2025-01,18.539255407739432,89.92793789400646
H0159,2025-01,14.64698600389807,63.33264487143255
H0160,2025-01,11.163488965085959,
H0161,2025-01,20.23671048540076,68.1369294700364
H0162,2025-01,15.08727640996619,74.06028475466681
H0163,2025-01,18.03902871352818,86.79313879764399
H0164,2025-01,14.451278795021379,73.33565619331236
H0165,2025-01,14.99194289757028,89.92256142391983
H0166,2025-01,9.41709740792161,
H0167,2025-01,7.533042368562685,93.7090562507445
H0168,2025-01,17.977335146191194,63.41752970043599
H0169,2025-01,15.934033984752071,100.0
H0170,2025-01,14.829803946664669,
H0171,2025-01,10.723302252172523,100.0
H0172,2025-01,11.776342893778022,77.74237728114858
H0173,2025-01,18.032286398167546,70.62547335619809
H0174,2025-01,20.41159139757728,68.52449026945538
H0175,2025-01,13.23559010463345,66.57312207445622
H0176,2025-01,15.941056228692366,78.2523535719855
H0177,2025-01,14.957691408426545,91.49531469213838
H0178,2025-01,14.859327020703443,100.0
H0179,2025-01,20.583235212021286,74.96006087588152
H0180,2025-01,13.801646063528942,81.66253426619994
H0181,2025-01,17.38676381372719,75.75679392796219
H0182,2025-01,15.823149959013955,71.70234319484742
H0183,2025-01,13.77028489954377,88.03700297210942
H0184,2025-01,19.33380345379312,87.47238190170478
H0185,2025-01,14.402103470180723,78.75785770137996
H0186,2025-01,13.572378133699731,82.8884785601982
H0187,2025-01,17.983297002830202,86.43288575101845
H0188,2025-01,19.31952828339055,92.048590008075
H0189,2025-01,18.226267502338196,68.6623990772159
H0190,2025-01,3.581917333039687,95.03303420873017
H0191,2025-01,14.811558632736155,80.2118881659309
H0192,2025-01,15.572740876386307,75.37000426086428
H0193,2025-01,14.60369908419861,83.9735118350966
H0194,2025-01,16.485918674182642,85.3446172483661
H0195,2025-01,16.500217665242605,99.20679483272781
H0196,2025-01,17.688024684647758,69.20249597676153
H0197,2025-01,12.999624381541087,96.22814696717893
H0198,2025-01,17.2562870013275,74.53014602433099
H0199,2025-01,16.509177578800198,71.82167116779203
H0200,2025-01,17.473933935037678,76.97323381364399
H0201,2025-01,15.470456857977684,64.2786552393942
H0202,2025-01,17.277713497891508,53.31342354544164
H0203,2025-01,18.127460014860493,91.35825383854225
H0204,2025-01,15.425892810742507,100.0
H0205,2025-01,18.083766721477776,59.39617037965822
H0206,2025-01,15.468120097317547,68.18055376761303
H0207,2025-01,20.781427237774096,92.2909875256117
H0208,2025-01,17.612443902294316,78.75861817577814
H0209,2025-01,14.063196867007713,96.4819521341614
H0210,2025-01,21.413927466075343,78.31523066833144
H0211,2025-01,8.27504573437606,72.1417658180892
H0212,2025-01,16.725931029268967,77.88443314144898
H0213,2025-01,12.39717811112632,46.603815086623776
H0214,2025-01,20.242843374567933,64.31222747275106
H0215,2025-01,14.803769599688515,91.76041591840401
H0216,2025-01,10.497663626957934,91.28343122590148
H0217,2025-01,13.183226853798699,97.96202807281725
H0218,2025-01,12.423693877955916,86.39046503011477
H0219,2025-01,13.56156125930087,48.34467641002924
H0220,2025-01,13.27380192413514,70.30905783072554
H0221,2025-01,12.943324915164059,100.0
H0222,2025-01,16.034436763158386,100.0
H0223,2025-01,14.707400442418797,95.85616157609674
H0225,2025-01,10.285022360345259,64.24070003288027
H0226,2025-01,14.746325970266088,77.14267978663918
H0227,2025-01,16.710633194527144,82.25687005911881
H0228,2025-01,15.55067688548942,98.11799614663273
H0229,2025-01,16.59372390885177,84.65641408194226
H0230,2025-01,,81.04071103740253
H0231,2025-01,19.157688747302505,86.5838823623708
H0232,2025-01,22.22243556919006,84.54119354982205
H0233,2025-01,24.0416697123334,89.56925494431053
H0234,2025-01,8.897708230845502,68.76319590301352
H0235,2025-01,7.592443594355683,64.1395127687861
H0236,2025-01,13.871210706518303,97.16576796652727
H0237,2025-01,15.77523735255826,56.233888754291414
H0238,2025-01,14.139294287550207,100.0
H0239,2025-01,16.79900562099281,53.878045847846636
H0240,2025-01,14.223625455478434,73.5975964126109
H0241,2025-01,11.797845805077646,91.5382825725683
H0242,2025-01,13.778651056994658,83.0291985689218
H0243,2025-01,14.452386238603788,63.412295899988884
H0244,2025-01,17.541783911821142,87.67415042323293
H0245,2025-01,12.637076186328473,
H0246,2025-01,13.469219903055711,76.4290773344984
H0247,2025-01,15.216934394519294,67.95270080366006
H0248,2025-01,13.368897696633802,77.73313897080283
H0250,2025-01,12.274133314548745,100.0
H0251,2025-01,10.907449688883581,76.02822973549866
H0252,2025-01,15.840340291681352,76.18891327862019
H0254,2025-01,13.35950722096872,100.0
H0255,2025-01,19.099789039897125,58.94973982917821
H0256,2025-01,21.229677352402874,
H0257,2025-01,12.061604354947939,74.80049703863062
H0258,2025-01,19.159509555239794,60.73109032516591
H0259,2025-01,7.318325737911089,68.41533892296056
H0261,2025-01,12.956921662239143,
H0262,2025-01,16.952804660891758,82.04918371166505
H0263,2025-01,12.871908957988587,100.0
H0264,2025-01,15.255575793306448,85.59187080499882
H0265,2025-01,12.801870132846664,62.091548375564344
H0266,2025-01,13.645745669465304,67.43614487684869
H0267,2025-01,20.45045802992635,77.53993946801637
H0268,2025-01,14.533362883649797,76.25929591217482
H0270,2025-01,14.49923409923083,88.2297737974574
H0271,2025-01,19.43333591962364,100.0
H0272,2025-01,10.611228563079536,83.24227929749597
H0273,2025-01,15.479353099388472,69.99887862881407
H0274,2025-01,12.406217105814433,94.53510936278161
H0275,2025-01,18.592011486496418,95.94532635528431
H0276,2025-01,14.818045047213321,82.46186561310057
H0277,2025-01,9.354055351373804,80.27816133479551
H0278,2025-01,9.972086697541483,86.7239018413941
H0279,2025-01,10.830758413367429,74.94069981350535
H0280,2025-01,17.557175249213223,52.0701562200376
H0281,2025-01,17.713808095983794,90.55125877833109
H0282,2025-01,13.12531936303911,90.91324621738565
H0283,2025-01,12.811139924426,100.0
H0284,2025-01,18.037313551059444,74.39654456036172
H0286,2025-01,15.172854070056502,81.13535093062657
H0287,2025-01,16.128088920562334,82.89713893569218
H0288,2025-01,13.383180474020582,
H0289,2025-01,15.779293909284233,80.80743759576781
H0290,2025-01,14.693194776923189,82.58753068115654
H0291,2025-01,15.25076018646763,87.89787348326163
H0292,2025-01,11.240994845862998,99.56169791519135
H0293,2025-01,15.991092786825995,68.23663559442201
H0294,2025-01,18.48003005939109,80.58853460257968
H0295,2025-01,14.517362878079545,70.9318483761935
H0296,2025-01,16.191140108016945,71.705562182674
H0297,2025-01,14.443323447943884,58.2858315196262
H0298,2025-01,17.129577436042503,80.19104683945272
H0299,2025-01,14.468775047314399,85.95393071821681
H0300,2025-01,10.705837261289034,76.66080716892534
H0301,2025-01,16.222351609444743,77.41359993309068
H0302,2025-01,10.159761996445793,87.7321194539582
H0303,2025-01,15.709684805627361,100.0
H0304,2025-01,,72.91499670012728
H0305,2025-01,12.38847565647795,61.04027341796582
H0306,2025-01,14.457536528176789,76.87240553674998
H0307,2025-01,12.177581833615879,100.0
H0308,2025-01,15.540523193863551,62.093742686936096
H0309,2025-01,15.525174121474153,91.95118048348446
H0310,2025-01,13.522611120156647,99.1257617913024
H0311,2025-01,18.681254879851394,47.43824149418848
H0312,2025-01,15.561716553837638,87.2343444069826
H0313,2025-01,17.51522863056893,92.19050168667495
H0314,2025-01,17.959290679805584,73.6223888184231
H0315,2025-01,17.926180022930573,68.36867486323547
H0316,2025-01,16.799576336427155,73.59812698085958
H0317,2025-01,13.055158334419893,73.61048418257232
H0318,2025-01,9.313267105733871,72.77858378418948
H0319,2025-01,15.488183909498416,74.35616076160252
H0320,2025-01,17.23463365730216,73.34694882861244
H0321,2025-01,14.910224394805223,94.49535198927069
H0322,2025-01,3.700458370464931,61.44536549441685
H0323,2025-01,18.328873160896524,59.575471062254806
H0324,2025-01,17.099097435983076,96.24365807346659
H0325,2025-01,14.59403318375018,
H0326,2025-01,17.254601823420884,73.86313723077889
H0327,2025-01,15.93161171186307,76.93534516335244
H0328,2025-01,,81.9371063555538
H0329,2025-01,18.148561637335913,72.11214378261909
H0330,2025-01,11.526077558196466,89.8447302121116
H0331,2025-01,15.118539432959182,69.16256878692874
H0332,2025-01,14.185199817570519,76.29512269640064
H0333,2025-01,12.17468472397697,49.4975830278245
H0334,2025-01,15.22045066669431,95.77488343391757
H0335,2025-01,18.2062803838696,76.7853511986666
H0336,2025-01,18.347842476183914,89.73018015298605
H0337,2025-01,,90.89038541113433
H0338,2025-01,8.662214867375964,85.19733421858801
H0339,2025-01,11.087452816725357,81.87550833114821
H0340,2025-01,13.79269637172226,81.41581353983497
H0341,2025-01,14.336421485415098,66.33910691898518
H0342,2025-01,13.255976045754112,64.43755197361394
H0343,2025-01,19.671100926710594,76.76828804541341
H0344,2025-01,13.935458897670953,67.5427254683177
H0345,2025-01,15.94770491491313,99.35805406329422
H0346,2025-01,16.88941511634405,83.33780025529525
H0347,2025-01,14.117693978685223,68.14532263720527
H0348,2025-01,23.26133266721643,79.49225440585296
H0349,2025-01,10.768973079252358,78.82905876969829
H0350,2025-01,12.80646849365967,79.46356949172194
H0351,2025-01,11.452414841030635,83.07408444734023
H0352,2025-01,20.296914999424715,84.65763075628168
H0353,2025-01,17.25629178093811,61.69758604902613
H0354,2025-01,12.21838685865437,47.723478044312415
H0355,2025-01,12.100493782768472,75.4098830636215
H0356,2025-01,17.942996797735848,85.47464885780377
H0357,2025-01,16.24382305314265,77.1226998731968
H0358,2025-01,17.836024117503655,94.32779829318864
H0359,2025-01,14.717003323320988,80.66842412870093
H0360,2025-01,15.38995076122097,96.85189421259493
H0361,2025-01,16.157637354499172,98.64982944559083
H0362,2025-01,13.538109379525347,97.75282738793439
H0363,2025-01,14.134158845633655,63.37280819463761
H0364,2025-01,11.27291476534515,81.32605201242542
H0366,2025-01,17.03638455828875,84.65495387743977
H0367,2025-01,17.133357914660614,
H0368,2025-01,16.223080277018838,59.64772972006737
H0369,2025-01,15.11350493262906,
H0370,2025-01,18.925106109411637,68.15140561135311
H0371,2025-01,16.19783541203599,48.81441451165509
H0372,2025-01,18.83882754203522,75.66153512732875
H0373,2025-01,18.677298083565674,45.14668597922048
H0374,2025-01,15.361329302740616,68.93534220179463
H0375,2025-01,17.112029143364786,100.0
H0377,2025-01,10.903402286940816,59.51373848009656
H0378,2025-01,11.212207773004401,80.66459471239499
H0379,2025-01,9.95202086565617,65.26393358169035
H0380,2025-01,13.795253480304767,90.83511461498315
H0381,2025-01,12.767380193661982,65.10414432625134
H0382,2025-01,9.237398244492734,80.60497237315373
H0383,2025-01,14.82318791420504,63.52488425414893
H0384,2025-01,14.010537735807212,100.0
H0385,2025-01,18.107738064598212,87.25412392827317
H0386,2025-01,20.525645948615907,77.91861453930724
H0387,2025-01,15.696739263687725,75.32321196597877
H0388,2025-01,12.402332185382011,72.22367939944462
H0389,2025-01,17.01776450652178,71.27251586429668
H0390,2025-01,14.44467675245318,68.6850057751026
H0392,2025-01,12.709292247421107,74.91038996177113
H0393,2025-01,13.158259167109135,50.357866256312626
H0394,2025-01,13.315044216440612,61.50450940855512
H0395,2025-01,17.53950102846759,95.0788508532254
H0396,2025-01,15.405685423668185,74.3761588158699
H0398,2025-01,16.532426310110782,96.40877594843853
H0399,2025-01,16.137416609399523,70.33477387062923
H0400,2025-01,13.840793620310302,89.71879716559273
H0401,2025-01,12.269763827929218,73.59014514787154
H0402,2025-01,13.525722549211071,90.51361583043435
H0403,2025-01,12.001130021015811,73.19292652023009
H0404,2025-01,9.008954814137663,83.92389577846394
H0405,2025-01,11.054651709211795,90.08369472827225
H0407,2025-01,15.996967234058369,78.98789685494044
H0408,2025-01,13.265899352996371,73.04883835017854
H0409,2025-01,16.734137303560342,100.0
H0410,2025-01,8.279980316459008,87.05127767312868
H0411,2025-01,15.979071069124021,76.63327441124544
H0412,2025-01,18.158030163875015,70.27533016205199
H0413,2025-01,14.878656986439713,96.82191452288279
H0414,2025-01,8.406807631634592,79.02485523934523
H0415,2025-01,14.077890409808859,80.44263144869797
H0416,2025-01,18.867421694024443,83.37510482145991
H0417,2025-01,15.556563112790931,85.66473671857761
H0418,2025-01,9.53742065134141,76.84752172170955
H0419,2025-01,23.60556331192387,100.0
H0420,2025-01,10.300248894920607,96.1696534791545
H0421,2025-01,12.70630890925019,83.89670918245797
H0422,2025-01,11.621275731683788,100.0
H0423,2025-01,11.964920839534184,82.02871103485174
H0424,2025-01,14.030546844918184,92.62130137714345
H0425,2025-01,16.399718653444022,94.03328237722647
H0426,2025-01,18.42681697534148,94.45061138584146
H0427,2025-01,13.602943822918023,93.69548253172148
H0428,2025-01,11.348300570283538,88.43241949327128
H0429,2025-01,16.07598673132137,100.0
H0430,2025-01,15.398578170705207,70.3598837860086
H0431,2025-01,14.439331795047714,75.22091826878159
H0432,2025-01,14.403315290056106,73.91717283135115
H0433,2025-01,14.421010642619411,75.70942657880818
H0435,2025-01,15.067795933367805,100.0
H0437,2025-01,22.193202544021833,85.73682219545937
H0438,2025-01,13.81428251768424,56.01168705442714
H0439,2025-01,,89.20042338665571
H0440,2025-01,15.060572007822845,
H0441,2025-01,12.555467137128435,64.19397486273422
H0442,2025-01,17.594447345314983,85.38584927607897
H0443,2025-01,15.00532527111152,67.46236935280365
H0444,2025-01,13.052118493791628,71.34020304785643
H0446,2025-01,14.55355087770444,91.18845759310943
H0447,2025-01,11.652128077543956,68.75005314635298
H0448,2025-01,14.536643640643403,62.729406378700745
H0449,2025-01,15.295900342277166,80.61184744048246
H0450,2025-01,16.701555703212936,85.28387367321669
H0451,2025-01,17.407055693584468,100.0
H0452,2025-01,13.157244321916071,61.61779666989604
H0453,2025-01,12.03716201353584,72.05986999146944
H0454,2025-01,14.67376771955943,97.02279258234034
H0455,2025-01,16.235209903024096,100.0
H0456,2025-01,15.931451104924566,66.03068591510883
H0457,2025-01,,68.4539769802563
H0458,2025-01,14.483454398059143,86.18786875278622
H0459,2025-01,16.50701669792758,68.63348146882313
H0460,2025-01,12.068710294554636,68.00947535964221
H0461,2025-01,22.17620764168362,84.21591277322855
H0462,2025-01,,100.0
H0463,2025-01,10.516367202789297,59.66332590960636
H0464,2025-01,16.266523295320145,100.0
H0465,2025-01,16.357294462636332,70.41737730163936
H0467,2025-01,9.939774687611658,100.0
H0468,2025-01,10.902814732425648,82.95455214963735
H0469,2025-01,16.978116361600357,78.67458375375703
H0470,2025-01,,89.61524536695691
H0471,2025-01,,78.36221810410015
H0472,2025-01,15.522622833422645,85.33931000306082
H0473,2025-01,14.453985534519862,
H0474,2025-01,12.980363099393173,93.94848811853842
H0475,2025-01,13.985481332393286,63.713015552166596
H0476,2025-01,10.149339484383848,66.01663367241122
H0477,2025-01,16.18727324168971,61.05471188626501
H0478,2025-01,12.025191940337132,79.02606334254946
H0479,2025-01,11.90135778259109,55.281846057805566
H0480,2025-01,15.874693393138795,71.4288178936554
H0481,2025-01,14.603016261056158,67.40454242743273
H0483,2025-01,8.98085172862211,67.62769841218457
H0484,2025-01,16.2470975129448,64.13776007687774
H0485,2025-01,14.464688819962486,
H0486,2025-01,11.67967439008693,99.38828537432008
H0487,2025-01,11.221720756630033,77.82145446732898
H0488,2025-01,14.827498561902335,80.42196679579364
H0489,2025-01,15.161262735455447,95.4700959680258
H0490,2025-01,14.460334634889357,91.18540403808507
H0491,2025-01,,86.03308403832375
H0492,2025-01,15.55162579576496,68.30490409556353
H0493,2025-01,13.642489980330675,84.59787485252191
H0494,2025-01,18.107518376927857,65.59129636052293
H0495,2025-01,13.781460435557014,68.38678764311622
H0496,2025-01,14.792202886829564,100.0
H0497,2025-01,17.834607742119847,96.37961875366496
H0498,2025-01,11.79236808949967,86.07992487043268
H0499,2025-01,14.84602588544638,53.9093710383318
H0500,2025-01,18.15830293561595,63.3821417004597
H0501,2025-01,15.604280465686957,71.07841530327732
H0502,2025-01,12.488254438854486,74.58092487779403
H0503,2025-01,9.666192049916672,63.443148379713776
H0504,2025-01,6.941295288235592,74.05939491923782
H0505,2025-01,20.564802996207302,100.0
H0506,2025-01,15.261114711925979,85.06363310326657
H0507,2025-01,13.602469926147744,85.91253728347628
H0508,2025-01,15.425272922321124,65.34389831684649
H0509,2025-01,10.913977346364469,54.577545523606624
H0510,2025-01,13.39771577635595,62.442982070879964
H0511,2025-01,12.735161878001032,60.01516211735894
H0512,2025-01,10.057742399503917,80.37570418203924
H0513,2025-01,9.388468003989086,89.38581073337922
H0514,2025-01,10.283543032864866,68.40765802570039
H0515,2025-01,17.426152002456973,81.61183312754338
H0516,2025-01,12.64657219889706,100.0
H0517,2025-01,16.510231765336556,100.0
H0518,2025-01,17.249493984681678,90.38425096097583
H0519,2025-01,14.809822855670625,78.41917894474403
H0520,2025-01,14.167556760909475,92.21098740717655
H0521,2025-01,14.138872228886813,96.39135132917085
H0522,2025-01,12.772988279521915,50.30830400124636
H0523,2025-01,18.76813835508598,100.0
H0524,2025-01,19.256205900712825,69.46446543929494
H0525,2025-01,19.62295824362135,75.08892780590342
H0526,2025-01,8.59156329634973,76.85185171936524
H0527,2025-01,12.63142708905546,82.62286916164658
H0528,2025-01,14.419927396335124,64.13394038152279
H0529,2025-01,14.145720303597388,70.20109158875921
H0530,2025-01,9.897618556639314,89.285754790122
H0531,2025-01,8.805321818781845,81.51217348946503
H0532,2025-01,17.690658007610725,82.89903239684239
H0533,2025-01,13.09040354072564,76.35697634851273
H0534,2025-01,9.566503051787793,88.1410128916355
H0535,2025-01,11.695901896106982,96.4792401056262
H0536,2025-01,16.07339767067238,95.29006283939708
H0537,2025-01,10.726028607932845,81.632115484215
H0538,2025-01,15.230584045511746,93.16352025199683
H0539,2025-01,12.6683919919736,95.8767617783166
H0540,2025-01,7.859675528235954,100.0
H0541,2025-01,18.070824931115727,94.71188711885443
H0543,2025-01,14.114148896613722,
H0544,2025-01,13.039431811840766,76.6890930229911
H0545,2025-01,19.202186580522827,76.37996359925737
H0546,2025-01,16.65945982757184,88.44281491811437
H0547,2025-01,17.251668289144188,67.90050988147284
H0548,2025-01,13.878699364492752,100.0
H0549,2025-01,13.638589066429152,
H0550,2025-01,15.970057109678903,
H0551,2025-01,12.336572508186208,76.3976420094709
H0552,2025-01,,68.40429088961561
H0553,2025-01,13.235168583485185,64.0047247213363
H0554,2025-01,15.542783286859764,70.56637294444258
H0555,2025-01,10.876074582422259,70.47338863947509
H0556,2025-01,17.106735648388717,83.11129927277089
H0557,2025-01,15.726067816305095,72.29316966718822
H0558,2025-01,13.915769921291997,72.53777067387885
H0559,2025-01,15.780718019525466,79.70576855346594
H0560,2025-01,13.073194005079404,93.09276664455706
H0561,2025-01,12.857882062026015,100.0
H0562,2025-01,16.8107373821428,84.33394226736613
H0563,2025-01,16.249925230555807,83.12054771309626
H0564,2025-01,13.760633838756991,80.04353027513854
H0565,2025-01,12.91403884471487,87.38146641897393
H0566,2025-01,14.163474272371944,86.17105346035567
H0568,2025-01,19.946235529949924,56.46106252616772
H0569,2025-01,15.403864986021263,76.56515773282457
H0570,2025-01,14.613408614660514,84.98068454784992
H0571,2025-01,11.77211794069908,79.866334133631
H0572,2025-01,16.183919981990073,65.0747496869216
H0573,2025-01,12.099446435153279,59.92307027392174
H0574,2025-01,12.58175540479715,91.4218384245383
H0575,2025-01,16.42640234406363,68.0982326105631
H0576,2025-01,15.434535461349702,54.6732841135016
H0577,2025-01,7.260570848171271,92.89506562539837
H0578,2025-01,14.179841846526745,86.93627439897716
H0579,2025-01,14.491655335046204,77.09475088026252
H0580,2025-01,13.729464106795453,68.0237862818087
H0581,2025-01,15.27711023118734,79.39855057320618
H0582,2025-01,9.177228861250647,97.37253597386113
H0583,2025-01,5.763653372372747,56.58326056357989
H0584,2025-01,11.10918946696234,56.55629397255619
H0585,2025-01,,70.50093753775558
H0588,2025-01,9.480767743018962,91.49626755439536
H0589,2025-01,14.679382436369355,98.26785840215486
H0590,2025-01,21.007369595116078,86.0150022486663
H0591,2025-01,13.1946998797129,85.66681235826947
H0592,2025-01,13.740327658710736,82.35218104400921
H0593,2025-01,17.627663195350753,82.16634784943464
H0594,2025-01,14.24571306717196,60.82948951506174
H0595,2025-01,13.465098914599158,64.30836351078713
H0596,2025-01,17.67125902159706,62.39154548626652
H0597,2025-01,15.645169419407221,77.01929276345085
H0598,2025-01,14.918158038948864,81.75949495172624
H0599,2025-01,13.65407704965402,58.278384970915454
H0600,2025-01,13.418001355491217,80.87031555833613
C0001,2025-01,16.385060132494456,64.85879632702196
C0002,2025-01,12.335889978038095,61.18213531606936
C0003,2025-01,17.710969497878786,69.63581103418588
C0004,2025-01,11.459720964020592,64.65052923279747
C0005,2025-01,19.38731720924782,90.44644547053161
C0006,2025-01,16.026737574789994,78.01666256573081
C0007,2025-01,10.523556756912836,87.84353521805573
C0008,2025-01,16.504943102984114,75.38440840160287
C0009,2025-01,12.383824355115962,
C0010,2025-01,14.393519499427311,100.0
C0011,2025-01,13.023253478859255,57.22093636412529
C0012,2025-01,13.319812810708864,95.37790175156945
C0013,2025-01,17.058387502393742,100.0
C0014,2025-01,15.976204442072527,90.45700989976923
C0015,2025-01,12.157381075177184,78.81833759708707
C0016,2025-01,10.572708637552967,97.566622212784
C0017,2025-01,14.831119475493477,73.89131644386494
C0018,2025-01,14.710057098648825,67.38732085992156
C0019,2025-01,12.750397528860375,75.47668473805561
C0020,2025-01,19.598628630136314,73.09956158964114
C0021,2025-01,16.10520294502088,63.96300336183283
C0022,2025-01,12.41021728271776,94.82993094043265
C0023,2025-01,12.003862700728256,68.07381855721582
C0024,2025-01,12.330473073132012,
C0025,2025-01,13.317578450660944,59.16433249469482
C0026,2025-01,17.481102312531092,77.80678231560788
C0027,2025-01,17.408555622559682,63.66699105946505
C0028,2025-01,14.532236635446623,63.229958795521576
C0029,2025-01,16.249470115396388,77.52248070108398
C0030,2025-01,16.52026493136823,93.30207588698171
C0031,2025-01,14.533910674398527,85.69621992702022
C0032,2025-01,15.473322108874227,86.34590564174849
C0033,2025-01,16.748601470390582,79.73462217400635
C0034,2025-01,,71.61255973831533
C0035,2025-01,11.988054333755585,90.49085500286249
C0036,2025-01,12.760330084938397,73.09371758409739
C0038,2025-01,11.760676990579798,95.23882323747839
C0039,2025-01,,68.31470591685319
C0040,2025-01,16.08126490026099,68.78912645251464
C0041,2025-01,14.732592700097761,69.6714906418314
C0042,2025-01,10.035899717303709,57.97585472672338
C0043,2025-01,,75.82361647067995
C0044,2025-01,14.717707025625023,100.0
C0045,2025-01,15.731982329826211,67.64910588829311
C0046,2025-01,10.603055250555228,96.3821541761493
C0047,2025-01,10.999440994681802,75.80318993087371
C0048,2025-01,15.98288856018193,100.0
C0049,2025-01,9.585816909613703,69.4136269069826
C0050,2025-01,14.139184994191966,79.10817094700963
C0051,2025-01,12.408408425144591,63.54623702870397
C0052,2025-01,13.56195890181681,68.47822869145566
C0053,2025-01,14.394459096856709,95.85552911376132
C0054,2025-01,18.989243345844237,85.62195189997911
C0055,2025-01,8.983792006350242,92.01101093556078
C0056,2025-01,17.180021594795857,61.749339274798245
C0057,2025-01,6.970014217884667,89.18922479847348
C0058,2025-01,19.59670666109446,69.4517042813884
C0059,2025-01,7.59685535135857,58.695752060773536
C0060,2025-01,,81.88732584046433
C0061,2025-01,12.955119113959453,81.94761200906285
C0062,2025-01,17.81162070847319,
C0063,2025-01,18.561933568101324,92.74403610301641
C0064,2025-01,14.223625118134176,95.67356975369616
C0065,2025-01,13.646402627549257,100.0
C0066,2025-01,12.240746912380118,64.17594402964147
C0067,2025-01,15.766372240538296,97.37576657365457
C0068,2025-01,12.274591092794104,100.0
C0069,2025-01,13.015621895307682,
C0070,2025-01,16.68916668086416,58.565578586961216
C0071,2025-01,12.667522469579193,63.49452119635382
C0072,2025-01,13.191873371813635,72.4634814904935
C0073,2025-01,13.368846127692422,100.0
C0074,2025-01,11.210926827793369,75.69983765476842
C0075,2025-01,12.793293964110525,70.58588905504239
C0076,2025-01,18.616966701893507,68.7777587112483
C0077,2025-01,13.006730928514697,58.546675881152716
C0078,2025-01,13.155523725584938,91.35874643197805
C0079,2025-01,14.635068553735433,80.91251746707148
C0080,2025-01,16.059183296480846,100.0
C0081,2025-01,12.070125150560077,91.03398554524253
C0082,2025-01,17.026553244750712,95.76879856938696
C0083,2025-01,15.871657435690848,78.62452192131293
C0084,2025-01,8.773482975503796,63.523739024658326
C0085,2025-01,20.141530708006055,68.63241260132405
C0086,2025-01,18.968759220267867,61.11827124548033
C0087,2025-01,13.275896114730223,96.67080912066906
C0088,2025-01,11.029730562945687,74.26788796534937
C0089,2025-01,15.084089848815506,93.00145874675485
C0090,2025-01,10.19808552284175,81.82171958675794
C0091,2025-01,20.178345510655877,81.18553185104412
C0092,2025-01,13.21070518387094,64.01244828086737
C0093,2025-01,19.12276639594939,
C0094,2025-01,13.363611840844138,81.395210943088
C0095,2025-01,13.684423039091204,91.03400597734712
C0096,2025-01,18.057894232972743,69.17177191521043
C0097,2025-01,12.558673225691495,85.38681437765179
C0098,2025-01,15.292531289042266,100.0
C0099,2025-01,17.136004764628574,81.67587779761786
C0100,2025-01,13.484446707444073,93.16937720487492
C0101,2025-01,11.165630750542515,89.50929018710472
C0102,2025-01,11.734499931988587,100.0
C0103,2025-01,17.890984905890058,90.67080142896839
C0104,2025-01,15.390754575355594,88.88082197217294
C0105,2025-01,18.31857781771192,81.6040965956721
C0106,2025-01,13.181808285718734,67.50503530932971
C0107,2025-01,10.488441530237335,64.02105141059351
C0108,2025-01,6.969060149230248,96.16132714583003
C0109,2025-01,22.582685533866112,64.14562857057447
C0110,2025-01,16.294530309036617,
C0111,2025-01,14.327768243205641,83.88220940856851
C0112,2025-01,15.01609788785597,91.78292351825532
C0113,2025-01,9.07579499500942,69.0267378161907
C0114,2025-01,12.185083958300522,69.1621143012006
C0115,2025-01,20.44894552704421,87.69372287696488
C0116,2025-01,17.453685178276544,79.16936097749445
C0117,2025-01,12.676651590078526,64.32375183071989
C0118,2025-01,10.975350394257182,100.0
C0119,2025-01,12.776987921231106,68.33385317007372
C0120,2025-01,12.758549098037436,63.43861216456336
C0121,2025-01,20.227861196109906,75.21150954072137
C0122,2025-01,14.0406088977122,97.89139005357768
C0123,2025-01,11.584800469480193,51.84389546920014
C0124,2025-01,13.282556372304104,92.90624881450414
C0125,2025-01,15.202625124726683,66.93807004492069
C0126,2025-01,10.533249203205228,83.2863164814067
C0127,2025-01,16.564509213076125,73.39594456826109
C0128,2025-01,19.81029248803446,100.0
C0129,2025-01,15.331304427852402,83.12898313999328
C0130,2025-01,10.813412314899278,65.76874419671708
C0131,2025-01,14.259453554776185,80.27160438589445
C0132,2025-01,10.615102288947103,84.89361977839924
C0133,2025-01,13.887211826289796,81.78319760399548
C0134,2025-01,14.973159021716727,84.61207194005512
C0135,2025-01,12.985251511438864,83.89749971256526
C0136,2025-01,20.308078046323647,60.68298481161385
C0137,2025-01,16.78956358384975,74.94533626569776
C0138,2025-01,10.042307614947674,91.56201602041536
C0139,2025-01,7.761024511535019,65.88101466755296
C0140,2025-01,11.130946949616009,88.02899910820216
C0141,2025-01,20.416983524212846,84.43547820785943
C0142,2025-01,17.78242209483203,78.98382768251895
C0143,2025-01,,94.84487378312087
C0144,2025-01,,59.22251572272167
C0145,2025-01,14.083276719033622,71.25132310069642
C0146,2025-01,11.145242380573276,98.54657139802003
C0147,2025-01,16.60808154968474,100.0
C0148,2025-01,14.179217266065939,100.0
C0149,2025-01,13.880760421209121,80.98756740025195
C0150,2025-01,,85.87523845057143
C0151,2025-01,14.76795541628232,93.600630330886
C0152,2025-01,18.96838297961692,99.43584930179551
C0153,2025-01,9.699282662715802,84.26164257259214
C0154,2025-01,21.762798156458366,90.29428978781027
C0155,2025-01,12.932131011717907,84.9433078628367
C0156,2025-01,17.34831445361335,89.73367646602152
C0157,2025-01,18.455245349791774,71.66425272990635
C0158,2025-01,12.68598626423905,74.31786277995072
C0159,2025-01,18.083915322887933,76.43731473594643
C0160,2025-01,17.379650249370577,64.24426604865691
C0161,2025-01,11.93905692807608,55.4724949650918
C0162,2025-01,13.308311688423666,77.10992288960774
C0163,2025-01,15.108068248548674,77.87947335687386
C0164,2025-01,15.447639501335193,85.78425687902713
C0165,2025-01,18.71320804013822,87.89305561372736
C0166,2025-01,16.58300058362385,82.55036483977688
C0167,2025-01,14.973529733991496,78.68591165584115
C0168,2025-01,17.783492761080556,72.07242786231554
C0169,2025-01,8.864894473472907,93.96181305456032
C0170,2025-01,12.589117469904686,78.35799026061474
C0171,2025-01,16.250049414769713,76.88223083594677
C0172,2025-01,17.001869483615934,74.57554997267617
C0173,2025-01,15.067429677304474,69.63531804815774
C0174,2025-01,17.84295354511479,69.13135355618391
C0175,2025-01,17.375366918215057,73.03074142773492
C0176,2025-01,13.299766285720418,76.85979134110828
C0177,2025-01,13.96720511455058,88.80489290349288
C0178,2025-01,16.165414209648787,87.16673279601208
C0179,2025-01,13.088485377584632,100.0
C0180,2025-01,18.762322103678336,95.85904585599664
C0181,2025-01,11.780425310857844,100.0
C0182,2025-01,,87.97765113715185
C0183,2025-01,16.024472376969126,85.33057956707594
C0184,2025-01,13.280835644532905,72.2467678228008
C0186,2025-01,13.13931433898487,67.0395570738463
C0187,2025-01,16.15275626632464,56.80282508522163
C0188,2025-01,14.42376439212495,100.0
C0189,2025-01,11.195216179429371,62.18472347566675
C0190,2025-01,16.95687047274335,82.82764552688595
C0191,2025-01,15.489203371486347,
C0192,2025-01,17.164686243910495,
C0193,2025-01,18.197618123719973,100.0
C0194,2025-01,21.54161990407361,89.08166256801698
C0195,2025-01,19.131090872356744,100.0
C0196,2025-01,13.112524969055332,82.71859791056838
C0197,2025-01,16.75821039206384,100.0
C0198,2025-01,12.726280569484462,90.1088023776177
C0199,2025-01,13.32982104240512,68.03294327833038
C0200,2025-01,9.78665947858546,79.38836285718914
C0201,2025-01,13.794783992546112,78.37538342680814
C0203,2025-01,14.094885792041483,56.10988716755345
C0204,2025-01,11.086696341071182,85.0321087915993
C0205,2025-01,10.450074511392724,62.32989999082449
C0206,2025-01,21.647924032811932,47.352252160587405
C0207,2025-01,15.035623794648432,73.71761414268686
C0208,2025-01,12.287036120853667,70.28163428468643
C0209,2025-01,16.42822915507546,69.74807774299168
C0210,2025-01,21.318258488258017,37.392324211015236
C0211,2025-01,16.56193308778739,68.75668643282302
C0212,2025-01,7.037229653351574,80.56379142237274
C0213,2025-01,,68.82215684292765
C0214,2025-01,8.030301121206147,82.34961334113757
C0215,2025-01,15.024714120603964,100.0
C0216,2025-01,9.90513479643656,83.2469698186895
C0217,2025-01,12.466593024708045,94.99151796618675
C0218,2025-01,14.920549840847055,
C0219,2025-01,7.875867506986895,
C0220,2025-01,15.04438263383346,88.86467033194748
C0221,2025-01,18.847156644521064,96.94930086810646
C0222,2025-01,11.236448858402172,71.45045274787068
C0223,2025-01,11.305950764767317,72.18724671488853
C0224,2025-01,13.841604225996015,86.62408887057434
C0225,2025-01,12.525546763590153,56.05909990745343
C0226,2025-01,13.22513288511723,66.47065549080735
C0227,2025-01,11.360133254815594,
C0228,2025-01,17.537766012637356,91.24123988075988
C0229,2025-01,16.362398474569748,83.32013510259449
C0230,2025-01,11.278129465342143,94.37009120943519
C0231,2025-01,11.675807689978061,66.95238131820994
C0232,2025-01,15.056177956543253,66.83238498400847
C0233,2025-01,11.686081716979327,87.60475653330306
C0234,2025-01,15.148086949651523,69.19233334770534
C0235,2025-01,18.79485270245314,71.18665557176129
C0236,2025-01,13.982515478429022,52.87857065752206
C0237,2025-01,10.239757962332668,82.00720090195819
C0238,2025-01,14.37989434475196,97.25667944804874
C0239,2025-01,13.84534773896566,
C0240,2025-01,13.847206630443457,93.62944304047292
C0241,2025-01,,82.1441775910841
C0242,2025-01,15.570901769356208,
C0243,2025-01,14.645140258310319,67.60260322750756
C0244,2025-01,15.096595224548057,69.20491125633356
C0245,2025-01,21.331810790078574,77.70589873689256
C0246,2025-01,17.76928770413846,84.76528572964241
C0247,2025-01,16.862864591140497,100.0
C0248,2025-01,15.660594775613516,62.52054866438428
C0249,2025-01,11.545355217422635,73.42173286014535
C0250,2025-01,17.688842797833782,66.81188019268937
C0251,2025-01,15.113062293447799,62.84888705012896
C0252,2025-01,13.081315480086976,82.37900935105517
C0253,2025-01,13.444543727598898,78.93393683782247
C0254,2025-01,12.008797003132674,55.96458281366357
C0255,2025-01,19.21750719431917,85.4058409424418
C0256,2025-01,16.48438587529438,62.90870485234079
C0257,2025-01,14.547185154997722,
C0258,2025-01,15.38033118410941,100.0
C0259,2025-01,11.933527265552472,
C0260,2025-01,7.509935713685575,80.48575147156971
C0261,2025-01,9.02937421161597,68.4911290683398
C0262,2025-01,12.70501205529562,82.37930735800515
C0263,2025-01,12.029429789953369,88.57998889811451
C0264,2025-01,16.33742978030933,89.72948848752151
C0265,2025-01,16.804981466005447,78.17927144022866
C0266,2025-01,14.580222017223425,84.59506744823327
C0267,2025-01,18.46357195250652,
C0268,2025-01,12.27450945506018,70.1299605325119
C0269,2025-01,13.828305620675318,89.02222653871098
C0270,2025-01,15.717781419066494,96.35760450890317
C0271,2025-01,17.88948028095247,81.68678458658177
C0272,2025-01,15.39723347798377,100.0
C0273,2025-01,14.939390904696474,87.2412190338661
C0274,2025-01,8.833585621929055,74.39659797309317
C0275,2025-01,11.196073827437342,60.909441307664224
C0276,2025-01,17.244548398939415,98.33123742656036
C0277,2025-01,7.001291081821053,86.54217064220609
C0278,2025-01,19.581401166748652,100.0
C0279,2025-01,16.32458011430854,100.0
C0280,2025-01,11.589230336282718,59.75548344295463
C0281,2025-01,11.886659654149167,61.62868286012284
C0282,2025-01,19.748457150364572,38.4505053934319
C0283,2025-01,18.606561249530806,92.4315493520584
C0284,2025-01,13.512199633733717,87.0924974527071
C0285,2025-01,15.039976981411128,81.82291197860849
C0286,2025-01,12.813795232431648,63.67526581593393
C0287,2025-01,14.570819876287956,77.64175482828534
C0288,2025-01,,88.12456759410145
C0289,2025-01,14.888683658994383,93.03920177469811
C0290,2025-01,19.144797168110216,81.20118023190065
C0291,2025-01,15.457301820477587,93.44036466363923
C0292,2025-01,11.38710444235578,78.36606810845885
C0293,2025-01,11.3824921094857,99.81277402642226
C0294,2025-01,16.106418628499096,92.92777227222703
C0295,2025-01,11.574596482252586,61.240543495958306
C0296,2025-01,14.873001438730332,98.22639185646312
C0297,2025-01,10.15147955908327,98.85796411290828
C0298,2025-01,16.493108471846945,86.25783987913884
C0299,2025-01,11.781120555787904,85.46876510704757
C0300,2025-01,15.040490993217349,100.0
C0301,2025-01,13.309692852171855,56.548961553830196
C0302,2025-01,,97.02153601310638
C0303,2025-01,14.79765182916449,72.61038724954545
C0304,2025-01,20.910423275186623,97.24584235255486
C0305,2025-01,15.834809719803317,80.52720359242014
C0306,2025-01,18.13632740894409,60.466067812306825
C0307,2025-01,13.429759704160311,71.56923707093057
C0308,2025-01,15.36092257745437,93.71891845426819
C0309,2025-01,19.503055720550467,81.54750617316711
C0310,2025-01,17.60852705351948,72.61136155317097
C0311,2025-01,16.510865636616376,72.59854386441195
C0312,2025-01,13.243312651721656,88.08185441155588
C0313,2025-01,14.474174805228268,100.0
C0314,2025-01,17.747750466807688,49.47684818441744
C0315,2025-01,18.685680894202687,100.0
C0316,2025-01,12.798935661357357,83.11086003632043
C0317,2025-01,13.195950886717375,91.21389726012454
C0318,2025-01,12.570264235710273,76.50122087500606
C0319,2025-01,17.466855221229785,81.54329949880216
C0320,2025-01,12.417178146888194,85.047192880088
C0321,2025-01,17.076668300889892,65.72551638336367
C0322,2025-01,15.839332541593198,67.72799823849512
C0323,2025-01,12.572539551386647,95.60999585409084
C0324,2025-01,19.102859337059147,57.97141548332206
C0325,2025-01,10.487750136601704,87.42297031607418
C0326,2025-01,20.243839609710214,77.36356930361319
C0327,2025-01,15.96801523550493,68.25462538323674
C0328,2025-01,7.149075858369027,100.0
C0329,2025-01,18.980653857749687,65.65368064328935
C0330,2025-01,16.538840712819137,61.25258267091463
C0331,2025-01,12.904812424475212,76.3472070664269
C0332,2025-01,11.377696797637737,68.47970743377701
C0333,2025-01,9.748938523045116,79.94312504645792
C0334,2025-01,21.722854957536075,82.09731172680247
C0335,2025-01,11.727618998699807,83.27776165617344
C0336,2025-01,10.294625078003401,76.88349735194404
C0337,2025-01,14.289223485899026,66.78795653287078
C0338,2025-01,11.22241835404383,94.46130511193454
C0339,2025-01,10.705570205625888,75.60368593880717
C0340,2025-01,18.405599123828168,76.13032943571949
C0341,2025-01,16.13198953308357,100.0
C0342,2025-01,13.082718308897325,77.44105984823793
C0343,2025-01,14.822461562600502,96.17961756697348
C0344,2025-01,13.167397515575303,97.15843528011584
C0345,2025-01,14.085812983484148,97.26677440126532
C0346,2025-01,12.57921372115782,90.89170220967799
C0347,2025-01,,77.15332983429805
C0348,2025-01,12.50854704104727,78.57202117649753
C0349,2025-01,11.385740074935375,73.46006044290942
C0350,2025-01,,52.411552443527704
C0351,2025-01,17.889256753283533,93.65964387128464
C0352,2025-01,13.011749471739709,87.78531551909963
C0353,2025-01,11.89395126299172,94.81444852898557
C0354,2025-01,14.58322623929405,80.21216550834549
C0355,2025-01,19.648017665691786,84.91473517009318
C0356,2025-01,10.422684031062762,57.400899927114466
C0357,2025-01,14.389793080341803,64.87516896851777
C0358,2025-01,14.051539299087477,42.95096446368229
C0359,2025-01,13.506966126328427,75.89542008657016
C0360,2025-01,12.738403877607423,67.89475343865254
C0361,2025-01,17.10766563070122,64.49407279463266
C0362,2025-01,14.919322283190752,81.53828800604894
C0363,2025-01,17.61091708302498,75.9545696538657
C0364,2025-01,,60.37654935907267
C0365,2025-01,16.49281021103404,100.0
C0366,2025-01,18.54309221019501,77.11476701740968
C0367,2025-01,18.4673710126281,64.74984763311056
C0369,2025-01,17.758273561077303,76.2634974900569
C0370,2025-01,13.405056266504642,80.59121184868974
C0371,2025-01,17.567365331095193,
C0372,2025-01,17.08522230851377,80.40103649834904
C0373,2025-01,21.107871152370905,100.0
C0374,2025-01,11.64932831783889,74.11542501005637
C0375,2025-01,16.69663965693679,87.71272593949843
C0376,2025-01,12.199108047899902,93.44878632792555
C0378,2025-01,13.103901408539466,95.86001571846545
C0379,2025-01,16.04220885110524,76.53784375612003
C0380,2025-01,11.102580024591653,82.70179896560421
C0381,2025-01,16.818711124836394,45.08485633533755
C0382,2025-01,14.965627078639198,76.7473545698618
C0383,2025-01,14.680835365118565,94.35841422369592
C0384,2025-01,20.416301142223944,92.7744315269222
C0385,2025-01,14.44348190473349,82.42562063764873
C0386,2025-01,15.705190977041035,100.0
C0387,2025-01,15.347903691246122,76.44756466626723
C0388,2025-01,16.422288663924338,74.40127974106187
C0389,2025-01,21.885353571837804,75.8455418998624
C0390,2025-01,14.72341877833829,64.39214798928452
C0391,2025-01,12.646256744223521,88.20718425281053
C0392,2025-01,19.942386907770853,83.47100710061784
C0393,2025-01,12.890663908801693,86.25214626628465
C0394,2025-01,10.65267474850387,77.42616784006648
C0395,2025-01,13.471248438039957,83.1662434803388
C0396,2025-01,10.26347010360664,47.84624649139264
C0397,2025-01,8.837375826654743,84.3913984703483
C0398,2025-01,13.776697223113283,82.60292115822739
C0399,2025-01,13.733141655859686,62.73857791135811
C0400,2025-01,19.45241972139902,83.23758113749531
C0401,2025-01,16.634895051879276,77.2124104899946
C0402,2025-01,15.702610675868659,100.0
C0403,2025-01,11.586936251947908,64.36611000468096
C0404,2025-01,17.357053630507664,85.31414598618488
C0405,2025-01,17.476788565395697,60.73954324983459
C0406,2025-01,15.715410141724742,72.29543000663709
C0407,2025-01,16.937393650358363,
C0408,2025-01,11.113416734233539,78.39923023902803
C0409,2025-01,16.48825950799611,75.99930163027729
C0410,2025-01,20.014991470109866,85.2331089279996
C0411,2025-01,14.787221593702178,70.81622732509241
C0412,2025-01,13.099085303438153,93.65190861588485
C0413,2025-01,13.56595018194675,74.22973276104112
C0414,2025-01,12.607034618193776,76.52854608236913
C0415,2025-01,13.925223323752629,
C0416,2025-01,17.441781990573674,86.504112147946
C0417,2025-01,14.918996503864305,87.62120483977753
C0418,2025-01,16.95102934894741,82.56823339089688
C0419,2025-01,16.108321042770754,88.21847395657342
C0420,2025-01,10.940012106202488,72.21903822881147
C0421,2025-01,12.906365519656168,64.73200993081718
C0422,2025-01,11.57344531986785,55.88628382223136
C0423,2025-01,13.407426006602748,54.83284538786815
C0424,2025-01,19.982818308879907,100.0
C0425,2025-01,20.22379912348256,48.55150674261449
C0426,2025-01,17.91972190215761,99.74518998840561
C0427,2025-01,14.522142412323479,67.39400391457747
C0428,2025-01,10.72916008650421,97.65722942640191
C0429,2025-01,15.34549199549439,49.782663203530845
C0430,2025-01,12.064202137918869,76.48943213106747
C0431,2025-01,19.578527222787372,100.0
C0432,2025-01,9.77565529669041,90.29817510886441
C0433,2025-01,15.122734655483233,73.50922240197187
C0434,2025-01,10.871734938410942,49.446494683141424
C0435,2025-01,14.39214455961696,61.22079441011155
C0436,2025-01,,99.40371550578631
C0437,2025-01,18.73840386169404,79.03294916694034
C0438,2025-01,13.526360727806477,76.35590032088257
C0439,2025-01,16.007773344424074,81.3832371121018
C0440,2025-01,13.354037343975271,64.5650806828128
C0441,2025-01,15.79925248517179,
C0442,2025-01,16.216597397763753,69.82530045213444
C0443,2025-01,15.393230220390912,83.7682782846274
C0444,2025-01,,67.66554701125085
C0445,2025-01,13.76661320757618,58.32217619336538
C0446,2025-01,18.85660090839537,78.38222695713694
C0447,2025-01,12.782527633564262,94.16442492067448
C0448,2025-01,,82.38944260225257
C0449,2025-01,15.831835722293542,78.85659695221396
C0450,2025-01,13.804946040990927,94.64843535753253
C0451,2025-01,10.775969547931254,79.26683094764857
C0452,2025-01,18.89369980351792,81.92534773752033
C0453,2025-01,11.550835024267805,74.44871664397961
C0454,2025-01,15.314790878234087,98.10292140185838
C0456,2025-01,13.686105440586728,72.4664394482641
C0457,2025-01,10.770641570361956,
C0458,2025-01,17.152940522431916,97.16980054641499
C0459,2025-01,13.661182232799373,
C0460,2025-01,16.596858050630928,78.16189181818118
C0461,2025-01,12.81307607682977,100.0
C0463,2025-01,9.218523129697854,100.0
C0464,2025-01,9.051501723643135,70.15594078245731
C0465,2025-01,20.24341010469761,96.60752142731064
C0466,2025-01,15.780209415067016,79.90031394375269
C0468,2025-01,14.11562391280321,100.0
C0469,2025-01,16.37694719396337,76.6433764069442
C0470,2025-01,15.18282868845108,79.54798077530226
C0471,2025-01,11.250383389244483,66.18198442595452
C0472,2025-01,16.866345242544902,92.14446820713485
C0473,2025-01,16.322493284831136,71.61941892470857
C0474,2025-01,18.325237812147954,92.78442706122584
C0475,2025-01,19.216125302810227,54.97922152259453
C0476,2025-01,15.962539956818649,
C0477,2025-01,11.12044268076039,71.99859282730702
C0478,2025-01,19.133264628830908,87.94623306803796
C0479,2025-01,11.112576665340601,78.70025981453888
C0480,2025-01,16.210147243366315,74.82610406634116
C0481,2025-01,15.148982458921525,
C0482,2025-01,12.750462113871556,66.5690243472655
C0483,2025-01,16.996273859000308,92.4069402225112
C0484,2025-01,15.580167984518035,66.47504106375798
C0486,2025-01,11.642313665494589,83.4645959024503
C0487,2025-01,13.505021926050706,100.0
C0488,2025-01,11.757087915000545,78.42212910259008
C0489,2025-01,14.051261162870441,77.09977154447128
C0490,2025-01,13.964993563456918,83.23515557182154
C0491,2025-01,20.756439616928567,53.38325797160526
C0492,2025-01,12.831092113644367,60.24981904716522
C0493,2025-01,8.215272735786062,
C0494,2025-01,20.410584194970273,75.76946383310258
C0495,2025-01,15.454419616301509,56.27713893133702
C0496,2025-01,13.400213398661194,89.65305012408406
C0497,2025-01,14.539680961351095,88.14101775358378
C0498,2025-01,11.507172519888208,81.45687842215132
C0499,2025-01,20.31767562261335,70.29589498835169
C0500,2025-01,15.183059951457304,82.86991912354863
C0501,2025-01,9.719443197002754,88.64461452366541
C0502,2025-01,,77.99467909348381
C0503,2025-01,17.09257756669774,82.8042195513425
C0504,2025-01,14.623142115115044,67.70128028796356
C0505,2025-01,12.550636948861433,83.88285226668056
C0506,2025-01,12.198270339694,98.23328662019196
C0507,2025-01,12.393192725970032,99.39877421382367
C0508,2025-01,17.539531043980443,93.50143344542724
C0509,2025-01,13.9356654820776,82.83348330868775
C0510,2025-01,11.502066425845971,87.23672760094797
C0511,2025-01,16.707244050900538,77.23309608499201
C0512,2025-01,,52.276157757091134
C0513,2025-01,13.163644519426049,61.20584065064658
C0514,2025-01,10.749222683666453,75.34870689892932
C0516,2025-01,18.177007530701125,100.0
C0517,2025-01,15.890589948015695,
C0518,2025-01,14.65304935520782,66.11292188992937
C0519,2025-01,15.230967801207575,91.44553125280363
C0520,2025-01,15.188492285406202,72.33912313153436
C0521,2025-01,12.580525092321077,87.84232574407254
C0522,2025-01,14.689787853909369,93.9751679180001
C0523,2025-01,17.05703454443813,94.26362979727836
C0524,2025-01,19.71868022144782,76.3526920930105
C0525,2025-01,9.912250510764146,91.1286732006776
C0526,2025-01,14.437659009193908,55.65538852269304
C0527,2025-01,,94.14444254388201
C0528,2025-01,19.272648204695898,76.7377959073698
C0529,2025-01,19.76499841558396,79.67820693350593
C0530,2025-01,12.68644901219676,53.388297110454516
C0531,2025-01,18.190535948578464,74.11000289173998
C0532,2025-01,14.671409314416806,98.9617129549089
C0533,2025-01,18.24245679000557,76.05686309408846
C0534,2025-01,16.025976854053383,87.19228135895133
C0535,2025-01,10.150785239480037,78.6260296785786
C0536,2025-01,16.113669266891357,94.75652594442853
C0537,2025-01,16.54576704042501,79.44327106924821
C0538,2025-01,,66.65769917343611
C0539,2025-01,13.771382277483957,80.82474804923127
C0540,2025-01,9.652774118210498,100.0
C0541,2025-01,15.567395604736726,83.68884127611989
C0542,2025-01,14.981846189003027,77.888421983093
C0543,2025-01,11.176889907164188,100.0
C0544,2025-01,13.960953164537386,97.69059701974572
C0545,2025-01,14.833462167562326,91.0007828828418
C0547,2025-01,13.811316856406446,87.90145193277142
C0548,2025-01,8.979677312017841,89.77649986998705
C0549,2025-01,17.73319433254482,46.72368263556659
C0550,2025-01,14.030585102458035,83.80529780480954
C0551,2025-01,11.664334763588137,79.29003557949768
C0552,2025-01,6.439797888976203,70.73288028988546
C0553,2025-01,17.549265822206184,77.1367480764007
C0554,2025-01,16.032178063253284,57.74446306809703
C0555,2025-01,13.60368937966077,49.64089939699154
C0556,2025-01,17.136362110454495,97.6024275331479
C0557,2025-01,18.012129484642852,89.56832379510068
C0559,2025-01,12.719092853943563,68.53640143943234
C0561,2025-01,16.028665645545264,76.9659306806767
C0562,2025-01,18.55964327944959,96.99189986921553
C0563,2025-01,14.228506987964847,94.82058019624874
C0564,2025-01,19.877258435885338,64.16546379676724
C0566,2025-01,15.220766573602752,72.32239361285403
C0567,2025-01,20.56575908547476,56.71876615741341
C0568,2025-01,20.442351524583216,62.92121570511925
C0569,2025-01,18.398518219556454,64.92466664058853
C0570,2025-01,,71.19332388380089
C0571,2025-01,20.23023205767708,81.14416538543445
C0572,2025-01,13.167602867360618,90.99983279073683
C0573,2025-01,15.127638263361666,91.55806872344712
C0574,2025-01,8.994039907829118,93.74449519082765
C0575,2025-01,14.929104186022343,74.43478954061779
C0576,2025-01,10.256715973598766,85.13126224560273
C0577,2025-01,14.25037559880981,73.0081306349658
C0578,2025-01,10.587147523062821,72.39219637704736
C0580,2025-01,16.412791422291107,48.23356838720477
C0581,2025-01,21.15583673558625,53.16114653215536
C0582,2025-01,12.238393805500593,88.04934955779756
C0583,2025-01,,78.85564282193702
C0584,2025-01,9.525897191118062,61.329000571718225
C0585,2025-01,15.145874968896393,65.30760848195229
C0586,2025-01,12.654693016522673,67.2235267650968
C0587,2025-01,12.86270011794523,91.51461059882047
C0589,2025-01,12.770641107418935,100.0
C0590,2025-01,9.674509993798187,54.26575926823681
C0591,2025-01,12.119752920290349,57.35038168178775
C0592,2025-01,14.151426314521835,57.579033099196764
C0594,2025-01,15.482558372250613,86.16283296983158
C0595,2025-01,17.884058183776816,80.73758096355495
C0596,2025-01,11.242540980865988,87.13837370298856
C0597,2025-01,14.009247362014506,81.89895605052668
C0598,2025-01,16.442555787892793,63.669148104587336
C0599,2025-01,16.75943040205476,91.28394617259094
C0600,2025-01,11.863081509383367,77.21608376538472
C0601,2025-01,17.03795968230251,62.3146754973059
C0602,2025-01,13.383418296956165,89.6307890443915
C0603,2025-01,11.928379279474052,73.24053963770115
C0604,2025-01,15.501064463908515,81.6521727571729
C0605,2025-01,14.67865088514444,78.78410103896675
C0606,2025-01,13.90035136091301,95.70959736447678
C0607,2025-01,13.178845958725981,84.2471200874295
C0608,2025-01,10.964051214827355,66.53966959949622
C0609,2025-01,14.599410964307818,88.79689747115417
C0610,2025-01,16.46577041467723,80.5181158366726
C0611,2025-01,,86.06161823063036
C0612,2025-01,17.054732413477208,93.43207347006403
C0613,2025-01,15.366533567510247,69.10400085580673
C0614,2025-01,13.614788424025026,92.52285615699573
C0615,2025-01,10.117825043485672,57.73672156302341
C0616,2025-01,11.205378250796286,76.60668373565595
C0617,2025-01,13.099922676260029,78.20019531120164
C0618,2025-01,10.90277417639896,95.76490904010372
C0619,2025-01,16.74412911977308,
C0620,2025-01,18.527966384507945,
C0621,2025-01,,56.23444490865185
C0623,2025-01,19.679845877363306,
C0624,2025-01,19.6774351774921,100.0
C0625,2025-01,14.674628723768008,73.56957872658299
C0626,2025-01,15.381729590450403,79.22945168269266
C0627,2025-01,17.796477438237563,80.3529868678988
C0628,2025-01,13.601047402186362,55.34004149413069
C0629,2025-01,13.268568780866033,69.89465129409626
C0630,2025-01,12.669669080285715,85.8390023225498
C0631,2025-01,7.695405880448677,82.11851664150387
C0632,2025-01,13.868186329355947,44.98348465819058
C0633,2025-01,12.149446830404568,71.32563581948507
C0634,2025-01,11.089140530770315,93.67545793232584
C0635,2025-01,16.489737630401997,90.6456632489446
C0637,2025-01,17.16736203045563,67.0313451314532
C0638,2025-01,15.80625075533378,97.45118952574754
C0639,2025-01,14.063594469027514,81.92556233768235
C0640,2025-01,14.776804521875716,100.0
C0641,2025-01,11.020111851630853,80.34884585748476
C0642,2025-01,17.758011133192753,
C0643,2025-01,14.933983548132504,91.46253341489572
C0644,2025-01,15.75133901861854,75.34343902452135
C0645,2025-01,15.51796783202826,73.10710775087078
C0646,2025-01,12.45468296145637,59.26308064212838
C0647,2025-01,9.21971834146291,100.0
C0648,2025-01,17.645401174689503,73.61607039993217
C0649,2025-01,15.67607006556177,99.08355026452377
C0650,2025-01,12.82488367269822,73.73246267940347
C0651,2025-01,16.955560228608302,71.10566594063738
C0652,2025-01,18.397187539181047,98.88429917984136
C0653,2025-01,18.664909163017754,81.4693360265499
C0654,2025-01,11.963415142450916,76.30029740285082
C0655,2025-01,10.473632723954186,63.523623036892786
C0656,2025-01,9.885931552141408,71.38519627069131
C0658,2025-01,18.230587608594334,59.623600783152256
C0659,2025-01,12.545785480771885,73.22317800558119
C0660,2025-01,12.282013034799279,72.68373852238675
C0661,2025-01,12.908224758107758,81.793364774205
C0662,2025-01,11.946822348402788,
C0663,2025-01,15.199251835645176,78.24376403125508
C0664,2025-01,10.829839137513478,70.89962293011993
C0665,2025-01,17.596573528662713,100.0
C0666,2025-01,14.940923390838632,76.85336046689723
C0667,2025-01,23.288042136722975,81.83291378545448
C0668,2025-01,10.517834927873523,73.45197724307076
C0669,2025-01,18.80263411272601,74.56868457530284
C0670,2025-01,18.62062697168927,80.91053734132284
C0671,2025-01,12.524987903739568,90.4246171205609
C0672,2025-01,13.627119520393954,86.69683266225952
C0673,2025-01,11.625946825578191,94.71213880035617
C0674,2025-01,11.605176652482063,94.06520453850649
C0675,2025-01,15.458832826255103,86.12189839722119
C0676,2025-01,16.066573641507837,90.28331987678871
C0677,2025-01,10.382685759074946,97.82148533408885
C0678,2025-01,21.921169775270112,66.24524035894032
C0679,2025-01,14.213527230755167,100.0
C0680,2025-01,14.90480080004691,73.517021400598
C0681,2025-01,12.15277328355822,73.52477637736281
C0682,2025-01,13.401694268270482,62.04246263972057
C0683,2025-01,13.228940647135243,62.79180529153132
C0684,2025-01,14.381160518441835,93.26964961751503
C0686,2025-01,15.804794626527391,68.35929038503039
C0687,2025-01,14.415780049745038,82.30949885528096
C0688,2025-01,16.706361378617554,83.39404006470043
C0689,2025-01,13.832559927248132,91.87673184938274
C0690,2025-01,15.226980752414924,100.0
C0691,2025-01,13.387395144879697,
C0692,2025-01,17.312442370643296,76.00246062503737
C0693,2025-01,,84.26021593236094
C0694,2025-01,14.383413279927801,89.98493594327951
C0695,2025-01,14.84457986876208,82.7464320717068
C0696,2025-01,14.18463201680183,64.69806093285517
C0697,2025-01,14.810930511232444,69.54912874078886
C0698,2025-01,15.015789449192503,98.35704628917321
C0699,2025-01,13.677870157444143,100.0
C0700,2025-01,16.485462752945573,76.06326051605402
C0701,2025-01,17.220304830919726,84.44169836109194
C0702,2025-01,19.460345259287106,95.45760931723123
C0703,2025-01,12.437503849517304,55.30154572970578
C0704,2025-01,17.01995277559378,75.48652130204755
C0705,2025-01,8.45612683329679,100.0
C0706,2025-01,15.929319626673822,80.66427613220696
C0707,2025-01,9.32487265555832,61.50637148275151
C0708,2025-01,11.168605689820607,80.38061544515686
C0709,2025-01,16.009910302785677,96.0108793442166
C0710,2025-01,12.038253524431562,42.35770764639485
C0711,2025-01,11.832007337301139,81.15822766504152
C0712,2025-01,12.777584731597418,73.89297223268002
C0713,2025-01,16.855820040430952,57.56849977880066
C0714,2025-01,12.249242649753093,82.97336103517874
C0715,2025-01,15.147064590113976,80.78770736462569
C0716,2025-01,,77.71493594172368
C0717,2025-01,16.960022568876244,75.12551883287067
C0718,2025-01,17.841023668495016,68.35880229346365
C0719,2025-01,9.148708534361067,60.14794008518922
C0720,2025-01,17.7098949990763,70.57889664543312
C0721,2025-01,12.676818482636168,92.05981693710692
C0722,2025-01,14.857207456244685,82.09075364702332
C0723,2025-01,12.411866873048456,81.46021703507556
C0724,2025-01,15.871745995566402,66.30438653778931
C0725,2025-01,22.411707711926837,75.62406044358616
C0726,2025-01,14.251582600039244,88.22049220428147
C0727,2025-01,12.915708330984868,86.38447762121
C0728,2025-01,13.72153813336274,73.04595528114653
C0729,2025-01,10.260254216172337,43.99818350573875
C0730,2025-01,,72.42129869176456
C0731,2025-01,15.08929996631972,72.07777889855069
C0732,2025-01,9.890284220414635,62.42377666985526
C0733,2025-01,11.035758285252891,
C0734,2025-01,14.163255275201035,90.15639558724824
C0735,2025-01,16.911832385033374,78.19733700866853
C0736,2025-01,11.490385267942152,95.33359465117941
C0737,2025-01,17.801933918884355,58.75514377857381
C0738,2025-01,13.492172494246867,73.28601368902271
C0739,2025-01,10.03786705086106,47.28234780111117
C0740,2025-01,12.544447470539643,72.18631041647939
C0742,2025-01,9.767621972788504,96.0450796094124
C0743,2025-01,12.585851735390534,86.67440342590565
C0744,2025-01,17.509574953131665,94.71369360239188
C0745,2025-01,14.890245910601239,73.12537971364677
C0746,2025-01,11.631705692117414,64.07537379667224
C0747,2025-01,17.633129284850572,66.07394999564887
C0748,2025-01,17.22651432309372,
C0749,2025-01,14.764580235122054,100.0
C0751,2025-01,12.593396031201692,72.9809514256564
C0752,2025-01,15.450216094910814,77.6778343582799
C0753,2025-01,12.35939562836998,85.54573806217523
C0754,2025-01,19.115700075148812,100.0
C0755,2025-01,18.898815620589353,94.93114777022782
C0756,2025-01,13.770028716129977,83.56573694360775
C0757,2025-01,,81.50216861782029
C0758,2025-01,16.83098270104624,80.1028693735058
C0759,2025-01,20.355613693940633,86.88296329742163
C0760,2025-01,20.200242599760124,77.64622396930176
C0761,2025-01,9.222434172870875,67.9463837798846
C0762,2025-01,13.1380165572497,93.06667572187564
C0763,2025-01,,80.29640437171469
C0764,2025-01,13.707090754136562,95.58133325088409
C0765,2025-01,19.139785218144283,100.0
C0766,2025-01,20.059591987654787,89.52682784155014
C0767,2025-01,12.467577901928287,86.40423979966258
C0768,2025-01,15.02006989801903,100.0
C0769,2025-01,11.581565093015836,80.66570680119995
C0770,2025-01,15.184761881141476,68.96616873501775
C0771,2025-01,15.194803917943505,80.6331833027377
C0772,2025-01,17.07843648248206,100.0
C0773,2025-01,11.827960802035818,61.85950640687042
C0774,2025-01,6.64297165547668,69.4429671096715
C0775,2025-01,9.048909379234159,93.36510403668798
C0776,2025-01,12.302334372235462,79.15477503933636
C0777,2025-01,11.808394236325693,76.04145566005211
C0778,2025-01,14.441925816931844,92.9618948654495
C0779,2025-01,11.552263433599878,70.93665404146607
C0781,2025-01,11.040810608432878,58.319439279221854
C0782,2025-01,11.367910416182609,88.86116760660789
C0783,2025-01,12.197580550822785,81.49805525933019
C0784,2025-01,12.792773584709185,70.58618805540398
C0785,2025-01,15.742178440995973,61.02694394228192
C0786,2025-01,12.318685980285007,78.83622336622878
C0787,2025-01,13.51930469059369,95.93822392611662
C0789,2025-01,17.156938368966788,71.49003516217773
C0790,2025-01,14.477399332964746,64.80015526054355
C0791,2025-01,17.239815979675775,73.48197225083024
C0792,2025-01,,82.02292496555137
C0793,2025-01,15.485918282196147,100.0
C0794,2025-01,12.969903714246295,
C0796,2025-01,14.86002594180371,93.95630936632146
C0797,2025-01,18.846072166572046,86.90464736517801
C0798,2025-01,11.321494440714357,69.84681809717563
C0799,2025-01,14.543642979983087,100.0
C0800,2025-01,10.369175351105447,79.011533767495
H0001,2025-02,11.345230901578372,92.60859278153293
H0002,2025-02,10.529417607787956,67.38073170511483
H0003,2025-02,14.114248890189893,46.39652928172404
H0004,2025-02,13.535472198562832,74.06411836618932
H0005,2025-02,19.427714289767756,100.0
H0006,2025-02,20.19061472444572,62.7876791664836
H0007,2025-02,12.50185290588505,66.82991144740596
H0008,2025-02,8.430154151389019,72.23097523557898
H0009,2025-02,11.300871790391303,100.0
H0010,2025-02,11.5330196713029,73.43370128301451
H0011,2025-02,13.918864027589523,61.6631889858278
H0012,2025-02,13.742369569459424,85.16953108607652
H0013,2025-02,,84.1568898561544
H0014,2025-02,20.741528872882448,
H0015,2025-02,16.19788050078489,64.15857067344443
H0016,2025-02,20.473301997423253,74.418027114727
H0017,2025-02,9.047983101226865,95.59688697988511
H0018,2025-02,,89.5106754129663
H0019,2025-02,14.255445931623902,91.99649650616918
H0020,2025-02,13.191850622407486,78.80037186625431
H0021,2025-02,14.255676927201488,93.73157001586367
H0022,2025-02,12.543908438916661,84.57877108219827
H0023,2025-02,13.731851204645597,71.53992415225194
H0024,2025-02,16.362454449722275,87.18047227410992
H0025,2025-02,7.522824400750256,64.12201658605545
H0026,2025-02,19.43797462766416,100.0
H0027,2025-02,15.440156278616564,93.32371346073488
H0028,2025-02,16.067162734569944,82.22815914921773
H0029,2025-02,17.843827118205645,79.2003583662159
H0030,2025-02,15.315908527426986,80.93462698018742
H0031,2025-02,12.54799369644679,75.87234652563947
H0032,2025-02,12.206303247952805,98.54890211933316
H0033,2025-02,19.7458300601079,74.94790305923453
H0034,2025-02,9.427800928844258,56.847370293545836
H0035,2025-02,13.07826337062753,73.60882767222176
H0036,2025-02,10.65750447162921,91.83144195383707
H0037,2025-02,16.120593094260414,94.72949820221925
H0038,2025-02,,80.18883627908137
H0039,2025-02,11.425715822957153,73.37378185425054
H0040,2025-02,11.329878287508068,77.50570946128693
H0041,2025-02,15.096835948559166,72.3731329327408
H0042,2025-02,15.663910207631462,48.75511551680309
H0043,2025-02,8.267971367831098,66.66958248748489
H0044,2025-02,12.477536790625445,87.45821247040581
H0045,2025-02,14.665717098459385,75.15859605929582
H0046,2025-02,17.759270175399433,74.44629869969197
H0047,2025-02,16.684821105128464,94.38579722634857
H0048,2025-02,13.526157837047549,67.80776726835515
H0049,2025-02,16.646348570622607,65.03657433305632
H0050,2025-02,14.17311625547843,86.69421240457936
H0051,2025-02,5.548621955736234,71.42017358150235
H0052,2025-02,19.285111459885336,71.50599446933282
H0053,2025-02,15.622294764416496,100.0
H0054,2025-02,14.727748889926435,63.870032568460566
H0055,2025-02,14.26258945448125,68.87139753753698
H0056,2025-02,14.899628566150843,84.44941283407627
H0057,2025-02,14.410988651845255,78.94559938527043
H0058,2025-02,12.955815727828291,58.515340232920366
H0059,2025-02,12.569521417561134,100.0
H0060,2025-02,14.863616984199409,69.32279449617161
H0061,2025-02,11.200915640678643,74.37838723961596
H0062,2025-02,10.09648871051344,82.86187071624045
H0063,2025-02,14.120729659145704,100.0
H0064,2025-02,17.404304452559025,74.144686911514
H0065,2025-02,12.480391956013918,68.35816744312683
H0066,2025-02,12.62605708160496,86.94407495574886
H0067,2025-02,8.858807741612058,100.0
H0068,2025-02,10.25034571511694,80.89963362732726
H0069,2025-02,11.365667060733905,78.33932575184902
H0070,2025-02,16.278964647026456,81.6653961512123
H0071,2025-02,9.845392811430662,52.79313832849921
H0072,2025-02,15.157754084319755,
H0073,2025-02,12.20707526071593,49.45461620520176
H0074,2025-02,17.69318849894897,79.55083639283674
H0075,2025-02,17.93925714463284,72.62054676845837
H0076,2025-02,14.823390340904051,44.45193047232505
H0077,2025-02,18.4334888674063,84.28377177958238
H0078,2025-02,18.60257733839063,86.83019741782627
H0079,2025-02,18.482941859154508,77.10529316640483
H0080,2025-02,11.794429201015124,56.30567595011364
H0081,2025-02,8.492181792690332,97.38157948934729
H0082,2025-02,13.99267839123519,100.0
H0083,2025-02,14.01185063368042,82.1915948102109
H0085,2025-02,14.729917323303614,75.38025779450854
H0086,2025-02,6.769822485522047,86.02686833070806
H0087,2025-02,18.989955432928575,80.7684867788822
H0088,2025-02,15.417875232124533,84.3827894685554
H0089,2025-02,12.84189330246397,88.95186677860795
H0090,2025-02,14.780510540197794,69.3334839477543
H0091,2025-02,15.100847487460412,67.9808877253688
H0092,2025-02,16.037568015790985,76.3706572499505
H0093,2025-02,14.557821416396346,86.04413200165092
H0094,2025-02,16.726968964548284,56.14168748685418
H0095,2025-02,11.225107890960356,78.56096704494837
H0096,2025-02,14.216293999083158,79.84213780067256
H0097,2025-02,19.392181085522896,71.62591757707824
H0098,2025-02,15.155286824420836,
H0099,2025-02,16.606774363569972,100.0
H0100,2025-02,11.275572081233548,85.02220496653001
H0101,2025-02,20.550894165374658,100.0
H0102,2025-02,14.95889483334133,90.97371405937439
H0103,2025-02,11.00851654751703,82.82643145038081
H0104,2025-02,17.53684257932106,72.5420979476406
H0105,2025-02,11.341295316989447,74.66970832680619
H0106,2025-02,,81.96560266008525
H0107,2025-02,17.62738335314085,74.91976767290889
H0108,2025-02,21.670149667807067,62.39645042611565
H0109,2025-02,16.0719227881167,77.67169483045488
H0110,2025-02,14.27831562283249,93.15904712277711
H0111,2025-02,8.397863133108835,43.891618062458
H0112,2025-02,14.4121112269157,100.0
H0113,2025-02,12.926662361571529,89.93495673043597
H0114,2025-02,13.670132013498064,75.75946730673483
H0115,2025-02,14.659326049231378,89.75911664770351
H0117,2025-02,11.992484179613086,77.70481998995677
H0118,2025-02,16.084905674090045,93.8087675908372
H0119,2025-02,14.064429756657987,91.61492945937901
H0120,2025-02,11.98768403813972,80.30526678778264
H0121,2025-02,11.479651757536768,61.51811124730326
H0123,2025-02,19.180640115161538,53.31626275613229
H0124,2025-02,11.354253925823755,83.06242419883263
H0125,2025-02,,75.96939198147798
H0126,2025-02,15.572010268653871,70.1210726112825
H0127,2025-02,15.00779071907307,91.06787466987495
H0128,2025-02,10.077481872448942,65.07439732841485
H0129,2025-02,15.6120875819986,80.48628702105788
H0130,2025-02,9.09691527428849,72.29651633313668
H0131,2025-02,10.366608973365077,78.62206071117946
H0132,2025-02,10.982143802035008,85.30082036186361
H0133,2025-02,14.957698137870029,100.0
H0134,2025-02,12.211709444776957,87.58736089356262
H0135,2025-02,,98.09550315249004
H0136,2025-02,14.957180077818354,97.26077425232207
H0137,2025-02,14.593977025702065,91.35832984534741
H0138,2025-02,16.709036006288965,53.972202465337645
H0139,2025-02,12.16011915381496,76.14028022712293
H0141,2025-02,17.640421266899928,100.0
H0142,2025-02,11.058202802284796,
H0144,2025-02,17.69916902391218,41.95079096522109
H0145,2025-02,14.285515476478816,64.58174168794862
H0146,2025-02,15.079379772333336,85.15674738036262
H0147,2025-02,14.297925547515389,94.93378548877324
H0148,2025-02,16.675372989179564,60.03859430853415
H0149,2025-02,13.461304986586802,93.1790482932507
H0150,2025-02,14.813287039468214,79.69698041743074
H0151,2025-02,13.81189665003845,71.0779608224204
H0152,2025-02,9.587468951994586,82.20393787151615
H0153,2025-02,16.472740313952134,100.0
H0154,2025-02,11.721498863735203,79.66535262102981
H0155,2025-02,10.691456069844204,64.41127017958155
H0156,2025-02,8.29327271404423,82.71344162233983
H0157,2025-02,10.50527308227217,87.78591366162729
H0159,2025-02,,93.30961207611531
H0160,2025-02,13.18186977429702,47.904669112046605
H0161,2025-02,19.14449958361956,89.86812380151835
H0162,2025-02,14.371423902431445,89.9450917054593
H0163,2025-02,16.812495754941157,64.88991955336029
H0164,2025-02,19.15145081260162,61.94533274771653
H0165,2025-02,6.008313468453606,94.18042879970443
H0166,2025-02,15.927867479172093,97.28525668573275
H0167,2025-02,15.522569247920503,99.29633013135937
H0168,2025-02,16.250049298528307,67.89516040860579
H0169,2025-02,10.279722492332695,86.7102820971828
H0170,2025-02,12.281565404831406,83.0111211770634
H0171,2025-02,12.465433177636214,58.62704790540312
H0172,2025-02,10.406068986134121,81.4341357945358
H0173,2025-02,22.6385943286409,85.94409412259752
H0174,2025-02,,90.12221597404243
H0175,2025-02,17.15396102272394,71.5722827036902
H0176,2025-02,18.315209743557187,100.0
H0177,2025-02,10.317735829871314,81.58586649466281
H0178,2025-02,12.335586176327116,100.0
H0179,2025-02,13.783733249030307,87.46225105320559
H0180,2025-02,15.88476633850238,84.54898622328867
H0181,2025-02,14.657098019849439,60.67008743209618
H0182,2025-02,19.87979953156545,61.921232588485395
H0183,2025-02,17.492480157546577,100.0
H0184,2025-02,16.72967279036624,93.15112046404955
H0185,2025-02,16.716903609493887,73.71561353578112
H0186,2025-02,18.01149074341936,72.34183517399411
H0187,2025-02,11.811780200621786,80.37583804656803
H0188,2025-02,10.48192886800826,63.569104712455335
H0189,2025-02,,73.10398748405319
H0190,2025-02,11.361030854594436,91.84864425794969
H0191,2025-02,10.813574365159136,87.98997199459987
H0192,2025-02,15.840410203459353,78.31666125738819
H0193,2025-02,12.921126006724515,100.0
H0194,2025-02,16.584900235762458,95.09873237738027
H0195,2025-02,15.230322319844312,68.63564349455282
H0196,2025-02,17.01730102701368,66.88215533995688
H0197,2025-02,10.131327991076791,86.41129912431823
H0198,2025-02,,73.74741460758833
H0199,2025-02,9.726272605849292,74.22675148823238
H0200,2025-02,16.13761088809205,82.8987845383393
H0201,2025-02,20.404903734582042,90.53282709657311
H0202,2025-02,14.447268817914491,89.12314427347232
H0203,2025-02,14.842396044368336,79.23694407276864
H0204,2025-02,13.153352675670401,48.712376058689756
H0205,2025-02,15.29754697157406,
H0206,2025-02,18.309732217529437,68.66746131534643
H0207,2025-02,15.598154321240013,87.07030346862553
H0208,2025-02,15.79048114832031,76.19836866065148
H0209,2025-02,19.57525509608324,100.0
H0210,2025-02,18.720056200818128,100.0
H0211,2025-02,13.966065656824759,71.46427523158619
H0212,2025-02,14.591011904271454,60.420174170126856
H0213,2025-02,13.738805236056475,63.59599036142107
H0214,2025-02,16.241769060980374,84.61854751463156
H0215,2025-02,12.829462115082531,71.00828924597593
H0216,2025-02,,65.02891840818691
H0217,2025-02,18.006063390382376,73.9725518634769
H0218,2025-02,11.219611992253922,92.2432106079611
H0219,2025-02,7.477016290974065,74.06913681197533
H0220,2025-02,14.263875745060586,72.9060751833158
H0221,2025-02,17.101001039532832,76.985190403436
H0222,2025-02,15.036111042948747,76.65119076885952
H0223,2025-02,10.717096577810409,82.61623089276496
H0225,2025-02,20.93986603604688,59.3057734790944
H0226,2025-02,11.808200997214621,82.04794689473653
H0227,2025-02,13.843148269231294,79.99195541143563
H0228,2025-02,12.824939020163567,59.967103348510086
H0229,2025-02,14.792447390789569,77.0144254757133
H0230,2025-02,20.053128281418836,100.0
H0231,2025-02,15.031454167706432,90.25633988208564
H0232,2025-02,13.350326758100568,80.44464808800237
H0233,2025-02,13.150848850362083,68.8403875183025
H0234,2025-02,10.099502818684961,61.57263321285581
H0235,2025-02,19.188528506767348,68.74794716711514
H0236,2025-02,16.278204733040884,79.82183450528446
H0237,2025-02,12.861329387894822,75.90858368373058
H0238,2025-02,15.21114166940359,72.16404963877514
H0239,2025-02,,95.40128685971435
H0240,2025-02,10.573198751228961,89.94896268174861
H0241,2025-02,9.130979432257453,39.19761987914236
H0242,2025-02,12.948864530570969,78.40042394871806
H0243,2025-02,,92.60544964624037
H0244,2025-02,14.863499072890107,84.1669982835908
H0245,2025-02,20.1387169648457,89.96138444701072
H0246,2025-02,12.959965702610393,74.04129868274653
H0247,2025-02,11.698349257708312,77.37516519042426
H0248,2025-02,15.866806303189293,83.4050235390827
H0250,2025-02,15.021255959340882,72.07436466771435
H0251,2025-02,11.788307971313913,93.50405796887938
H0252,2025-02,15.124409352501546,99.74976482401576
H0254,2025-02,14.235654333407599,64.17193221593462
H0255,2025-02,16.784865037594194,62.51759584559571
H0256,2025-02,16.116924211242374,83.71540115309686
H0257,2025-02,20.139746751340695,86.69751352607148
H0258,2025-02,17.458996292668036,88.64863272716174
H0259,2025-02,15.357529142266918,92.24036072716447
H0261,2025-02,15.621631382244647,52.40808097440935
H0262,2025-02,18.58930232141471,72.05462098936316
H0263,2025-02,17.22190833726014,100.0
H0264,2025-02,12.104667513820148,82.84568485267943
H0265,2025-02,16.116505022646102,86.80600131266766
H0266,2025-02,15.808307652195255,94.80728499184531
H0267,2025-02,18.341041303207472,70.55116737320056
H0268,2025-02,14.992464701604579,81.7561552923123
H0270,2025-02,10.812892152327272,66.46695483082758
H0271,2025-02,17.46542723767081,87.05821342280473
H0272,2025-02,10.99873830103444,100.0
H0273,2025-02,15.43893218406586,76.62396698060225
H0274,2025-02,12.19753908301389,53.719756242456484
H0275,2025-02,11.922894440966182,79.92361887558617
H0276,2025-02,15.846343311255925,69.47020834623694
H0277,2025-02,15.277763052667689,85.15996736570287
H0278,2025-02,,66.19628299467928
H0279,2025-02,13.114322313208664,78.21314525956042
H0280,2025-02,12.565302330069011,94.61540988488272
H0281,2025-02,18.526619316940153,80.45854453062094
H0282,2025-02,11.13515886059954,58.119748010810994
H0283,2025-02,20.274237314330378,85.33836278167999
H0284,2025-02,17.436266442253277,
H0286,2025-02,12.788778235463393,92.10936494737356
H0287,2025-02,12.534793696521287,72.48105253371335
H0288,2025-02,13.972385972498943,71.01505460650357
H0289,2025-02,12.800535030283768,67.80172835917799
H0290,2025-02,15.34612875625556,86.70083662345499
H0291,2025-02,11.089618714545239,81.8379883142344
H0292,2025-02,17.84872246595261,80.39855406746014
H0293,2025-02,14.985409632130406,
H0294,2025-02,13.656348776260744,67.35386899813369
H0295,2025-02,12.823648608303078,78.60698387880731
H0296,2025-02,13.123382755484075,90.75566423854842
H0297,2025-02,14.910434953690764,70.64639078751969
H0298,2025-02,10.234057716206777,59.10135177156878
H0299,2025-02,16.925525209940094,55.33051858670814
H0300,2025-02,14.748563904758779,81.26999282670607
H0301,2025-02,13.155779690624982,100.0
H0302,2025-02,17.104363481617057,
H0303,2025-02,15.06299605265891,84.3089916249466
H0304,2025-02,11.076703671203486,45.09064236485127
H0305,2025-02,18.40723174800592,85.17622511144596
H0306,2025-02,6.3627970254774775,62.60385278930508
H0307,2025-02,18.228117161627516,76.02513175771362
H0308,2025-02,,80.06870461857206
H0309,2025-02,18.91084536510734,61.546349139096684
H0310,2025-02,18.6903875864186,100.0
H0311,2025-02,13.261292417837351,71.6712106323186
H0312,2025-02,12.591162552083834,85.93994760248836
H0313,2025-02,15.710792953314202,100.0
H0314,2025-02,11.274121625091034,84.68819331060946
H0315,2025-02,13.085013791193958,61.4120801544952
H0316,2025-02,15.213885393483363,87.98332540991925
H0317,2025-02,10.913503464142662,54.17957137969515
H0318,2025-02,12.427280321458223,73.14855089003606
H0319,2025-02,17.632033499068065,
H0320,2025-02,16.118090957615777,
H0321,2025-02,14.105205974279741,68.91769218100097
H0322,2025-02,14.231625684175869,
H0323,2025-02,14.400915907646011,80.27237176356928
H0324,2025-02,9.020078762928193,66.83544175151377
H0325,2025-02,11.191080584342313,84.58613856152661
H0326,2025-02,17.62391363833048,74.25996521901104
H0327,2025-02,16.84498882169793,37.820713923035456
H0328,2025-02,11.676210030026898,60.124240231377485
H0329,2025-02,17.189147559346285,100.0
H0330,2025-02,,84.23392208614341
H0331,2025-02,12.208729323087766,98.0254585595719
H0332,2025-02,14.418209800931928,66.50667557396898
H0333,2025-02,13.256923320493758,77.81766913776633
H0334,2025-02,12.300584257653629,77.22577800656003
H0335,2025-02,15.764921733088656,75.28691999926663
H0336,2025-02,16.314602474138145,81.22740819355461
H0337,2025-02,11.570664152649702,69.1663631238314
H0338,2025-02,14.383709102954482,95.28295987433481
H0339,2025-02,16.97285719318762,85.13528309201924
H0340,2025-02,12.780882738884218,75.95951570155461
H0341,2025-02,13.484128894437346,
H0342,2025-02,9.929225903697882,69.03935067864512
H0343,2025-02,20.834913874043288,56.983360564850074
H0344,2025-02,18.627567665357226,
H0345,2025-02,12.710344726414041,74.46228664105108
H0346,2025-02,17.236775806480168,72.3804834726869
H0347,2025-02,13.021605757484387,89.39920647985797
H0348,2025-02,15.097231418012129,91.39196618455436
H0349,2025-02,10.679540520817909,70.02684028569846
H0350,2025-02,8.859128120468743,66.23044063322298
H0351,2025-02,12.528178911552958,89.7965993665481
H0352,2025-02,13.990013995863265,85.20030449276068
H0353,2025-02,15.776506025693434,71.2869381521062
H0354,2025-02,,62.02694939168254
H0355,2025-02,13.76780390292074,69.3246389346905
H0356,2025-02,11.237162734924208,84.52257788774871
H0357,2025-02,12.7337467256461,100.0
H0358,2025-02,19.671189842456517,78.35954017969215
H0359,2025-02,16.927800879413134,70.13927976956839
H0360,2025-02,19.15233019798122,100.0
H0361,2025-02,20.48296381795015,76.96707744328229
H0362,2025-02,13.659509224588563,72.65550183075551
H0363,2025-02,,75.2663246822275
H0364,2025-02,13.198520311980559,78.28404658310787
H0366,2025-02,17.9248345765051,59.70555509208623
H0367,2025-02,7.345782020426055,85.61651124496201
H0368,2025-02,15.8743341537093,80.39997747309445
H0369,2025-02,13.288519368216285,76.73372464657317
H0370,2025-02,,75.10090264229106
H0371,2025-02,11.14448433703921,71.90235990475163
H0372,2025-02,17.326163412133518,81.5742079500841
H0373,2025-02,12.336813367627641,73.30585410953333
H0374,2025-02,11.596606685155503,82.19521875525544
H0375,2025-02,12.583441777004193,70.80429907498052
H0377,2025-02,14.659538280773752,90.55918516627172
H0378,2025-02,18.719137989886946,88.94497876966022
H0379,2025-02,15.542384146217122,72.1251722213154
H0380,2025-02,16.36547725328667,91.88082724654146
H0381,2025-02,17.152339840761023,85.64624914057657
H0382,2025-02,16.045643347772767,
H0383,2025-02,17.36737662494168,71.76171171226187
H0384,2025-02,21.861198664796785,83.33061208842813
H0385,2025-02,16.467122782533064,100.0
H0386,2025-02,15.546386684820549,81.75229492960717
H0387,2025-02,12.454057063687802,74.14077106649616
H0388,2025-02,15.158692660784087,
H0389,2025-02,18.36691072282808,81.9639671868041
H0390,2025-02,11.766100695843168,75.40987782286604
H0392,2025-02,14.210871127658432,94.40932602570984
H0393,2025-02,14.447454816154501,99.01892028479271
H0394,2025-02,,100.0
H0395,2025-02,13.569933078816623,
H0396,2025-02,15.058571961508921,78.90770342378026
H0398,2025-02,17.31574774744312,67.91406400199912
H0399,2025-02,14.48848197169361,86.99795198607944
H0400,2025-02,13.920740554230138,92.64863283100001
H0401,2025-02,15.76677763430918,95.81474881260849
H0402,2025-02,14.142772740378486,100.0
H0403,2025-02,14.89634933252213,68.52785437964633
H0404,2025-02,14.662797662257926,75.72253238789347
H0405,2025-02,13.964430194947887,78.11115273620952
H0407,2025-02,19.058017177008708,89.08232619421942
H0408,2025-02,11.180228674812497,90.01640763405217
H0409,2025-02,19.588843364607364,88.6700238426712
H0410,2025-02,13.292733250444488,80.49048232118884
H0411,2025-02,18.06179366423418,93.77876371592198
H0412,2025-02,17.150956016082272,86.46674158464864
H0413,2025-02,17.323136865570806,71.35296280326651
H0414,2025-02,14.776768549891392,39.15897313232452
H0415,2025-02,11.081021981805783,75.91825334833857
H0416,2025-02,14.280939498235128,81.63677284079978
H0417,2025-02,14.712127082791927,
H0418,2025-02,,77.43093886663871
H0419,2025-02,11.509368703327159,74.79273254562317
H0420,2025-02,12.569755979371264,64.57348462254075
H0421,2025-02,4.821293549829914,62.502707703893066
H0422,2025-02,14.407679309066975,88.78471827690666
H0423,2025-02,15.808158978192173,98.33857568829495
H0424,2025-02,12.887096377018725,64.92551172602185
H0425,2025-02,13.14084466617478,77.31288781337976
H0426,2025-02,14.421754696409439,89.15558266970966
H0427,2025-02,18.251737971677677,79.73330181502021
H0428,2025-02,16.706713997127846,86.83348866443163
H0429,2025-02,16.064291178170365,97.25731912316333
H0430,2025-02,13.382730591565707,
H0431,2025-02,14.71289422442067,70.2184183885375
H0432,2025-02,19.693419223637978,97.72270436499767
H0433,2025-02,16.010647257628055,
H0435,2025-02,17.733534784300986,87.25800166990595
H0437,2025-02,12.535528167601152,78.85207654567724
H0438,2025-02,14.580309140858951,70.44376557700926
H0439,2025-02,15.20684743281549,78.12347384298192
H0440,2025-02,12.976504811191772,79.8651791155755
H0441,2025-02,17.004155026871658,55.29209957928572
H0442,2025-02,9.157302578610166,78.94561932643546
H0443,2025-02,12.821076900483757,55.10073381337716
H0444,2025-02,12.077215421941563,75.01857190754326
H0446,2025-02,13.83464456143224,74.73738783857016
H0447,2025-02,11.921602952839308,90.34683863625096
H0448,2025-02,19.7661417505227,85.6508679162989
H0449,2025-02,16.836842531468612,53.08777344178364
H0450,2025-02,12.361643458848082,97.58708169365252
H0451,2025-02,9.555235833714704,84.41746236739166
H0452,2025-02,12.79028909167151,72.1662288261653
H0453,2025-02,13.031901767151458,71.826246308912
H0454,2025-02,13.712919264624064,54.54070876622035
H0455,2025-02,22.78813494606161,85.2513989480208
H0456,2025-02,10.463042580384492,92.2023140235568
H0457,2025-02,14.506127008969285,
H0458,2025-02,14.209401153771495,67.66125607553425
H0459,2025-02,,79.5539985960583
H0460,2025-02,7.5565761832418685,92.97445636286787
H0461,2025-02,14.590887040162624,96.00215133741955
H0462,2025-02,16.347335501633186,95.95868838570043
H0463,2025-02,16.268233985615495,100.0
H0464,2025-02,16.97545621824711,96.3602564076672
H0465,2025-02,16.999363571812765,92.34202631290864
H0467,2025-02,13.538108825309159,74.28982371027922
H0468,2025-02,20.80250301909642,91.84874989131755
H0469,2025-02,17.4772960085119,65.58880987446095
H0470,2025-02,9.922623867823159,85.20944352638921
H0471,2025-02,14.146427728545232,69.42913747314664
H0472,2025-02,10.875767118829256,
H0473,2025-02,13.59207849003312,85.0395930144341
H0474,2025-02,20.425101231280777,82.03543546009601
H0475,2025-02,17.861283431083216,81.37128420592474
H0476,2025-02,,89.43148725165562
H0477,2025-02,11.598413248837286,87.67948149655243
H0478,2025-02,13.939168542789567,58.537804438932454
H0479,2025-02,13.299920633432373,78.00791161435262
H0480,2025-02,15.570060432134326,74.58141165219551
H0481,2025-02,11.827318929656705,81.55249795201645
H0483,2025-02,11.215219361345437,94.76208385960882
H0484,2025-02,14.486332978217328,82.67497591786275
H0485,2025-02,,94.61184761762931
H0486,2025-02,15.043772777661982,65.51478529868368
H0487,2025-02,13.106661313832106,78.43829648364503
H0488,2025-02,18.828604361256755,74.49984383788615
H0489,2025-02,16.263336810184065,80.75196541439396
H0490,2025-02,14.955228987180128,64.93887990375751
H0491,2025-02,13.504365702747183,55.338242806524455
H0492,2025-02,19.681500329329175,70.88783988139922
H0493,2025-02,19.180446724067743,87.38775855733505
H0494,2025-02,11.0346267162943,72.26193246362247
H0495,2025-02,17.741016516648074,82.57853249823894
H0496,2025-02,18.593543310600847,67.34479123933482
H0497,2025-02,16.339771364520622,55.02645507957744
H0498,2025-02,12.073783103647203,88.50908023409916
H0499,2025-02,14.116651872218204,91.27013596843436
H0500,2025-02,19.14172637532219,77.80865937581015
H0501,2025-02,16.679114925886147,79.50994477016249
H0502,2025-02,15.48684522470627,74.91154335161919
H0503,2025-02,21.376407007046268,65.13747961118827
H0504,2025-02,11.415418839684628,98.07922393792111
H0505,2025-02,13.571434434891804,76.4037237585105
H0506,2025-02,15.00785216999935,84.85584192258644
H0507,2025-02,14.500795959626293,75.13501349143621
H0508,2025-02,8.628575447674908,85.03246704378192
H0509,2025-02,16.817055102859342,93.71705563066394
H0510,2025-02,14.061418263769838,88.38291813426888
H0511,2025-02,13.413568826000688,89.11779058093616
H0512,2025-02,13.505242217513464,
H0513,2025-02,15.000716320110495,93.87419488737584
H0514,2025-02,14.892935513414152,97.14284487014848
H0515,2025-02,17.80773378672545,85.88083031443101
H0516,2025-02,17.218929209431295,
H0517,2025-02,13.68200775592182,83.21793469693291
H0518,2025-02,13.542210337826445,94.89534000667456
H0519,2025-02,15.323873941893748,
H0520,2025-02,11.625230058143428,86.78176845631745
H0521,2025-02,13.286706952248558,100.0
H0522,2025-02,11.694878670486826,85.13621005240127
H0523,2025-02,21.335691985956224,64.75322845618777
H0524,2025-02,14.950178199417305,76.15924570124315
H0525,2025-02,12.902756775651113,88.74522203579498
H0526,2025-02,16.06036164606602,68.7542861607704
H0527,2025-02,10.968512517386367,66.8583859508215
H0528,2025-02,13.077419946535917,63.063946217658284
H0529,2025-02,15.125692791730781,74.93172376112057
H0530,2025-02,14.981339642211486,100.0
H0531,2025-02,17.88329319965384,73.3533761186124
H0532,2025-02,5.349779086947386,89.05679160414432
H0533,2025-02,16.03066587374923,73.01427999678259
H0534,2025-02,12.709523393270716,74.04357150594673
H0535,2025-02,12.684219931111974,92.88728546836902
H0536,2025-02,9.484951522214256,59.04281303701384
H0537,2025-02,12.338859237328043,100.0
H0538,2025-02,19.928370292876043,89.71722295191866
H0539,2025-02,17.759153436800993,95.89255934834745
H0540,2025-02,18.175514483067005,72.2977469385145
H0541,2025-02,14.279544120734437,87.35284675428571
H0543,2025-02,9.654766124853577,78.37208603543084
H0544,2025-02,9.387219088749791,66.52717038565514
H0545,2025-02,15.454765684129184,71.44430796669387
H0546,2025-02,9.80656838619284,72.19761771607028
H0547,2025-02,11.06291737750247,80.29292975007318
H0548,2025-02,16.10325372147019,82.63190564555478
H0549,2025-02,16.862746793212697,68.30061861212447
H0550,2025-02,14.148787097988711,88.22319598658791
H0551,2025-02,10.079404126573465,72.41296766419657
H0552,2025-02,9.574453195710669,73.43310361558834
H0553,2025-02,14.645340021346286,92.43669136365696
H0554,2025-02,11.69060236325066,84.63400755110814
H0555,2025-02,15.951412850175144,66.5261007559278
H0556,2025-02,15.21478519255613,65.7925704583354
H0557,2025-02,14.669580864132207,65.76142195440431
H0558,2025-02,17.316136193155206,76.94258096013309
H0559,2025-02,,92.37485459419571
H0560,2025-02,15.800336463627428,100.0
H0561,2025-02,12.939241325520982,94.25625771156665
H0562,2025-02,,100.0
H0563,2025-02,15.217191895657157,77.58090459732296
H0564,2025-02,18.176028275848978,94.76581956668659
H0565,2025-02,10.518579984055664,71.4689417978349
H0566,2025-02,,56.37921717440769
H0568,2025-02,16.976565650592278,79.81533724335871
H0569,2025-02,,
H0570,2025-02,8.957903305509646,77.41734457175774
H0571,2025-02,16.609180230165137,67.72923019576807
H0572,2025-02,,91.32493069859663
H0573,2025-02,15.14392973631374,67.03979272103965
H0574,2025-02,11.362961739660982,77.74250034863779
H0575,2025-02,6.669448625360733,90.97480575277872
H0576,2025-02,12.360118795478336,67.36226868020132
H0577,2025-02,15.070078815450628,99.67466515648839
H0578,2025-02,18.06206746469366,94.15664230105158
H0579,2025-02,16.075870297827848,86.14342630136554
H0580,2025-02,20.056387644986533,100.0
H0581,2025-02,13.630345030424314,76.6840387235368
H0582,2025-02,13.660617019730402,94.06824028243817
H0583,2025-02,,86.00756107879167
H0584,2025-02,12.467469357437913,68.04512847853574
H0585,2025-02,17.2939167019164,69.57906973676585
H0588,2025-02,18.173429540365422,92.61759375430569
H0589,2025-02,16.329285270205187,73.69297774130966
H0590,2025-02,17.421921023765023,90.52372055271927
H0591,2025-02,12.175431669562474,73.5908909234056
H0592,2025-02,11.62090693572857,100.0
H0593,2025-02,16.356722277815795,99.64775796647749
H0594,2025-02,13.100297175506558,95.42714231264026
H0595,2025-02,16.250955339378255,
H0596,2025-02,15.779132623572654,80.01878438790914
H0597,2025-02,13.685471179541816,84.77945489289829
H0598,2025-02,14.946703576412698,100.0
H0599,2025-02,15.646446557206964,84.00776327783952
H0600,2025-02,13.973236748777623,67.4742590338564
C0001,2025-02,11.50349942498617,92.34959401990177
C0002,2025-02,16.55710432256448,69.11842005032443
C0003,2025-02,14.950520063711048,78.35512992277415
C0004,2025-02,14.943885541541086,70.33743071297724
C0005,2025-02,15.747111768237533,41.80548146419811
C0006,2025-02,15.233604484251396,83.41369229899612
C0007,2025-02,13.793233027382762,100.0
C0008,2025-02,12.969585381763963,85.54680381406347
C0009,2025-02,14.209481483202328,100.0
C0010,2025-02,14.858542438400132,74.23257206393829
C0011,2025-02,15.629749652639067,81.58199737209168
C0012,2025-02,14.752881591309723,77.94468381585783
C0013,2025-02,16.058211808918493,82.51678212827133
C0014,2025-02,11.512305361650627,86.26740022618792
C0015,2025-02,13.816446616490296,100.0
C0016,2025-02,15.734165234578022,65.66094961734132
C0017,2025-02,12.412872770205679,81.49941720141506
C0018,2025-02,15.3451815372569,90.024889721751
C0019,2025-02,15.49015456114942,100.0
C0020,2025-02,14.69407148765197,51.576639300996625
C0021,2025-02,17.282306521648522,62.90921544265345
C0022,2025-02,14.561293251734721,78.50104955403192
C0023,2025-02,11.088630681075047,96.27359065385905
C0024,2025-02,15.70310869698589,72.11961212200535
C0025,2025-02,12.977452059263166,89.36141286528044
C0026,2025-02,10.958864775099796,100.0
C0027,2025-02,15.37436539855739,75.63686489487313
C0028,2025-02,11.508149138156767,78.69133994091537
C0029,2025-02,12.66657568738056,84.04138643720675
C0030,2025-02,15.314514413166183,82.3003993175019
C0031,2025-02,14.34303834003047,83.78331842278578
C0032,2025-02,12.080146181073076,75.64459268788062
C0033,2025-02,11.84475676994186,77.48649984920455
C0034,2025-02,12.026752639846912,65.2946448186531
C0035,2025-02,11.199248123830952,88.35795084786031
C0036,2025-02,14.895475018558118,68.02659396002663
C0038,2025-02,10.448892646753626,63.513877762473854
C0039,2025-02,12.640458147951813,72.12758445201337
C0040,2025-02,11.972527994472985,78.37029108870698
C0041,2025-02,14.60997199413792,62.289666409405434
C0042,2025-02,15.12980783302816,74.74971222916449
C0043,2025-02,19.84847831692409,86.67280886209865
C0044,2025-02,17.48747685510333,61.509955137788765
C0045,2025-02,10.683416396549251,67.52829686312053
C0046,2025-02,7.428508192435062,100.0
C0047,2025-02,11.00855333100377,73.628493172086
C0048,2025-02,12.081325298095798,86.88104939513727
C0049,2025-02,9.387849189871396,71.93413234440033
C0050,2025-02,12.933616046876553,83.74142443767798
C0051,2025-02,14.206638387795694,67.53729159184431
C0052,2025-02,12.935248948348377,53.791382574255216
C0053,2025-02,14.684884768058897,71.65496312963106
C0054,2025-02,13.785917883386292,89.8903845632741
C0055,2025-02,13.068912444784996,92.34514633949172
C0056,2025-02,20.541127887490973,85.0594462268925
C0057,2025-02,14.056754090767493,67.96933502808429
C0058,2025-02,16.04354712779538,96.90849434263502
C0059,2025-02,16.15058533970966,66.9519333613649
C0060,2025-02,17.629715023784936,72.41181874803986
C0061,2025-02,13.606417568615917,66.95888443330396
C0062,2025-02,18.476129829210976,76.87160292392356
C0063,2025-02,13.37689843464811,
C0064,2025-02,18.496128352508503,87.26442130210553
C0065,2025-02,10.579786173169357,60.33014300573691
C0066,2025-02,13.167823546665673,72.18174593471613
C0067,2025-02,14.300958227109591,65.90233448193726
C0068,2025-02,14.525582351063854,82.46329615567778
C0069,2025-02,13.202081082863778,88.34519157845202
C0070,2025-02,8.609253538037542,62.438773183946886
C0071,2025-02,16.095010340021542,87.60501191326301
C0072,2025-02,13.132808803641025,76.7767044925152
C0073,2025-02,13.626073296573864,92.0988954430317
C0074,2025-02,19.69739402596063,71.73474493335539
C0075,2025-02,13.987871316062922,89.48924136488112
C0076,2025-02,12.236319983337156,89.73347940194473
C0077,2025-02,9.508146877067794,82.32670648180958
C0078,2025-02,10.534229992713794,100.0
C0079,2025-02,17.33124577576548,87.5599764142336
C0080,2025-02,11.656893309756063,100.0
C0081,2025-02,16.63781453909752,100.0
C0082,2025-02,11.17483019316086,58.42063993609158
C0083,2025-02,12.052095749587702,96.65543659891301
C0084,2025-02,11.637355634213137,86.6337324546731
C0085,2025-02,14.260356673408866,77.84121407883414
C0086,2025-02,14.584049503315548,73.14722047186152
C0087,2025-02,10.296013628994501,64.61477432111393
C0088,2025-02,15.992010999605075,63.08461517191004
C0089,2025-02,15.344133604101623,100.0
C0090,2025-02,15.71645972268746,87.47390862719918
C0091,2025-02,16.25064579087978,63.85456339586724
C0092,2025-02,,63.97369386474801
C0093,2025-02,18.500241068697566,52.396684546927084
C0094,2025-02,15.207895628584872,
C0095,2025-02,15.946247798397856,82.77475028696381
C0096,2025-02,15.334058937051047,86.07951147550455
C0097,2025-02,10.526181941643607,76.23699085042337
C0098,2025-02,19.52015367612018,91.03917244484526
C0099,2025-02,14.412391072540823,74.42275244426018
C0100,2025-02,14.967765076386494,85.36146535993626
C0101,2025-02,13.41163111157286,84.33398190242784
C0102,2025-02,18.07627168459466,64.1770160247411
C0103,2025-02,18.72464413002654,72.03791379036218
C0104,2025-02,13.869620872154563,72.07517426496372
C0105,2025-02,10.684326480893633,86.43334234977513
C0106,2025-02,13.753056400458558,98.5927425328969
C0107,2025-02,,79.8336601984106
C0108,2025-02,12.29756201678484,75.94698276013281
C0109,2025-02,11.784670422903442,85.12186143312263
C0110,2025-02,8.837575350412441,74.4687153993609
C0111,2025-02,18.70411204702616,78.98443284662736
C0112,2025-02,16.806860934961495,100.0
C0113,2025-02,14.38707050770583,76.15615347169644
C0114,2025-02,12.897051351466976,84.82174645774856
C0115,2025-02,14.684247817766872,67.98366976764845
C0116,2025-02,15.297161955667299,98.26769307205224
C0117,2025-02,12.754400177508206,65.43328973136288
C0118,2025-02,17.99667905862909,86.75232263365007
C0119,2025-02,16.00375125128218,93.64363660593149
C0120,2025-02,16.6269524030009,68.09248761487943
C0121,2025-02,11.87859942783292,92.29371515799878
C0122,2025-02,15.535157317252573,50.45079429581071
C0123,2025-02,19.18366398786716,68.54944691657371
C0124,2025-02,14.107195982390817,74.40833950669622
C0125,2025-02,21.87004123683472,100.0
C0126,2025-02,14.783632413489961,84.78594356476222
C0127,2025-02,10.481623336120848,86.11740211279091
C0128,2025-02,11.946582375344153,96.04570247521953
C0129,2025-02,11.623995649891938,61.89741604284214
C0130,2025-02,15.34082850198346,34.75044683553368
C0131,2025-02,17.869712923650873,100.0
C0132,2025-02,15.790019393180568,91.40423965230124
C0133,2025-02,15.479138943419334,74.10400198401793
C0134,2025-02,20.950221298461358,83.15299872581768
C0135,2025-02,12.75707973481,97.23105331116632
C0136,2025-02,14.04658688597535,77.40764040552149
C0137,2025-02,,83.6650594626968
C0138,2025-02,12.066899859048748,100.0
C0139,2025-02,8.329715878939169,62.2718790775279
C0140,2025-02,19.081711783351246,89.54820502888029
C0141,2025-02,12.170104551958385,62.767436329325335
C0142,2025-02,13.537398484919494,100.0
C0143,2025-02,15.103243575274256,81.80838347641722
C0144,2025-02,11.820528539557932,73.35277967269924
C0145,2025-02,11.472009550870109,57.2428225201603
C0146,2025-02,14.802053347474144,76.3215813188376
C0147,2025-02,13.578538517259396,83.9100610794417
C0148,2025-02,10.940313595467371,97.11137521927347
C0149,2025-02,15.585409413747954,
C0150,2025-02,13.428397027914228,69.52564936671368
C0151,2025-02,16.229056364063695,77.4374804984957
C0152,2025-02,14.97428555796374,70.15903074653798
C0153,2025-02,18.26585961526233,75.65298756760225
C0154,2025-02,15.399756453932016,66.23609363109001
C0155,2025-02,11.88347840984698,85.74419313957623
C0156,2025-02,19.26094746763745,77.48662274803166
C0157,2025-02,14.191094774580069,83.85442079387923
C0158,2025-02,12.028335765586993,84.15995654846995
C0159,2025-02,12.562030658258273,63.84866396107401
C0160,2025-02,6.50311917269881,85.08954895946027
C0161,2025-02,12.353086277406476,81.86074080664282
C0162,2025-02,15.711685301722348,83.01917038032474
C0163,2025-02,11.00486317421301,80.10195087332079
C0164,2025-02,20.81212816439035,80.18032635613845
C0165,2025-02,7.474270137495433,79.74096977761188
C0166,2025-02,11.434982279455392,78.95506762978509
C0167,2025-02,10.087807743953007,63.645584975841885
C0168,2025-02,18.159290733646902,100.0
C0169,2025-02,16.77445264765127,71.31591382609997
C0170,2025-02,13.813401058564892,
C0171,2025-02,10.200887549882488,96.20023005070435
C0172,2025-02,10.805012217402098,74.88311727174404
C0173,2025-02,15.176733175618718,83.07355088174313
C0174,2025-02,12.586279901747893,49.70503396988288
C0175,2025-02,13.06988914318533,53.1081195892711
C0176,2025-02,14.388125422644093,80.00646113067911
C0177,2025-02,13.753214414394709,84.28901780092605
C0178,2025-02,8.65786204047818,93.50855220779138
C0179,2025-02,10.234461077100233,90.30668655467426
C0180,2025-02,9.331637332774267,53.55021471586184
C0181,2025-02,12.465776025185328,98.25038298296451
C0182,2025-02,14.061531370389075,60.969581467721596
C0183,2025-02,14.311834998665413,90.96263413985021
C0184,2025-02,,73.33672447455557
C0186,2025-02,15.25785798970161,71.197151337587
C0187,2025-02,12.193833992867326,79.14242150466667
C0188,2025-02,20.460345937017667,82.32887018372554
C0189,2025-02,14.437033777004855,77.45394406640202
C0190,2025-02,10.784889441417686,59.271956222314415
C0191,2025-02,16.724417721252408,100.0
C0192,2025-02,15.498471570609565,72.80829824255204
C0193,2025-02,14.353943601863495,74.26168333125105
C0194,2025-02,,84.36910083110429
C0195,2025-02,18.68413815427051,81.54880236669864
C0196,2025-02,18.263714357357276,73.77593854500486
C0197,2025-02,14.72424231578564,95.58528334424435
C0198,2025-02,20.558135413942566,84.56532879587816
C0199,2025-02,15.035447187277487,77.24509565968185
C0200,2025-02,11.114111862050152,87.50428654923994
C0201,2025-02,14.547340041268074,67.72830306548715
C0203,2025-02,12.539753585112823,78.5711105471112
C0204,2025-02,14.452998339077338,89.71851549906067
C0205,2025-02,9.25538282304274,77.89372800478435
C0206,2025-02,20.413793580222887,79.2420297891212
C0207,2025-02,16.550736384825402,51.19869642735364
C0208,2025-02,9.97938750249881,73.63599494782771
C0209,2025-02,16.504455604518828,57.57304249988497
C0210,2025-02,16.04087174418822,61.08302265046109
C0211,2025-02,19.158034468372684,85.99458431823243
C0212,2025-02,20.45038654686831,100.0
C0213,2025-02,20.448160763439642,83.62113257772737
C0214,2025-02,12.642361423021802,81.24433541565651
C0215,2025-02,15.995154334951355,68.92862003646502
C0216,2025-02,12.002514908486313,61.80126381680584
C0217,2025-02,16.19787866060114,
C0218,2025-02,7.163983538968889,65.88590507761562
C0219,2025-02,10.097922047493201,50.08210515410387
C0220,2025-02,14.59234315678607,88.08434776581487
C0221,2025-02,14.689688783917939,75.21771383417031
C0222,2025-02,13.89433022506186,84.6883067693646
C0223,2025-02,19.01030959884571,100.0
C0224,2025-02,12.150569561397166,83.83526226158214
C0225,2025-02,9.912929167695472,80.80809802207541
C0226,2025-02,13.628367890460291,90.2046456212628
C0227,2025-02,12.94204805496128,100.0
C0228,2025-02,16.019441150465358,100.0
C0229,2025-02,17.900475789313454,71.66144207218395
C0230,2025-02,19.650110762270327,96.11418830320868
C0231,2025-02,17.14599351980184,100.0
C0232,2025-02,13.306252126481784,91.42440662210228
C0233,2025-02,13.633765439966298,77.8013409779574
C0234,2025-02,15.421137450253354,71.85469226399974
C0235,2025-02,12.301066302095276,
C0236,2025-02,11.28971467084244,60.116208212294985
C0237,2025-02,15.50065049180446,
C0238,2025-02,9.914754764254962,97.83310038297228
C0239,2025-02,18.016887432206513,75.23966711026458
C0240,2025-02,12.655871570906939,71.56061725763425
C0241,2025-02,16.814492633577196,67.52361041673329
C0242,2025-02,14.631987453405783,84.90897551197003
C0243,2025-02,18.179341504414076,79.57033253851111
C0244,2025-02,7.6836027947208425,
C0245,2025-02,19.01903702942731,100.0
C0246,2025-02,18.834775307059516,57.17197705674907
C0247,2025-02,14.89353857582881,58.34245529649185
C0248,2025-02,15.975368530904506,92.85810918012648
C0249,2025-02,18.089526025433045,95.20071239528428
C0250,2025-02,11.701399332923648,69.68200042699303
C0251,2025-02,13.984478217503682,66.83805633367803
C0252,2025-02,17.420261903345825,87.24444388337893
C0253,2025-02,8.20517591801454,82.1871642773462
C0254,2025-02,,70.75878981093764
C0255,2025-02,15.311939462888263,95.74991506790056
C0256,2025-02,16.64039625910214,88.86718866794762
C0257,2025-02,10.705318031073887,98.78096717844562
C0258,2025-02,12.287833633079604,79.36514309917301
C0259,2025-02,9.369351459578404,88.20189144776849
C0260,2025-02,10.244416686251892,76.68774674334122
C0261,2025-02,17.410176152729093,88.96666126723045
C0262,2025-02,11.673627872428732,81.47707867439233
C0263,2025-02,12.046383986643786,
C0264,2025-02,17.657925203272615,86.89319172025988
C0265,2025-02,14.12099522775439,55.72767644698921
C0266,2025-02,17.845385472072692,72.74259151615813
C0267,2025-02,11.434325282625958,81.439309025716
C0268,2025-02,13.374406346930957,86.23986614937202
C0269,2025-02,12.812219052519719,94.97886248618445
C0270,2025-02,17.144928309994,91.01912846290726
C0271,2025-02,13.600806811938254,69.20618793941024
C0272,2025-02,17.10708739493548,94.23270274729963
C0273,2025-02,,69.4064227513008
C0274,2025-02,7.971979396926773,95.38519074451615
C0275,2025-02,13.369834593280766,97.49310385852925
C0276,2025-02,8.986432231498044,76.8342949700967
C0277,2025-02,15.623641309345668,71.20803064838822
C0278,2025-02,17.41262038759507,74.41225439757609
C0279,2025-02,15.685561605896952,62.046856552189446
C0280,2025-02,13.750612615842066,65.81391164158573
C0281,2025-02,9.051654431930391,75.6335069747531
C0282,2025-02,15.39329254695332,73.04989914638357
C0283,2025-02,16.16534302311556,58.94100336656729
C0284,2025-02,13.400842029106299,71.39159836915245
C0285,2025-02,13.733593192903669,77.89090393456081
C0286,2025-02,9.141441712501914,76.26983138636015
C0287,2025-02,14.422371345084239,66.55007767783327
C0288,2025-02,14.80054121659448,48.60901513554093
C0289,2025-02,11.9677626885781,99.72263787686413
C0290,2025-02,15.593703179076805,77.80836426209855
C0291,2025-02,13.28630513453878,85.3868221385991
C0292,2025-02,14.700608890187816,80.90899828003678
C0293,2025-02,16.8208929125839,89.81906044014535
C0294,2025-02,16.547860594955644,86.90637343571494
C0295,2025-02,11.035054236255231,83.2385530320598
C0296,2025-02,13.259468245974897,90.39207689401032
C0297,2025-02,21.412454545516834,95.43724547696382
C0298,2025-02,19.7518546577171,100.0
C0299,2025-02,17.09364946484302,68.65349989258426
C0300,2025-02,15.768153926683949,84.97596438339285
C0301,2025-02,11.346809821543737,
C0302,2025-02,14.493079687716223,74.86007206640376
C0303,2025-02,13.324468782640343,77.54823643408106
C0304,2025-02,14.275063482630198,90.4698654950966
C0305,2025-02,9.71323255427668,76.8598065442381
C0306,2025-02,17.013996591633777,88.25430779075865
C0307,2025-02,5.263188166804664,71.24403752139636
C0308,2025-02,17.443121484136572,73.15145579397954
C0309,2025-02,17.43022512908386,69.77505108810115
C0310,2025-02,22.300258590218206,92.40262579219419
C0311,2025-02,13.310116634211267,73.23411132390896
C0312,2025-02,11.249378330115846,40.39359236221629
C0313,2025-02,14.343157398152302,87.17411793059553
C0314,2025-02,15.115851890335561,63.444888934415886
C0315,2025-02,13.381814895757927,79.87969294427931
C0316,2025-02,11.177889459070677,64.9492359017437
C0317,2025-02,15.888880037099739,79.25052205641907
C0318,2025-02,15.252821236163284,42.330223460191625
C0319,2025-02,11.809155891396664,80.64076039079822
C0320,2025-02,8.957963107192448,65.52257485304762
C0321,2025-02,21.992604606812296,62.53788980770064
C0322,2025-02,16.86388023547393,90.25770316665974
C0323,2025-02,16.10484804191014,78.09421404510879
C0324,2025-02,12.949367377456838,72.5634490590753
C0325,2025-02,17.77398778362141,73.87312670681362
C0326,2025-02,11.32035704598744,
C0327,2025-02,15.902213322544643,76.5937633583834
C0328,2025-02,14.308978399939301,97.76166592257766
C0329,2025-02,10.876381151669081,95.41059385992564
C0330,2025-02,13.215293571687742,96.71630055849906
C0331,2025-02,13.584120409545735,94.62688428148239
C0332,2025-02,11.802633204282824,70.16054890662681
C0333,2025-02,11.980054775087819,77.7229915477401
C0334,2025-02,9.244520784514847,76.70734042982575
C0335,2025-02,17.622270058322734,91.51385126487904
C0336,2025-02,21.2076324376407,86.5872075970359
C0337,2025-02,11.908585347328295,77.21981324665953
C0338,2025-02,19.047596784478287,100.0
C0339,2025-02,13.17523120407678,71.32030784042341
C0340,2025-02,14.041206346598592,69.83055101551557
C0341,2025-02,11.058197564432566,75.85300180617546
C0342,2025-02,13.464874176495108,97.1241989196967
C0343,2025-02,17.9974723258837,88.95911650751214
C0344,2025-02,10.913023570292076,84.21517139130226
C0345,2025-02,11.667163047815414,81.2780570353675
C0346,2025-02,13.861207504327176,52.251236770213154
C0347,2025-02,3.874649188678683,63.691625255073696
C0348,2025-02,15.09456109348677,74.79636135945915
C0349,2025-02,16.444225698438206,84.51753600433138
C0350,2025-02,17.61941658828733,72.97187585509218
C0351,2025-02,17.713404465118735,67.07102848017192
C0352,2025-02,14.74920243376567,80.89879177380256
C0353,2025-02,19.56539173772319,97.34069768126294
C0354,2025-02,13.129893554540073,53.7407355394222
C0355,2025-02,13.027895437084153,40.2160136422146
C0356,2025-02,14.110462285726403,100.0
C0357,2025-02,15.471478569536686,59.949957537245155
C0358,2025-02,13.798285704015786,74.38216160600311
C0359,2025-02,13.501177717462053,56.68929333567825
C0360,2025-02,11.910577839335605,73.91737926083687
C0361,2025-02,,76.3891496303809
C0362,2025-02,7.897398747742055,100.0
C0363,2025-02,17.71934292218728,92.79625175685224
C0364,2025-02,12.779568672042545,66.52132136214355
C0365,2025-02,13.573708347706074,55.10733520445582
C0366,2025-02,10.57691465248228,84.51613453746381
C0367,2025-02,16.158523427284077,72.55702202334895
C0369,2025-02,6.82043027996294,95.42067433605398
C0370,2025-02,16.436684815027434,59.057901093102586
C0371,2025-02,13.116039118154237,77.73082097585011
C0372,2025-02,14.728248866252432,89.82540427823247
C0373,2025-02,17.521943739452738,65.22703133996328
C0374,2025-02,,96.56233622773564
C0375,2025-02,14.565415706502971,66.56364039417943
C0376,2025-02,11.840221112859734,
C0378,2025-02,14.685659669484943,41.4677445211561
C0379,2025-02,,75.5689839026488
C0380,2025-02,11.40377362538657,93.18013831682983
C0381,2025-02,16.9474617680549,66.17272442871493
C0382,2025-02,16.912815433661038,70.476916680521
C0383,2025-02,11.364961420194481,69.98091117415883
C0384,2025-02,15.71535836008777,90.0172646567985
C0385,2025-02,15.592224152547695,72.7242808582578
C0386,2025-02,20.859329281093906,79.34238623259134
C0387,2025-02,15.869897139228012,81.16232064960943
C0388,2025-02,15.929159344400416,77.43995121345972
C0389,2025-02,14.746418852919541,100.0
C0390,2025-02,15.25304525501391,69.11794589261444
C0391,2025-02,16.520798349437563,88.90455974872049
C0392,2025-02,11.15445348028825,95.52977624512167
C0393,2025-02,16.1001620042328,74.07081098786942
C0394,2025-02,11.057243522365974,84.78843502802177
C0395,2025-02,15.760777314683656,84.96433783939965
C0396,2025-02,16.81401762062795,73.06774116506394
C0397,2025-02,17.263282720876003,
C0398,2025-02,,80.35216546568071
C0399,2025-02,15.064617546453933,100.0
C0400,2025-02,13.661040227700088,89.16933850604244
C0401,2025-02,10.80320316248177,80.00682337049929
C0402,2025-02,,85.99030150116742
C0403,2025-02,15.707888622080738,81.31493178567273
C0404,2025-02,18.329927233149213,83.94222512618407
C0405,2025-02,13.963697119377317,73.58799844882466
C0406,2025-02,14.775143145468947,86.01272235270396
C0407,2025-02,14.691530757779697,70.25831539051293
C0408,2025-02,17.587948969489737,80.15529469766521
C0409,2025-02,16.109177789536623,88.18356728354458
C0410,2025-02,11.092835725388818,75.45982305188379
C0411,2025-02,16.38947969683564,87.1947993652911
C0412,2025-02,13.658076382598606,88.07045289130394
C0413,2025-02,16.126767701474797,77.92252059135758
C0414,2025-02,18.362811534996844,73.1981083773078
C0415,2025-02,9.05884181138615,64.4699995935356
C0416,2025-02,18.10527242141089,64.52360436522792
C0417,2025-02,13.769250597406014,87.27545557428267
C0418,2025-02,11.860371235277052,88.02446063170204
C0419,2025-02,13.612867647001677,67.56009185558081
C0420,2025-02,11.10824090543773,84.55810056927584
C0421,2025-02,,82.40597176375518
C0422,2025-02,10.171139144748341,89.01573082951874
C0423,2025-02,16.93764418602071,100.0
C0424,2025-02,16.346062207367,87.28194153794162
C0425,2025-02,14.56206564637811,68.26420445873008
C0426,2025-02,8.703847805062672,91.44841471346663
C0427,2025-02,10.531068493753748,65.40861653517273
C0428,2025-02,13.44040536214778,100.0
C0429,2025-02,12.856021570770492,57.607371496146335
C0430,2025-02,17.889365726393404,88.03904709511433
C0431,2025-02,6.097534325200357,81.1434017209576
C0432,2025-02,12.551001477142977,75.30352289857082
C0433,2025-02,16.12285886636547,70.36623965097908
C0434,2025-02,13.147688801583108,97.92966452554336
C0435,2025-02,12.132126212610952,84.71057955606604
C0436,2025-02,9.331812619464838,76.76212514356632
C0437,2025-02,18.092865825863875,100.0
C0438,2025-02,12.179116379616241,75.45186757293763
C0439,2025-02,17.74531471917037,90.16902051991897
C0440,2025-02,,62.781573052457205
C0441,2025-02,,66.99703508629766
C0442,2025-02,14.147782443916785,89.08664576545509
C0443,2025-02,11.409824241719871,78.8540247474738
C0444,2025-02,11.59175278694272,100.0
C0445,2025-02,22.10523622367551,75.79287985841442
C0446,2025-02,,90.83173125098466
C0447,2025-02,18.38548982939178,78.97968917485514
C0448,2025-02,15.65230858369579,90.89222476274279
C0449,2025-02,13.70897774463696,92.24181486189146
C0450,2025-02,13.339742563029407,78.27755168743442
C0451,2025-02,18.448053119087753,70.95866923765782
C0452,2025-02,15.855485037991249,79.4566531543785
C0453,2025-02,13.74178951113839,66.43182014635248
C0454,2025-02,12.896358507174718,87.8302784556505
C0456,2025-02,11.765858875436427,67.9151358060998
C0457,2025-02,16.286314405200613,92.67295378831092
C0458,2025-02,22.861903997875086,94.75407465859386
C0459,2025-02,15.894645236371831,56.89855202802006
C0460,2025-02,19.865516351783228,88.00460180215529
C0461,2025-02,11.738233357104727,61.96588613471151
C0463,2025-02,18.871172226770536,92.73767324585788
C0464,2025-02,18.623867844596763,66.29603017703269
C0465,2025-02,18.794955732528084,100.0
C0466,2025-02,14.801114593450121,84.43462926035683
C0468,2025-02,11.102573581428373,93.9321885469928
C0469,2025-02,20.555232687237574,96.57952886451488
C0470,2025-02,10.439035143850344,87.2301838945763
C0471,2025-02,17.81540532706899,69.30169118856895
C0472,2025-02,17.009014441253317,
C0473,2025-02,17.507877791722677,75.70237658755768
C0474,2025-02,20.562541932512683,86.19436510046089
C0475,2025-02,17.351013174497766,60.981084034169456
C0476,2025-02,10.745388646436652,88.91047723673891
C0477,2025-02,15.956948609679362,84.20052284937613
C0478,2025-02,8.701700923064175,77.02058628069409
C0479,2025-02,13.832933666599573,79.54906263923858
C0480,2025-02,14.414231471072327,84.8497547449233
C0481,2025-02,17.334834446270463,89.25360949120171
C0482,2025-02,11.740963356868424,89.48315975818963
C0483,2025-02,10.589369168294368,100.0
C0484,2025-02,15.588972020926262,80.98507090847662
C0486,2025-02,14.061206620610108,51.82453507257602
C0487,2025-02,21.328357313384796,59.819212215080015
C0488,2025-02,13.052289462606812,68.00381858431967
C0489,2025-02,16.36126702078739,89.05903170986586
C0490,2025-02,15.95928628373916,75.92352923068039
C0491,2025-02,14.48477700541252,89.07099673704906
C0492,2025-02,17.454001637161564,66.48402796368704
C0493,2025-02,11.558566700849603,85.47463785106677
C0494,2025-02,9.104830136754394,
C0495,2025-02,14.434744070261743,75.41283638577858
C0496,2025-02,12.557545259850231,82.18359302478463
C0497,2025-02,18.178364465654404,75.46717277082003
C0498,2025-02,11.696681271270975,65.90692376959164
C0499,2025-02,15.630083460957874,86.28162275375453
C0500,2025-02,17.63402858907746,
C0501,2025-02,15.636007280799863,88.86711470408318
C0502,2025-02,17.89261065189424,94.24537628786867
C0503,2025-02,13.760595297208823,74.28651126018114
C0504,2025-02,13.684976151023104,74.3093430741412
C0505,2025-02,15.562901794839028,75.05185812781771
C0506,2025-02,13.777965062788999,83.4468613173815
C0507,2025-02,11.116232261564024,80.31104901438285
C0508,2025-02,12.592244242367325,79.50842915801476
C0509,2025-02,13.17310895259868,68.07760346305793
C0510,2025-02,14.171975741678667,70.14429983174819
C0511,2025-02,14.660677509965947,70.97837757003299
C0512,2025-02,14.603006500456319,84.37958841133911
C0513,2025-02,13.60387012750776,79.15221565921952
C0514,2025-02,15.90280313848166,69.22673000093636
C0516,2025-02,7.930892434603528,100.0
C0517,2025-02,10.604112463624093,74.41840352509655
C0518,2025-02,7.00297592046633,63.881504117785056
C0519,2025-02,14.210915778826644,95.00627364218042
C0520,2025-02,12.502328710363647,76.91713773171348
C0521,2025-02,15.534808896972372,79.37233234526411
C0522,2025-02,18.12673833547982,97.91247058390249
C0523,2025-02,13.868178919440004,74.64571285306963
C0524,2025-02,12.367039285519619,84.47786707274405
C0525,2025-02,12.89750731290672,76.94522329019897
C0526,2025-02,13.770789476998605,100.0
C0527,2025-02,9.676791190019468,76.81599638197518
C0528,2025-02,17.473984782208504,93.45065198263863
C0529,2025-02,14.975620047854907,73.83051898189333
C0530,2025-02,18.38540676999602,84.76269495707953
C0531,2025-02,10.354323628600543,75.80769668018266
C0532,2025-02,9.482466072974166,90.55819444509827
C0533,2025-02,12.339302257116966,80.81776685192582
C0534,2025-02,14.912386311768838,
C0535,2025-02,16.287196418093654,66.78385986792435
C0536,2025-02,15.916025472978493,70.70436027638861
C0537,2025-02,13.709841464658082,49.58095924374783
C0538,2025-02,16.331492937093714,82.68084610914359
C0539,2025-02,13.640787895996532,72.64436034016754
C0540,2025-02,17.57802775015968,100.0
C0541,2025-02,20.944352637241845,75.0185163075616
C0542,2025-02,10.761604125130148,95.61581053334504
C0543,2025-02,13.456785004105692,95.08430775578827
C0544,2025-02,9.050126332813807,72.28795183544923
C0545,2025-02,11.48023322213909,69.27163569422665
C0547,2025-02,8.98132367328002,94.34915792070595
C0548,2025-02,12.1110796726319,100.0
C0549,2025-02,17.632671210606464,62.61827617549872
C0550,2025-02,14.10712694234641,76.65582897475058
C0551,2025-02,17.825022329229338,74.94010349725022
C0552,2025-02,10.298938832678738,73.86789459918727
C0553,2025-02,15.968434701487732,100.0
C0554,2025-02,21.52751770966268,73.78384964195655
C0555,2025-02,13.057524088837337,59.30712786048403
C0556,2025-02,12.88812426890708,82.33560559602714
C0557,2025-02,17.056298343127594,88.01811808366978
C0559,2025-02,17.03503035580534,71.73851603790484
C0561,2025-02,8.336539315407933,64.8129393496091
C0562,2025-02,14.92039778928415,84.16169035416084
C0563,2025-02,11.546254581004803,75.08443903494793
C0564,2025-02,13.112825881063426,100.0
C0566,2025-02,16.0242573461294,76.69005642256846
C0567,2025-02,9.468937228557909,72.28712956267358
C0568,2025-02,15.334191455353958,50.5113670940932
C0569,2025-02,14.491562299752768,81.23644169173905
C0570,2025-02,16.30576113197793,79.00283811537668
C0571,2025-02,14.223635609959393,80.00024016230357
C0572,2025-02,9.685057469022466,76.32065766758151
C0573,2025-02,12.745088110139829,100.0
C0574,2025-02,6.982634595494277,75.29818691880382
C0575,2025-02,14.541841364250283,66.4730411010532
C0576,2025-02,14.19214565849844,51.69885942047929
C0577,2025-02,12.499495424357441,74.13300663549917
C0578,2025-02,14.69962863562986,67.1640091713634
C0580,2025-02,18.65245267975607,76.91296855839305
C0581,2025-02,11.129611784645938,97.56092766198901
C0582,2025-02,13.761914435175923,93.74037594050945
C0583,2025-02,11.408732447371149,64.73058388663243
C0584,2025-02,18.076104827751127,90.08573928643297
C0585,2025-02,18.54654343970563,89.0304199547292
C0586,2025-02,8.00818203615777,87.30611925401247
C0587,2025-02,16.624953297691647,100.0
C0589,2025-02,15.13920531961439,68.43949482529075
C0590,2025-02,11.264107876604044,
C0591,2025-02,14.397576837728215,85.16834271167059
C0592,2025-02,12.953671375329849,42.195907986956826
C0594,2025-02,17.568720189875002,56.92558986286986
C0595,2025-02,17.65986940966091,81.49570946589398
C0596,2025-02,21.971744165983818,100.0
C0597,2025-02,18.98735501601952,94.12646252301612
C0598,2025-02,12.738088333421754,58.17364779263857
C0599,2025-02,15.0845407058149,75.83399476284939
C0600,2025-02,20.31534687485818,63.32970632086072
C0601,2025-02,10.744662925348187,92.99909394312152
C0602,2025-02,14.02488341548408,49.307153226095664
C0603,2025-02,11.776736087424919,74.90230001234612
C0604,2025-02,7.721179181555616,65.83468195543712
C0605,2025-02,12.32604510734787,65.12615991816665
C0606,2025-02,12.510420190234953,100.0
C0607,2025-02,12.171180072353009,56.56182201455823
C0608,2025-02,15.313079793681757,59.867677883435746
C0609,2025-02,15.76311300037451,100.0
C0610,2025-02,16.523795299895934,75.2416868746286
C0611,2025-02,13.629568232423082,73.13176919232185
C0612,2025-02,14.015587453794087,67.83988864820982
C0613,2025-02,13.578648449867117,
C0614,2025-02,,72.52413674561437
C0615,2025-02,13.425465465689145,70.36744793689327
C0616,2025-02,17.227069991954313,60.30353620012556
C0617,2025-02,11.728015378623383,83.14560493321547
C0618,2025-02,12.258279891035723,66.6035105621932
C0619,2025-02,20.494432288256437,
C0620,2025-02,17.775268084154618,93.30245642120147
C0621,2025-02,10.836171408065622,74.70440228168755
C0623,2025-02,20.00068906719545,100.0
C0624,2025-02,14.092393930482823,83.12874393763846
C0625,2025-02,14.187300375332494,74.15348312369368
C0626,2025-02,12.036673189085274,64.2190572550528
C0627,2025-02,13.273219786672675,77.22803106771585
C0628,2025-02,18.298715014687104,89.55149651580697
C0629,2025-02,12.146774563569169,70.89467465603954
C0630,2025-02,14.117685665174125,84.13932128647562
C0631,2025-02,17.322621843423125,74.79523117497536
C0632,2025-02,11.041674477091721,73.16094625731066
C0633,2025-02,11.84151876328401,62.60486427166449
C0634,2025-02,13.835103574548986,80.66622286837345
C0635,2025-02,15.692957925228372,84.83450597511775
C0637,2025-02,17.781210072707346,86.81233766401874
C0638,2025-02,14.83975210314476,68.05191540004613
C0639,2025-02,8.455723070435115,99.00347541619576
C0640,2025-02,17.537034871249382,86.50203121164762
C0641,2025-02,12.070909017054312,79.32783909364527
C0642,2025-02,17.298208174756034,80.14535694676691
C0643,2025-02,19.64591555619304,77.54653430704796
C0644,2025-02,14.773475603873974,68.53695689816821
C0645,2025-02,11.15103417407254,73.14358812428155
C0646,2025-02,18.921445442508038,76.88265266383833
C0647,2025-02,11.24830495562151,81.54876253987045
C0648,2025-02,20.513606871183182,95.75463132251569
C0649,2025-02,12.40812161708246,90.18996320111867
C0650,2025-02,12.33705390130759,85.21972409328978
C0651,2025-02,22.663871936946737,58.42803749963469
C0652,2025-02,16.37837928856881,75.54650985105573
C0653,2025-02,20.648010063896617,57.768565603615194
C0654,2025-02,13.85958836693896,92.28096631444114
C0655,2025-02,14.978370710351115,79.88569079735227
C0656,2025-02,5.615564452992869,76.58032887515019
C0658,2025-02,14.972287472139662,94.42265133204131
C0659,2025-02,14.278729694355434,80.80873034049796
C0660,2025-02,15.5256309226181,74.90413942718166
C0661,2025-02,14.915660083946722,81.76215975872589
C0662,2025-02,11.181526000767327,80.20643585317428
C0663,2025-02,16.425831943557988,
C0664,2025-02,13.057234253392489,93.78029324291927
C0665,2025-02,15.925648711103301,93.88033833172977
C0666,2025-02,13.020507577523757,78.19241637321747
C0667,2025-02,13.719446322736278,70.20363314713893
C0668,2025-02,12.075875229143405,
C0669,2025-02,11.68662308182527,70.1366269880826
C0670,2025-02,12.444464762619628,97.36042737537025
C0671,2025-02,15.841103812819064,100.0
C0672,2025-02,11.983987685612366,88.20791636782124
C0673,2025-02,11.593593502897413,64.83234947726827
C0674,2025-02,16.631788280907102,71.70486727151955
C0675,2025-02,14.045859261440874,76.07964920233316
C0676,2025-02,17.292330041405204,68.87816906730251
C0677,2025-02,14.450239201097764,76.81727581063008
C0678,2025-02,12.907677695663624,82.69055517507027
C0679,2025-02,9.766797643344269,88.0610176071016
C0680,2025-02,10.647491683150388,95.51448045541748
C0681,2025-02,11.243638867968361,76.59867511018071
C0682,2025-02,15.138143326112194,74.14813858757282
C0683,2025-02,13.397274906782107,58.41407610995129
C0684,2025-02,11.630818939734123,84.58868710687898
C0686,2025-02,15.656403646524986,75.34984861369787
C0687,2025-02,17.142721596060383,71.15861427005186
C0688,2025-02,17.731725274352225,72.6452492350256
C0689,2025-02,10.516673630725297,85.46814644695735
C0690,2025-02,17.109518997994563,76.68486505836717
C0691,2025-02,15.634745786123023,99.04304600621089
C0692,2025-02,14.814473942346202,58.83698361000271
C0693,2025-02,11.816468430759732,93.70962871521941
C0694,2025-02,14.055835838927253,71.99852446169207
C0695,2025-02,20.04131009211637,78.43792190294985
C0696,2025-02,19.932035919935135,87.31153160326389
C0697,2025-02,15.223922719796096,96.32427968356316
C0698,2025-02,16.181695504970513,97.66880828982221
C0699,2025-02,7.882557667477039,93.60018566740092
C0700,2025-02,18.380457853342392,77.04351912158762
C0701,2025-02,,100.0
C0702,2025-02,16.030941588382866,89.32514013650791
C0703,2025-02,11.746347437369135,34.711882901292626
C0704,2025-02,15.263686439262232,81.77607546980491
C0705,2025-02,18.059195378498156,71.30409795369332
C0706,2025-02,15.93775041463564,76.22217914788729
C0707,2025-02,22.315394517729615,88.08262843512605
C0708,2025-02,17.25744465321921,84.8114732851555
C0709,2025-02,11.606857957868282,69.51519219435242
C0710,2025-02,12.651314885929125,98.42808188831143
C0711,2025-02,11.134000381150628,57.32667103014127
C0712,2025-02,16.962784228982247,60.13523911042195
C0713,2025-02,17.435882348404924,62.48579151878415
C0714,2025-02,20.645545418127718,88.98233739413764
C0715,2025-02,14.119507378602378,86.63888946428106
C0716,2025-02,14.485678503897468,63.339423726093166
C0717,2025-02,17.169556177571344,67.20175947050889
C0718,2025-02,19.792768103256368,81.52694034053825
C0719,2025-02,10.752924205961463,64.2960552592841
C0720,2025-02,14.896807739196918,85.74256872781271
C0721,2025-02,10.577067132112536,100.0
C0722,2025-02,11.860563530104486,74.17430828357385
C0723,2025-02,10.596766334069045,84.3516170675903
C0724,2025-02,11.993287848968468,78.81424100114633
C0725,2025-02,10.815741002174825,100.0
C0726,2025-02,10.283212516749053,100.0
C0727,2025-02,10.443555553341389,69.96040094400959
C0728,2025-02,15.169999868877724,79.09823519605719
C0729,2025-02,15.017562433464068,92.84470325816197
C0730,2025-02,9.675361302946573,84.63129307365391
C0731,2025-02,22.26257009563208,65.14107114592304
C0732,2025-02,12.551801773139081,52.50886001610438
C0733,2025-02,10.235316619195022,70.16007888117372
C0734,2025-02,15.817519769078428,82.60157777208882
C0735,2025-02,14.273113648496151,73.21790210959279
C0736,2025-02,11.736560126052318,63.593935094136704
C0737,2025-02,16.702184292626434,74.75613821735244
C0738,2025-02,13.014745422072393,100.0
C0739,2025-02,13.304979152995124,62.61995042555762
C0740,2025-02,18.270525695851223,72.95156256632055
C0742,2025-02,16.381692945426003,100.0
C0743,2025-02,12.159808289246099,
C0744,2025-02,,71.56115375019981
C0745,2025-02,13.346624302677679,84.21732403813174
C0746,2025-02,11.642911505915592,80.44209050438417
C0747,2025-02,12.088749442952022,91.25245577089035
C0748,2025-02,12.459712819322156,93.86408936708197
C0749,2025-02,18.415979316248663,72.28189844073984
C0751,2025-02,8.31957542018478,79.36376424645523
C0752,2025-02,18.40182202672792,68.82194661386306
C0753,2025-02,16.259942319283354,93.14748796957932
C0754,2025-02,18.696019349947278,85.56886017450067
C0755,2025-02,14.220936199024797,100.0
C0756,2025-02,10.582968586587103,88.01440719397765
C0757,2025-02,10.46379597137974,92.2348010623173
C0758,2025-02,19.90156113652742,42.401911734085274
C0759,2025-02,9.958757725189738,81.8700400336724
C0760,2025-02,10.436418954083845,86.45432383028209
C0761,2025-02,12.4481980335189,84.32500382297349
C0762,2025-02,10.59880459787938,100.0
C0763,2025-02,16.037882385559136,87.9705539315064
C0764,2025-02,17.2414744967157,65.58210538724134
C0765,2025-02,15.093943372428464,84.91763782473244
C0766,2025-02,,91.37624937419089
C0767,2025-02,15.391676839547486,71.08735789203578
C0768,2025-02,20.58051842254504,76.2177448476823
C0769,2025-02,10.8567004543909,
C0770,2025-02,18.51236477946104,81.821164307586
C0771,2025-02,17.934088069462796,98.26488871670543
C0772,2025-02,13.34860133445715,79.40710599069612
C0773,2025-02,15.054497180521214,49.23199078302645
C0774,2025-02,15.281006623883425,79.46166699523944
C0775,2025-02,10.854852475109894,71.66437451036893
C0776,2025-02,,87.9349449073597
C0777,2025-02,,87.86278547333892
C0778,2025-02,10.42880587761135,65.31882490649662
C0779,2025-02,10.734195342844734,80.79377161991941
C0781,2025-02,15.625022708619802,86.7626983611635
C0782,2025-02,,
C0783,2025-02,12.457777848783799,65.76156121558854
C0784,2025-02,17.026241528262812,76.35044732237407
C0785,2025-02,13.594779819463938,48.76618958195088
C0786,2025-02,12.271983889721179,96.72174806893602
C0787,2025-02,15.498122256149303,80.73308553931676
C0789,2025-02,14.42635795988973,77.67453852542317
C0790,2025-02,15.478393903518143,85.55039942242706
C0791,2025-02,14.769244102482663,96.84140204392537
C0792,2025-02,17.583868631230477,77.75586605041676
C0793,2025-02,10.211027257642119,85.7204962315296
C0794,2025-02,19.126967205857312,88.58044168562792
C0796,2025-02,10.234097451421647,72.23464611813166
C0797,2025-02,10.682295916494216,81.25442743973773
C0798,2025-02,12.998038524607274,95.76262800543405
C0799,2025-02,11.738971035557952,97.17344283349375
C0800,2025-02,11.911801059543272,63.8789293381572
H0001,2025-03,12.840523891876607,68.75098124618489
H0002,2025-03,10.582708772727038,79.32011826051243
H0003,2025-03,15.168671098011178,66.75703894840333
H0004,2025-03,16.405946802901862,73.20666999536509
H0005,2025-03,11.931795942800136,79.5545532643329
H0006,2025-03,15.640599767336212,73.14289135452076
H0007,2025-03,14.381600545335369,80.74611862238991
H0008,2025-03,12.699887897979982,93.35985843289188
H0009,2025-03,13.499243926100183,90.98312332696806
H0010,2025-03,16.681905499708577,49.140957989642885
H0011,2025-03,21.78014517995249,82.92355747454529
H0012,2025-03,17.76231700879122,100.0
H0013,2025-03,16.271003700416713,81.56025423418254
H0014,2025-03,17.615219553449638,73.72149486369251
H0015,2025-03,15.549296117246563,96.46039323223967
H0016,2025-03,12.934962814139771,
H0017,2025-03,15.526298667460251,95.98196099445114
H0018,2025-03,11.0109073064399,79.2810672384359
H0019,2025-03,12.398455097463653,86.07767167378248
H0020,2025-03,17.662978035421375,72.07435938010615
H0021,2025-03,13.335913445658575,91.83203151755366
H0022,2025-03,11.848978288688453,78.61790173368385
H0023,2025-03,11.558000163633116,77.9195572078512
H0024,2025-03,10.282990924568928,91.13209314780605
H0025,2025-03,15.19755984229464,85.43887217579135
H0026,2025-03,13.729977000800686,79.23090349823076
H0027,2025-03,13.418617390382229,59.334453382529986
H0028,2025-03,16.623346928682057,
H0029,2025-03,16.51050103059343,78.23613324931897
H0030,2025-03,9.531558327395972,75.4897476077303
H0031,2025-03,10.842990014400483,76.3528025294809
H0032,2025-03,13.827304674498246,95.966384175359
H0033,2025-03,16.80027963050417,88.62894005885126
H0034,2025-03,12.92813419287556,76.5479910294272
H0035,2025-03,11.69032767328561,85.61869990953862
H0036,2025-03,15.495972725726304,100.0
H0037,2025-03,16.22572654607224,
H0038,2025-03,14.084618732693547,75.91074500198287
H0039,2025-03,15.754406474543302,70.83750689905716
H0040,2025-03,11.366743134021629,83.73845970146074
H0041,2025-03,19.67231810462482,
H0042,2025-03,13.915996262043128,97.60345198476051
H0043,2025-03,18.970147455489357,73.6376156371157
H0044,2025-03,9.37652949952449,93.64537700048908
H0045,2025-03,9.452473699406164,97.37473574096735
H0046,2025-03,12.61638275825958,51.76940530559479
H0047,2025-03,17.147053155394197,64.84071271409393
H0048,2025-03,16.758626389404952,98.2352544305611
H0049,2025-03,13.79463658921543,58.10411423795571
H0050,2025-03,16.753897535132072,85.66528540395463
H0051,2025-03,14.283751700381904,
H0052,2025-03,20.30026463229428,84.21214291984182
H0053,2025-03,13.250344666133202,79.66366857200573
H0054,2025-03,18.470866830707127,99.7483027383087
H0055,2025-03,11.965630511670813,90.64101889990964
H0056,2025-03,13.77396919969168,100.0
H0057,2025-03,10.97612212800053,62.28686557686585
H0058,2025-03,16.166979018060925,69.65647309226708
H0059,2025-03,18.941477519430105,81.7585774299389
H0060,2025-03,14.427624707409562,99.71935501820232
H0061,2025-03,16.054952131738812,90.12449022388705
H0062,2025-03,14.691792210875256,73.68467843546112
H0063,2025-03,15.806482392715374,64.71379141532374
H0064,2025-03,18.737006239517257,67.05408978066781
H0065,2025-03,10.226984308252653,100.0
H0066,2025-03,11.11212956733874,78.93508831670874
H0067,2025-03,12.498148550252832,81.62591561570669
H0068,2025-03,13.940910556237485,68.61855257871306
H0069,2025-03,15.754516925378637,82.51824244606009
H0070,2025-03,14.801305941300681,68.8980744057178
H0071,2025-03,14.663477919360428,84.39115997621775
H0072,2025-03,13.636396168905897,73.20544529797628
H0073,2025-03,14.32674061798204,67.20103364129615
H0074,2025-03,12.395507860605687,97.42288326316037
H0075,2025-03,8.322815968471234,
H0076,2025-03,12.739223970194278,90.13134084822212
H0077,2025-03,18.381887464453683,56.723504823693574
H0078,2025-03,6.639253338844748,64.90016584864743
H0079,2025-03,16.878736952094837,62.38538045910272
H0080,2025-03,12.332688472248863,100.0
H0081,2025-03,17.00808919857824,94.68166856207215
H0082,2025-03,11.682233459062717,
H0083,2025-03,5.8992466587784875,65.92222617191338
H0085,2025-03,15.460811969023197,98.75450826001445
H0086,2025-03,16.795442200156096,52.03784482018026
H0087,2025-03,10.623646426219754,82.3468964318557
H0088,2025-03,15.133006176983514,86.79467941445338
H0089,2025-03,,64.92286994094343
H0090,2025-03,12.393046562399533,100.0
H0091,2025-03,15.60851406108968,78.53933709994024
H0092,2025-03,14.140294594333314,82.47739612365781
H0093,2025-03,16.089588317896172,87.49186141086595
H0094,2025-03,15.542602865344858,
H0095,2025-03,,75.69616743528637
H0096,2025-03,20.158554295027304,67.72335671166607
H0097,2025-03,7.0828087629639755,80.06323379955488
H0098,2025-03,10.384862524095897,88.09731561909337
H0099,2025-03,18.320706829993156,95.527046845445
H0100,2025-03,10.13805985973351,78.04822991511577
H0101,2025-03,16.143162601436394,77.62588125623544
H0102,2025-03,15.208959836332447,66.81108006626997
H0103,2025-03,11.551187241928151,97.56040916392958
H0104,2025-03,17.13727990320685,67.03418520196225
H0105,2025-03,17.439131003432433,86.16767218122789
H0106,2025-03,13.515417168814825,90.59969800702738
H0107,2025-03,14.30900276208411,94.31020817584456
H0108,2025-03,18.649009649298712,61.79082714989961
H0109,2025-03,10.868852264362106,63.26311513449457
H0110,2025-03,16.37764262017566,66.44371845895633
H0111,2025-03,10.068779966465216,64.83201302706857
H0112,2025-03,17.278780686059626,100.0
H0113,2025-03,14.521218197933797,86.54357644838377
H0114,2025-03,14.344453470101984,62.10498105927138
H0115,2025-03,19.700588682238752,
H0117,2025-03,15.877732552609116,95.52946469581099
H0118,2025-03,13.729563857151735,59.60354119109634
H0119,2025-03,15.580561277995661,93.45250740028993
H0120,2025-03,16.300734894070327,73.010418268439
H0121,2025-03,16.945443310431536,77.22195393395816
H0123,2025-03,11.892304663327472,74.49580785839947
H0124,2025-03,16.46894474270755,65.88568818823735
H0125,2025-03,17.118209570371008,98.83449754943221
H0126,2025-03,15.475182567298678,64.65840451519077
H0127,2025-03,17.564720103279736,100.0
H0128,2025-03,15.252592612041699,76.11300006816714
H0129,2025-03,11.732083006257609,55.48755300756059
H0130,2025-03,12.971420251335788,69.69428784962099
H0131,2025-03,13.650811313756376,64.0215182007154
H0132,2025-03,13.594671732483702,82.74658530941275
H0133,2025-03,13.457102737298763,63.33802383874478
H0134,2025-03,20.635418575509483,75.2444739717975
H0135,2025-03,15.993652627134729,84.04169532093266
H0136,2025-03,14.987363740783419,64.44365545507485
H0137,2025-03,15.604957719937248,99.3300743182331
H0138,2025-03,15.55525149184433,81.11925512113592
H0139,2025-03,21.432600489652557,81.62125371459413
H0141,2025-03,12.581267660349873,69.31439600074627
H0142,2025-03,12.069438183179383,77.21875357034979
H0144,2025-03,21.337681900253422,93.23754299052501
H0145,2025-03,14.058426553057382,79.37018029177781
H0146,2025-03,12.157001897991538,68.19910504481052
H0147,2025-03,19.06143694910506,79.21510683448847
H0148,2025-03,13.610449993783503,75.06196544189721
H0149,2025-03,9.728579884690745,100.0
H0150,2025-03,14.395923225444522,81.8283923367432
H0151,2025-03,18.415063642997552,68.96037299799525
H0152,2025-03,7.361313918090208,66.53418279904922
H0153,2025-03,17.09558549490265,74.41532669682134
H0154,2025-03,9.939394160965882,83.99540249527595
H0155,2025-03,14.801021183668853,87.15743507286389
H0156,2025-03,12.6821661817486,83.8927471208163
H0157,2025-03,19.16081502067762,81.61852189751163
H0159,2025-03,9.518900136130576,83.06797786402404
H0160,2025-03,7.981619950630346,65.87406721764539
H0161,2025-03,11.417372126597948,
H0162,2025-03,16.024287457160792,62.09682700344464
H0163,2025-03,8.860779285333615,82.36775005337672
H0164,2025-03,12.87872775935567,89.92745016152344
H0165,2025-03,16.29845628678406,100.0
H0166,2025-03,16.742770112692273,
H0167,2025-03,8.386786554753112,95.56333917144458
H0168,2025-03,14.797655984178098,92.13286169585342
H0169,2025-03,11.878078606312814,74.50528557257363
H0170,2025-03,12.302146755001445,78.02268578802855
H0171,2025-03,12.48627534530904,70.12057243504651
H0172,2025-03,13.282862531517493,69.0780254303349
H0173,2025-03,15.560921195458032,62.84769337957659
H0174,2025-03,12.537456568960721,65.77306859207562
H0175,2025-03,12.4242722660344,43.37860789087799
H0176,2025-03,18.00570519652797,83.55888806023034
H0177,2025-03,14.123362104984986,98.83722571366265
H0178,2025-03,10.927805364094487,81.49512444282392
H0179,2025-03,15.375180350437025,81.71384663434799
H0180,2025-03,9.511728899355838,68.85367017088801
H0181,2025-03,14.899740020980872,100.0
H0182,2025-03,14.964321338172583,89.75418736463021
H0183,2025-03,16.658350793345637,60.609528697382586
H0184,2025-03,16.854904131451768,100.0
H0185,2025-03,10.874771701555542,99.51206228170713
H0186,2025-03,12.825492821552524,64.77008644140533
H0187,2025-03,17.192963256337972,87.99677264761195
H0188,2025-03,13.911587681744878,78.04379508512346
H0189,2025-03,13.869384770494209,50.66859654003985
H0190,2025-03,16.848076773232446,67.7407858424589
H0191,2025-03,19.195192249731345,90.71867055700167
H0192,2025-03,15.445616366375956,92.2947798601919
H0193,2025-03,14.269561701409405,100.0
H0194,2025-03,18.55565996165064,76.61363643647907
H0195,2025-03,20.83266619771552,55.60217166933198
H0196,2025-03,15.65437352567856,69.20656323148053
H0197,2025-03,14.171639861173523,71.88839888523005
H0198,2025-03,16.80546652785126,73.85246123640083
H0199,2025-03,16.904629385092885,78.3639421797753
H0200,2025-03,15.703058938567073,87.53325019645959
H0201,2025-03,16.727659831481827,100.0
H0202,2025-03,11.477763935639853,81.1727386852079
H0203,2025-03,16.953008552069996,49.28339923820356
H0204,2025-03,17.29726571646191,87.00993470375553
H0205,2025-03,15.368179801338258,52.28293927854581
H0206,2025-03,15.637664471513768,74.80532935755619
H0207,2025-03,13.30782275375883,100.0
H0208,2025-03,8.534338640980575,
H0209,2025-03,9.532391935605348,100.0
H0210,2025-03,,87.42561798508135
H0211,2025-03,17.207448298173013,80.33297102157071
H0212,2025-03,11.218146950232804,55.59314298975972
H0213,2025-03,10.950083311062244,
H0214,2025-03,14.083564571199771,71.34834212846094
H0215,2025-03,12.189608784231881,68.43509333478916
H0216,2025-03,13.660868187892804,78.11215136222116
H0217,2025-03,16.53732951267091,100.0
H0218,2025-03,,92.27027621713037
H0219,2025-03,13.397638726993405,75.28233957061929
H0220,2025-03,14.255215619985476,83.372750392858
H0221,2025-03,9.870905417856516,71.30059991664447
H0222,2025-03,14.902558290372426,87.09985881205597
H0223,2025-03,18.893513155770066,61.93942840413317
H0225,2025-03,15.604032579527429,60.06757863198995
H0226,2025-03,12.26315455356636,75.67617508523483
H0227,2025-03,13.398900153681037,97.85185332866192
H0228,2025-03,16.951175151090695,100.0
H0229,2025-03,13.981507980852275,43.96140610428027
H0230,2025-03,17.682064695444264,66.17273974593772
H0231,2025-03,,84.30432873717596
H0232,2025-03,13.507936396940295,87.26792621941401
H0233,2025-03,18.464114875401275,
H0234,2025-03,8.922175589478051,77.83974766682438
H0235,2025-03,11.050536055861937,76.05495135070683
H0236,2025-03,13.085233173688394,77.12088649738537
H0237,2025-03,,76.79494400488655
H0238,2025-03,13.538394685798202,79.52634157722446
H0239,2025-03,15.937238832337677,100.0
H0240,2025-03,18.86934059958902,77.64086716201997
H0241,2025-03,10.060221355990787,94.15792321586525
H0242,2025-03,18.530515684063182,77.29696074918556
H0243,2025-03,15.260356785487607,74.62544331385237
H0244,2025-03,14.164601192758884,73.01069024997241
H0245,2025-03,14.653055711700139,55.972761828852626
H0246,2025-03,15.351059766042718,64.60878661695025
H0247,2025-03,17.519372135365483,67.61193144244646
H0248,2025-03,10.31169571852347,79.24218467832235
H0250,2025-03,16.066675479961624,73.85263873634278
H0251,2025-03,11.530948565615727,63.459422973939915
H0252,2025-03,,91.55991653210799
H0254,2025-03,13.43771672246918,100.0
H0255,2025-03,17.806853405571857,95.82881068220372
H0256,2025-03,11.07978420540605,80.96802072937642
H0257,2025-03,,83.55475015501594
H0258,2025-03,15.33663186914721,93.88055635506949
H0259,2025-03,12.898424913737422,94.27669058972731
H0261,2025-03,14.236255523621697,94.41074597678907
H0262,2025-03,14.93245653920687,79.91055908375293
H0263,2025-03,13.056146564454949,70.26572609087177
H0264,2025-03,11.079000441361153,81.91107730381151
H0265,2025-03,13.763613285517863,74.18369193425558
H0266,2025-03,19.154391439344494,67.18114939810398
H0267,2025-03,15.666674506995001,100.0
H0268,2025-03,12.438496519743833,79.4430178731998
H0270,2025-03,17.10991460477412,100.0
H0271,2025-03,13.406734823471744,87.22510257411608
H0272,2025-03,13.470016090421733,93.06894640213193
H0273,2025-03,15.16783113625858,78.53374655183865
H0274,2025-03,12.074496923104006,84.25758405183126
H0275,2025-03,9.978003618221496,86.20618011409849
H0276,2025-03,15.057408190998144,76.70792419081644
H0277,2025-03,8.818430704360322,73.32903166695786
H0278,2025-03,12.36522508919965,85.08478707040187
H0279,2025-03,11.851083194635713,86.83432539107827
H0280,2025-03,11.375473474660485,58.35139657848556
H0281,2025-03,19.19997363598018,100.0
H0282,2025-03,14.240773523629676,100.0
H0283,2025-03,17.816666331784972,82.44783936609781
H0284,2025-03,15.485718660746155,93.89366937803827
H0286,2025-03,13.011190761392324,69.14519128078237
H0287,2025-03,16.6986949310255,93.40487215917956
H0288,2025-03,12.309840933452715,67.43592069436353
H0289,2025-03,13.81827958570101,87.37058010066397
H0290,2025-03,13.80488078358208,73.65535683094193
H0291,2025-03,10.27051894241335,64.62475709288773
H0292,2025-03,15.747852027264294,86.42516823815546
H0293,2025-03,16.586258969981618,92.87413633990782
H0294,2025-03,13.96241218542569,85.25415332046006
H0295,2025-03,11.126969814613371,77.63922408851477
H0296,2025-03,20.127642715165507,54.12775612893937
H0297,2025-03,12.004517343594646,72.77728495755876
H0298,2025-03,15.802232724826961,57.28070396230797
H0299,2025-03,14.533303490810988,
H0300,2025-03,17.49421193061796,79.14804546881508
H0301,2025-03,13.649414176484594,76.86711590465605
H0302,2025-03,14.852428137288996,81.22667764275387
H0303,2025-03,14.393087917441814,87.25325325380977
H0304,2025-03,13.635825508565521,87.60107608140237
H0305,2025-03,14.733610279890158,84.89080735144628
H0306,2025-03,11.265708244339997,90.4908393409832
H0307,2025-03,15.315465150848343,
H0308,2025-03,23.355183627654494,68.35217174199975
H0309,2025-03,12.087600024434874,87.47328163318954
H0310,2025-03,15.806924149958473,81.27628890741924
H0311,2025-03,,67.15240700387143
H0312,2025-03,10.919729866816379,85.48828749929507
H0313,2025-03,16.919360804735994,90.54470366047389
H0314,2025-03,,64.04448643070533
H0315,2025-03,11.967515121149594,69.40972329010965
H0316,2025-03,19.192405233828353,59.060644891031565
H0317,2025-03,12.247399281228628,74.5116208968033
H0318,2025-03,17.84211579225421,78.82820059546414
H0319,2025-03,16.89694593303178,67.75179166732462
H0320,2025-03,14.995718607653089,73.40082130628363
H0321,2025-03,15.532819159028303,76.36112615281873
H0322,2025-03,16.75108129954088,92.5127060421157
H0323,2025-03,14.864007218859177,77.59022148589631
H0324,2025-03,,68.93387523137191
H0325,2025-03,17.220072125207178,100.0
H0326,2025-03,23.08957170151031,90.55441822846007
H0327,2025-03,,61.07485626151564
H0328,2025-03,10.617870185497004,88.19527587495276
H0329,2025-03,11.976990969110592,73.87262205951433
H0330,2025-03,13.460215982064108,94.13028773983801
H0331,2025-03,12.076584787009306,75.84964708211845
H0332,2025-03,17.351924545336175,58.241420562247406
H0333,2025-03,9.679850910539178,70.42576196700276
H0334,2025-03,12.083327178104957,63.91068595684199
H0335,2025-03,13.57678129770956,72.55982578673813
H0336,2025-03,16.85014898148818,45.75221249078553
H0337,2025-03,14.122801249199638,77.56510448428764
H0338,2025-03,9.88311253461775,49.49833849936073
H0339,2025-03,16.46362012819271,81.80330525592
H0340,2025-03,11.41579141315082,45.19985169105754
H0341,2025-03,11.395802394250657,66.22526419305149
H0342,2025-03,16.70288070970254,83.93141270331365
H0343,2025-03,12.810826074116896,88.45922861722866
H0344,2025-03,16.497917322094484,70.61943531803695
H0345,2025-03,12.790925651290822,86.70400428424455
H0346,2025-03,14.749784927943569,52.79371928109627
H0347,2025-03,18.78902312159462,93.9691927253534
H0348,2025-03,16.329682110363088,
H0349,2025-03,13.842974151059178,78.45453938045836
H0350,2025-03,11.327601648003599,76.42518559046248
H0351,2025-03,16.00639380443372,43.254288239623335
H0352,2025-03,17.063535259091488,
H0353,2025-03,14.96802575826239,87.5385266961934
H0354,2025-03,13.683380929631548,83.14797384655458
H0355,2025-03,17.059195733949373,
H0356,2025-03,13.170436161201954,
H0357,2025-03,16.355302597078538,82.48959752796472
H0358,2025-03,19.30123109335461,65.75260829277674
H0359,2025-03,14.778945031105593,100.0
H0360,2025-03,13.765776904572,89.34986719317867
H0361,2025-03,12.72669842736844,83.36584698690007
H0362,2025-03,13.396040491112354,82.56078257847125
H0363,2025-03,15.129866997764044,68.43981638985912
H0364,2025-03,19.718953978219815,69.4144599858671
H0366,2025-03,15.410878557247367,68.46010462214673
H0367,2025-03,14.704793792926532,79.45951818629514
H0368,2025-03,9.313968853593448,79.61385571421079
H0369,2025-03,15.067551340054365,82.88057041777977
H0370,2025-03,10.946636292643744,79.91217112529556
H0371,2025-03,19.37558613205574,100.0
H0372,2025-03,13.082357565826602,85.99611830004318
H0373,2025-03,10.456280649762533,86.81381889219048
H0374,2025-03,9.708714981889557,76.98120665579287
H0375,2025-03,12.676355340102832,78.93113573494776
H0377,2025-03,,97.31183669017594
H0378,2025-03,15.290616208185149,98.32548399307368
H0379,2025-03,10.526033058935706,33.393787262900275
H0380,2025-03,,59.68206501349162
H0381,2025-03,13.436659978808187,100.0
H0382,2025-03,13.252859545204057,69.9166452554725
H0383,2025-03,16.979185063112123,74.2126615939068
H0384,2025-03,17.794068174101223,71.52438146126268
H0385,2025-03,11.862987588067922,63.10862879311384
H0386,2025-03,9.749574144567246,67.72413042036585
H0387,2025-03,12.59398609621444,69.84291583185394
H0388,2025-03,18.54364578402517,70.95653870713883
H0389,2025-03,13.410571836765724,70.39540212668844
H0390,2025-03,17.966283032011344,94.70733970067948
H0392,2025-03,14.56030091902408,83.80657507697507
H0393,2025-03,13.20166051461728,82.68603837751579
H0394,2025-03,15.821851821132217,72.9610286981605
H0395,2025-03,15.235271956849324,71.07329243757736
H0396,2025-03,10.892997189886604,56.17395184164399
H0398,2025-03,12.332989107870212,81.37058741291332
H0399,2025-03,14.091956867822542,93.50712036615437
H0400,2025-03,11.2409230780195,84.58626356562361
H0401,2025-03,15.18019201324143,100.0
H0402,2025-03,14.993203611035018,72.31341798191107
H0403,2025-03,15.909212849209517,64.48389131282775
H0404,2025-03,17.564956291680414,100.0
H0405,2025-03,15.473239345849336,96.03206923834713
H0407,2025-03,12.05724095420133,86.94712532780328
H0408,2025-03,10.689622804790094,85.90695619115628
H0409,2025-03,14.987026696356025,79.14547295751184
H0410,2025-03,17.451409028263335,60.93759723996391
H0411,2025-03,11.836124201146799,75.49304155465376
H0412,2025-03,12.21933809963108,78.19524913879283
H0413,2025-03,19.13930574456618,
H0414,2025-03,,83.8730196567515
H0415,2025-03,20.021998140071275,60.697310583499075
H0416,2025-03,,85.58658357215064
H0417,2025-03,13.301109130213918,100.0
H0418,2025-03,,87.20978642654089
H0419,2025-03,18.98359589613392,98.21249444386349
H0420,2025-03,11.841297049659195,74.23510194865096
H0421,2025-03,15.896173015536332,80.39898043161624
H0422,2025-03,22.17461664081081,79.12515100505462
H0423,2025-03,15.460303520412296,78.03224227627358
H0424,2025-03,14.960621241283716,88.73722384942248
H0425,2025-03,20.492711237032402,64.74633278105257
H0426,2025-03,10.98835201724952,90.84535603224491
H0427,2025-03,15.473019037936645,90.25999117309632
H0428,2025-03,15.620444350792162,
H0429,2025-03,9.725342561296188,93.08587871096397
H0430,2025-03,11.451986205138674,100.0
H0431,2025-03,12.724055481207063,92.2335207413844
H0432,2025-03,15.143336159677062,50.92166833756241
H0433,2025-03,12.91583054957939,100.0
H0435,2025-03,17.631667754614238,58.58257739128243
H0437,2025-03,9.740103985597802,80.76185703916649
H0438,2025-03,14.403935682843093,50.63353516541769
H0439,2025-03,15.32810151581844,45.80790411594447
H0440,2025-03,13.708615479156142,68.39609163346788
H0441,2025-03,16.218723853371586,70.19193227957335
H0442,2025-03,17.911523638824168,79.32392732082535
H0443,2025-03,15.258423636050061,85.77028348360334
H0444,2025-03,14.366868615962426,100.0
H0446,2025-03,6.609061940690204,83.01573180938612
H0447,2025-03,18.192394889838283,73.87663686231548
H0448,2025-03,17.799586996217744,93.84541595482698
H0449,2025-03,19.4134456632786,100.0
H0450,2025-03,14.491520315510815,70.1961846379608
H0451,2025-03,17.678423804631905,65.8408193751791
H0452,2025-03,15.040825189219737,71.93093536043159
H0453,2025-03,14.679122317007154,70.59457290783791
H0454,2025-03,19.0375826801337,78.11772406910251
H0455,2025-03,9.508790605406114,80.91645977167056
H0456,2025-03,17.144275463854985,81.1286112090553
H0457,2025-03,,62.5360461832787
H0458,2025-03,9.911108267744368,72.49962649453991
H0459,2025-03,14.094857101810083,83.61762996253994
H0460,2025-03,10.408744200545833,99.82132884612673
H0461,2025-03,9.766423222345566,68.45675942118024
H0462,2025-03,9.681425678265986,79.9284369051772
H0463,2025-03,12.640492982918612,76.51598401431052
H0464,2025-03,15.53326761256464,70.5329557094144
H0465,2025-03,16.792365471310195,72.16514449949211
H0467,2025-03,12.852053978750927,84.45663869937847
H0468,2025-03,16.61210578379981,88.05860096573139
H0469,2025-03,15.521713563012915,75.43846000549044
H0470,2025-03,14.062605104202088,83.64751235816217
H0471,2025-03,14.984984673923858,53.14539952581895
H0472,2025-03,16.195638375588317,97.94327688069383
H0473,2025-03,16.864984928508818,71.93260060448739
H0474,2025-03,13.353033662907759,76.0613152066554
H0475,2025-03,16.563670019453326,93.59328249287168
H0476,2025-03,13.226580097835413,61.36609716570048
H0477,2025-03,15.161525953384793,69.23205218500709
H0478,2025-03,14.309601390782136,67.66921947194362
H0479,2025-03,8.60618601653987,86.2902127003277
H0480,2025-03,13.865825768223953,65.69898675646547
H0481,2025-03,17.172748654746794,89.8335288026824
H0483,2025-03,14.306851196073538,54.874293839288626
H0484,2025-03,13.41221905645969,92.60609263360604
H0485,2025-03,14.373965857400425,100.0
H0486,2025-03,16.887261028353052,
H0487,2025-03,12.315041494250893,
H0488,2025-03,12.804209707386873,67.37010782582331
H0489,2025-03,7.238589670551489,76.47342999200545
H0490,2025-03,11.213196094188467,91.62814550665827
H0491,2025-03,10.533773657128311,67.94592994917267
H0492,2025-03,10.194671229212794,67.29014976010741
H0493,2025-03,11.278594532815085,97.50657972369086
H0494,2025-03,13.065297282852006,74.141771998944
H0495,2025-03,10.495240786502809,66.96115152811495
H0496,2025-03,18.190820226391725,74.86033188432961
H0497,2025-03,9.781525646797336,56.141495354994206
H0498,2025-03,15.382162928964355,65.07192548271965
H0499,2025-03,,100.0
H0500,2025-03,16.062881365142193,88.8302320213257
H0501,2025-03,13.6375365656832,85.92982811235143
H0502,2025-03,17.095544470667377,84.52266615948497
H0503,2025-03,14.476025534852598,88.47836270344271
H0504,2025-03,14.342037734760492,75.65464441958618
H0505,2025-03,17.876988656762624,78.42829317176177
H0506,2025-03,13.887050814669351,84.64556471765451
H0507,2025-03,10.465920805712486,75.66908182782176
H0508,2025-03,16.187131440178153,98.95027500803127
H0509,2025-03,18.09852030493606,57.37238316106911
H0510,2025-03,14.464496184626832,72.46851100510027
H0511,2025-03,13.845818785616474,96.92193765762613
H0512,2025-03,,
H0513,2025-03,17.24774417598036,75.29916178788706
H0514,2025-03,11.794546162520966,85.66826034634423
H0515,2025-03,9.211067356696372,87.014408862501
H0516,2025-03,14.86400392978224,100.0
H0517,2025-03,17.206428562373397,67.45172129625975
H0518,2025-03,9.6481593386942,78.10613602656159
H0519,2025-03,11.655828802880652,77.50185043191533
H0520,2025-03,14.371048013376337,98.88521851703838
H0521,2025-03,14.40548859215339,80.06365064206364
H0522,2025-03,12.56967126163445,71.79356265511169
H0523,2025-03,17.65130599337442,89.20127142559463
H0524,2025-03,11.767239969204441,66.43458630116773
H0525,2025-03,16.302162632865908,85.0391171579469
H0526,2025-03,16.48441819871518,87.60576058555114
H0527,2025-03,13.485931488487456,54.439233760560796
H0528,2025-03,16.143732301147974,
H0529,2025-03,16.38580290545998,100.0
H0530,2025-03,15.660715216578646,
H0531,2025-03,13.47267060295177,64.38176360419007
H0532,2025-03,18.468906129337107,80.92457671442097
H0533,2025-03,16.59175025978982,51.67572172132385
H0534,2025-03,16.487940425740092,81.55876539141498
H0535,2025-03,15.463382032297192,88.1515167318988
H0536,2025-03,13.483110631482507,80.77162966406246
H0537,2025-03,9.040496952300664,70.70911498118873
H0538,2025-03,16.10149268946534,100.0
H0539,2025-03,14.577441636277454,78.94591374151683
H0540,2025-03,14.223848631437123,50.36674620419092
H0541,2025-03,21.944326487272612,77.84646479199398
H0543,2025-03,15.385812781754092,100.0
H0544,2025-03,14.398230735054454,
H0545,2025-03,17.224690356514948,69.57852811697784
H0546,2025-03,16.861363188932984,73.57269674747204
H0547,2025-03,13.176191222218913,81.78070157095229
H0548,2025-03,13.087942661360897,
H0549,2025-03,15.05202908150359,
H0550,2025-03,11.420390939866863,90.29244164050849
H0551,2025-03,12.624620429186628,68.2359302484601
H0552,2025-03,,81.11946146509995
H0553,2025-03,,93.82892404864668
H0554,2025-03,9.513124822563611,100.0
H0555,2025-03,11.564396372196118,98.1104209860433
H0556,2025-03,8.216197330426942,74.57828171545668
H0557,2025-03,16.140803101795527,85.63112854293733
H0558,2025-03,11.065989583237513,74.73466829564013
H0559,2025-03,16.798140143410734,69.59363820195912
H0560,2025-03,14.096915086608497,86.08581603369936
H0561,2025-03,19.263000222750414,89.94729209228237
H0562,2025-03,12.330668239927054,81.16516403442645
H0563,2025-03,14.983925047852223,95.05575242759723
H0564,2025-03,18.245521019296408,77.40517799402217
H0565,2025-03,16.89554245873068,74.55131333287343
H0566,2025-03,17.739716667921797,82.6967753033584
H0568,2025-03,15.24589614512369,69.8063885544086
H0569,2025-03,15.902186459938658,100.0
H0570,2025-03,9.546915400382689,85.99883461383396
H0571,2025-03,13.77626751165739,81.3857391662912
H0572,2025-03,18.135194931989147,78.33673355397043
H0573,2025-03,17.401880525338008,79.38376106216309
H0574,2025-03,11.03519360489327,100.0
H0575,2025-03,15.140412611604214,92.02915070805696
H0576,2025-03,10.967646987849289,86.13112376202807
H0577,2025-03,12.20030286167038,100.0
H0578,2025-03,18.925535660642037,88.22390171497085
H0579,2025-03,8.977197667614977,67.1889596291814
H0580,2025-03,10.142635498757308,
H0581,2025-03,14.898339874104222,87.2801852642085
H0582,2025-03,16.038571031047322,99.85541541551567
H0583,2025-03,12.723418534225281,87.52545351174787
H0584,2025-03,17.118129280558392,79.07267087476995
H0585,2025-03,14.791650567525997,96.75422734504205
H0588,2025-03,,90.33087767112357
H0589,2025-03,17.90467697687671,65.21198198869409
H0590,2025-03,,83.15478456692195
H0591,2025-03,17.71607619733308,68.51173417108328
H0592,2025-03,16.24490803996358,70.04240518894333
H0593,2025-03,18.31497626202195,95.84498142765267
H0594,2025-03,20.589478820780087,63.02084659443741
H0595,2025-03,15.851532481357811,77.1141156358383
H0596,2025-03,14.644892904000564,66.27111333384111
H0597,2025-03,15.614947062338013,82.1909006319752
H0598,2025-03,13.361123356895227,84.99241248342408
H0599,2025-03,13.812767196258887,60.52778938776797
H0600,2025-03,11.528835598286395,73.63451900769529
C0001,2025-03,19.076580293299116,79.02410477733484
C0002,2025-03,10.332046830305494,77.7951665502355
C0003,2025-03,12.693871232900117,95.42978961628599
C0004,2025-03,12.851592634759768,63.22682929217129
C0005,2025-03,10.82696810253153,73.07271312883353
C0006,2025-03,12.439210502830885,97.98601545278456
C0007,2025-03,13.648202785076075,91.66292564648646
C0008,2025-03,16.64604581558658,65.72656746950494
C0009,2025-03,9.944212482004449,77.68692022151787
C0010,2025-03,12.312092371593838,
C0011,2025-03,15.621317850347413,93.15750094730262
C0012,2025-03,15.371398926275276,82.37001106937869
C0013,2025-03,20.964172598552054,81.33572246700027
C0014,2025-03,18.7805180725946,
C0015,2025-03,20.039358336828908,82.56749889316337
C0016,2025-03,10.525578552394746,59.94290315972917
C0017,2025-03,15.709358318386528,
C0018,2025-03,16.52505641337712,97.77913764890211
C0019,2025-03,11.94229507064738,
C0020,2025-03,14.442683199744385,81.95632627645413
C0021,2025-03,17.00904405727109,76.83999469529356
C0022,2025-03,16.409255937881827,67.28775822873668
C0023,2025-03,17.828639299166582,
C0024,2025-03,14.938170710602499,
C0025,2025-03,12.962820355480792,75.84682984200309
C0026,2025-03,14.916209926740715,79.44724757470185
C0027,2025-03,15.113723228251372,100.0
C0028,2025-03,16.066162322960672,81.94328199571501
C0029,2025-03,8.742377700610879,68.86210245471001
C0030,2025-03,13.352953598101355,
C0031,2025-03,15.947712068190965,95.61542664234115
C0032,2025-03,14.572415139756751,52.98287708447171
C0033,2025-03,14.277022667246994,98.02126901026114
C0034,2025-03,14.01724312686992,67.07573610382869
C0035,2025-03,12.456738399236665,100.0
C0036,2025-03,18.006662407896393,100.0
C0038,2025-03,6.030953670561745,65.04571720701304
C0039,2025-03,11.983947345550648,93.1023369240015
C0040,2025-03,11.880989862039595,84.78142449700202
C0041,2025-03,14.081721552159628,71.02054779526782
C0042,2025-03,12.348729525947778,86.63680037432098
C0043,2025-03,15.267715055785478,67.84974499343093
C0044,2025-03,15.232944172870674,84.22218659191286
C0045,2025-03,11.525014066840312,82.02263720164089
C0046,2025-03,14.001266876539358,84.50776283797124
C0047,2025-03,16.989463363122372,98.60213285861765
C0048,2025-03,13.480739954489218,73.23660391840691
C0049,2025-03,16.002473645973765,69.45630676638066
C0050,2025-03,18.911299859334623,81.8505235022518
C0051,2025-03,11.677204903541883,91.43069179513523
C0052,2025-03,14.820682042245362,75.17822322794179
C0053,2025-03,19.900463913176186,55.14788449047183
C0054,2025-03,15.645270678942357,77.72358087350611
C0055,2025-03,12.67918806020225,84.42083187236179
C0056,2025-03,,72.65333053530163
C0057,2025-03,14.692263110092433,49.40889272030414
C0058,2025-03,,84.08407850326222
C0059,2025-03,13.895979583890966,61.367565539093995
C0060,2025-03,10.567312929657138,91.89850793843499
C0061,2025-03,10.00738203819946,100.0
C0062,2025-03,15.993712177620186,63.78765449581555
C0063,2025-03,8.7621222799363,89.20037257327807
C0064,2025-03,18.438870972308855,83.34748171837401
C0065,2025-03,17.272856509566292,62.069299553407674
C0066,2025-03,18.477061973408965,44.382002412893044
C0067,2025-03,18.71794681493339,58.42542842907608
C0068,2025-03,17.07046022901281,73.07884736304786
C0069,2025-03,13.841948271473901,100.0
C0070,2025-03,12.147682685941243,86.3783816827976
C0071,2025-03,15.443156791518588,69.62773959700213
C0072,2025-03,16.139439077618178,63.01044419237588
C0073,2025-03,18.795356868487513,65.79992798533083
C0074,2025-03,10.230659529757009,49.50713030759859
C0075,2025-03,17.05589342977105,68.01365445421875
C0076,2025-03,15.080397265319643,87.987890192928
C0077,2025-03,14.188522884196054,75.36860016760052
C0078,2025-03,16.541688412778505,74.58955452010285
C0079,2025-03,7.558461161174707,94.28061511329913
C0080,2025-03,14.899359193800207,65.27087957004548
C0081,2025-03,,90.10717229800535
C0082,2025-03,16.655542330935745,63.869913714690135
C0083,2025-03,16.139966928089635,93.96731196117842
C0084,2025-03,19.731669415652917,81.39582903826211
C0085,2025-03,19.13715957514666,82.79822321903087
C0086,2025-03,13.694726871770166,81.45660410393255
C0087,2025-03,15.011748163117796,86.56257090902437
C0088,2025-03,19.393836188483444,68.23881749652072
C0089,2025-03,14.894826608597645,90.66807212801517
C0090,2025-03,15.65374362608913,73.0112060382119
C0091,2025-03,20.853167928462852,91.55641511344707
C0092,2025-03,19.25824129487557,90.14024300255105
C0093,2025-03,16.599447789317857,74.05904856376006
C0094,2025-03,18.33434100512462,88.65011233019521
C0095,2025-03,16.502627053003142,66.86875396352222
C0096,2025-03,19.296170047622688,56.41007185460468
C0097,2025-03,15.659289224794927,85.0967000047733
C0098,2025-03,17.699387203295203,100.0
C0099,2025-03,13.056400369254789,69.52601222062438
C0100,2025-03,17.31978403913331,91.29310000739117
C0101,2025-03,18.020042586684553,93.60551927720375
C0102,2025-03,17.170713002572185,65.08687371255027
C0103,2025-03,16.644378521017657,74.66408244327543
C0104,2025-03,14.08300398739087,95.65922558755733
C0105,2025-03,17.714020669238494,92.00688650074362
C0106,2025-03,14.703158738851336,75.76072892509953
C0107,2025-03,13.82740164016242,53.858645867046945
C0108,2025-03,16.321484707387064,70.51086078094312
C0109,2025-03,10.618954971876784,88.62450846286407
C0110,2025-03,15.593918477439304,34.70390971126851
C0111,2025-03,9.255722700018591,90.27779704573214
C0112,2025-03,11.875834782608344,95.2826534071944
C0113,2025-03,15.164809772587887,100.0
C0114,2025-03,13.384924951306576,94.01759069840915
C0115,2025-03,9.664484334040266,85.82072749522541
C0116,2025-03,9.745816469999571,93.36510463718353
C0117,2025-03,13.506733365006122,74.613497040224
C0118,2025-03,9.201034149168397,72.31594209669973
C0119,2025-03,11.002630158647046,87.79778955898169
C0120,2025-03,12.297769096125835,66.72180008271864
C0121,2025-03,17.64715394632503,75.52100792788391
C0122,2025-03,9.6426142235801,100.0
C0123,2025-03,8.445958510124015,70.89561381362196
C0124,2025-03,19.05416268331405,84.97651225612486
C0125,2025-03,17.600443736986698,59.01294953460148
C0126,2025-03,14.904420938406695,66.188994921667
C0127,2025-03,14.49568468912447,68.92899321040305
C0128,2025-03,21.525442532122337,80.74122887559395
C0129,2025-03,15.9205711217144,69.19276236009367
C0130,2025-03,14.306802596376116,
C0131,2025-03,15.144104850141392,76.76179645768401
C0132,2025-03,16.61582096168845,79.8548963359818
C0133,2025-03,12.69258640520604,57.88526836883696
C0134,2025-03,17.956348300958943,58.41777900705884
C0135,2025-03,19.51533052862984,94.46553238057103
C0136,2025-03,17.87212181839882,70.31696424429879
C0137,2025-03,14.58469753650211,83.36708708382832
C0138,2025-03,15.381752488819005,84.48980529245972
C0139,2025-03,,80.61428948419731
C0140,2025-03,10.137871886530473,58.995307102403366
C0141,2025-03,17.686770212927605,54.01945296438721
C0142,2025-03,18.000032157817113,76.48766010103017
C0143,2025-03,9.155948593797394,79.9157248084501
C0144,2025-03,11.161617920470395,
C0145,2025-03,10.737199894614275,100.0
C0146,2025-03,15.487049068971174,84.48362181756744
C0147,2025-03,14.248374436376173,82.03793022750293
C0148,2025-03,11.929572463967947,81.65453566920806
C0149,2025-03,12.946280828419722,76.97108387634874
C0150,2025-03,12.660705652724689,67.25009594934268
C0151,2025-03,17.21194774510027,98.6194143816138
C0152,2025-03,14.275670749917301,75.79942003833281
C0153,2025-03,19.905984956985847,87.8850521929998
C0154,2025-03,8.53454229926688,
C0155,2025-03,16.3952061181838,48.71650678413089
C0156,2025-03,21.601137399032663,67.98372635446984
C0157,2025-03,14.063741352738699,84.45958608106609
C0158,2025-03,13.489003753731744,96.52535167712863
C0159,2025-03,12.009589818956744,80.80189361153398
C0160,2025-03,9.650896703408971,87.6922618382657
C0161,2025-03,17.152291871431643,62.68857649738036
C0162,2025-03,12.97302668143126,83.18319239924823
C0163,2025-03,18.049674779091024,66.29962734839091
C0164,2025-03,15.886632053211454,91.55264723118361
C0165,2025-03,15.800792588633383,
C0166,2025-03,12.299897547548122,100.0
C0167,2025-03,16.378092437974328,82.52866872151274
C0168,2025-03,15.500027108677353,61.18146061068003
C0169,2025-03,15.417097354894159,85.73900678501388
C0170,2025-03,6.633794303215479,72.48310215094689
C0171,2025-03,16.129636989877284,93.50416867055151
C0172,2025-03,20.358924878571028,67.00823084416291
C0173,2025-03,9.357126900334091,93.12490424905036
C0174,2025-03,16.706876892054723,58.44544047990361
C0175,2025-03,15.064648983138827,100.0
C0176,2025-03,11.833221793372063,62.26465105186201
C0177,2025-03,12.389650600878513,68.96517977412378
C0178,2025-03,20.004287459858865,93.26753113603556
C0179,2025-03,15.493053542405404,100.0
C0180,2025-03,13.913800295145693,80.48685233442086
C0181,2025-03,9.10098062750298,58.08345315040527
C0182,2025-03,17.039886503731392,50.236519038939605
C0183,2025-03,17.330247607362214,91.96824533808784
C0184,2025-03,14.994121857601716,100.0
C0186,2025-03,15.863689142600979,81.63674059781229
C0187,2025-03,21.102209619702954,72.70913021170138
C0188,2025-03,14.185274062307466,87.71678444040593
C0189,2025-03,17.851503831279715,85.70763913398352
C0190,2025-03,13.404823515363631,100.0
C0191,2025-03,14.615777134348908,89.40694605209767
C0192,2025-03,14.353648979924952,89.84887189529186
C0193,2025-03,13.687001562597878,79.21171539297815
C0194,2025-03,14.406676132234315,70.42180140367358
C0195,2025-03,15.428378543509883,82.32765642920361
C0196,2025-03,18.220147190679434,48.845035740430156
C0197,2025-03,14.492748943528515,78.84639356446
C0198,2025-03,14.150428579599954,83.53951679941608
C0199,2025-03,14.307069747988358,69.51843955670677
C0200,2025-03,18.750204304737085,83.25153306070618
C0201,2025-03,11.194320399859418,93.8393091956792
C0203,2025-03,17.26320932172329,79.40293362590002
C0204,2025-03,14.480267090822982,76.03530193414569
C0205,2025-03,18.890077242089717,78.70984189309756
C0206,2025-03,17.473979211144183,100.0
C0207,2025-03,17.093479349544097,69.12159494723292
C0208,2025-03,11.382798752733477,73.41117623691225
C0209,2025-03,12.839259854012738,93.03680269812992
C0210,2025-03,12.831347902154011,70.29292198912776
C0211,2025-03,17.068428700014376,93.61605861764279
C0212,2025-03,18.570536871045817,71.43396457138623
C0213,2025-03,12.69495875210459,76.352964461559
C0214,2025-03,13.834263788201348,93.26911374908384
C0215,2025-03,21.42272826914317,63.676664157797944
C0216,2025-03,14.921734433411089,89.64734829690946
C0217,2025-03,15.749990162566938,92.18439594345301
C0218,2025-03,13.315764530304792,74.66727409821135
C0219,2025-03,17.862882214613236,95.81237673673888
C0220,2025-03,15.89643584947491,78.08937200908605
C0221,2025-03,15.799837518728056,81.05744674367658
C0222,2025-03,15.208602213457718,90.12498138221189
C0223,2025-03,14.822415514033116,100.0
C0224,2025-03,11.2383606860034,38.97835548751479
C0225,2025-03,13.419733817600186,47.1542918884759
C0226,2025-03,20.014085825553057,64.7969892009996
C0227,2025-03,12.42676212350385,84.6878730262821
C0228,2025-03,19.109692051298573,87.88444224258055
C0229,2025-03,13.427718042587165,53.95422690771454
C0230,2025-03,8.9463941080848,
C0231,2025-03,11.802753475868279,84.19398176184819
C0232,2025-03,8.880588434764757,73.87004416211485
C0233,2025-03,16.727196644023525,86.97064504437019
C0234,2025-03,8.298363114129458,73.2936730967117
C0235,2025-03,14.84089751661704,95.58928527659407
C0236,2025-03,12.4433565573899,99.52918161020872
C0237,2025-03,12.03469217488685,99.94294032358341
C0238,2025-03,17.26881441373674,87.36229064236204
C0239,2025-03,14.483229028764569,82.67270788579745
C0240,2025-03,14.410457613551337,94.47742427949719
C0241,2025-03,15.109439532073335,100.0
C0242,2025-03,12.72271298729404,74.3697526516743
C0243,2025-03,12.878448288265943,100.0
C0244,2025-03,,
C0245,2025-03,16.018909384328484,70.2378030436613
C0246,2025-03,15.597822445949685,85.8619665309519
C0247,2025-03,17.43824820833544,68.04368535424473
C0248,2025-03,15.254493422711088,51.92627913750328
C0249,2025-03,13.03946850469925,76.9652766136876
C0250,2025-03,13.47749602501582,100.0
C0251,2025-03,18.089379626040486,
C0252,2025-03,18.217978158872167,93.54918027523283
C0253,2025-03,13.671539279978333,77.73510758742196
C0254,2025-03,17.264096562811662,68.33029354744237
C0255,2025-03,14.320713306887555,68.36485338068611
C0256,2025-03,11.809888724899086,79.04127995700357
C0257,2025-03,12.669782073980029,76.36783697203298
C0258,2025-03,12.203531474878002,83.6893255237456
C0259,2025-03,15.063442004848703,100.0
C0260,2025-03,17.904364720337608,
C0261,2025-03,19.67252993926879,69.84435058142631
C0262,2025-03,13.148061122450747,83.10402239853804
C0263,2025-03,9.785299242962925,69.12866689493309
C0264,2025-03,13.03494429199398,74.59449831142936
C0265,2025-03,13.374561553743135,69.71275367018765
C0266,2025-03,15.013279117074068,92.26382165202533
C0267,2025-03,9.411838470470729,93.22838573319405
C0268,2025-03,16.31208973890657,73.0407119400098
C0269,2025-03,12.078711399013208,
C0270,2025-03,15.231903920582106,66.91406366064737
C0271,2025-03,13.161155212950536,76.15726980408743
C0272,2025-03,13.21529483909204,98.82177213445404
C0273,2025-03,18.570057019371173,37.79397092705577
C0274,2025-03,12.641662312565892,81.73638460553029
C0275,2025-03,10.554134295275066,85.86894205759323
C0276,2025-03,15.349262223817098,87.3175702743617
C0277,2025-03,17.054034960270727,89.75451164831344
C0278,2025-03,,96.81423845659586
C0279,2025-03,14.136716729800636,73.81770165937635
C0280,2025-03,16.835200631879925,88.69107424331173
C0281,2025-03,13.984769778457398,54.515091077396164
C0282,2025-03,,73.13441950155348
C0283,2025-03,16.01771857672597,82.03037265566267
C0284,2025-03,13.894350110396617,72.56848196390578
C0285,2025-03,12.49216881694754,66.84309847850179
C0286,2025-03,13.85629673842997,68.88302876244117
C0287,2025-03,11.389125975220203,88.53756634781679
C0288,2025-03,14.327763415845908,78.55570637741779
C0289,2025-03,17.77835100973882,80.70404556879794
C0290,2025-03,11.099905481855009,86.27354915933007
C0291,2025-03,16.269198351820396,
C0292,2025-03,15.095162880053847,96.5773438829373
C0293,2025-03,14.466626290098016,97.00006872149788
C0294,2025-03,19.878368485635573,89.9894728441444
C0295,2025-03,13.717883717019378,
C0296,2025-03,15.310339959717126,97.81646965632709
C0297,2025-03,20.204704894512336,100.0
C0298,2025-03,16.27477592966475,59.35511075582662
C0299,2025-03,14.925373273433488,80.60181599070597
C0300,2025-03,12.23898617492603,
C0301,2025-03,14.110714624807162,66.95311206854548
C0302,2025-03,15.19882560855287,72.1360624144506
C0303,2025-03,12.42962084335418,75.73102531255822
C0304,2025-03,17.47668165041301,91.9031631704957
C0305,2025-03,20.946018735761147,59.19633692163792
C0306,2025-03,15.212421709358479,85.90928429067496
C0307,2025-03,9.277393119258216,69.06199086615221
C0308,2025-03,17.564284171020944,99.88896161313416
C0309,2025-03,15.585814960886767,84.21241265152435
C0310,2025-03,17.100641087416427,95.34694938825916
C0311,2025-03,14.786198202094607,82.81019117967001
C0312,2025-03,17.466724121284855,57.87701350388684
C0313,2025-03,11.374398988456253,69.52283799217781
C0314,2025-03,15.978009022490541,100.0
C0315,2025-03,,87.7149386804021
C0316,2025-03,15.661866240079734,100.0
C0317,2025-03,16.411788301086414,100.0
C0318,2025-03,17.877681205356517,73.60098501517847
C0319,2025-03,11.63991601605538,63.515514040577784
C0320,2025-03,16.242272612059995,93.56620048125735
C0321,2025-03,16.230093262159453,98.64470840108334
C0322,2025-03,12.77224655222562,76.76136999712504
C0323,2025-03,,64.04030658520536
C0324,2025-03,14.342064846562128,69.62124091348686
C0325,2025-03,15.649225771672985,85.27281396812768
C0326,2025-03,9.937529230976304,93.31210190307462
C0327,2025-03,16.139080268179665,70.19132931837657
C0328,2025-03,14.48615346479605,96.44181287193193
C0329,2025-03,15.013740747522537,89.49668734187185
C0330,2025-03,14.136597706065103,90.76047329784552
C0331,2025-03,21.26034703990494,88.79452568968226
C0332,2025-03,13.10018778234818,46.991560083599666
C0333,2025-03,9.643831151144596,83.50296223055638
C0334,2025-03,13.89433902841799,73.60875176158984
C0335,2025-03,12.87267149226276,87.18282015177594
C0336,2025-03,15.526339067429104,59.07838066440661
C0337,2025-03,13.030800979033716,51.37729007967697
C0338,2025-03,17.413489139585373,91.71107980567892
C0339,2025-03,13.527285415990761,64.43289268930153
C0340,2025-03,16.487054572163704,53.29117911245285
C0341,2025-03,20.33901221401956,69.93062284475039
C0342,2025-03,13.733108713623597,74.46612475101782
C0343,2025-03,11.181473376662957,98.04306542766307
C0344,2025-03,12.999343401461347,80.33673874956871
C0345,2025-03,10.478959226565443,72.29243370120528
C0346,2025-03,13.802081276746582,79.95041738594854
C0347,2025-03,4.2892400196462415,91.6942371777521
C0348,2025-03,16.787943223766604,86.95123540402518
C0349,2025-03,9.22310324093207,87.28573255666026
C0350,2025-03,17.075910308610574,100.0
C0351,2025-03,13.033491023850015,82.19378203609209
C0352,2025-03,13.826102456315907,90.35853706875818
C0353,2025-03,20.252403301522783,52.89864530769278
C0354,2025-03,14.60527052255373,86.0062199535539
C0355,2025-03,,61.171119771007895
C0356,2025-03,13.185463631182381,71.79914760431285
C0357,2025-03,10.450759277784993,72.51952163558593
C0358,2025-03,16.69603780536802,78.7676546605634
C0359,2025-03,16.80488184565789,74.01957805923247
C0360,2025-03,14.334146528275449,77.09688112766116
C0361,2025-03,17.262920078576798,90.63290756362154
C0362,2025-03,16.282141895467927,81.19397771899366
C0363,2025-03,13.968768546222384,80.0510775874358
C0364,2025-03,15.902620021926639,82.17384186677417
C0365,2025-03,13.417335483824774,75.56368336339392
C0366,2025-03,12.796619856672715,94.79470255214788
C0367,2025-03,6.7423979083620385,78.40167279109774
C0369,2025-03,14.133985414417216,85.31553840007426
C0370,2025-03,9.578022660002835,88.09064019127712
C0371,2025-03,18.278928276144676,79.86676311290992
C0372,2025-03,14.352107744672,89.64097640423896
C0373,2025-03,16.82553643515309,97.961434419519
C0374,2025-03,14.796890858090961,81.3577454055587
C0375,2025-03,15.569540490855905,79.41771582465459
C0376,2025-03,12.139277364385322,93.39381499045342
C0378,2025-03,9.054230565160402,58.182039325741854
C0379,2025-03,17.731168701958893,69.71683050259644
C0380,2025-03,16.22365074988976,82.08659235822132
C0381,2025-03,11.65150524926381,75.40378382614348
C0382,2025-03,16.041390975797857,
C0383,2025-03,11.861912155328621,69.01254360820988
C0384,2025-03,15.462426520238715,90.47001305749352
C0385,2025-03,15.414001910681101,79.35604064275229
C0386,2025-03,11.54941685901197,80.40640309089768
C0387,2025-03,10.31595134773735,78.16053234611735
C0388,2025-03,14.149324384639264,74.4372517609135
C0389,2025-03,15.41585178458186,73.07456171909983
C0390,2025-03,9.158215691139635,100.0
C0391,2025-03,12.817885856808438,67.85431730713861
C0392,2025-03,17.970368345524978,73.25574953438306
C0393,2025-03,13.176979612157817,51.25746371207592
C0394,2025-03,,90.51187048388289
C0395,2025-03,15.765982575952064,92.49814078098166
C0396,2025-03,13.664111153595575,54.88471606683789
C0397,2025-03,12.27073312856706,71.71074747852875
C0398,2025-03,11.530014892621974,70.69507080217795
C0399,2025-03,14.718525583087068,74.50058319473904
C0400,2025-03,13.061998301340312,88.02202399877706
C0401,2025-03,13.685108862994149,80.3955569645495
C0402,2025-03,14.432342422194186,78.16367465549519
C0403,2025-03,13.339534653507773,63.2582147261556
C0404,2025-03,17.254355604093885,80.22321641619291
C0405,2025-03,14.910103325430974,92.17875487792574
C0406,2025-03,12.24293786113157,80.08402071316536
C0407,2025-03,14.80373223659151,50.82724871076637
C0408,2025-03,7.770744741890963,98.43731888343704
C0409,2025-03,15.200158692742193,97.54833038424849
C0410,2025-03,14.653545522174781,84.92912320272096
C0411,2025-03,7.963039321088299,
C0412,2025-03,8.572003855826626,85.66417116626468
C0413,2025-03,,
C0414,2025-03,12.550986310259391,71.94861706276838
C0415,2025-03,15.847175396864204,96.24623179270718
C0416,2025-03,14.360441630403525,47.76388296423737
C0417,2025-03,18.568788181306857,
C0418,2025-03,12.61562077834233,90.20778843411331
C0419,2025-03,17.059328724084768,100.0
C0420,2025-03,13.130287494334631,86.07543007358107
C0421,2025-03,14.700785076148124,93.68411137637162
C0422,2025-03,13.09382865551353,78.79696782245477
C0423,2025-03,10.674011443424948,89.46341855591554
C0424,2025-03,12.55015131384802,89.7295846990722
C0425,2025-03,15.131807143756928,45.351800749120855
C0426,2025-03,11.945818582587092,94.1188764100872
C0427,2025-03,14.271094845997673,80.2116655662165
C0428,2025-03,15.606167779885137,83.66030485664933
C0429,2025-03,15.364300898272862,92.15733611109678
C0430,2025-03,16.289934858539496,71.19277587417412
C0431,2025-03,19.6076217115174,77.16396391892837
C0432,2025-03,10.354388807799738,80.01183864528842
C0433,2025-03,12.463133079116227,82.53275432047967
C0434,2025-03,13.423494116370229,46.98841269838089
C0435,2025-03,12.471107773162567,87.77651367396469
C0436,2025-03,17.634395312464903,88.8130175923393
C0437,2025-03,18.173964640971718,61.64248346772542
C0438,2025-03,20.796381806653457,68.34657364115867
C0439,2025-03,13.619980948902224,94.4651184068938
C0440,2025-03,11.30672601806225,67.23884969980364
C0441,2025-03,14.247037218647355,100.0
C0442,2025-03,11.60912519799021,67.08990208936174
C0443,2025-03,16.45980846106697,91.93931457719813
C0444,2025-03,16.74185820171479,66.52814969270779
C0445,2025-03,17.34690001944709,93.45894847629908
C0446,2025-03,21.880284510751935,86.97454564203395
C0447,2025-03,15.55040747211001,86.80587631876928
C0448,2025-03,12.140996040699793,64.16857719059854
C0449,2025-03,13.690238081677,77.70506132260009
C0450,2025-03,12.424285969816344,71.89760244903995
C0451,2025-03,11.837286815710689,65.68994337154135
C0452,2025-03,14.300479268465551,
C0453,2025-03,,100.0
C0454,2025-03,12.26207474518008,70.20184128071217
C0456,2025-03,16.283661389093314,92.07837999970367
C0457,2025-03,12.045991931656534,71.81354193411775
C0458,2025-03,15.222012095840316,68.58439374851653
C0459,2025-03,17.432418418465897,78.3950908013242
C0460,2025-03,16.87656581826962,80.11325207725316
C0461,2025-03,15.723836810840002,42.851615918090744
C0463,2025-03,16.270045789311403,94.83580055712368
C0464,2025-03,11.221272023632771,87.07401129961053
C0465,2025-03,22.586045188692133,78.74665409841207
C0466,2025-03,14.641721731354673,55.72475694379304
C0468,2025-03,14.505784198388382,67.47631179008403
C0469,2025-03,10.23866897596248,78.42144796430975
C0470,2025-03,10.775210218762567,76.44056547012326
C0471,2025-03,19.598475650586792,91.89186881863343
C0472,2025-03,7.970475146615915,92.07306538708508
C0473,2025-03,14.062042913417278,82.67228070943261
C0474,2025-03,15.488283516663085,81.08078630108535
C0475,2025-03,13.342770353133995,90.41879619550082
C0476,2025-03,21.362036785041482,70.38242964599016
C0477,2025-03,9.62297263311847,
C0478,2025-03,11.368522971870513,97.29963312802872
C0479,2025-03,15.853256252252464,100.0
C0480,2025-03,16.85694841059982,59.20740867319928
C0481,2025-03,15.19243271902138,74.34043206031004
C0482,2025-03,,85.9778491047184
C0483,2025-03,12.806449458171013,86.0912476972184
C0484,2025-03,12.216445232892173,73.7258989980862
C0486,2025-03,15.005737247640132,70.57199269717677
C0487,2025-03,9.336539718642793,68.02427297356734
C0488,2025-03,9.565103049810507,96.29725976317499
C0489,2025-03,16.828588244998798,68.39827141109981
C0490,2025-03,11.523642095452159,77.8119465563989
C0491,2025-03,22.33646663666859,87.88819326047971
C0492,2025-03,12.799043258395558,77.46884018514005
C0493,2025-03,14.095077450306814,82.69054695884464
C0494,2025-03,18.795334076850537,63.27859771958192
C0495,2025-03,17.280660525352353,74.06547700379839
C0496,2025-03,13.401619113916244,73.76978214517172
C0497,2025-03,15.058740450586034,74.33401340832869
C0498,2025-03,17.41752463378143,99.13028798529142
C0499,2025-03,15.265260601931685,100.0
C0500,2025-03,13.47979815931382,93.73797648893006
C0501,2025-03,14.497594963599083,100.0
C0502,2025-03,21.164910337714403,73.6577332057345
C0503,2025-03,14.218132613431594,79.21607828667635
C0504,2025-03,14.294829065583418,70.42653704693667
C0505,2025-03,14.262827627595888,81.22588427663813
C0506,2025-03,14.058119238940792,65.46597291403539
C0507,2025-03,11.564485876871196,62.790562819391454
C0508,2025-03,20.14314237175392,44.599190693975416
C0509,2025-03,13.270202747838194,
C0510,2025-03,16.914062280790436,99.53301689677508
C0511,2025-03,19.870993053983216,96.416355907896
C0512,2025-03,13.210195830250061,89.74319400638618
C0513,2025-03,16.01390372102903,92.48225179670965
C0514,2025-03,9.995052818457573,72.84126076186391
C0516,2025-03,15.431751142506991,66.50268189486668
C0517,2025-03,13.95178732232917,77.74458375988856
C0518,2025-03,,49.57490027422354
C0519,2025-03,13.620266851853438,89.9172259969958
C0520,2025-03,13.02867374408613,83.35281595286624
C0521,2025-03,12.184739674190615,85.78976702617665
C0522,2025-03,18.583724737120903,95.08548707873771
C0523,2025-03,14.012826501691192,54.89697613768624
C0524,2025-03,13.74399898982181,72.65191329431836
C0525,2025-03,11.501710836813043,62.29640249756702
C0526,2025-03,10.618510063930195,69.7569507776201
C0527,2025-03,15.84888586635132,67.49749293295737
C0528,2025-03,14.619297598121463,50.72469643075061
C0529,2025-03,22.844996797070564,87.9072273361891
C0530,2025-03,12.20912476632383,96.49335952381149
C0531,2025-03,9.67747903889626,68.99426446658939
C0532,2025-03,14.451281217868738,72.96875066920256
C0533,2025-03,21.443444922725888,92.15950386957763
C0534,2025-03,15.601973109976079,78.9874151399538
C0535,2025-03,13.753302189626151,
C0536,2025-03,13.596885773627744,67.98184612021555
C0537,2025-03,13.680064000638934,88.94823239453281
C0538,2025-03,18.456489575626,86.6405556589753
C0539,2025-03,12.330960481646429,74.75045912481247
C0540,2025-03,14.698196024816694,79.64737831940981
C0541,2025-03,14.777939421732954,49.64095751649573
C0542,2025-03,14.453553888120835,75.82195234438166
C0543,2025-03,13.93184205752998,81.56104176557791
C0544,2025-03,9.484897043607315,71.89582072969222
C0545,2025-03,15.264062503538245,68.39260738325365
C0547,2025-03,18.52534441615311,98.46107043266589
C0548,2025-03,13.910813073513232,80.2914831099699
C0549,2025-03,13.969128661812853,83.80540412171707
C0550,2025-03,15.133856769559022,55.11794130498422
C0551,2025-03,16.22889063557972,65.29068399835258
C0552,2025-03,8.595207951338159,71.78721379391827
C0553,2025-03,15.6449839888904,65.8466041851779
C0554,2025-03,9.685711641165394,94.97499671290879
C0555,2025-03,11.658471756197406,65.47922223859216
C0556,2025-03,16.757157302409073,64.19348369970558
C0557,2025-03,21.26981751648057,100.0
C0559,2025-03,11.224771843851293,87.65941282616481
C0561,2025-03,12.836965988255086,100.0
C0562,2025-03,21.4764118501206,100.0
C0563,2025-03,,55.07956722456139
C0564,2025-03,5.966891250079213,50.941464654966225
C0566,2025-03,17.04114279430476,84.95672995119602
C0567,2025-03,14.030552370872275,97.92274687743019
C0568,2025-03,15.484073478733428,55.62146710897926
C0569,2025-03,15.561054899034634,100.0
C0570,2025-03,17.992438474643155,60.13525363090447
C0571,2025-03,,91.90835484097789
C0572,2025-03,11.103083131250976,80.7635011996183
C0573,2025-03,11.961705781658027,99.16946211629676
C0574,2025-03,,83.39160704069553
C0575,2025-03,15.795230782880022,76.1529525150454
C0576,2025-03,16.807119371127666,86.67827555877459
C0577,2025-03,13.0845364053322,67.62896929661095
C0578,2025-03,14.605212470516353,
C0580,2025-03,12.038530637826486,90.3909056449189
C0581,2025-03,12.102035891336065,97.28862520000234
C0582,2025-03,14.917510657637774,87.07359706719619
C0583,2025-03,17.58132837804538,85.77115539732007
C0584,2025-03,16.26042010301544,77.58737952037806
C0585,2025-03,14.679373416162731,100.0
C0586,2025-03,18.243506213090626,
C0587,2025-03,19.295584782971776,58.44888569012342
C0589,2025-03,,84.8881154701134
C0590,2025-03,9.503971528950366,100.0
C0591,2025-03,16.460701209195253,77.34184703155206
C0592,2025-03,13.152473815344123,59.321348376081346
C0594,2025-03,16.28593475151181,84.14389766527894
C0595,2025-03,13.836424526256422,69.91353407611331
C0596,2025-03,,100.0
C0597,2025-03,11.710434160370982,81.24409502248794
C0598,2025-03,13.352706720632616,
C0599,2025-03,17.497435861968526,
C0600,2025-03,,95.08528502141296
C0601,2025-03,13.150987366030213,93.24435162842111
C0602,2025-03,8.948944454565428,99.68076459988394
C0603,2025-03,17.15480988992307,53.0325204426569
C0604,2025-03,10.128810013685653,93.78022859732597
C0605,2025-03,10.745642553755882,
C0606,2025-03,16.85355548345341,81.41300384699952
C0607,2025-03,12.646081366415753,73.20390027436888
C0608,2025-03,8.925904424445744,73.70540664005361
C0609,2025-03,17.01316106114111,79.66475063002139
C0610,2025-03,13.749683610767216,78.29267477718705
C0611,2025-03,19.249056491703843,45.69086255298953
C0612,2025-03,10.473638349155857,
C0613,2025-03,10.302699646144141,89.64376898440527
C0614,2025-03,12.333440486010652,86.79772772350486
C0615,2025-03,18.115582690671914,90.52830911313586
C0616,2025-03,9.27845832282383,95.93352848872374
C0617,2025-03,14.187945224843372,85.95988577863984
C0618,2025-03,15.277718274160922,100.0
C0619,2025-03,17.99203096480379,80.05990489337009
C0620,2025-03,12.466644579340114,95.79253671560429
C0621,2025-03,15.931188434337523,69.68416900696167
C0623,2025-03,9.144927966902763,90.34383814287139
C0624,2025-03,14.34383112733676,78.63561091791274
C0625,2025-03,14.742262545839345,76.13531079730305
C0626,2025-03,16.055040391831184,85.31697791330649
C0627,2025-03,20.050113208742378,79.75345863136546
C0628,2025-03,15.33241174465192,65.77563202585662
C0629,2025-03,13.479537883983854,71.64955077992178
C0630,2025-03,15.971834229564426,82.86448392692519
C0631,2025-03,12.444531154841108,46.981603298079285
C0632,2025-03,16.54757139239057,79.96546832197345
C0633,2025-03,13.186578468829588,69.98102645486237
C0634,2025-03,14.767638165992704,74.4537841228718
C0635,2025-03,13.607424917963613,
C0637,2025-03,19.671126551477563,100.0
C0638,2025-03,10.55083055164063,61.9878061230138
C0639,2025-03,16.496963734596896,72.96525668212837
C0640,2025-03,14.506865956927658,
C0641,2025-03,16.326947904271794,47.70990009591634
C0642,2025-03,12.106459341383202,61.25148169162644
C0643,2025-03,12.676313186146817,85.3331090018241
C0644,2025-03,12.070610343122,73.16451730940034
C0645,2025-03,19.02716965687151,100.0
C0646,2025-03,18.79747710751822,68.62625874563312
C0647,2025-03,11.039109916467641,100.0
C0648,2025-03,11.633008039123286,57.728677600158406
C0649,2025-03,12.759475117427735,76.68496774426997
C0650,2025-03,16.341337483291003,65.76504546376445
C0651,2025-03,15.876846577255593,
C0652,2025-03,14.057691542773265,73.3744150366513
C0653,2025-03,17.941432162952285,72.66765613268522
C0654,2025-03,15.437305452790795,78.29115338197693
C0655,2025-03,12.141807959381676,100.0
C0656,2025-03,8.708754082274588,100.0
C0658,2025-03,12.761462003143837,63.56457831299764
C0659,2025-03,7.663148316779436,68.5533367982811
C0660,2025-03,15.279663539704675,63.972590868496866
C0661,2025-03,10.323157001384175,97.11396850225623
C0662,2025-03,17.917086681241003,68.05277367590514
C0663,2025-03,18.550743894190973,98.08529068450716
C0664,2025-03,13.335748772356252,95.09746323387827
C0665,2025-03,10.35431018947778,74.93362538830361
C0666,2025-03,14.657451452380332,54.68834296569221
C0667,2025-03,18.384283277183776,91.57369519988191
C0668,2025-03,13.542340310743388,60.109423104425815
C0669,2025-03,12.482721420341512,77.0351203726432
C0670,2025-03,12.248969473674405,100.0
C0671,2025-03,13.274998501909032,
C0672,2025-03,13.407515430038513,73.93616790610041
C0673,2025-03,12.543395751826033,69.2484870284004
C0674,2025-03,11.39990686319836,72.76310661197199
C0675,2025-03,19.670005870132467,60.763754115692805
C0676,2025-03,13.025753203818123,100.0
C0677,2025-03,14.131273501371975,86.36962913962127
C0678,2025-03,15.622420860400142,53.0574848974416
C0679,2025-03,15.056478428322386,84.61495666108353
C0680,2025-03,14.09728986832968,95.05640840484355
C0681,2025-03,10.022386955780096,75.39315293571153
C0682,2025-03,13.81046751140802,100.0
C0683,2025-03,14.627166729749433,49.71414421719459
C0684,2025-03,15.058986376096117,94.57009072115734
C0686,2025-03,14.93665484814066,67.00236148764087
C0687,2025-03,11.279906676296028,91.0592931349426
C0688,2025-03,22.522402453198588,92.10158117076904
C0689,2025-03,16.08683830227916,100.0
C0690,2025-03,16.756457987643852,100.0
C0691,2025-03,16.235269197679376,80.66470749713041
C0692,2025-03,13.577228811481483,55.54787525956257
C0693,2025-03,11.109465644686598,53.1552957360681
C0694,2025-03,14.878356246180397,59.25494736610773
C0695,2025-03,11.463926024977857,73.3374088013875
C0696,2025-03,8.906388518965738,79.99545979669192
C0697,2025-03,21.145002365257472,88.97731402904517
C0698,2025-03,17.52582661458801,
C0699,2025-03,14.446081607181794,67.26902386453872
C0700,2025-03,14.669986580378552,99.0827994555051
C0701,2025-03,17.049205743413737,
C0702,2025-03,13.821431637754257,64.83014931099277
C0703,2025-03,,76.94730053100082
C0704,2025-03,19.587697879454346,92.9392701134866
C0705,2025-03,12.049440600711259,100.0
C0706,2025-03,17.565073599257765,86.86117650893166
C0707,2025-03,,71.26944711704074
C0708,2025-03,14.784508262848215,64.13890466912184
C0709,2025-03,13.366635053998278,64.69872452022348
C0710,2025-03,9.828655918341816,72.42801363751863
C0711,2025-03,12.55694950340212,73.83229174743161
C0712,2025-03,15.473457332829671,62.401640156298186
C0713,2025-03,11.746140302527545,89.68410936030406
C0714,2025-03,12.997800322705725,78.84115723379249
C0715,2025-03,16.784813318929775,86.71312165143131
C0716,2025-03,15.827665018274839,62.3561614523916
C0717,2025-03,10.421818622577458,93.74638912985401
C0718,2025-03,18.357089537643112,92.86972231216956
C0719,2025-03,16.73831100340106,91.14717567517812
C0720,2025-03,12.61683737301749,74.81184220849713
C0721,2025-03,9.911510843407308,78.69312080083584
C0722,2025-03,10.81743799328456,90.71452065666884
C0723,2025-03,12.606895936077922,97.63832127267611
C0724,2025-03,16.67511505896168,75.1630046643808
C0725,2025-03,16.18892093637665,62.38232525207741
C0726,2025-03,10.447644270605565,72.47295081254254
C0727,2025-03,18.16495402923164,96.66793322111663
C0728,2025-03,13.370565501440094,87.63783049048003
C0729,2025-03,16.827275016365547,
C0730,2025-03,14.799418861254143,78.31497228133
C0731,2025-03,8.533449713636326,100.0
C0732,2025-03,,61.39720795877879
C0733,2025-03,11.284862670051842,78.02486735411898
C0734,2025-03,15.918495799390211,88.51372712049194
C0735,2025-03,15.623111275718971,85.54488894225808
C0736,2025-03,19.02608439408074,65.4745975772664
C0737,2025-03,14.67385312695028,92.48366780613088
C0738,2025-03,13.829348139111795,87.18074245970261
C0739,2025-03,11.762060596553233,83.25309143036392
C0740,2025-03,16.876470001518218,84.83174014548378
C0742,2025-03,12.438089026188939,100.0
C0743,2025-03,12.621454346440574,93.9889302632851
C0744,2025-03,15.513688411116881,70.7954773824086
C0745,2025-03,11.665631026170296,76.46607938300886
C0746,2025-03,8.589223593418165,94.31399093251652
C0747,2025-03,14.817973063767312,
C0748,2025-03,15.777594884010565,80.52030162375607
C0749,2025-03,11.492958851359294,65.78145896157275
C0751,2025-03,20.081918888083568,79.48786616349638
C0752,2025-03,18.078323955785518,100.0
C0753,2025-03,16.659329595520205,98.97794204977171
C0754,2025-03,13.691772928834196,91.98043282516933
C0755,2025-03,15.776762894713336,88.91657996568303
C0756,2025-03,10.731191861731467,52.28649303023238
C0757,2025-03,13.993192310265902,84.20241937451785
C0758,2025-03,12.4382821336538,83.12278864980291
C0759,2025-03,17.102722945851077,61.10330912492878
C0760,2025-03,8.371590272147332,100.0
C0761,2025-03,21.812812582680326,86.33548317597914
C0762,2025-03,12.230504689965569,85.33629325344
C0763,2025-03,18.70158956682878,67.85927492390712
C0764,2025-03,17.676588143178698,87.60909379009074
C0765,2025-03,15.134823812482516,81.5881356053974
C0766,2025-03,14.953908956497717,100.0
C0767,2025-03,15.273189091709767,95.86538144188923
C0768,2025-03,13.614890892872449,85.23110134972357
C0769,2025-03,16.075963234116088,60.380115030251744
C0770,2025-03,14.24157094342073,64.12929507823725
C0771,2025-03,16.582743955741513,45.967653873201016
C0772,2025-03,15.277233403409808,
C0773,2025-03,13.237587725895533,87.51749480539185
C0774,2025-03,12.910301526501145,81.31459359246833
C0775,2025-03,15.690585779828627,90.81114224011861
C0776,2025-03,16.724638263387927,100.0
C0777,2025-03,12.250373757886717,64.61418377802165
C0778,2025-03,10.82190871683469,64.90695089038752
C0779,2025-03,15.449065367913088,82.8057321512906
C0781,2025-03,15.093120995134713,80.38330195166802
C0782,2025-03,14.814168215382725,75.99042019956221
C0783,2025-03,16.44538008451734,61.09315049194734
C0784,2025-03,11.461373463228211,61.78022616121168
C0785,2025-03,10.964574825309327,69.59366762549537
C0786,2025-03,13.276783972053197,72.31921161809545
C0787,2025-03,14.878588724374815,77.78288807307105
C0789,2025-03,12.349857960471919,94.01661067706745
C0790,2025-03,17.712728349884966,87.52815833230397
C0791,2025-03,14.741371796696033,91.48184833881442
C0792,2025-03,,63.01325262178623
C0793,2025-03,15.468314201295719,92.19098554998281
C0794,2025-03,12.753323700072471,67.59643466672443
C0796,2025-03,13.00866229509724,100.0
C0797,2025-03,,96.35403141966724
C0798,2025-03,16.78450261047702,93.11482479712623
C0799,2025-03,12.935633701408698,62.1522739700122
C0800,2025-03,12.779456382596006,77.14372846606518
H0001,2025-04,14.68194006426896,79.66842029963684
H0002,2025-04,12.55522217643538,81.2649852719666
H0003,2025-04,19.310623272173572,93.80794558378341
H0004,2025-04,14.866653178929024,77.85923794094623
H0005,2025-04,15.005302401685517,87.2990900530328
H0006,2025-04,11.984330536393546,82.14809438240765
H0007,2025-04,16.448379549942153,99.32063501441216
H0008,2025-04,15.6431390754549,43.0955736365361
H0009,2025-04,14.527447794983338,89.52581467148684
H0010,2025-04,11.64784761717716,72.9921315774691
H0011,2025-04,16.42861741926188,54.96401724399898
H0012,2025-04,14.53835851549568,65.6837967158323
H0013,2025-04,12.171719005625171,63.761617568915455
H0014,2025-04,14.631866284247781,72.44440631558045
H0015,2025-04,15.906188522304868,65.67020678446306
H0016,2025-04,16.082023362978273,86.00290863418485
H0017,2025-04,15.539273990065453,87.9420581255691
H0018,2025-04,11.984912607619657,82.73000377019156
H0019,2025-04,18.77303834215455,69.79040298145553
H0020,2025-04,11.167135436954956,80.0843946952012
H0021,2025-04,16.83430782702202,90.8929004971125
H0022,2025-04,13.199040029900175,93.46337007910742
H0023,2025-04,11.496287969911435,67.84575915305932
H0024,2025-04,13.594467181680768,100.0
H0025,2025-04,18.829686793736407,79.2772506031269
H0026,2025-04,11.7771403174283,82.61524068952514
H0027,2025-04,11.377464140144006,69.38121020915203
H0028,2025-04,12.148081076920313,62.3496529392266
H0029,2025-04,18.30388931774752,63.0385396697402
H0030,2025-04,14.631128631065751,100.0
H0031,2025-04,13.047057606322696,99.27399422843885
H0032,2025-04,13.694594298562027,88.9573438631335
H0033,2025-04,13.306540226793707,65.03727997287466
H0034,2025-04,13.618029163539076,77.56896457989174
H0035,2025-04,,57.909796362911564
H0036,2025-04,10.515903363461055,
H0037,2025-04,16.220211666451533,61.30459068768488
H0038,2025-04,11.472530631126226,70.44884185062124
H0039,2025-04,15.631984217456623,74.68081135910013
H0040,2025-04,15.06342789417507,71.13786054196018
H0041,2025-04,16.95336898138419,63.5760412204474
H0042,2025-04,15.568489717631167,79.76876510181249
H0043,2025-04,15.2040818997029,83.84699860226448
H0044,2025-04,14.23249236931743,100.0
H0045,2025-04,9.60459946279255,
H0046,2025-04,12.578799296603489,84.48796833328288
H0047,2025-04,12.635168168338392,87.08550629056475
H0048,2025-04,11.441272222303054,84.467286556769
H0049,2025-04,16.2784428749105,89.8241035641108
H0050,2025-04,13.882264782280954,83.24781415718844
H0051,2025-04,15.02020686397559,77.97981079834636
H0052,2025-04,11.275484871951125,88.96711601496334
H0053,2025-04,14.637903852139212,100.0
H0054,2025-04,16.94001124780002,
H0055,2025-04,19.426741942679037,78.85230089616637
H0056,2025-04,9.778442622613913,71.96857982261803
H0057,2025-04,15.181785565481702,64.13730442449904
H0058,2025-04,10.31960455214746,87.59403272120183
H0059,2025-04,12.714821053994559,81.7698093532508
H0060,2025-04,16.5181228167669,77.12051424772793
H0061,2025-04,14.931143757701125,81.8998814709101
H0062,2025-04,16.19650624857508,89.0504565067327
H0063,2025-04,13.978077098854163,64.31296761272831
H0064,2025-04,18.428732836559064,84.11212952428365
H0065,2025-04,17.38410024462206,100.0
H0066,2025-04,13.063514674277059,78.22679036270102
H0067,2025-04,16.864532931444135,79.1777718325085
H0068,2025-04,13.353454055724415,77.1236094051359
H0069,2025-04,18.21324841415342,53.30151727576441
H0070,2025-04,15.490311407116156,54.73696581600329
H0071,2025-04,13.91554939168602,93.9865630688266
H0072,2025-04,11.794050311989816,100.0
H0073,2025-04,14.55632112116562,100.0
H0074,2025-04,16.895544332748788,100.0
H0075,2025-04,,78.44485811844514
H0076,2025-04,16.27071418347315,76.85885866489738
H0077,2025-04,13.276949359145535,62.420193259517234
H0078,2025-04,15.889451043082106,64.52192553240033
H0079,2025-04,7.336516733545864,90.54526697324988
H0080,2025-04,13.517669870066618,69.761786055695
H0081,2025-04,12.637216355073956,69.64099604458316
H0082,2025-04,8.17517394219532,74.61423307109742
H0083,2025-04,17.673238196025437,93.6145827125102
H0085,2025-04,,72.16898136735547
H0086,2025-04,13.932163713906307,82.40233852405782
H0087,2025-04,16.86931693429395,92.4091520872209
H0088,2025-04,14.286142937027325,69.89920554007757
H0089,2025-04,17.133249174872244,68.82818428549695
H0090,2025-04,14.554137973105153,65.7917815011552
H0091,2025-04,15.781537040772333,100.0
H0092,2025-04,14.337547217924175,67.91423866465149
H0093,2025-04,15.891689440143665,81.01389597726083
H0094,2025-04,14.223333482750665,51.871613135051106
H0095,2025-04,,100.0
H0096,2025-04,8.855125005393312,67.49613653117261
H0097,2025-04,12.900845046697613,86.55285746289275
H0098,2025-04,18.711606611926232,81.73234494109155
H0099,2025-04,14.49859949956956,69.74347655951892
H0100,2025-04,,
H0101,2025-04,12.15931020975518,66.76850331836013
H0102,2025-04,12.920951107009198,92.58676124712294
H0103,2025-04,14.198186930826349,100.0
H0104,2025-04,16.564333626824105,91.81203656387054
H0105,2025-04,16.053515644060067,68.25787809783867
H0106,2025-04,17.193149988560705,75.51428357937702
H0107,2025-04,12.831613140134207,53.496327669134565
H0108,2025-04,15.539111060332573,47.55016350509115
H0109,2025-04,17.45862264342452,61.61437308305699
H0110,2025-04,14.1452950465107,80.33850812482449
H0111,2025-04,8.405662185352396,84.19835932092748
H0112,2025-04,12.934886456285277,82.50465736347275
H0113,2025-04,21.283451092087454,91.97007730184778
H0114,2025-04,15.262881487782135,81.69719800231863
H0115,2025-04,15.004964718217973,92.37252348078292
H0117,2025-04,12.476276524320294,67.62995688995905
H0118,2025-04,15.223732460817905,93.02305331224446
H0119,2025-04,17.05884777883343,64.7653542265864
H0120,2025-04,9.781240054296592,65.7555073183352
H0121,2025-04,11.597571303209925,100.0
H0123,2025-04,15.234788121450334,93.70483079380777
H0124,2025-04,9.166288728565114,88.91549859120795
H0125,2025-04,14.577803722186912,68.35293218023665
H0126,2025-04,18.72065084731965,100.0
H0127,2025-04,15.261632474945934,79.22150813110042
H0128,2025-04,12.725965060106196,77.41049303480072
H0129,2025-04,14.16317063037261,75.58450687585996
H0130,2025-04,17.011900997333278,82.09221030632078
H0131,2025-04,16.81577449111747,72.73133682325685
H0132,2025-04,11.84426558127487,58.808300897727136
H0133,2025-04,15.471802782919166,87.68843467937029
H0134,2025-04,13.33661209036385,62.00462066747093
H0135,2025-04,10.932338460031456,59.90545516562122
H0136,2025-04,17.87306920617346,72.73451119728873
H0137,2025-04,15.148887296094173,100.0
H0138,2025-04,11.109504803326201,72.07817521419418
H0139,2025-04,16.36369496545746,100.0
H0141,2025-04,14.110845700732616,80.12959015224602
H0142,2025-04,21.00115975775121,82.97431902329824
H0144,2025-04,13.348661723290611,79.56937075352323
H0145,2025-04,21.314468465651345,
H0146,2025-04,16.636630349939434,84.12187499422049
H0147,2025-04,14.716300620856186,73.78663221267306
H0148,2025-04,14.729344440965642,91.84423989638245
H0149,2025-04,11.789021792062501,48.29300020700621
H0150,2025-04,17.26339162470658,90.1328940109459
H0151,2025-04,14.094890904877387,87.52531049997684
H0152,2025-04,15.616276978960961,81.94148113713358
H0153,2025-04,15.662837420393059,100.0
H0154,2025-04,9.281848120613434,84.56432774380023
H0155,2025-04,12.910509002322705,41.006761650162105
H0156,2025-04,13.721435499074842,89.65872092573541
H0157,2025-04,14.971051335736291,82.42705216813033
H0159,2025-04,16.368078247401574,83.688850086573
H0160,2025-04,13.456919040597192,81.3634808764504
H0161,2025-04,13.123657956139414,63.65473632980732
H0162,2025-04,15.29640360884049,72.14775584245068
H0163,2025-04,14.401524304043251,94.43052600839512
H0164,2025-04,14.63380987675743,84.36478546317882
H0165,2025-04,12.382097235923998,83.17946311026884
H0166,2025-04,13.763898083883664,90.37087244209636
H0167,2025-04,,75.64351961596135
H0168,2025-04,10.557033854826818,92.0477020782176
H0169,2025-04,17.360473779545966,87.44000014229455
H0170,2025-04,22.795663592352078,64.74978644291114
H0171,2025-04,14.526651654502945,80.35506036976322
H0172,2025-04,13.286314204217081,72.62352150690668
H0173,2025-04,14.020661763450665,83.55519074812035
H0174,2025-04,15.260266919859443,63.97169172540467
H0175,2025-04,13.88355386296923,100.0
H0176,2025-04,13.567384957183336,90.72566745368677
H0177,2025-04,9.464629266143296,81.8067848249486
H0178,2025-04,13.072225443328582,
H0179,2025-04,11.373672440751314,94.73219078941443
H0180,2025-04,12.185440126795166,58.25712943237326
H0181,2025-04,17.52368824834337,82.45707553243878
H0182,2025-04,12.237202797079942,64.00663887210993
H0183,2025-04,13.58929092406834,93.18545422946856
H0184,2025-04,16.95862285233185,70.24581856635166
H0185,2025-04,13.39973448206313,83.33998852970058
H0186,2025-04,15.448744891064688,100.0
H0187,2025-04,19.420454677029145,95.06341838273644
H0188,2025-04,16.402596059549897,67.51016761632117
H0189,2025-04,11.09649579467917,84.26012074154318
H0190,2025-04,18.30669363236638,83.83173172943533
H0191,2025-04,13.020853024903618,77.74924524808145
H0192,2025-04,10.21501872535079,100.0
H0193,2025-04,11.35131804996507,80.23679909511227
H0194,2025-04,13.335357566210494,100.0
H0195,2025-04,17.195228351543438,73.31297286234367
H0196,2025-04,14.329543947860593,84.31133271368309
H0197,2025-04,15.238432413518847,80.0507234107826
H0198,2025-04,13.842230642579505,86.31046403599551
H0199,2025-04,20.997318266113176,
H0200,2025-04,12.05860156416287,97.3022434508116
H0201,2025-04,18.46984878613737,78.16529338372189
H0202,2025-04,14.199490040071073,76.60570854044852
H0203,2025-04,14.971822450885726,76.67826857413384
H0204,2025-04,7.406844757549012,94.87733222995456
H0205,2025-04,19.224883066912174,62.736201906875756
H0206,2025-04,12.373755171471263,76.31047246629214
H0207,2025-04,17.115163579494286,
H0208,2025-04,11.766625225382668,47.897936052636965
H0209,2025-04,10.793369578759968,93.89406659370431
H0210,2025-04,17.55467080462903,97.90846822277283
H0211,2025-04,12.64380868128525,92.65046036696246
H0212,2025-04,13.714021389019381,71.41133999172075
H0213,2025-04,13.830881766019639,95.26857059988605
H0214,2025-04,9.06566773093613,88.72391793934062
H0215,2025-04,11.010920819327357,88.597530105147
H0216,2025-04,8.416475064904283,65.01552840751238
H0217,2025-04,12.674658483357954,79.4714868390222
H0218,2025-04,20.349356020563363,85.22387330361144
H0219,2025-04,17.676346261975908,100.0
H0220,2025-04,19.55598719781391,60.7329653166712
H0221,2025-04,18.266909458512064,81.52296122866515
H0222,2025-04,15.218057473012111,84.80809882965012
H0223,2025-04,18.558479097745682,79.11123285748482
H0225,2025-04,20.705207389184388,62.80749543497496
H0226,2025-04,14.63100214745807,83.60281138506198
H0227,2025-04,15.577836217624785,68.42303563247432
H0228,2025-04,13.608807779861722,75.80827892547676
H0229,2025-04,18.96832524793696,80.09378552816601
H0230,2025-04,21.319345245945772,100.0
H0231,2025-04,11.40814214717344,49.04433302726465
H0232,2025-04,17.10533515227357,49.14526245399043
H0233,2025-04,12.821158007397807,68.03544415129988
H0234,2025-04,13.301314615861518,
H0235,2025-04,,82.01268367702248
H0236,2025-04,19.03114657252281,85.0062365386582
H0237,2025-04,10.98918855628779,100.0
H0238,2025-04,10.223143661570527,67.9039816124023
H0239,2025-04,15.544345908522184,74.81327130073501
H0240,2025-04,11.513552517583737,92.30890727443686
H0241,2025-04,14.883128941783408,84.33483131106414
H0242,2025-04,,65.8528552347575
H0243,2025-04,17.06621593477323,76.64374923029914
H0244,2025-04,15.397378431494326,68.37212563295176
H0245,2025-04,11.832735877222998,61.35490945554536
H0246,2025-04,19.14836351672711,71.11588115725912
H0247,2025-04,17.972549165034252,50.432906904200536
H0248,2025-04,18.621232750006115,78.38877335102265
H0250,2025-04,11.384829282361267,80.90144038146381
H0251,2025-04,9.896147848091443,95.04063328701474
H0252,2025-04,19.032783501244715,81.32682840861902
H0254,2025-04,11.434838814099715,80.19740635653685
H0255,2025-04,8.609224644076189,
H0256,2025-04,17.49193279455518,85.90983914331353
H0257,2025-04,18.10677094734939,91.94116045849543
H0258,2025-04,22.229328598870943,95.11502842851591
H0259,2025-04,15.841617324539639,100.0
H0261,2025-04,9.037926759793695,75.19182058862171
H0262,2025-04,17.505492812500652,100.0
H0263,2025-04,13.85695280900427,94.05922526549683
H0264,2025-04,15.329955909963962,90.33404551015619
H0265,2025-04,12.393920628478899,79.36084836822646
H0266,2025-04,14.569202305627536,98.46577043361938
H0267,2025-04,15.831456546577273,76.69995516269886
H0268,2025-04,13.707781347396208,
H0270,2025-04,16.987091656236313,78.5576096389024
H0271,2025-04,16.289693918347872,71.65674549354938
H0272,2025-04,14.80313875500113,75.46158817656796
H0273,2025-04,18.794303823412555,94.55141735493183
H0274,2025-04,13.375995424947009,100.0
H0275,2025-04,15.196531111275968,87.3905218059201
H0276,2025-04,7.766468428387733,71.7273293003038
H0277,2025-04,12.966625182095274,81.16896000875752
H0278,2025-04,15.725070810017968,66.23319806607543
H0279,2025-04,13.47492497126341,62.68413027787098
H0280,2025-04,15.386377680682337,80.24484836035131
H0281,2025-04,8.659222167961714,80.59750142339182
H0282,2025-04,16.67874565012027,97.70657615784205
H0283,2025-04,15.077189156795214,94.84927020636471
H0284,2025-04,18.90537200733605,55.39580117224707
H0286,2025-04,16.073106185971156,73.17452998430046
H0287,2025-04,17.126084029975353,75.56977724868645
H0288,2025-04,17.40458506333571,77.18354328102396
H0289,2025-04,15.911658611644475,80.10256593572075
H0290,2025-04,15.638514026219122,
H0291,2025-04,13.45674023681548,86.13009509817053
H0292,2025-04,18.703042939374583,76.12320987294096
H0293,2025-04,13.548781462250645,64.05720600182157
H0294,2025-04,13.92018744042795,98.02908040763994
H0295,2025-04,16.56746829035522,63.034043235447555
H0296,2025-04,18.453935066055493,86.85559867443901
H0297,2025-04,19.044644889628398,73.08559659784514
H0298,2025-04,18.4316833568122,94.08796542896022
H0299,2025-04,14.878225726473747,88.43343054451927
H0300,2025-04,15.788269902297548,91.9387811391046
H0301,2025-04,20.423678834138084,50.5329075910924
H0302,2025-04,18.22032049953295,73.93473842989664
H0303,2025-04,19.406442874208338,
H0304,2025-04,16.992964732289085,83.07150556901352
H0305,2025-04,12.764167008461685,99.19067298942332
H0306,2025-04,13.625043826327623,55.588827709989474
H0307,2025-04,9.354649737153244,82.42031964986487
H0308,2025-04,14.126157708664214,68.61856185646829
H0309,2025-04,13.610006983133914,79.1771002350896
H0310,2025-04,12.444533026559863,
H0311,2025-04,13.021450580947441,
H0312,2025-04,12.625607761907084,92.34231173365684
H0313,2025-04,11.61213165508251,79.10112315065585
H0314,2025-04,17.292887588125726,69.78726325113361
H0315,2025-04,13.128556036011805,91.14999370231976
H0316,2025-04,14.374030372971804,79.11156590051341
H0317,2025-04,17.775376058179546,83.79736690013873
H0318,2025-04,11.991964287437813,83.60166975716228
H0319,2025-04,17.283559906156455,74.8673364360058
H0320,2025-04,10.423208086807216,87.55712134173501
H0321,2025-04,14.69581096591848,70.2333346808246
H0322,2025-04,16.40809196912213,64.13903351945487
H0323,2025-04,13.258541436743524,85.27819788958055
H0324,2025-04,17.349983322687414,93.29257900229099
H0325,2025-04,15.839275919331484,61.196952696295696
H0326,2025-04,16.567710541868603,100.0
H0327,2025-04,17.83347467634064,64.9824097012605
H0328,2025-04,,78.82728555459367
H0329,2025-04,14.118664662551657,100.0
H0330,2025-04,,61.27103056438749
H0331,2025-04,19.8300823358379,62.700271247890456
H0332,2025-04,13.43369139491176,100.0
H0333,2025-04,6.380730325668873,98.4855972480068
H0334,2025-04,,58.38437214827107
H0335,2025-04,17.06384168030777,71.91738272976869
H0336,2025-04,14.88126172726891,74.3502484032595
H0337,2025-04,14.599678437869388,72.82977533442087
H0338,2025-04,16.90133920385698,84.48949011178652
H0339,2025-04,22.19858539361264,85.07703201043881
H0340,2025-04,12.44994947774776,55.58764025260708
H0341,2025-04,14.055104800438322,100.0
H0342,2025-04,14.205655864828406,62.379091192864024
H0343,2025-04,10.20757772667158,87.81279147731446
H0344,2025-04,13.489243944148928,45.31432461021432
H0345,2025-04,18.1045476234554,65.04310404122037
H0346,2025-04,13.656986988115825,60.263586617829745
H0347,2025-04,15.768139195491251,100.0
H0348,2025-04,18.945039523675753,75.84845038523737
H0349,2025-04,,82.31291709523987
H0350,2025-04,11.381794370062252,91.9673080729126
H0351,2025-04,13.22269008683389,86.5091004598917
H0352,2025-04,15.324869323758241,77.05952636527394
H0353,2025-04,16.943013405853872,75.31922444841778
H0354,2025-04,16.180834444915156,87.42037466039594
H0355,2025-04,8.059381997207078,81.61690861619309
H0356,2025-04,9.62154644749629,100.0
H0357,2025-04,17.060088565395258,44.61024286868394
H0358,2025-04,10.134468946897757,92.67298432533214
H0359,2025-04,17.050444685808742,81.75003735589767
H0360,2025-04,6.077709589058145,100.0
H0361,2025-04,19.53284589365017,
H0362,2025-04,14.884510734393105,79.69920816475272
H0363,2025-04,18.681964379098893,88.70654140699232
H0364,2025-04,15.627021524915447,76.69345017506593
H0366,2025-04,18.832174679510224,94.69906615128883
H0367,2025-04,12.9076966947651,71.22991213673909
H0368,2025-04,9.606412168217064,89.18745779053761
H0369,2025-04,10.259837887253822,82.11617526272119
H0370,2025-04,12.045744910725034,69.54532618523041
H0371,2025-04,12.198442874015626,85.48970841870981
H0372,2025-04,20.426451403363806,92.39328093374667
H0373,2025-04,12.71755957060932,88.23556111277152
H0374,2025-04,16.840113412015057,71.73026714298616
H0375,2025-04,11.650215503590235,82.57888108297826
H0377,2025-04,14.541286874793563,81.82488904799783
H0378,2025-04,14.46217763363291,81.51696201095453
H0379,2025-04,9.354699957945922,56.09892555277542
H0380,2025-04,16.00432180217529,58.236574337670376
H0381,2025-04,15.338529164800981,82.7688345028119
H0382,2025-04,13.362878686342883,97.08059719666582
H0383,2025-04,7.406861188974927,65.98833966674533
H0384,2025-04,15.268731062990598,74.48738001146565
H0385,2025-04,15.323810712389454,59.03956638307877
H0386,2025-04,17.96936256762831,90.45940862860061
H0387,2025-04,10.951697810517015,99.6895682449042
H0388,2025-04,19.732249370084716,63.885664547078484
H0389,2025-04,12.765921589235424,59.6907342233017
H0390,2025-04,21.323765355924454,77.50531431380399
H0392,2025-04,16.605661599088922,64.98289975205043
H0393,2025-04,8.50426441738837,60.53853740900426
H0394,2025-04,14.070747813752112,95.49131617021855
H0395,2025-04,14.57812392398695,58.55145562052226
H0396,2025-04,15.522312241695023,58.06319244411415
H0398,2025-04,13.797938237093451,100.0
H0399,2025-04,17.624848160000194,71.98423282086299
H0400,2025-04,12.485633022064814,63.44421915208896
H0401,2025-04,13.730832269046498,89.14365242950569
H0402,2025-04,,93.12220019167655
H0403,2025-04,14.24787170683674,97.39514161513185
H0404,2025-04,14.939997914122461,88.3093891403135
H0405,2025-04,14.828735350821697,88.79399279074475
H0407,2025-04,21.492632003875123,86.6560835887611
H0408,2025-04,12.055772697043441,100.0
H0409,2025-04,12.57790729533466,83.73506590393914
H0410,2025-04,14.981322526905853,78.33050743565468
H0411,2025-04,10.522936688255648,90.69020035163464
H0412,2025-04,12.09184388915404,78.85717578970507
H0413,2025-04,18.55439397244169,100.0
H0414,2025-04,15.197152764324757,100.0
H0415,2025-04,13.046551640474208,69.33056804427724
H0416,2025-04,11.492476050744287,93.09375894049387
H0417,2025-04,15.655389225697524,81.10877310756007
H0418,2025-04,11.79931125172541,84.89895786850713
H0419,2025-04,13.099513188818227,100.0
H0420,2025-04,15.520762718686003,76.2319467593675
H0421,2025-04,16.12213061026288,65.53152938910617
H0422,2025-04,12.380609498851335,72.24001924816857
H0423,2025-04,9.871055327627342,
H0424,2025-04,15.08613902188372,57.66117143541261
H0425,2025-04,16.17272120495275,74.43192456239298
H0426,2025-04,15.579309016808146,80.00263059335616
H0427,2025-04,13.20050079371009,95.16865072474536
H0428,2025-04,15.531700260684081,71.2312760467835
H0429,2025-04,12.602622624081997,86.41160343061307
H0430,2025-04,10.382927706430566,78.22086703393597
H0431,2025-04,17.930988880036324,88.80848740682232
H0432,2025-04,17.699704874672026,95.24796876449088
H0433,2025-04,11.171367655765781,72.24744704737293
H0435,2025-04,,95.88064220946092
H0437,2025-04,16.381584068998393,94.70996602130637
H0438,2025-04,15.422633971072834,84.54578442613709
H0439,2025-04,10.85966523930478,91.34607333607312
H0440,2025-04,18.263452283194948,89.74867812940695
H0441,2025-04,15.038018393374065,71.1703343894687
H0442,2025-04,16.607029746973318,73.29805408480354
H0443,2025-04,18.305860660099338,99.36604006294192
H0444,2025-04,16.07089058658055,72.83286776116604
H0446,2025-04,17.809939480003585,69.78536374917742
H0447,2025-04,11.734930252315895,95.71959924681397
H0448,2025-04,13.83402267157439,100.0
H0449,2025-04,14.117475687358136,98.13294609747602
H0450,2025-04,9.557113401536766,71.4003349802249
H0451,2025-04,12.550017908159456,76.60998972676614
H0452,2025-04,,82.88350646664546
H0453,2025-04,11.603542098965526,89.12940593650967
H0454,2025-04,15.179637442324102,55.11828377854455
H0455,2025-04,17.885268181257633,70.76798935670404
H0456,2025-04,21.13285793711603,84.82976144369387
H0457,2025-04,16.343232685343484,76.62850706332797
H0458,2025-04,20.472666010014933,72.04014500642663
H0459,2025-04,10.506612181471773,84.78780673455431
H0460,2025-04,19.499280491896172,71.2386123932058
H0461,2025-04,13.258582891573509,52.81155900177379
H0462,2025-04,21.914274559597025,96.4040805685328
H0463,2025-04,11.466122698685059,78.1650911528808
H0464,2025-04,19.129836996468192,89.41210397913535
H0465,2025-04,11.408804147373072,66.38383073410664
H0467,2025-04,21.368021234572055,56.18992157339872
H0468,2025-04,10.85488625429054,81.8029270603963
H0469,2025-04,16.1674538535523,80.12570644888744
H0470,2025-04,11.691929101083096,99.00397207136764
H0471,2025-04,12.68044297676049,64.75360121766305
H0472,2025-04,20.74203412966616,66.66382263619371
H0473,2025-04,16.470052225293543,69.45835824201248
H0474,2025-04,13.45607041898492,92.36458056939351
H0475,2025-04,14.328862416829178,100.0
H0476,2025-04,14.553153886692522,76.30514929668387
H0477,2025-04,15.30499337636602,90.65257062854971
H0478,2025-04,15.966301547439613,73.45911935495374
H0479,2025-04,16.817650697026263,74.1038565462731
H0480,2025-04,11.651882566810846,60.391012663284606
H0481,2025-04,15.666066931259769,79.42499513103141
H0483,2025-04,14.807748024867413,66.0344191333991
H0484,2025-04,13.050781979986024,98.97678881328376
H0485,2025-04,14.477479215077176,93.79473121880493
H0486,2025-04,15.619910461618415,95.28693199130078
H0487,2025-04,18.14831459461603,81.88064598271028
H0488,2025-04,13.851304824313646,69.51486033800722
H0489,2025-04,15.138365541206062,83.48871979742329
H0490,2025-04,14.966298986296561,83.3426457105254
H0491,2025-04,8.009051009971405,
H0492,2025-04,,100.0
H0493,2025-04,20.140937472358893,78.37703183290455
H0494,2025-04,17.619245839110047,83.33830597876621
H0495,2025-04,13.50487603121427,83.0873989074267
H0496,2025-04,13.58786861056805,87.91805641712938
H0497,2025-04,13.469984055374377,78.57923552760337
H0498,2025-04,16.9058019598645,99.20990933236972
H0499,2025-04,13.739989218039478,97.08165003753854
H0500,2025-04,10.036667334938524,52.90181217971228
H0501,2025-04,16.781056862045013,77.61042467629588
H0502,2025-04,,96.17016863382361
H0503,2025-04,13.463010229839375,82.88618973208483
H0504,2025-04,14.48301270581677,
H0505,2025-04,11.345446329433157,72.42672253043082
H0506,2025-04,19.170227319797444,100.0
H0507,2025-04,10.512412224744406,59.01531849349045
H0508,2025-04,14.384780641951911,81.86636723145884
H0509,2025-04,14.200290120049463,77.45021450810697
H0510,2025-04,14.402775704344123,78.03372364917598
H0511,2025-04,15.467295860023006,78.13236458211064
H0512,2025-04,,88.58662985735874
H0513,2025-04,12.483381819814875,88.60033058583933
H0514,2025-04,11.77846451311422,85.10806487353952
H0515,2025-04,14.980251942123123,92.11882316205416
H0516,2025-04,19.25604191060873,79.72221607434784
H0517,2025-04,16.162922105512784,99.68956080197069
H0518,2025-04,9.687665864982144,86.71732248857988
H0519,2025-04,13.457146894009105,71.09943908769948
H0520,2025-04,14.391084428537486,86.95418379863008
H0521,2025-04,13.2993780772313,97.31472603570107
H0522,2025-04,11.969888397354255,79.06907934906268
H0523,2025-04,19.23094297538621,69.40539938002645
H0524,2025-04,8.992061956951435,53.11496588867975
H0525,2025-04,16.33224733827979,91.01032456295844
H0526,2025-04,8.911574004082649,64.3352634849353
H0527,2025-04,14.317561571545582,64.8227073408035
H0528,2025-04,11.691594420176495,68.08653827534324
H0529,2025-04,17.08785534177801,68.53382989055686
H0530,2025-04,21.176327441675085,77.88489342801404
H0531,2025-04,14.143833629310537,80.48419435996414
H0532,2025-04,18.31692086083751,69.12309079530418
H0533,2025-04,16.22925558676321,66.79747650283805
H0534,2025-04,16.037684880914572,75.44912573602168
H0535,2025-04,12.618065061498816,81.01155687895415
H0536,2025-04,18.325198591858722,85.42580078310256
H0537,2025-04,14.763087196482413,79.68204952209179
H0538,2025-04,12.528063853542283,66.60655047199052
H0539,2025-04,12.323681970478432,93.92549477724098
H0540,2025-04,12.457698180556449,59.51749475561729
H0541,2025-04,12.137982748309994,84.25043364684456
H0543,2025-04,16.557078511416677,100.0
H0544,2025-04,14.245287748081324,74.97056990864044
H0545,2025-04,16.380313930582286,
H0546,2025-04,10.743840674526037,80.91422174001633
H0547,2025-04,17.378795467224485,87.5559445284737
H0548,2025-04,17.56896612198757,97.95673867285244
H0549,2025-04,19.991120332529412,81.07239593619029
H0550,2025-04,11.808353197456547,100.0
H0551,2025-04,10.812173159474536,75.64680861857633
H0552,2025-04,10.903398104249101,98.00076183994454
H0553,2025-04,19.129140543481675,86.48232920943123
H0554,2025-04,10.792335436533072,83.63676283853013
H0555,2025-04,13.898206362155255,65.45929480856643
H0556,2025-04,10.939156074896651,92.13534864335395
H0557,2025-04,15.963988037087793,
H0558,2025-04,14.957159495921715,78.9311507844149
H0559,2025-04,15.48317871307424,78.44611688621995
H0560,2025-04,14.436015315099391,88.38602067304583
H0561,2025-04,11.852621527156474,99.02317256606688
H0562,2025-04,16.795303930048227,79.93906557566584
H0563,2025-04,14.379151484261564,74.38948298339938
H0564,2025-04,14.50770039015995,
H0565,2025-04,11.341346726176678,63.569377575835745
H0566,2025-04,15.183809659083082,66.23344652946588
H0568,2025-04,12.584249024310232,74.02559706198366
H0569,2025-04,10.57314909985292,91.52366725580934
H0570,2025-04,16.300909073591225,77.09044925187385
H0571,2025-04,10.449388684953643,79.58102477296539
H0572,2025-04,11.40230723088138,95.67782060760018
H0573,2025-04,11.856502518254816,69.58973682571789
H0574,2025-04,10.669354424749557,75.81174536462976
H0575,2025-04,16.106796239271922,69.15699777336442
H0576,2025-04,18.105242096788537,80.26985656276828
H0577,2025-04,16.081368845024837,84.20895790615396
H0578,2025-04,10.949806339670914,79.67307646290953
H0579,2025-04,17.014588076745625,72.91445082273071
H0580,2025-04,10.080620624206777,76.2674074475765
H0581,2025-04,15.086078506538083,83.2420685824105
H0582,2025-04,14.097210024033924,83.06674465718808
H0583,2025-04,19.819026622014164,88.629998693201
H0584,2025-04,16.297342156504655,83.38423846126476
H0585,2025-04,19.12762856972362,70.35066901063888
H0588,2025-04,18.67153187779116,87.83965351289056
H0589,2025-04,16.74107154244131,78.3488995242049
H0590,2025-04,11.981598880062696,76.54454994295837
H0591,2025-04,13.144648122828071,98.369435420974
H0592,2025-04,16.792250251766696,80.06144807537217
H0593,2025-04,18.119336972100847,59.041689390991394
H0594,2025-04,11.404375401304502,100.0
H0595,2025-04,10.26029294214769,77.20499206956185
H0596,2025-04,19.392252057304148,
H0597,2025-04,16.47931011548478,72.26385855516196
H0598,2025-04,17.755759971034294,73.32775309695224
H0599,2025-04,19.738267230279998,96.30623427337132
H0600,2025-04,,73.7217461812597
C0001,2025-04,9.424101437304188,70.6081972003642
C0002,2025-04,18.900500648455612,77.71834274994787
C0003,2025-04,12.90441239457826,54.297855453805994
C0004,2025-04,19.515409797024702,73.616065397849
C0005,2025-04,12.270913198758539,94.42983798966134
C0006,2025-04,16.919444759414343,82.58670479410878
C0007,2025-04,10.994574384695877,86.29977602476674
C0008,2025-04,20.356292346709242,76.28022429165041
C0009,2025-04,9.398844464724071,56.08556270575933
C0010,2025-04,14.654691606959272,88.77009773931647
C0011,2025-04,13.467716290403512,
C0012,2025-04,12.23748177575089,57.585447952913796
C0013,2025-04,13.617211328586718,66.62366752590502
C0014,2025-04,11.163325300186735,67.22613284580106
C0015,2025-04,13.971475639217038,65.76556480952544
C0016,2025-04,15.267067785964873,81.4650045292741
C0017,2025-04,11.777080838955918,100.0
C0018,2025-04,15.18840956687201,82.709190179259
C0019,2025-04,16.66119194027926,71.27599577044228
C0020,2025-04,13.540210231784714,
C0021,2025-04,14.982496447652641,93.65685529757079
C0022,2025-04,10.41906719556103,47.28554851645008
C0023,2025-04,18.842663090461485,72.39241775635973
C0024,2025-04,14.630460534289007,79.85900654901977
C0025,2025-04,9.338361038323795,80.99337999794646
C0026,2025-04,19.924229627947778,73.11590767604413
C0027,2025-04,14.102488587338534,56.6155796169106
C0028,2025-04,,84.92895843079187
C0029,2025-04,21.150510235018135,67.07365193538908
C0030,2025-04,14.01853338737374,42.81083282389913
C0031,2025-04,9.425821745780539,80.75135321602885
C0032,2025-04,17.170314648947645,79.83630131351401
C0033,2025-04,15.86700780322651,78.54820920621782
C0034,2025-04,18.359897130231136,100.0
C0035,2025-04,15.523599447472652,88.54279961694083
C0036,2025-04,12.933344140823566,83.65475214146123
C0038,2025-04,12.444677925662145,100.0
C0039,2025-04,11.514227287499748,89.30146485194498
C0040,2025-04,8.618903953753284,70.25254724023003
C0041,2025-04,11.21130191649369,82.65991441721296
C0042,2025-04,13.540383213272737,89.86789595928683
C0043,2025-04,,48.94899649469961
C0044,2025-04,6.406030676471948,68.6425923151055
C0045,2025-04,10.388457568937028,85.21064412648488
C0046,2025-04,13.686037946271988,77.49004117369927
C0047,2025-04,12.918630813283787,88.82468232885724
C0048,2025-04,15.985760134120358,89.20509645654958
C0049,2025-04,12.40039124459949,66.35494663870269
C0050,2025-04,14.291420136482015,77.64005954178434
C0051,2025-04,15.407058441359275,81.11657781252048
C0052,2025-04,17.994674146072374,93.7990124351571
C0053,2025-04,14.327382754800038,90.7035775400373
C0054,2025-04,10.729065099383813,62.2317021440647
C0055,2025-04,18.27486860908689,49.00599061935583
C0056,2025-04,18.695463675576576,
C0057,2025-04,10.806633742952677,93.89715093855267
C0058,2025-04,16.12509756889205,75.01634130642913
C0059,2025-04,11.981147572000706,100.0
C0060,2025-04,13.067152593504872,62.24059556886435
C0061,2025-04,18.14050658960965,70.89488037192542
C0062,2025-04,16.24517277851735,74.4232892479526
C0063,2025-04,,65.85845849369272
C0064,2025-04,15.788167733021053,67.90494987007963
C0065,2025-04,18.54568636019429,82.74434055667106
C0066,2025-04,17.202552963600642,82.75256775247657
C0067,2025-04,13.95301709029614,63.80589311140419
C0068,2025-04,13.009302975984298,79.38454843587029
C0069,2025-04,14.881812492371788,73.65129052997094
C0070,2025-04,13.1832383240225,89.04453229240802
C0071,2025-04,15.539825210470028,86.63749015587682
C0072,2025-04,9.943756814133184,85.25921576126989
C0073,2025-04,15.024878942189218,82.34051270943722
C0074,2025-04,17.357327941034026,75.2241233576839
C0075,2025-04,14.234936774992699,81.41034259034977
C0076,2025-04,14.175954235553071,100.0
C0077,2025-04,9.398856479594617,72.96321701440671
C0078,2025-04,10.181362859188015,88.70244576664058
C0079,2025-04,11.039462507890137,90.38258572405351
C0080,2025-04,12.764679496379504,100.0
C0081,2025-04,14.805408256028754,
C0082,2025-04,12.881652775330112,54.94063433765042
C0083,2025-04,15.671251411609857,78.65628074551354
C0084,2025-04,17.002316592673246,46.56162468607824
C0085,2025-04,16.33078633812284,84.81650959719963
C0086,2025-04,20.532608239914545,87.24325505601928
C0087,2025-04,8.636175245261747,72.20823628176649
C0088,2025-04,15.21277403639687,84.21403777902376
C0089,2025-04,13.006315030006661,87.99112403346527
C0090,2025-04,14.855581586134885,67.284001080807
C0091,2025-04,13.354021948195738,68.9069021238761
C0092,2025-04,14.006719471562741,69.13567431898487
C0093,2025-04,13.308451485823017,87.5559963627431
C0094,2025-04,15.580019114861903,
C0095,2025-04,17.534620767726224,89.74748413706033
C0096,2025-04,8.877921674910368,63.00269023494133
C0097,2025-04,13.911226212962882,94.41436067261023
C0098,2025-04,18.886283544030714,95.32035117303143
C0099,2025-04,17.05230786006384,100.0
C0100,2025-04,16.927693118795325,86.58337605078043
C0101,2025-04,11.947791646914382,82.25712312862564
C0102,2025-04,13.186152929796545,93.92245000320422
C0103,2025-04,16.23900565139297,83.93976389803612
C0104,2025-04,13.170729033685332,
C0105,2025-04,12.324043677967287,64.07718939279333
C0106,2025-04,12.114724991437411,66.49715520331975
C0107,2025-04,21.253076957778987,98.72593973864777
C0108,2025-04,16.735716506977816,87.71764355568634
C0109,2025-04,10.5297035396418,62.56177277261678
C0110,2025-04,18.52715274536289,77.39056627421557
C0111,2025-04,12.841794637458294,87.54198755132553
C0112,2025-04,19.01123029584675,89.89347907076186
C0113,2025-04,17.30590460797517,68.96579442251965
C0114,2025-04,5.197985271328221,76.77016089640449
C0115,2025-04,8.258436626732728,57.12073898322046
C0116,2025-04,15.189212756951303,89.76463830136994
C0117,2025-04,15.692868298911636,47.961042097365606
C0118,2025-04,16.82411109585336,77.64593841510276
C0119,2025-04,18.39855860735871,74.72165651323567
C0120,2025-04,,100.0
C0121,2025-04,9.407716553724743,96.42393524703185
C0122,2025-04,13.856138736801805,68.42532550305427
C0123,2025-04,,76.0749883076749
C0124,2025-04,13.669996888034252,53.100284291453896
C0125,2025-04,18.554658059147144,
C0126,2025-04,,65.60872887037972
C0127,2025-04,14.239459728861954,88.57943736477611
C0128,2025-04,16.46983722823853,90.98257777558761
C0129,2025-04,10.058410740339852,64.05099549678476
C0130,2025-04,17.104783740285328,97.59135571307397
C0131,2025-04,,100.0
C0132,2025-04,13.091522806508397,70.13651623968714
C0133,2025-04,,73.42146054866679
C0134,2025-04,11.986616915704346,88.92428910183679
C0135,2025-04,15.929672905121516,77.67249914032419
C0136,2025-04,13.50415502333712,80.05894783821043
C0137,2025-04,16.88490719825146,
C0138,2025-04,14.784096811834772,87.43407721422855
C0139,2025-04,18.03931460150381,100.0
C0140,2025-04,11.717710472679888,73.22081298550813
C0141,2025-04,16.486110830191038,85.67543918183283
C0142,2025-04,14.666179820941426,62.599994635006304
C0143,2025-04,14.727919173322038,49.21890257435881
C0144,2025-04,12.941724307713567,97.33800128742678
C0145,2025-04,18.996376747080838,72.23624412895785
C0146,2025-04,15.940612182070337,88.72582216745566
C0147,2025-04,10.588405315561095,86.75129008769676
C0148,2025-04,17.139086156884524,90.24273518206068
C0149,2025-04,20.348080579272974,72.97863006477559
C0150,2025-04,12.001387369133667,89.68379220299383
C0151,2025-04,11.917980463763495,100.0
C0152,2025-04,18.85726123660059,82.35562131922171
C0153,2025-04,12.708199991780583,95.58324700799702
C0154,2025-04,17.18180410406059,74.03863035423622
C0155,2025-04,14.900110284148356,75.78646273283044
C0156,2025-04,13.629517392468848,100.0
C0157,2025-04,14.949208583420706,73.86823365536436
C0158,2025-04,17.861739607094776,74.02133212697463
C0159,2025-04,16.69264218481227,75.82967012251981
C0160,2025-04,11.150264641546332,66.02514380703232
C0161,2025-04,14.320601592158301,91.05903093489158
C0162,2025-04,17.337023743090093,78.09584581832763
C0163,2025-04,20.143758956230798,85.99507608467569
C0164,2025-04,,67.54948282525007
C0165,2025-04,21.01806602239969,69.66185964767176
C0166,2025-04,,90.75949730173886
C0167,2025-04,17.45321351021243,75.06628483432215
C0168,2025-04,16.065326771176043,91.57809707810864
C0169,2025-04,22.28926235319596,85.44079592064354
C0170,2025-04,13.513236901180928,80.59351627268228
C0171,2025-04,18.358987851984153,100.0
C0172,2025-04,14.308357100437993,91.8555726946264
C0173,2025-04,10.66662165244093,93.45814812504297
C0174,2025-04,19.875635648271484,66.42498643190817
C0175,2025-04,15.470333543498537,90.55865173024189
C0176,2025-04,14.603563263693935,99.60909015622275
C0177,2025-04,11.15309056432623,85.88201578499502
C0178,2025-04,17.72220958894529,79.1378834944397
C0179,2025-04,10.587528325001124,77.07003237036771
C0180,2025-04,10.599409970261256,67.49269115672233
C0181,2025-04,18.98043199011321,78.46979625838382
C0182,2025-04,13.970422514980196,68.64714524848296
C0183,2025-04,13.605379793612483,70.87324608573591
C0184,2025-04,10.752230474891965,86.9104778662632
C0186,2025-04,16.35352121104612,85.3462676279372
C0187,2025-04,16.289100638143868,82.62067281214738
C0188,2025-04,9.486478790903687,100.0
C0189,2025-04,17.003734461482445,74.02623191408642
C0190,2025-04,15.24285337978882,87.62355006547628
C0191,2025-04,13.093128799809783,70.75183520224745
C0192,2025-04,14.778214766053066,74.83441729715507
C0193,2025-04,12.39576744286111,82.7864848550998
C0194,2025-04,16.72232321500695,84.42504112346809
C0195,2025-04,14.02405104286905,79.28834089451881
C0196,2025-04,18.1581507341147,72.91935243841391
C0197,2025-04,15.925497959343604,91.8859347718916
C0198,2025-04,15.189489274705751,86.18885205298136
C0199,2025-04,16.42569282820868,94.87612510651381
C0200,2025-04,16.86036536238059,79.67250191410756
C0201,2025-04,10.558348404575373,98.0327850056288
C0203,2025-04,9.248174497313943,
C0204,2025-04,14.201116869248088,82.14639987745545
C0205,2025-04,18.28341179918938,47.461295570386774
C0206,2025-04,17.294185848459282,90.3199106581029
C0207,2025-04,12.737125687001537,
C0208,2025-04,13.353952818815028,51.94053254317356
C0209,2025-04,10.631105765023712,50.92230413005757
C0210,2025-04,18.504277727486425,61.169158359428266
C0211,2025-04,10.12963886048112,79.30528596626472
C0212,2025-04,11.25783893336579,
C0213,2025-04,8.920406975813036,96.07589188553487
C0214,2025-04,18.582110947311193,61.755633624068906
C0215,2025-04,14.951826365574714,95.97672926949208
C0216,2025-04,16.386194824419228,50.830310388161635
C0217,2025-04,16.55695491618001,99.7617010863475
C0218,2025-04,15.712873411584084,89.44406649551097
C0219,2025-04,14.996824877033884,56.80161504919969
C0220,2025-04,15.817494858528537,
C0221,2025-04,19.363390609890764,90.98703748264278
C0222,2025-04,13.755620327531926,97.78862409171737
C0223,2025-04,13.788094591407225,62.93710420809171
C0224,2025-04,18.10296467112862,100.0
C0225,2025-04,15.728934692369808,75.63771012564087
C0226,2025-04,9.275154137154491,100.0
C0227,2025-04,12.691958722791055,100.0
C0228,2025-04,14.309962477366087,34.07971202616073
C0229,2025-04,19.281155906473554,90.62868681858309
C0230,2025-04,15.09047172347016,78.6923785604145
C0231,2025-04,11.938609816805878,91.35495743907232
C0232,2025-04,10.20871175875883,84.38000612663153
C0233,2025-04,13.821596810407772,81.73315155769252
C0234,2025-04,17.69798182634561,90.81466795002447
C0235,2025-04,19.626435417098662,65.40612685666925
C0236,2025-04,9.581462186434534,51.26449122097368
C0237,2025-04,14.514644514321661,86.82409179131885
C0238,2025-04,12.490773920524328,81.53017839949547
C0239,2025-04,14.076813286807607,96.40247910411304
C0240,2025-04,12.22216259246192,87.97924223679311
C0241,2025-04,10.418741225066723,74.51051927646827
C0242,2025-04,14.786909654986156,81.61267812406409
C0243,2025-04,12.199858789318238,95.21537048515219
C0244,2025-04,17.355398365632084,84.26250466481953
C0245,2025-04,15.306797705514342,52.32237580451147
C0246,2025-04,19.422523795908614,100.0
C0247,2025-04,,62.389494163209065
C0248,2025-04,,70.02449511092973
C0249,2025-04,11.851963355190385,65.35057744562428
C0250,2025-04,18.426740970330975,82.83212166484307
C0251,2025-04,15.914476304328575,77.90153683386343
C0252,2025-04,17.30377913034415,92.57252790616607
C0253,2025-04,13.867726388922174,90.03190962248074
C0254,2025-04,14.817739759637796,
C0255,2025-04,13.391846310596872,49.0608991818864
C0256,2025-04,18.17119060721982,70.66153875982772
C0257,2025-04,12.292232249190693,93.23637157607952
C0258,2025-04,14.1375497155796,83.34677796237978
C0259,2025-04,16.275412421254753,89.14224146308095
C0260,2025-04,12.745487093512521,59.960284771522105
C0261,2025-04,16.8174285583238,60.24883652801895
C0262,2025-04,12.815687939962475,87.80427386654625
C0263,2025-04,13.34142196843167,61.62250255577836
C0264,2025-04,18.520835023705015,85.09653629885887
C0265,2025-04,13.368404871336928,58.34704373193421
C0266,2025-04,17.396620481564582,75.78490453528283
C0267,2025-04,16.75113178304612,70.04109395814461
C0268,2025-04,20.53668251380514,87.80345657943857
C0269,2025-04,14.900461466759133,63.22871021943417
C0270,2025-04,14.649158171035085,95.84895019556855
C0271,2025-04,14.967930167264013,79.89412151355107
C0272,2025-04,13.568716674913068,91.49783975202494
C0273,2025-04,,70.13957301072439
C0274,2025-04,14.557706217573813,89.47982845259993
C0275,2025-04,10.296922921116836,69.50718503517633
C0276,2025-04,,97.28914081310725
C0277,2025-04,18.869283515618967,54.118365729682374
C0278,2025-04,13.820495769661017,58.937884523438925
C0279,2025-04,15.294383245180079,76.96390831740658
C0280,2025-04,12.525016059149143,81.41633139452514
C0281,2025-04,13.192935612876326,85.42784263763623
C0282,2025-04,17.557089038606946,87.36831468352605
C0283,2025-04,15.990719387010175,62.33830725223467
C0284,2025-04,11.338757147641479,100.0
C0285,2025-04,15.682222822846704,80.17602762411873
C0286,2025-04,14.269994867621232,85.48602508740147
C0287,2025-04,20.038272002940253,82.09115209947682
C0288,2025-04,8.631888772793273,93.99820033683595
C0289,2025-04,18.867314252198675,100.0
C0290,2025-04,11.841571069509577,
C0291,2025-04,20.688073114045707,82.01463284749812
C0292,2025-04,,76.56265905963626
C0293,2025-04,20.539346900499723,99.72802490741782
C0294,2025-04,,90.12652777704416
C0295,2025-04,10.584397744296245,93.63077411559775
C0296,2025-04,14.706932488326311,74.31338936407997
C0297,2025-04,11.789421144022779,90.08207895769814
C0298,2025-04,15.260251093174324,70.3806455297858
C0299,2025-04,,76.10598581544531
C0300,2025-04,13.57868630600586,96.31638997296281
C0301,2025-04,18.551196396135193,92.05467042118839
C0302,2025-04,15.746552263279321,95.96411853499605
C0303,2025-04,12.320707743749374,70.99770966120983
C0304,2025-04,15.93229868027112,88.98942963721983
C0305,2025-04,13.001293530837081,67.30859644085601
C0306,2025-04,19.01780851638522,83.85218095125971
C0307,2025-04,16.547482328567263,88.33957339008104
C0308,2025-04,17.309647336634065,
C0309,2025-04,20.336066634597618,
C0310,2025-04,13.507954337454242,
C0311,2025-04,20.386050921915544,
C0312,2025-04,15.659614071633872,60.40474955744026
C0313,2025-04,17.07591619202409,74.9159396113583
C0314,2025-04,8.235322093426262,80.32101823715792
C0315,2025-04,13.904013132910304,79.75021092285142
C0316,2025-04,13.969437017196704,92.8414027341386
C0317,2025-04,11.086123265140003,92.93106217741868
C0318,2025-04,12.291402331917936,74.85593458639697
C0319,2025-04,,90.40150826096097
C0320,2025-04,16.633857862412693,100.0
C0321,2025-04,17.143954769758857,100.0
C0322,2025-04,20.76592922149717,80.20430307739436
C0323,2025-04,15.366481580478107,85.49558829463015
C0324,2025-04,19.25065785756926,81.28512212341309
C0325,2025-04,,51.291404789107304
C0326,2025-04,13.390519139584608,64.54365489474283
C0327,2025-04,15.397655007845593,75.6131244661743
C0328,2025-04,16.550689436323484,73.70929199641012
C0329,2025-04,9.86293754616732,74.64867457079824
C0330,2025-04,14.873309389355224,68.16867541091506
C0331,2025-04,,82.59099513867433
C0332,2025-04,13.126863241396542,79.13976902815894
C0333,2025-04,10.688337038586347,70.45794828982909
C0334,2025-04,15.689514027746334,69.51905006393226
C0335,2025-04,14.398037474925985,68.87657083656116
C0336,2025-04,18.837615376313536,98.1658814536058
C0337,2025-04,15.526832820050254,89.07742468815334
C0338,2025-04,8.841587192859583,76.82202867326849
C0339,2025-04,13.359600232785862,86.26362093180589
C0340,2025-04,16.909709563812026,73.72825394967253
C0341,2025-04,10.628550993973857,76.98906496794201
C0342,2025-04,9.740614624921857,76.23493905419676
C0343,2025-04,16.487666112487286,95.83229638384127
C0344,2025-04,18.11826497213918,84.66265270853728
C0345,2025-04,14.373489451039244,76.2422427804494
C0346,2025-04,16.708343552345223,
C0347,2025-04,10.319927868246523,72.87400766893829
C0348,2025-04,12.09489820833492,62.69265394041141
C0349,2025-04,15.460521422679978,69.04815283031934
C0350,2025-04,15.403726712841099,58.922769406244576
C0351,2025-04,14.891729752080787,67.46390080854361
C0352,2025-04,16.133893447737968,74.40120162071041
C0353,2025-04,22.18790512470077,66.4249755562327
C0354,2025-04,6.2000604384131,70.83773154460098
C0355,2025-04,15.978585386813643,63.75848369845607
C0356,2025-04,12.931309202239717,93.3284482183186
C0357,2025-04,10.54475810848512,52.24277678866247
C0358,2025-04,14.629257330151376,
C0359,2025-04,14.721284412048423,78.85972814106624
C0360,2025-04,16.377861516073803,55.60818065219709
C0361,2025-04,14.240117262669512,79.79083761255248
C0362,2025-04,11.67430833336137,62.67694987860265
C0363,2025-04,11.196479576823322,87.42528901706314
C0364,2025-04,14.154739694271,75.92947432819562
C0365,2025-04,15.779310561581696,70.58800420225356
C0366,2025-04,17.211167451313994,88.72923980315318
C0367,2025-04,8.81567236621818,79.00674201824017
C0369,2025-04,13.076327224050395,79.37191153793732
C0370,2025-04,16.463850570629376,79.90687938018714
C0371,2025-04,13.251993971843676,77.78021492058075
C0372,2025-04,9.998921516955932,73.28909243697328
C0373,2025-04,14.602508110654469,71.49909656579302
C0374,2025-04,18.135934224149466,82.899799107678
C0375,2025-04,8.52264558369942,72.15463071715514
C0376,2025-04,11.065977737819257,100.0
C0378,2025-04,12.48637525199321,78.39876329739015
C0379,2025-04,,88.59865776584186
C0380,2025-04,13.372790101716602,79.7222304132391
C0381,2025-04,15.344980048075136,
C0382,2025-04,14.918673194828344,79.11722355202308
C0383,2025-04,17.060783835315473,66.80426521721415
C0384,2025-04,15.281729035440895,64.04573094353154
C0385,2025-04,11.382611715789338,100.0
C0386,2025-04,15.407697842777734,76.72195683326453
C0387,2025-04,18.012516509556516,92.1715652418645
C0388,2025-04,13.565257033309516,91.94745723000788
C0389,2025-04,18.129848134940936,67.37721477730038
C0390,2025-04,13.482766110080602,63.337666352367265
C0391,2025-04,17.74223176616407,100.0
C0392,2025-04,15.43921428463544,80.09870743229709
C0393,2025-04,13.809003973424993,79.59281105994229
C0394,2025-04,12.650320352605792,89.42931147043969
C0395,2025-04,10.857282592174103,79.29501093839608
C0396,2025-04,12.279090548607162,93.36079549385452
C0397,2025-04,19.6342300454471,91.0845634783324
C0398,2025-04,18.36369735730561,
C0399,2025-04,16.368320189673447,76.30615055652814
C0400,2025-04,15.936970941329244,100.0
C0401,2025-04,12.82581783979678,57.72075987564957
C0402,2025-04,16.591074611922465,81.01344685603281
C0403,2025-04,12.021117844077757,64.65432355781475
C0404,2025-04,19.759331194962286,59.049684933998556
C0405,2025-04,9.627031161934445,68.61090018828475
C0406,2025-04,11.100552715912064,63.55439018788695
C0407,2025-04,15.835950284009728,86.0966357273295
C0408,2025-04,14.1910172718365,55.09025091130376
C0409,2025-04,17.95264326443774,95.96221729633
C0410,2025-04,,76.03104544039144
C0411,2025-04,,90.7387109200028
C0412,2025-04,12.045534927522418,71.07132852413704
C0413,2025-04,11.990075741561583,69.80163212207103
C0414,2025-04,16.837131217052708,73.62335385754288
C0415,2025-04,11.234401260066988,77.16244826883889
C0416,2025-04,8.078858484595985,77.79672751218654
C0417,2025-04,10.205591219668946,64.56571548177928
C0418,2025-04,16.144602111831272,78.60698551278287
C0419,2025-04,21.463056144492807,87.08678173721546
C0420,2025-04,9.403978703697472,85.94330416739385
C0421,2025-04,11.01611465803112,
C0422,2025-04,14.145491476655224,79.0249522298291
C0423,2025-04,16.97803876152628,
C0424,2025-04,20.5506183616779,
C0425,2025-04,15.62683929263993,69.64624380892334
C0426,2025-04,16.26424275236583,87.1271766439634
C0427,2025-04,14.193538421242291,68.34565820630151
C0428,2025-04,18.543383588709247,69.37104581812888
C0429,2025-04,12.621471088521304,80.30425255827171
C0430,2025-04,13.77090841601298,37.205734930545105
C0431,2025-04,7.575756078627834,74.99650617793908
C0432,2025-04,16.47441381876502,68.39718693604449
C0433,2025-04,18.930256323832122,58.15050968562578
C0434,2025-04,,88.8422947754306
C0435,2025-04,11.839744605504325,68.41645596572623
C0436,2025-04,10.091351690732653,86.46411175914504
C0437,2025-04,19.785142558951733,91.2217183755901
C0438,2025-04,11.209947984784769,90.6909653110016
C0439,2025-04,,100.0
C0440,2025-04,10.771240476506776,73.3160741354072
C0441,2025-04,16.47455989669377,65.33800001936294
C0442,2025-04,19.315729511066966,100.0
C0443,2025-04,14.374181821081981,74.26338174850788
C0444,2025-04,18.072615100261537,75.64069713785169
C0445,2025-04,12.196115377902721,93.60337861888935
C0446,2025-04,,77.94713198429632
C0447,2025-04,16.32800131173052,81.16350316066158
C0448,2025-04,11.646346845678853,91.0588528177884
C0449,2025-04,11.620161582926237,62.12950329163068
C0450,2025-04,12.25183613150569,62.576791821810076
C0451,2025-04,13.518283075891947,79.0283498981557
C0452,2025-04,13.423707399009917,54.90897727412353
C0453,2025-04,18.13224431333609,55.32971758439109
C0454,2025-04,9.445673891229362,100.0
C0456,2025-04,9.695725686287723,72.25019886299799
C0457,2025-04,17.683135616765043,91.4100939578533
C0458,2025-04,12.990694958295824,96.17306949073507
C0459,2025-04,13.828775928426897,83.89971802737101
C0460,2025-04,17.254478017265697,68.55268802548426
C0461,2025-04,8.647777439319748,64.90925045791701
C0463,2025-04,17.66885519520289,89.39887065923169
C0464,2025-04,12.358720544409996,
C0465,2025-04,7.817210897250618,89.43134112889545
C0466,2025-04,19.855373645960285,79.16415597003203
C0468,2025-04,15.977643568122765,86.85376560795608
C0469,2025-04,15.345286578878802,99.86619418403396
C0470,2025-04,21.716031896937388,85.38650843442208
C0471,2025-04,10.681960117890096,79.4215070969522
C0472,2025-04,18.604553850263088,77.54592853419429
C0473,2025-04,19.52399916986556,54.8228105238031
C0474,2025-04,10.667152090644473,66.54816171447457
C0475,2025-04,14.006720868315437,79.71124507717371
C0476,2025-04,15.933219788444896,61.572790380683585
C0477,2025-04,15.687293874913102,67.31754237713399
C0478,2025-04,16.055398680559232,63.382895131957525
C0479,2025-04,16.722247339955594,77.74772446818662
C0480,2025-04,13.896671781809765,86.65338811519084
C0481,2025-04,16.526638140255965,92.02029555151557
C0482,2025-04,9.971411271618397,97.10504675916542
C0483,2025-04,11.600603009651875,63.072844775442036
C0484,2025-04,14.046158680027535,91.89016025190318
C0486,2025-04,16.92656250406312,86.57483054775243
C0487,2025-04,8.994295635746354,100.0
C0488,2025-04,16.163577839229134,56.24890805318474
C0489,2025-04,16.142098315333026,75.59807050036062
C0490,2025-04,8.134985995184376,74.23693340956119
C0491,2025-04,20.3982342319313,69.40157482834435
C0492,2025-04,20.345243566441326,76.99110124192019
C0493,2025-04,18.946720086370807,89.24271321190817
C0494,2025-04,14.99747534978543,83.48497053133755
C0495,2025-04,13.521908262309513,55.45001512781538
C0496,2025-04,11.481733286557484,72.26009987932325
C0497,2025-04,15.800489909604908,68.01509986852938
C0498,2025-04,12.576276042940213,65.59198161577193
C0499,2025-04,15.403459655675375,66.5057915558486
C0500,2025-04,15.559722156660586,100.0
C0501,2025-04,15.79350740446811,71.69472830312762
C0502,2025-04,13.779337978568703,74.47559274110658
C0503,2025-04,11.232975056546795,78.95986826129088
C0504,2025-04,19.329571788925215,75.32605893077624
C0505,2025-04,12.573335623880462,97.33716333812949
C0506,2025-04,13.195437455892577,85.90118268755528
C0507,2025-04,15.246324862725656,89.34261761844401
C0508,2025-04,15.273470297375098,80.41651708634528
C0509,2025-04,13.70615857891753,87.22531540475273
C0510,2025-04,14.07110402844687,79.86986988312636
C0511,2025-04,15.966830937737157,94.34191850724335
C0512,2025-04,11.665520103438423,
C0513,2025-04,13.536304005497485,70.33784969240668
C0514,2025-04,13.886509853251916,76.14832652269105
C0516,2025-04,18.450626711639277,81.99495116100458
C0517,2025-04,21.05336316436403,69.16448493582058
C0518,2025-04,15.97608888957287,100.0
C0519,2025-04,14.323327361252453,77.05496026490471
C0520,2025-04,12.738641384154654,78.11854151948893
C0521,2025-04,10.611025505213608,76.75372556194266
C0522,2025-04,20.035765121060223,100.0
C0523,2025-04,9.768906545534364,75.87738667711432
C0524,2025-04,17.561184980625608,92.73831674566978
C0525,2025-04,12.724943488041895,90.9577432859455
C0526,2025-04,18.10756046274284,62.21527624520819
C0527,2025-04,15.588036172690089,99.56636453090387
C0528,2025-04,17.22768253835697,82.63635847083022
C0529,2025-04,15.307307191805316,81.23581877068032
C0530,2025-04,18.95005799849126,82.95449034359221
C0531,2025-04,10.485499611651361,100.0
C0532,2025-04,8.616745997755451,77.8916781591226
C0533,2025-04,10.490747537423687,85.07976461951495
C0534,2025-04,12.116823806183557,88.19314663490441
C0535,2025-04,11.781597503815421,82.04589121857224
C0536,2025-04,14.446683874728276,100.0
C0537,2025-04,19.35414056606636,85.74889327775136
C0538,2025-04,,95.28093831294734
C0539,2025-04,17.41749631109149,89.72613798834303
C0540,2025-04,13.711715271688812,79.00863356112225
C0541,2025-04,18.137541198538266,96.35563836538246
C0542,2025-04,15.528529516670963,91.05081631986194
C0543,2025-04,14.851648965979571,75.6509926179501
C0544,2025-04,12.885265172170483,67.84274973502298
C0545,2025-04,11.722002641706665,82.98359064322993
C0547,2025-04,15.298887524192006,62.30951419452916
C0548,2025-04,,76.92952485404103
C0549,2025-04,12.68746059866574,78.70675578472282
C0550,2025-04,14.201237105571078,93.7412807194285
C0551,2025-04,11.945052557578638,66.48610116576111
C0552,2025-04,13.042317733576697,90.98602619113821
C0553,2025-04,,72.98031255892545
C0554,2025-04,13.481336728970495,84.09190121320528
C0555,2025-04,10.413762006565328,88.6055023947104
C0556,2025-04,18.237523174972573,100.0
C0557,2025-04,18.3829246265984,99.2443489240388
C0559,2025-04,16.39010357976762,65.13597699925734
C0561,2025-04,13.25230125846987,64.54767449506855
C0562,2025-04,,100.0
C0563,2025-04,10.923133044685825,89.84210759737765
C0564,2025-04,19.80629879380502,95.3595148233232
C0566,2025-04,11.318171945461646,66.09928599704676
C0567,2025-04,15.118568749958342,71.29087556308863
C0568,2025-04,15.956221548499823,100.0
C0569,2025-04,15.26852228592909,60.84458807090644
C0570,2025-04,17.728419524054328,100.0
C0571,2025-04,14.941851907298757,100.0
C0572,2025-04,19.12043594872641,67.27830313683064
C0573,2025-04,17.8195586832592,94.02949820031512
C0574,2025-04,12.857617177479964,100.0
C0575,2025-04,11.320084833578868,100.0
C0576,2025-04,13.716595238174733,50.044129881781544
C0577,2025-04,13.845083702368722,93.2286172499637
C0578,2025-04,12.243261311298866,83.94725916921803
C0580,2025-04,14.488079203628649,89.68702988795023
C0581,2025-04,11.91415283336972,80.00017127191234
C0582,2025-04,15.369597593362249,100.0
C0583,2025-04,7.903812430984583,84.90652481541042
C0584,2025-04,18.93471826566917,100.0
C0585,2025-04,14.083763486779409,92.96742798950908
C0586,2025-04,14.954968943037407,64.58458304057146
C0587,2025-04,6.856705166163815,85.93582671751662
C0589,2025-04,14.984330690468745,70.85744716753064
C0590,2025-04,14.049380777642952,83.50471759420017
C0591,2025-04,14.620911792295967,43.22770676999755
C0592,2025-04,12.888645207626583,68.21176410681795
C0594,2025-04,5.792714076299115,61.656130564039344
C0595,2025-04,15.135869678991074,97.58714909878009
C0596,2025-04,15.220947037400597,74.81962641489645
C0597,2025-04,19.99260092890307,76.6056833597896
C0598,2025-04,15.71412288900929,71.00609760585216
C0599,2025-04,7.422806689243709,89.28335423698937
C0600,2025-04,12.961407562463851,100.0
C0601,2025-04,11.941172070542017,85.14395701615827
C0602,2025-04,13.592199221174296,89.52491945007358
C0603,2025-04,13.121476207010666,94.43240137532023
C0604,2025-04,14.72717029122119,
C0605,2025-04,11.669919173604326,56.57852602631071
C0606,2025-04,19.23820776104121,96.55021576373122
C0607,2025-04,13.447503019711363,74.21372291595647
C0608,2025-04,20.813576786036514,54.10197639220886
C0609,2025-04,10.273559723176854,87.22796394546641
C0610,2025-04,,100.0
C0611,2025-04,16.042199959536262,95.97811325041671
C0612,2025-04,9.274540780063191,56.50979181783372
C0613,2025-04,17.13255068168768,75.4961742703035
C0614,2025-04,14.903083624913817,70.90368815476126
C0615,2025-04,15.208495379867438,63.270573037354765
C0616,2025-04,18.426790039107424,78.23517739259326
C0617,2025-04,13.899111099142585,80.35316600181324
C0618,2025-04,13.49592179177788,66.21506587713579
C0619,2025-04,12.345735273133302,71.22881940366793
C0620,2025-04,14.130883048545048,78.20446866364603
C0621,2025-04,11.209920534556318,67.97671425421302
C0623,2025-04,13.369619566998926,68.41152427108467
C0624,2025-04,13.458792891655404,55.53656767728201
C0625,2025-04,14.965356099737717,87.76401381116457
C0626,2025-04,16.696185789210976,79.11470103060135
C0627,2025-04,15.090143604921053,96.47980088979946
C0628,2025-04,16.297826787533644,48.96600057340665
C0629,2025-04,13.30601133936539,96.17862349519376
C0630,2025-04,16.993584168019144,65.92844643698066
C0631,2025-04,21.18394243505784,81.45579439033284
C0632,2025-04,18.579142684815668,77.08007354738315
C0633,2025-04,12.150495797193642,62.612659631490786
C0634,2025-04,18.804065170381467,86.58613374333981
C0635,2025-04,16.241545945025408,81.96277539756272
C0637,2025-04,17.21658568786222,82.73104796849766
C0638,2025-04,,75.89090374339571
C0639,2025-04,15.43375182887492,70.36188949564568
C0640,2025-04,15.424480607578232,77.11651607982903
C0641,2025-04,12.0649753607534,48.483216409905744
C0642,2025-04,17.550483170997335,
C0643,2025-04,14.758688709766695,84.06870105684231
C0644,2025-04,13.255103024248495,66.97930685320794
C0645,2025-04,14.312486125541913,93.35585370758864
C0646,2025-04,13.428721066178621,79.73661510483011
C0647,2025-04,11.527633704183929,90.48071823253127
C0648,2025-04,,72.99102719364828
C0649,2025-04,14.041182294367594,66.25364092705324
C0650,2025-04,8.57299486874322,97.01305264472086
C0651,2025-04,18.103966075389057,83.80267269631909
C0652,2025-04,15.979219236609476,97.7370882988053
C0653,2025-04,16.86263580218835,76.2882879234874
C0654,2025-04,16.828542385866967,25.61382790634913
C0655,2025-04,14.6381488787218,100.0
C0656,2025-04,14.428564011389787,65.5529084728699
C0658,2025-04,11.551770333904535,86.28058376234496
C0659,2025-04,17.400878744896637,54.480885075011
C0660,2025-04,13.71518565714564,91.33995033888272
C0661,2025-04,,82.52442913641997
C0662,2025-04,14.903989318563237,82.28912409084033
C0663,2025-04,12.132935951056387,87.30683106792402
C0664,2025-04,,61.56027010867032
C0665,2025-04,15.760459802682435,60.903548787519654
C0666,2025-04,10.374022346368037,96.00772695842802
C0667,2025-04,13.47756537873496,72.84506583708173
C0668,2025-04,,73.22141322921219
C0669,2025-04,,82.19359918189261
C0670,2025-04,12.122214419628861,90.23606834087897
C0671,2025-04,15.707010819938825,55.53757782713347
C0672,2025-04,,83.8244992433176
C0673,2025-04,,
C0674,2025-04,15.708949887506844,83.90864386421015
C0675,2025-04,13.899400274236532,99.57824627215828
C0676,2025-04,17.83161545061699,75.89006689347376
C0677,2025-04,14.645233899327096,58.566201303141405
C0678,2025-04,16.74184418307022,
C0679,2025-04,12.230768642809803,
C0680,2025-04,12.69827947541765,100.0
C0681,2025-04,9.81211431102432,83.23469043910941
C0682,2025-04,12.631992098639696,91.50977189948375
C0683,2025-04,14.334853926826458,74.91321561431239
C0684,2025-04,12.101295193856512,
C0686,2025-04,13.21074513923844,86.65186509595897
C0687,2025-04,13.955396172594126,100.0
C0688,2025-04,19.15247735686516,96.88281973785655
C0689,2025-04,19.29761469729153,82.53197557177964
C0690,2025-04,10.882562269611718,86.57601856917546
C0691,2025-04,10.60390880982815,87.97837422102957
C0692,2025-04,14.990718353193078,99.49841039653288
C0693,2025-04,12.088378608035015,73.73118609367782
C0694,2025-04,11.489334592025042,60.97479167061108
C0695,2025-04,16.1737369697192,93.51246918182888
C0696,2025-04,11.26632356069338,95.71129178930626
C0697,2025-04,17.423669754070268,77.62904791453472
C0698,2025-04,,100.0
C0699,2025-04,17.273144102127123,90.4020869076323
C0700,2025-04,11.667417231256362,82.31628458783177
C0701,2025-04,15.660085550572257,77.3766919806793
C0702,2025-04,17.25429725125585,65.99876485442454
C0703,2025-04,7.546203774168422,86.65735250982706
C0704,2025-04,11.673119339803094,87.16685569848008
C0705,2025-04,15.731418035798466,74.99100264041692
C0706,2025-04,18.541148017214375,55.29080250122164
C0707,2025-04,6.771358910818522,87.77752362641444
C0708,2025-04,10.875151881323205,89.15023188411261
C0709,2025-04,13.536097569677576,83.81203059330625
C0710,2025-04,13.928582954965735,75.88159139966
C0711,2025-04,20.181253065461668,65.85109762327818
C0712,2025-04,17.374113215641927,89.82216158242619
C0713,2025-04,15.389911492106165,
C0714,2025-04,10.56176345816823,69.11564207175503
C0715,2025-04,15.535657937209894,
C0716,2025-04,16.053757763258666,71.87055490898584
C0717,2025-04,10.251273875439496,95.17938015963935
C0718,2025-04,13.472624146479522,100.0
C0719,2025-04,12.48316461486492,74.04564196458881
C0720,2025-04,13.212341447700526,82.54408910190031
C0721,2025-04,15.65695439499583,77.53654653388628
C0722,2025-04,17.34914165773127,60.914444497318684
C0723,2025-04,12.752673383660635,60.465220169192875
C0724,2025-04,11.229567329513314,85.42687202301161
C0725,2025-04,,100.0
C0726,2025-04,15.481546659288192,100.0
C0727,2025-04,19.847925483726364,75.72472648476761
C0728,2025-04,,70.45339651302955
C0729,2025-04,12.86711628552791,64.15510230313704
C0730,2025-04,13.424392072675014,100.0
C0731,2025-04,14.772693776739628,63.3582515075616
C0732,2025-04,13.358521948846398,79.0425769879626
C0733,2025-04,16.41091780617241,93.34450622833431
C0734,2025-04,15.02240294234107,79.6977525265002
C0735,2025-04,13.65380799804959,99.33838784621798
C0736,2025-04,10.891069098398273,58.1107101268567
C0737,2025-04,16.44716494900219,71.96737176519424
C0738,2025-04,14.111466551871109,73.29513781709974
C0739,2025-04,16.196808801307526,76.93824058892076
C0740,2025-04,10.146281553016456,94.54280046158054
C0742,2025-04,16.836545751145437,77.67714715350893
C0743,2025-04,14.642409244524806,85.67838450467764
C0744,2025-04,17.036272885868915,92.62260413916997
C0745,2025-04,15.59683522476371,71.43503541924451
C0746,2025-04,11.234352516083153,73.95909632927706
C0747,2025-04,10.361897227868326,
C0748,2025-04,17.008513150312282,87.2882728714698
C0749,2025-04,12.924938015605541,100.0
C0751,2025-04,13.121102280276329,89.31759728838064
C0752,2025-04,18.130293280042242,53.795593125827295
C0753,2025-04,,82.63205992772716
C0754,2025-04,18.10292995294946,93.1091533112736
C0755,2025-04,12.240361692946463,93.76326479791891
C0756,2025-04,21.629232416710337,58.872200830380294
C0757,2025-04,17.383945837223408,79.54722745190924
C0758,2025-04,10.995281257046848,
C0759,2025-04,19.512759844762503,98.12367089661129
C0760,2025-04,12.919748293736179,59.462584034709394
C0761,2025-04,16.07169253708321,87.96239702464722
C0762,2025-04,15.013301118766806,82.73145294820756
C0763,2025-04,21.322760182603787,91.67908229486962
C0764,2025-04,11.285989767901881,80.81031609037576
C0765,2025-04,6.993200355095902,86.81179873185341
C0766,2025-04,10.423102963936433,89.20981013358622
C0767,2025-04,15.54949295655551,74.71812316939163
C0768,2025-04,11.702568097474547,79.25205988087276
C0769,2025-04,11.558079170616711,96.49793780780638
C0770,2025-04,13.949111631937008,84.91949452331255
C0771,2025-04,18.224517471516794,54.89012603796143
C0772,2025-04,5.867956023197774,58.961653893409164
C0773,2025-04,14.920994614254573,100.0
C0774,2025-04,14.98756214878063,73.75222638881633
C0775,2025-04,15.750946558898404,45.55583658090699
C0776,2025-04,11.647635872935215,73.60260604217477
C0777,2025-04,19.110261304973,89.5999060334706
C0778,2025-04,15.09936820286051,72.5268866854007
C0779,2025-04,16.06848046657508,100.0
C0781,2025-04,17.422931741195004,85.38551165489997
C0782,2025-04,22.498363683096123,94.00189421537135
C0783,2025-04,13.396205371308515,83.73840177183862
C0784,2025-04,,88.33074767661068
C0785,2025-04,15.683085763394292,100.0
C0786,2025-04,18.749775379755878,88.22766865348723
C0787,2025-04,16.71815028642226,51.62214779462957
C0789,2025-04,16.06277344234937,86.51564189024502
C0790,2025-04,17.438135062816293,98.25560152447105
C0791,2025-04,17.608630965525503,85.65370614838167
C0792,2025-04,16.210379403509613,79.21805621037252
C0793,2025-04,13.024903811839984,90.70557010296693
C0794,2025-04,23.408443050285,86.57148781574638
C0796,2025-04,,98.58433632508874
C0797,2025-04,17.671627105315125,70.51409774736629
C0798,2025-04,16.7594715011052,59.110588350119116
C0799,2025-04,17.296376090981553,84.27507530571516
C0800,2025-04,12.477408919706564,69.20756797969344
H0001,2025-05,11.640094074487594,
H0002,2025-05,8.65561034872157,76.63210428762147
H0003,2025-05,20.342100052214477,79.06975782829443
H0004,2025-05,11.102398574222782,68.17791843004439
H0005,2025-05,14.876139259966202,65.93734635052546
H0006,2025-05,16.242273646885263,78.1151424854992
H0007,2025-05,12.877673537708354,90.40091029338704
H0008,2025-05,15.231274502969466,72.02953352484485
H0009,2025-05,13.406346230265024,83.83319875912464
H0010,2025-05,15.712002412728568,77.19867985972189
H0011,2025-05,11.630152873475026,70.93735683150601
H0012,2025-05,13.02301517539295,75.68233628688812
H0013,2025-05,16.762787575625538,99.31640528754275
H0014,2025-05,,72.38049227641993
H0015,2025-05,15.75896554055101,84.76098567008923
H0016,2025-05,13.792431292159842,
H0017,2025-05,19.40953890525305,87.87770230502676
H0018,2025-05,19.856069265147678,67.06278314362241
H0019,2025-05,12.90042647147259,81.35850753861688
H0020,2025-05,17.952658905874316,88.96241812499738
H0021,2025-05,13.641244885552926,66.82719837778303
H0022,2025-05,10.064559600096928,60.07808389138752
H0023,2025-05,18.409350282773296,100.0
H0024,2025-05,,94.85733893796375
H0025,2025-05,12.833718386685018,88.24444055243977
H0026,2025-05,12.145321180704187,
H0027,2025-05,17.35802913054733,98.17592186646637
H0028,2025-05,13.60113980172805,69.31633967176154
H0029,2025-05,14.535307550195736,92.72178915663031
H0030,2025-05,14.873122612115196,69.09152504967335
H0031,2025-05,18.40304931449007,69.23440383351749
H0032,2025-05,15.943427480096343,75.2985108963011
H0033,2025-05,19.54912647270906,63.64111255181189
H0034,2025-05,13.025737479703185,100.0
H0035,2025-05,17.66924809241516,76.96641153060544
H0036,2025-05,13.481407435120175,78.20293564282306
H0037,2025-05,9.71417116016657,91.28666651084987
H0038,2025-05,12.066876514921146,73.84722246774284
H0039,2025-05,14.370724778329055,78.20663014169283
H0040,2025-05,10.356022564304695,72.9914510152751
H0041,2025-05,19.19507752009978,85.16008280820651
H0042,2025-05,10.524310751906159,65.73173728412732
H0043,2025-05,13.700798197584248,68.09034964412102
H0044,2025-05,12.33504204137338,79.00467836528816
H0045,2025-05,17.047679658761552,79.7233937663209
H0046,2025-05,,78.1915239810159
H0047,2025-05,14.727339410526271,70.28905803179697
H0048,2025-05,17.167322604605783,74.68750855398656
H0049,2025-05,11.643799246179256,89.31670777375368
H0050,2025-05,18.041053740963058,88.6006743354393
H0051,2025-05,15.370455341320339,95.5183914605856
H0052,2025-05,7.125169958421974,77.74864396004413
H0053,2025-05,12.053438853592752,88.89342139208895
H0054,2025-05,,70.41642860108381
H0055,2025-05,16.32338048548548,77.33882102597919
H0056,2025-05,11.96541296585983,89.53195478929194
H0057,2025-05,14.825176514159395,80.96913067635964
H0058,2025-05,16.031622818493975,92.59597310445801
H0059,2025-05,15.745369608472037,75.21561353299842
H0060,2025-05,21.279354322384503,81.46726214169436
H0061,2025-05,15.020119966523477,93.1188236991473
H0062,2025-05,17.573469989685897,51.06968038421477
H0063,2025-05,17.144047368260534,95.93553115938404
H0064,2025-05,11.157080296349726,79.6021428055295
H0065,2025-05,15.948627579703812,79.10066017931527
H0066,2025-05,13.10996535891086,52.61173207763264
H0067,2025-05,12.128520477164423,
H0068,2025-05,16.824485034575158,93.57399031989826
H0069,2025-05,18.235624908897464,85.88325181500745
H0070,2025-05,14.777044923005127,67.86958128666119
H0071,2025-05,19.732335167417723,84.94385492501365
H0072,2025-05,15.141172605168109,67.48474830314471
H0073,2025-05,19.12249032883139,
H0074,2025-05,13.9447551577307,100.0
H0075,2025-05,8.857327953008843,71.62262428626948
H0076,2025-05,11.499732371635039,40.47015564111235
H0077,2025-05,15.870068709799508,72.92073962149026
H0078,2025-05,10.527625252548182,54.714317247774616
H0079,2025-05,14.866517552337998,68.42344456048379
H0080,2025-05,15.356850258180927,73.46321861938056
H0081,2025-05,11.379180962221692,60.58370986233664
H0082,2025-05,15.204025399036555,99.76175679168132
H0083,2025-05,15.952088150197566,76.77358844230446
H0085,2025-05,14.22164476570861,64.05870479946293
H0086,2025-05,21.273703098429927,76.80790976121531
H0087,2025-05,14.38294279790268,78.91118359528379
H0088,2025-05,10.326242906003525,68.8829934026304
H0089,2025-05,11.243573322176736,91.47886793541258
H0090,2025-05,17.18114676336068,69.62260613612234
H0091,2025-05,14.43654464569152,76.49988308225136
H0092,2025-05,15.860084634546403,95.09178247669855
H0093,2025-05,10.780293198060374,
H0094,2025-05,13.024992411066624,100.0
H0095,2025-05,17.236205524202063,100.0
H0096,2025-05,15.838183057840418,72.5225562865367
H0097,2025-05,15.547308024977996,82.709717756434
H0098,2025-05,15.724533940727504,77.64238256200241
H0099,2025-05,19.54758981974116,92.11251558306338
H0100,2025-05,14.735851260674378,100.0
H0101,2025-05,11.436936194392466,88.23871548026251
H0102,2025-05,12.671223411121842,97.82027878161455
H0103,2025-05,15.433999631486046,70.46265137510652
H0104,2025-05,9.950470546370127,72.25312189709989
H0105,2025-05,13.718420496475858,94.37225655788707
H0106,2025-05,17.228649285740186,81.18003053413432
H0107,2025-05,12.274300228820426,59.78265069447006
H0108,2025-05,14.97086392303402,
H0109,2025-05,13.560443390458843,77.09266638787521
H0110,2025-05,14.645821829127387,64.66323472075963
H0111,2025-05,16.24861142434319,69.98970670597576
H0112,2025-05,14.838051660076458,86.09900642662225
H0113,2025-05,17.29645019770811,75.47014685280239
H0114,2025-05,10.972179099072212,92.50917043429331
H0115,2025-05,13.226565712848194,94.8645849877943
H0117,2025-05,14.986369026843743,71.25068125555391
H0118,2025-05,15.20789434998117,100.0
H0119,2025-05,11.660294042654339,84.4013203077176
H0120,2025-05,15.394953230912204,97.62696881485672
H0121,2025-05,9.965132137363163,87.15989354623265
H0123,2025-05,12.729543653110035,69.05181225334077
H0124,2025-05,12.743744403096805,73.31904215336934
H0125,2025-05,13.852508427234774,90.99001224407647
H0126,2025-05,16.25411551809089,60.68853757688426
H0127,2025-05,14.259870367285327,77.02222388652129
H0128,2025-05,14.830035836088594,82.76355798595358
H0129,2025-05,15.153596036191187,71.4607911319028
H0130,2025-05,18.990080730818086,61.08340084211241
H0131,2025-05,,94.6662859412997
H0132,2025-05,11.697206923888368,81.57858777543166
H0133,2025-05,11.682563520161699,100.0
H0134,2025-05,14.974841941686696,88.24716907888705
H0135,2025-05,16.014952010281092,85.24989475358045
H0136,2025-05,20.319352895353084,80.09118535588375
H0137,2025-05,13.29040054112268,73.68930873599795
H0138,2025-05,15.470393132116142,99.87143025277823
H0139,2025-05,14.33006791735559,86.04803421524322
H0141,2025-05,13.292097816802377,85.97356738442724
H0142,2025-05,13.06251915887551,85.00131217609068
H0144,2025-05,21.25570441958315,75.705553565308
H0145,2025-05,18.27915936916132,68.7100557207308
H0146,2025-05,19.733939604856957,85.576847538856
H0147,2025-05,12.548100469796445,80.48612042777653
H0148,2025-05,11.250717495148674,39.16944400375159
H0149,2025-05,18.51558319009118,69.69708781671277
H0150,2025-05,12.216833251095931,100.0
H0151,2025-05,19.21121815663024,63.86450853134839
H0152,2025-05,13.84217719219056,90.66223535770993
H0153,2025-05,21.025163545588242,72.71762360872418
H0154,2025-05,8.525926478637675,95.66369173511103
H0155,2025-05,14.963180002074285,85.12904694461182
H0156,2025-05,17.720546665793577,79.8030876737392
H0157,2025-05,14.275369533350515,98.60077301664224
H0159,2025-05,13.954205738009795,92.47219704372102
H0160,2025-05,9.689683041642207,73.39933139372032
H0161,2025-05,12.963758494390166,97.02243541731491
H0162,2025-05,18.878931246525305,63.220375637904056
H0163,2025-05,10.085855850308082,92.13398499411916
H0164,2025-05,14.673114241404537,80.91387682700335
H0165,2025-05,14.64180562135687,73.89302834493097
H0166,2025-05,12.135990875849632,87.73726369163079
H0167,2025-05,15.336743637160867,59.33124550608993
H0168,2025-05,17.71125359379542,76.14649179600713
H0169,2025-05,16.36976388791482,97.995842781601
H0170,2025-05,16.45158423990402,81.42169278766998
H0171,2025-05,14.169632550049695,83.64160294682353
H0172,2025-05,,100.0
H0173,2025-05,14.693533717774523,80.16795015365656
H0174,2025-05,16.639091925340537,90.0091199500645
H0175,2025-05,19.516224435617865,86.66029242719814
H0176,2025-05,15.779626641890257,100.0
H0177,2025-05,11.414974408146874,89.40082995679573
H0178,2025-05,8.119207359194466,84.97362756467012
H0179,2025-05,14.069326536716622,55.58324304114211
H0180,2025-05,16.31885850086691,
H0181,2025-05,12.040367325796158,100.0
H0182,2025-05,14.368549925740481,100.0
H0183,2025-05,12.066416033575331,77.90741751555797
H0184,2025-05,16.229261893089433,85.85629749452926
H0185,2025-05,9.425271288720861,59.16502120777021
H0186,2025-05,15.773802133825258,88.23296245637584
H0187,2025-05,12.111491645821673,63.67691998561516
H0188,2025-05,15.773000150182384,80.24486827676442
H0189,2025-05,14.055136721322528,91.8571745333104
H0190,2025-05,19.12450231096656,82.2418228807233
H0191,2025-05,16.801580588234863,80.93902471166736
H0192,2025-05,14.453742959285904,98.55097209373497
H0193,2025-05,20.461511216003416,98.6177719905937
H0194,2025-05,14.954214783393628,71.5956334258832
H0195,2025-05,8.619497530057647,64.2675038152423
H0196,2025-05,12.687014212951734,77.68849935397833
H0197,2025-05,10.084290381274611,69.00272002539087
H0198,2025-05,11.718488333250166,60.91282589797669
H0199,2025-05,,94.01131511193476
H0200,2025-05,,62.90628193174115
H0201,2025-05,14.899373241529448,81.51983893105403
H0202,2025-05,12.406295122395832,81.5470500607517
H0203,2025-05,19.092447115176093,62.16539356906754
H0204,2025-05,16.26831939288838,81.28141216586242
H0205,2025-05,8.058947381485925,89.2128171770481
H0206,2025-05,17.15997422636493,86.87177812774804
H0207,2025-05,15.368987499185087,72.01269534275356
H0208,2025-05,8.77564177429127,90.70362855072833
H0209,2025-05,13.923525661837136,81.39933512860156
H0210,2025-05,13.603049893094807,88.44932535582619
H0211,2025-05,13.984229503874735,85.08997998556653
H0212,2025-05,10.104321352380062,82.68073635761691
H0213,2025-05,17.965619477665754,77.23100627961239
H0214,2025-05,14.92594187788518,
H0215,2025-05,17.21123777712682,76.92014488874497
H0216,2025-05,14.142848931810553,70.45092546473539
H0217,2025-05,13.887859987995911,
H0218,2025-05,17.39561392375543,
H0219,2025-05,14.502533458816613,70.06744745387883
H0220,2025-05,16.407481781775232,86.72220788920504
H0221,2025-05,16.92591410296585,100.0
H0222,2025-05,,70.25682047253417
H0223,2025-05,18.73859988106655,88.74849238571232
H0225,2025-05,18.615768488932886,55.82589299107838
H0226,2025-05,11.717224360313859,59.056331238632524
H0227,2025-05,10.332339273153774,72.29041678173854
H0228,2025-05,12.387199648926792,68.35742767687105
H0229,2025-05,12.413998731889286,64.8787186382387
H0230,2025-05,20.050822341449035,79.01699337184334
H0231,2025-05,7.817850993782923,94.28044845767859
H0232,2025-05,19.90294808969506,67.03187650807075
H0233,2025-05,15.55308830424857,93.67724266216315
H0234,2025-05,15.442111633047674,92.13452654656885
H0235,2025-05,19.14266702774104,74.94997276202709
H0236,2025-05,18.439943714027304,74.57466369646636
H0237,2025-05,15.463637566445506,89.90603622223016
H0238,2025-05,14.953977595099701,66.46168446266019
H0239,2025-05,16.479938332793736,
H0240,2025-05,16.844159156714873,58.633582098016305
H0241,2025-05,15.49674191338163,81.38243105011018
H0242,2025-05,16.07963639986434,65.08558687087572
H0243,2025-05,13.020740464204291,42.202560821381454
H0244,2025-05,17.181900144395907,100.0
H0245,2025-05,10.8881169035891,100.0
H0246,2025-05,14.00041740758149,71.02587642193023
H0247,2025-05,16.06693972224942,100.0
H0248,2025-05,8.741328182795954,82.07575253118786
H0250,2025-05,15.233812157841982,87.09268567321821
H0251,2025-05,,77.71315097046369
H0252,2025-05,14.219917154875903,64.32071731487969
H0254,2025-05,15.163902375588691,57.17582403426306
H0255,2025-05,17.867812260152114,55.74025713200764
H0256,2025-05,10.195708542872138,64.99766778359435
H0257,2025-05,17.926790651871272,84.59245318138983
H0258,2025-05,14.41029178866825,79.62307462820664
H0259,2025-05,16.806589763228267,67.80672504311543
H0261,2025-05,16.75411520944475,92.28056952759293
H0262,2025-05,13.479081243961707,64.03559116136152
H0263,2025-05,14.592123326655535,72.20864285516082
H0264,2025-05,15.954085113099586,83.42723208567826
H0265,2025-05,15.510282340913966,74.36247197036455
H0266,2025-05,19.31240078306589,
H0267,2025-05,16.527656548528032,83.72050326475836
H0268,2025-05,8.405010001228446,78.90067934562715
H0270,2025-05,16.210862445289656,57.76086683763787
H0271,2025-05,17.522003678062013,90.79476890102038
H0272,2025-05,15.510933970478835,82.24110884630161
H0273,2025-05,9.820252454952378,96.42824174271665
H0274,2025-05,7.978879891018237,87.18568374505762
H0275,2025-05,11.834020866558946,95.68724646733587
H0276,2025-05,15.359051804451894,80.7567522965275
H0277,2025-05,11.627344898950348,62.752899028612084
H0278,2025-05,17.7744396910663,92.32835318163134
H0279,2025-05,12.005169227653473,73.40712629594357
H0280,2025-05,14.675382556779951,83.07426352200235
H0281,2025-05,17.097800142831375,71.56772135808382
H0282,2025-05,15.74505153900064,90.20576825644477
H0283,2025-05,12.439079699312067,61.99503012668376
H0284,2025-05,14.036334428358781,95.5870656915864
H0286,2025-05,12.254358893478301,
H0287,2025-05,,67.87229273376215
H0288,2025-05,17.057106183151678,79.87591220854276
H0289,2025-05,18.995796908910208,85.13189527478866
H0290,2025-05,,88.94039592968552
H0291,2025-05,14.582323642141983,80.94461338341193
H0292,2025-05,14.498575249225162,72.79375019804792
H0293,2025-05,13.572540846042015,78.81009530891195
H0294,2025-05,11.872568017446278,76.75775759568693
H0295,2025-05,17.022988653336874,57.21301505111213
H0296,2025-05,14.820822326291436,69.78438414293771
H0297,2025-05,15.697788661219766,74.38285765840732
H0298,2025-05,13.24892991151247,70.1315167113291
H0299,2025-05,9.876201676884072,80.92068124099394
H0300,2025-05,11.779375525606024,83.53805541740242
H0301,2025-05,15.680912841002705,79.4396080915758
H0302,2025-05,15.220746245897216,73.8044925001141
H0303,2025-05,14.500747811949717,91.34168141627838
H0304,2025-05,15.484520743063122,61.29481864904759
H0305,2025-05,11.30492720170367,69.9488600755014
H0306,2025-05,17.03273375091981,64.6172274590037
H0307,2025-05,19.303945359593776,84.65832494981333
H0308,2025-05,17.388709969630668,85.40159863709546
H0309,2025-05,14.611380856971891,88.94170203977207
H0310,2025-05,18.96609260462963,100.0
H0311,2025-05,15.193584688210088,68.05360365353201
H0312,2025-05,14.125572402373114,80.3535407755125
H0313,2025-05,16.908435012429123,89.26336991946856
H0314,2025-05,18.952015559811173,76.83840994833568
H0315,2025-05,7.729841722978044,89.81717808521964
H0316,2025-05,8.349429816995304,91.51471962930552
H0317,2025-05,9.508098252452022,88.66734479508082
H0318,2025-05,,100.0
H0319,2025-05,16.80907702267617,100.0
H0320,2025-05,18.992407594622428,87.7098805015759
H0321,2025-05,10.720088754288186,69.95540751195773
H0322,2025-05,18.632515218007825,100.0
H0323,2025-05,12.530644100685889,62.09624507598055
H0324,2025-05,16.67667531753804,78.62353098304042
H0325,2025-05,,93.77616164183063
H0326,2025-05,9.586046168544815,81.06667218669776
H0327,2025-05,17.172115084732965,80.96147892873122
H0328,2025-05,11.49414011681287,84.83602360704931
H0329,2025-05,,87.20320625354307
H0330,2025-05,18.327535893619434,65.90440450691058
H0331,2025-05,15.32343094041712,88.41049116675515
H0332,2025-05,19.357001630302634,85.2239793928886
H0333,2025-05,18.927844099857644,90.1197107246587
H0334,2025-05,15.716686491233318,79.08355384109137
H0335,2025-05,11.231699620208882,66.44415973043235
H0336,2025-05,9.892477355379683,87.77667697684288
H0337,2025-05,12.885034883205293,65.1604438344725
H0338,2025-05,18.916085312660606,85.28047011211407
H0339,2025-05,16.26428359617382,100.0
H0340,2025-05,13.95277449708109,73.01776505131329
H0341,2025-05,17.247904458087675,67.69612289349888
H0342,2025-05,16.75901000121046,83.28889222032974
H0343,2025-05,14.225095405485144,73.82728740028236
H0344,2025-05,17.502798737969357,86.20456968825115
H0345,2025-05,9.307121757147124,65.3825090001161
H0346,2025-05,21.25062821483102,62.189960645303174
H0347,2025-05,7.337110522163375,38.740101303018044
H0348,2025-05,12.37747543386882,
H0349,2025-05,12.460436595464156,82.52970908377996
H0350,2025-05,13.613510259279924,94.76050500391088
H0351,2025-05,14.11633931958588,89.19027361410453
H0352,2025-05,18.647591419645313,92.50340795344941
H0353,2025-05,,87.09158366436317
H0354,2025-05,13.74388854082355,71.77592212756386
H0355,2025-05,17.629076162781164,52.11533149635297
H0356,2025-05,13.009832640138633,77.68578778918614
H0357,2025-05,14.726426495199611,58.73886726513741
H0358,2025-05,10.933183465506243,78.39045445082932
H0359,2025-05,8.55926976005256,74.19300440823051
H0360,2025-05,13.597729643080621,100.0
H0361,2025-05,13.621463317678355,91.78091802330027
H0362,2025-05,20.71828195477303,88.45034776182136
H0363,2025-05,14.07886198540605,74.04093307606442
H0364,2025-05,14.46221005185718,60.743874848474476
H0366,2025-05,9.09232447917456,77.44798054587183
H0367,2025-05,13.066761799862638,88.36179709577033
H0368,2025-05,11.57418255106396,65.88134587179619
H0369,2025-05,18.420036791250183,100.0
H0370,2025-05,13.744814836473758,67.19462870139934
H0371,2025-05,13.521374137461406,72.92363743401629
H0372,2025-05,18.75286489535884,88.07121982047812
H0373,2025-05,16.3673506370855,92.76733539988496
H0374,2025-05,16.237554962629453,74.59868500886742
H0375,2025-05,18.769514568042574,83.17263891563086
H0377,2025-05,8.76772172157879,80.60807991075762
H0378,2025-05,13.897345824885411,84.42096887155225
H0379,2025-05,12.670693740761616,100.0
H0380,2025-05,18.371568942537863,83.15043371680441
H0381,2025-05,13.115592357326497,60.23114175848669
H0382,2025-05,20.597334449942444,100.0
H0383,2025-05,17.794791876136035,87.40564598978838
H0384,2025-05,17.062656902219125,86.78882290765426
H0385,2025-05,17.891926953421617,100.0
H0386,2025-05,,99.63529374905607
H0387,2025-05,11.429763067578971,63.68156744112196
H0388,2025-05,11.246922034558075,78.47200202430164
H0389,2025-05,14.017740036129819,62.09971173454081
H0390,2025-05,,76.71866238606545
H0392,2025-05,13.521460171476004,57.97854307697516
H0393,2025-05,7.921325180631271,77.2347737341736
H0394,2025-05,13.302194971306339,71.63963277768892
H0395,2025-05,10.357633877876596,97.90089896117222
H0396,2025-05,12.947199620752736,100.0
H0398,2025-05,,77.45545840877203
H0399,2025-05,17.695641430524326,91.135793356079
H0400,2025-05,11.098081757840692,73.21765333848928
H0401,2025-05,14.754824380849726,70.04073089172465
H0402,2025-05,18.41984608072455,66.34940195279205
H0403,2025-05,19.270565177874367,95.53501409015357
H0404,2025-05,13.45662687020032,100.0
H0405,2025-05,11.95058467894765,79.39204910780823
H0407,2025-05,12.246975431207519,
H0408,2025-05,17.55684077712227,94.81505752100492
H0409,2025-05,13.767043129327178,58.932591717516466
H0410,2025-05,13.648857780496567,97.63070872949483
H0411,2025-05,,95.17954602802867
H0412,2025-05,14.515451551249566,67.69773019789858
H0413,2025-05,14.476576380234794,99.47405994954477
H0414,2025-05,9.557992978282842,35.17888054709648
H0415,2025-05,14.123994337762962,74.74625448632926
H0416,2025-05,13.9554516117266,98.5046421343336
H0417,2025-05,14.593455339325356,80.12475455030447
H0418,2025-05,16.336596895157385,57.04816567901524
H0419,2025-05,14.269873854343405,86.85329191001522
H0420,2025-05,12.88638675509789,66.35941033208584
H0421,2025-05,12.121098255424053,97.9282851854312
H0422,2025-05,15.5950208818539,55.14448454650585
H0423,2025-05,15.007207229388769,82.42052094759062
H0424,2025-05,16.598866313967015,61.73024883918818
H0425,2025-05,15.33389676572227,83.23846758445913
H0426,2025-05,19.696739849693746,63.25839249493872
H0427,2025-05,16.76763691559936,81.3491139667971
H0428,2025-05,14.138796270236467,70.00580882923836
H0429,2025-05,16.453828668128406,77.03757063049545
H0430,2025-05,19.66465310459244,81.97088538418718
H0431,2025-05,17.36652857081206,86.89382811728701
H0432,2025-05,17.757119804450575,78.86488440378153
H0433,2025-05,14.222861973082708,77.20804344153841
H0435,2025-05,14.542501604299797,69.42655837879573
H0437,2025-05,13.840411596121346,73.79335839675059
H0438,2025-05,13.351962101714198,100.0
H0439,2025-05,12.686787869052061,66.11604918437516
H0440,2025-05,15.514779719610834,66.57032678426727
H0441,2025-05,16.557779343640487,75.9210700555673
H0442,2025-05,16.96366159109428,75.43528430266146
H0443,2025-05,12.82785446704748,82.81897952824846
H0444,2025-05,15.442749091393804,83.82522889237976
H0446,2025-05,12.891387744167123,97.58972208555676
H0447,2025-05,11.484985004545587,95.16588823527194
H0448,2025-05,10.205359005032083,78.96638135144305
H0449,2025-05,14.074345664355926,79.89610804682896
H0450,2025-05,20.107907207718508,83.26676752463341
H0451,2025-05,15.567980245238415,90.43470162772824
H0452,2025-05,16.781602479696488,54.676420427443055
H0453,2025-05,14.51361027744034,98.98830688312366
H0454,2025-05,13.949692124631948,93.86559980754292
H0455,2025-05,19.06708424144144,78.41895615842229
H0456,2025-05,19.93064397890343,71.85969904457257
H0457,2025-05,10.591069240789388,60.7680797199621
H0458,2025-05,18.615264738398896,88.5769863856233
H0459,2025-05,14.881767075137082,100.0
H0460,2025-05,11.638910203019877,46.38357602017906
H0461,2025-05,12.891585740295449,77.13841901016528
H0462,2025-05,15.259128560640937,58.80905326711982
H0463,2025-05,15.884300378823418,70.7441895565344
H0464,2025-05,16.86544658899604,76.93061063152508
H0465,2025-05,14.107889456501704,100.0
H0467,2025-05,13.403313822676825,92.84606017774456
H0468,2025-05,12.514007426427817,69.74104221427693
H0469,2025-05,21.230366361015776,86.69501457399522
H0470,2025-05,9.421745425845444,81.24809306629928
H0471,2025-05,16.138130445637064,100.0
H0472,2025-05,10.947775291366796,77.02948325709495
H0473,2025-05,17.014923260451305,87.42461678381578
H0474,2025-05,15.441685373874861,97.97785160120611
H0475,2025-05,13.59406752787417,73.29343875200286
H0476,2025-05,14.512535665654177,59.05405748129939
H0477,2025-05,11.89111002646458,74.81291971428472
H0478,2025-05,,87.96929844598395
H0479,2025-05,16.430617961104563,74.12580934664663
H0480,2025-05,18.10108348463266,81.55629879726871
H0481,2025-05,20.496744087000465,75.24812284184428
H0483,2025-05,11.964029392656823,59.96804686875252
H0484,2025-05,13.666948978212927,92.3647426848445
H0485,2025-05,18.946360321698357,90.78779134672823
H0486,2025-05,12.947230256104168,100.0
H0487,2025-05,15.593593287919782,63.17087830888283
H0488,2025-05,11.454826114937841,100.0
H0489,2025-05,14.865408915990102,75.62007810297993
H0490,2025-05,14.470291548096139,48.22511699043137
H0491,2025-05,13.419492880202395,94.20087084724004
H0492,2025-05,12.78111193778569,94.5179190188849
H0493,2025-05,9.203326695147881,71.0253029222987
H0494,2025-05,20.21628280236647,66.1338865715465
H0495,2025-05,14.397682139507586,
H0496,2025-05,20.540923270607173,60.95631935698975
H0497,2025-05,15.374932570179192,64.18228073580455
H0498,2025-05,18.47582558312683,92.97417883011543
H0499,2025-05,13.339981061280238,
H0500,2025-05,,79.506177496425
H0501,2025-05,14.110136634798485,70.56497948107038
H0502,2025-05,14.896581024209308,79.35323408081862
H0503,2025-05,19.454575400261373,88.14926279099114
H0504,2025-05,14.901203790615764,90.37726158372588
H0505,2025-05,14.449617639373944,82.31751648029835
H0506,2025-05,13.128393667472308,94.77006681604237
H0507,2025-05,15.932354158744857,64.26914163310866
H0508,2025-05,11.968773163085917,62.11993871969942
H0509,2025-05,13.746507356770657,91.63023175337011
H0510,2025-05,21.103093624137696,77.18981602347908
H0511,2025-05,14.250080070613832,75.74861534710038
H0512,2025-05,10.558961653663726,65.59236289960126
H0513,2025-05,19.440903684273444,73.28368937948147
H0514,2025-05,13.274233512634678,67.16049475901926
H0515,2025-05,18.411837434740466,100.0
H0516,2025-05,17.839153526109396,81.24814399527232
H0517,2025-05,16.185521854351737,85.7078489738414
H0518,2025-05,15.532598102576767,57.55759831333908
H0519,2025-05,14.269888616002236,73.1621578825759
H0520,2025-05,14.65697217348295,67.88288927497918
H0521,2025-05,19.347827060419377,88.25631990015042
H0522,2025-05,14.135567689866013,69.73438780308686
H0523,2025-05,,89.21057321333495
H0524,2025-05,10.55346030032548,58.91213964445441
H0525,2025-05,15.938229032623104,67.9596363327568
H0526,2025-05,12.357358822730092,57.6083939529985
H0527,2025-05,18.870754199275474,79.15733718083482
H0528,2025-05,16.923644601583756,67.88620219823432
H0529,2025-05,15.100204510306053,76.20784758025697
H0530,2025-05,15.711644000398977,60.839168193141646
H0531,2025-05,13.245098155685774,53.09119357258194
H0532,2025-05,15.104108266289218,68.92751796459899
H0533,2025-05,10.389107251907943,98.69388016658529
H0534,2025-05,15.407749187230586,54.61634675745
H0535,2025-05,,77.46641175553363
H0536,2025-05,16.884386048394767,89.8798953153305
H0537,2025-05,11.56661898315615,82.29053709093286
H0538,2025-05,11.84347011654682,71.13849258656114
H0539,2025-05,13.84979134849439,68.90768751372818
H0540,2025-05,13.266095626258988,75.59368402433104
H0541,2025-05,18.089698305691492,92.45159086634588
H0543,2025-05,19.472364004212753,80.97338701110407
H0544,2025-05,11.34459960667709,78.46355409696129
H0545,2025-05,16.736149199531287,100.0
H0546,2025-05,17.53238120867077,65.9969276012177
H0547,2025-05,11.65638113030755,90.4875934698245
H0548,2025-05,15.274356359501366,63.00156421350792
H0549,2025-05,13.100635706563418,75.70492874055356
H0550,2025-05,13.780978038325912,93.79523178199366
H0551,2025-05,10.925364898311882,92.97228057516298
H0552,2025-05,13.318709520412671,61.87767316384151
H0553,2025-05,19.823373136836725,
H0554,2025-05,18.975104406947214,95.14984149617419
H0555,2025-05,13.417051727563317,89.08798376080729
H0556,2025-05,13.536841547037149,65.17953763897032
H0557,2025-05,,77.42873996115101
H0558,2025-05,15.899760043038178,83.62180456812247
H0559,2025-05,14.48641809533646,74.62262619453318
H0560,2025-05,13.402289580552358,62.56198906105854
H0561,2025-05,13.226442231335787,83.12016876010568
H0562,2025-05,15.902637989727566,100.0
H0563,2025-05,14.178861300866746,81.26411499389972
H0564,2025-05,14.559864035396675,50.15759085848248
H0565,2025-05,12.941702789613489,57.57953241050515
H0566,2025-05,17.190099037957367,93.03631325427963
H0568,2025-05,13.405690108466228,88.31241019527481
H0569,2025-05,13.361911401086745,
H0570,2025-05,9.77466455114569,100.0
H0571,2025-05,15.653858375184445,88.88208480884603
H0572,2025-05,11.40977746749263,75.77872717920678
H0573,2025-05,16.169677552366643,78.352417310245
H0574,2025-05,11.250516011608442,85.3559670126859
H0575,2025-05,12.943242614821761,51.705603716864786
H0576,2025-05,10.577038286938578,100.0
H0577,2025-05,18.477635639520535,76.07778915868629
H0578,2025-05,14.932881822890796,61.986351961383335
H0579,2025-05,15.75455876663838,78.89463418528452
H0580,2025-05,10.326003024234794,73.25819190951361
H0581,2025-05,,100.0
H0582,2025-05,14.852369087999692,76.05067143898009
H0583,2025-05,18.15191828326054,87.63114595715976
H0584,2025-05,13.277732430411179,90.59660593667701
H0585,2025-05,12.948656919620959,72.61536183614137
H0588,2025-05,10.001436005401075,91.32987713085213
H0589,2025-05,15.21839718515032,64.7275033253973
H0590,2025-05,7.410706092942197,70.46065580883757
H0591,2025-05,16.913469799026057,39.56876204233536
H0592,2025-05,11.247858018847896,68.62528350798148
H0593,2025-05,17.958075148919836,83.29471464128336
H0594,2025-05,10.86797716850803,92.92154987065287
H0595,2025-05,16.52149056150319,93.36920853538265
H0596,2025-05,16.193379634207805,69.39850956008286
H0597,2025-05,12.813073315159222,
H0598,2025-05,9.890780786783596,93.53921760302548
H0599,2025-05,11.772905017884757,74.11956579486058
H0600,2025-05,11.909995675061522,76.07500402042673
C0001,2025-05,16.72963912775733,
C0002,2025-05,13.185658620433738,
C0003,2025-05,17.28091181027036,67.71248969843239
C0004,2025-05,19.259628222400423,71.8511021777587
C0005,2025-05,8.061790817471328,100.0
C0006,2025-05,14.65239369327702,83.45523421416372
C0007,2025-05,12.490547186500429,94.89886023766134
C0008,2025-05,16.961680956794595,66.0116246279707
C0009,2025-05,13.318930630694144,85.82724711711279
C0010,2025-05,14.195013742799413,87.33743403405295
C0011,2025-05,10.98134346095177,97.89192905239064
C0012,2025-05,11.51116688674157,96.95727954362368
C0013,2025-05,14.872869766945923,74.40763003208666
C0014,2025-05,9.627554738911854,83.23655094013061
C0015,2025-05,12.05870817794488,80.2707912620612
C0016,2025-05,14.668531017046991,88.07612862972834
C0017,2025-05,14.61335346551861,59.143717117705734
C0018,2025-05,12.644394292252908,51.85877922309062
C0019,2025-05,14.193195133144007,85.28772704196112
C0020,2025-05,13.548219722111615,81.66758245932641
C0021,2025-05,13.49630572537155,84.07507091299264
C0022,2025-05,11.819573514827024,74.21888697998077
C0023,2025-05,9.349920018388755,93.35360213354141
C0024,2025-05,17.065580684789804,86.94339193372666
C0025,2025-05,15.672767868210862,71.88212068677306
C0026,2025-05,9.99392439918564,79.18115060357985
C0027,2025-05,10.759024218489744,54.16794705675194
C0028,2025-05,20.481204821617393,100.0
C0029,2025-05,15.321645497420615,73.96811169014366
C0030,2025-05,17.10839106786464,85.3964445067606
C0031,2025-05,11.103997884280119,82.04544681584917
C0032,2025-05,16.84059659337092,79.57803375693251
C0033,2025-05,13.315789873156989,85.68918552539863
C0034,2025-05,11.121196911019295,48.9787243647843
C0035,2025-05,15.566167790888054,90.87374834848993
C0036,2025-05,12.181899584667327,76.54406355207155
C0038,2025-05,11.99875330426031,85.85159349789528
C0039,2025-05,6.811730081123995,76.41522566405155
C0040,2025-05,8.894556454050168,96.16935616594651
C0041,2025-05,14.702110635188419,100.0
C0042,2025-05,12.902887530083646,69.89016290025327
C0043,2025-05,17.873131549132722,
C0044,2025-05,14.995403978028927,54.47895288980058
C0045,2025-05,13.441129844620427,76.83502659708577
C0046,2025-05,18.991818634933384,83.32479507985883
C0047,2025-05,15.882911033763996,67.74068808648562
C0048,2025-05,14.458441046763824,74.9205854267517
C0049,2025-05,16.182745538215347,100.0
C0050,2025-05,16.48905730969863,87.32957653872337
C0051,2025-05,14.127821624012562,78.26903756606586
C0052,2025-05,14.881018306145757,84.39185548263907
C0053,2025-05,13.076975276879256,86.29395024226407
C0054,2025-05,16.631870842433752,50.536640574627995
C0055,2025-05,13.746055460968453,78.2821405181877
C0056,2025-05,16.915582006599237,76.63871868494319
C0057,2025-05,12.94063000306776,97.10828890207222
C0058,2025-05,8.57784542406784,77.71641663197988
C0059,2025-05,15.169526297166623,100.0
C0060,2025-05,19.45300942349909,87.78727467422529
C0061,2025-05,12.231637486052172,100.0
C0062,2025-05,14.098854030323443,69.78174346629142
C0063,2025-05,15.098665616868235,81.74712195209759
C0064,2025-05,16.75931818288824,100.0
C0065,2025-05,17.802750940769037,61.51291466861643
C0066,2025-05,13.794643717304854,90.2585749751949
C0067,2025-05,12.275970404246644,94.44480727772984
C0068,2025-05,11.125570191992907,77.2786126657217
C0069,2025-05,16.267479683302113,85.51352947430179
C0070,2025-05,15.915608988243346,95.69174947623229
C0071,2025-05,16.171702136028646,100.0
C0072,2025-05,14.912421994051014,58.017592388986515
C0073,2025-05,14.739375681144498,98.7497166215464
C0074,2025-05,17.689134742646793,62.70924168915626
C0075,2025-05,18.55725305192606,86.64511117394402
C0076,2025-05,13.602075304017658,55.854283200419154
C0077,2025-05,11.397959992602573,57.06164960583469
C0078,2025-05,11.431159924859703,100.0
C0079,2025-05,17.137284346168357,93.30830738528897
C0080,2025-05,11.304957258186185,50.156967092458956
C0081,2025-05,13.808668303838395,67.55385725452348
C0082,2025-05,13.700366392091793,71.51088682988302
C0083,2025-05,19.653230401633262,75.37594998540128
C0084,2025-05,16.096510481149476,64.34244519775875
C0085,2025-05,19.423262234793643,62.283762436778446
C0086,2025-05,14.291439583197072,74.06386589249848
C0087,2025-05,18.138752505082373,79.05663269103782
C0088,2025-05,17.573617704015547,68.46680777923613
C0089,2025-05,15.106794833506136,90.68587802935537
C0090,2025-05,12.62331212457598,64.33603006541959
C0091,2025-05,15.518386490101499,90.33808197294249
C0092,2025-05,15.595238762075155,83.9823656282919
C0093,2025-05,15.033569435232998,76.12055393721505
C0094,2025-05,13.878647752657779,75.29936175529748
C0095,2025-05,19.097651025959124,91.33304175197925
C0096,2025-05,16.43322962754388,70.35237173845859
C0097,2025-05,14.10795995974793,93.95059758273715
C0098,2025-05,,78.79754623038681
C0099,2025-05,17.382925779415558,95.89066392751387
C0100,2025-05,11.640192347610604,58.0002629833737
C0101,2025-05,10.111563269742152,82.39706214639503
C0102,2025-05,16.024372004754238,71.744509425095
C0103,2025-05,17.3606458767046,100.0
C0104,2025-05,18.292698071074533,83.08413857250939
C0105,2025-05,16.197036375650182,72.53505634635715
C0106,2025-05,10.459104807480458,62.373145280689066
C0107,2025-05,15.31871680572818,66.1701568026075
C0108,2025-05,14.968028195475505,81.09924574623234
C0109,2025-05,13.683943335679498,89.45055781002057
C0110,2025-05,16.54825228573855,100.0
C0111,2025-05,9.694238359175788,77.45839970769302
C0112,2025-05,20.08768669438379,54.825288140816184
C0113,2025-05,12.027696017176615,83.41268910390306
C0114,2025-05,8.39470871725879,82.29445041831715
C0115,2025-05,11.759606943371459,72.30961194635854
C0116,2025-05,16.958806405310078,
C0117,2025-05,,81.84705760371621
C0118,2025-05,15.153032036043566,88.84141235599365
C0119,2025-05,8.089357592090188,59.326958750228805
C0120,2025-05,11.562033291907369,86.3754806094002
C0121,2025-05,13.011821494684298,58.828892213140094
C0122,2025-05,12.782066318984032,63.105448469538025
C0123,2025-05,11.67636196095172,83.62069249513003
C0124,2025-05,13.390703289033393,
C0125,2025-05,18.303678513610095,74.99213898649282
C0126,2025-05,14.726836824882842,81.16609479789128
C0127,2025-05,19.249633541443757,81.0386189115238
C0128,2025-05,15.081916640864627,61.89429692429913
C0129,2025-05,18.74140383125072,76.14334953742089
C0130,2025-05,19.83319935713155,92.91562285484653
C0131,2025-05,15.876951651432538,84.35073987856131
C0132,2025-05,14.833181929203958,100.0
C0133,2025-05,19.763707780729604,91.96393180216306
C0134,2025-05,17.018548337315053,99.19401065427135
C0135,2025-05,13.954315688301296,62.576408375359
C0136,2025-05,13.536745845313668,78.46101417657998
C0137,2025-05,16.527299280101218,66.50395448557101
C0138,2025-05,11.495769472092471,71.21663620755038
C0139,2025-05,15.11823595913998,100.0
C0140,2025-05,13.953632571848097,52.86154177693423
C0141,2025-05,11.985680857683587,95.62056286147153
C0142,2025-05,14.314368287986078,90.050445884906
C0143,2025-05,15.277987290022958,86.8286098471195
C0144,2025-05,,77.13800560922634
C0145,2025-05,15.016626821552489,98.36307018529595
C0146,2025-05,16.139583521545354,80.83863704476344
C0147,2025-05,19.1315428148283,88.10619374063423
C0148,2025-05,13.339177835937404,51.451259237528625
C0149,2025-05,13.32818808856066,61.11348184601235
C0150,2025-05,15.169379112050684,74.53330108194761
C0151,2025-05,20.409009225474275,88.40635019007027
C0152,2025-05,,67.00748690035006
C0153,2025-05,12.722139199259658,58.01118479289525
C0154,2025-05,9.110038420112648,77.06736656041898
C0155,2025-05,18.020175467058795,64.44515521281268
C0156,2025-05,15.642215875301295,84.51402269293432
C0157,2025-05,19.331055444791822,75.95591228437858
C0158,2025-05,19.622026053137493,89.10528473342727
C0159,2025-05,14.672948058920692,63.393909507826706
C0160,2025-05,13.865149995666831,69.28605992782178
C0161,2025-05,17.297813190067913,75.97563830220534
C0162,2025-05,12.434414370899756,93.10015316845043
C0163,2025-05,14.902868340417058,71.88589300178904
C0164,2025-05,15.08956486433288,82.89825236103492
C0165,2025-05,12.61253429671929,62.33145407112374
C0166,2025-05,17.522707026551643,
C0167,2025-05,15.128670007388607,90.9779088866438
C0168,2025-05,12.452317196061514,78.42176428025314
C0169,2025-05,18.222959160136888,73.24758388320137
C0170,2025-05,18.521957300533906,72.46389211983661
C0171,2025-05,17.95371105322168,76.55979528500335
C0172,2025-05,12.769879471597065,86.32491237070884
C0173,2025-05,15.172826397395665,72.32996119988003
C0174,2025-05,15.067139167597894,95.8189678761245
C0175,2025-05,,77.18263213541329
C0176,2025-05,16.01788210405471,63.03392071924001
C0177,2025-05,15.779591303542912,100.0
C0178,2025-05,19.67598950970894,71.04899335445006
C0179,2025-05,14.821585246946283,62.375404356823495
C0180,2025-05,14.889003360559911,70.98842632730506
C0181,2025-05,15.641692949462211,95.09372977520775
C0182,2025-05,19.0351062559111,90.2110846656048
C0183,2025-05,10.376252625511126,86.51960582393309
C0184,2025-05,17.066087293859074,82.61012285227547
C0186,2025-05,14.101759171376175,81.3569890419918
C0187,2025-05,,84.93197455014436
C0188,2025-05,18.76740766476527,
C0189,2025-05,15.687341000429864,66.02922082442466
C0190,2025-05,16.75731031753158,91.25596992333536
C0191,2025-05,14.968860943704277,66.22212304443582
C0192,2025-05,17.371666152815603,79.7327592342751
C0193,2025-05,17.36789783674274,69.90699959783437
C0194,2025-05,10.033245473154935,72.62090360585046
C0195,2025-05,15.046940300875175,86.10693696792751
C0196,2025-05,21.561670661193638,80.82897106689441
C0197,2025-05,20.489415436514857,98.96992219511867
C0198,2025-05,18.49254895635845,75.5452539872506
C0199,2025-05,14.536352726155277,85.45735866032491
C0200,2025-05,17.625896790923544,66.18150371572835
C0201,2025-05,15.626316065959635,83.42964042286061
C0203,2025-05,14.624843652377802,69.19592406330928
C0204,2025-05,11.043351031273371,87.54744050042248
C0205,2025-05,14.141283601567842,54.68037643892937
C0206,2025-05,22.521199372508075,98.85050135067574
C0207,2025-05,13.403648726646242,83.63017312646035
C0208,2025-05,18.135247476673904,75.51452474927608
C0209,2025-05,9.945195401342932,81.57992339690803
C0210,2025-05,14.548297040822948,85.788526686134
C0211,2025-05,10.603308508775124,100.0
C0212,2025-05,11.527671073230147,62.23615008138057
C0213,2025-05,15.832416346752023,67.93100841835745
C0214,2025-05,14.240292853993667,96.62417929954015
C0215,2025-05,14.986365995117545,79.05016075594627
C0216,2025-05,13.051856023666025,80.03025095270468
C0217,2025-05,8.123659410362766,51.93817418202184
C0218,2025-05,11.87334475275864,81.25514990002208
C0219,2025-05,13.920175460916083,
C0220,2025-05,16.91915870421703,84.52460239765384
C0221,2025-05,7.3502422953867725,
C0222,2025-05,16.921209556646396,61.85877827102992
C0223,2025-05,12.308302502883018,71.14582543239501
C0224,2025-05,15.61372244485835,96.3319501099496
C0225,2025-05,14.973446296941963,76.1295039036847
C0226,2025-05,17.626894265642836,100.0
C0227,2025-05,18.635026261261984,93.47704897919722
C0228,2025-05,15.52974213590256,83.60964474843946
C0229,2025-05,15.761044008777306,81.27487038564372
C0230,2025-05,8.1762886110037,79.88560643889383
C0231,2025-05,12.139367746552814,74.69783165515379
C0232,2025-05,11.31518059155115,74.73105278532483
C0233,2025-05,14.735956456716554,100.0
C0234,2025-05,13.114658785999469,74.2044741487311
C0235,2025-05,13.091483931867705,91.97012518726152
C0236,2025-05,14.664370650491712,71.48719085599036
C0237,2025-05,21.178044272243582,57.661699218069394
C0238,2025-05,16.83415669407775,69.57417191210492
C0239,2025-05,16.70271613419538,79.2432146582823
C0240,2025-05,14.526570936956883,76.86137337765955
C0241,2025-05,15.837115654735495,
C0242,2025-05,15.822922401708894,75.3820846427748
C0243,2025-05,14.625804607054675,54.88105519961056
C0244,2025-05,18.613239609511044,84.3534199519115
C0245,2025-05,13.396704797003512,81.1653015963659
C0246,2025-05,16.431285322811476,74.53349068642645
C0247,2025-05,12.79864261869848,83.59151601922947
C0248,2025-05,16.143777885740754,
C0249,2025-05,16.823512563460262,91.09171041605137
C0250,2025-05,15.186624674488284,78.99098675843665
C0251,2025-05,15.128468551636942,98.34528129059521
C0252,2025-05,11.013466508595489,88.8263237798019
C0253,2025-05,13.350850634636203,66.92074503036898
C0254,2025-05,14.5678876557684,67.48487360523686
C0255,2025-05,8.767669275813278,78.93262170821482
C0256,2025-05,15.786158508534355,100.0
C0257,2025-05,13.804289942965811,81.53306954403344
C0258,2025-05,10.25249837899689,62.37499384867432
C0259,2025-05,14.355800408018622,90.6311398451966
C0260,2025-05,19.30131626684076,71.70557653790989
C0261,2025-05,18.310802964985186,100.0
C0262,2025-05,,80.3466539622696
C0263,2025-05,20.552205100514144,50.828718724042105
C0264,2025-05,15.985879098644771,75.65779272233154
C0265,2025-05,17.181998763551253,77.62297049739588
C0266,2025-05,15.055826919507437,76.53051290542388
C0267,2025-05,13.438093073240795,91.23233637364959
C0268,2025-05,9.393089847263878,85.94101477670452
C0269,2025-05,19.659120960548673,97.47181974048833
C0270,2025-05,16.4833481144123,89.91636969868836
C0271,2025-05,13.440034568339762,84.02365213294946
C0272,2025-05,18.108316065395922,63.074070269869125
C0273,2025-05,14.672271376809471,81.44083824536548
C0274,2025-05,10.0421327918637,85.56540880488438
C0275,2025-05,14.18439199986491,84.58347124497038
C0276,2025-05,13.232288570791363,87.11719971856286
C0277,2025-05,12.14067467375741,54.20692432873673
C0278,2025-05,19.811760968024707,85.98674812516653
C0279,2025-05,17.015343543263256,76.4732757187992
C0280,2025-05,16.814741726461936,87.5587727663744
C0281,2025-05,18.017068369609856,93.81107316454825
C0282,2025-05,,92.83156949856294
C0283,2025-05,15.232615303042916,71.72568387892439
C0284,2025-05,16.9962669007611,70.20114986505338
C0285,2025-05,15.217242660210315,80.47631607122636
C0286,2025-05,14.958560862588085,77.62977558164197
C0287,2025-05,11.423250207159306,88.81089245941764
C0288,2025-05,13.424820182906316,92.46341534092802
C0289,2025-05,16.049974252640602,91.08592037920886
C0290,2025-05,15.02656638013136,73.41387641378338
C0291,2025-05,13.298700230986919,94.89985356026023
C0292,2025-05,14.489294713052281,86.95168844202865
C0293,2025-05,13.086189053757712,56.94091246826346
C0294,2025-05,,66.56054111427774
C0295,2025-05,13.236729349230748,59.6483674227895
C0296,2025-05,12.937189361882666,70.33403243813494
C0297,2025-05,13.10253671281941,96.67827499330748
C0298,2025-05,12.453614387290099,100.0
C0299,2025-05,10.164943685523674,76.23680176258358
C0300,2025-05,15.985573023349172,77.96034679964075
C0301,2025-05,10.499770169272432,70.07341032512944
C0302,2025-05,12.87329097017685,87.59727439907606
C0303,2025-05,8.882210246180746,74.28619169838991
C0304,2025-05,11.628674417361847,80.7307483286864
C0305,2025-05,9.25691494243095,96.43766436254661
C0306,2025-05,9.523146672010126,76.505673872991
C0307,2025-05,16.555630642768538,
C0308,2025-05,15.14650508361743,81.32601522424774
C0309,2025-05,13.967547837603595,78.55487295906511
C0310,2025-05,18.211124758596586,87.2824751388153
C0311,2025-05,13.399209152537729,91.89270763165793
C0312,2025-05,10.169434481136996,62.60852510104531
C0313,2025-05,16.435436468490682,60.35072279969491
C0314,2025-05,16.03081429277535,68.58974447270649
C0315,2025-05,11.181513914597454,83.63890776966377
C0316,2025-05,11.808196509263992,84.76264458355803
C0317,2025-05,13.7643315625503,100.0
C0318,2025-05,20.644496931893503,93.31447540484059
C0319,2025-05,13.702573005028887,80.75062076034101
C0320,2025-05,12.448268816832599,61.56927751537013
C0321,2025-05,12.30525973619077,80.73299750355321
C0322,2025-05,12.138904600785686,82.78862018504152
C0323,2025-05,15.248884445537676,75.8796040705459
C0324,2025-05,18.1868476549434,75.22949904557835
C0325,2025-05,12.375418605229578,86.34447065389284
C0326,2025-05,6.949776275486517,81.72916247467847
C0327,2025-05,15.614364014716097,100.0
C0328,2025-05,5.896615008388702,70.62793052027162
C0329,2025-05,12.536772983266754,82.3220436385985
C0330,2025-05,14.150691572274372,74.51196192198037
C0331,2025-05,10.665494608080504,77.19557099107281
C0332,2025-05,15.553332710203271,82.71923680268921
C0333,2025-05,13.602250635124877,97.56805694915204
C0334,2025-05,7.5732341075675205,87.76259818201554
C0335,2025-05,12.119343291133651,
C0336,2025-05,15.168673106965523,86.49506416565612
C0337,2025-05,16.46346583706549,
C0338,2025-05,14.444333437522591,80.9839100489421
C0339,2025-05,12.761464403061677,92.76009412555365
C0340,2025-05,12.661742089045427,77.67312864495338
C0341,2025-05,15.688545885617907,
C0342,2025-05,14.485728392825395,100.0
C0343,2025-05,16.116808808488766,87.0312406920856
C0344,2025-05,12.005480312978763,93.70295531916085
C0345,2025-05,11.211509588421404,95.90252813602021
C0346,2025-05,13.211084237498305,78.93093936640044
C0347,2025-05,12.983880100657727,90.5804130402258
C0348,2025-05,14.00537086993606,75.0148101271322
C0349,2025-05,16.13811323235453,78.71421524698518
C0350,2025-05,16.661276349613168,89.34594804537286
C0351,2025-05,13.444861757081231,94.39341761792534
C0352,2025-05,17.75709588929331,79.12303659270071
C0353,2025-05,14.913164593592212,89.12209244723823
C0354,2025-05,19.05214800988628,67.6062778695264
C0355,2025-05,16.130772666384573,85.38573442326505
C0356,2025-05,8.009336518309162,52.68074586286933
C0357,2025-05,9.014887963767103,79.66276825165464
C0358,2025-05,19.53017002767403,61.52144078082314
C0359,2025-05,15.521877167553697,91.89948942772787
C0360,2025-05,15.105411147573266,79.27840766425909
C0361,2025-05,20.05936741004182,76.04708161544005
C0362,2025-05,7.3143374020858305,81.16558225708475
C0363,2025-05,12.233232767110165,76.1600362483255
C0364,2025-05,15.748725641122292,75.94720595362756
C0365,2025-05,13.608665251399191,
C0366,2025-05,17.181318058799874,65.36075178571379
C0367,2025-05,20.755999729272865,56.82408018797251
C0369,2025-05,7.71259071089217,69.73406943783087
C0370,2025-05,20.589639432576426,58.10459591298317
C0371,2025-05,14.42149677644169,85.37739525259906
C0372,2025-05,13.012300576159886,77.90245402837289
C0373,2025-05,8.959906210914227,89.37963611251868
C0374,2025-05,14.749734722076338,80.5112184916939
C0375,2025-05,9.40718889712862,75.03119888613926
C0376,2025-05,11.612157130096252,78.7513357173168
C0378,2025-05,13.26172689665887,73.18476755119897
C0379,2025-05,13.24300192029887,90.55930179863276
C0380,2025-05,12.210794662531299,100.0
C0381,2025-05,13.53304081158893,68.46732731331608
C0382,2025-05,15.319505624801684,85.94887287594855
C0383,2025-05,13.792278443392853,73.66433248928979
C0384,2025-05,21.736915502596574,88.29004977660115
C0385,2025-05,14.02489496049095,86.90579675003512
C0386,2025-05,13.692499526946344,59.31297850224013
C0387,2025-05,18.980091161548515,84.41956092551595
C0388,2025-05,12.26078595244347,84.59489922797833
C0389,2025-05,16.41431104039633,78.80233644397067
C0390,2025-05,10.466964098671621,55.10708968454195
C0391,2025-05,,78.27296036100935
C0392,2025-05,14.874213762890047,75.35523662659745
C0393,2025-05,11.769607907359905,78.27150380247521
C0394,2025-05,14.427863130742905,93.23840119065842
C0395,2025-05,8.184400255558632,70.24210119511073
C0396,2025-05,19.51820824480297,82.69893884773856
C0397,2025-05,16.468298437924478,81.2530445432661
C0398,2025-05,16.499756460122686,67.30126717646043
C0399,2025-05,11.80136430004613,51.7948993256155
C0400,2025-05,9.613838790131732,81.19111460676874
C0401,2025-05,16.964205532707044,81.42997325601291
C0402,2025-05,14.90908118645535,69.90353933752311
C0403,2025-05,8.966532010755554,84.99441165853915
C0404,2025-05,10.363903742705606,
C0405,2025-05,14.370030103753393,71.86122623618434
C0406,2025-05,14.628393367699607,94.95014904137686
C0407,2025-05,13.44411647090747,68.56443052508054
C0408,2025-05,6.509352771146288,100.0
C0409,2025-05,14.105672501491567,87.46542779500334
C0410,2025-05,12.969229356074475,76.98222379285093
C0411,2025-05,9.755839849411181,58.62961191208899
C0412,2025-05,14.626469276964825,62.9527961997033
C0413,2025-05,11.377813929924994,79.7552129939449
C0414,2025-05,7.805741498329661,75.96540017012715
C0415,2025-05,16.1906749911735,
C0416,2025-05,17.534086043021414,88.1002670032301
C0417,2025-05,17.85046256554284,79.16392589035397
C0418,2025-05,16.758949436104274,64.79497781783641
C0419,2025-05,13.620100325073349,75.02486995640167
C0420,2025-05,12.09655622395248,
C0421,2025-05,9.72159634603991,84.65107160846694
C0422,2025-05,7.382236850414894,78.76569948318712
C0423,2025-05,,82.82244138675
C0424,2025-05,15.698679391150616,98.35956675033647
C0425,2025-05,12.009938786991261,53.096158227843915
C0426,2025-05,17.976014864403872,100.0
C0427,2025-05,17.73480574520842,59.7992254234406
C0428,2025-05,15.756369861829997,59.38217369397649
C0429,2025-05,12.300900520887096,76.20401225678914
C0430,2025-05,19.677990557519863,69.6023842466083
C0431,2025-05,17.852628988216765,100.0
C0432,2025-05,10.72445096805993,68.10728655077816
C0433,2025-05,14.047587530735248,65.71084128708858
C0434,2025-05,15.724967960530435,77.06276143423922
C0435,2025-05,10.818513576258711,100.0
C0436,2025-05,15.955371995323675,92.8731248803305
C0437,2025-05,18.38013484789281,84.13488963666703
C0438,2025-05,12.08033661616046,61.80988768941964
C0439,2025-05,13.317735681752353,54.66834004664691
C0440,2025-05,17.147569158121442,69.62916557467281
C0441,2025-05,21.097211179508975,57.71342045720118
C0442,2025-05,15.932329219308574,61.818928413311355
C0443,2025-05,12.418338954406813,51.63394212050618
C0444,2025-05,12.793479172576113,83.73779003010617
C0445,2025-05,15.378013890421157,61.82949849560262
C0446,2025-05,15.657166136026154,96.81012194464306
C0447,2025-05,14.78161212260637,82.81556774068433
C0448,2025-05,11.122476070510306,
C0449,2025-05,14.436483220033256,86.9021911632794
C0450,2025-05,16.706861264624887,76.25244539162605
C0451,2025-05,13.008042617929243,82.03996813496954
C0452,2025-05,16.753992252003673,69.28428423146451
C0453,2025-05,18.277192495660014,96.57999629777228
C0454,2025-05,17.76982426207218,100.0
C0456,2025-05,11.822487119030258,100.0
C0457,2025-05,14.899083013290696,75.09348704354586
C0458,2025-05,19.934561862495293,91.56041101815067
C0459,2025-05,18.271340669265015,
C0460,2025-05,8.164755462735707,77.57197724651152
C0461,2025-05,12.575339208376391,71.50448288582855
C0463,2025-05,8.393610346892446,64.95444650995312
C0464,2025-05,15.471406163069922,82.67787024855951
C0465,2025-05,9.618281757389123,94.82382280341785
C0466,2025-05,12.47706504105426,62.919577025169744
C0468,2025-05,11.717779712251414,92.62066012977624
C0469,2025-05,14.302147398520399,70.70533087569005
C0470,2025-05,7.785433904206911,74.48009635225766
C0471,2025-05,15.299072872396803,67.64577408081098
C0472,2025-05,15.416813388457502,82.75505639474632
C0473,2025-05,15.815194079269572,64.67400711224622
C0474,2025-05,16.913560493619446,88.82160614787487
C0475,2025-05,17.00988176735358,69.2840938057207
C0476,2025-05,14.935528787274057,66.18483980064939
C0477,2025-05,15.804481229658572,86.84154307400127
C0478,2025-05,17.338403321591013,64.30965832135865
C0479,2025-05,11.055379757737729,78.44880556982547
C0480,2025-05,16.223141502672192,97.22640743225831
C0481,2025-05,,94.88834449224895
C0482,2025-05,9.640537497942113,90.36320777206079
C0483,2025-05,12.79143093407766,77.07120190460354
C0484,2025-05,14.065657832787926,78.32983650480546
C0486,2025-05,10.680883091032857,72.16740315183219
C0487,2025-05,18.14543250524717,86.98724858170567
C0488,2025-05,14.58659052029062,59.63616645194347
C0489,2025-05,13.124461367775638,77.44597538715125
C0490,2025-05,12.934174385919839,95.47589580554589
C0491,2025-05,14.106186307050974,78.43216211928544
C0492,2025-05,10.474432144271368,77.9752952577277
C0493,2025-05,10.543656187102075,100.0
C0494,2025-05,14.151640361877353,
C0495,2025-05,13.397668387892839,77.43708595115689
C0496,2025-05,16.236887284702277,53.31078687177978
C0497,2025-05,21.091774515773245,86.44257582135137
C0498,2025-05,15.293783113557783,88.154221566543
C0499,2025-05,11.693300122127024,89.46390409955117
C0500,2025-05,13.529916171097371,100.0
C0501,2025-05,20.557901941296564,88.80373948226436
C0502,2025-05,21.428605355590747,81.22266826291819
C0503,2025-05,15.052824144755938,91.19638572811049
C0504,2025-05,18.734115380395274,70.89973582325928
C0505,2025-05,18.459431453395766,90.9296648886334
C0506,2025-05,14.885121864853051,100.0
C0507,2025-05,16.529085163614045,100.0
C0508,2025-05,16.996795514610774,99.68874725488752
C0509,2025-05,16.80619569542038,82.79328177872715
C0510,2025-05,11.088281354665828,68.60477386613101
C0511,2025-05,,76.71989111840988
C0512,2025-05,13.820736591001369,100.0
C0513,2025-05,13.796368628012422,
C0514,2025-05,10.505767322167744,95.85065675323973
C0516,2025-05,13.60636195262854,
C0517,2025-05,13.076719572924063,91.92050570526754
C0518,2025-05,16.47325863720688,68.79599470568614
C0519,2025-05,18.817589654785447,66.7849611197561
C0520,2025-05,13.636104045215658,69.66535301209258
C0521,2025-05,15.619123916659461,90.34579065847025
C0522,2025-05,12.908082176021598,99.21039563871992
C0523,2025-05,19.670942231142426,69.13181457613659
C0524,2025-05,15.66441708868443,68.55158147088268
C0525,2025-05,16.21081040597577,62.524404431702955
C0526,2025-05,,94.11261880899575
C0527,2025-05,17.79574086098347,73.64206380316806
C0528,2025-05,18.6920205676357,60.32868553495075
C0529,2025-05,10.23062631191295,75.70766398119028
C0530,2025-05,15.633145640095153,67.67460807469465
C0531,2025-05,15.155151020286866,99.7662425659218
C0532,2025-05,10.57120283755852,
C0533,2025-05,14.917605017194623,86.3033067710382
C0534,2025-05,11.898382226767206,99.4455589873809
C0535,2025-05,17.4043805939004,83.64397022121581
C0536,2025-05,12.662166244677604,76.91024426958111
C0537,2025-05,17.154585628605304,67.67037546295091
C0538,2025-05,12.88307520613264,74.85699643938275
C0539,2025-05,11.694261351914108,59.46039739288236
C0540,2025-05,11.877184514627423,100.0
C0541,2025-05,18.22525534924916,68.50279826856186
C0542,2025-05,14.981127260849753,57.21506230578295
C0543,2025-05,13.428615154897757,93.83933036591243
C0544,2025-05,17.97927313797201,77.18902209973328
C0545,2025-05,19.69664452983264,50.81901636490987
C0547,2025-05,17.661750649958265,59.54113336732113
C0548,2025-05,13.907208429193188,57.66370305650675
C0549,2025-05,15.76890034958958,76.75852369932184
C0550,2025-05,12.771700794444405,91.82277050320049
C0551,2025-05,16.058996241399456,83.54858011059113
C0552,2025-05,17.208670462503477,55.77316296193921
C0553,2025-05,16.788256823667993,70.86438683505183
C0554,2025-05,12.336736153468344,86.51433714514857
C0555,2025-05,19.20697593310942,77.58009261312753
C0556,2025-05,21.63886876151974,88.28259594107854
C0557,2025-05,17.656008562807227,84.65564165546245
C0559,2025-05,8.970219396534947,59.08154673912509
C0561,2025-05,19.591567731128166,71.67480418512906
C0562,2025-05,18.1007575166501,81.79145852309333
C0563,2025-05,15.49197508746165,95.37233802815899
C0564,2025-05,13.6853505296356,95.89769321836408
C0566,2025-05,16.080452788409282,72.51143943042418
C0567,2025-05,16.451976859019595,60.02306561262331
C0568,2025-05,14.124352521388206,
C0569,2025-05,8.688887844972538,80.34258803403142
C0570,2025-05,15.57037138435702,99.12455540139595
C0571,2025-05,,74.25877471510837
C0572,2025-05,19.40023776205368,74.11176615758282
C0573,2025-05,17.753831358878507,77.27817543086641
C0574,2025-05,17.98992761424681,84.07675220896968
C0575,2025-05,16.716913355275004,83.56162552740228
C0576,2025-05,16.05706922999881,61.927880550574585
C0577,2025-05,,54.768471504619754
C0578,2025-05,13.218796832454723,77.07036163925825
C0580,2025-05,13.961895295507913,76.53124554534253
C0581,2025-05,14.306570630189439,
C0582,2025-05,12.896789417875514,64.36882857698313
C0583,2025-05,11.31408046528314,66.20229749931308
C0584,2025-05,9.031872942815006,77.04491956079328
C0585,2025-05,11.654015342708398,100.0
C0586,2025-05,16.632423232257363,73.30940258644144
C0587,2025-05,14.248498783919537,86.39790944120483
C0589,2025-05,14.062671600008413,100.0
C0590,2025-05,12.894488680050596,75.21042246617202
C0591,2025-05,15.390205239216794,79.15654070480173
C0592,2025-05,14.514112796143692,67.63668988475375
C0594,2025-05,14.326987842314935,100.0
C0595,2025-05,14.959760661079837,66.78023492344757
C0596,2025-05,11.31467080888278,77.9994020802628
C0597,2025-05,16.256227811383905,84.40728353188953
C0598,2025-05,11.932533273603621,77.04146998058901
C0599,2025-05,15.974566948945062,80.51270741354791
C0600,2025-05,12.175589594240414,77.73158113911823
C0601,2025-05,,92.84499875018173
C0602,2025-05,10.997951940231715,87.98659764151155
C0603,2025-05,16.717733467131023,73.9594088467341
C0604,2025-05,13.191319722438383,81.45112664405545
C0605,2025-05,14.875614133293476,91.83211587343385
C0606,2025-05,15.888034757750145,82.93356148039749
C0607,2025-05,10.55623373755873,56.9603678339708
C0608,2025-05,8.616221260325386,97.42280748125921
C0609,2025-05,14.997413045733987,60.01049843177351
C0610,2025-05,13.697326122846144,100.0
C0611,2025-05,15.483289646792755,75.62754749235971
C0612,2025-05,13.784618678817344,100.0
C0613,2025-05,4.130960334556871,66.72828830500094
C0614,2025-05,16.418390282149616,88.42831923531874
C0615,2025-05,17.193264146499025,64.13287818218365
C0616,2025-05,12.357100268373708,83.18337602594012
C0617,2025-05,15.01752144066024,
C0618,2025-05,10.712733268367444,78.97843996459957
C0619,2025-05,14.533427958841376,100.0
C0620,2025-05,16.231746902591738,91.9103240440807
C0621,2025-05,14.497328425273432,89.20044347340767
C0623,2025-05,10.54532481080697,67.11499512116643
C0624,2025-05,10.28491399255045,100.0
C0625,2025-05,17.65843749524408,57.624520189096856
C0626,2025-05,13.802178248126603,96.54815605202339
C0627,2025-05,14.019117589399205,86.85967107689935
C0628,2025-05,18.454653422736115,70.70306570963564
C0629,2025-05,20.17390773388239,94.21231709982317
C0630,2025-05,16.003147816649385,86.06273931842895
C0631,2025-05,13.95142070156674,86.24376581526609
C0632,2025-05,14.661759471148809,73.87117065417915
C0633,2025-05,12.615190789440977,61.96416668703584
C0634,2025-05,14.056765312755807,63.286149603338316
C0635,2025-05,16.523421883580532,91.79127412443295
C0637,2025-05,15.05600475044836,88.82125711183092
C0638,2025-05,14.570463494765932,62.836571924424995
C0639,2025-05,16.22347102476302,70.85657406877831
C0640,2025-05,18.052629640651137,74.7470023455289
C0641,2025-05,8.336074189214544,100.0
C0642,2025-05,19.61105192534816,76.5850485358679
C0643,2025-05,16.137919730654573,65.38890102679308
C0644,2025-05,12.002426912272817,100.0
C0645,2025-05,11.114997569262371,100.0
C0646,2025-05,10.752991303639192,59.0276983169579
C0647,2025-05,15.933554187496572,65.66775381494074
C0648,2025-05,18.62011193006998,100.0
C0649,2025-05,16.077927034827436,79.55074732176583
C0650,2025-05,17.434327494132273,87.9355730770143
C0651,2025-05,17.200085633609472,79.30419928890878
C0652,2025-05,10.89690265207013,
C0653,2025-05,11.544006547413726,80.84456062907726
C0654,2025-05,15.049377255741689,74.38596953799643
C0655,2025-05,10.019883534305105,68.45702208608438
C0656,2025-05,10.973614844566164,79.12859477322294
C0658,2025-05,16.028646186524462,89.43545604205386
C0659,2025-05,6.549041245226446,78.76562427159793
C0660,2025-05,12.107753603000617,71.37678156378968
C0661,2025-05,14.243628245670031,71.83475556196986
C0662,2025-05,9.701862465274711,73.75658250372516
C0663,2025-05,17.657426100299908,60.74436761018119
C0664,2025-05,9.467933746554172,89.95839815208957
C0665,2025-05,13.772274562995069,85.16744886651585
C0666,2025-05,13.45050866223864,100.0
C0667,2025-05,18.94601414848822,60.26860420397657
C0668,2025-05,11.27988016360723,72.66557358730937
C0669,2025-05,8.22963795775237,65.88622485522363
C0670,2025-05,13.710887491025028,92.84147971190127
C0671,2025-05,11.0151941572271,91.89028773718732
C0672,2025-05,15.699119780821926,80.19021035594984
C0673,2025-05,11.866751064951444,84.82774257689492
C0674,2025-05,15.393181158585222,94.03702187611357
C0675,2025-05,16.15059369993906,79.25974292578145
C0676,2025-05,16.074487251845543,91.51633562278249
C0677,2025-05,8.265462549876219,89.55619009481074
C0678,2025-05,17.604072202875034,70.23927900870149
C0679,2025-05,14.756353404226275,67.11389153909302
C0680,2025-05,16.460388820549483,70.31076901114282
C0681,2025-05,12.02244468713169,95.55376765879143
C0682,2025-05,13.008341185116134,88.67775278790884
C0683,2025-05,12.409574098238071,
C0684,2025-05,,69.48656016351096
C0686,2025-05,13.139425820050182,68.61983914697733
C0687,2025-05,13.685474352258826,53.82892295115961
C0688,2025-05,12.413097879564262,47.02967868745779
C0689,2025-05,14.425264831904673,74.39408136416277
C0690,2025-05,22.474590194869076,75.01216486225125
C0691,2025-05,13.275202914779452,65.78442160542356
C0692,2025-05,17.918900175845074,50.97345750544827
C0693,2025-05,20.984324035892385,90.42557503087696
C0694,2025-05,19.105774865823978,81.81588086592807
C0695,2025-05,19.372010731799328,90.00837002219701
C0696,2025-05,15.452140636238823,97.08876607589859
C0697,2025-05,12.776763725972966,55.646674234864115
C0698,2025-05,18.185302226053416,95.0205817112172
C0699,2025-05,11.898196371393048,83.19311947770784
C0700,2025-05,21.937869353853838,95.60725990749573
C0701,2025-05,17.571430499149795,100.0
C0702,2025-05,8.430578900031719,75.29232765930604
C0703,2025-05,15.134897353127698,100.0
C0704,2025-05,16.765655127028612,99.83009896141918
C0705,2025-05,12.849414073646262,77.1114394428139
C0706,2025-05,15.125842127218657,66.96434798739881
C0707,2025-05,11.685996719131305,60.78161051394342
C0708,2025-05,15.19015594033194,68.67053214347669
C0709,2025-05,11.637146286485283,85.58155243320954
C0710,2025-05,18.287823565228187,80.11342353866249
C0711,2025-05,13.62802460818478,94.08580260472593
C0712,2025-05,13.09865012663943,97.91382676399064
C0713,2025-05,8.529174469851782,86.59651326891347
C0714,2025-05,14.898875308178424,78.9019401415546
C0715,2025-05,12.571054231171336,100.0
C0716,2025-05,12.560329882697843,82.19738006494762
C0717,2025-05,9.9661930473262,100.0
C0718,2025-05,16.24871529425772,59.53911166718523
C0719,2025-05,14.770119435446762,80.82159764739117
C0720,2025-05,15.602115305456168,86.59245734102997
C0721,2025-05,11.62786080407404,100.0
C0722,2025-05,13.664700657491295,76.45625308998261
C0723,2025-05,14.422105354284643,93.87299118874188
C0724,2025-05,16.74212112935085,51.66666524615604
C0725,2025-05,13.709617476359327,82.15349616450706
C0726,2025-05,10.786330114960801,90.1952160551318
C0727,2025-05,13.951699787113432,84.87994851781062
C0728,2025-05,10.764088942839312,75.00803690389839
C0729,2025-05,12.193286303725403,67.10261108809996
C0730,2025-05,19.357937019545403,81.40155380394171
C0731,2025-05,11.583316267575874,82.9262325979481
C0732,2025-05,14.35707868487451,81.6037186080923
C0733,2025-05,,100.0
C0734,2025-05,11.79257855573449,65.97429287000875
C0735,2025-05,15.886766466411293,96.85835085280664
C0736,2025-05,,84.5740837863635
C0737,2025-05,15.175556119188398,77.70560530173856
C0738,2025-05,12.625324555843086,89.69481166089517
C0739,2025-05,18.154452308413354,100.0
C0740,2025-05,17.64873050034331,61.17978133063909
C0742,2025-05,14.509749414518703,100.0
C0743,2025-05,11.764068666312799,93.32442513183734
C0744,2025-05,12.359474429094266,77.2920314423005
C0745,2025-05,16.396407256484157,71.26693622682794
C0746,2025-05,15.861673113726424,100.0
C0747,2025-05,11.854498323761193,93.52396713910615
C0748,2025-05,16.40291244807045,98.95693588100802
C0749,2025-05,11.370505815765426,100.0
C0751,2025-05,16.377029432852392,76.85911878206198
C0752,2025-05,12.70577964549815,67.55344272982038
C0753,2025-05,15.003416196454854,74.11239240699003
C0754,2025-05,14.927974909090349,79.3220101977279
C0755,2025-05,,62.313093376846155
C0756,2025-05,19.030900734036372,86.17532336094219
C0757,2025-05,18.088972821038162,58.86311231781242
C0758,2025-05,14.965997896817278,100.0
C0759,2025-05,16.65538021347442,100.0
C0760,2025-05,14.536991360949806,89.29782430697784
C0761,2025-05,15.465824745519008,89.55686870315759
C0762,2025-05,13.968356068403585,95.03226178774273
C0763,2025-05,10.53605162837428,65.59334755414149
C0764,2025-05,22.171930892417876,72.66934106190415
C0765,2025-05,21.785990991195185,88.53138639078402
C0766,2025-05,18.373156708567425,49.95289825884313
C0767,2025-05,19.608289026368674,85.33145265702856
C0768,2025-05,13.288776808873791,98.55758792799638
C0769,2025-05,7.709728643492985,71.51573203495205
C0770,2025-05,13.398188595846412,94.8308657625578
C0771,2025-05,12.804662695620124,92.61980370102745
C0772,2025-05,15.223183572318343,78.0138540034702
C0773,2025-05,11.34660527994739,67.14058114137718
C0774,2025-05,16.570448918230863,80.14672974041781
C0775,2025-05,17.975610137095355,76.20232194422842
C0776,2025-05,8.8134485254251,83.51674987687417
C0777,2025-05,11.036122864760383,74.9418523499465
C0778,2025-05,9.544829787978408,68.91023100171695
C0779,2025-05,6.2223887243528235,
C0781,2025-05,,100.0
C0782,2025-05,15.988326100582794,93.28698804496352
C0783,2025-05,10.404325924755158,64.03903999611174
C0784,2025-05,10.59185001098071,
C0785,2025-05,14.067712341346294,94.30903821887728
C0786,2025-05,14.578146801648,99.42410962165661
C0787,2025-05,13.159753985154566,77.35141186672638
C0789,2025-05,17.03323313138073,87.77482019767368
C0790,2025-05,16.51259813562513,76.70762249749129
C0791,2025-05,13.47117539097483,58.77633415174573
C0792,2025-05,14.297649556399415,94.99440632211373
C0793,2025-05,14.94843952524512,74.77539022036201
C0794,2025-05,15.235457504689279,63.361718083721215
C0796,2025-05,18.92174774030482,100.0
C0797,2025-05,14.556419769652578,76.90444021799563
C0798,2025-05,14.66901201481579,72.5339331157153
C0799,2025-05,10.803689107093962,68.60681410798867
C0800,2025-05,10.818458526912188,100.0
H0001,2025-06,14.374255524895661,77.40658264827705
H0002,2025-06,14.361545092211934,61.04381044144947
H0003,2025-06,21.289740571227195,100.0
H0004,2025-06,12.925949767333345,74.81036060792695
H0005,2025-06,13.977954206111264,76.75046121523471
H0006,2025-06,15.628976011827504,65.89682660218493
H0007,2025-06,20.95457545878799,70.06853773962006
H0008,2025-06,8.046486023465436,72.7096724747305
H0009,2025-06,18.296089236084633,100.0
H0010,2025-06,18.675142709310524,95.43113181807047
H0011,2025-06,16.193638672382956,76.28135042950285
H0012,2025-06,15.241849186965068,70.0782035161252
H0013,2025-06,18.23878091185691,100.0
H0014,2025-06,17.11420489615163,85.9632708984529
H0015,2025-06,,100.0
H0016,2025-06,,96.09787231000993
H0017,2025-06,17.336175904517408,78.24631173913815
H0018,2025-06,11.216273660961726,89.0138101824479
H0019,2025-06,13.86350473715076,67.66099096993419
H0020,2025-06,15.148863071985193,100.0
H0021,2025-06,12.646548626258607,81.36586809474478
H0022,2025-06,15.283734956039146,57.270808197592885
H0023,2025-06,4.792123021288271,92.12141708260614
H0024,2025-06,16.173073068800093,80.45972290752766
H0025,2025-06,12.4297987033395,83.45140221162748
H0026,2025-06,14.74907917939007,81.91614335727513
H0027,2025-06,15.956114666896141,64.86478050672252
H0028,2025-06,16.236420787876938,77.88278577465562
H0029,2025-06,16.29425306900856,86.46976142746608
H0030,2025-06,17.696219956112415,76.30165621699153
H0031,2025-06,13.34821490385602,89.69916865041928
H0032,2025-06,18.720739531428148,74.93711498361698
H0033,2025-06,16.67977184685051,85.82166958377056
H0034,2025-06,,77.78005676034947
H0035,2025-06,11.106510474284129,86.92267444086087
H0036,2025-06,16.783588770712946,100.0
H0037,2025-06,14.887602141880524,89.0422534174357
H0038,2025-06,14.739271960002842,65.90823741720229
H0039,2025-06,23.075568767124025,
H0040,2025-06,14.054150976502271,83.00557066838107
H0041,2025-06,9.967150789380959,64.87119629314937
H0042,2025-06,14.057036072566301,95.34158239314925
H0043,2025-06,15.719648955906882,82.08202683381988
H0044,2025-06,18.01355989722083,83.17117340873155
H0045,2025-06,16.920934731063788,84.84102667828355
H0046,2025-06,12.806553037330097,85.89219952819288
H0047,2025-06,14.833463120310514,80.6060453625772
H0048,2025-06,13.113693632622592,72.64178731066879
H0049,2025-06,14.761310627483294,84.18357000070723
H0050,2025-06,10.710195222228117,66.44093580300449
H0051,2025-06,10.097461929819492,70.63014629424947
H0052,2025-06,15.018822384555065,39.929316085530026
H0053,2025-06,14.83381348419944,59.81353112704434
H0054,2025-06,8.81999512836705,68.12822594232745
H0055,2025-06,14.489391501405906,81.19321974472767
H0056,2025-06,13.691058426916229,100.0
H0057,2025-06,10.319303774493001,58.44705326574104
H0058,2025-06,11.687133284611772,83.05771868887553
H0059,2025-06,15.928739377666096,60.465849570072336
H0060,2025-06,15.850345501931802,60.0566126547507
H0061,2025-06,11.332036696625057,96.25465453103382
H0062,2025-06,15.375604011393518,86.93242965109526
H0063,2025-06,15.134011650392921,96.77955658600135
H0064,2025-06,13.299296370722903,96.37525767356712
H0065,2025-06,16.739520114810666,56.862776467241495
H0066,2025-06,8.35376631776456,86.31136980986471
H0067,2025-06,10.134801348917524,87.53458205065368
H0068,2025-06,19.550824370050584,74.07384697199451
H0069,2025-06,19.577290897069325,82.51665435829885
H0070,2025-06,16.16359748390589,89.11475999884323
H0071,2025-06,9.604456589394404,100.0
H0072,2025-06,12.884733898434694,85.61479555549685
H0073,2025-06,17.76134314349035,73.61012701967879
H0074,2025-06,7.099047258873137,77.62526001602134
H0075,2025-06,17.427014838606937,86.97830497140522
H0076,2025-06,15.758740232220234,61.39456789069948
H0077,2025-06,14.366142720268732,80.095878219954
H0078,2025-06,14.907733274029638,65.72934952178912
H0079,2025-06,14.993521622646691,87.85336802772008
H0080,2025-06,,63.458582528010155
H0081,2025-06,15.159497013701388,73.43068845133595
H0082,2025-06,14.881345192132146,67.23228235561122
H0083,2025-06,10.195321058579015,50.53326403282467
H0085,2025-06,12.265268958825288,84.41591785738991
H0086,2025-06,15.804586159561827,83.13898551062428
H0087,2025-06,12.985860327724568,71.28634799083277
H0088,2025-06,17.22616626619733,60.96326299383851
H0089,2025-06,9.972097740847003,84.33920196778762
H0090,2025-06,11.086492373715835,60.83738846576529
H0091,2025-06,12.625752149755767,74.68830744984463
H0092,2025-06,16.30869197899299,59.03775811917588
H0093,2025-06,14.933879671411914,78.70297494805976
H0094,2025-06,14.764706370324044,100.0
H0095,2025-06,17.530340284839752,75.64997114732573
H0096,2025-06,13.453288546780993,
H0097,2025-06,14.258760002078645,69.44301794280457
H0098,2025-06,19.329216166303056,96.38770598118427
H0099,2025-06,17.59897627080825,84.97032635734942
H0100,2025-06,17.907750947148134,89.72424816744264
H0101,2025-06,15.346720356875254,96.44445329112288
H0102,2025-06,14.393321293642986,66.80974024021107
H0103,2025-06,16.927964111712203,81.49225573151467
H0104,2025-06,13.031688998344524,72.36123169015144
H0105,2025-06,14.725979063919267,85.55617965512096
H0106,2025-06,11.432851581748817,88.2855515099458
H0107,2025-06,18.319473343083793,65.857865050114
H0108,2025-06,12.378610538991106,80.88869746349063
H0109,2025-06,13.778131496263082,75.2545762636758
H0110,2025-06,15.322370561399218,53.571871720775576
H0111,2025-06,9.820653001922356,76.01596147985086
H0112,2025-06,15.089377139759907,90.74549718116936
H0113,2025-06,10.731557952798484,67.56331656030548
H0114,2025-06,16.328465978798775,45.01700692696046
H0115,2025-06,14.222667213799001,78.44190336281217
H0117,2025-06,8.017160290723234,70.25503197611255
H0118,2025-06,15.096429418921144,64.47869403610495
H0119,2025-06,9.731643526525929,98.21369884685507
H0120,2025-06,10.392791453236006,71.7872205750527
H0121,2025-06,15.761794141765098,92.57433946195347
H0123,2025-06,10.557349702076966,79.41266570915896
H0124,2025-06,14.792577670356511,95.29828978223073
H0125,2025-06,15.989648040433142,84.65260505253947
H0126,2025-06,17.43701520833657,69.9464812308892
H0127,2025-06,16.117290399578163,61.16476875830697
H0128,2025-06,11.636829198283996,45.87068726802875
H0129,2025-06,,100.0
H0130,2025-06,11.795724624526065,
H0131,2025-06,14.555722044313335,87.52447896001142
H0132,2025-06,9.410332060452141,81.65668181738353
H0133,2025-06,10.170719176338327,68.96949132358905
H0134,2025-06,16.30012317945634,82.87190850189923
H0135,2025-06,19.452922787162976,76.80194325312074
H0136,2025-06,18.244999577629265,82.14260868693404
H0137,2025-06,12.410942645499082,70.0000749096221
H0138,2025-06,14.09975392067409,44.97526956196408
H0139,2025-06,22.682597586735906,100.0
H0141,2025-06,15.418689509730767,85.1178854617408
H0142,2025-06,17.664476822461655,74.24745716392238
H0144,2025-06,14.100644860425586,51.48987643742258
H0145,2025-06,13.202206718465346,55.5969038046519
H0146,2025-06,19.8848161539432,96.96847190213579
H0147,2025-06,14.885219330926256,86.67649740182941
H0148,2025-06,14.908858686885992,62.52749094454194
H0149,2025-06,16.73581774716594,57.37770848697438
H0150,2025-06,14.113658997467747,67.7301998925679
H0151,2025-06,9.411144993177043,60.048005089810545
H0152,2025-06,,
H0153,2025-06,17.073829613762356,85.95998056973252
H0154,2025-06,16.573286960280647,81.08715835405347
H0155,2025-06,16.401682423252794,90.3430200168704
H0156,2025-06,17.404314578610848,99.11443847294993
H0157,2025-06,12.713409556215332,66.0141282040629
H0159,2025-06,11.998415904781723,88.30608140520891
H0160,2025-06,9.39409749879018,78.56784349104696
H0161,2025-06,14.39612141420789,100.0
H0162,2025-06,19.231333804767218,73.19178511104207
H0163,2025-06,15.399465547195993,92.44110933437878
H0164,2025-06,8.106598850064664,74.24319383505849
H0165,2025-06,19.88623917560357,75.52044077243453
H0166,2025-06,19.233832735364473,64.16339476037591
H0167,2025-06,17.454891140290204,99.67925506882875
H0168,2025-06,12.145230164726856,65.72975439955687
H0169,2025-06,15.46695156434201,61.93191180759559
H0170,2025-06,17.409745671629118,66.04502052360235
H0171,2025-06,11.53259474316179,67.20079527003358
H0172,2025-06,13.407234548678604,83.98619222931934
H0173,2025-06,16.73601909454874,67.11620685869391
H0174,2025-06,14.947816563404038,84.12556220876512
H0175,2025-06,15.995709396599198,100.0
H0176,2025-06,13.205254090784047,87.44649746903055
H0177,2025-06,19.646102984224918,88.25675390025154
H0178,2025-06,12.949463703729014,76.2372449705834
H0179,2025-06,15.714888915058372,89.98671162879494
H0180,2025-06,12.727462848710593,98.27386581060911
H0181,2025-06,10.187049448112756,50.32792963614642
H0182,2025-06,14.29395415236401,62.66836442405703
H0183,2025-06,17.39368326263378,84.83809823898109
H0184,2025-06,,100.0
H0185,2025-06,16.319244209545793,92.62760824144308
H0186,2025-06,14.317235336540712,100.0
H0187,2025-06,13.479133711237262,84.93424184772377
H0188,2025-06,16.85341433488729,83.02813799907337
H0189,2025-06,13.581189898598916,93.58163760646005
H0190,2025-06,14.94528932848971,95.3921019246875
H0191,2025-06,13.391819861054337,93.93968694653663
H0192,2025-06,19.909030057091798,53.20270202551871
H0193,2025-06,19.38323730241679,74.51809001529239
H0194,2025-06,14.651827668275809,76.0689786301259
H0195,2025-06,13.475054736380383,76.01810690689969
H0196,2025-06,18.351643783170257,100.0
H0197,2025-06,13.050372277225724,67.10389655741824
H0198,2025-06,,100.0
H0199,2025-06,12.258250638319051,60.20052512759136
H0200,2025-06,14.461282289509496,73.8519535730521
H0201,2025-06,12.499469902946025,77.92840144961761
H0202,2025-06,16.992178425706392,94.54929772327739
H0203,2025-06,20.263637638955828,69.92894128979763
H0204,2025-06,15.780231083870497,60.058722045783384
H0205,2025-06,18.35299200023132,82.97523832018511
H0206,2025-06,18.77278279797078,81.20207214727795
H0207,2025-06,15.67643404244417,84.41031877817043
H0208,2025-06,14.376452501816033,69.76448084136186
H0209,2025-06,18.91827474685394,66.57016111731514
H0210,2025-06,15.4673474606828,70.02060434937817
H0211,2025-06,,70.33993987841271
H0212,2025-06,13.590261987672845,65.51318640263717
H0213,2025-06,13.929098182062102,78.20601512395315
H0214,2025-06,,73.25324564179277
H0215,2025-06,13.642885955949716,58.400850781555235
H0216,2025-06,14.683605608762807,80.21656726744489
H0217,2025-06,16.93449470861123,60.243450721172984
H0218,2025-06,14.053092779674667,
H0219,2025-06,16.52621601935827,69.1354491541052
H0220,2025-06,12.546807338898677,83.20647640533917
H0221,2025-06,13.991773422643755,77.84379588268597
H0222,2025-06,17.454629106226133,75.46912995428595
H0223,2025-06,17.157993552278533,63.70514138153638
H0225,2025-06,18.023600769771157,94.29638938811962
H0226,2025-06,13.531478306800805,73.62916282957823
H0227,2025-06,20.339675713753586,82.32224159441097
H0228,2025-06,10.7041261753266,90.42983732155054
H0229,2025-06,15.367740422348767,77.02990282400398
H0230,2025-06,13.173711730795713,65.15674763337776
H0231,2025-06,14.706702060195667,98.33881085908206
H0232,2025-06,13.46030102428664,100.0
H0233,2025-06,20.282599692910726,85.5316425370305
H0234,2025-06,10.989947843292073,82.1240005202567
H0235,2025-06,17.341280871502203,66.11217982255488
H0236,2025-06,14.531531744449952,72.94836181378992
H0237,2025-06,14.935901985339392,68.95200783027352
H0238,2025-06,14.524725182613281,100.0
H0239,2025-06,13.350811420753422,84.26615465925396
H0240,2025-06,14.68264569784138,78.6354663987634
H0241,2025-06,15.800114643174332,54.472486944094754
H0242,2025-06,11.322324749027208,67.695085150586
H0243,2025-06,10.79359544436915,100.0
H0244,2025-06,18.404104798556695,75.25745483315575
H0245,2025-06,9.156847456274477,61.52907139165696
H0246,2025-06,6.2232484728041975,73.07476561944675
H0247,2025-06,19.188880163379086,96.21564808725985
H0248,2025-06,14.986277279749592,77.76588177436014
H0250,2025-06,11.561803783008457,76.74415948201748
H0251,2025-06,16.10405564662287,77.45233914456006
H0252,2025-06,15.11151555620961,93.33071045195294
H0254,2025-06,15.225936309170224,66.80040906852304
H0255,2025-06,16.82486771206096,81.03616243171987
H0256,2025-06,17.43608722067422,93.41244524086802
H0257,2025-06,18.814545206175218,66.93447476761921
H0258,2025-06,16.945991145530087,84.32162725902883
H0259,2025-06,10.796816517246905,52.82602179608377
H0261,2025-06,7.833216918614452,60.094945222157065
H0262,2025-06,14.841997001431903,84.0631146481834
H0263,2025-06,19.14106241264181,86.45663690695585
H0264,2025-06,11.519654655085068,87.84527361686355
H0265,2025-06,15.149840174968768,67.55243104878377
H0266,2025-06,15.544488510441441,81.78662569913826
H0267,2025-06,15.939131572067863,91.06674671999966
H0268,2025-06,20.55902785607922,64.42409657139899
H0270,2025-06,,74.71612217269757
H0271,2025-06,15.26896946764613,77.75601876832964
H0272,2025-06,14.35494834806284,69.9059053566539
H0273,2025-06,14.135945479736309,82.33020199628166
H0274,2025-06,15.318015420895652,74.49893192757924
H0275,2025-06,12.100982237456584,72.85916664232559
H0276,2025-06,7.61003314252847,93.9924884940137
H0277,2025-06,15.107946053232418,92.1785193404903
H0278,2025-06,11.864090145284504,
H0279,2025-06,13.905862449653949,
H0280,2025-06,8.986125772346055,63.0939691799913
H0281,2025-06,,91.17289748382309
H0282,2025-06,10.456753335869791,66.14467810853212
H0283,2025-06,18.28042201350796,88.35346004676926
H0284,2025-06,,89.71523775106547
H0286,2025-06,17.28345630918625,100.0
H0287,2025-06,15.815952378912094,84.84623307279288
H0288,2025-06,14.57867698580238,59.56796184547103
H0289,2025-06,16.971891713056614,75.11117303800962
H0290,2025-06,15.951111395855367,83.97053477807621
H0291,2025-06,10.209247858161675,59.77728756808419
H0292,2025-06,15.148293414495017,85.2416639944724
H0293,2025-06,16.69739183504967,89.31728469663217
H0294,2025-06,11.135444036535034,69.1951647249889
H0295,2025-06,15.807458748755288,75.73231460380082
H0296,2025-06,13.786179974664265,97.22144448421253
H0297,2025-06,22.854092901040513,78.61785732235452
H0298,2025-06,18.378062281530006,76.71897152861197
H0299,2025-06,21.562429662671114,85.29728878269606
H0300,2025-06,14.107569935459422,
H0301,2025-06,15.765908460294451,68.15771097028936
H0302,2025-06,18.120441541095836,100.0
H0303,2025-06,13.844900089462852,79.05248357669556
H0304,2025-06,,81.78649985747606
H0305,2025-06,13.579673761114464,100.0
H0306,2025-06,13.855817355120253,54.561397948740165
H0307,2025-06,15.441802760094465,71.75604082126283
H0308,2025-06,13.292749351661012,84.93249618907198
H0309,2025-06,14.390956597411542,75.12005149002553
H0310,2025-06,23.30445526026248,84.37390109788497
H0311,2025-06,15.717816051445443,76.75470152348952
H0312,2025-06,,78.38207575082264
H0313,2025-06,17.564014072991466,76.87658172881542
H0314,2025-06,11.9319565158837,90.99533460176531
H0315,2025-06,13.189005279160261,66.37272188079932
H0316,2025-06,12.697519294124799,63.126526478009936
H0317,2025-06,15.043209672941995,67.31135712102174
H0318,2025-06,14.6696101619034,67.52776862178017
H0319,2025-06,10.969422447226343,71.96496051984788
H0320,2025-06,12.722103966941557,
H0321,2025-06,14.314877780100423,85.1136800107732
H0322,2025-06,13.919497258173458,91.13952146382611
H0323,2025-06,16.433060303538163,85.6283024638597
H0324,2025-06,13.366482863113179,86.22784778165637
H0325,2025-06,11.83316251886703,88.92044252312749
H0326,2025-06,14.356923934763183,
H0327,2025-06,15.868115626691932,74.01124199811636
H0328,2025-06,14.521928565138033,87.21276679672613
H0329,2025-06,19.988289609866683,78.30487400423625
H0330,2025-06,14.421407508576582,
H0331,2025-06,15.861215584198934,82.25934358528751
H0332,2025-06,16.37398274626746,94.94311465992118
H0333,2025-06,17.147493726063967,78.50441470866426
H0334,2025-06,13.063659437310857,78.45799815868722
H0335,2025-06,16.93570467465434,56.65730132484791
H0336,2025-06,16.124356465812628,85.83249795911006
H0337,2025-06,9.911212027424265,67.49052074713168
H0338,2025-06,13.876590337086856,88.27971655159538
H0339,2025-06,17.17014939580483,84.99984419630633
H0340,2025-06,15.717072119368007,100.0
H0341,2025-06,21.750097020787354,91.8265479529468
H0342,2025-06,15.68001646939207,79.40053207691807
H0343,2025-06,15.316122309011108,80.04483284589092
H0344,2025-06,15.52147374246248,77.85694236893107
H0345,2025-06,16.093339812043528,67.37945394235435
H0346,2025-06,15.531734415154695,100.0
H0347,2025-06,13.552413161340512,70.77643749654492
H0348,2025-06,15.177998739149935,88.81423731395932
H0349,2025-06,11.991085022858085,71.5552225814894
H0350,2025-06,14.263328065159428,72.87813014908646
H0351,2025-06,12.074878827913524,
H0352,2025-06,14.215920450109396,100.0
H0353,2025-06,19.29316522491129,86.84899291741088
H0354,2025-06,,79.26370458669685
H0355,2025-06,12.673490674882508,99.72397857660964
H0356,2025-06,11.069579812805115,57.934400866312956
H0357,2025-06,20.344360536906496,88.08476034847625
H0358,2025-06,13.479286722911333,52.662667059959105
H0359,2025-06,10.960644419816777,72.80337803395308
H0360,2025-06,14.072700727003197,78.71931668847793
H0361,2025-06,8.807465311050679,76.97918172742978
H0362,2025-06,18.33326892570859,75.74024942672996
H0363,2025-06,10.937269573748482,79.00344478455487
H0364,2025-06,17.66918092750513,72.88745055763346
H0366,2025-06,15.209475203279109,89.35076228799277
H0367,2025-06,11.624758246041349,92.93172586809315
H0368,2025-06,17.49598325750251,100.0
H0369,2025-06,13.462179875149769,70.85074370317676
H0370,2025-06,7.373741159161088,64.88213472575626
H0371,2025-06,4.645465211437383,68.69181191135863
H0372,2025-06,15.826251738024384,100.0
H0373,2025-06,18.477678435618156,68.01677973255451
H0374,2025-06,14.314176909624301,82.7174295484069
H0375,2025-06,14.048889793700374,65.08222168608464
H0377,2025-06,14.665743909170502,95.34954569802227
H0378,2025-06,15.193074482076653,87.52223730843362
H0379,2025-06,15.010878035478626,87.83235412836729
H0380,2025-06,9.653392221282324,72.73670070281804
H0381,2025-06,9.613072266686636,71.20914983085859
H0382,2025-06,10.686278808816562,84.37273621378417
H0383,2025-06,12.556847200987843,91.61037469526354
H0384,2025-06,10.580463117963756,
H0385,2025-06,14.506674407524363,58.89182144113134
H0386,2025-06,9.534822782938388,
H0387,2025-06,13.93131037026654,81.9942923031041
H0388,2025-06,18.21790702083289,68.47641808766345
H0389,2025-06,19.04017803545292,86.33801263246383
H0390,2025-06,17.86611065673179,53.4582799093859
H0392,2025-06,15.83534294135893,68.25778637248412
H0393,2025-06,14.617859676000812,100.0
H0394,2025-06,15.898579706399852,55.44961614607985
H0395,2025-06,13.83094955695696,94.8644898146525
H0396,2025-06,14.592974288168648,82.43574446834687
H0398,2025-06,,100.0
H0399,2025-06,20.724911847738134,72.75498770242339
H0400,2025-06,14.216469858788308,87.43982928346037
H0401,2025-06,15.524937338960708,70.69061745939943
H0402,2025-06,14.541840052015814,61.952361430755325
H0403,2025-06,22.59354258201519,84.23410012029632
H0404,2025-06,13.012099127408916,78.10713094747916
H0405,2025-06,11.591565508972922,72.40557632698696
H0407,2025-06,17.279967490628767,74.39071645999785
H0408,2025-06,12.223780237422076,90.44873905152943
H0409,2025-06,15.623384827067419,100.0
H0410,2025-06,,92.46385925379705
H0411,2025-06,13.466665950625966,73.50147754048254
H0412,2025-06,13.25450822694675,99.48684853439582
H0413,2025-06,15.19327695396257,66.6519340750589
H0414,2025-06,8.523100242745867,72.8564519223271
H0415,2025-06,13.408097058354137,81.76574478290657
H0416,2025-06,21.960884533996982,65.6146745397738
H0417,2025-06,16.291978258306447,
H0418,2025-06,11.145162783617927,77.02960707925055
H0419,2025-06,19.32405275952037,56.80668409965401
H0420,2025-06,17.268676483789754,100.0
H0421,2025-06,17.464265084174748,67.00570668917152
H0422,2025-06,16.373263995773105,56.13772851937074
H0423,2025-06,14.02975855672901,83.51136733161627
H0424,2025-06,16.10519403997768,87.27834455638627
H0425,2025-06,14.710616190721078,69.07121433624934
H0426,2025-06,16.43071364762743,89.82551618382605
H0427,2025-06,14.902743958316874,100.0
H0428,2025-06,11.974772105794491,85.60694516578725
H0429,2025-06,18.19280856052674,72.5560077062339
H0430,2025-06,,98.50804048589701
H0431,2025-06,12.133839665518217,66.31639373947907
H0432,2025-06,15.104964715241485,67.23769378934765
H0433,2025-06,13.547417058734236,80.68899942508476
H0435,2025-06,11.436688789369864,73.06588899979727
H0437,2025-06,10.896650581366352,54.137832433228546
H0438,2025-06,10.959691678519256,81.73954036802222
H0439,2025-06,15.229726337155398,59.294575661031246
H0440,2025-06,13.953041921837665,72.26835502246213
H0441,2025-06,14.737648843407245,65.44032464673809
H0442,2025-06,16.84924452938593,77.99472996570594
H0443,2025-06,,69.6696134801621
H0444,2025-06,16.695224944986773,96.03474801133478
H0446,2025-06,12.081760560699529,75.1858312362774
H0447,2025-06,13.607140591516172,100.0
H0448,2025-06,12.598229935666456,91.43689577737103
H0449,2025-06,14.293218331403445,70.4306732838951
H0450,2025-06,10.67722474511159,88.82388345578605
H0451,2025-06,20.412061320157985,72.51683773893735
H0452,2025-06,16.102353944062497,71.23227902334553
H0453,2025-06,11.262642101085142,85.24703276965812
H0454,2025-06,,100.0
H0455,2025-06,11.226504675239969,93.20346571534758
H0456,2025-06,16.840814591037145,
H0457,2025-06,14.674015172992082,81.00365884910256
H0458,2025-06,14.810292881818464,68.9822647535903
H0459,2025-06,16.69535928619062,83.59292140658935
H0460,2025-06,15.365435745570625,73.04260447825858
H0461,2025-06,12.347431118215475,93.6164496573755
H0462,2025-06,12.009228838825676,87.75235477859373
H0463,2025-06,14.887920032079355,96.06102202584731
H0464,2025-06,12.67078945369417,88.87716670667979
H0465,2025-06,11.145393594830963,68.09144277747234
H0467,2025-06,12.385887811826212,78.9409107721816
H0468,2025-06,14.458222200803593,70.34186803305077
H0469,2025-06,13.008494699259488,73.28486672855945
H0470,2025-06,10.132305533481135,
H0471,2025-06,12.741505325202652,53.958040883743394
H0472,2025-06,12.972576787945286,81.56039690174104
H0473,2025-06,17.771634273313516,75.28281112370179
H0474,2025-06,22.11671426252158,82.39487949085076
H0475,2025-06,,74.65309867922375
H0476,2025-06,12.732134205036438,91.19756097864315
H0477,2025-06,9.495879900950879,
H0478,2025-06,8.313557206365488,71.92717267575135
H0479,2025-06,15.847367789644446,69.58914653079974
H0480,2025-06,13.482124086713752,70.1871302305438
H0481,2025-06,14.195360952539776,100.0
H0483,2025-06,12.07206807164697,64.0411702169755
H0484,2025-06,15.148935212579525,
H0485,2025-06,18.65078874995021,98.91413134187975
H0486,2025-06,13.04264043628309,100.0
H0487,2025-06,16.58811786422684,81.24518229396354
H0488,2025-06,15.505011930343255,78.97682549659864
H0489,2025-06,17.179525337960232,66.57901391101872
H0490,2025-06,17.03274475824781,71.48220485650734
H0491,2025-06,16.96957299878349,65.12699449163331
H0492,2025-06,15.458792484778423,94.06127293578763
H0493,2025-06,20.61073742155692,98.23561985701608
H0494,2025-06,14.034983067295332,100.0
H0495,2025-06,10.139422643206554,58.531514265071394
H0496,2025-06,18.357869392018905,73.99729384532827
H0497,2025-06,10.233326822427381,85.86905033923767
H0498,2025-06,12.388974235594848,74.60775893436784
H0499,2025-06,16.74056983282151,95.39146636899245
H0500,2025-06,10.295632496031573,71.88999585334186
H0501,2025-06,15.892642848233317,
H0502,2025-06,13.976384404896635,63.715832202530635
H0503,2025-06,11.080017317194155,73.87213332726782
H0504,2025-06,10.850069754757822,78.16228300895186
H0505,2025-06,14.532942650913087,65.78585330836577
H0506,2025-06,14.70976533643855,73.49867989719972
H0507,2025-06,13.426622726893768,81.45735872596998
H0508,2025-06,,100.0
H0509,2025-06,12.753812024264418,
H0510,2025-06,16.125247684662725,76.06104992846812
H0511,2025-06,,67.91088466584404
H0512,2025-06,14.845015342043887,88.11135998616405
H0513,2025-06,4.903980459808222,71.32348865013543
H0514,2025-06,8.469422032514036,62.08344906780606
H0515,2025-06,14.004398880774062,87.28388515529385
H0516,2025-06,23.998388452104763,58.6592991585391
H0517,2025-06,14.163667877562219,100.0
H0518,2025-06,10.986845130176466,71.39968633615909
H0519,2025-06,16.671365564024757,91.25450756124239
H0520,2025-06,17.894388145314583,85.2635249133513
H0521,2025-06,12.894103583555477,58.21591210295331
H0522,2025-06,,85.89392608646746
H0523,2025-06,20.146907738374352,79.11108843799624
H0524,2025-06,12.292686137352218,74.17800326644844
H0525,2025-06,18.481932734581623,57.36539018978289
H0526,2025-06,8.129551025050205,92.77116514058838
H0527,2025-06,13.114357998633912,100.0
H0528,2025-06,12.83329803040982,82.33016810989014
H0529,2025-06,18.070384193282266,54.78271130991055
H0530,2025-06,16.522862243803086,88.16859267293455
H0531,2025-06,14.824976203454524,67.56391493131515
H0532,2025-06,11.696628415592722,64.78409161714808
H0533,2025-06,13.225486623024688,64.9806506834132
H0534,2025-06,13.763781214561183,82.09509805779734
H0535,2025-06,12.219870024097979,84.23105406407332
H0536,2025-06,13.88475597150043,77.83671284732043
H0537,2025-06,14.131395785091936,87.45360053540425
H0538,2025-06,20.56837342228738,
H0539,2025-06,19.31415760389807,74.62627504867507
H0540,2025-06,18.653898485758404,63.08395215399502
H0541,2025-06,8.897477172637272,61.59620066485466
H0543,2025-06,14.739800222104034,59.23385983667676
H0544,2025-06,18.510746136356964,71.77589148350762
H0545,2025-06,14.356696791740267,86.22359042631456
H0546,2025-06,9.970563191135444,83.04020009792474
H0547,2025-06,9.813075930346237,73.24868122089104
H0548,2025-06,10.046488683053157,74.80428166905679
H0549,2025-06,14.434466571911647,74.42238924994062
H0550,2025-06,12.528862642810232,95.65998833402071
H0551,2025-06,12.850396707249155,88.4314165501756
H0552,2025-06,14.955574370263353,77.6733261147043
H0553,2025-06,17.796679337405408,100.0
H0554,2025-06,,79.17600624097793
H0555,2025-06,13.631905617883218,92.84575254487332
H0556,2025-06,17.60129151396603,88.78145635867062
H0557,2025-06,12.3897300748209,56.45091660267164
H0558,2025-06,15.031010308872816,61.901001630014605
H0559,2025-06,19.30262283923779,94.38961203333129
H0560,2025-06,19.422924926623033,69.21562519745534
H0561,2025-06,12.76914109001132,
H0562,2025-06,16.627830126412704,76.44131667500815
H0563,2025-06,11.845662188768225,88.90926232343708
H0564,2025-06,13.55983660145016,52.645158890448016
H0565,2025-06,11.14212952338654,83.15561983412485
H0566,2025-06,17.920493298407276,80.01421607100197
H0568,2025-06,15.962660086094498,78.27933193507648
H0569,2025-06,11.882186131120207,97.86517093527024
H0570,2025-06,11.824255339643663,93.78659973407954
H0571,2025-06,19.011398379807463,100.0
H0572,2025-06,17.27213937639352,73.03532831074163
H0573,2025-06,13.269674029929451,71.16156314612225
H0574,2025-06,19.491267978383448,48.54847082470884
H0575,2025-06,14.257636269038063,56.42294368323802
H0576,2025-06,10.571822712871239,82.00197724182192
H0577,2025-06,10.163867643232196,92.9991241565877
H0578,2025-06,13.595615766699643,66.88790665780024
H0579,2025-06,8.60394614372374,59.003355711895274
H0580,2025-06,14.031287265783957,92.09950119714672
H0581,2025-06,17.249283663655277,
H0582,2025-06,10.47167663832537,
H0583,2025-06,9.802583439712956,71.58491532979369
H0584,2025-06,12.858605858909375,100.0
H0585,2025-06,18.7499893182166,
H0588,2025-06,16.352375061485557,87.77109633384154
H0589,2025-06,18.47799317916142,81.77775758337539
H0590,2025-06,17.674806159725577,52.34584103548936
H0591,2025-06,12.03543923273126,73.27831937765276
H0592,2025-06,8.279200069116822,69.24944195519633
H0593,2025-06,19.165033760977735,78.07243130999787
H0594,2025-06,20.4624624779865,75.97234316790998
H0595,2025-06,12.120485506868022,63.911806750289955
H0596,2025-06,13.609163054810885,91.38287821766365
H0597,2025-06,15.122615867415323,70.31056903242123
H0598,2025-06,15.40196086879778,71.76661472813471
H0599,2025-06,11.652828941764923,85.79279162674933
H0600,2025-06,14.847343111579994,89.57498662968956
C0001,2025-06,10.446412837185592,96.99932165554756
C0002,2025-06,15.344391731663176,78.10255681470811
C0003,2025-06,13.851537007045184,64.83646108584983
C0004,2025-06,17.044660038578712,82.60992130639315
C0005,2025-06,10.871223342321406,95.94730982672276
C0006,2025-06,11.620810740417081,65.84578702658507
C0007,2025-06,17.474971945954024,62.93710215936051
C0008,2025-06,16.830474107557166,75.91226256215484
C0009,2025-06,23.38176479444769,96.49082720915924
C0010,2025-06,22.82207220518763,49.148099231754856
C0011,2025-06,9.253400664502443,98.27274322426783
C0012,2025-06,17.118300337931963,68.66782206087125
C0013,2025-06,12.921912374642265,
C0014,2025-06,14.489665374410405,53.53569848780437
C0015,2025-06,18.1490543321281,83.8400777506019
C0016,2025-06,8.552788760558329,75.01087873050939
C0017,2025-06,16.185296075109118,82.88653211206184
C0018,2025-06,19.365839084740333,95.66846384163533
C0019,2025-06,17.57437176011502,98.31351882377287
C0020,2025-06,19.393816381410566,100.0
C0021,2025-06,10.695715593078166,100.0
C0022,2025-06,14.284081821219148,96.58200289869413
C0023,2025-06,11.076076955874791,81.11036529040697
C0024,2025-06,12.178320226635375,70.99686491015538
C0025,2025-06,16.175437928794437,83.7010264501832
C0026,2025-06,14.430490545415058,82.61667635932972
C0027,2025-06,13.02454146271803,93.74641414902128
C0028,2025-06,19.125070005894365,70.45467908224552
C0029,2025-06,15.069354696408242,91.13094383385031
C0030,2025-06,17.18392577338686,71.9935175579542
C0031,2025-06,13.037407485535477,75.66860635592545
C0032,2025-06,10.97767774110089,83.54084364233616
C0033,2025-06,14.00647961026292,78.97485404160292
C0034,2025-06,15.975661248952475,93.01579737299784
C0035,2025-06,,56.05490756228829
C0036,2025-06,16.82330644056189,81.81911673191694
C0038,2025-06,7.450697758811249,74.85006763296403
C0039,2025-06,16.17248319332537,96.29468809935214
C0040,2025-06,18.32325609971466,82.19536652456274
C0041,2025-06,18.185490227832346,74.40691217450126
C0042,2025-06,15.299978379467294,81.38769359489942
C0043,2025-06,10.917418480113271,100.0
C0044,2025-06,15.69859215296181,68.2186711306488
C0045,2025-06,8.263517070623667,75.42964933341538
C0046,2025-06,20.119976238349274,69.90596090570664
C0047,2025-06,19.747726094860496,83.24818584275583
C0048,2025-06,15.325560986759458,95.69702397726272
C0049,2025-06,10.433487484348477,62.61850739811351
C0050,2025-06,13.071256661582854,74.97646858415267
C0051,2025-06,17.92648062247924,61.57204322122132
C0052,2025-06,13.787929179501587,72.67925258647679
C0053,2025-06,20.7861271515859,57.917941198091754
C0054,2025-06,16.135110214059722,81.28079443377631
C0055,2025-06,10.923706787772105,89.66228264172787
C0056,2025-06,15.303080803067008,79.69343263137803
C0057,2025-06,15.125891226160542,67.8961508921509
C0058,2025-06,13.891155370615051,80.94648786601418
C0059,2025-06,18.0139836997257,63.17303221292124
C0060,2025-06,17.09954444090389,63.26957778997159
C0061,2025-06,16.24647676989775,80.68937207870103
C0062,2025-06,13.293876253921201,100.0
C0063,2025-06,17.69904156581818,81.94102288426633
C0064,2025-06,14.921145359289872,93.64442040561823
C0065,2025-06,16.374959120900236,80.01178660857875
C0066,2025-06,,97.18216179066113
C0067,2025-06,12.938111722798883,84.25921828400959
C0068,2025-06,17.76691510938728,81.2672651545212
C0069,2025-06,15.362061546925581,99.90590163803311
C0070,2025-06,14.185942369772583,61.03435237017007
C0071,2025-06,22.702313648927912,97.36811502218613
C0072,2025-06,16.505768911173064,89.48366012778644
C0073,2025-06,6.8507977789775065,81.56308264908803
C0074,2025-06,14.168238805855562,81.69442471224734
C0075,2025-06,13.241161734697922,81.78879742139517
C0076,2025-06,12.6056026786868,59.72931903111804
C0077,2025-06,15.00543697001765,45.42714118200925
C0078,2025-06,11.03599361637875,85.93117476784782
C0079,2025-06,14.526642776237807,100.0
C0080,2025-06,8.897816371418704,77.63983516205268
C0081,2025-06,13.431217952311375,55.393434528281006
C0082,2025-06,10.033825778500335,64.18908959658239
C0083,2025-06,16.447760747517044,78.36764849017786
C0084,2025-06,8.867836737199337,100.0
C0085,2025-06,,75.00624456448537
C0086,2025-06,13.750409593755744,84.34839703591534
C0087,2025-06,11.918586865109779,67.52625419855693
C0088,2025-06,13.617396265097499,69.08023049848791
C0089,2025-06,13.950994360596262,67.09139745033117
C0090,2025-06,15.923204778852114,99.6860828292111
C0091,2025-06,16.731151195907326,86.6407633946095
C0092,2025-06,17.211926973227385,87.26767216983137
C0093,2025-06,17.36284981798263,61.805109702948215
C0094,2025-06,14.985676656846744,70.3135895260975
C0095,2025-06,12.624551128238384,67.3785046530239
C0096,2025-06,19.620312343744942,86.2374545226415
C0097,2025-06,18.980780906718056,66.20928314266487
C0098,2025-06,12.573938600120488,57.87380778368549
C0099,2025-06,14.903688038501379,95.06708123783243
C0100,2025-06,9.66684954206396,73.21449734169758
C0101,2025-06,16.675600932385745,97.98972852145239
C0102,2025-06,14.462454255427312,70.22063771245337
C0103,2025-06,15.119227263679235,84.33355784417607
C0104,2025-06,11.17753763611099,79.98669409506869
C0105,2025-06,15.008210453934362,78.30733068779996
C0106,2025-06,19.483304969843662,54.151412474608144
C0107,2025-06,14.56972307329114,70.4614941099224
C0108,2025-06,12.325826740900956,84.26143048361276
C0109,2025-06,13.693393601629507,66.970735666324
C0110,2025-06,12.010004957484501,73.35842055556004
C0111,2025-06,14.892189813970615,85.05024506470635
C0112,2025-06,13.72577361810943,83.8853768283126
C0113,2025-06,18.786710843507784,86.45481881761356
C0114,2025-06,16.078695063198175,80.9718756060807
C0115,2025-06,12.871817226892395,47.680141323326964
C0116,2025-06,12.577790831374317,74.52055997327476
C0117,2025-06,9.582093272204688,53.84305291218744
C0118,2025-06,16.65313285740116,80.51760123838837
C0119,2025-06,13.870115218685923,86.31482270708267
C0120,2025-06,18.425519103860573,93.86138572454853
C0121,2025-06,9.543776048078719,88.15147681953266
C0122,2025-06,18.77583443376202,88.39830940071714
C0123,2025-06,17.606406603323524,78.33662793766004
C0124,2025-06,12.50884955100994,81.89596118322282
C0125,2025-06,,92.46141076213888
C0126,2025-06,17.378639267551574,100.0
C0127,2025-06,18.511481330431984,87.56093313629047
C0128,2025-06,21.69112004457991,81.66967496854076
C0129,2025-06,17.649811934406543,91.71750431876852
C0130,2025-06,16.43628490717527,93.29309355183506
C0131,2025-06,16.913525666107688,100.0
C0132,2025-06,18.659264785186142,75.2004061419311
C0133,2025-06,14.405160036332758,75.3993189942489
C0134,2025-06,16.536207713782503,90.34334281330916
C0135,2025-06,15.296099476154268,65.17161127661373
C0136,2025-06,14.656674427879276,94.03695671115041
C0137,2025-06,13.621323056196681,92.11125211987063
C0138,2025-06,13.596627259864803,72.67367434253943
C0139,2025-06,14.750975290608128,90.20824279335159
C0140,2025-06,14.472377844491888,74.00844349785093
C0141,2025-06,15.023122428605213,87.58378737637052
C0142,2025-06,16.112702589567114,100.0
C0143,2025-06,15.278389015788342,74.28123773383524
C0144,2025-06,12.711676513669573,80.60161250920893
C0145,2025-06,,94.59068312807312
C0146,2025-06,14.448696961438422,97.25520394893773
C0147,2025-06,20.099343782403565,77.85968154375063
C0148,2025-06,12.085904244107383,59.68804435727125
C0149,2025-06,15.505917909511474,100.0
C0150,2025-06,16.014594240353563,98.85204347273756
C0151,2025-06,15.30640616289204,63.89731767052046
C0152,2025-06,16.700126381907825,81.12794983104155
C0153,2025-06,11.316301067412166,100.0
C0154,2025-06,15.885594834639745,93.50656696731672
C0155,2025-06,13.774646313618817,100.0
C0156,2025-06,18.990488187579516,79.72280700838944
C0157,2025-06,16.561391365996304,86.9624081603404
C0158,2025-06,13.260032790696187,47.007005313380546
C0159,2025-06,13.695995333784289,90.73558170556517
C0160,2025-06,17.743498763486887,88.29831347466201
C0161,2025-06,15.800951877941019,97.13542008667739
C0162,2025-06,12.46641336407595,94.95834040288668
C0163,2025-06,14.518236384300415,96.14216635887172
C0164,2025-06,15.961209609858123,84.71542696776969
C0165,2025-06,16.912813282398496,70.54027866108015
C0166,2025-06,12.996480647883727,81.72417165325827
C0167,2025-06,17.20253229470052,80.17226515989965
C0168,2025-06,15.086078319727559,91.06755894443997
C0169,2025-06,20.286191090630183,73.64630234414683
C0170,2025-06,7.984228391177505,85.52917363708555
C0171,2025-06,13.24309040196606,100.0
C0172,2025-06,14.32307348543604,70.16638652023804
C0173,2025-06,14.223338968399453,76.01186716263061
C0174,2025-06,12.231908484106363,69.97686180573069
C0175,2025-06,11.773184257431726,
C0176,2025-06,12.695033735030316,68.88947178979583
C0177,2025-06,15.048224111975111,68.59602625709506
C0178,2025-06,8.398070088252851,83.63525177224173
C0179,2025-06,11.866054743187705,67.5532132185298
C0180,2025-06,11.087633987086082,62.967644868286705
C0181,2025-06,18.783148345283024,95.83216839404531
C0182,2025-06,14.451341104425467,78.6685754909062
C0183,2025-06,13.914429725470045,68.22297931447953
C0184,2025-06,16.833006185947035,81.12628316233815
C0186,2025-06,6.667511512751922,100.0
C0187,2025-06,14.821591797808239,95.43669783961113
C0188,2025-06,18.19692600222445,100.0
C0189,2025-06,11.343632747503666,98.30022533841532
C0190,2025-06,7.951101176691878,73.71643325921144
C0191,2025-06,20.54760216150999,100.0
C0192,2025-06,13.368383461084623,83.29458905300268
C0193,2025-06,19.278198582876385,71.9580577080308
C0194,2025-06,14.485214466204503,72.12049068309247
C0195,2025-06,15.03333737278297,
C0196,2025-06,14.084868312829531,87.89915300183488
C0197,2025-06,9.708987026385527,83.11067046472934
C0198,2025-06,9.718904572032848,68.71625269741206
C0199,2025-06,8.396114844438642,51.892405221811515
C0200,2025-06,21.76345999256693,100.0
C0201,2025-06,14.005307590824753,85.13994941410122
C0203,2025-06,10.565411511830643,77.12507453935436
C0204,2025-06,9.412495501591607,74.1390192594735
C0205,2025-06,11.060673986560683,89.52460781975975
C0206,2025-06,16.762564857787567,83.90852274920073
C0207,2025-06,10.600490561931583,
C0208,2025-06,15.660515026155768,89.61570825593688
C0209,2025-06,13.923911558862201,50.483172179527344
C0210,2025-06,12.90718584285778,96.75692787126609
C0211,2025-06,17.1968457111492,69.6568815049529
C0212,2025-06,17.98795235176943,76.8239070671681
C0213,2025-06,12.650353485761,65.90398751153141
C0214,2025-06,15.390221595906501,67.74250634750052
C0215,2025-06,14.976394214974558,73.87899280158187
C0216,2025-06,9.951519338093888,89.93805215814179
C0217,2025-06,16.406864511299222,91.52017846221743
C0218,2025-06,16.874660790431633,85.2811777857492
C0219,2025-06,10.682411490702496,81.67851412641805
C0220,2025-06,15.98962692260979,71.8290532990556
C0221,2025-06,14.000608584962578,77.9944215915773
C0222,2025-06,,91.76567034475565
C0223,2025-06,13.874674893687185,80.03107456937666
C0224,2025-06,11.468464814604413,97.39489345615937
C0225,2025-06,14.626498056200877,59.83173040530948
C0226,2025-06,11.520166079274922,100.0
C0227,2025-06,16.61710637387383,84.57226902256951
C0228,2025-06,15.742706052987078,73.05413675122489
C0229,2025-06,15.179078398721831,74.17639986307971
C0230,2025-06,20.42471429643119,67.02856436720845
C0231,2025-06,13.401917021646577,68.00290104060835
C0232,2025-06,12.138282550808906,83.15637998921257
C0233,2025-06,10.026783976492005,88.31362589470085
C0234,2025-06,17.881194336870852,85.98859347873821
C0235,2025-06,11.319059483540542,94.11927270673249
C0236,2025-06,13.758416830106587,62.543077166086064
C0237,2025-06,11.922202746682817,83.02214732691056
C0238,2025-06,12.512852391506945,88.74303057966063
C0239,2025-06,15.380260977246186,94.84652529203123
C0240,2025-06,15.491932096372864,57.26968064274344
C0241,2025-06,14.246500159561714,79.83666797591508
C0242,2025-06,20.334611249915902,72.66360967070524
C0243,2025-06,15.913216687462974,80.96463227608072
C0244,2025-06,13.790579631295843,72.1130837464367
C0245,2025-06,14.112643882021205,77.24972939020716
C0246,2025-06,12.81953904426547,
C0247,2025-06,11.596960684417526,64.36174949424463
C0248,2025-06,16.68833159989568,72.7173895965374
C0249,2025-06,18.159788129244035,78.45004427256718
C0250,2025-06,17.25168346689595,80.11390973709322
C0251,2025-06,14.126369285566819,68.9487533424672
C0252,2025-06,13.261587039123349,91.67158154409127
C0253,2025-06,9.289339537001501,85.24894124488127
C0254,2025-06,10.888130971201685,
C0255,2025-06,20.523576909765797,59.71407712188417
C0256,2025-06,15.24951364255347,83.70482011139774
C0257,2025-06,14.475136297616196,100.0
C0258,2025-06,13.47994846047635,88.48217400710857
C0259,2025-06,14.0568683838213,76.58395084150231
C0260,2025-06,12.121259958962684,69.22551215681288
C0261,2025-06,15.042587000800557,60.4514872010551
C0262,2025-06,13.606702483240223,
C0263,2025-06,17.575531062567045,83.01950484659712
C0264,2025-06,12.472926239907352,68.93229263518418
C0265,2025-06,15.205917907059868,67.42893146512046
C0266,2025-06,17.771523556670594,75.35626514191355
C0267,2025-06,11.629321027011862,83.53495773882644
C0268,2025-06,,71.82833982994961
C0269,2025-06,15.718449575945316,53.54061412392119
C0270,2025-06,14.227213949031043,69.97785528924851
C0271,2025-06,17.10934470032228,97.1021007406107
C0272,2025-06,,88.83480483292198
C0273,2025-06,12.008281655460948,75.60030136709058
C0274,2025-06,19.204453910728585,78.60212961624445
C0275,2025-06,13.85774715767549,81.62551549157364
C0276,2025-06,14.830897024497327,79.25367840247158
C0277,2025-06,10.164281833905905,90.08737791911612
C0278,2025-06,16.399901147239177,100.0
C0279,2025-06,14.685886915092464,83.56928790608121
C0280,2025-06,17.01977846871246,87.25931518672094
C0281,2025-06,12.027816960093675,
C0282,2025-06,18.627312950623534,96.88454987179199
C0283,2025-06,17.562675112592423,96.1314464402491
C0284,2025-06,14.488798152189213,
C0285,2025-06,16.032427311417376,96.49473511215373
C0286,2025-06,8.924005498139843,100.0
C0287,2025-06,17.629585586370734,91.0286211396493
C0288,2025-06,14.174586337590616,91.35391872883446
C0289,2025-06,16.90144487813437,61.79796326486578
C0290,2025-06,16.26786124036891,85.57173551676989
C0291,2025-06,16.74944770467183,82.39578287114668
C0292,2025-06,17.14359364092476,87.40436707040057
C0293,2025-06,15.599542483144882,53.43380022888347
C0294,2025-06,13.111905438258344,61.812747286415096
C0295,2025-06,13.862178815474184,41.90854947861555
C0296,2025-06,12.190459583665524,
C0297,2025-06,16.52407015082603,69.48599936467872
C0298,2025-06,18.204732405836687,72.91618663043428
C0299,2025-06,14.532404388400249,80.04485768926378
C0300,2025-06,18.941666921709256,73.69073940190383
C0301,2025-06,17.576571642993482,83.13908589474401
C0302,2025-06,15.972849167753498,79.83794526693103
C0303,2025-06,14.119896905579223,71.16538875680516
C0304,2025-06,10.92717049437674,73.74174790388388
C0305,2025-06,14.420082963863015,100.0
C0306,2025-06,10.642039740874846,100.0
C0307,2025-06,10.877730558748844,85.52971739903559
C0308,2025-06,,86.00050919284577
C0309,2025-06,9.636203441533828,73.91259026576529
C0310,2025-06,15.812545428275428,84.74134845546018
C0311,2025-06,12.460259552746214,94.74476457409085
C0312,2025-06,12.06119963644249,92.7500419881178
C0313,2025-06,,98.27115783112657
C0314,2025-06,19.338473460598212,71.9260452589962
C0315,2025-06,11.74361210213964,78.308940091548
C0316,2025-06,15.36085242670444,80.21301531477249
C0317,2025-06,13.310294514335716,100.0
C0318,2025-06,20.28940050874373,69.38123557761203
C0319,2025-06,16.303540892733853,93.994631095882
C0320,2025-06,17.042331601323344,66.75920348636282
C0321,2025-06,15.582562929021654,60.58184127210207
C0322,2025-06,14.967990692233924,69.43265299051251
C0323,2025-06,18.835722503028002,73.59908062637345
C0324,2025-06,9.713343001545063,
C0325,2025-06,11.564536708725495,65.76245674466455
C0326,2025-06,12.357135183679958,78.3892962115949
C0327,2025-06,19.843741458768257,85.9099147655247
C0328,2025-06,19.071885386948097,100.0
C0329,2025-06,17.32521695166093,100.0
C0330,2025-06,11.271385313173667,52.83798894341416
C0331,2025-06,18.695378050054916,83.56032024386245
C0332,2025-06,11.634513216761835,66.62558804287835
C0333,2025-06,14.613611126369435,55.23695838418751
C0334,2025-06,15.932779367365134,90.34253274611224
C0335,2025-06,13.360441940723376,59.15771381334996
C0336,2025-06,16.375242255751928,100.0
C0337,2025-06,15.412017295466969,82.65832150027072
C0338,2025-06,15.592502525921393,98.3428765710794
C0339,2025-06,,77.01167535636554
C0340,2025-06,14.724363926133465,100.0
C0341,2025-06,13.045401922164793,
C0342,2025-06,17.272179803558572,
C0343,2025-06,15.690364760700424,76.60421838686857
C0344,2025-06,12.386128406134869,90.25774191415749
C0345,2025-06,,68.76822477616408
C0346,2025-06,16.7678572757049,95.68482268965269
C0347,2025-06,17.746642028378947,83.10120940485312
C0348,2025-06,14.109485004350738,75.83849913294769
C0349,2025-06,14.34997538336531,59.87169751636246
C0350,2025-06,20.643338023413687,84.83583085122025
C0351,2025-06,9.54943593960732,
C0352,2025-06,14.679657138813,99.36035076123008
C0353,2025-06,12.91152715752273,72.83111382179236
C0354,2025-06,13.452216098830807,86.3826099926946
C0355,2025-06,13.3913167108163,82.72150705513627
C0356,2025-06,13.080903173728286,71.33755422580985
C0357,2025-06,5.31808246000881,100.0
C0358,2025-06,14.549287551951565,89.12827937204466
C0359,2025-06,11.436433835291533,69.74086759580034
C0360,2025-06,19.29022722919269,74.35248340233012
C0361,2025-06,15.751085677112536,68.30749986297455
C0362,2025-06,9.43190017922673,97.03894079419071
C0363,2025-06,14.633542724500273,100.0
C0364,2025-06,,76.07865299042828
C0365,2025-06,11.533051220090737,85.3411332095381
C0366,2025-06,11.128947836260457,88.61861030255109
C0367,2025-06,13.51761886669658,99.48718114129883
C0369,2025-06,17.27089945223635,75.79846392160962
C0370,2025-06,14.456227818912156,97.02984381453135
C0371,2025-06,16.150233269097306,97.89437101544391
C0372,2025-06,13.164989622432115,82.15006362334033
C0373,2025-06,22.09322575054649,72.3863550296961
C0374,2025-06,10.341524307225619,60.593765743845864
C0375,2025-06,13.31705215131867,100.0
C0376,2025-06,16.415577201708043,86.69790367565119
C0378,2025-06,14.871032544053715,
C0379,2025-06,10.14333801747414,78.01887252698116
C0380,2025-06,15.31585302705375,87.26959315652915
C0381,2025-06,15.32693008424465,79.38558489104301
C0382,2025-06,15.55651708464832,75.90557124268663
C0383,2025-06,12.286140949487594,85.34325185200984
C0384,2025-06,10.947875174975959,65.9983801360175
C0385,2025-06,14.280502683931065,83.07010163862472
C0386,2025-06,12.028431362749373,75.85556729786587
C0387,2025-06,,100.0
C0388,2025-06,13.436511588901832,73.72779491349819
C0389,2025-06,14.063204468362724,94.38201344759366
C0390,2025-06,13.944925257294793,74.81168207742897
C0391,2025-06,17.58441077145696,81.81327506518129
C0392,2025-06,18.790441733792452,64.78814048935875
C0393,2025-06,13.491916533731272,87.31000000620992
C0394,2025-06,16.66618454726653,72.54147503765353
C0395,2025-06,13.493599566521514,52.83129987073071
C0396,2025-06,16.19845782708282,93.38828275003647
C0397,2025-06,15.312505209096212,70.97286973821937
C0398,2025-06,15.127291297865254,100.0
C0399,2025-06,16.02464036733419,74.046768652663
C0400,2025-06,12.265020617494836,76.07930436317606
C0401,2025-06,12.843139627268458,70.94725485947599
C0402,2025-06,15.873683634044337,87.49806863255304
C0403,2025-06,12.565667000019111,73.29161704727177
C0404,2025-06,13.560129222769039,87.24982548344852
C0405,2025-06,16.175433607915142,88.15099453617546
C0406,2025-06,,72.89116106869449
C0407,2025-06,14.274722751815641,79.24045314079906
C0408,2025-06,15.50534576070046,75.56758221512119
C0409,2025-06,15.412869490576908,85.03064994717292
C0410,2025-06,17.008869975354795,91.78836879030239
C0411,2025-06,13.922005920984237,87.74725786698743
C0412,2025-06,14.320615160655983,66.40254587226484
C0413,2025-06,10.993153241014902,63.12827853829983
C0414,2025-06,17.65093943470826,80.6719385152664
C0415,2025-06,19.72507688865276,98.7661035880561
C0416,2025-06,19.747712711490042,82.14391048903582
C0417,2025-06,18.095273676206258,89.57636175480584
C0418,2025-06,10.69937962580858,63.2076472981133
C0419,2025-06,11.718970654765812,69.94643271289115
C0420,2025-06,13.861610964965163,78.15584753530396
C0421,2025-06,12.630722641749713,71.2786624437288
C0422,2025-06,15.699728141277534,66.58540534462021
C0423,2025-06,15.279199536156527,99.34299955947426
C0424,2025-06,13.458701634100038,90.13741613319279
C0425,2025-06,12.916139876275718,84.72322544511118
C0426,2025-06,18.425210603069583,92.12311533963882
C0427,2025-06,10.620546828784686,73.80687733406229
C0428,2025-06,16.593904832297515,60.8262524394183
C0429,2025-06,13.627858179892838,
C0430,2025-06,14.51249204602684,83.7949455781707
C0431,2025-06,15.217157822947147,72.16125798603517
C0432,2025-06,14.09298789331683,82.21352743146737
C0433,2025-06,13.67562127940448,73.43198447918083
C0434,2025-06,,75.73878638983126
C0435,2025-06,18.074469449455417,100.0
C0436,2025-06,11.848225723184932,68.83705773013061
C0437,2025-06,20.124018554983028,75.34292392234002
C0438,2025-06,16.102471388778717,71.40532076125366
C0439,2025-06,15.625423745466705,98.15275961879456
C0440,2025-06,12.51293878946186,70.70852072680533
C0441,2025-06,12.069912914315797,65.43474189694707
C0442,2025-06,16.056055051735818,
C0443,2025-06,13.699954679074144,78.9807359939308
C0444,2025-06,16.363165851548025,98.32329019765454
C0445,2025-06,17.253966042836176,93.13583552578022
C0446,2025-06,16.396750284787352,59.37430257032803
C0447,2025-06,17.52692345319964,80.67953535071406
C0448,2025-06,12.55010043513668,85.32278549437301
C0449,2025-06,,90.03003030181618
C0450,2025-06,17.582173360682596,97.87074890768079
C0451,2025-06,14.49265522355035,77.87754106807188
C0452,2025-06,12.187854450587245,73.62231780541741
C0453,2025-06,21.892869917391167,83.71670456747012
C0454,2025-06,14.934750068439303,
C0456,2025-06,16.721572804134126,85.27503647169792
C0457,2025-06,11.902430271123736,67.9810083438758
C0458,2025-06,10.966292506888443,77.9072508719594
C0459,2025-06,14.93150779634432,100.0
C0460,2025-06,11.20332400770553,63.76237174466985
C0461,2025-06,13.161707566614377,85.06591390717857
C0463,2025-06,19.118268194707053,91.23551417514479
C0464,2025-06,13.095823501364343,98.29035599696475
C0465,2025-06,14.081086255598365,87.65901713907627
C0466,2025-06,19.267886185154765,86.73198198706989
C0468,2025-06,13.923774523403338,81.98308848546917
C0469,2025-06,11.192696396936697,76.24471403052911
C0470,2025-06,12.74017502010508,71.8603070439629
C0471,2025-06,14.835836542815304,81.37864870286361
C0472,2025-06,18.874235814004305,78.28824013553361
C0473,2025-06,12.541162741131634,88.52753652450241
C0474,2025-06,17.325255529913544,79.60114077513768
C0475,2025-06,19.891215269273907,78.16234429446405
C0476,2025-06,11.820308990206621,75.02483827763679
C0477,2025-06,11.860988476962818,100.0
C0478,2025-06,17.233120577415427,79.2155044149619
C0479,2025-06,15.553806419303426,66.12011399847188
C0480,2025-06,14.872297206360232,83.63894693271473
C0481,2025-06,16.334743089624475,81.66414748398194
C0482,2025-06,8.792670338823061,87.15869896202982
C0483,2025-06,14.600687558080823,95.7991162386819
C0484,2025-06,9.940592869955374,62.65008922770841
C0486,2025-06,14.021839589429478,84.17088227419757
C0487,2025-06,11.41219169373866,51.486610051492676
C0488,2025-06,11.628676956866007,94.28682566435413
C0489,2025-06,17.723876312977332,100.0
C0490,2025-06,16.102006006148507,60.378248490333114
C0491,2025-06,10.177522666393598,97.07546115363667
C0492,2025-06,13.782524568202861,72.9879832725949
C0493,2025-06,12.912870688468914,78.66066707654281
C0494,2025-06,17.253482597798108,77.28802354476699
C0495,2025-06,14.838418971200936,75.41228967836034
C0496,2025-06,14.746778551339212,73.86058886083495
C0497,2025-06,13.451270487092014,76.69165928797467
C0498,2025-06,,90.17337690098246
C0499,2025-06,16.028386586181732,68.78055158431063
C0500,2025-06,10.066452771840257,81.11598432478897
C0501,2025-06,20.410046428144913,95.39819358739099
C0502,2025-06,11.597401165921232,73.19888609490987
C0503,2025-06,10.43674260707785,63.616829050099724
C0504,2025-06,14.982154564909088,83.86125754809814
C0505,2025-06,10.951430293640449,80.36179499824871
C0506,2025-06,15.8100052813121,66.36455458663818
C0507,2025-06,15.38502811968955,72.61067712491082
C0508,2025-06,13.581243663639817,100.0
C0509,2025-06,17.040325639972583,87.08487864120877
C0510,2025-06,10.712607712780278,98.48342057411138
C0511,2025-06,14.150045748456666,85.03986357301608
C0512,2025-06,16.959751167583153,80.89012130549561
C0513,2025-06,21.57391149105777,80.32062730679284
C0514,2025-06,14.226748559873137,74.73570049636186
C0516,2025-06,18.136637568381584,75.28795215747783
C0517,2025-06,10.272071955849608,99.34582148415504
C0518,2025-06,12.435344429708678,86.9623677889072
C0519,2025-06,16.384007116384755,58.61968048484471
C0520,2025-06,13.372568080780614,93.00289320148549
C0521,2025-06,15.651638177479834,77.61690591776566
C0522,2025-06,19.114980290912563,68.1946087408921
C0523,2025-06,24.00073773486197,66.23003017225182
C0524,2025-06,10.9400618680531,82.59101969491444
C0525,2025-06,10.70358508718403,68.33997872408973
C0526,2025-06,9.993479103268733,44.68713364261178
C0527,2025-06,21.989367098744346,66.86392409280708
C0528,2025-06,13.596337346599848,92.96974750206644
C0529,2025-06,19.46833404767268,76.14491308040564
C0530,2025-06,14.108667714940697,74.04349183106716
C0531,2025-06,10.978444034513291,
C0532,2025-06,13.01493881110434,62.864315548682235
C0533,2025-06,10.988264386062733,95.06864271181749
C0534,2025-06,18.86443093498088,96.05877052733467
C0535,2025-06,17.086111246484975,88.8166219240973
C0536,2025-06,9.952152206365845,95.37990558555954
C0537,2025-06,13.311132941574108,75.3600630114933
C0538,2025-06,13.492608217203568,85.32678348649326
C0539,2025-06,16.327796734756465,71.11476001585491
C0540,2025-06,11.207696103554795,64.69364938344071
C0541,2025-06,18.126516617234902,78.13311246017713
C0542,2025-06,9.78500702098081,88.42232694590224
C0543,2025-06,9.747526521474878,74.46056177411315
C0544,2025-06,14.142463393955738,57.952626588857406
C0545,2025-06,14.248086854388507,99.32091222297338
C0547,2025-06,14.115135019997147,65.04942918432752
C0548,2025-06,17.1183366820878,75.13381604550682
C0549,2025-06,14.54890494611586,77.24382376256033
C0550,2025-06,10.82804060031214,65.0904305978477
C0551,2025-06,11.027801987187585,88.41249578955836
C0552,2025-06,16.009511180123713,95.98708147344108
C0553,2025-06,11.261723729335287,92.85504290774225
C0554,2025-06,16.01031601252025,82.60584759848436
C0555,2025-06,14.97014362781987,100.0
C0556,2025-06,18.862383803405784,56.19993604434899
C0557,2025-06,15.286618577452781,83.37018614791208
C0559,2025-06,16.72957607221587,86.45690468827328
C0561,2025-06,14.420959280851125,86.68735103472228
C0562,2025-06,15.6356312700134,72.09530909529516
C0563,2025-06,15.035478209610908,84.33650402098213
C0564,2025-06,17.37928367126806,76.15118833516048
C0566,2025-06,23.582783966887824,91.3179569485568
C0567,2025-06,13.161293438020946,61.664964018203904
C0568,2025-06,12.09101296938233,77.00695049305675
C0569,2025-06,14.905377972405752,90.6888423635087
C0570,2025-06,16.79804645720684,84.21201930311966
C0571,2025-06,13.391473258668881,55.57395343194025
C0572,2025-06,11.094611223081461,92.13394205584217
C0573,2025-06,16.333258884065327,89.69574208825664
C0574,2025-06,19.50491935119477,74.48762848796461
C0575,2025-06,11.085358321062678,66.86547513664893
C0576,2025-06,17.053524031838357,82.95781930113418
C0577,2025-06,9.36636895221134,70.8625745304303
C0578,2025-06,12.080970831238194,92.82832229116877
C0580,2025-06,19.717081791408358,90.91250017675459
C0581,2025-06,11.381114414492378,72.59521533323753
C0582,2025-06,15.153670037300062,79.86681124386584
C0583,2025-06,14.976817519684085,91.64926354343334
C0584,2025-06,11.168905632177841,74.67093063403303
C0585,2025-06,22.063898146004103,52.755527439903844
C0586,2025-06,20.27853662469995,75.59824067029183
C0587,2025-06,10.092146927238637,69.9852593869452
C0589,2025-06,19.334482141659823,68.42045236308941
C0590,2025-06,14.59828082949279,78.307402365284
C0591,2025-06,22.230141172079595,93.78040133139336
C0592,2025-06,11.313721935398759,81.47025671397078
C0594,2025-06,14.519072489969224,86.24689628624597
C0595,2025-06,15.808926095239343,68.53892432422151
C0596,2025-06,16.99133474341901,57.15153199672214
C0597,2025-06,14.076930577451435,65.65970250614913
C0598,2025-06,9.32655179627358,85.57523939545794
C0599,2025-06,20.092278927319803,78.42024992469645
C0600,2025-06,18.091895830625038,76.25739421168551
C0601,2025-06,21.440700185847145,88.82431987992243
C0602,2025-06,10.674764496500217,77.97174640205557
C0603,2025-06,13.941540927220325,74.54080313165873
C0604,2025-06,16.6645809742646,81.79086718822263
C0605,2025-06,11.282231525221146,74.37069754724254
C0606,2025-06,16.093702267899552,83.35563680146755
C0607,2025-06,15.732310004482748,77.81935908717396
C0608,2025-06,7.916854867710651,99.46525060651483
C0609,2025-06,15.585197216675503,96.1875902824874
C0610,2025-06,8.75368386095685,62.15969284951531
C0611,2025-06,16.082392792421956,71.20242184093998
C0612,2025-06,10.420989447088413,100.0
C0613,2025-06,11.779407239964902,78.55529923934503
C0614,2025-06,8.836693291506693,94.33862708742956
C0615,2025-06,,84.33808118898833
C0616,2025-06,5.76497192048755,
C0617,2025-06,,66.52804975473991
C0618,2025-06,17.28567419541046,69.34471921971706
C0619,2025-06,10.337714534347963,69.80748091346014
C0620,2025-06,12.276702381393186,100.0
C0621,2025-06,11.583413509063282,71.73061116522639
C0623,2025-06,18.450670099141533,72.44273429360304
C0624,2025-06,18.03096718822088,82.75795764300032
C0625,2025-06,16.062310314320563,82.94573823385214
C0626,2025-06,16.999029935679957,45.91036485433872
C0627,2025-06,14.684610662233608,69.93310981715607
C0628,2025-06,14.644028803269228,77.94386035234002
C0629,2025-06,18.585457350153423,58.64465314359535
C0630,2025-06,20.397678524966746,76.66023176786143
C0631,2025-06,16.198386266472927,87.77463640437634
C0632,2025-06,16.762808746368478,96.53653549649279
C0633,2025-06,15.21326527479946,68.6930680783395
C0634,2025-06,13.766129040906288,71.00400760140366
C0635,2025-06,20.774458029697435,85.3812859132772
C0637,2025-06,19.836254830173345,82.35730357951142
C0638,2025-06,14.057647215339875,89.17797376378662
C0639,2025-06,14.191607323291558,84.49468377281624
C0640,2025-06,15.570525880220632,69.57559189842168
C0641,2025-06,12.238978234031013,71.18814848261546
C0642,2025-06,17.499976837158837,84.34672188613565
C0643,2025-06,16.232554815317616,89.77065933792882
C0644,2025-06,19.462567309518164,77.70054248931407
C0645,2025-06,17.012346780599998,86.99585225413382
C0646,2025-06,17.68216906269171,99.52020850209084
C0647,2025-06,16.61593220203796,65.92156674295173
C0648,2025-06,13.629448071174817,96.15657787475587
C0649,2025-06,11.037131220878852,64.11927759986648
C0650,2025-06,8.68658584718781,50.31784886013034
C0651,2025-06,16.304812345194932,91.96538639237694
C0652,2025-06,19.105174922388677,100.0
C0653,2025-06,12.07052030787353,58.053001118257875
C0654,2025-06,12.234919641686256,73.98756343129209
C0655,2025-06,13.112797961222578,77.82256598215085
C0656,2025-06,17.73207536572192,57.69791991434727
C0658,2025-06,15.604056924962688,59.621362912889246
C0659,2025-06,15.214353552910516,83.5546573199336
C0660,2025-06,8.753310762016522,77.7872258004238
C0661,2025-06,18.58545236634048,76.63178644720706
C0662,2025-06,,62.26231618994364
C0663,2025-06,13.675281006819308,92.48965450032638
C0664,2025-06,13.904039063773546,78.00822362033135
C0665,2025-06,,
C0666,2025-06,17.50727217580711,81.80561287100916
C0667,2025-06,22.526708137647347,93.16340231028269
C0668,2025-06,14.852726414577305,56.75526209291836
C0669,2025-06,14.032543773847614,53.26935892015749
C0670,2025-06,13.381984868742913,82.2319596239609
C0671,2025-06,12.764978336670612,54.069612696291635
C0672,2025-06,10.322135408018012,90.00740965086695
C0673,2025-06,12.536475169628206,66.86482295074646
C0674,2025-06,12.656934264430681,65.42611692140348
C0675,2025-06,21.39788044426656,96.45667864765149
C0676,2025-06,,97.27808826144279
C0677,2025-06,18.414347386077434,86.00075169653262
C0678,2025-06,12.780607324185768,75.38526136205189
C0679,2025-06,15.265192771052968,
C0680,2025-06,17.847379394696894,75.6186694436833
C0681,2025-06,22.521033902389625,61.42552697870842
C0682,2025-06,18.895877181101852,80.09259703776434
C0683,2025-06,,87.20039666927168
C0684,2025-06,15.92824020846846,79.46700896791357
C0686,2025-06,12.865054104012907,
C0687,2025-06,20.226280969550963,78.09295240443433
C0688,2025-06,17.56034615968771,75.52013967800674
C0689,2025-06,16.634737791866684,78.86813386386777
C0690,2025-06,14.827384283540809,55.75434861402302
C0691,2025-06,11.993237152933784,95.3264121323707
C0692,2025-06,16.015337113228522,94.13770953281224
C0693,2025-06,12.826975223996705,83.24146842623414
C0694,2025-06,19.8053387234051,62.57239040968011
C0695,2025-06,11.297486288666587,93.58759311263265
C0696,2025-06,17.329879185701927,60.22737600834178
C0697,2025-06,16.994425346675893,64.20665752158132
C0698,2025-06,18.60129590335479,74.0200986793064
C0699,2025-06,21.18483593116628,75.31452387520484
C0700,2025-06,14.984684265550737,95.17853490898597
C0701,2025-06,14.652732465695422,94.9860404582713
C0702,2025-06,10.971947665854154,92.29061988019532
C0703,2025-06,13.262114077708413,59.3144709106288
C0704,2025-06,13.952367105419206,96.56591982154487
C0705,2025-06,12.820536049373873,50.911270307773876
C0706,2025-06,13.25314008152053,68.8317845357191
C0707,2025-06,12.654973743040397,88.12763099224827
C0708,2025-06,8.739720845103477,90.82016279402688
C0709,2025-06,14.561759671980568,77.03771512872008
C0710,2025-06,10.753184044368524,69.25651243596168
C0711,2025-06,17.960457523351792,82.9383309452824
C0712,2025-06,9.782330796056375,64.38960851239649
C0713,2025-06,15.439690084382196,73.05088388890331
C0714,2025-06,17.394158205620165,80.82892294071846
C0715,2025-06,18.02243276556811,100.0
C0716,2025-06,17.571288951804693,95.4750731980688
C0717,2025-06,14.713036136811006,100.0
C0718,2025-06,12.918709078243126,86.11792909236421
C0719,2025-06,12.583850797772271,67.18871593470406
C0720,2025-06,11.809466232357904,65.24917038564406
C0721,2025-06,11.403608337631004,89.15282179662296
C0722,2025-06,19.36217208003454,89.79694092166389
C0723,2025-06,14.016667375920758,75.64575472549807
C0724,2025-06,16.497076124701124,69.41464205596944
C0725,2025-06,,
C0726,2025-06,5.0739925501596765,80.34679463774778
C0727,2025-06,11.7226733975369,62.82327927962832
C0728,2025-06,,52.02753302155304
C0729,2025-06,18.233788403933048,100.0
C0730,2025-06,14.549062922744982,70.14940157077791
C0731,2025-06,7.6933902457711225,68.35228907113554
C0732,2025-06,10.783440710252766,70.0417592814751
C0733,2025-06,16.508481278310605,88.66323890505609
C0734,2025-06,15.710808087333058,93.17122338123517
C0735,2025-06,,61.10134673585614
C0736,2025-06,14.569815299737016,98.92665968738729
C0737,2025-06,9.446549518108739,60.54087488022885
C0738,2025-06,13.645287629851559,94.3797970732137
C0739,2025-06,16.722301099143564,84.05896097946142
C0740,2025-06,8.365062289114624,
C0742,2025-06,14.442704376568912,85.44975508103897
C0743,2025-06,15.535350778535065,81.88902508789504
C0744,2025-06,14.215289407264521,51.893492321501625
C0745,2025-06,11.135001756778221,88.4703722455485
C0746,2025-06,14.548880218711346,74.5336603371704
C0747,2025-06,16.72681256112584,84.27348231278252
C0748,2025-06,13.747996091346762,59.35812349319045
C0749,2025-06,13.262974935480571,60.66852876916824
C0751,2025-06,20.23718470073827,73.16673665104982
C0752,2025-06,19.104853412376222,72.14570110569836
C0753,2025-06,17.51546586189453,80.37094242324201
C0754,2025-06,10.283032963822503,85.63194742381697
C0755,2025-06,17.48416053008516,99.46481174173073
C0756,2025-06,,100.0
C0757,2025-06,15.442471090398708,66.36761723259914
C0758,2025-06,13.112410329830968,
C0759,2025-06,13.63331818458233,85.75276357586279
C0760,2025-06,14.27635916969275,63.18201862944366
C0761,2025-06,16.41684199195679,83.28026931634665
C0762,2025-06,17.416749161592843,51.25822998189517
C0763,2025-06,13.857106402642726,54.79035909207944
C0764,2025-06,,93.3241005271465
C0765,2025-06,16.394381907816193,63.51227442881446
C0766,2025-06,15.376576861111255,68.35418400947287
C0767,2025-06,12.339441026535368,76.05492962091832
C0768,2025-06,15.76376648004049,87.11008393167461
C0769,2025-06,17.879592633433983,82.67004654046549
C0770,2025-06,15.23586729892737,93.25291332819714
C0771,2025-06,9.253453415676347,70.59832861991592
C0772,2025-06,17.06590033308553,84.26523692267126
C0773,2025-06,15.74146691771768,58.943349871094995
C0774,2025-06,15.146563988333808,100.0
C0775,2025-06,15.914014394213599,61.89337180564239
C0776,2025-06,16.05155979235778,72.23385487003105
C0777,2025-06,14.596626000212352,60.76020734041815
C0778,2025-06,10.211539422980856,46.51739618473886
C0779,2025-06,14.567628685728103,81.86876521317872
C0781,2025-06,19.59890822890143,100.0
C0782,2025-06,15.496669152623944,96.3522560912088
C0783,2025-06,12.066139002365276,74.75127207415079
C0784,2025-06,14.056748299782218,80.15721978291435
C0785,2025-06,12.266759369239901,80.07903728395206
C0786,2025-06,11.075447411128113,90.3681623691618
C0787,2025-06,15.248185864955282,80.90223923909525
C0789,2025-06,9.893654788499317,97.04441647141758
C0790,2025-06,16.531560861565964,77.781254541683
C0791,2025-06,14.26757114906476,
C0792,2025-06,15.41714602602982,93.26875376452384
C0793,2025-06,17.284364158690558,58.33653616460867
C0794,2025-06,15.109511296673686,80.81896079016882
C0796,2025-06,19.29321483780954,
C0797,2025-06,13.413365497128071,85.7990560775988
C0798,2025-06,15.661591348854577,73.70647579376272
C0799,2025-06,13.944102147029657,91.29833746968346
C0800,2025-06,16.528675081666467,75.2382176831821
H0034,2025-01,19.493762980674003,70.87540269115179
C0482,2025-04,9.971411271618397,97.10504675916542
C0113,2025-04,17.30590460797517,68.96579442251965
H0499,2025-03,,100.0
H0557,2025-04,15.963988037087793,
C0634,2025-04,18.804065170381467,86.58613374333981
H0030,2025-02,15.315908527426986,80.93462698018742
C0698,2025-01,15.015789449192503,98.35704628917321
C0122,2025-04,13.856138736801805,68.42532550305427
H0534,2025-01,9.566503051787793,88.1410128916355
H0402,2025-06,14.541840052015814,61.952361430755325
H0278,2025-03,12.36522508919965,85.08478707040187
H0304,2025-02,11.076703671203486,45.09064236485127
C0283,2025-03,16.01771857672597,82.03037265566267
C0273,2025-06,12.008281655460948,75.60030136709058
H0042,2025-05,10.524310751906159,65.73173728412732
H0473,2025-06,17.771634273313516,75.28281112370179
C0423,2025-01,13.407426006602748,54.83284538786815
H0136,2025-05,20.319352895353084,80.09118535588375
H0488,2025-04,13.851304824313646,69.51486033800722
H0319,2025-01,15.488183909498416,74.35616076160252
C0164,2025-04,,67.54948282525007
C0167,2025-01,14.973529733991496,78.68591165584115
H0098,2025-03,10.384862524095897,88.09731561909337
C0362,2025-03,16.282141895467927,81.19397771899366
H0222,2025-01,16.034436763158386,100.0
H0470,2025-06,10.132305533481135,
C0474,2025-02,20.562541932512683,86.19436510046089
C0135,2025-03,19.51533052862984,94.46553238057103
H0360,2025-04,6.077709589058145,100.0
H0187,2025-02,11.811780200621786,80.37583804656803
H0099,2025-05,19.54758981974116,92.11251558306338
H0083,2025-06,10.195321058579015,50.53326403282467
H0006,2025-02,20.19061472444572,62.7876791664836
C0696,2025-01,14.18463201680183,64.69806093285517
C0531,2025-06,10.978444034513291,
H0546,2025-02,9.80656838619284,72.19761771607028
C0799,2025-06,13.944102147029657,91.29833746968346
C0477,2025-02,15.956948609679362,84.20052284937613
H0195,2025-04,17.195228351543438,73.31297286234367
C0007,2025-02,13.793233027382762,100.0
C0281,2025-02,9.051654431930391,75.6335069747531
C0082,2025-06,10.033825778500335,64.18908959658239
C0134,2025-01,14.973159021716727,84.61207194005512
C0263,2025-04,13.34142196843167,61.62250255577836
C0143,2025-02,15.103243575274256,81.80838347641722
C0600,2025-01,11.863081509383367,77.21608376538472
H0133,2025-03,13.457102737298763,63.33802383874478
H0468,2025-02,20.80250301909642,91.84874989131755
H0319,2025-05,16.80907702267617,100.0
C0642,2025-02,17.298208174756034,80.14535694676691
C0629,2025-02,12.146774563569169,70.89467465603954
C0629,2025-05,20.17390773388239,94.21231709982317
C0366,2025-01,18.54309221019501,77.11476701740968
C0032,2025-06,10.97767774110089,83.54084364233616
H0566,2025-05,17.190099037957367,93.03631325427963
C0403,2025-05,8.966532010755554,84.99441165853915
C0688,2025-04,19.15247735686516,96.88281973785655
C0784,2025-01,12.792773584709185,70.58618805540398
H0018,2025-01,15.202413739380502,95.651672862472
C0251,2025-06,14.126369285566819,68.9487533424672
C0210,2025-04,18.504277727486425,61.169158359428266
C0043,2025-03,15.267715055785478,67.84974499343093
H0462,2025-01,,100.0
H0546,2025-06,9.970563191135444,83.04020009792474
C0761,2025-03,21.812812582680326,86.33548317597914
C0428,2025-04,18.543383588709247,69.37104581812888
C0309,2025-01,19.503055720550467,81.54750617316711
C0729,2025-03,16.827275016365547,
C0797,2025-06,13.413365497128071,85.7990560775988
C0548,2025-04,,76.92952485404103
C0550,2025-02,14.10712694234641,76.65582897475058
H0016,2025-06,,96.09787231000993
H0065,2025-03,10.226984308252653,100.0
H0239,2025-05,16.479938332793736,
C0566,2025-05,16.080452788409282,72.51143943042418
C0272,2025-04,13.568716674913068,91.49783975202494
C0333,2025-01,9.748938523045116,79.94312504645792
C0476,2025-05,14.935528787274057,66.18483980064939
C0489,2025-05,13.124461367775638,77.44597538715125
C0736,2025-06,14.569815299737016,98.92665968738729
H0339,2025-06,17.17014939580483,84.99984419630633
H0464,2025-06,12.67078945369417,88.87716670667979
C0517,2025-03,13.95178732232917,77.74458375988856
C0291,2025-04,20.688073114045707,82.01463284749812
H0167,2025-02,15.522569247920503,99.29633013135937
C0124,2025-04,13.669996888034252,53.100284291453896
C0212,2025-01,7.037229653351574,80.56379142237274
H0247,2025-04,17.972549165034252,50.432906904200536
C0259,2025-01,11.933527265552472,
H0056,2025-06,13.691058426916229,100.0
C0737,2025-06,9.446549518108739,60.54087488022885
C0393,2025-04,13.809003973424993,79.59281105994229
C0664,2025-02,13.057234253392489,93.78029324291927
C0672,2025-03,13.407515430038513,73.93616790610041
C0703,2025-03,,76.94730053100082
H0315,2025-03,11.967515121149594,69.40972329010965
C0583,2025-05,11.31408046528314,66.20229749931308
C0354,2025-04,6.2000604384131,70.83773154460098
C0248,2025-05,16.143777885740754,
C0321,2025-03,16.230093262159453,98.64470840108334
H0071,2025-06,9.604456589394404,100.0
H0579,2025-02,16.075870297827848,86.14342630136554
C0383,2025-01,14.680835365118565,94.35841422369592
H0472,2025-02,10.875767118829256,
H0382,2025-05,20.597334449942444,100.0
H0350,2025-01,12.80646849365967,79.46356949172194
C0488,2025-05,14.58659052029062,59.63616645194347
C0232,2025-06,12.138282550808906,83.15637998921257
C0026,2025-01,17.481102312531092,77.80678231560788
C0104,2025-04,13.170729033685332,
H0236,2025-05,18.439943714027304,74.57466369646636
C0413,2025-02,16.126767701474797,77.92252059135758
H0544,2025-04,14.245287748081324,74.97056990864044
H0526,2025-05,12.357358822730092,57.6083939529985
C0656,2025-03,8.708754082274588,100.0
H0360,2025-06,14.072700727003197,78.71931668847793
C0080,2025-03,14.899359193800207,65.27087957004548
H0231,2025-06,14.706702060195667,98.33881085908206
H0194,2025-02,16.584900235762458,95.09873237738027
C0791,2025-04,17.608630965525503,85.65370614838167
C0488,2025-02,13.052289462606812,68.00381858431967
C0416,2025-03,14.360441630403525,47.76388296423737
H0043,2025-03,18.970147455489357,73.6376156371157
C0661,2025-05,14.243628245670031,71.83475556196986
H0300,2025-02,14.748563904758779,81.26999282670607
H0153,2025-06,17.073829613762356,85.95998056973252
C0693,2025-06,12.826975223996705,83.24146842623414
H0263,2025-02,17.22190833726014,100.0
H0430,2025-01,15.398578170705207,70.3598837860086
C0683,2025-01,13.228940647135243,62.79180529153132
H0486,2025-06,13.04264043628309,100.0
H0240,2025-01,14.223625455478434,73.5975964126109
H0593,2025-03,18.31497626202195,95.84498142765267
C0705,2025-03,12.049440600711259,100.0
C0790,2025-06,16.531560861565964,77.781254541683
H0448,2025-04,13.83402267157439,100.0
C0629,2025-06,18.585457350153423,58.64465314359535
C0371,2025-01,17.567365331095193,
H0030,2025-06,17.696219956112415,76.30165621699153
C0586,2025-03,18.243506213090626,
H0433,2025-02,16.010647257628055,
C0790,2025-03,17.712728349884966,87.52815833230397
C0139,2025-04,18.03931460150381,100.0
H0182,2025-06,14.29395415236401,62.66836442405703
C0686,2025-03,14.93665484814066,67.00236148764087
C0637,2025-04,17.21658568786222,82.73104796849766
C0765,2025-05,21.785990991195185,88.53138639078402
C0108,2025-04,16.735716506977816,87.71764355568634
H0488,2025-01,14.827498561902335,80.42196679579364
H0232,2025-05,19.90294808969506,67.03187650807075
C0535,2025-06,17.086111246484975,88.8166219240973
C0384,2025-03,15.462426520238715,90.47001305749352
H0268,2025-05,8.405010001228446,78.90067934562715
H0597,2025-03,15.614947062338013,82.1909006319752
C0158,2025-05,19.622026053137493,89.10528473342727
C0596,2025-01,11.242540980865988,87.13837370298856
C0259,2025-03,15.063442004848703,100.0
H0286,2025-06,17.28345630918625,100.0
C0719,2025-02,10.752924205961463,64.2960552592841
H0394,2025-02,,100.0
C0495,2025-04,13.521908262309513,55.45001512781538
H0519,2025-01,14.809822855670625,78.41917894474403
C0454,2025-01,15.314790878234087,98.10292140185838
H0334,2025-06,13.063659437310857,78.45799815868722
