student_id,month,aptitude,coding,mock_interview
H0001,2025-01,67.79254862305649,61.39106073671503,69.55437945953501
H0002,2025-01,65.80590166459979,52.75433164391602,95.39819520277344
H0003,2025-01,78.11088577861938,54.484441961835905,66.99071728234927
H0004,2025-01,69.4225719077877,75.95537869740362,75.1259855505283
H0005,2025-01,88.57107400171957,80.5500974732272,51.54128640935189
H0006,2025-01,84.2256799715305,56.431444567890686,76.67922271258618
H0007,2025-01,71.99529603767256,73.26777104794998,66.6307384797702
H0008,2025-01,68.73803883148942,100.0,88.38832702375433
H0009,2025-01,80.61851051451232,76.7231226354666,57.16339790634089
H0010,2025-01,71.14223126863503,75.30424033474041,
H0011,2025-01,49.17295078627973,100.0,38.977299588316015
H0012,2025-01,100.0,61.26240366445434,82.55011119461169
H0013,2025-01,84.68581852910765,59.55168565204463,70.0630784537835
H0014,2025-01,66.82234384383928,,77.30143706244249
H0015,2025-01,44.3372593485764,59.59005349195169,
H0016,2025-01,74.67323552078467,45.29502868761464,60.959795108913035
H0017,2025-01,67.65659138816818,75.24946916871967,67.37072014831773
H0018,2025-01,74.05619565111432,75.46953455986178,75.78440037771841
H0019,2025-01,44.82364213801742,69.25116185569756,81.76638890284546
H0020,2025-01,67.96874498006522,75.61454332981704,77.1378523681817
H0021,2025-01,,76.56126646909516,59.26134748311625
H0022,2025-01,72.83410326171459,51.59908304112605,100.0
H0023,2025-01,69.47777829158353,74.37000613009614,75.77689692042316
H0024,2025-01,71.90183270992964,76.9767335724018,59.83485342109232
H0025,2025-01,94.36282412876179,44.49669784464897,77.42964390755223
H0026,2025-01,71.34577418421382,99.27918753191328,80.39578199074982
H0027,2025-01,60.295281786720594,50.26184191248162,68.42149462676063
H0028,2025-01,51.60279688471797,54.72073974482156,69.39359444027737
H0029,2025-01,66.65708070129348,74.0726801054977,86.58570533272946
H0030,2025-01,57.44962028493754,82.8463418662248,100.0
H0031,2025-01,88.88634699701089,85.01443967837565,42.90494236515228
H0032,2025-01,74.00183633834392,81.44403440860039,91.8053516069766
H0033,2025-01,91.8460292169554,67.69988236276401,76.99246227796333
H0034,2025-01,95.52899842300229,73.84677470643925,76.55959779011532
H0035,2025-01,,65.52004400009939,91.84705945468829
H0036,2025-01,71.8503761757308,76.70436217764775,34.89127943440994
H0037,2025-01,94.89537758348379,74.52217465737793,86.4736035007794
H0038,2025-01,81.25984243150566,,95.84825224624257
H0039,2025-01,85.27398517274455,69.69573015945313,65.64359494502179
H0040,2025-01,87.65003522821151,40.54438097644743,50.279053731831226
H0041,2025-01,,85.18557683064773,
H0042,2025-01,77.976013139826,73.92575826919386,43.885103356726304
H0043,2025-01,96.18194755002304,36.92397757286099,
H0044,2025-01,74.88756876210387,85.68428112702647,89.18975427820843
H0045,2025-01,82.14870108269923,71.12106854061105,78.82588458583336
H0046,2025-01,73.39084179112487,58.02823464139139,82.33494970195228
H0047,2025-01,88.96106831939615,55.346942779655386,68.6980508837387
H0048,2025-01,67.35461755479436,63.383687134863024,82.10613286392065
H0049,2025-01,50.45891491538397,56.15563252375665,61.3918747106933
H0050,2025-01,86.07017510432966,61.3602937582781,66.21706127652865
H0051,2025-01,,100.0,74.52396410695643
H0052,2025-01,60.5440067441404,79.32422414790028,51.115746020637246
H0053,2025-01,94.2983022366148,100.0,83.24488485281694
H0054,2025-01,87.33797460947743,74.45048239629224,34.59898528085559
H0055,2025-01,67.829846296746,78.85059944163625,76.06708850917937
H0056,2025-01,30.45999542356136,55.99098486873844,77.94955846859682
H0057,2025-01,83.39101064059587,70.39273349356208,62.0078430445032
H0058,2025-01,84.45737982392718,70.98636756630786,54.6728195231738
H0059,2025-01,85.21593474999734,85.18088975137682,69.858030231359
H0060,2025-01,83.14128677446884,72.95056088398734,84.14449693313637
H0061,2025-01,72.46393591275901,77.72482724988461,78.18887105365538
H0062,2025-01,67.12720001859012,74.89464014616154,54.200771397986266
H0063,2025-01,58.05940927056308,65.71269321152995,73.13089185481422
H0064,2025-01,65.93360439332042,66.34793029332099,77.62650967609915
H0065,2025-01,80.0307711772941,61.95789493927583,76.82353714056144
H0066,2025-01,77.01263508211628,86.5354162602207,55.48278801579307
H0067,2025-01,83.56037239462776,64.61409264875999,72.83836966099693
H0068,2025-01,57.50019119224177,,88.95640394580259
H0069,2025-01,56.79157262991727,74.91709340052653,86.07515744329758
H0070,2025-01,65.33188938837226,84.48850490594715,74.81995968579086
H0071,2025-01,63.20781560801362,,100.0
H0072,2025-01,74.19574856057706,73.33495714947992,72.10879110532872
H0073,2025-01,54.55164811577171,49.784748011684485,58.261284697145896
H0074,2025-01,92.88550026464847,79.79520927597899,61.78112258644413
H0075,2025-01,64.75526538083118,71.09521220125724,76.90451805312138
H0076,2025-01,98.36329648378927,49.57603079634017,52.50270654743112
H0077,2025-01,84.35283826282472,79.63560568606533,70.34786926471288
H0078,2025-01,58.29005405824479,73.63401003843464,78.02590753284477
H0079,2025-01,100.0,64.62760303242747,87.00787461802622
H0080,2025-01,79.08110422656004,70.81360889126205,50.20456561290601
H0081,2025-01,77.64319797887313,75.02075519003135,74.80369057704216
H0082,2025-01,74.56258630931644,91.45561159614174,72.45201334125952
H0083,2025-01,77.8354611386551,63.15270761290635,69.86630014777576
H0084,2025-01,,90.98300447538806,77.64658935081479
H0085,2025-01,66.07332767155071,74.87473644815891,75.70795804102448
H0086,2025-01,72.20567607280675,93.03887415533357,94.07853063821166
H0087,2025-01,75.63586659282541,67.29474968001043,90.67600393075044
H0088,2025-01,81.95489987586235,60.16313790934474,100.0
H0089,2025-01,88.6194135313901,60.07436539837802,78.06518066102609
H0090,2025-01,79.67145318320749,74.06889234787296,
H0091,2025-01,66.38285493295723,58.44184970696705,57.57094618882782
H0092,2025-01,69.94208551321667,98.13804805247284,68.57279889024984
H0093,2025-01,55.717517345870796,55.402855619100926,81.11692197930608
H0094,2025-01,84.01259456639907,61.818775049486305,86.74405459198165
H0095,2025-01,70.0746921489159,85.31760349888167,86.83109263603275
H0096,2025-01,69.57297913755188,88.16566586134866,60.29052686983957
H0097,2025-01,78.1916333369032,83.65173772811715,62.97709502738819
H0098,2025-01,76.86689430272206,90.95947972753932,100.0
H0099,2025-01,,73.96482455959853,63.49018274147546
H0100,2025-01,61.734209658794285,70.40989490549735,93.6515465285386
H0101,2025-01,79.85766991681724,100.0,80.1622348227768
H0102,2025-01,69.75234799651493,98.22416557452587,61.14296511394848
H0103,2025-01,,85.33583138424288,56.93893697736645
H0104,2025-01,92.12967128277398,90.77890375509952,
H0105,2025-01,82.09014765356655,85.85315698430068,79.28016714902476
H0106,2025-01,67.2893949638498,53.10192254837574,59.636253529449576
H0107,2025-01,70.75217836529022,69.17275796356799,94.15312874924794
H0108,2025-01,97.56290679574175,96.22942616474123,70.052883103541
H0109,2025-01,71.70313192184528,84.69230227752396,84.51318312546192
H0110,2025-01,73.47189997953231,68.87094176048043,80.20922894963077
H0111,2025-01,84.67388668134706,96.63852444704422,97.70436042962149
H0112,2025-01,81.72065291866254,81.93928094015503,70.13841685580124
H0113,2025-01,71.50906833226016,86.0215075255677,76.31975600249967
H0114,2025-01,66.09622041132886,79.68685791227149,53.483190880082645
H0115,2025-01,79.25343625482395,85.4171069634904,78.9420447149365
H0116,2025-01,83.63821892479523,81.2942116603464,89.5261215498899
H0117,2025-01,91.05429229278468,90.31017599471757,73.8537647800031
H0118,2025-01,56.24195191858162,96.84162803742507,100.0
H0119,2025-01,98.57220022065229,63.70935490959216,79.68886836626453
H0120,2025-01,70.18306235561892,76.96221381455429,64.11460304348437
H0121,2025-01,86.35326456076707,90.74617537425765,78.24216242528107
H0122,2025-01,62.11737304805625,67.28448851251298,48.49194488904396
H0123,2025-01,51.87812904939197,50.55333519737924,60.44516688659269
H0124,2025-01,56.72627318504168,57.67559965542949,54.852381486937375
H0125,2025-01,70.99565365981,59.33352642391365,73.87071149304528
H0126,2025-01,,69.38456637088036,76.44633197549925
H0127,2025-01,75.53606562810499,60.26568056055502,91.17601598447303
H0128,2025-01,71.29629583956165,88.35325284046213,71.31355334550521
H0129,2025-01,93.54506921176528,70.7371219792168,60.85494595117607
H0130,2025-01,76.70410008304896,94.05450390590723,98.06606432351266
H0131,2025-01,81.0300172837653,56.25512023646216,30.943419924044598
H0132,2025-01,100.0,66.44834524803213,73.5784076190206
H0133,2025-01,70.66125292612266,69.28865720255875,72.03790439189535
H0134,2025-01,66.07252321491217,85.93380168747127,73.66004172250283
H0135,2025-01,,87.34647106574761,
H0136,2025-01,83.96091506098463,62.09161327776588,
H0137,2025-01,78.41848382547438,87.15169446865207,79.69961495895673
H0138,2025-01,72.2718261339532,39.96926957796795,59.04176222558665
H0139,2025-01,92.43739053655737,82.52862542708297,47.800370993487235
H0140,2025-01,,51.76646499257181,73.36461158293608
H0141,2025-01,70.90583365751803,,55.147379646954114
H0142,2025-01,65.6847910124043,,61.76584225304865
H0143,2025-01,80.54360513987666,85.80253668651885,89.95698395113172
H0144,2025-01,66.47488079364209,46.47115010492392,96.93411473810846
H0145,2025-01,87.7089348857829,65.27995323192391,90.45726314070309
H0146,2025-01,84.93321024855909,,91.35714594197722
H0147,2025-01,100.0,85.22915999410105,75.89591003790173
H0148,2025-01,95.15722361418803,76.0178301742717,87.76272668454062
H0149,2025-01,59.79278200673132,36.763141881285826,78.22943324693293
H0150,2025-01,69.98485767790292,93.65155495052335,100.0
H0151,2025-01,46.50960527599155,92.32337079235324,57.53339243866635
H0152,2025-01,43.48977027184178,73.04315671150907,81.50735110281386
H0153,2025-01,,76.3606761591191,54.60488346318339
H0154,2025-01,58.04445756425879,79.87106530459141,82.91306085433384
H0155,2025-01,99.8120736881598,,49.04888569839483
H0156,2025-01,89.05026232531529,73.81867963075429,52.63630338876281
H0157,2025-01,72.04014949626304,69.93274153515536,54.601714315283644
H0158,2025-01,67.28542806158676,74.899032175689,73.66378224224715
H0159,2025-01,96.50819374218796,72.67799264036441,79.03084970570924
H0160,2025-01,98.14208301418337,71.18982738811725,100.0
H0161,2025-01,62.43372925429925,44.36575602636027,72.1207422488835
H0162,2025-01,60.558394608752046,80.90516161175898,85.00305414393526
H0163,2025-01,71.80393852402325,91.9236482381931,76.43226548536
H0164,2025-01,80.57530777794882,87.93690555720217,82.8720948022133
H0165,2025-01,68.59573581743066,88.15023085528246,75.9420912427405
H0166,2025-01,79.39107856652714,69.19564810465046,87.55433335188697
H0167,2025-01,100.0,72.61231127847873,55.494323858296326
H0168,2025-01,54.387628275311755,90.1788320926529,35.35996595009533
H0169,2025-01,72.76006881900679,90.21717169886414,83.26057797106772
H0170,2025-01,54.61717844209173,94.85886922691272,44.95890523012619
H0171,2025-01,63.18935766224615,61.232174601702965,92.57761997622514
H0172,2025-01,,61.18559647060978,64.72999899074546
H0173,2025-01,65.97031167588983,67.99925086355555,58.577715941197205
H0174,2025-01,84.58355287904863,59.45357648495138,100.0
H0175,2025-01,79.11142845023866,53.074641186873436,74.72129026723553
H0176,2025-01,77.27495500752207,,67.93709997438908
H0177,2025-01,70.33161978641523,78.11171833471805,83.84501961592287
H0178,2025-01,74.39853431552852,78.58684318039928,87.63500797686856
H0179,2025-01,71.84819283855306,79.62325602299305,91.84476078583833
H0180,2025-01,73.72296178595461,51.017033078509996,55.20956750468392
H0181,2025-01,78.08155003248147,61.46750509337277,78.25702140163344
H0182,2025-01,48.66739709513943,68.03654759235236,69.19847602684658
H0183,2025-01,76.76768812690146,70.47679681685919,56.92108239214235
H0184,2025-01,65.23027855885017,51.279848548926395,76.11419916901141
H0185,2025-01,67.02832628832196,53.83401429550272,42.60370019282824
H0186,2025-01,51.01074183240626,62.86087932276758,84.71616721689375
H0187,2025-01,67.79516441260124,86.71812880466918,66.45642935153519
H0188,2025-01,82.46284820390676,80.07674466051417,69.40995740020418
H0189,2025-01,81.80043946047753,88.87039310632105,71.33607849752066
H0190,2025-01,60.87579328047754,,72.97168315717359
H0191,2025-01,77.36050316957407,68.5507905635079,86.74698998795245
H0192,2025-01,92.41149651607796,81.62712352933737,58.018932648628805
H0193,2025-01,68.78263560111097,70.00058085195323,67.96120328708467
H0194,2025-01,75.53471618500521,62.65764079107797,70.27358252440027
H0195,2025-01,50.10217156597028,52.56896612891454,61.08443813670642
H0196,2025-01,66.29019799658685,66.61292046789399,79.23837647508311
H0197,2025-01,,83.0180640830995,59.82026659918114
H0198,2025-01,82.58236069487641,86.1289523412763,46.14158697073212
H0199,2025-01,65.51792760740896,58.571775254051445,79.80122777677649
H0200,2025-01,100.0,49.11731830996966,100.0
H0201,2025-01,77.69225881901131,85.12144606291332,72.02411521630196
H0202,2025-01,54.859235657477754,70.75618451550038,69.1369494116872
H0203,2025-01,94.8952134709299,52.534385701036555,73.00752210293182
H0204,2025-01,61.67282607087417,26.7942410360858,69.47476676373351
H0205,2025-01,81.6407636189298,58.85078212245338,92.59424658264783
H0206,2025-01,63.47716971290969,,75.8972909658696
H0207,2025-01,57.76474058656929,55.54853754830923,42.08921204279457
H0208,2025-01,87.86766555079024,82.5318888538105,90.38184421647716
H0209,2025-01,76.16320525406448,64.18700249412382,92.10760648284699
H0210,2025-01,98.8987267562587,72.02210818906157,81.76333285209677
H0211,2025-01,61.01948057564424,100.0,31.939447156663455
H0212,2025-01,54.2112528679023,75.08837684356304,74.00199785056475
H0213,2025-01,68.23775021876665,70.20195692944392,86.35448673126432
H0214,2025-01,100.0,70.95342529192382,79.01349918605212
H0215,2025-01,85.15932318248097,81.19780652551046,74.56177494297421
H0216,2025-01,77.3513355997096,,81.02952366822836
H0217,2025-01,81.49285224370759,54.21537385374205,73.36532771943351
H0218,2025-01,68.43048599657799,65.75294500287013,91.27265995136419
H0219,2025-01,100.0,61.34815596435067,75.35599237426864
H0220,2025-01,80.61234517422338,66.72880796129601,73.43191038460701
H0221,2025-01,82.4230697077516,100.0,88.70884706628759
H0222,2025-01,91.20223238789077,84.53816049951845,69.43534712524828
H0223,2025-01,53.95368804293669,67.40963703358095,53.32046089227393
H0224,2025-01,61.641134761963734,90.90162601862068,72.00901209776575
H0225,2025-01,74.09556770269431,77.80026823750443,84.3883800332921
H0226,2025-01,86.59011710412638,43.46540754441195,84.59196003927872
H0227,2025-01,58.87682962556088,100.0,89.01306462890614
H0228,2025-01,70.25712679883682,65.56971095167431,68.1703660484387
H0229,2025-01,73.5434425951059,37.55894812983462,71.89678504859569
H0230,2025-01,53.76577322631208,47.36158560765525,64.92543536565209
H0231,2025-01,73.42990734226595,96.03121404565027,82.30309109806805
H0232,2025-01,81.53469958756693,45.64536720234764,47.32630983934703
H0233,2025-01,55.03331869976779,94.53463212038132,74.14048228643466
H0234,2025-01,93.66540429119092,72.23788459979262,100.0
H0235,2025-01,80.49883368959875,82.40527667112693,49.38824710771274
H0236,2025-01,77.8220417855012,65.8477229371518,73.33048278122598
H0237,2025-01,74.323099967692,79.63481258373119,77.87600373332539
H0238,2025-01,,76.69496282256387,80.1534733577357
H0239,2025-01,66.53179170413885,72.14871816515112,59.12790215330963
H0240,2025-01,,56.941022892873534,82.51497293828425
H0241,2025-01,63.80915412170694,75.64472061481729,62.914728609705804
H0242,2025-01,80.66689914955832,46.23349128835643,54.61066020945712
H0243,2025-01,64.25863268322675,88.95757056894487,89.12233077760247
H0244,2025-01,83.02417504752015,77.05832625014236,84.67337840619174
H0245,2025-01,81.0227892930292,78.10426470572912,
H0246,2025-01,51.66611219009074,29.65047340072467,64.29679121556282
H0247,2025-01,72.62993238563458,50.57713037967525,60.98742660399944
H0248,2025-01,51.914271973766404,62.11842125377582,46.56385337964721
H0249,2025-01,,82.20939361320349,83.80488173858045
H0250,2025-01,68.46101519700655,58.89706211651348,86.77428282835781
H0251,2025-01,100.0,100.0,
H0252,2025-01,87.27694197443651,69.39379925372933,73.99962720812984
H0253,2025-01,94.61073255405313,55.972624419970664,74.8417455112025
H0254,2025-01,88.36578388339491,74.24923154989813,81.51383022317482
H0255,2025-01,79.77288349995571,58.895317325727056,54.6837381281625
H0256,2025-01,90.71837237792144,56.52439935397338,83.50955873199169
H0257,2025-01,64.19655748362507,86.31526408142479,53.51794772917429
H0258,2025-01,82.24589642438492,81.01006307917473,83.87931999187255
H0259,2025-01,91.36177688699186,80.23366281509915,
H0260,2025-01,,95.79210019908004,56.577661945247115
H0261,2025-01,95.83295276259466,83.52682707100917,76.01345485511462
H0262,2025-01,75.97169095138572,53.34169291803596,70.65771035332652
H0263,2025-01,100.0,,78.74198935932714
H0264,2025-01,75.28821677051403,57.46976942996842,62.81242533647893
H0265,2025-01,100.0,67.03854754253395,78.48298886332664
H0266,2025-01,82.3217964562233,70.61728026040967,76.74616774706145
H0267,2025-01,71.1603722288755,71.3728736896514,92.0213193923143
H0268,2025-01,59.68276500028735,44.70309242130879,76.96607840565376
H0269,2025-01,62.234180853297076,55.07714589387969,62.55517299894068
H0270,2025-01,65.42450928077255,75.8267685198574,56.649639520150814
H0271,2025-01,75.28473713800757,63.94742702199912,51.57289236972569
H0272,2025-01,60.4589379087417,93.61214145926628,81.13902657277855
H0273,2025-01,99.2282191667917,99.3571492013201,91.02758394286218
H0274,2025-01,74.93194378096227,52.45855722679535,58.02851687110925
H0275,2025-01,74.2450777843577,71.21483717045115,75.09193625137208
H0276,2025-01,57.89224668872174,96.58360178686286,69.59438208903863
H0277,2025-01,67.96115501745265,73.90385735632283,87.5016959011527
H0278,2025-01,41.92310937460573,63.47707573293418,83.99940588221048
H0279,2025-01,95.54508917170322,83.63310160180338,36.90262755551556
H0280,2025-01,56.00204821028429,68.61385732479404,89.33210169537041
H0281,2025-01,58.875966413794664,95.25629887627221,79.4455732635449
H0282,2025-01,93.2061530287502,60.91108461768537,63.45138583013309
H0283,2025-01,80.2814695744054,,65.30362179025242
H0284,2025-01,81.31747778613874,89.64729600093068,78.10337382432989
H0285,2025-01,,73.39427654082287,
H0286,2025-01,86.02076234634114,71.36062346183894,56.611102599913465
H0287,2025-01,78.10003753424975,43.35458644442923,64.08481830339346
H0288,2025-01,52.41367776115335,65.40994078714346,56.42073492260768
H0289,2025-01,85.55219159374803,86.22938468182718,93.48606007888851
H0290,2025-01,80.53585333200311,59.161061688392586,73.46161128805386
H0291,2025-01,88.93008587167971,80.6907283980032,100.0
H0292,2025-01,59.99028848235413,79.01417007699045,81.04381812638613
H0293,2025-01,63.61450291793354,67.65936513294795,80.65891329575211
H0294,2025-01,83.48999795561281,97.00487339076182,60.07667456524979
H0295,2025-01,58.62520012303365,63.32175936595273,
H0296,2025-01,41.68518014279411,67.38012114179178,73.71534479223766
H0297,2025-01,78.67289943622674,69.68670546435446,64.3515417471786
H0298,2025-01,87.38203932091453,73.23144693293683,65.87991705931903
H0299,2025-01,72.4384000514008,83.56937337669417,78.54566303027055
H0300,2025-01,,47.3012528083435,78.42860066939294
H0301,2025-01,78.18615568310024,83.38007540394953,50.48483134936653
H0302,2025-01,77.02093746957479,75.17601169428545,79.13011598487908
H0303,2025-01,78.1079694362999,82.24130763391452,82.49971297922507
H0304,2025-01,92.67963368139702,100.0,62.937547511322904
H0305,2025-01,58.94333494912946,61.20284718129221,60.06413600801716
H0306,2025-01,83.96119496673445,50.532152510252104,77.76060469562509
H0307,2025-01,57.81919939911163,74.51336175731532,33.75517769844521
H0308,2025-01,62.2194275276204,75.98180091744516,71.37761756253991
H0309,2025-01,94.59212315153077,89.06598686035827,100.0
H0310,2025-01,60.97733704784564,66.57584727247384,36.96958687337762
H0311,2025-01,,59.40735386280949,85.89884356579051
H0312,2025-01,100.0,49.15316917109508,82.65756579298814
H0313,2025-01,93.10046201200517,54.18742147166412,55.17124032952661
H0314,2025-01,62.044674156616615,62.65159099523408,78.17241450208851
H0315,2025-01,64.49726121811466,67.49858462689515,85.44011315995547
H0316,2025-01,74.48577412162562,100.0,57.21814192827141
H0317,2025-01,91.577662359379,43.12173666083007,60.60207804433011
H0318,2025-01,57.98486822592501,74.29482515641601,70.39953488743353
H0319,2025-01,61.356674174041025,61.78568806896242,88.89209155767884
H0320,2025-01,83.15654516247866,73.72564608619847,63.052826335492384
H0321,2025-01,49.28834891353011,60.94194847191777,70.19290545982916
H0322,2025-01,60.692288262113685,87.02036389591431,61.47396173267425
H0323,2025-01,77.8710432459985,92.87307263622985,77.4306534162082
H0324,2025-01,73.87518360449042,69.5999699874812,88.04883978935123
H0325,2025-01,59.220987326526135,98.65099699107432,77.91411844363823
H0326,2025-01,79.2507549134101,83.51803141123062,66.93650140667808
H0327,2025-01,81.24509528666684,92.78287140596473,71.0010344440818
H0328,2025-01,64.7323819801181,70.3574710895173,59.997849162527075
H0329,2025-01,97.69946332140651,86.74457259096876,57.53297990033842
H0330,2025-01,82.5161793819176,62.73518669877658,93.81296486506241
H0331,2025-01,63.56621919586094,60.9777549583983,100.0
H0332,2025-01,98.21161683424899,100.0,46.64801848161229
H0333,2025-01,68.17678920807279,55.25958022378262,82.23527301979206
H0334,2025-01,76.86779204634122,64.4476872355279,85.24756561818498
H0335,2025-01,67.4356418257094,40.9375044248839,54.07530197126651
H0336,2025-01,84.08686626219419,58.935836297561096,
H0337,2025-01,72.47694520215137,60.66367267906619,68.56264735557372
H0338,2025-01,66.60795288977766,58.725286474534144,
H0339,2025-01,74.74467874293833,79.00156814535819,99.77111897692859
H0340,2025-01,63.95332647134626,76.49603396026262,55.16297784694562
H0341,2025-01,89.80249293387071,,50.90836702989183
H0342,2025-01,58.22494589509529,,85.42870618731928
H0343,2025-01,72.66370364645142,87.51096105237656,79.34298391644718
H0344,2025-01,73.31210576309276,96.26785958191381,88.7194973117479
H0345,2025-01,72.65667569082096,91.56031871335642,56.5154370601038
H0346,2025-01,86.64195897259611,43.729627029068865,81.93889355223006
H0347,2025-01,52.12079018051398,89.19714010306663,60.199673779317564
H0348,2025-01,86.24466195470055,100.0,
H0349,2025-01,54.53763514974428,41.74979602063836,69.41017661677134
H0350,2025-01,68.29273960433902,89.86375643986884,100.0
H0351,2025-01,55.40197794447987,74.92928422654889,78.98054541876138
H0352,2025-01,74.04719068003078,70.78405180827264,
H0353,2025-01,68.07182266388749,75.03571292325078,76.23578163802212
H0354,2025-01,95.77194715400353,76.89847962239189,69.32836513599594
H0355,2025-01,79.01953933062526,91.30019511097743,56.323864632079285
H0356,2025-01,78.78475526846941,87.28164851688577,99.50113330128643
H0357,2025-01,61.69081641302475,50.31678123606128,99.1766621961458
H0358,2025-01,82.37698028531622,58.5580987130515,67.37134874490948
H0359,2025-01,99.26000164415146,75.00137652855011,84.82304889810787
H0360,2025-01,85.02987767299425,94.9777180626428,100.0
H0361,2025-01,59.15500524562911,31.134707822794837,94.07662608666152
H0362,2025-01,71.53682533641205,65.54353345244061,71.42394015928363
H0363,2025-01,76.74083262886349,47.889038560554056,71.90261277805874
H0364,2025-01,68.00579819939782,51.34120669089829,48.32306595219182
H0365,2025-01,100.0,88.26085266277408,84.98864475731482
H0366,2025-01,69.09025770016089,64.48248590758958,92.48480624191627
H0367,2025-01,73.26932880438552,33.56965498233566,90.62184020733284
H0368,2025-01,65.6749601665564,68.58781630746283,82.5937560146167
H0369,2025-01,81.5706898009586,100.0,81.612317004536
H0370,2025-01,93.58354747157924,42.37742693292424,57.26346348732697
H0371,2025-01,73.34434283503712,77.16754649347084,74.53200963250057
H0372,2025-01,72.51110988992671,97.79519417331247,64.10236557437293
H0373,2025-01,59.376713653073026,70.68538461970842,80.28915131282353
H0374,2025-01,96.05080338601422,100.0,65.66910133602715
H0375,2025-01,77.81625410915677,66.6606742934369,85.61020967668235
H0376,2025-01,75.75042850092754,98.80106768800675,96.2110276851272
H0377,2025-01,41.75763830272999,90.9319199062949,78.16003369285689
H0378,2025-01,73.52939188828762,71.90852689840334,78.237305405354
H0379,2025-01,67.21771632901871,46.00791068626653,84.52858946457648
H0380,2025-01,48.16778407432572,54.72807776989111,98.28686562690689
H0381,2025-01,86.41233126061218,32.00424410844031,68.94850967399991
H0382,2025-01,64.32130656208436,,77.63003056200453
H0383,2025-01,100.0,,95.25219945564237
H0384,2025-01,94.12682984217014,72.65160641497421,82.36398113251373
H0385,2025-01,65.12474129738466,70.35217381378611,43.16773263035908
H0386,2025-01,94.12608683585492,93.7745053948901,62.22141751306558
H0387,2025-01,96.97221819752605,76.25487581039272,83.69025898157331
H0388,2025-01,67.14758138762926,63.19820139955888,66.97148933046297
H0389,2025-01,62.468063049291096,76.49647499591332,96.53062472697422
H0390,2025-01,44.54759443524126,100.0,100.0
H0391,2025-01,78.05542968255513,79.64767237048235,61.87556980404102
H0392,2025-01,64.02042315496267,68.66711306220692,60.15944531361755
H0393,2025-01,80.91663193457428,71.56835571067505,67.75199570905974
H0394,2025-01,64.87814371565578,77.21180069693699,64.54429872285195
H0395,2025-01,66.17446389846342,67.57877196395943,98.1320304914131
H0396,2025-01,65.04781828036697,61.7305047880129,55.378679333935615
H0397,2025-01,54.88117640854162,69.88217855044181,82.21506636021957
H0398,2025-01,67.16402770328492,96.4386978891967,93.84894273377905
H0399,2025-01,65.90252875438361,86.04363669680582,86.50341256828405
H0400,2025-01,75.66677011879277,66.46438421573116,80.41177812148929
H0401,2025-01,79.40012245149259,89.12114663609326,73.50734142919916
H0402,2025-01,62.45489168755735,74.83559808030144,100.0
H0403,2025-01,89.08009269954452,76.20236279536363,67.98998515543487
H0404,2025-01,80.07162335336174,83.90190042326766,94.52984898853143
H0405,2025-01,94.63597442251702,,69.22079550721367
H0406,2025-01,77.82174057937807,22.754407751596503,44.82104211953865
H0407,2025-01,77.27134519455869,77.1080647025757,70.2592479882568
H0408,2025-01,67.77787632273682,58.084883628520096,70.30731228547215
H0409,2025-01,87.07007761279377,49.541864254839034,74.31139888015761
H0410,2025-01,74.27058082842066,57.676535936207145,61.89599508192024
H0411,2025-01,89.12777966017761,89.1300957755167,84.49581501066046
H0412,2025-01,96.883784813927,77.20883291217415,83.47485348325426
H0413,2025-01,67.29740927117092,87.06992963635305,70.88606578296793
H0414,2025-01,80.99774413133188,76.60333819986047,65.69602126011391
H0415,2025-01,85.92399985027939,60.29500401691532,59.97204944114985
H0416,2025-01,83.17901907920741,86.39609697645665,78.58088738163728
H0417,2025-01,69.87079195793673,82.46354994722675,94.60437140162698
H0418,2025-01,66.85964024992654,67.71990694994591,91.3204267694882
H0419,2025-01,73.50123553038806,80.11756408670666,70.68834908859911
H0420,2025-01,65.08687595791976,83.23070340787024,100.0
H0421,2025-01,59.68853299029838,56.34610299306479,64.01770450027423
H0422,2025-01,74.3151504449461,90.33092663190928,58.5390169684226
H0423,2025-01,66.30029932522596,83.16584509214564,54.482061621646835
H0424,2025-01,84.05567902092348,75.27019369279316,59.81265070931356
H0425,2025-01,75.76825116592892,96.56893002077854,77.97714115985445
H0426,2025-01,77.55179155603095,51.58581490047324,69.32211359409412
H0427,2025-01,72.04264673098857,65.66082777329339,
H0428,2025-01,75.56034688700002,60.75550423973653,59.88484487133648
H0429,2025-01,72.00438124299448,78.3243664365975,57.175134086495405
H0430,2025-01,83.82922789647701,88.80917130812253,57.56759271033008
H0431,2025-01,66.20055938467524,53.6092988278711,85.62491437242166
H0432,2025-01,77.1776620667577,100.0,96.97036723655116
H0433,2025-01,57.57317339300424,62.410007854816286,100.0
H0434,2025-01,85.17411812385234,78.08831026918172,83.51137439962856
H0435,2025-01,,76.07469510145746,69.32502389960197
H0436,2025-01,64.29699829621674,75.0314299542699,65.05159556131059
H0437,2025-01,62.41621860323413,62.982394530674334,87.70151088079055
H0438,2025-01,53.86684328952755,84.85355174679819,65.22237050800986
H0439,2025-01,68.76980450682674,58.97828727163057,79.68915134559916
H0440,2025-01,95.2907474288703,43.065691939613984,
H0441,2025-01,66.09092180441894,54.25132939263751,76.34987047859474
H0442,2025-01,46.73664421971614,98.04999312857389,100.0
H0443,2025-01,77.38918149133532,89.21653569329315,53.369531229740595
H0444,2025-01,58.77883879718879,39.32536528940315,79.08976649860216
H0445,2025-01,87.16121131374709,85.91881309485984,78.45995301758047
H0446,2025-01,69.09353061864867,40.37699477905669,58.2273861724125
H0447,2025-01,71.37154773024163,71.88447395146834,85.23249316006482
H0448,2025-01,88.36845296855537,49.17844212137662,92.5682509323497
H0449,2025-01,83.9312892576881,86.65256525209242,100.0
H0450,2025-01,55.28505884484837,78.57297225568765,76.90368540790756
H0451,2025-01,60.98509590614768,89.23046723829631,45.87311381432032
H0452,2025-01,46.64699188228889,63.78955873135839,76.77125738592639
H0453,2025-01,100.0,,80.64080313166102
H0454,2025-01,63.483886239827285,48.70756290152235,70.03399826714194
H0455,2025-01,93.52832599957569,57.89224728385294,78.37773334489543
H0456,2025-01,67.48211598655811,87.20653245735714,65.682565037198
H0457,2025-01,58.67936619616429,76.70142390987033,69.79190973919441
H0458,2025-01,76.15431829332144,74.67297539757877,89.11477220793753
H0459,2025-01,67.14858681851827,88.81901874974015,90.55724156255091
H0460,2025-01,84.86496548147286,49.854768150207185,52.57808609376776
H0461,2025-01,,84.4632901217278,66.12348851759413
H0462,2025-01,,54.57760623142778,50.441212939209805
H0463,2025-01,52.836716193590206,93.6218246527273,98.57094192327085
H0464,2025-01,62.27582097291611,85.0898714999156,90.09781046737312
H0465,2025-01,41.50973487563269,85.90401691468378,41.44909536301209
H0466,2025-01,72.09043131189154,,72.96484485721783
H0467,2025-01,74.5854845556028,100.0,68.49880335222005
H0468,2025-01,57.40043100059018,100.0,60.060937694445144
H0469,2025-01,60.148342921466686,81.99589026237058,91.38361818409163
H0470,2025-01,74.33561235169266,90.438621257694,87.76158928633662
H0471,2025-01,66.93917985738484,68.10354896003376,77.82831908197979
H0472,2025-01,70.05938993433013,49.7271193111093,61.41560868593941
H0473,2025-01,71.93096273115981,87.02908553491105,65.57339017786848
H0474,2025-01,80.37457093072085,59.39692700633398,75.5512488212204
H0475,2025-01,70.31835300663997,96.48971710968974,69.37521388687531
H0476,2025-01,68.36351756819988,89.084022808496,73.11861459796651
H0477,2025-01,49.43452686082944,76.69005483308632,82.15092627717065
H0478,2025-01,74.11141945446647,74.77377399562994,49.8131484027942
H0479,2025-01,72.93706663470921,84.42571972520483,58.32261685836127
H0480,2025-01,73.62666765050554,77.67435191080762,73.60906553230993
H0481,2025-01,100.0,68.71285502809226,99.38983634975123
H0482,2025-01,81.0321112797291,51.84628642962197,89.43321269682023
H0483,2025-01,74.30654392504853,89.02945241388124,74.44346295888816
H0484,2025-01,84.13742948184318,80.24138791886517,81.18403052452844
H0485,2025-01,100.0,100.0,70.56980837472922
H0486,2025-01,74.31091182565288,66.08457805910524,84.9311458181968
H0487,2025-01,43.317626666184886,76.34575404071934,78.95269084768753
H0488,2025-01,82.012856814116,78.32993622652589,93.14604075222157
H0489,2025-01,60.09019554360812,79.75556273194283,50.06941127685545
H0490,2025-01,46.97554070175468,55.45354207892348,59.7973352016879
H0491,2025-01,98.84313171288409,70.9464666645297,77.19584430328892
H0492,2025-01,92.19792529776365,81.58768545281053,76.86034212319895
H0493,2025-01,60.54197887176763,64.88311715966908,100.0
H0494,2025-01,67.06143803087305,89.66383001776778,50.52607416019181
H0495,2025-01,74.36058630139574,70.59279554226929,69.62211654915535
H0496,2025-01,63.12957829243446,79.08334408306983,72.35325224006763
H0497,2025-01,71.26069015610955,88.55900705465157,74.7193003535953
H0498,2025-01,64.97059076286091,68.41475790369822,98.95404839906506
H0499,2025-01,70.31469074002847,49.84592315380934,87.06445735268203
H0500,2025-01,55.63627035737623,68.15363879198159,49.23702826923835
H0501,2025-01,87.16760588823519,,96.5974210130274
H0502,2025-01,88.83775787093361,34.89201717118898,92.57265668269858
H0503,2025-01,74.5460486383691,71.39893272124398,77.89502299478029
H0504,2025-01,72.00039199515196,72.64274481714402,46.24130833121657
H0505,2025-01,83.26239635063646,,70.17991345494563
H0506,2025-01,74.47854685498982,53.290079376784036,79.482850645896
H0507,2025-01,100.0,76.5363187390526,90.79722967908381
H0508,2025-01,56.16059419382555,89.71451594689846,46.032957314371934
H0509,2025-01,84.5765199731275,60.28037723575977,58.98676432256673
H0510,2025-01,73.0388989170565,80.29554409867663,89.1079782001031
H0511,2025-01,62.8296352784456,100.0,99.05308625009637
H0512,2025-01,100.0,41.58609471597248,78.7831220006052
H0513,2025-01,100.0,80.71456317647942,94.23909267598027
H0514,2025-01,74.0115382411821,92.74325845554424,81.75093643026604
H0515,2025-01,80.7671172414069,66.00201466266822,86.98723374052463
H0516,2025-01,72.09411926665999,98.2003300978032,78.8675610687441
H0517,2025-01,72.00772363719032,83.68051107580803,81.55107958136631
H0518,2025-01,58.74351744016546,99.98413105532168,54.27182714973998
H0519,2025-01,57.94327532551057,82.338399958334,84.69900498974941
H0520,2025-01,100.0,100.0,56.09223527463048
H0521,2025-01,71.92326118397146,74.21397270925092,81.2812525473882
H0522,2025-01,74.11768690679413,48.52933766152236,64.82475237558961
H0523,2025-01,65.84078015874069,64.3233112599791,80.73785978917884
H0524,2025-01,74.74826375942062,85.30781722577389,55.79673011849301
H0525,2025-01,56.52529076914038,90.81214792240459,68.02428636392402
H0526,2025-01,65.98850346087546,69.06047074031378,80.34040712627468
H0527,2025-01,56.34484525101173,98.9990057328638,82.45666571755122
H0528,2025-01,92.79187759542083,66.10950772310495,89.09836759069002
H0529,2025-01,46.061910982240576,73.33142922871642,49.93738311683403
H0530,2025-01,60.422856938055105,81.09631833531958,52.414881603830366
H0531,2025-01,44.78592619887688,49.17178346847864,56.82258102103209
H0532,2025-01,60.10745654781148,67.75381618167867,54.58350585535339
H0533,2025-01,69.45924458906555,100.0,97.39497225203341
H0534,2025-01,87.11799883598582,55.67854773988971,91.53219501186236
H0535,2025-01,73.58144464500964,83.89330049798785,59.74016339982187
H0536,2025-01,70.59169574547164,55.05018621522133,99.99454876037177
H0537,2025-01,74.84428595544084,52.561279755656216,87.85305187714887
H0538,2025-01,68.8183800095395,,48.57498085964956
H0539,2025-01,100.0,91.05996399803229,61.228428650004176
H0540,2025-01,62.03353844229249,53.18383981197212,43.41868858355923
H0541,2025-01,78.45091309414947,89.89839135710446,69.36022345711682
H0542,2025-01,84.87087086847195,61.797397224541434,71.56167176234639
H0543,2025-01,68.37534220834226,76.32240673906702,75.28443597426225
H0544,2025-01,77.66026924659762,79.04785321649798,42.94414568945995
H0545,2025-01,69.01311525298411,47.31642750536025,52.61636756562275
H0546,2025-01,80.11919028120587,76.71826091231053,78.18522210732951
H0547,2025-01,,75.2647076999606,80.03743460637502
H0548,2025-01,76.80196279151114,94.33215193281086,46.46875521308487
H0549,2025-01,55.444075029063335,53.167228478415375,50.40498455214327
H0550,2025-01,100.0,59.95854371850522,89.21439830442489
H0551,2025-01,81.49885545488647,80.83938948685066,52.923967861853725
H0552,2025-01,52.959194642773994,94.91039623651665,72.97963009129424
H0553,2025-01,70.73482441705501,64.33715850183731,54.82684796103423
H0554,2025-01,52.51380790702019,51.79121495973435,84.95758162241019
H0555,2025-01,86.80332937120903,68.234591541617,43.87945183977821
H0556,2025-01,77.66446080085326,59.03441563149882,
H0557,2025-01,76.03684955586587,79.50304393545292,88.08435712626324
H0558,2025-01,63.292510524047856,54.913434364976695,82.23608076401278
H0559,2025-01,,87.42679730113034,65.81220304943851
H0560,2025-01,84.91396206284243,74.32885482655284,61.41315251287821
H0561,2025-01,91.00923107922846,89.46683487631135,70.73413308212596
H0562,2025-01,89.115092071816,35.72817028017984,55.92493015068602
H0563,2025-01,53.23260794708358,43.93030932582696,71.46283285281785
H0564,2025-01,75.00252414565469,95.54739942000859,74.36500904663149
H0565,2025-01,79.19037414004015,61.270289185712286,67.37474689157119
H0566,2025-01,65.42112416126007,49.388337326669955,88.7131966291964
H0567,2025-01,56.178676164274705,73.52601561662506,61.34764198332785
H0568,2025-01,59.89009968681451,79.05463492849589,50.33711607549122
H0569,2025-01,95.84497290662958,69.410781402701,64.968335547418
H0570,2025-01,58.5515670413121,79.83417430675163,75.09199100933829
H0571,2025-01,75.90015931678697,77.66837108837353,71.63338568802351
H0572,2025-01,71.03448220611878,74.69898395931233,68.95574189709731
H0573,2025-01,70.96126029504963,91.6749918211313,54.218736088055095
H0574,2025-01,70.6552639246873,72.01443870194271,58.39522472195776
H0575,2025-01,84.74311270442732,70.0196221466856,64.37000180260631
H0576,2025-01,74.74047186130785,84.14138828574747,63.733931104534214
H0577,2025-01,67.1438803458764,81.89978364367866,90.3743290675697
H0578,2025-01,76.22932733202498,58.195412738715476,77.46925159498167
H0579,2025-01,55.831369951333684,69.26618758599162,63.7285358559128
H0580,2025-01,82.49073294201759,79.98882466882999,90.25270444500673
H0581,2025-01,66.45319487568653,63.756684383451514,80.68090960886559
H0582,2025-01,66.62711342781658,63.84876084467568,52.99115551866457
H0583,2025-01,81.37171608711664,48.97705762528092,23.563958299807446
H0584,2025-01,67.74955780241592,24.334629635543443,51.55846181794185
H0585,2025-01,69.37542589466315,65.36177291460002,81.21367133445615
H0586,2025-01,91.70977529936735,74.52130189012179,86.73522782369355
H0587,2025-01,64.96804934613334,58.38161127895596,51.68921839572408
H0588,2025-01,84.47422552603555,96.79259995139806,85.3764987386153
H0589,2025-01,91.3175195623717,58.55843138032864,85.33528084228269
H0590,2025-01,93.4488001897648,88.93946268498892,96.03786588695392
H0591,2025-01,100.0,76.48872573254333,
H0592,2025-01,64.55282397698353,100.0,91.82102433571396
H0593,2025-01,64.88213291048835,82.89265781533078,82.3587232507913
H0594,2025-01,85.38032763219591,47.83525296538456,78.7631396594736
H0595,2025-01,86.86362301136693,87.59212795425657,66.64097860830924
H0596,2025-01,65.23411909526943,100.0,86.60824961463355
H0597,2025-01,80.88562277012063,42.78886517594003,52.11225908464576
H0598,2025-01,100.0,,69.42744108269109
H0599,2025-01,75.03336004614523,84.34717942862255,79.66631143272483
H0600,2025-01,87.78296816771625,68.5399731120884,93.97720781784636
C0001,2025-01,94.18614832106388,30.287259833429182,62.94275226035105
C0002,2025-01,100.0,63.284655445305674,83.64964191064013
C0003,2025-01,76.83049770417529,61.09703760467964,68.43302390057345
C0004,2025-01,92.87966985153585,96.93384603122284,88.14308425473659
C0005,2025-01,65.91430019144887,72.75295019995652,62.932936233050285
C0006,2025-01,75.7170576410475,,
C0007,2025-01,65.18020377163256,58.932171222011675,68.00047185563449
C0008,2025-01,50.198587990999386,79.00092063962113,56.81683954017478
C0009,2025-01,52.00663734738073,72.42594785687633,70.14964596026486
C0010,2025-01,80.33124047422623,58.73031268237895,92.13645276991743
C0011,2025-01,81.2394279314109,76.26473993539896,57.65570917291156
C0012,2025-01,57.81236422285771,60.42279526859684,48.13040277553563
C0013,2025-01,95.91704547306027,29.684312888123856,78.09478825219527
C0014,2025-01,59.19582259253978,82.50806530202333,47.568593417932426
C0015,2025-01,82.04668960139999,84.92256523841347,
C0016,2025-01,66.77664080559335,72.74121881976885,93.66239868189469
C0017,2025-01,74.89324782137162,63.32025044979893,86.97018039807173
C0018,2025-01,84.84778479245162,68.05145556243797,70.0998392290202
C0019,2025-01,86.51522978508804,86.1757104085707,98.88236657361044
C0020,2025-01,85.99206563010104,63.138223787943275,94.26398602710799
C0021,2025-01,80.337905894541,82.90300377173294,62.22494441412495
C0022,2025-01,56.47139907850834,47.749648274477295,93.87236166804456
C0023,2025-01,89.7855103314162,73.62682288671027,58.22699297105764
C0024,2025-01,55.202336801554026,67.26127745770751,
C0025,2025-01,72.89266166037831,87.48272708738149,45.475179484962936
C0026,2025-01,67.45685587242276,54.61508786697152,
C0027,2025-01,79.7516817753017,58.983990649722315,68.43232822955643
C0028,2025-01,67.97074686721729,49.53025676650424,65.97376118771216
C0029,2025-01,,62.02791083015904,69.5676991080475
C0030,2025-01,96.1686167107798,74.6014195686641,62.811285440868396
C0031,2025-01,56.39688107408894,42.83675890419548,73.15554043273636
C0032,2025-01,74.18369019206915,,91.47175660938174
C0033,2025-01,60.95568239396623,83.51931610280513,58.62567040964546
C0034,2025-01,80.75241840435488,66.54414460640682,82.24943464298319
C0035,2025-01,64.24068268926611,72.68306769266734,75.64351927025473
C0036,2025-01,76.51770802011336,49.0393028294293,79.59009435576853
C0037,2025-01,55.44020112801701,69.42391137317412,71.52487726330315
C0038,2025-01,91.01712372912928,70.37066863021587,60.17456448712153
C0039,2025-01,76.11317971542668,69.58008804726825,79.76707633974661
C0040,2025-01,75.44008059294931,72.96687389754193,79.29395285273233
C0041,2025-01,83.91809042582311,64.30389415740159,58.30418758344142
C0042,2025-01,55.99361211958117,63.227532402234715,51.43561325658357
C0043,2025-01,68.78494239110245,58.002636211829376,76.67487411619004
C0044,2025-01,79.94930652006042,90.41404697659424,86.88936091727336
C0045,2025-01,52.619326676072916,54.89785975258064,90.36351423312585
C0046,2025-01,49.66463506229748,72.32632517873226,88.8792570048993
C0047,2025-01,65.37373978583507,100.0,80.44227485403148
C0048,2025-01,58.77174990472001,89.4534203787948,68.79752670950569
C0049,2025-01,69.14492296451155,79.14638621378286,
C0050,2025-01,83.43796822699747,,55.47626661958546
C0051,2025-01,81.7871245206048,66.12178796578279,59.049118184837354
C0052,2025-01,98.43778859975185,55.67080955669452,70.30735498383595
C0053,2025-01,71.8042785623545,64.98698005707462,66.12143706876395
C0054,2025-01,76.13946148519118,80.2151549158028,73.35857770880693
C0055,2025-01,72.25923415717344,75.799454913739,49.98500340211646
C0056,2025-01,79.65134519408295,84.89720475083499,55.89554996279976
C0057,2025-01,80.59877017080996,91.63767388223143,84.6555318442748
C0058,2025-01,90.96155934820976,72.79971059235136,63.55174061284478
C0059,2025-01,85.27312676569456,72.43292768314211,60.27548092267668
C0060,2025-01,80.81568571635779,40.17213408026866,72.97013579601548
C0061,2025-01,94.89049484445643,100.0,57.7802671688899
C0062,2025-01,73.50950392212427,63.50141682927947,87.72985400089169
C0063,2025-01,69.13627053606298,85.38719185799599,56.84576642836939
C0064,2025-01,72.17101057759511,69.11782396240841,76.46650114310297
C0065,2025-01,74.27047974984885,65.89337183846092,62.523392157115886
C0066,2025-01,60.6698548714624,69.19916012685117,76.18355843799372
C0067,2025-01,62.76039328120768,48.30649276403353,61.885573681491095
C0068,2025-01,55.858924553872804,29.04224808326164,69.46187337423198
C0069,2025-01,83.05735192775583,94.09146387451317,94.56112200195405
C0070,2025-01,81.87795753777976,82.87117079099076,64.61276543376508
C0071,2025-01,53.098695604228375,60.48163860663598,65.42695024051726
C0072,2025-01,64.77225081817342,78.19573216122926,67.19088745772581
C0073,2025-01,95.71107228646979,80.15087810202492,90.26871915534123
C0074,2025-01,79.27763776125698,56.2000361874704,67.11457741003781
C0075,2025-01,80.5871777322005,77.86962199685495,90.73950583050761
C0076,2025-01,64.07384472698831,86.48464631733826,68.71971898952546
C0077,2025-01,76.08674418778305,,87.90934378054017
C0078,2025-01,73.91154315901979,79.69614187552631,78.2255553463781
C0079,2025-01,66.04703088163579,80.26376339416778,83.51997654125265
C0080,2025-01,68.73967497891798,100.0,52.116205542608014
C0081,2025-01,70.64150613293255,83.38596129487641,
C0082,2025-01,58.30826449050035,69.92457636232831,93.20271282500818
C0083,2025-01,58.48404783055454,69.51180509517938,90.88056076193999
C0084,2025-01,71.00560079605599,100.0,100.0
C0085,2025-01,63.990573046569395,,51.5732511537895
C0086,2025-01,71.07487454944933,81.78333032518206,80.57471974252935
C0087,2025-01,,72.44671120770619,61.5679684679404
C0088,2025-01,85.8752646858777,89.03629477593465,61.54768368431622
C0089,2025-01,100.0,89.83715927015058,65.1327586809942
C0090,2025-01,89.30245634746677,,78.65424356827353
C0091,2025-01,96.11247456407499,71.19390923520947,68.32459773547589
C0092,2025-01,84.15260294243652,65.62037236993046,73.89173085148317
C0093,2025-01,77.90935381278867,43.60645825909045,84.67166559918668
C0094,2025-01,80.6673937825874,78.43238048308731,94.37567292395376
C0095,2025-01,60.600058404687005,71.69397693728433,81.79227077767075
C0096,2025-01,83.84830203185474,58.18066152149723,78.96554260065707
C0097,2025-01,80.59122383675056,39.310005849538555,67.6368003586388
C0098,2025-01,68.43871932377219,75.31667267929718,64.38687513754067
C0099,2025-01,80.22415215313528,75.15366881534408,78.94526795736677
C0100,2025-01,67.46006266251794,80.72013851867275,59.41166102112643
C0101,2025-01,67.67925157982023,57.85398098206183,76.28975757729067
C0102,2025-01,91.2202472902277,84.1392681141156,62.233612921355814
C0103,2025-01,86.49633959498118,75.03977268488484,77.84978272487749
C0104,2025-01,,84.9580883834863,56.27574420049897
C0105,2025-01,72.24463482775295,58.741543024338334,69.10350792189652
C0106,2025-01,75.79329329917412,88.75051469088295,61.20717959909623
C0107,2025-01,50.23990332788823,97.25142378470865,61.98714056952797
C0108,2025-01,62.81561837705068,72.28711284880215,70.1140349557505
C0109,2025-01,55.55113218714843,,34.90563723117903
C0110,2025-01,75.87848045865626,85.39757092288406,46.675355562446306
C0111,2025-01,88.29863503246702,53.63022234147602,83.11366616807008
C0112,2025-01,80.61415076240658,63.189729486439546,74.14611057734948
C0113,2025-01,64.07173457886263,71.05426085474927,58.382206980257266
C0114,2025-01,65.33997729102248,100.0,87.8408835500643
C0115,2025-01,66.84238756907057,55.50260742633829,65.80885509423847
C0116,2025-01,100.0,100.0,67.56674467001758
C0117,2025-01,77.5110206943384,70.66001533420827,62.80736941671781
C0118,2025-01,78.31583442573356,72.09948883556493,100.0
C0119,2025-01,44.85775273083665,90.9670911780808,75.9400935121318
C0120,2025-01,55.81632995084193,100.0,73.2851332450863
C0121,2025-01,72.98293394905097,77.38302757919864,78.59742507954897
C0122,2025-01,68.37710111141672,91.10840407261306,45.56072771864784
C0123,2025-01,79.04099919600604,59.683954922658785,66.26805904910042
C0124,2025-01,73.20618240466088,59.94805818382844,76.35268113358629
C0125,2025-01,83.10503052359408,50.14145863236371,72.63707180473959
C0126,2025-01,48.41470013927158,63.40853155371201,100.0
C0127,2025-01,62.38684186709929,84.17540122797031,67.83216840645026
C0128,2025-01,79.21724284617439,81.44285171643956,92.75956114105654
C0129,2025-01,67.32065701056676,100.0,86.47436628316206
C0130,2025-01,66.33813970014617,100.0,70.8243394189537
C0131,2025-01,81.01326679042917,74.67202521990875,82.3529345207365
C0132,2025-01,68.20963820965488,65.08207221162576,72.28569474062391
C0133,2025-01,76.98750681163123,89.91404299138503,42.69819915873552
C0134,2025-01,81.08518060958342,90.7051392371398,76.70715119740535
C0135,2025-01,79.8282711734894,83.31216418189933,83.34358991633312
C0136,2025-01,85.05344755456241,83.35003115716268,81.74794270687957
C0137,2025-01,44.2879042868134,80.57807179575875,73.65552860482458
C0138,2025-01,69.86430943470174,59.53281966439922,90.62481494902785
C0139,2025-01,82.75200668150946,47.57779093244523,55.26952397991075
C0140,2025-01,61.50911817083758,69.81223448165765,93.63587531702727
C0141,2025-01,64.99059751142195,73.11626268383472,62.17269820794829
C0142,2025-01,75.26443521857522,78.6852221794169,73.41460194746516
C0143,2025-01,72.88439285669439,68.01487360728392,81.33996559294307
C0144,2025-01,71.0705989300877,48.6175020866535,68.8320595223744
C0145,2025-01,100.0,39.05307260500594,
C0146,2025-01,,85.26901029217258,69.15078785397716
C0147,2025-01,65.88973891417047,65.23725771111312,78.3020946506368
C0148,2025-01,55.739301758331145,69.33195975748438,71.17547756474136
C0149,2025-01,80.96066156355025,63.47195097824184,64.63035109608467
C0150,2025-01,61.492572741295916,56.92377000786824,100.0
C0151,2025-01,100.0,59.34840961434851,62.56042672071011
C0152,2025-01,82.57599475091706,90.09726519657096,40.29311345840676
C0153,2025-01,82.71796308636034,68.14465172017975,60.82381160156896
C0154,2025-01,75.8098252191087,,72.29764318822286
C0155,2025-01,89.20844675930857,82.82222162642293,65.85367814340854
C0156,2025-01,,79.73292009217874,90.70117615722975
C0157,2025-01,62.675641570761854,89.7254029865194,92.25417904913348
C0158,2025-01,88.40478694943438,71.19141312820372,67.1509880986577
C0159,2025-01,99.76420227476788,97.90249473540422,51.52266481682017
C0160,2025-01,58.59485403226253,86.21679299029496,54.64156688494046
C0161,2025-01,48.13413177945358,85.9137572713393,71.11193239391868
C0162,2025-01,80.3860128881355,60.30686759359776,52.57306414851378
C0163,2025-01,83.3695997895185,77.9801560730792,69.057003170243
C0164,2025-01,81.37709109513055,47.31219200027515,98.63327961618273
C0165,2025-01,74.27791877874238,94.63585643061379,78.2552229642519
C0166,2025-01,48.99068274879307,62.03842362646773,73.60167238876902
C0167,2025-01,72.03252619409147,66.76439627987325,59.67107885323051
C0168,2025-01,76.72158184934351,,80.61026117250756
C0169,2025-01,69.00748286835852,73.30346995901388,70.8049836918989
C0170,2025-01,,67.57847598461464,76.36305223241254
C0171,2025-01,86.14159943259051,100.0,86.86175538231807
C0172,2025-01,84.30658466869411,82.86483071351051,83.65776480227768
C0173,2025-01,63.768715061400925,63.75294543700772,74.82709808295354
C0174,2025-01,68.95718597011528,41.79470855917538,77.23963241851744
C0175,2025-01,68.94839623271343,36.520739086721406,66.22544792530046
C0176,2025-01,69.06182346295111,56.61541362552519,90.87105406108937
C0177,2025-01,81.52864590653442,50.40231815659103,59.317466975430946
C0178,2025-01,83.70962916384343,79.23300836931323,71.35513859882053
C0179,2025-01,89.82810411830468,69.54903277903739,91.33057249718301
C0180,2025-01,88.64984484674721,71.20574929719449,64.66990221181706
C0181,2025-01,,59.060582586151696,54.91022736696856
C0182,2025-01,100.0,74.6909166829111,66.98817869119053
C0183,2025-01,,46.9642291476328,91.60312063453495
C0184,2025-01,64.85662959859837,69.70202548763278,38.00954479956568
C0185,2025-01,75.2259136717293,83.74469710637885,72.9894283449615
C0186,2025-01,43.42380748499093,62.25178122829647,59.715141183448566
C0187,2025-01,72.77080928614086,76.43085575725017,67.8746909019302
C0188,2025-01,100.0,45.499186502174695,72.51620103153581
C0189,2025-01,100.0,38.84030499794804,87.08051457631501
C0190,2025-01,69.98582101944318,73.82088347044308,
C0191,2025-01,78.99273323272736,88.11494732499351,87.46240135704603
C0192,2025-01,82.27808157939778,67.02019238935684,91.06568524498621
C0193,2025-01,100.0,100.0,78.18053151692945
C0194,2025-01,62.911532532126756,50.77919548801056,69.2807056295996
C0195,2025-01,100.0,,
C0196,2025-01,73.17687243418412,77.11429874868301,84.16868314219639
C0197,2025-01,,82.52416715400236,58.525326895363015
C0198,2025-01,70.24883225380226,62.399795246842885,76.20344623538017
C0199,2025-01,64.30619503331286,55.83086502898417,69.83727073173195
C0200,2025-01,79.28344861752298,80.34290691462375,65.10864197416672
C0201,2025-01,52.37689386694407,74.77288699698501,63.14623712900413
C0202,2025-01,77.558163064377,67.19577832808416,64.18940019752687
C0203,2025-01,83.60540150908588,79.34945947373157,91.14444912630397
C0204,2025-01,95.37568106452471,69.51139988134251,67.15611722583462
C0205,2025-01,86.25892692266696,71.69839326660731,91.88681932453196
C0206,2025-01,97.60579679387756,72.14520043474775,77.67335281095338
C0207,2025-01,65.05445770049792,57.408909369538414,54.54308577994049
C0208,2025-01,81.38280901959578,58.25209844642794,76.72566642721152
C0209,2025-01,45.60041799743405,65.60693456094901,56.99080252574193
C0210,2025-01,,73.4989431351676,82.9428520080373
C0211,2025-01,81.08300464989999,42.86821979939091,70.55188641703097
C0212,2025-01,84.67603313120593,90.39037941142739,88.82250515123904
C0213,2025-01,50.66323160422044,69.95739084417409,92.20349975426618
C0214,2025-01,66.46447912098155,51.800976845939154,43.89662488205096
C0215,2025-01,75.29851951044343,100.0,69.8919829596867
C0216,2025-01,65.01077430657618,68.54757245781458,50.87592563502224
C0217,2025-01,85.77207970171266,51.39693645695572,100.0
C0218,2025-01,70.5221518686201,95.71873473183236,64.95305004165164
C0219,2025-01,75.02037089298912,92.32547166119022,51.90310964041349
C0220,2025-01,70.86239024457724,60.43959236989001,100.0
C0221,2025-01,92.92464010675113,70.13044190671624,65.1260053212961
C0222,2025-01,88.50317804895661,62.18574274676941,46.225989467666615
C0223,2025-01,73.9392353931673,45.319881114588725,58.88003124639261
C0224,2025-01,,76.4453024423418,74.34626623017772
C0225,2025-01,61.07121494421838,82.23234484587535,70.48811554344475
C0226,2025-01,90.80347644805906,84.41510384263762,62.162680687251694
C0227,2025-01,63.103228833004955,74.12633337729505,67.14152193195108
C0228,2025-01,90.75638037261044,92.4046283153475,78.73025628119287
C0229,2025-01,84.9854157093452,54.20514792726454,
C0230,2025-01,60.75256525277999,100.0,77.91608300277777
C0231,2025-01,73.03012057621991,59.59676209794874,64.41107428039724
C0232,2025-01,100.0,62.04222458988398,70.06263022729281
C0233,2025-01,63.8697669873341,63.18273611052798,84.81563793636607
C0234,2025-01,80.99979382485544,62.12574276781318,98.57467330847186
C0235,2025-01,,68.63026810844755,56.066581226115915
C0236,2025-01,73.28131704308785,67.20255803858025,88.58492153356626
C0237,2025-01,,71.98571804927269,66.24368182090801
C0238,2025-01,82.2793633230087,54.42017538371987,44.315210377008526
C0239,2025-01,74.75700103790624,74.3357051735759,45.260852374837704
C0240,2025-01,89.7794318942293,53.93829132277054,92.33821187086438
C0241,2025-01,81.22037119778285,86.9738987082138,97.77611785053267
C0242,2025-01,72.56186777909441,80.07997777220112,61.12306077723009
C0243,2025-01,,72.1439153916496,69.94660947158484
C0244,2025-01,63.770022513377334,64.45602720887815,48.860069598645175
C0245,2025-01,98.95077491062284,79.34365799500917,86.56790191461303
C0246,2025-01,68.63628489240548,56.723256231367756,71.46637843883416
C0247,2025-01,69.46489264333381,,49.256595394620774
C0248,2025-01,95.64873823477024,72.38094065996687,78.6277011595149
C0249,2025-01,78.67140715411941,100.0,52.36708007608952
C0250,2025-01,71.04531168829479,51.78410860568947,80.7180623345251
C0251,2025-01,81.39408082072536,30.059676173994198,57.358505415214594
C0252,2025-01,84.80651883929389,63.00401915314066,
C0253,2025-01,72.2564621867945,43.49950407258157,62.11772985439998
C0254,2025-01,89.27043686303037,61.91216683801022,38.872327781052476
C0255,2025-01,62.363972375954354,56.7991713620509,93.09415314022984
C0256,2025-01,78.44958579986562,57.39929307773419,88.54826458974844
C0257,2025-01,84.54473481289791,53.30286224461952,63.514208733512596
C0258,2025-01,87.06742448592884,91.07125432717108,80.47866869765161
C0259,2025-01,41.87708725023471,69.47041479961285,
C0260,2025-01,71.22821637234995,87.18778772913296,78.05785393186906
C0261,2025-01,53.89733289663188,68.39518439903279,94.7778271650065
C0262,2025-01,94.44396410689615,88.48718862837649,80.69513234798177
C0263,2025-01,70.22499515869707,,68.32957287431469
C0264,2025-01,94.67701362376097,100.0,82.64990214279973
C0265,2025-01,57.529720349081735,79.17792504215906,66.11911402301219
C0266,2025-01,82.02079789000133,61.26776891240905,58.56848892933042
C0267,2025-01,74.23390558590648,81.07649501710785,90.41884226103588
C0268,2025-01,100.0,72.96889023670035,81.4230826960269
C0269,2025-01,90.60737762986132,67.92325048918536,44.19209700124991
C0270,2025-01,95.16352296925542,78.47963232261404,67.31416116088918
C0271,2025-01,100.0,84.51898431956575,84.74101909866181
C0272,2025-01,80.9046537168455,40.267620546840654,51.474538655504446
C0273,2025-01,73.73585954872966,66.62163687197531,61.83494931586317
C0274,2025-01,69.67104890687541,80.54273765012765,100.0
C0275,2025-01,77.5754130576282,73.9367748816148,66.01972155715582
C0276,2025-01,34.40725527148471,52.1582144113043,87.42937874739094
C0277,2025-01,70.79029314995935,29.718991888422423,91.26473121588353
C0278,2025-01,81.68315888474508,100.0,
C0279,2025-01,73.90338214138943,70.25709336428794,78.08076814177375
C0280,2025-01,51.339942393241394,93.96379874217273,100.0
C0281,2025-01,72.5116430746485,84.40532059174106,79.50222632502218
C0282,2025-01,52.06351523973893,,100.0
C0283,2025-01,99.4070877865959,31.626007574321726,63.021105181482994
C0284,2025-01,69.29883703532757,62.48145343044236,
C0285,2025-01,46.5761492322392,71.98536847142192,73.70411580144929
C0286,2025-01,72.94997772856152,80.2021592588157,68.92893004542171
C0287,2025-01,86.42380388685386,53.14746235826006,81.48883684932404
C0288,2025-01,83.00378370020069,80.81911743267622,76.86681372267222
C0289,2025-01,64.28705739070283,77.14817550597027,73.81251091284625
C0290,2025-01,62.88388884159967,85.09737589533589,77.65725271630197
C0291,2025-01,75.13128510739777,71.5870631082263,50.03113588416602
C0292,2025-01,68.94861229522061,,61.12405750591847
C0293,2025-01,60.63810153112875,80.18334034845175,87.11167341886849
C0294,2025-01,78.13718272091462,90.43795102918175,91.95650751165712
C0295,2025-01,,56.710496042629835,76.21602211176972
C0296,2025-01,87.06393455162879,21.670249302414724,75.91536496206096
C0297,2025-01,,70.11215239422305,80.73509463692136
C0298,2025-01,60.696569446130624,68.13020582815327,87.1081698481696
C0299,2025-01,,55.21073844934244,53.14529717933043
C0300,2025-01,70.41666215941193,49.39001254015649,66.69655420058196
C0301,2025-01,73.9740925612424,62.28504690000278,71.29890544370802
C0302,2025-01,78.24026108432082,69.88502043026226,75.58123811179559
C0303,2025-01,80.76001905136579,72.86076408844718,40.63269975935113
C0304,2025-01,83.06946416335514,37.563271008230906,56.05245456324051
C0305,2025-01,95.59605947177626,42.81581852709348,71.59203459069448
C0306,2025-01,73.71212905914348,87.91194239797939,86.06414291602474
C0307,2025-01,55.285773209773836,67.49801497964889,65.23491521798502
C0308,2025-01,51.88617134218842,71.44065595456497,62.41136001906687
C0309,2025-01,100.0,55.52773542769763,85.42044321468687
C0310,2025-01,83.44733951752467,73.42042811812156,69.39109278022639
C0311,2025-01,79.2832853140424,67.56579413807901,87.60642970184442
C0312,2025-01,80.37655074674974,61.23929951249237,68.77050419590992
C0313,2025-01,78.74544590384346,50.302435087457035,
C0314,2025-01,80.51386001697198,57.620374194416975,93.75815949416962
C0315,2025-01,70.27691930022118,100.0,92.05207115182493
C0316,2025-01,90.03116508557895,66.78238827191218,58.92622066661035
C0317,2025-01,70.74264594168973,88.01011883292102,82.02631334556587
C0318,2025-01,64.96286567852789,71.72305367457663,70.70884467172237
C0319,2025-01,52.92068628857018,68.79420548723121,83.87847314805472
C0320,2025-01,74.02386478444726,64.41708920250359,62.216683933857844
C0321,2025-01,93.15789613571947,94.0677438009667,86.49049331285951
C0322,2025-01,67.60463637926227,77.0171410162443,89.93181066060902
C0323,2025-01,54.72638003184035,58.43386761499584,57.81590920047791
C0324,2025-01,78.69186456392988,65.4807673346088,73.7197735191208
C0325,2025-01,67.13347372184919,90.6378404223303,92.48789794044289
C0326,2025-01,99.22654538196164,29.387239797562934,60.53036706243041
C0327,2025-01,91.74889419168032,78.87483252789592,64.67212630612329
C0328,2025-01,53.43905596624023,76.70710168798345,79.15765318992132
C0329,2025-01,71.58219020788498,59.06177668181779,69.60637955005828
C0330,2025-01,61.50021185726117,71.47196022030842,46.444889114618675
C0331,2025-01,57.71776071057876,79.03967225008971,67.16153080433199
C0332,2025-01,73.4564454258691,51.5955560969322,98.43613534084952
C0333,2025-01,86.30905454190707,85.41598684890677,100.0
C0334,2025-01,73.7778195439796,76.77446678876758,63.365425397513974
C0335,2025-01,67.76643121422511,69.6445228788638,59.29302277853984
C0336,2025-01,42.73065798667866,72.31390158251048,64.7477898603464
C0337,2025-01,62.29680590000009,79.830392044833,96.64672669466825
C0338,2025-01,88.17892917468842,100.0,91.08506805143858
C0339,2025-01,53.380211626925224,78.85657019280832,92.12866165874053
C0340,2025-01,96.02484145540427,88.32242993374473,91.04919815796202
C0341,2025-01,67.62697109623038,76.04216000242116,54.007396398709076
C0342,2025-01,76.8515047734326,100.0,57.90670984938945
C0343,2025-01,70.30385696932817,49.589417720795154,63.449207978726676
C0344,2025-01,58.51426265468073,44.28322993832877,65.15307665655921
C0345,2025-01,80.40349947178059,73.74223966206392,62.064749811060224
C0346,2025-01,67.84331505059724,83.95069742760145,65.78601984853152
C0347,2025-01,60.49976249402378,27.898081093801146,79.76955374096342
C0348,2025-01,41.20251502803446,71.48175109070978,74.5055500744177
C0349,2025-01,90.11535692792016,65.90257048956312,88.17441327423175
C0350,2025-01,77.83417430003716,86.91950834929399,79.52566655106548
C0351,2025-01,94.08832001658564,82.7718981673919,
C0352,2025-01,88.04549128765237,47.79301576721896,80.18972686198056
C0353,2025-01,93.74716265651838,58.27161946529682,53.58745185502232
C0354,2025-01,68.95215981471365,61.15256371009831,40.17262912188015
C0355,2025-01,51.3928043361291,79.26673605187466,78.25536535228593
C0356,2025-01,82.36369906296886,74.58149844784849,84.96064968908726
C0357,2025-01,78.0676699094998,63.48798583572503,75.32682881407736
C0358,2025-01,66.08879749889562,71.88775824686124,64.74834271163392
C0359,2025-01,83.17429653660076,52.81478219364004,50.64825573769127
C0360,2025-01,78.02393999836201,100.0,89.21398711912273
C0361,2025-01,81.08655768490364,78.25962260035229,77.52937101689307
C0362,2025-01,57.539632683274704,81.34317562049087,74.22075794423908
C0363,2025-01,90.59830084057958,96.15534714515687,74.83931361420365
C0364,2025-01,75.37499399034915,,66.39626267260057
C0365,2025-01,87.89139988667903,70.16983151565498,54.003974115715536
C0366,2025-01,,66.63145120273934,74.42347800446954
C0367,2025-01,84.52230226997878,92.62152883952155,64.83625668830982
C0368,2025-01,75.0380130856424,74.21397136072292,68.23436440719338
C0369,2025-01,83.6214681798852,58.72446444739134,97.4551855332376
C0370,2025-01,93.59565307109438,100.0,75.32349441906686
C0371,2025-01,85.24569080096096,58.98167037494686,37.95709841420822
C0372,2025-01,79.34941874579886,45.94855805865818,66.48117925401989
C0373,2025-01,87.78917194262746,90.9771071525717,60.80151190104007
C0374,2025-01,67.8094832903393,60.579564749516535,71.08105071804327
C0375,2025-01,97.93847507356467,80.90872560502498,53.37613540677546
C0376,2025-01,50.59548022570546,,
C0377,2025-01,73.11350518932693,47.5922358405667,66.19086919097415
C0378,2025-01,66.81039381418367,68.78878697586963,63.35811626867985
C0379,2025-01,66.3735244218613,,75.59028774905089
C0380,2025-01,82.0513926117625,85.95555030038956,74.62879589265351
C0381,2025-01,59.04011378624624,69.00744462812709,70.77612174226645
C0382,2025-01,100.0,100.0,69.12869474602377
C0383,2025-01,55.15137959618083,69.60062799927097,71.77614248362254
C0384,2025-01,61.90096848341051,78.68183651393274,78.36636188337016
C0385,2025-01,63.996869404971726,100.0,79.90599478662031
C0386,2025-01,78.37362263905233,88.42414509181434,90.49784268728702
C0387,2025-01,91.02725613200212,95.18057056947981,66.62329504423846
C0388,2025-01,86.791333953517,62.40023956492067,80.99912568833602
C0389,2025-01,98.01262628346738,94.2945910796152,
C0390,2025-01,63.52490570103679,74.92653129279309,72.49235393187911
C0391,2025-01,83.71575428433837,59.6308104064036,72.46095841814054
C0392,2025-01,70.18274883677384,75.04930533741722,53.48146901242591
C0393,2025-01,75.90547171115395,72.71912066859605,60.01427676996041
C0394,2025-01,93.74889926788157,100.0,74.63187229206935
C0395,2025-01,55.28748073537333,82.4187523926049,84.98106971826964
C0396,2025-01,100.0,57.85187842611859,81.08155665911801
C0397,2025-01,72.09082477833792,54.988853407238146,77.01835035837973
C0398,2025-01,53.72635568655619,72.6339300219753,86.28061099565997
C0399,2025-01,63.44609996346449,48.5928713904495,56.155820824983124
C0400,2025-01,81.13505983563249,65.63925903814048,85.03653611797331
C0401,2025-01,,69.06457714081819,74.02259620953824
C0402,2025-01,44.499857864503575,63.410415059275394,73.04379211985572
C0403,2025-01,75.57707442370832,82.90572244989723,66.78710552811958
C0404,2025-01,65.5696855926103,,59.37872438865679
C0405,2025-01,80.12625951792423,28.351218284380323,50.78300566534237
C0406,2025-01,60.148235176153946,45.239631167733634,77.91573522970515
C0407,2025-01,100.0,75.94834817848914,84.3672452402516
C0408,2025-01,83.54911921336425,64.15095851767016,72.41475796955658
C0409,2025-01,73.83829582525537,48.161416322973565,
C0410,2025-01,84.29872724416877,100.0,62.771838491827204
C0411,2025-01,47.226708620478234,82.95155614336623,78.27380759794613
C0412,2025-01,69.31644363762686,72.51545399388475,75.1832409384404
C0413,2025-01,98.46873995638575,74.24959199633689,66.02224167822831
C0414,2025-01,68.41246487507097,65.6257257206397,83.8855735008208
C0415,2025-01,75.80901283489081,53.82884481896781,84.36386593945629
C0416,2025-01,71.79511658113435,92.1172004737897,53.28807512210307
C0417,2025-01,94.10512677298848,84.23941602769116,72.33927106335811
C0418,2025-01,69.70585157152217,38.48123514716549,56.757186566879994
C0419,2025-01,59.12635047746115,77.47408741032626,76.74486877027017
C0420,2025-01,100.0,74.07002424199185,22.496561318437102
C0421,2025-01,55.444477144017796,66.62879396056024,75.6519664233392
C0422,2025-01,69.50990524829648,100.0,79.55298577338853
C0423,2025-01,61.43766720915147,100.0,69.56091605981646
C0424,2025-01,65.5065089870527,66.40853211842044,55.85814653268144
C0425,2025-01,59.6926802424992,68.03704719693468,100.0
C0426,2025-01,70.47317074985916,69.87071776034263,93.37246899242845
C0427,2025-01,87.66263560262045,61.13802230834988,63.92024928868461
C0428,2025-01,49.4192487054507,58.47771096476098,70.13169858468409
C0429,2025-01,93.26952975010934,80.86503079707876,43.90276110914867
C0430,2025-01,,100.0,79.88175671277361
C0431,2025-01,82.75003451241287,97.56190765524164,53.08462468060683
C0432,2025-01,77.07962790619021,85.05886761193018,83.30872276038673
C0433,2025-01,77.10388753717244,31.71100449524326,86.62006770677846
C0434,2025-01,91.57595092841545,38.71427578453587,68.59422130037731
C0435,2025-01,50.29464743751375,88.8463846473619,56.768827217267244
C0436,2025-01,85.13771181164799,97.96297069005342,91.69090716983163
C0437,2025-01,68.46191863862634,,76.9408678354959
C0438,2025-01,83.92190307885531,64.41383899398687,71.75981846753744
C0439,2025-01,63.82334081570782,90.99538653537672,56.44073859297167
C0440,2025-01,87.70100492907225,87.1306153440635,
C0441,2025-01,55.19666307865312,92.2871097274113,71.83176918170102
C0442,2025-01,47.003889281070975,37.83680649620559,48.7726001173433
C0443,2025-01,73.07355952091976,77.22926423627149,92.75632356085843
C0444,2025-01,90.85568026637958,95.99689384682924,95.14513647851868
C0445,2025-01,82.85378293060512,80.90572398373672,88.61883595227357
C0446,2025-01,86.77304488060736,91.89928465261804,90.39794019285853
C0447,2025-01,,78.18711714611747,100.0
C0448,2025-01,66.31493153666965,70.48215939317504,54.16013511983824
C0449,2025-01,81.97404885843102,92.86941937608057,55.53101362406285
C0450,2025-01,68.95916778732689,63.58245120420044,68.85867715555864
C0451,2025-01,72.7209382299129,62.06195005850725,79.58496263365691
C0452,2025-01,73.47958625039409,65.65430370544348,69.74812176226666
C0453,2025-01,68.52806502574853,73.71052257678706,58.865568315770616
C0454,2025-01,78.7855620964049,51.331463329592744,77.79511480047253
C0455,2025-01,72.78030559350823,85.22170900778242,72.9284227820769
C0456,2025-01,65.3565432495691,69.75173399297768,85.88371142871436
C0457,2025-01,69.44657587571001,81.95892796149099,70.08310292859387
C0458,2025-01,78.87406792837298,39.99724443527205,46.13192552383644
C0459,2025-01,55.69760547932211,81.68181628866371,74.8777268656399
C0460,2025-01,77.99738062911157,90.47248943957723,93.87977188875945
C0461,2025-01,68.55708070560497,79.6134838578351,73.90251178325784
C0462,2025-01,76.68751840893634,71.42772931022068,86.71704493280609
C0463,2025-01,67.12740359400901,87.47131164066384,66.86471007808578
C0464,2025-01,87.39662380472824,89.99392158737004,79.17592406373905
C0465,2025-01,89.99947181909451,82.17750806963207,
C0466,2025-01,59.83550523045364,81.16082382064096,68.82946268712541
C0467,2025-01,83.07009173992846,99.37437954964724,70.14068912888138
C0468,2025-01,89.65379510847204,78.34886467134888,74.55634474769775
C0469,2025-01,62.26991597506057,59.87293689821448,61.18206576965642
C0470,2025-01,62.11305739281746,91.60139395978209,50.30514665549065
C0471,2025-01,84.1178218721863,68.87706828245777,78.87867225648995
C0472,2025-01,56.40540976939675,72.32079106753159,79.19378953756411
C0473,2025-01,63.583014305831846,,74.1554934552452
C0474,2025-01,59.261167954598065,85.9763559966412,85.45980661193857
C0475,2025-01,83.54278703409379,98.04433384394358,68.03842986664723
C0476,2025-01,66.87635577001133,74.15533781034357,78.79061396079972
C0477,2025-01,72.02585144461538,100.0,68.76151795501943
C0478,2025-01,62.242446775336056,72.31553828878914,66.83981158801717
C0479,2025-01,89.96927724442222,93.35818062813556,76.99333455082996
C0480,2025-01,65.28943145502036,77.73502895151299,100.0
C0481,2025-01,60.02421334818999,69.23567247159914,88.86507820596647
C0482,2025-01,53.219367498531355,100.0,79.70359929320782
C0483,2025-01,85.38914653220684,63.41242956641401,85.27950275404127
C0484,2025-01,86.87807572667435,62.84837654235561,38.93929594781312
C0485,2025-01,91.3681938405888,50.82509110973319,76.67609761758175
C0486,2025-01,55.97761535404406,90.92539660105037,85.28834716435331
C0487,2025-01,70.18718605663884,94.48476222928376,72.69055525349187
C0488,2025-01,100.0,76.53552554763483,70.9046690657588
C0489,2025-01,71.26248714616364,56.88264476476145,59.39583639221989
C0490,2025-01,66.51654659907581,,65.90311157246074
C0491,2025-01,77.11762090436832,69.81455279438043,62.90932518806094
C0492,2025-01,,52.4652128349014,85.02346153654712
C0493,2025-01,82.49215745863128,64.60304089549152,95.83190919279296
C0494,2025-01,72.14899483015343,,100.0
C0495,2025-01,65.49831092983283,61.027432044653104,58.938889302154195
C0496,2025-01,68.49370819338519,74.27054007861958,60.617962101199055
C0497,2025-01,69.28321052698969,48.45353375630679,66.2589960789112
C0498,2025-01,57.206481891645645,,57.21482298592234
C0499,2025-01,100.0,65.84989211434937,57.97549822343875
C0500,2025-01,71.06147301909758,87.88790481893695,67.02599447404347
C0501,2025-01,71.5389176712174,76.6478217599663,87.55948498459581
C0502,2025-01,72.23601139517304,80.34538715987355,63.93569512068949
C0503,2025-01,70.45306819718064,50.36327039846778,85.37641149843137
C0504,2025-01,79.9327638068971,58.70795090853872,92.35814479292614
C0505,2025-01,71.005372633607,62.96348673324491,79.79450524823275
C0506,2025-01,93.18926007056763,74.87816811543256,93.67527343800695
C0507,2025-01,85.5199206731166,95.59801755365446,54.73159393382129
C0508,2025-01,67.24260962739292,73.64217902464178,59.54239160739242
C0509,2025-01,64.5082407636769,56.46021106833321,74.6767737160145
C0510,2025-01,96.98310373685389,80.69912377109834,83.14264254015286
C0511,2025-01,76.24755028284483,74.53696800813474,97.9546287840683
C0512,2025-01,55.18242684337883,63.921959394855094,55.59826410125624
C0513,2025-01,89.32933972637761,71.88983817115334,64.98010279645457
C0514,2025-01,62.53287822865797,81.8829558382628,69.42673044548225
C0515,2025-01,83.78984770245884,57.00986435552159,61.85154891413697
C0516,2025-01,41.19060623135953,68.03951877254465,58.75095931631482
C0517,2025-01,71.99889611129728,90.10371439107311,68.01191459304853
C0518,2025-01,86.96328828104622,75.07055591668204,65.0408309289217
C0519,2025-01,75.06080146290489,92.55409853389908,94.70213822074435
C0520,2025-01,82.39198126253072,94.03276795124953,56.71460860447624
C0521,2025-01,60.65866662797754,48.514180835521046,83.5134652273923
C0522,2025-01,,79.56513950974241,94.77294979671184
C0523,2025-01,71.92686216507853,60.65948421201296,62.185410690716964
C0524,2025-01,81.65637597092979,56.36517591526754,80.14809558564475
C0525,2025-01,100.0,56.21703272937211,78.56746633233492
C0526,2025-01,95.13903994297452,69.27497854252901,81.03985442097647
C0527,2025-01,82.0853298341618,63.14493741975484,70.22957132171712
C0528,2025-01,83.35269799949904,59.3030928167423,59.905641288513706
C0529,2025-01,62.00221683772398,71.59596051772851,82.66724777981659
C0530,2025-01,70.31520098064404,100.0,69.29553983500843
C0531,2025-01,53.095180976882034,44.02090731178342,72.98108931958298
C0532,2025-01,57.21080628698326,90.27893211907526,75.62227596757982
C0533,2025-01,64.61921603271816,73.95854193909011,87.87052795954514
C0534,2025-01,71.7960585489004,62.129969313100396,99.12292079226661
C0535,2025-01,55.99213612820192,37.83943214658316,60.07548108354245
C0536,2025-01,74.3307753778145,84.1761204706217,73.66777880388882
C0537,2025-01,69.60584444262048,45.61251305255823,47.49600281659634
C0538,2025-01,58.82385758897418,85.03154671607847,94.92468946716784
C0539,2025-01,96.39265463477227,99.9977987471269,73.6921802193665
C0540,2025-01,56.01585968877583,51.107912464980785,68.0640565651212
C0541,2025-01,87.3643575763308,87.31888815394828,70.50520107978367
C0542,2025-01,42.95880317889971,71.99682033827072,74.06012296512701
C0543,2025-01,71.15354051428713,36.62621972511308,60.16721356443403
C0544,2025-01,59.69482952131526,54.37220213576127,
C0545,2025-01,65.40414202093348,74.49212483351582,82.23760400084174
C0546,2025-01,100.0,82.93130919663152,88.92517523469954
C0547,2025-01,67.82007167736897,44.347215251447224,60.47747386673361
C0548,2025-01,58.634567686467015,71.65142739461115,61.086544910210655
C0549,2025-01,79.10999961638211,82.39697868726427,68.57983673923395
C0550,2025-01,68.29573400072364,86.24997058541798,83.27555917210843
C0551,2025-01,78.65130195554438,67.12842119055632,
C0552,2025-01,59.92738432505983,76.70903345753057,59.06447849981353
C0553,2025-01,62.75983994814196,89.12420838026995,82.88928599754102
C0554,2025-01,63.49881345822561,85.23722103212306,57.944530826208286
C0555,2025-01,81.08350479197647,80.96276269062875,57.98115452503095
C0556,2025-01,71.97577715574911,74.07658316034112,75.51724405337445
C0557,2025-01,63.42247090937048,73.8717173856449,58.526016045047015
C0558,2025-01,76.4681001294134,75.60860240319403,57.749699651724264
C0559,2025-01,72.71849830841838,56.281832616170256,92.88760822754413
C0560,2025-01,85.16451167223617,92.15563673885903,95.62806212999307
C0561,2025-01,69.1409146489928,48.55282691924204,100.0
C0562,2025-01,73.4758293642772,63.56657535629563,79.32042407794945
C0563,2025-01,81.02755588410292,71.65161323968086,82.79552035026045
C0564,2025-01,64.0284783795586,82.9638579537286,73.83505619818642
C0565,2025-01,86.743070165288,81.91656334225722,67.07931262111205
C0566,2025-01,73.82585635504917,94.43516281052047,84.67437827684918
C0567,2025-01,55.75392289500094,69.28222223592142,89.59775937546647
C0568,2025-01,62.763143971354516,64.09014603100464,88.0808586996712
C0569,2025-01,69.8173883648437,65.76091868099775,56.611760949476434
C0570,2025-01,67.46311827132101,67.16589549463603,79.04063994904476
C0571,2025-01,82.74344121145451,77.42862082818007,58.62668969044405
C0572,2025-01,67.36631739054076,,64.51334633312132
C0573,2025-01,83.6096912364235,73.92218616460956,100.0
C0574,2025-01,66.35858819709306,100.0,58.24557017143421
C0575,2025-01,72.84549537573213,73.03511947862985,100.0
C0576,2025-01,90.10676273133245,51.743690330485094,77.932274752454
C0577,2025-01,68.01158428808019,61.45394932717979,61.093688888824225
C0578,2025-01,65.83131144759196,34.85944588656928,72.5960515642469
C0579,2025-01,64.35309120920734,72.6913808067116,64.17189423223854
C0580,2025-01,75.59744436051912,99.37474746064615,65.65652153199113
C0581,2025-01,94.1178134484352,52.46500361791131,73.48684359735563
C0582,2025-01,58.60123098568085,51.65629624209791,70.75773851471878
C0583,2025-01,76.86654809313465,64.36715917546684,61.57088121740841
C0584,2025-01,52.452574795685905,88.37464980777064,71.12562415375146
C0585,2025-01,69.32625085346513,99.45069285328957,53.352940128708454
C0586,2025-01,,79.44651480623769,54.08798799768512
C0587,2025-01,51.89664795768638,50.48865748595705,
C0588,2025-01,69.32729201326853,72.3323052465409,98.6244946822527
C0589,2025-01,82.44990465064458,100.0,
C0590,2025-01,73.34784965794762,63.42822013175529,78.44977216544319
C0591,2025-01,76.23552687804424,70.62707788797313,69.65902564913242
C0592,2025-01,59.033450828874315,73.4874256307213,78.27203575199918
C0593,2025-01,76.2130433882475,44.346820320948964,87.78922465471102
C0594,2025-01,66.92157543639107,88.40813944635927,79.43898186218277
C0595,2025-01,84.61120281414652,85.35186744090093,97.21974233086668
C0596,2025-01,46.574453233687684,44.362339942824875,76.3657909154823
C0597,2025-01,73.6393206329793,,84.67754031009858
C0598,2025-01,75.74941609593286,55.9118429722058,82.92533376100575
C0599,2025-01,97.99157582348798,88.41908668268043,63.118849887715314
C0600,2025-01,76.0371813867039,59.893551092450366,73.46313732117954
C0601,2025-01,76.75517720953668,77.58794487526654,44.49785709997954
C0602,2025-01,81.84765600813883,70.87784045259671,72.64267336968804
C0603,2025-01,91.74478735319867,72.39240858597867,68.01480301020895
C0604,2025-01,68.12088217092781,78.41041505118906,66.38317705495099
C0605,2025-01,55.89039537585171,77.0231837973842,67.42110074104814
C0606,2025-01,55.906632687586836,75.2205622174546,83.90990835348768
C0607,2025-01,85.46357209116576,78.56801562393198,60.87737391817611
C0608,2025-01,77.03636996693032,74.41771360535513,99.81132634033874
C0609,2025-01,75.70005777411725,73.2915119413949,85.8010697992853
C0610,2025-01,62.34715123190661,60.48585563399227,56.50799010117767
C0611,2025-01,76.43461446461279,100.0,
C0612,2025-01,76.86595907809891,63.88234566824449,86.85262844471386
C0613,2025-01,79.44537716098912,91.56334534895032,76.26452223420235
C0614,2025-01,62.65041979037792,64.49999587876412,61.08466171130997
C0615,2025-01,52.18388496353023,87.06000490595649,100.0
C0616,2025-01,,98.82379109833207,80.87858738245805
C0617,2025-01,58.12962966790051,68.86805593037897,56.331740236333985
C0618,2025-01,50.85411287450166,56.64650602313826,71.63180229442062
C0619,2025-01,94.64654002203073,62.76277106762525,67.365468608239
C0620,2025-01,46.9826423181014,75.73402798887554,76.81707867820676
C0621,2025-01,82.47521156613959,78.2032477814044,55.99359832568676
C0622,2025-01,88.24744346812284,72.04248153891936,74.36436596089581
C0623,2025-01,90.11617474115675,66.74941710211178,61.82287843740178
C0624,2025-01,80.22669344398722,100.0,69.10235349362856
C0625,2025-01,96.38346906683412,71.97199611861903,81.71639313575531
C0626,2025-01,98.17114089832889,60.2741353111259,64.05405511543921
C0627,2025-01,69.34969094875024,83.8839598554981,67.22459893108523
C0628,2025-01,78.85734137118264,83.09127461317635,82.89621240179461
C0629,2025-01,90.12026419466497,91.79452589472746,56.93019004974927
C0630,2025-01,63.104841128461615,100.0,63.44595749876105
C0631,2025-01,72.48969409417298,78.61386139923049,55.09956253601402
C0632,2025-01,63.427736247391465,64.5085246335879,57.84628689486173
C0633,2025-01,80.71720771057517,40.883533932475586,74.20037948475185
C0634,2025-01,47.81056512538413,,81.97591269965824
C0635,2025-01,97.52331997906224,77.99216309588367,63.31803497122169
C0636,2025-01,87.4495392281591,58.47990102177802,87.12357153592141
C0637,2025-01,84.08958425637934,47.61828425163876,75.40863723815993
C0638,2025-01,41.43177791626071,72.64251291297579,51.77913590561858
C0639,2025-01,62.98529970193977,87.22822933976457,78.16565252676637
C0640,2025-01,97.42235265086364,,92.47114267846779
C0641,2025-01,72.81890159446151,86.76934045076185,44.92055657834807
C0642,2025-01,54.219756298239005,85.52337756439321,100.0
C0643,2025-01,77.67567962688325,90.03508059116999,63.41519572937885
C0644,2025-01,86.06084397058285,,49.81604624726364
C0645,2025-01,80.81521563151063,100.0,73.45067582967744
C0646,2025-01,72.50075767261912,83.38955438180147,85.07273619874341
C0647,2025-01,88.48753419730637,62.187419482123865,66.38314245270645
C0648,2025-01,66.08331903099193,74.05555022750744,78.58547586212777
C0649,2025-01,79.59429586835208,94.1271057427297,100.0
C0650,2025-01,,57.564459673524496,
C0651,2025-01,77.23088993443181,99.60232224325298,100.0
C0652,2025-01,70.10493631564191,69.8167592293438,92.38034942783085
C0653,2025-01,72.68572900530314,78.379799086973,76.26905229876496
C0654,2025-01,72.64185333309105,56.19872284800805,74.56336431711482
C0655,2025-01,72.3682950238671,52.474766131444355,69.67486571036584
C0656,2025-01,83.05490200272128,65.29806250964475,74.53559257455876
C0657,2025-01,67.54952295764592,93.00470353753371,81.47668482796364
C0658,2025-01,94.76819465853342,58.549478972961815,64.74987152338709
C0659,2025-01,67.64104646506013,98.71696862775465,53.07083587477198
C0660,2025-01,86.45111958070167,61.41821386461383,91.3891688646596
C0661,2025-01,89.34822963355579,,88.46542791327488
C0662,2025-01,74.12878610564587,72.7733115156469,48.55038202106576
C0663,2025-01,78.51774761632478,85.55484617130325,78.00797404689261
C0664,2025-01,65.36109398396715,75.7100368004577,88.97272217778274
C0665,2025-01,67.23931190393834,73.96226526034756,86.33424118220708
C0666,2025-01,80.99492576203959,100.0,65.50840264683092
C0667,2025-01,78.87022966047483,78.39088848420666,92.23387929679029
C0668,2025-01,90.02500487561534,62.94302742990743,71.68828534003673
C0669,2025-01,67.07919487835646,52.32254641829358,77.27360922433922
C0670,2025-01,69.30506680579747,92.28945844553074,59.02959098666912
C0671,2025-01,49.227237933960595,62.674626050803504,6.678327110535129
C0672,2025-01,85.05039462845107,67.9538169960305,62.3810768238599
C0673,2025-01,82.37786442044136,88.54083944913194,80.6814574336233
C0674,2025-01,88.12794963790748,100.0,69.3673187182276
C0675,2025-01,92.67027669303677,79.51560967500782,85.95503225360208
C0676,2025-01,91.06020384822034,75.22387706461515,94.60719701762524
C0677,2025-01,88.93479516588155,74.44668257553815,70.34136198210697
C0678,2025-01,85.34314203102115,66.72169755624746,68.36794566811041
C0679,2025-01,87.3375657650685,68.14511705057008,41.83741195717113
C0680,2025-01,49.905749257970506,67.2269783305217,50.47810819441264
C0681,2025-01,58.04121531473191,85.01623164415747,51.33934168249243
C0682,2025-01,56.32435994034422,69.6388913811842,80.35866425926571
C0683,2025-01,92.12433875623212,93.15143020081592,67.53395974710797
C0684,2025-01,63.67173884956769,69.85072845233113,64.61965493508009
C0685,2025-01,62.905879722064306,62.651040861426324,59.89476455996922
C0686,2025-01,71.39385366860533,88.6246911182327,57.61593702935863
C0687,2025-01,55.03555520180364,69.73869182320678,84.29898192806763
C0688,2025-01,80.63933463550002,70.40746191467417,74.71190668082987
C0689,2025-01,43.047845137617756,70.38267673913614,85.74321341277277
C0690,2025-01,58.62588814672142,,40.2099508090431
C0691,2025-01,76.48780060871712,75.62388012361582,79.69537626972145
C0692,2025-01,56.96078330002817,91.39605581507016,
C0693,2025-01,90.04505248334448,65.01492673982847,65.63537566522713
C0694,2025-01,76.84003828575933,90.79411622924053,94.48451918103223
C0695,2025-01,93.87668276391634,79.11232034530387,
C0696,2025-01,80.05199991375274,86.26484740160585,80.41961406243475
C0697,2025-01,75.56497902147832,88.34225533559083,58.46281429337059
C0698,2025-01,63.33103900680368,59.453971262095536,75.82456151948988
C0699,2025-01,90.85603121978276,76.27018447035474,51.979282603950125
C0700,2025-01,80.14676884987672,86.32252308203915,71.10953828835538
C0701,2025-01,100.0,90.79790413070077,79.56805092657737
C0702,2025-01,85.29352096951295,90.77262239641468,88.29153274689271
C0703,2025-01,68.5976682701747,72.88663213610215,59.892902061922335
C0704,2025-01,80.78735735370644,98.58293531189008,66.80099445090406
C0705,2025-01,79.85506095682382,60.46653191639625,62.283305618617646
C0706,2025-01,87.75538425264351,44.44616347662579,65.66381484967576
C0707,2025-01,90.82157611363272,64.81254616707913,55.85680302344795
C0708,2025-01,71.47100915947905,89.89645968477565,39.38038763851024
C0709,2025-01,59.69348595382165,56.53411317760701,59.07009712680422
C0710,2025-01,47.05542810190039,46.47199068909064,70.27473853443897
C0711,2025-01,57.73653378829988,43.18349599178207,69.46871504339026
C0712,2025-01,65.82190575616369,82.92829110385969,80.38856733848894
C0713,2025-01,96.61716872178363,49.528186357358024,86.18938350627104
C0714,2025-01,98.09945630736446,82.82044744742743,68.08309950226081
C0715,2025-01,91.14067136744094,69.71095110758542,51.912340951611455
C0716,2025-01,90.2777837058583,57.705760502474085,77.1004891304745
C0717,2025-01,65.0976692174375,56.12168036049175,72.85403114149275
C0718,2025-01,56.44310721209938,78.21763315290205,71.78088510671455
C0719,2025-01,,60.57956551293816,91.82155541223888
C0720,2025-01,46.761095862964666,72.28390420273053,80.00677531432531
C0721,2025-01,59.43491381574513,78.55460676881596,74.87377730313385
C0722,2025-01,,80.66001545356768,74.2860323904831
C0723,2025-01,79.76249520571996,89.62348885506896,88.17423593382485
C0724,2025-01,77.75754213858131,75.64846258687153,63.517846640119984
C0725,2025-01,66.20395671842333,56.208960836804216,60.655578613579
C0726,2025-01,80.8655575251244,77.3259409292417,
C0727,2025-01,64.93134936474986,81.87581351949557,54.648467594992596
C0728,2025-01,74.86736526693255,68.90539613644916,
C0729,2025-01,60.0180622367043,68.08483238923272,75.01208231897249
C0730,2025-01,92.11050788264805,100.0,73.83713896174257
C0731,2025-01,74.12718690120164,50.176813580949926,66.41423688392977
C0732,2025-01,79.62681002123742,74.82944533664175,92.91841608157455
C0733,2025-01,56.589003099120504,87.3691562920554,85.72562762393706
C0734,2025-01,76.16663218952635,65.28793156050013,70.26759622602371
C0735,2025-01,81.73215949570375,68.04638856065006,73.11490644878026
C0736,2025-01,47.86370761014854,67.24305488767405,95.12301621165406
C0737,2025-01,91.22571100005638,71.96825116209132,64.10403774994519
C0738,2025-01,55.06496632283459,83.90220613341086,56.07293756734726
C0739,2025-01,,63.02304953168938,70.83211606252495
C0740,2025-01,98.1862366873145,100.0,77.36698131120748
C0741,2025-01,89.67626595297904,66.24227972641127,
C0742,2025-01,52.24840906835542,92.13423498855047,83.52420011818641
C0743,2025-01,73.44594390796811,81.79753926270591,62.94977510096082
C0744,2025-01,92.77409725834771,74.37201544222907,52.37933542402162
C0745,2025-01,62.70139904589429,94.71660173323741,63.36773889691342
C0746,2025-01,68.31311076674028,44.75129285517477,80.07904609638268
C0747,2025-01,70.3654785099445,79.74643716980358,59.96738171214734
C0748,2025-01,81.94596870540161,59.54127015675402,42.95789804799324
C0749,2025-01,51.05014743526232,62.54630211612346,72.73206914984414
C0750,2025-01,82.76210786020755,63.30832203069005,63.490305078010095
C0751,2025-01,64.50851113099584,54.80017292386498,45.32135877303272
C0752,2025-01,75.1619082640435,45.99858098148164,74.43739634240092
C0753,2025-01,77.83574468742825,84.66352703750823,73.18985203905633
C0754,2025-01,85.5045538771294,73.28036905757757,100.0
C0755,2025-01,72.36606569031768,64.81080449598213,71.99328296002308
C0756,2025-01,95.0923930775572,84.16868454790902,81.71758010895809
C0757,2025-01,88.8179279395366,79.29483348385533,72.70747421805933
C0758,2025-01,59.77740414410315,63.49725394956943,59.948971161741184
C0759,2025-01,94.0772726537281,100.0,65.6489007093103
C0760,2025-01,82.90268288276764,92.02467448360031,92.64537613660693
C0761,2025-01,77.14185589175504,100.0,83.98032329492318
C0762,2025-01,85.49051880318898,63.99324881124709,49.28615787543344
C0763,2025-01,60.412565532941514,76.08315084881232,54.25955329968224
C0764,2025-01,57.98700634140201,54.72478248371236,57.40300376128637
C0765,2025-01,72.98746381259522,64.30892723710124,86.53977944083904
C0766,2025-01,68.74999584550946,65.12916646387687,49.26761215488719
C0767,2025-01,100.0,100.0,
C0768,2025-01,67.65704712677994,64.57938375404224,82.33292706985088
C0769,2025-01,73.33088787583256,65.98892943666468,72.96962130630016
C0770,2025-01,81.92132666627134,53.32912857776032,70.13891209169034
C0771,2025-01,,,95.39959072897948
C0772,2025-01,60.12835481884811,,73.75423107685742
C0773,2025-01,52.40893372523164,86.7732519338599,51.3147171478349
C0774,2025-01,94.49948886818879,43.462851941116845,54.807562993434786
C0775,2025-01,74.00239313110748,67.90166383673733,46.20376216423396
C0776,2025-01,89.29385935138849,45.702113469861686,93.96247702746852
C0777,2025-01,84.57865799578843,61.69178317035869,91.94872254220421
C0778,2025-01,87.3547954443402,65.31535029569729,87.22882308530919
C0779,2025-01,70.68206194379111,63.545976101482445,71.8251521098862
C0780,2025-01,66.62055876955095,64.84452976359879,52.30997012432399
C0781,2025-01,44.81624436803415,85.26836575329284,54.95367318338823
C0782,2025-01,61.78762129757427,100.0,58.88314337271218
C0783,2025-01,73.7403212304562,75.27133352739388,70.18481073656613
C0784,2025-01,65.46257182952463,58.63834893952133,94.09376021575864
C0785,2025-01,56.27741456304689,70.21026726060016,91.0027962821741
C0786,2025-01,78.33014895206641,69.213395288208,
C0787,2025-01,94.10817052567413,86.65568666729285,39.758605200320766
C0788,2025-01,76.06134871366756,78.66208431914242,57.34071164834168
C0789,2025-01,59.908137197500444,47.66894898789334,91.59662497806862
C0790,2025-01,94.28140319818557,91.22247243918666,77.94188789431436
C0791,2025-01,62.78810841421475,86.1127464929707,66.29105951402583
C0792,2025-01,93.00102321609326,93.14766749833635,63.909334970276106
C0793,2025-01,75.09618999748739,67.84380956654239,65.51729576158519
C0794,2025-01,77.10241072391491,77.613685001496,55.60198896928941
C0795,2025-01,96.4646037393847,52.73239991983873,100.0
C0796,2025-01,57.95423307312433,73.26779176689742,100.0
C0797,2025-01,57.45615583475749,75.43885281951259,57.82963549993535
C0798,2025-01,68.36239803595774,59.733221326418,44.6259943592564
C0799,2025-01,74.46047577148819,79.08266770633576,76.95530159264459
C0800,2025-01,100.0,74.10207624769629,70.14087881029505
H0001,2025-02,86.05720387645175,50.342596036072734,83.83548215700677
H0002,2025-02,77.1860510176547,84.65289787224896,63.74292645138188
H0003,2025-02,81.99242822192187,67.42182146231956,68.0307833366279
H0004,2025-02,81.55714214721169,75.69709769443337,79.61012102874064
H0005,2025-02,75.13835245282007,100.0,80.59039303774516
H0006,2025-02,67.02175517192215,65.2946371693471,83.08746802422455
H0007,2025-02,84.30395428537199,73.71948625806891,67.3105787019227
H0008,2025-02,61.23154537081882,70.33480556502718,70.88215053660609
H0009,2025-02,78.40351183227585,43.62675957789065,90.54535689720137
H0010,2025-02,93.09292875954742,80.25852000448523,
H0011,2025-02,53.917104247933764,30.44399512233423,56.40475328379746
H0012,2025-02,72.30170765302998,84.31113883710728,90.9068928911789
H0013,2025-02,91.46924283476682,61.156934570382546,61.58550298361309
H0014,2025-02,66.49029099035937,63.408419854419044,79.06049861562981
H0015,2025-02,47.31741945707657,,76.26382199498963
H0016,2025-02,49.57480023518145,53.347075657173875,68.01129454467504
H0017,2025-02,68.25509996419248,70.13539949266047,70.17424548224359
H0018,2025-02,100.0,58.57749295508292,
H0019,2025-02,64.99669160358347,52.18626536240603,84.54663312269841
H0020,2025-02,70.52635022803034,68.1363422628505,68.39400547423149
H0021,2025-02,74.68547812313282,90.55510459485416,71.31430347587082
H0022,2025-02,90.96025444637124,84.15900616419329,64.88929813621462
H0023,2025-02,85.86769170555652,62.20115263037949,82.7901959162899
H0024,2025-02,69.59623660396022,66.02911162633464,72.52335335902883
H0025,2025-02,79.76536878900016,59.567383848082414,52.13542332419585
H0026,2025-02,91.34026624990796,54.568319940948825,72.8000785816656
H0027,2025-02,51.17335866887699,54.507374641701425,56.684136186072415
H0028,2025-02,,83.04063100389547,79.63134061655421
H0029,2025-02,59.98049593299172,62.31256013601113,85.03150079923641
H0030,2025-02,63.90913415222686,70.15622208662194,74.97163415265247
H0031,2025-02,82.39364671432507,53.95922992875275,77.80773210788259
H0032,2025-02,58.27900686214567,84.85620633875278,88.93954082481704
H0033,2025-02,,84.96401786761201,
H0034,2025-02,82.10926424166854,94.76204130421424,64.30334930039494
H0035,2025-02,64.0454012964046,90.94944553326468,43.23266364016213
H0036,2025-02,74.45482681619181,58.72734432206123,68.6034882549164
H0037,2025-02,57.48877299274234,58.89631795886838,64.32452279028367
H0038,2025-02,52.95186137526588,76.23307114128725,81.4056357311717
H0039,2025-02,71.85163510676456,60.30122814539018,82.16780844069297
H0040,2025-02,91.44234615210405,73.87415059541203,93.63596538461076
H0041,2025-02,56.84921749627012,68.19863620899105,67.02413324240091
H0042,2025-02,93.2912802043297,87.85686972480002,79.97798893871443
H0043,2025-02,70.9985915373265,85.738360093182,82.7030577994825
H0044,2025-02,78.65388407822613,67.5291460979045,100.0
H0045,2025-02,74.9703817514652,41.71353005089887,78.48130100685154
H0046,2025-02,84.60838523040431,86.95785027566262,71.04524151003405
H0047,2025-02,89.25752365112427,61.14603561187246,73.77466512635097
H0048,2025-02,73.29964937569379,73.10602121552206,81.28304021242147
H0049,2025-02,79.3013829156963,66.90596054105961,90.76426183667992
H0050,2025-02,95.2716639947023,80.43066137434064,68.67857018711241
H0051,2025-02,87.78315448746386,63.61094404038112,63.72211996406903
H0052,2025-02,70.75727229756782,55.83547894153867,100.0
H0053,2025-02,71.43324515067201,73.63909989676472,55.26218605710259
H0054,2025-02,60.06740029081689,84.13527545221464,84.71315743516706
H0055,2025-02,99.57481202433095,69.20269252580245,78.3699744436468
H0056,2025-02,77.59557905698915,68.28310639432992,76.13458808139383
H0057,2025-02,54.98243241236207,52.72374184974565,54.215892312944945
H0058,2025-02,60.98642967170873,77.93352437084418,100.0
H0059,2025-02,72.94613907451433,81.5836885009096,75.7430694608962
H0060,2025-02,94.23151180117651,70.85302310120784,65.71548530147001
H0061,2025-02,70.14179331550267,54.19506190147289,50.87057369943741
H0062,2025-02,80.20168305145555,69.96045814556943,39.58364553274111
H0063,2025-02,61.033197758202675,70.55422401821413,79.59995603083003
H0064,2025-02,83.90199744277875,71.31826818599038,60.31676925965924
H0065,2025-02,94.44684968812022,56.07367806931299,70.2082445880172
H0066,2025-02,86.03178374123998,76.13313838302328,63.93991744601532
H0067,2025-02,38.75721352367534,,79.22175383529544
H0068,2025-02,71.86022423013635,77.73618627605138,77.83930133895507
H0069,2025-02,62.52791382441937,72.3956867804311,86.61693821226926
H0070,2025-02,80.58470198347587,88.59531817961864,
H0071,2025-02,77.83178912213786,74.02891271059181,64.10856958472053
H0072,2025-02,96.56407352508845,91.87698264544787,50.40081922407973
H0073,2025-02,65.35593447010471,70.37533469340141,65.78188599526467
H0074,2025-02,80.61054214454511,58.43339312827844,85.35107256726576
H0075,2025-02,73.07771077146752,85.26349779748426,74.42633365189695
H0076,2025-02,86.43937276097279,67.73286321808926,
H0077,2025-02,63.17193342733567,66.87510038654933,75.63657780539825
H0078,2025-02,,86.77684441030988,56.16808301601724
H0079,2025-02,66.92688359604313,51.911259660922,73.14501371987586
H0080,2025-02,80.88998909058614,41.636852108517814,85.17113042987359
H0081,2025-02,89.21589313598538,68.24253925502654,35.26848188797156
H0082,2025-02,73.25502188563622,76.45405720835299,95.164113408342
H0083,2025-02,79.8705929124745,82.3651666638768,53.89835203469875
H0084,2025-02,84.52415943327154,76.97501351252993,90.35133701352657
H0085,2025-02,74.35025170208742,36.2540494521299,85.77106565619812
H0086,2025-02,73.82205149567027,56.5218915592215,68.44244783025479
H0087,2025-02,85.18391950614497,,79.32530326533107
H0088,2025-02,100.0,40.11940120474948,60.76321686112047
H0089,2025-02,91.48489440272292,72.1892968934092,49.7641316936098
H0090,2025-02,91.50818678259995,79.92266901330127,89.73412645759868
H0091,2025-02,100.0,87.11043843272239,62.25346705345368
H0092,2025-02,65.52301623557285,80.35646125284185,100.0
H0093,2025-02,84.31906747801823,62.63947555249627,85.74409764452257
H0094,2025-02,93.36124680886243,87.26954883382884,58.304283562076876
H0095,2025-02,89.91099183690599,70.6018940024556,83.59054746188738
H0096,2025-02,66.95906446297339,73.43413633079669,81.26416567442236
H0097,2025-02,62.28537774645676,59.850857411294086,97.27872200177752
H0098,2025-02,100.0,74.22315138094679,71.36745604143215
H0099,2025-02,85.4283938127505,70.24627521356253,74.12467965980338
H0100,2025-02,78.4823916930889,49.152473535300544,78.70368205664184
H0101,2025-02,73.87393897485263,80.80961581568563,71.87344242367706
H0102,2025-02,94.81789779167192,73.3802886390372,50.82287431817886
H0103,2025-02,89.58654070261963,,89.17143405110325
H0104,2025-02,71.61455265775089,60.00875974648083,96.19186427928297
H0105,2025-02,87.9630990553207,83.60293821830533,
H0106,2025-02,74.13316493582833,43.43630858396179,50.54862838126793
H0107,2025-02,87.33064537337839,80.89535985852994,71.42822539651132
H0108,2025-02,97.62058525673945,86.76447902865478,62.994106341503965
H0109,2025-02,95.3105036114568,58.6654656704833,72.114365738496
H0110,2025-02,49.61215852632755,88.66693908514503,
H0111,2025-02,82.11985824442442,96.96007241563649,82.76933218701834
H0112,2025-02,99.96708081853065,67.43280040602419,98.3511687559821
H0113,2025-02,66.83471275038397,97.30242372893021,84.30483584605818
H0114,2025-02,100.0,43.85649171218258,56.17155009920729
H0115,2025-02,89.4216872127006,75.99560508155258,88.95989928794748
H0116,2025-02,87.95634599375508,,68.25157815866912
H0117,2025-02,85.64328202576068,84.04582198513206,67.64308461209191
H0118,2025-02,56.70538427742985,48.17378069860477,73.31724406703148
H0119,2025-02,88.63924434109614,40.56616994947393,74.72949545711187
H0120,2025-02,79.75748514639915,74.02149837846049,
H0121,2025-02,65.79652695193717,85.5726698266264,77.52044549940915
H0122,2025-02,97.14666537788113,65.0107803487752,
H0123,2025-02,50.36737267022883,76.28940968681219,52.36325314778382
H0124,2025-02,63.24707009295342,96.92236007486736,79.5755666162672
H0125,2025-02,97.19309197586963,58.84496725536085,82.92559392977442
H0126,2025-02,87.86136638199548,55.05614601692017,90.65185925610909
H0127,2025-02,69.36398623358389,91.47417897878283,73.41374255324988
H0128,2025-02,67.8906671935934,78.72117529522852,80.06023358046812
H0129,2025-02,71.650368895072,93.74911650476469,79.0781275757253
H0130,2025-02,77.53787863966528,48.24517654348184,46.7379715096625
H0131,2025-02,71.33843101195428,44.69457067071255,49.964067553811695
H0132,2025-02,76.51597944325833,50.55437255710178,85.35915354627451
H0133,2025-02,80.84121896328074,86.73970091601647,81.68202200291394
H0134,2025-02,73.89735688812812,93.43794292421353,95.20942420068661
H0135,2025-02,69.49186324618093,88.25549081631627,99.73581661144539
H0136,2025-02,58.03131971212091,,66.21811159134975
H0137,2025-02,76.99416603940675,92.76283169234294,68.29544693172188
H0138,2025-02,75.92030003518879,62.155793829851014,52.43827519921747
H0139,2025-02,63.15984144170949,39.7918049122283,80.26668068000843
H0140,2025-02,80.54936171915979,46.03814816099717,41.94536752995092
H0141,2025-02,95.72778823500143,51.4611992078392,60.909943544762754
H0142,2025-02,79.32774424857816,,79.29071080719942
H0143,2025-02,82.30413555931008,49.81775570016394,62.63210233131904
H0144,2025-02,91.33340006264456,58.072516441252475,73.02710841158257
H0145,2025-02,75.3766427929172,80.84326079190116,68.98417636164574
H0146,2025-02,92.70163355327641,80.45184410303891,59.75720486016168
H0147,2025-02,44.235242666541296,95.93069735882813,41.72452660259954
H0148,2025-02,61.87533177281741,46.988420555896454,78.52226745708602
H0149,2025-02,58.117772185037175,74.65514417499587,67.11068062958023
H0150,2025-02,97.09442028775858,93.78107370424941,78.68224081877158
H0151,2025-02,83.48035218656854,61.671907559279305,69.9960283949194
H0152,2025-02,59.61729798845163,64.74779783424817,71.63920796057808
H0153,2025-02,64.64230555438121,95.85041844575038,77.00209367266201
H0154,2025-02,56.505891523787305,65.29260870469871,69.06456038829661
H0155,2025-02,81.2614955856059,94.95422009887798,67.84886937791082
H0156,2025-02,76.24011191456849,44.978254497265056,54.700087451230345
H0157,2025-02,72.905263282821,100.0,100.0
H0158,2025-02,62.52656888653081,90.15310567133369,86.15583230492538
H0159,2025-02,75.31883511862429,55.74623232900071,94.3731751117751
H0160,2025-02,100.0,67.11827668891468,91.98832333208915
H0161,2025-02,76.2425378140146,57.40415343738364,73.68061903156075
H0162,2025-02,91.72088009803007,63.104861276924716,69.23805451260506
H0163,2025-02,77.72333121708542,52.56237338779113,78.2163807279977
H0164,2025-02,93.01270633455592,46.49165214504032,70.24841137061195
H0165,2025-02,85.37749990092797,52.25661879413086,86.37518911575013
H0166,2025-02,77.10579558147325,89.58289300509595,61.64102164468097
H0167,2025-02,85.92638977669655,,57.25676944562916
H0168,2025-02,91.09343842787581,91.51712255772425,51.15108600953549
H0169,2025-02,81.55691452167117,90.86176785208202,72.03506323039547
H0170,2025-02,72.5248111266771,91.42462120202143,64.26726879773179
H0171,2025-02,88.55435139727491,80.295173556331,66.24579957727858
H0172,2025-02,98.77717267941537,97.67276823276461,73.48873350553457
H0173,2025-02,61.24789918009347,53.39360544105584,59.51437475694651
H0174,2025-02,58.65757251743369,93.66260772521166,83.82201783051578
H0175,2025-02,96.0908880528956,100.0,56.11870488774045
H0176,2025-02,74.79192389014105,73.88382724531617,61.07011937554291
H0177,2025-02,94.59644368267736,71.70315003579435,
H0178,2025-02,65.3154626780945,55.27620985186801,68.9655206187937
H0179,2025-02,,69.99245534989342,82.917802240335
H0180,2025-02,,75.77921273556113,72.54158701205645
H0181,2025-02,84.20046247142646,31.341539970830766,46.14651297828935
H0182,2025-02,61.232548586880725,82.31783364218938,80.71420256615043
H0183,2025-02,85.93535202573013,,80.89561451782674
H0184,2025-02,68.21908587459869,58.91598928200771,65.15745960344597
H0185,2025-02,80.518155003158,62.8785419913769,73.26948779419423
H0186,2025-02,75.74353096001771,83.73900749936844,92.69592415062841
H0187,2025-02,71.5876675569733,54.33839040267786,57.30657617743406
H0188,2025-02,70.47998981547191,86.53809489088641,89.80917720479604
H0189,2025-02,52.97848028624068,76.30770313744667,91.63477321593135
H0190,2025-02,71.16009912646834,100.0,78.91059917188628
H0191,2025-02,83.98737731711637,67.44317661185042,52.107008663372355
H0192,2025-02,86.57994796728747,67.23716887281479,96.07363686162724
H0193,2025-02,65.33735089202473,76.34197521451753,87.01143814867325
H0194,2025-02,92.6896120742864,74.44776416688445,81.69470917616636
H0195,2025-02,81.28754383291223,97.57343015556272,71.61251574481956
H0196,2025-02,90.22272959724414,100.0,95.10428769197888
H0197,2025-02,60.42658369771256,58.399494006903296,58.336364681073626
H0198,2025-02,100.0,69.07580331869521,85.9052425357016
H0199,2025-02,86.84884364103404,64.36471906387189,71.36191924283042
H0200,2025-02,98.26505661526959,57.917136846990346,47.631677263374506
H0201,2025-02,68.63340415816623,20.417286601239873,58.39242671710465
H0202,2025-02,49.43744642529771,97.03970681805991,77.09509848882604
H0203,2025-02,62.25970108956596,59.746945205293635,74.79727403897216
H0204,2025-02,92.43803099787938,65.8390041176626,80.47598219212074
H0205,2025-02,66.04485707933817,100.0,72.31835540731662
H0206,2025-02,97.88583302680414,61.80658406608941,76.11791713126392
H0207,2025-02,,72.08898836416161,85.13503243473782
H0208,2025-02,,74.15750448967117,100.0
H0209,2025-02,84.24938637411248,81.65335047889839,71.02737886955852
H0210,2025-02,75.77490655575738,65.44734178509978,91.43339967301381
H0211,2025-02,70.69407809778225,87.8432564279975,80.59577521263212
H0212,2025-02,62.50185466852119,73.86924590784555,74.08481939969434
H0213,2025-02,100.0,75.30275776850543,54.80566293304739
H0214,2025-02,85.10677253870942,62.185749481176735,94.66472644778172
H0215,2025-02,,68.48928833090366,75.29733528471863
H0216,2025-02,58.62602012460367,88.31511786674304,64.72122757514606
H0217,2025-02,85.77054862863606,,61.03801051687701
H0218,2025-02,82.80334385806401,,
H0219,2025-02,46.77043566869142,54.59060299896964,54.096610159809025
H0220,2025-02,100.0,,64.12898847546285
H0221,2025-02,39.96183267698193,79.02151523192552,66.11085556694917
H0222,2025-02,69.4541691924155,84.98276889635494,72.61074980576046
H0223,2025-02,76.77215670257621,56.06680352291174,81.50680161569947
H0224,2025-02,66.56199633183607,,
H0225,2025-02,91.33587024659386,88.69556248113645,72.19457778297507
H0226,2025-02,83.90012060722263,60.40315059848176,74.33814303119748
H0227,2025-02,84.05263385924763,100.0,66.83272233232152
H0228,2025-02,70.16126128394953,91.99350650420968,58.351699944301366
H0229,2025-02,86.75979437826197,71.20473893064752,68.2224711488158
H0230,2025-02,80.55241806377046,75.82090735782806,83.79990899154092
H0231,2025-02,54.783986391399964,76.11051544936797,96.06746431810778
H0232,2025-02,89.63594112211285,73.84840916282849,53.398337804366264
H0233,2025-02,100.0,93.0174253259824,77.98695203223626
H0234,2025-02,78.79816172934069,58.65058351636147,70.16426498076572
H0235,2025-02,80.41346036751091,60.22587561151468,72.38664292017856
H0236,2025-02,76.16313985153256,76.06574300957048,65.33084506434416
H0237,2025-02,54.00453459911578,75.18822966190407,85.56129404923595
H0238,2025-02,70.69061064749853,72.88590123695256,37.895334683594804
H0239,2025-02,91.2800460418491,89.72693967776011,59.07737510015527
H0240,2025-02,85.15207526886022,98.81777574018923,
H0241,2025-02,97.38137375102792,80.14873450680165,86.78801957596532
H0242,2025-02,84.3744576982927,74.72390463670148,
H0243,2025-02,73.37986614794964,70.78565842893627,79.6283159322143
H0244,2025-02,87.8332674906139,74.71320065706612,81.56592261775032
H0245,2025-02,76.136036228219,52.16930092837791,46.873940470033986
H0246,2025-02,51.76760357191739,50.66075046610068,70.7739693929021
H0247,2025-02,90.02494959520777,90.42554052857017,79.68215685352942
H0248,2025-02,88.23392666425698,100.0,69.70714971586246
H0249,2025-02,100.0,48.15514128396498,69.6495550879041
H0250,2025-02,69.78363779508436,81.03692748720135,91.66465707234053
H0251,2025-02,85.60007592357302,45.8086370671281,93.06059963281663
H0252,2025-02,66.58325212911524,98.28819682791601,76.58543358461746
H0253,2025-02,62.46346053796212,,69.72111852850209
H0254,2025-02,100.0,,84.46761823995713
H0255,2025-02,49.595705743020986,63.34620019364832,68.80970441135963
H0256,2025-02,74.61046558264769,61.87277807530765,86.70668675123524
H0257,2025-02,99.90102302281534,76.86925998907712,63.59433831379007
H0258,2025-02,58.338645407962275,89.65474748954213,87.17032258623311
H0259,2025-02,75.19946433341843,90.70644352895638,78.01287401245858
H0260,2025-02,87.68628812482919,85.5285926191461,61.67970841640751
H0261,2025-02,,68.7701970390201,78.65794050310208
H0262,2025-02,80.62782972149388,,66.13223557418691
H0263,2025-02,66.44027546543724,100.0,88.4243145829941
H0264,2025-02,94.87402747849043,84.00625818555699,57.223719973008016
H0265,2025-02,96.09850661656279,59.92635092149297,77.23262006606707
H0266,2025-02,72.419670575641,81.20064606015663,64.15960683843936
H0267,2025-02,39.103223401469876,43.22768547731799,93.32942747837768
H0268,2025-02,82.84341786697425,81.88288148181454,82.34761521855168
H0269,2025-02,92.2913091165202,46.45638668382072,73.30484552006052
H0270,2025-02,83.85746740611654,83.086128821601,72.2928906875609
H0271,2025-02,84.52053690003845,73.53670962180794,100.0
H0272,2025-02,82.92948075420111,90.5459613690715,86.62169294047267
H0273,2025-02,74.43417560472604,75.24412924286639,63.896964460027604
H0274,2025-02,,92.41561566578913,84.85342012341246
H0275,2025-02,74.96658475749729,78.61769138546269,62.06611257612974
H0276,2025-02,72.20191764418331,88.30763822861736,73.95687237591002
H0277,2025-02,89.02018344100097,68.7367839962344,44.15123012107052
H0278,2025-02,62.7726019266567,62.97774538094483,83.21045082826828
H0279,2025-02,68.0104185135113,46.999905171517256,60.31443541115259
H0280,2025-02,75.20690975208007,51.17925084432841,67.32006247936066
H0281,2025-02,,74.54959949206282,52.95088736406373
H0282,2025-02,58.23596954124359,74.42865515738345,76.91359428566464
H0283,2025-02,85.57647256425197,78.61552998885266,74.13510271738521
H0284,2025-02,59.400433076116634,62.36902654794217,55.10462555640848
H0285,2025-02,80.23331195770916,76.05630897693703,74.6525883496812
H0286,2025-02,82.39020240933743,92.0392251843493,67.50687064298612
H0287,2025-02,96.16939369424907,78.8629787751859,91.1911750633069
H0288,2025-02,100.0,67.49185716536415,57.42035822403088
H0289,2025-02,97.08997108109494,79.02406756049076,82.39853973913267
H0290,2025-02,70.52006336974388,96.23721870373006,54.93724202398958
H0291,2025-02,71.74729234612337,74.35315385639103,73.69800326613141
H0292,2025-02,84.67351803645829,68.06764901986627,82.39846116238587
H0293,2025-02,75.46429514802894,63.86868840306427,79.0345411084594
H0294,2025-02,80.42176804328099,65.37360592038657,73.08572145521293
H0295,2025-02,90.67518678920112,59.63236590157807,95.8062116134593
H0296,2025-02,80.53493437406193,87.2156137357043,69.93132978761295
H0297,2025-02,87.41147589351112,97.43844568695262,78.46118127856343
H0298,2025-02,,63.79326080343884,66.60839832813961
H0299,2025-02,82.15385793374986,56.67479667412599,59.49669911021725
H0300,2025-02,51.997768177337505,50.81631235881224,54.28097293946875
H0301,2025-02,91.98570038420264,99.72898249789907,59.28959397354989
H0302,2025-02,76.50372947694314,90.53603285694996,84.86896330466966
H0303,2025-02,54.95279642964594,,90.89645266148739
H0304,2025-02,71.41974816463737,73.33267280760145,81.06437271181782
H0305,2025-02,82.8687732688571,94.49511958264024,67.92506959763796
H0306,2025-02,56.75692864474537,68.7929878554667,61.417147596918724
H0307,2025-02,65.4846971489676,87.52571019548785,76.99538400226575
H0308,2025-02,69.68142358567938,,56.34458797120041
H0309,2025-02,92.72477407909226,72.45805007625569,91.0538594432185
H0310,2025-02,47.64433094783445,29.256496102503625,78.10608286855242
H0311,2025-02,82.82206066520675,65.78105902831773,58.62933301283951
H0312,2025-02,70.13821939271246,60.81034429377469,92.8124389175872
H0313,2025-02,92.15160824082209,81.36966739768458,55.79698125757441
H0314,2025-02,82.45838626500867,76.71438775228528,74.35986907604949
H0315,2025-02,93.88659985434745,73.78054830876157,84.10677233492505
H0316,2025-02,88.55323895625862,94.27842639406869,
H0317,2025-02,59.19857314111327,34.60201197730594,63.531614586654165
H0318,2025-02,80.04308383393638,68.95726504175919,64.59804332126119
H0319,2025-02,86.05272516222766,56.467693726164555,
H0320,2025-02,65.05523878238911,50.57495882904345,74.8667162977371
H0321,2025-02,69.02975972878022,67.93418722714088,85.75742153317778
H0322,2025-02,40.93052440146899,70.83687704084282,42.84134990617038
H0323,2025-02,89.10719163486554,83.01201739896594,84.04974630623563
H0324,2025-02,73.42948949513874,78.38406827702309,64.9682045471448
H0325,2025-02,67.15597776642811,57.96153846115923,70.74246383935312
H0326,2025-02,62.71556250088427,69.82013952442286,57.85070303682123
H0327,2025-02,64.85053310939223,90.68803292638935,59.56245179608933
H0328,2025-02,81.24199812842804,97.04342812352488,100.0
H0329,2025-02,76.22459288857051,64.82895797570491,65.69821136445995
H0330,2025-02,70.873743926415,73.20386494871862,72.47655830337648
H0331,2025-02,56.27815291641198,55.145314080038794,56.81102484827167
H0332,2025-02,,89.50692537848559,100.0
H0333,2025-02,62.732663196555315,100.0,78.57670544743273
H0334,2025-02,72.30650179561353,63.10310095267205,72.26779397966222
H0335,2025-02,87.39467674546039,94.04548068795619,89.75448378246888
H0336,2025-02,66.45764155145856,82.06703345973965,76.60879497529426
H0337,2025-02,,74.47467379559076,75.19150228661377
H0338,2025-02,66.03726280676003,59.21387736042522,69.42585699831916
H0339,2025-02,50.24015188251893,100.0,48.50520104581853
H0340,2025-02,70.91327251540022,82.65913061215336,65.9136346675614
H0341,2025-02,69.24680606279472,89.6452338843378,67.50271235420199
H0342,2025-02,100.0,61.58353710999339,71.08814697616123
H0343,2025-02,70.23645945755739,74.25564168056115,70.93678475075218
H0344,2025-02,,51.387556038631175,
H0345,2025-02,72.55975297279541,81.07637982722825,71.47915314455254
H0346,2025-02,70.03462079676692,63.26642981320372,57.70123010596291
H0347,2025-02,59.013822158091145,56.02870862915959,95.66421538889011
H0348,2025-02,83.58097542538194,62.18076010020706,70.7476210049254
H0349,2025-02,80.79079628467011,100.0,79.17829503987636
H0350,2025-02,75.76367715098996,66.94627258198956,52.96204085954643
H0351,2025-02,70.4938389318666,77.17404729356475,83.7811375691521
H0352,2025-02,72.39408437483442,55.683736040811844,51.01126739783453
H0353,2025-02,66.26223653412947,69.06326757766574,100.0
H0354,2025-02,55.0753944800334,48.06706706119136,81.28530966728297
H0355,2025-02,94.57605758153618,76.76289135321124,68.52350721222707
H0356,2025-02,100.0,56.50902680177599,80.6061243694309
H0357,2025-02,61.314666586488784,85.60370267265155,54.68110779317459
H0358,2025-02,67.88960270844716,44.870512472059175,71.29188157978759
H0359,2025-02,61.65813255239786,63.896060102184826,85.97546471149109
H0360,2025-02,88.74856947212014,92.28381548223764,82.87506103020371
H0361,2025-02,62.962011861712924,98.93327398908326,75.05739693517327
H0362,2025-02,88.55104935366285,,81.50646036115573
H0363,2025-02,81.95942775607256,66.91342725175761,
H0364,2025-02,77.53855763282792,78.92852132331095,88.52891988699085
H0365,2025-02,90.62958775202469,100.0,41.41241767641167
H0366,2025-02,,71.13097388024146,76.02134572558113
H0367,2025-02,,69.28623756154774,70.57327693744045
H0368,2025-02,58.51888191409437,55.84027098067093,54.7959902944491
H0369,2025-02,45.34862318946034,66.05625401277477,61.69045611493615
H0370,2025-02,89.64474999680736,78.94168889378416,95.26251465472963
H0371,2025-02,61.75557776033122,81.52638871157302,57.52190068865665
H0372,2025-02,91.53151598634953,77.29985356553904,66.98967350126776
H0373,2025-02,69.69208546144509,84.99277440884678,60.62894286528608
H0374,2025-02,76.5884278925303,,82.31182242577876
H0375,2025-02,79.57176828391806,56.29447475072905,78.87746981742686
H0376,2025-02,69.57836648152531,87.06846662135484,100.0
H0377,2025-02,48.815273525227184,60.6966360820552,61.38153318352307
H0378,2025-02,64.90634967085867,55.539086381438324,82.95897209719874
H0379,2025-02,60.038184726337576,73.58433116817301,43.0361845558668
H0380,2025-02,74.91087107410213,73.8767650188115,52.10677982298684
H0381,2025-02,92.09419413310458,70.60601363830165,94.4288932373754
H0382,2025-02,61.81992166341843,94.28952442946358,86.55488791652043
H0383,2025-02,72.8298830328927,100.0,78.8824176990395
H0384,2025-02,77.8297247242176,86.91217145495128,89.38470230675283
H0385,2025-02,62.429992927256535,77.43323711868135,55.41328412955663
H0386,2025-02,81.01768818272554,94.84177304721821,98.41272650845437
H0387,2025-02,88.23908265448483,72.32682487542344,55.30946639523884
H0388,2025-02,79.60586042949409,68.04186813009855,76.95870342820302
H0389,2025-02,75.64775874726075,64.19414509873273,
H0390,2025-02,66.29631347142956,62.838098998296125,62.83912468432079
H0391,2025-02,71.1787398742908,84.6588594171418,91.06688855352681
H0392,2025-02,,51.57210314803014,90.79941350537761
H0393,2025-02,68.93093428494623,64.86413393748124,67.13966076979163
H0394,2025-02,70.68342127156407,63.6771754052859,100.0
H0395,2025-02,74.25261037229976,51.878595882371684,61.49191679726255
H0396,2025-02,86.73718946612064,,69.72436438331326
H0397,2025-02,62.24624613168331,68.80599383242337,78.1004252240902
H0398,2025-02,81.0673041469625,89.20003233117191,72.1926666614794
H0399,2025-02,66.49776596719344,61.88558530087027,100.0
H0400,2025-02,60.35209198340752,71.70327021540825,52.23406139692709
H0401,2025-02,84.9685238180938,49.75639010956267,98.74457960390397
H0402,2025-02,79.87528007957212,51.58754960169992,38.075663251391624
H0403,2025-02,63.50385809385699,38.36226464350328,26.539738528565586
H0404,2025-02,33.86303993125975,90.53438371939785,76.40928268718854
H0405,2025-02,91.81183319233472,68.04494788412266,85.17917968571611
H0406,2025-02,87.20929469662747,77.0436868531883,96.67983925955625
H0407,2025-02,92.70392441744653,82.1133381159985,98.6701004338618
H0408,2025-02,92.47372733752432,85.63373859480006,76.56406320407405
H0409,2025-02,76.01444693454988,100.0,81.2837449366209
H0410,2025-02,67.56931614150201,69.74178843112587,75.04368408874328
H0411,2025-02,49.61562940955923,60.39462114686642,95.58655525717683
H0412,2025-02,75.31239610624215,81.59264881264997,52.882808307671084
H0413,2025-02,68.49734540151405,100.0,62.816447981491464
H0414,2025-02,64.49841749017723,,86.30051631539426
H0415,2025-02,56.52721065685763,59.96326988831564,89.34163911972405
H0416,2025-02,61.665591288821005,32.37601170901258,94.27681365394348
H0417,2025-02,60.00912152388869,43.10928528292151,75.79414712472006
H0418,2025-02,88.84106072234384,94.74641970803668,65.46830083115806
H0419,2025-02,,71.77031924715973,85.86523065661588
H0420,2025-02,61.036866835174806,50.11014428237107,52.977072331333005
H0421,2025-02,89.10906419622205,68.93071412538235,94.95830513150554
H0422,2025-02,79.13350254487324,100.0,68.15148185726393
H0423,2025-02,98.65808425988592,75.45575796983731,71.95222201829247
H0424,2025-02,85.7936498112657,100.0,86.71214033188107
H0425,2025-02,82.02128169063971,55.17033497128909,60.276458035918296
H0426,2025-02,76.54358039060031,93.46495296072952,53.87389574880464
H0427,2025-02,67.27354953627653,65.6431731743236,92.66919833845898
H0428,2025-02,53.32502251382253,56.40391846524469,54.163338176495664
H0429,2025-02,80.02854403714882,59.357002209898475,79.05791250203212
H0430,2025-02,70.23478530203083,63.2808051828834,69.89242957544545
H0431,2025-02,100.0,84.70175428849815,41.667138462266884
H0432,2025-02,84.779477008675,63.66339732535977,56.61080078092243
H0433,2025-02,63.19762382478422,89.23640205872607,78.34027533097435
H0434,2025-02,73.41675062517524,60.19624515466834,91.09300830342147
H0435,2025-02,69.89260502008155,70.83952158527367,61.61735128311285
H0436,2025-02,73.17519012770951,62.25717421134221,58.43621021817765
H0437,2025-02,58.6249415745737,100.0,84.45588389852298
H0438,2025-02,83.38122160263441,75.79707814079616,80.70370509914963
H0439,2025-02,70.11981526050694,77.33934465470891,87.66307135349952
H0440,2025-02,81.26809861873899,64.5722156774563,73.41947373295241
H0441,2025-02,69.45921062627771,65.85821724598817,67.95267973591666
H0442,2025-02,69.75135196112811,56.33005359578201,85.0719519764454
H0443,2025-02,83.11617278035408,93.05058361018521,71.55158703132373
H0444,2025-02,46.71505614106894,47.021393958498486,83.77598338454824
H0445,2025-02,90.52767060169842,68.11084936511583,66.92390591522006
H0446,2025-02,,85.50212745000482,69.172900583352
H0447,2025-02,95.81062896756708,45.83044765256032,81.53652221083846
H0448,2025-02,65.97094517333483,75.78355504668431,42.92762561843581
H0449,2025-02,82.49709902954937,61.63950366913829,96.35376516276784
H0450,2025-02,69.56841856118467,73.39107468313924,73.0601719389027
H0451,2025-02,55.11532262658476,70.3802746672381,31.648172936873344
H0452,2025-02,76.37748710635695,36.16530722094684,75.67032921844809
H0453,2025-02,53.01066402771329,80.61538072799078,64.90412702585256
H0454,2025-02,87.11830683995993,,61.091112050844764
H0455,2025-02,,65.65518036709433,100.0
H0456,2025-02,96.16275941818155,76.18161865223131,88.6404779809631
H0457,2025-02,81.68412474914044,77.59197209370929,70.14079490580237
H0458,2025-02,69.53942450138607,79.60862628452152,74.14758002866053
H0459,2025-02,69.94156889061802,82.19565903726597,74.59285799617865
H0460,2025-02,72.96841344284071,28.641979126484507,44.8236108003709
H0461,2025-02,96.21074977125862,80.59887997911427,100.0
H0462,2025-02,99.98133409842386,76.89048899854895,78.02094418066085
H0463,2025-02,72.61965955934785,61.97078537243755,98.92427000083725
H0464,2025-02,92.17982284136085,79.92604511893103,63.69829167420974
H0465,2025-02,63.92430472082294,82.74642472331026,
H0466,2025-02,79.01997745433624,55.86234905419143,53.1593996128045
H0467,2025-02,69.25117682198827,93.62383241643961,28.917744642177936
H0468,2025-02,74.37837762251263,86.16228134044586,82.52860283647344
H0469,2025-02,62.81693863034229,77.30499289415499,75.24767646896284
H0470,2025-02,54.39085019365877,51.76337751117101,64.32250795290534
H0471,2025-02,55.49240319946581,100.0,20.31333232358717
H0472,2025-02,81.55640058116177,,64.33493323040888
H0473,2025-02,60.68933574380573,75.83944712683586,78.39315290182057
H0474,2025-02,69.9772530368974,,56.59416401343894
H0475,2025-02,89.0849139692523,82.65749813866236,76.59743092304778
H0476,2025-02,92.66092027781295,89.0255848370617,65.45544147670743
H0477,2025-02,59.26854192815037,69.55688631936691,52.95479738088474
H0478,2025-02,39.51762855084489,50.22538440889743,68.98778414274477
H0479,2025-02,62.393024543379184,87.2205220746041,39.09562905750154
H0480,2025-02,78.24204224023555,59.51567388280005,80.95602343001302
H0481,2025-02,83.23098611460775,,73.30996203938452
H0482,2025-02,57.1122939712359,69.62758866702,80.70254464290285
H0483,2025-02,47.17719113640712,61.5325661701893,86.8397190411149
H0484,2025-02,65.92159961083516,82.02879879468362,72.8401888538903
H0485,2025-02,68.53174043364791,82.07001131123928,33.481535976450985
H0486,2025-02,100.0,63.35475748397391,67.99415257704041
H0487,2025-02,78.90620894557357,76.55108837576702,58.19297253565122
H0488,2025-02,87.18657984752804,67.62679150357299,97.59605041278218
H0489,2025-02,85.6423870991351,79.32397918940976,62.67822211434468
H0490,2025-02,70.23498868128468,81.5643589935638,87.14869309130798
H0491,2025-02,75.66832034069557,82.79734456796965,94.17705519147566
H0492,2025-02,78.18823292163857,67.17810360764912,61.430461901910945
H0493,2025-02,83.02061083005225,75.73747492925101,73.66485084297929
H0494,2025-02,76.79821175312635,84.07512246696383,77.18690331241879
H0495,2025-02,88.4760278663299,82.87381744743399,100.0
H0496,2025-02,86.85620225089401,78.89724703524554,88.39902021206203
H0497,2025-02,70.59813145687635,69.6750236294842,56.60270736307187
H0498,2025-02,82.2089525265845,50.081450971692604,60.42183443245638
H0499,2025-02,82.62799443085474,82.43599051852613,68.22043847104054
H0500,2025-02,100.0,77.60067360925434,59.18220849107077
H0501,2025-02,86.45616541420759,53.34624473227065,67.1621992543985
H0502,2025-02,78.22440008596277,83.33306915757566,62.86727450942621
H0503,2025-02,66.62352985670323,74.1683884581115,
H0504,2025-02,60.31248509215857,69.82052540606337,71.06694711745908
H0505,2025-02,80.200733666208,73.19645454564359,88.1180871811907
H0506,2025-02,50.87693042921214,86.7775992510417,61.36630612541692
H0507,2025-02,99.85353390341541,99.28191469020787,50.08106267577848
H0508,2025-02,45.00095008916979,70.00417492673374,64.4334340068731
H0509,2025-02,58.27647079080688,65.95979196922156,61.486206030369694
H0510,2025-02,95.05042189298845,88.2377355864621,100.0
H0511,2025-02,78.57411184147455,54.973384186857515,89.75072524980267
H0512,2025-02,77.83705226129001,86.18828403305005,92.74256006892838
H0513,2025-02,69.34657363979366,54.633373814236236,91.40999645948969
H0514,2025-02,75.73844839930788,52.786578971607,45.94019149770571
H0515,2025-02,85.9676402940616,98.42471599194425,61.60049938436654
H0516,2025-02,60.72300812276083,35.993840102952966,47.89542117653145
H0517,2025-02,71.1979429068251,92.87454226170394,96.3733583076884
H0518,2025-02,77.86291382613396,,88.38903237254058
H0519,2025-02,75.23922980651686,81.80518832098579,83.00481654330537
H0520,2025-02,84.86592495602552,81.10708147431662,63.82310063179772
H0521,2025-02,77.67145904819992,42.92809729918763,62.40214348215165
H0522,2025-02,73.64613899812547,64.33882120542681,60.209047203669975
H0523,2025-02,52.62938262634867,79.43946756516648,84.26148678041832
H0524,2025-02,91.76706835104876,,74.77652415229426
H0525,2025-02,62.121699140307804,79.26701131081737,
H0526,2025-02,98.0073417696065,75.39167008931162,77.42151432955016
H0527,2025-02,63.721186540363384,73.01812534237666,85.93209580727769
H0528,2025-02,80.93164803408054,55.067350786382484,83.12199150387082
H0529,2025-02,81.75070270086299,75.45097147944243,87.37919762710247
H0530,2025-02,72.49812541755733,54.176045716812666,84.34684716418083
H0531,2025-02,80.15737902934019,67.10075717062541,66.07612395691302
H0532,2025-02,67.83975105059632,90.97723257655747,77.13400017263659
H0533,2025-02,98.36955339567908,43.80648749354195,74.5601317493467
H0534,2025-02,,69.54456598492436,69.60755675042348
H0535,2025-02,79.0203190349592,91.98066172580803,78.39099939243033
H0536,2025-02,78.93374120531485,82.86503808446291,88.61725780644483
H0537,2025-02,89.20411195862333,75.24414406587273,79.46646197934085
H0538,2025-02,82.66070513199232,63.58998821356401,89.15400818569141
H0539,2025-02,78.74055125351546,94.31644656547378,74.7756454931565
H0540,2025-02,50.82298517225488,48.17880685226423,86.15535563189144
H0541,2025-02,91.57827632933515,83.61457344631802,
H0542,2025-02,79.22995986199122,73.83417233050997,60.232779335279865
H0543,2025-02,68.40671284788907,59.133442942420544,67.27207285562685
H0544,2025-02,78.32603985993742,64.55123874190535,59.0064510290961
H0545,2025-02,99.12050691805294,100.0,61.4559724381605
H0546,2025-02,83.12785344459249,51.510038235581554,100.0
H0547,2025-02,99.67488799290342,40.883652661884916,95.1367639730126
H0548,2025-02,92.15243555950218,67.09893238030017,95.2465952856213
H0549,2025-02,43.14100642439179,73.56884403220731,74.88722578675768
H0550,2025-02,,93.53580296348237,63.60018792928632
H0551,2025-02,49.46289758607843,71.3045944111472,55.2447812595871
H0552,2025-02,95.71269829366919,47.95086543972984,71.6528679485518
H0553,2025-02,86.67689228810777,72.8718615706192,61.48085412587299
H0554,2025-02,95.44565269844027,82.53682755056586,80.63398906002652
H0555,2025-02,84.87690205626798,81.1254907021953,78.95736472754363
H0556,2025-02,83.43134460044865,84.69018405879,90.26874920817792
H0557,2025-02,93.61084693591074,43.49403205315697,77.90559932914596
H0558,2025-02,55.89609274024868,47.8395923860963,45.01170561424665
H0559,2025-02,71.44096983424484,65.58633738526709,66.2907742631444
H0560,2025-02,72.42586917884634,90.92063716731279,
H0561,2025-02,72.73664507483186,63.44344983343602,80.87272868779515
H0562,2025-02,64.09134440166872,72.28150966914436,61.76165247833836
H0563,2025-02,71.97089283135759,69.20344356206395,60.40789751984717
H0564,2025-02,84.29568152529498,54.610474694380535,62.263542980434906
H0565,2025-02,95.2880862637632,59.753867325516595,47.41610209461331
H0566,2025-02,69.17754492611719,69.75137036664593,70.7285205397585
H0567,2025-02,68.79697546669698,65.12900308864982,83.6295727523697
H0568,2025-02,37.07349228021527,,67.43124011559505
H0569,2025-02,94.54940474882281,64.3564704617923,53.41679809763636
H0570,2025-02,53.41105468814452,83.56210853069203,85.33888402262387
H0571,2025-02,83.70451134657014,68.40883255366006,95.41985804844879
H0572,2025-02,76.91585503428448,70.17194173781442,64.21272929421022
H0573,2025-02,86.53896640655852,82.43299666803495,56.60589640236925
H0574,2025-02,58.41880428379107,65.86177117133558,66.5602495737752
H0575,2025-02,81.7308079774253,63.89658689694195,75.90568973695586
H0576,2025-02,98.20404766956365,71.42243943939054,66.6628762583155
H0577,2025-02,76.68539818759562,84.7283075518857,47.8806055357709
H0578,2025-02,61.11500585059146,75.69080160778536,85.79136750536667
H0579,2025-02,55.65694585473305,39.0553083650904,77.830336652882
H0580,2025-02,99.63889187753556,64.5676276222653,100.0
H0581,2025-02,70.8868913284651,62.84194852667597,75.67042223416681
H0582,2025-02,74.5825574994775,84.56307699047605,98.03445550011725
H0583,2025-02,100.0,43.670185773261196,71.70772767708729
H0584,2025-02,84.89607824750021,73.3693018139341,60.91072306795908
H0585,2025-02,89.12720746289955,80.24961188273059,63.584595273769104
H0586,2025-02,97.98519891166073,82.28153061021143,100.0
H0587,2025-02,57.68058520670319,75.53646683486365,74.70626261734806
H0588,2025-02,96.6506235249828,46.419875979962654,96.88834168210921
H0589,2025-02,100.0,70.57819396666595,68.52577413994052
H0590,2025-02,69.36637840632115,96.33033872398875,52.843341995464684
H0591,2025-02,84.27141409615112,61.23402570970422,82.2274931983909
H0592,2025-02,87.26266532552192,100.0,62.09612828986994
H0593,2025-02,67.75744153529695,87.90553914069001,80.22201740817279
H0594,2025-02,90.35985708813054,72.52167436017027,78.57171108670131
H0595,2025-02,68.93812312458425,,78.62470164602382
H0596,2025-02,100.0,79.41277877941324,98.97638249240208
H0597,2025-02,75.2222663451127,60.701896149503575,74.74323349376205
H0598,2025-02,81.60524318667603,64.06446722487804,73.45960145497027
H0599,2025-02,49.68845290480105,100.0,65.15298803403371
H0600,2025-02,79.78839046931041,95.16647250385613,80.31298008153617
C0001,2025-02,86.86017121519646,60.52278772808102,74.47050375942322
C0002,2025-02,61.106077791650016,58.1867769713336,65.60864719076852
C0003,2025-02,66.4575369730392,45.30450009923337,85.90166208453708
C0004,2025-02,62.01665382980296,100.0,66.89934929925154
C0005,2025-02,57.172234389307846,86.71982418086658,80.03363443328652
C0006,2025-02,57.824918537406525,93.06036143609884,54.06769007737606
C0007,2025-02,90.49560479887555,64.55710774954643,87.78998580000747
C0008,2025-02,58.34740231214036,63.483403832058265,63.296152813919264
C0009,2025-02,49.94501759207197,57.267090770270286,83.04733969178747
C0010,2025-02,63.927543136422095,17.700480244124215,88.5905250476957
C0011,2025-02,74.18419732660797,56.497661825445704,77.63207243013817
C0012,2025-02,82.52858481438653,76.58158256860865,89.69291465037583
C0013,2025-02,64.24864840983454,77.84678078444354,58.49595929711272
C0014,2025-02,67.85200771378368,63.394099828554815,72.84674092878245
C0015,2025-02,84.93852713211702,85.08201936925227,65.64893081023668
C0016,2025-02,85.0679760289549,,60.49276438875749
C0017,2025-02,93.78628330586587,85.84348790349782,50.70635803921485
C0018,2025-02,83.11795596899447,85.66616756489212,75.61237985088623
C0019,2025-02,54.57653012636077,88.15855189361699,89.89545183016607
C0020,2025-02,64.53303246816179,75.17433856777821,93.77941624379048
C0021,2025-02,95.0418908321089,61.67688504380804,59.63790393937482
C0022,2025-02,97.72343972637823,50.8313622434155,63.73621697466248
C0023,2025-02,74.37578241767467,38.04144700837951,62.492504607148426
C0024,2025-02,71.38932246598164,82.99444499604502,59.71213137122379
C0025,2025-02,60.982513816595855,45.12232129377712,
C0026,2025-02,96.71949561049844,71.88412421244978,75.13056664920451
C0027,2025-02,55.67528390732433,70.80955027385836,64.1401752644569
C0028,2025-02,100.0,56.992831563420296,53.99705837528133
C0029,2025-02,71.29222403933915,67.40984336784761,84.97117411017454
C0030,2025-02,62.74116012487455,76.97056166147162,75.45019173681952
C0031,2025-02,50.246298950625516,67.94882840589646,79.11357939127862
C0032,2025-02,69.39027016852381,77.5335530353063,77.9448917488533
C0033,2025-02,74.31893936523983,66.13782184232737,83.33324144224446
C0034,2025-02,69.89361421470193,66.9733642106537,74.65908503083384
C0035,2025-02,74.84250131652715,57.63774618795185,60.272954887782745
C0036,2025-02,96.98167112229623,72.66835417632382,98.31244065709467
C0037,2025-02,81.23260186511713,69.6202571812343,80.14592503449141
C0038,2025-02,78.01096923056235,57.61941083980879,59.81825082382176
C0039,2025-02,87.67729178711917,75.45849996434926,56.44238177944423
C0040,2025-02,60.17935667936764,30.54017108449223,100.0
C0041,2025-02,82.67258579633372,86.95866454971923,68.24891163218048
C0042,2025-02,83.19914238982986,47.80720456158425,61.315165436312576
C0043,2025-02,100.0,93.41998822838747,69.45293614925768
C0044,2025-02,59.2917278362691,85.71705184802163,83.24552939591405
C0045,2025-02,61.03407380330263,86.35172537301534,64.02697202567519
C0046,2025-02,61.816846150175266,52.12968495561006,73.1593314797601
C0047,2025-02,85.24393992836231,72.6047182034309,100.0
C0048,2025-02,75.09891060556679,73.58205753962852,46.39552652133372
C0049,2025-02,81.98776848243854,77.92880627865195,65.94964879846312
C0050,2025-02,46.44376149457963,86.53869909332003,74.85965988261515
C0051,2025-02,,81.14307447820252,45.23977821521426
C0052,2025-02,78.70606144936511,80.15310767667694,81.171866343641
C0053,2025-02,80.56470446961853,77.66035535214188,84.25809316043102
C0054,2025-02,83.88923787109721,86.96711599180762,55.87840659636542
C0055,2025-02,,75.43782345418474,74.62822116522767
C0056,2025-02,85.30933815909404,93.6744801719365,78.80368675402997
C0057,2025-02,74.92001653462378,69.65258750452199,80.47360903331092
C0058,2025-02,79.90624088057676,49.30551839763551,100.0
C0059,2025-02,78.96420529894291,,58.94003783606007
C0060,2025-02,75.22659536158014,81.34988785633136,82.72272728468039
C0061,2025-02,56.63250670758173,70.43958029577863,71.76991672305046
C0062,2025-02,75.25314054719013,76.88683539032242,71.32166899268023
C0063,2025-02,98.49534397320156,97.00224812302443,73.98821982150604
C0064,2025-02,70.41007122624639,77.04846530497778,82.31938279356721
C0065,2025-02,75.58792276968347,95.63188583724248,72.41516925149665
C0066,2025-02,85.30771444101946,78.19111116449068,75.75746792323753
C0067,2025-02,100.0,63.2317998577159,68.90475063214365
C0068,2025-02,67.89693128807563,47.41012109840999,55.4223820982394
C0069,2025-02,61.92901997431654,77.91818317917634,89.49265419954409
C0070,2025-02,81.26703530292845,89.78905879914913,85.25301251471893
C0071,2025-02,64.34186165867985,63.760479174324104,88.43254902130396
C0072,2025-02,76.64412440068176,75.32552432668126,80.62503660256705
C0073,2025-02,84.47878383639193,97.71497578644306,62.356186700716904
C0074,2025-02,69.06944874909158,44.56165475930783,59.4782455544229
C0075,2025-02,72.41410394608154,79.75726863713707,87.96210817681106
C0076,2025-02,84.0927593846712,78.44584930662418,52.56107058344736
C0077,2025-02,91.65843535026178,79.24091808078808,64.08084060854478
C0078,2025-02,73.22777908977845,42.3021920746154,100.0
C0079,2025-02,78.03975281666007,60.671879741112086,81.29728492994906
C0080,2025-02,57.04212871292244,36.370606388356926,73.16880409558604
C0081,2025-02,77.49403115590772,51.90876009930628,46.06195237087469
C0082,2025-02,71.35803666074689,87.55083614521796,64.77390422633383
C0083,2025-02,76.6334414666675,67.38444103139885,86.07285063826072
C0084,2025-02,94.25997739358938,84.5771931878779,50.155427246339364
C0085,2025-02,53.667310391818006,78.43226943991138,73.47372071818799
C0086,2025-02,93.85415326417126,56.665168122993364,54.66729461006584
C0087,2025-02,74.81956134958573,71.7270379727109,60.734910567730395
C0088,2025-02,72.45134718713578,44.418059827547395,47.22700831985328
C0089,2025-02,60.70852121587971,74.23848957975603,72.29741262192447
C0090,2025-02,79.56394571825822,79.56926143420078,48.14094114055675
C0091,2025-02,100.0,71.51727114038383,74.62627728507685
C0092,2025-02,38.04433810153595,43.81932532546674,81.29177425911945
C0093,2025-02,48.37101012717651,49.090026065644224,76.74623665634078
C0094,2025-02,75.89504113147899,100.0,83.34232447474098
C0095,2025-02,81.71886323679058,84.31149139355813,78.52826846837124
C0096,2025-02,87.10439982120263,66.5266455415068,70.58739235973796
C0097,2025-02,77.5324763259165,83.4337089189006,68.17621716730935
C0098,2025-02,49.86617608510578,93.28237880914766,75.1654860533197
C0099,2025-02,83.60418666117036,91.44585234483468,56.60145809799462
C0100,2025-02,73.80958203634977,70.30287541827265,68.28570309844204
C0101,2025-02,87.89165142570367,67.285133530504,100.0
C0102,2025-02,65.3820113849082,85.28056721859487,80.692129862233
C0103,2025-02,55.71475014005797,70.62328332730789,93.89769447092908
C0104,2025-02,65.0012233736466,87.37324638411813,74.42131388644896
C0105,2025-02,83.81384909443838,75.94920483077385,63.9606788640876
C0106,2025-02,79.51617297212208,83.89992772782206,67.58545551740086
C0107,2025-02,73.44985147762483,86.83913140287345,45.078964077840595
C0108,2025-02,63.61311546634962,48.32257133812177,
C0109,2025-02,73.93472511836823,75.26030720402007,87.21379987987297
C0110,2025-02,92.41223029099865,86.94038022991577,57.12134509672481
C0111,2025-02,100.0,58.453100203866285,83.76619307013101
C0112,2025-02,81.23168892963315,63.62314987556246,83.3922304929727
C0113,2025-02,88.63143334523748,90.55845320856194,73.43759693338548
C0114,2025-02,65.97132248812063,97.77028359320005,81.29685830265355
C0115,2025-02,90.95889103246708,12.588705714158685,78.5636176759059
C0116,2025-02,70.72708716752769,91.93168673651712,79.38429388186458
C0117,2025-02,55.45793597642164,32.986783767890984,73.46004104282265
C0118,2025-02,98.89066362444446,79.31424715070513,82.04511784386061
C0119,2025-02,76.14365707006151,49.80957260370487,64.37922063708365
C0120,2025-02,94.7291543019796,63.56836408023622,86.84163663188235
C0121,2025-02,86.71249227424735,73.93140302597907,100.0
C0122,2025-02,56.02682021892201,79.67854956560403,55.33874579641038
C0123,2025-02,81.4209971774399,99.03720249867283,77.35226500842552
C0124,2025-02,58.17178550604832,46.046238009481556,58.92396690192979
C0125,2025-02,95.177753033828,93.23358937386021,83.7411107332415
C0126,2025-02,78.95623353706999,70.57030968903078,82.14699798944767
C0127,2025-02,69.56695921544537,72.00615162894802,78.80310436809074
C0128,2025-02,46.5549589645439,99.28313997020174,64.1062617371815
C0129,2025-02,88.43308485517468,82.51181795981282,63.01169395282211
C0130,2025-02,,42.23280057464514,58.80738907107638
C0131,2025-02,74.24876765369743,73.93558371311727,50.09051647461369
C0132,2025-02,84.71238467658598,63.252020166654795,94.37621394634324
C0133,2025-02,62.95565754132882,65.50397298786186,83.36771164458256
C0134,2025-02,56.095806707314736,72.48814472956445,94.70424906247823
C0135,2025-02,80.20335753712024,82.162972295813,70.26890195867496
C0136,2025-02,61.18278629968813,51.185164046421136,79.56796867295206
C0137,2025-02,75.56122352565274,70.2868149132507,61.92195234172645
C0138,2025-02,66.51300785061001,69.63076647089619,
C0139,2025-02,55.65232149637735,77.90902682064747,100.0
C0140,2025-02,54.32786233116813,73.69814455870299,69.70982241296599
C0141,2025-02,76.28970894062275,86.97237209243826,87.08577258849363
C0142,2025-02,89.64631582364956,75.49034762877864,76.06273839476016
C0143,2025-02,86.39648737890015,79.31964588011006,49.781384687045446
C0144,2025-02,78.31633615293882,78.97284390399415,73.950016203033
C0145,2025-02,93.1974675394591,51.853074600898665,76.91775746802568
C0146,2025-02,68.72522690600243,,84.8702855613265
C0147,2025-02,87.77481613120277,62.78998708569966,47.505865917489245
C0148,2025-02,69.00387222571206,85.18918210171292,59.41296815265238
C0149,2025-02,62.38352717668081,83.1227260490476,75.20335183240411
C0150,2025-02,87.40506211565521,71.92453909672012,59.95763636326046
C0151,2025-02,85.4528691624834,79.0838772791197,95.67992384896138
C0152,2025-02,84.8254539995241,47.900419710375814,73.07799013603224
C0153,2025-02,57.01757439850595,68.89188080696623,83.15491297792423
C0154,2025-02,88.8745297712176,31.503557633465412,
C0155,2025-02,84.38451137231016,84.94468658415913,54.68510331479149
C0156,2025-02,73.60825044910555,100.0,84.18409770809892
C0157,2025-02,86.86468643051123,67.49408760231309,78.72412225573625
C0158,2025-02,90.24631731514576,75.65503173644001,75.37694141588322
C0159,2025-02,,82.12575387439041,72.80434335328403
C0160,2025-02,61.56750436242806,50.50047599596377,72.1677908264911
C0161,2025-02,69.88936582060968,68.86059001261337,28.04191176315439
C0162,2025-02,43.97253318951766,79.66037914215087,91.734881510864
C0163,2025-02,81.58964690736387,76.89027590621842,54.92522481697286
C0164,2025-02,91.70606326453064,77.24491292979562,100.0
C0165,2025-02,81.96857395901809,66.28490503882065,
C0166,2025-02,79.32471379799777,56.514400313033484,55.723433830522055
C0167,2025-02,89.49691581572266,83.093842580959,79.2447051566044
C0168,2025-02,76.61361969821778,100.0,80.08820855011201
C0169,2025-02,54.05336000355078,41.133585972308175,80.81794617153504
C0170,2025-02,77.18378138432466,38.04203149976933,78.79945121578609
C0171,2025-02,93.10693737555872,52.548255113662194,70.77921991131923
C0172,2025-02,79.72527905378593,64.68885757458821,67.15380076066218
C0173,2025-02,69.54901498048795,67.64485994885007,81.49007952381022
C0174,2025-02,86.36048091800797,74.53983471927255,63.00761980331563
C0175,2025-02,,74.16445383282986,75.64257400366814
C0176,2025-02,72.34358818452003,,47.94504169592361
C0177,2025-02,78.3035343833559,,78.44666560303219
C0178,2025-02,68.57947388144561,,72.49958571418173
C0179,2025-02,82.69816933517384,85.65212552181575,71.47612221763954
C0180,2025-02,58.240333454920005,99.45096553457881,94.43172930235838
C0181,2025-02,80.11398684910627,49.0952855211473,95.91759180506325
C0182,2025-02,84.8072182534489,38.39956280958987,
C0183,2025-02,77.214603248888,73.8865720297118,85.27080174249514
C0184,2025-02,78.15045677940017,82.08957665316078,
C0185,2025-02,76.56392925848552,73.29813833338946,78.1947405733844
C0186,2025-02,81.94641566635828,37.51694312622683,
C0187,2025-02,70.14901083117054,45.30064829621701,82.21657566030092
C0188,2025-02,73.28513383143704,64.09074320000867,74.18358068612832
C0189,2025-02,63.235167454925765,79.65202078236965,
C0190,2025-02,64.45355866712778,59.253862317587924,67.20115908521558
C0191,2025-02,51.60800111126416,80.466013259176,83.99585891338819
C0192,2025-02,76.75705934730148,76.50331462933666,88.12195588993876
C0193,2025-02,86.93670190513195,90.5096799873721,66.47075959897134
C0194,2025-02,79.9627437948901,59.78142791134157,80.88567906491822
C0195,2025-02,86.74021506897186,72.28443091368662,72.98185675241962
C0196,2025-02,97.05923487322806,98.68532274318615,61.09054835651543
C0197,2025-02,77.01140508389652,61.830597958346004,96.10290128872445
C0198,2025-02,63.47622749098327,64.6424626574164,63.043826225039425
C0199,2025-02,87.24426538855073,70.26179894883144,91.45291394893223
C0200,2025-02,87.13996514347923,54.85683715239114,52.555099726588764
C0201,2025-02,80.89396911896537,53.056311617800226,
C0202,2025-02,68.4507561771941,67.3865295651008,68.75166857710234
C0203,2025-02,79.17090971927068,67.00773055993017,77.84675485942184
C0204,2025-02,67.3394979632825,80.62507709632521,
C0205,2025-02,66.03632344219066,59.139128880689164,93.70267576709314
C0206,2025-02,83.70963844816364,76.48997742214371,65.13175920718368
C0207,2025-02,62.09205340541373,92.60838681949711,87.60699390563522
C0208,2025-02,88.92747165397722,94.44301316331135,51.46920760504068
C0209,2025-02,79.62254522672336,71.05845001704493,59.176934809746655
C0210,2025-02,74.14285547851179,75.8684410083918,69.75493950382291
C0211,2025-02,75.2915154675938,58.542408257954655,57.368925992611324
C0212,2025-02,62.56984207480349,79.47152265710682,83.80088619821441
C0213,2025-02,61.717582364032324,97.54146483731743,64.13680414210643
C0214,2025-02,95.8454941410149,89.27025134687216,84.63178782385765
C0215,2025-02,72.46301351667347,71.2943115003795,85.60449769692391
C0216,2025-02,51.543215790405775,,59.35136803636574
C0217,2025-02,83.73461706502513,55.95980578420853,63.59248702749964
C0218,2025-02,57.820392211822266,54.214963925634926,68.82097683142955
C0219,2025-02,81.152979197501,64.23707062831525,91.39599989035051
C0220,2025-02,,81.35743764104613,63.5096906898265
C0221,2025-02,73.19500355871622,84.95928576221216,38.62853591535146
C0222,2025-02,87.55484697839289,66.95890855171498,62.99373735355884
C0223,2025-02,87.5645547152905,81.57069295168145,61.49714803131622
C0224,2025-02,95.69528583527824,29.86059927765912,48.69536074139026
C0225,2025-02,80.77710133781598,72.31629408686864,70.07852229472734
C0226,2025-02,68.56883580222875,63.20464619480922,56.36974406739524
C0227,2025-02,46.70563849123737,53.00609150490188,78.93487642676553
C0228,2025-02,63.44388869068134,78.86844612389744,54.49068324628674
C0229,2025-02,64.05372839519534,91.10456287181412,100.0
C0230,2025-02,91.7142775644404,74.86649692861812,
C0231,2025-02,89.92385233316335,83.97778233266695,59.9307456466927
C0232,2025-02,61.37197856114571,67.23601017399997,63.14805146577115
C0233,2025-02,,100.0,68.87918376037052
C0234,2025-02,62.99673455399404,,82.86569002418719
C0235,2025-02,63.70939489156915,70.88514016869932,66.65887730963627
C0236,2025-02,51.70337147503007,79.96116415120622,51.649143576959254
C0237,2025-02,79.31940615838172,71.17232115565093,50.82493728044683
C0238,2025-02,65.16055538648129,92.3844306274369,71.07884682272677
C0239,2025-02,94.17917212515871,39.775514939897526,62.927934574709795
C0240,2025-02,60.15440798455009,68.06115145279476,75.11549454489993
C0241,2025-02,87.56032615662838,70.55869934216929,
C0242,2025-02,56.39919575863613,68.60914293493663,78.45957256430273
C0243,2025-02,,46.478940568933474,67.90870778425845
C0244,2025-02,75.20017632228104,65.91267782463746,45.245207346734986
C0245,2025-02,81.56054117445575,69.30639572285402,80.89202930110666
C0246,2025-02,72.05032393282892,78.1829584023488,82.54665035632485
C0247,2025-02,67.68863892863376,88.08168198844365,59.39873934283438
C0248,2025-02,81.65963646827407,73.57085133666413,82.40070006684925
C0249,2025-02,100.0,85.1457082517811,58.511804087244926
C0250,2025-02,59.986981378044405,91.88347659508223,38.25732914782215
C0251,2025-02,67.97128595702041,88.73189579387619,68.19216034207423
C0252,2025-02,67.25763806808534,34.83354111501392,60.530490379237776
C0253,2025-02,50.7288508838787,81.56544493445004,51.204508561851355
C0254,2025-02,54.27260919621271,85.40815840755612,82.17302419524414
C0255,2025-02,66.58056439170552,69.85065834802954,78.05746331173667
C0256,2025-02,70.31810963816142,65.67651664851783,98.46439745245719
C0257,2025-02,94.8954987389692,54.10846770389925,79.32516474631245
C0258,2025-02,88.91303413480264,41.107102801076906,81.3540677744604
C0259,2025-02,60.373405304073344,82.36741565896556,56.76045484185664
C0260,2025-02,85.70331842161579,84.21840432875405,40.78079762670246
C0261,2025-02,,71.9755512765191,100.0
C0262,2025-02,70.23806438370488,79.7133520609625,76.85859717565165
C0263,2025-02,77.97797086321219,,95.50263244450048
C0264,2025-02,100.0,42.96489725313176,54.89515837885011
C0265,2025-02,80.93486348341236,78.390860595551,90.26904677200366
C0266,2025-02,,69.82136338428303,78.84700301728397
C0267,2025-02,85.69363616244424,79.3074104878901,89.20960521887561
C0268,2025-02,90.63133515660377,74.77486004406643,81.41689486643115
C0269,2025-02,90.8710573921121,88.05487086620964,72.99658656616457
C0270,2025-02,64.41834765195664,50.312239813281295,80.55052022664223
C0271,2025-02,75.81247445092666,92.13965261894721,66.77554353568911
C0272,2025-02,76.12817408203304,65.18321874980482,86.93611509499192
C0273,2025-02,100.0,70.72889882941242,61.794876289560776
C0274,2025-02,81.33399521191124,41.508777279933014,60.16224672039858
C0275,2025-02,97.90752187592848,69.24900956839295,69.46212471393528
C0276,2025-02,62.04479350336027,68.6034580433682,79.2020795458625
C0277,2025-02,72.24629778562468,71.12055230911747,74.079425120821
C0278,2025-02,71.63098642263068,64.73147568526512,72.24885274699723
C0279,2025-02,86.06465477539815,49.79066773878184,86.20715331214112
C0280,2025-02,89.68482593531384,81.01542587081386,80.5587917606638
C0281,2025-02,78.63109927412073,42.35521243063879,64.26966956209036
C0282,2025-02,77.20862924321803,85.90820319343584,58.245874972945266
C0283,2025-02,82.32914152974705,100.0,71.84495823981246
C0284,2025-02,53.80595525745055,100.0,61.808486062226855
C0285,2025-02,65.83333200934123,51.14883541866568,58.00788632962846
C0286,2025-02,71.38558818981963,82.63185187263934,85.26112783501115
C0287,2025-02,73.88857286326433,62.12285638249314,88.98815781874477
C0288,2025-02,67.95756514544443,93.90314151000126,74.19531040408283
C0289,2025-02,66.7961751702788,82.29633523605159,76.60080675417319
C0290,2025-02,50.991048912951214,65.68853321378286,60.26527542998167
C0291,2025-02,81.94614184775325,58.48457520464212,57.94762828040838
C0292,2025-02,54.173403365696615,64.46710970180727,83.31380154094549
C0293,2025-02,91.84838114873745,64.33791814725988,56.79813531649113
C0294,2025-02,83.07329639662521,75.46131966960382,67.24677419338812
C0295,2025-02,89.268056329782,74.50456460008705,65.08593099171159
C0296,2025-02,62.22122457230003,62.915643650128416,79.06674489831353
C0297,2025-02,100.0,63.64596750713375,71.78577028004037
C0298,2025-02,100.0,85.90273778198696,68.0067772847919
C0299,2025-02,75.72095025558845,83.62628482033578,93.68907519122695
C0300,2025-02,81.99183417248689,60.66868039641338,98.93715450837047
C0301,2025-02,74.1907646548287,70.5595044000916,
C0302,2025-02,90.70233395256389,59.96818945713199,76.75499959195747
C0303,2025-02,86.40326325046685,100.0,65.75524148908761
C0304,2025-02,50.24193686088802,57.153030497975124,72.82109538176817
C0305,2025-02,61.93604487268357,74.57225806210383,53.43517644668789
C0306,2025-02,79.33352735740645,77.98642531757943,86.66606710318818
C0307,2025-02,81.90747340334401,57.29449852909686,67.10061221860892
C0308,2025-02,78.33038720363052,59.64845098345904,63.925894754416404
C0309,2025-02,52.25119644488788,68.69406535876622,69.03214316299906
C0310,2025-02,85.52460427935017,61.155730322434884,86.32706571093732
C0311,2025-02,99.07945973667026,73.55818011446581,67.68423198875925
C0312,2025-02,37.2187093073507,52.530903986721896,55.55404231626399
C0313,2025-02,86.4238354040616,72.61614095985476,39.93307073625294
C0314,2025-02,97.10397394501177,35.31168230970146,68.28566380223108
C0315,2025-02,85.38476718590978,56.19435309751531,75.80864330120701
C0316,2025-02,74.62685060144747,66.18165603010691,66.40084200243697
C0317,2025-02,86.6005550112992,87.0976487305538,60.13364320639191
C0318,2025-02,,45.202775633184736,58.636142439246896
C0319,2025-02,83.70078418852445,89.52457691983956,68.47042126015437
C0320,2025-02,73.94148636284106,,54.061497687263945
C0321,2025-02,76.84434674656573,43.83467915475943,56.47501179519551
C0322,2025-02,63.8929423710316,80.24171772804397,65.3735211058775
C0323,2025-02,68.26916178768955,56.96012493841181,100.0
C0324,2025-02,93.72691610388046,76.97917260392889,100.0
C0325,2025-02,,86.443230128316,94.67804831778784
C0326,2025-02,47.5431757003004,84.70999337259364,82.5885621188335
C0327,2025-02,100.0,65.7973643960822,46.61338402419942
C0328,2025-02,65.82151337437044,79.7629955873504,100.0
C0329,2025-02,69.43732317257329,,77.07733514090428
C0330,2025-02,66.13310858793275,64.00739253473365,53.27064272904903
C0331,2025-02,76.29773239816262,70.61102339553841,100.0
C0332,2025-02,63.02043423356085,82.03360583936605,70.17120885123714
C0333,2025-02,92.84086720314525,23.36170967836287,82.50254829758526
C0334,2025-02,,55.91880075062277,67.83270362336069
C0335,2025-02,60.14185869457566,87.98089539320202,81.2937882433263
C0336,2025-02,41.5731531614552,81.69989283639849,90.02983834157529
C0337,2025-02,90.95346507488692,69.31497892278823,86.5264135086063
C0338,2025-02,72.88901710265,61.3365979161293,96.3100821687543
C0339,2025-02,76.1639487824704,68.18401324380656,71.23313530241094
C0340,2025-02,60.566601362358405,62.09276701902504,74.72019731907305
C0341,2025-02,77.79346706435364,45.71930554077227,73.762057303678
C0342,2025-02,76.74500900798499,95.1964869855647,
C0343,2025-02,94.22242597335917,67.69194079424568,65.75988941239677
C0344,2025-02,75.11445808606058,65.41536099733987,66.17430392185882
C0345,2025-02,57.2532985966342,41.42241107400911,89.90757691311006
C0346,2025-02,100.0,66.66692928693524,83.01306984749608
C0347,2025-02,79.7388818015788,86.76930623312316,70.25728701802369
C0348,2025-02,60.47077789687971,85.61618383248911,67.74379853523594
C0349,2025-02,,72.62203430052263,55.60628477556199
C0350,2025-02,87.2273218072168,69.26015839493554,66.26981633919696
C0351,2025-02,83.06036309569373,73.87316548192275,76.6053795640571
C0352,2025-02,85.35701739202091,85.77808918095052,78.39518260394078
C0353,2025-02,77.20763695111157,46.84759524320282,83.44696264479862
C0354,2025-02,91.72856527011794,80.22337848827189,73.63367945670036
C0355,2025-02,82.52788068365935,81.5419762991446,78.84932931432934
C0356,2025-02,87.38422442664768,73.18533412472385,51.96463803358322
C0357,2025-02,51.5035329656666,73.24619661554732,60.133404660345825
C0358,2025-02,50.77644236703023,60.53790540240519,
C0359,2025-02,61.595241354527126,74.41679817371129,70.94504216085772
C0360,2025-02,69.67517755604396,,82.21871753098918
C0361,2025-02,62.65568615077958,92.79364217380778,88.92936373798071
C0362,2025-02,61.11281227346434,63.2443822799172,
C0363,2025-02,81.0510442089629,68.97645573188032,99.49660819030602
C0364,2025-02,67.26585924012913,98.7027871558912,100.0
C0365,2025-02,43.169245501714755,83.54803652356198,69.47551245920529
C0366,2025-02,53.50541901260031,78.66961399487121,100.0
C0367,2025-02,66.29509771099114,42.98955467071136,100.0
C0368,2025-02,74.1946127116528,89.71600204944272,56.27420748457579
C0369,2025-02,86.41539027968565,66.37621366433312,63.00268698822934
C0370,2025-02,84.73167793806658,79.7027048842157,82.05088287353212
C0371,2025-02,49.78647603770516,63.84369268916887,79.3399791094541
C0372,2025-02,96.33060461926041,99.54774600898979,48.696532412107246
C0373,2025-02,73.9608122267793,58.35728813959354,60.50645637436489
C0374,2025-02,74.35714590947245,100.0,74.64034097957195
C0375,2025-02,77.42405665340303,73.32908462360582,70.46171541452593
C0376,2025-02,61.913145592470045,68.2039319175961,81.16505327456167
C0377,2025-02,79.61827070442939,54.50522323343425,99.06663781662739
C0378,2025-02,47.55310993548487,63.55537020324363,54.16090853703655
C0379,2025-02,95.21868344960916,70.39168875311161,100.0
C0380,2025-02,79.71373721497899,76.47007365995032,100.0
C0381,2025-02,80.74155930987669,81.42714429490083,47.768615536710286
C0382,2025-02,81.64448378214664,67.99061382607007,54.36496745759896
C0383,2025-02,66.03102783405137,77.76263545323229,64.1536181036362
C0384,2025-02,95.30853608157634,93.6873938149931,61.211054265511606
C0385,2025-02,62.60773846377597,86.66594728260061,79.49055722356685
C0386,2025-02,60.00985958212167,81.08629776623974,81.54280958489193
C0387,2025-02,77.74117995120628,80.79931245327867,75.77791660535385
C0388,2025-02,60.47903813791578,60.18970395363359,83.37804317771867
C0389,2025-02,69.4498005325311,77.96355003779975,73.36989587639326
C0390,2025-02,82.12289904266366,58.42464664619418,82.42175010670678
C0391,2025-02,84.35371922391406,87.37858539540352,100.0
C0392,2025-02,72.14467474131976,74.24594574999689,34.86567523903815
C0393,2025-02,58.347268680620616,85.94260906020989,69.27563508386254
C0394,2025-02,74.21579250239884,95.07748280799751,83.90809037573766
C0395,2025-02,63.18636767771455,76.55004902335432,69.05795043694054
C0396,2025-02,71.89823128651648,,75.95815330795185
C0397,2025-02,67.46561683914449,37.43742705623014,92.13050726857868
C0398,2025-02,,84.85919426507152,69.09999091510356
C0399,2025-02,57.50776447290206,67.21980576011971,100.0
C0400,2025-02,50.4687925494046,86.18335018950376,51.93295531567388
C0401,2025-02,89.06470188764608,82.13492538178596,81.23473941518277
C0402,2025-02,80.42392149314277,76.80134894202189,68.19959687247383
C0403,2025-02,61.13727414745639,79.59034720291768,80.2349590624195
C0404,2025-02,,49.30207095538583,87.95058723809063
C0405,2025-02,75.21844416830245,91.92343204962623,63.35283042053979
C0406,2025-02,56.23998911163759,51.2755246177162,
C0407,2025-02,58.05719412320809,,100.0
C0408,2025-02,77.482552154837,71.65580328680802,73.21971880164996
C0409,2025-02,81.25451002732916,68.02433072814642,61.112006541372736
C0410,2025-02,81.49802654933958,65.0650718931728,90.16046497415257
C0411,2025-02,66.73972932258583,62.44571015588212,87.01730437607628
C0412,2025-02,80.42917357477174,83.88030333846883,48.51482553391985
C0413,2025-02,71.71896604362742,49.730675446664804,
C0414,2025-02,62.80242262479794,63.446489519981135,82.72235699133356
C0415,2025-02,91.39416782938265,41.677261273257784,75.12492065758576
C0416,2025-02,77.05357251158495,55.470646385367175,95.38128506644141
C0417,2025-02,80.89974439067171,45.76316472592002,47.685994004182476
C0418,2025-02,59.38760839748363,83.58544234454806,40.502297027352505
C0419,2025-02,69.14282274725065,76.59184603183259,90.39164601034153
C0420,2025-02,85.49043207200721,58.107060629565495,59.81382072109452
C0421,2025-02,70.44744424920626,20.25938161156523,71.85730225179482
C0422,2025-02,67.79806540664337,43.3604558990792,51.92362562895194
C0423,2025-02,56.226635117849156,50.36296365827732,81.8668478484263
C0424,2025-02,76.99048848903055,65.51975197427821,77.3462875159669
C0425,2025-02,57.82714641527543,82.03674006810496,68.94601027153914
C0426,2025-02,81.1618021648583,50.18433413613413,55.521045367578886
C0427,2025-02,61.0957148119896,50.48325076907513,70.59215663664992
C0428,2025-02,69.33792056258247,42.39061987338734,75.27494845466323
C0429,2025-02,91.8271399186533,66.60802178926119,59.79988681853532
C0430,2025-02,82.02071437568775,39.407085899178796,67.43531947258036
C0431,2025-02,71.2668525146163,45.04138234149654,74.2729235616663
C0432,2025-02,88.09058146130103,80.80295768410694,84.20184426465754
C0433,2025-02,61.90970151829441,93.34529313743148,76.39783491806543
C0434,2025-02,60.05746848742956,71.91567633610411,89.50568447056673
C0435,2025-02,66.67449059177494,63.662856414986564,68.43452572059616
C0436,2025-02,89.27653285606758,100.0,87.08877274543642
C0437,2025-02,90.98583987893466,65.22893384426659,56.90276599959991
C0438,2025-02,65.16008295871126,60.74784218785915,76.08700304679938
C0439,2025-02,70.90556655602745,63.3909151466228,78.0560739524829
C0440,2025-02,82.43162941678989,97.75050374734339,100.0
C0441,2025-02,100.0,86.03904204822959,
C0442,2025-02,70.8238489122081,79.65310356911911,54.13470270780699
C0443,2025-02,88.8966408581819,71.53864685409522,55.98707569949144
C0444,2025-02,74.32137440185501,60.371908414835104,59.346951069848444
C0445,2025-02,92.61309010303944,72.93655012970778,84.81598581214784
C0446,2025-02,90.56165803397789,58.12072654235683,55.463463101931424
C0447,2025-02,79.88365234265515,68.32712183169268,80.60167034170158
C0448,2025-02,73.6203219227057,75.57953872436123,72.53065386260128
C0449,2025-02,73.57789369080182,70.53980807173463,88.1953484569169
C0450,2025-02,78.57173927015195,83.63060932257824,80.95171585902418
C0451,2025-02,92.95575379256698,77.70610419761107,86.74993765106086
C0452,2025-02,97.72384576049237,,84.5729240071238
C0453,2025-02,93.95865130250141,60.34569830206916,92.52776913692067
C0454,2025-02,71.2000322787586,55.36271186697026,53.36450725981759
C0455,2025-02,68.39698625389082,55.51177109513433,52.51759217178187
C0456,2025-02,59.45762642427371,85.31953983459648,68.74209322095173
C0457,2025-02,77.17188681739147,44.48209629821348,74.28024580664254
C0458,2025-02,90.49222596846542,77.71563461987527,60.07106521123769
C0459,2025-02,66.5574792613214,74.58296893164349,80.87108459801573
C0460,2025-02,72.28222287679705,60.986595219721785,53.27853527688424
C0461,2025-02,81.99572518292803,69.34449356307402,66.92193903049309
C0462,2025-02,72.11699427507146,76.549750305927,74.34361414940878
C0463,2025-02,74.34921545364233,55.75275955944787,83.59544613141009
C0464,2025-02,90.54878254503903,59.413879079106344,65.38717428136987
C0465,2025-02,76.85553170097603,71.56974866187569,92.75744567113811
C0466,2025-02,65.75423576462315,71.33544688904448,99.04078501681755
C0467,2025-02,75.53087168575232,48.48216336474388,95.25183099844021
C0468,2025-02,79.9177864206877,70.93483070233181,98.96851685617449
C0469,2025-02,100.0,77.1182414456443,93.10447947792687
C0470,2025-02,,82.49685593396701,78.21273098208431
C0471,2025-02,100.0,68.83714860485883,60.2718109008919
C0472,2025-02,58.01307702222905,62.11214728108669,62.466063090448
C0473,2025-02,94.13145517911413,82.67309454909986,86.88609733669693
C0474,2025-02,96.29344664250586,88.10665584839569,45.83885640902303
C0475,2025-02,74.40615756619336,,91.83290030233873
C0476,2025-02,70.2566765190253,63.149024539310744,64.65740558249166
C0477,2025-02,84.27977824718583,35.78786607784941,63.94645560471936
C0478,2025-02,70.00375951133158,54.86406953035635,84.20409969867535
C0479,2025-02,57.67277121081325,93.05947834456276,75.89414237554347
C0480,2025-02,59.09697679707179,57.6710958100551,70.64530637268408
C0481,2025-02,57.11638826629365,81.36819725863964,62.41112273501567
C0482,2025-02,77.29673183757288,76.19095310300743,49.51392438430892
C0483,2025-02,79.29209593930742,55.89558459198864,35.446920435232585
C0484,2025-02,59.973191630764035,61.911687943697224,93.56533892575463
C0485,2025-02,81.87376409654284,93.03036765307392,69.85420535137337
C0486,2025-02,80.1835538618511,84.15978169727344,58.179653723382
C0487,2025-02,79.38505109398211,100.0,
C0488,2025-02,83.12572063938052,28.28666284041398,59.91784239389259
C0489,2025-02,77.42450729241955,78.55729740567277,61.01107013012776
C0490,2025-02,95.11201568174687,34.02392268135316,92.29699375456947
C0491,2025-02,87.10948888859808,,87.49974961177573
C0492,2025-02,54.16879694633191,63.567897229544506,72.48006657398518
C0493,2025-02,99.85899130566402,51.26691723826928,63.78507632167572
C0494,2025-02,64.3235232798667,63.8147416274524,79.27831170087724
C0495,2025-02,75.81696663472016,66.86122992820833,82.75104626835846
C0496,2025-02,100.0,73.39651760104822,72.9647334339651
C0497,2025-02,83.48879120364116,53.92597052800368,92.8488444706166
C0498,2025-02,66.63756214316432,62.07702952742892,61.133343860102926
C0499,2025-02,78.2446329769156,77.28828232747804,67.65843138473886
C0500,2025-02,88.73317746735415,88.84305669618105,87.77425633902222
C0501,2025-02,78.37496055267263,100.0,64.96861380161418
C0502,2025-02,68.77313409764886,74.12759465280543,88.1604492699603
C0503,2025-02,54.85221897174059,78.2844426380289,90.91120436229693
C0504,2025-02,55.456302351153425,63.492557096354666,70.65135925171354
C0505,2025-02,,91.9360575673687,77.78247325345826
C0506,2025-02,91.74172609138887,54.11988140674407,68.48171751795554
C0507,2025-02,60.188416884484035,71.82748906592975,70.8636214383257
C0508,2025-02,74.92609696351508,,
C0509,2025-02,92.74329540973817,76.38203472143657,58.62408810827959
C0510,2025-02,88.64132414278686,90.2894504923108,89.93183106429457
C0511,2025-02,98.59998919637889,71.17467615302166,69.30733439801958
C0512,2025-02,65.33849470001137,83.25004956224981,58.86438003994484
C0513,2025-02,83.5462881013093,47.61140613805836,87.87214771169472
C0514,2025-02,87.24897131442586,70.44213293603502,79.58232032784731
C0515,2025-02,87.64824928950509,39.74343281836275,62.672113137891166
C0516,2025-02,89.34950004019731,68.89169106872585,72.36647725840675
C0517,2025-02,59.620354548018284,100.0,72.47748161828095
C0518,2025-02,83.39629000260243,73.76264803217714,
C0519,2025-02,83.60310568197693,64.75132867809393,67.43308137839146
C0520,2025-02,,75.24093580102873,95.74948058629006
C0521,2025-02,68.47075379878132,71.79950580867667,58.309491459520345
C0522,2025-02,84.97015564443322,56.38717210341126,53.923824465135795
C0523,2025-02,59.49866446356121,39.20734552440307,69.5652812780576
C0524,2025-02,67.8808090028675,69.15569338155146,42.106774519675355
C0525,2025-02,82.89146711531825,61.77122426950814,
C0526,2025-02,92.09626819419533,69.09797052625147,66.0148777819845
C0527,2025-02,80.4453785674399,82.62023479759465,71.92357575064618
C0528,2025-02,68.89811571791344,93.12914928226598,70.37497033657618
C0529,2025-02,56.778338116192785,79.59631230414719,73.87985660184427
C0530,2025-02,62.549966332913215,63.820217092425544,59.7611645343933
C0531,2025-02,91.54994680790375,71.43201610418652,65.87497244834287
C0532,2025-02,77.1461431341041,88.01566902614422,81.10367828394344
C0533,2025-02,75.73035416854485,87.36971775303579,41.116525579910494
C0534,2025-02,74.6745577148055,77.47820742302979,76.69687878982538
C0535,2025-02,81.95167137413786,60.48990002138211,38.198153104967325
C0536,2025-02,62.485032738266405,90.66092518566852,75.01627298518905
C0537,2025-02,64.1209151134431,89.31082126925011,76.72874502617773
C0538,2025-02,81.60454337197392,82.63322525407763,75.17539105004697
C0539,2025-02,80.08712998690521,100.0,65.42673952617848
C0540,2025-02,90.1811920914124,83.76014359576294,76.54942376571348
C0541,2025-02,87.17862348054588,92.18664548969289,60.49628982071337
C0542,2025-02,62.35720109129308,80.40733379114961,91.89657254849351
C0543,2025-02,27.337663849379126,69.03348206568971,84.53240190393609
C0544,2025-02,73.59203700738645,48.759022363303856,54.4968143886461
C0545,2025-02,59.95198279789919,59.352728943573666,93.23892595672162
C0546,2025-02,82.51499414797833,60.39052319601616,76.32783214962144
C0547,2025-02,95.727416887755,51.125786144294224,54.515668155031946
C0548,2025-02,60.41769919593535,67.33640930801593,90.3464940341454
C0549,2025-02,83.9563480671919,72.05203429704962,97.5594055245497
C0550,2025-02,83.63929927399835,87.40516990587729,65.61974002454873
C0551,2025-02,83.2434307427544,56.424241155288456,81.89317927808035
C0552,2025-02,78.52234603790662,,71.7351663282866
C0553,2025-02,50.14766316016686,80.86103006319823,85.90811149497884
C0554,2025-02,80.475420296177,82.95567156620947,89.48022749586389
C0555,2025-02,76.68925371581813,72.48027762666956,89.60160774075472
C0556,2025-02,89.20346681320169,100.0,44.78908069747972
C0557,2025-02,91.14325015450392,62.38637831534807,67.93071569134537
C0558,2025-02,67.09473627570186,62.36033206517345,86.71953764266235
C0559,2025-02,49.67825848355221,75.33788518435098,63.8049136956062
C0560,2025-02,54.18247550422448,80.04764453057963,79.7344669733587
C0561,2025-02,98.43363562760445,79.63289961907046,62.96548819837147
C0562,2025-02,72.17488430634378,69.4533503060473,81.42541357304455
C0563,2025-02,54.69951434117454,80.47230772703911,73.51461491412178
C0564,2025-02,57.52086457984124,82.82144790803757,83.09342557379361
C0565,2025-02,80.25529564509834,73.62780858652144,80.9486466536024
C0566,2025-02,75.53207276363224,100.0,50.760095429815266
C0567,2025-02,,74.39918544345218,99.92673718603945
C0568,2025-02,71.46043912427886,65.12965057348626,50.965527239196305
C0569,2025-02,83.38043312065777,95.14768397136325,100.0
C0570,2025-02,76.26145830467024,41.590816350767795,42.44418079051724
C0571,2025-02,85.74544029563624,53.33377917289859,73.30161443210136
C0572,2025-02,98.62562656419703,67.76091274464615,50.87122929129462
C0573,2025-02,89.50382266760403,54.611629857739686,98.51784193527207
C0574,2025-02,100.0,83.95996269327624,56.846899569556236
C0575,2025-02,80.86110772663245,82.5931443438845,54.862790719816815
C0576,2025-02,47.80023678082521,92.90282089570235,68.51721745140142
C0577,2025-02,63.83955516049318,63.25654813142886,94.82965437490665
C0578,2025-02,88.31451015465225,83.11184489984205,93.31585618199263
C0579,2025-02,71.5847878483271,,69.62192569472086
C0580,2025-02,76.30339326162967,76.05477954635496,69.47050710977571
C0581,2025-02,65.28303862518851,89.59656385706185,82.44804013420958
C0582,2025-02,95.87204472005178,71.18818208271394,72.77579271259428
C0583,2025-02,99.118419570097,95.97463715447512,76.8880988490967
C0584,2025-02,81.36619387656404,70.07008212766053,80.44634970183532
C0585,2025-02,75.03733032328012,50.568447257236315,85.26334181327105
C0586,2025-02,91.97637528640116,65.10553585568181,78.88394065011832
C0587,2025-02,90.18822543713524,71.2697812089727,
C0588,2025-02,52.52598998231264,79.48176096093133,63.80628887590692
C0589,2025-02,85.35387091743748,80.20785390182594,64.14990799380878
C0590,2025-02,77.90241235862105,56.46826953188838,67.57082424164783
C0591,2025-02,77.65274068574121,56.165199789170316,70.00598495813792
C0592,2025-02,63.01533820004722,98.44281846591578,86.24472477525062
C0593,2025-02,61.49791237498339,68.2846756983916,55.65597283704725
C0594,2025-02,,66.48023059704254,93.92998778233112
C0595,2025-02,67.33841631862003,78.82260833816389,70.261370856407
C0596,2025-02,50.76563609038298,60.140019083915774,94.07512985157231
C0597,2025-02,68.93995049071,62.26501484038301,100.0
C0598,2025-02,75.97112861627373,79.83134815290846,83.738234404469
C0599,2025-02,60.34744505658982,57.66470785662255,84.06784634916356
C0600,2025-02,89.43358532534958,46.366306595179566,85.5217073459698
C0601,2025-02,97.25821564236982,60.97757489738459,63.460808239339315
C0602,2025-02,78.44938281184227,76.38511234756626,77.07751765760266
C0603,2025-02,84.57123294129161,95.20987530661642,63.968046349618966
C0604,2025-02,47.9279366740291,72.869806131717,59.45647262787366
C0605,2025-02,79.11873648595962,82.00195226404068,79.17701604975126
C0606,2025-02,57.29720659608276,57.82484809132154,76.40508822088619
C0607,2025-02,49.35215637148693,73.48680327646632,77.95936622166812
C0608,2025-02,53.86319135261,50.57453568895931,71.60086366499098
C0609,2025-02,77.1683097263084,91.33573548878171,73.09382199902637
C0610,2025-02,71.06627123206594,70.35111193641347,83.49185877937093
C0611,2025-02,69.56969891155192,66.59542588453081,59.32642992373525
C0612,2025-02,55.30205491187226,76.58096193458609,73.36128717718968
C0613,2025-02,76.32847728790084,64.08270819673123,90.0570889739882
C0614,2025-02,63.79708664658226,62.784084791962535,82.17436577054065
C0615,2025-02,77.45387932480705,57.57641538671764,73.21826691406551
C0616,2025-02,71.61975558065191,100.0,45.98252498945285
C0617,2025-02,52.34492221572913,71.19132721189594,70.48070196721402
C0618,2025-02,60.45114191733959,61.70385092029615,99.82937995471875
C0619,2025-02,82.5253900581724,83.09993709876967,69.18429003552822
C0620,2025-02,90.80854154402827,,76.99041639755721
C0621,2025-02,59.538628818171276,36.84465455388843,77.32808169828988
C0622,2025-02,65.8909599202949,100.0,80.99862811193617
C0623,2025-02,71.05266257159064,66.87855337179748,65.48602178445657
C0624,2025-02,89.15914780723823,56.287879028248135,82.12818199938174
C0625,2025-02,83.2782031029167,71.3099616934469,80.84177139550604
C0626,2025-02,56.659937884638126,63.395996556869214,46.742450891221694
C0627,2025-02,80.97416102537971,63.17876756513053,33.92192188741519
C0628,2025-02,91.28591869250515,72.39514314861205,63.469841230592166
C0629,2025-02,77.18575762589606,41.444247133820085,53.99345897965867
C0630,2025-02,68.89552533333209,88.8871676852275,82.38539978288205
C0631,2025-02,90.287923318424,90.9845888809034,70.79809735196136
C0632,2025-02,76.45908662909552,43.869123504303126,78.92105637771579
C0633,2025-02,71.99264893341237,79.90653350370268,80.73621723521039
C0634,2025-02,85.2242809174409,55.98806265647126,55.63449334154896
C0635,2025-02,78.60820282018842,68.97735340344266,71.19887281902342
C0636,2025-02,75.3412945413057,76.89199900568315,63.91243292303622
C0637,2025-02,93.24836556264799,92.54053097134364,93.2013901046636
C0638,2025-02,66.93077347530539,76.27805398727692,69.30912843974936
C0639,2025-02,,49.43563900553775,91.35209211516795
C0640,2025-02,81.871968124934,,94.91753205786188
C0641,2025-02,94.39433738604279,77.38587069033147,68.56542284015207
C0642,2025-02,44.42351675067435,61.079642278946295,65.38130129279095
C0643,2025-02,81.62363680941681,54.704283872537594,56.221441343986896
C0644,2025-02,77.06934530142485,72.6343568259828,85.23163785612365
C0645,2025-02,62.807442862987564,76.28061122850491,66.78007684887953
C0646,2025-02,66.90160578085747,64.03967450324814,63.01724437469331
C0647,2025-02,85.19364528023632,73.35224571927773,84.00844450691652
C0648,2025-02,85.63931616821961,53.11941751859047,87.85193633046755
C0649,2025-02,58.14323713918151,73.95015802928928,56.43556298923919
C0650,2025-02,78.324131762323,41.96039889506898,77.48254401968869
C0651,2025-02,97.76633022065464,80.82431780706793,85.38453509075435
C0652,2025-02,87.39491571988576,88.99133162676412,100.0
C0653,2025-02,55.923321353403814,73.95978662939493,74.79832771952442
C0654,2025-02,82.17159678056998,,71.13047582310287
C0655,2025-02,60.10406300220488,78.74708104302397,85.48389409026655
C0656,2025-02,77.69036339910076,49.68139793361216,91.67125506882319
C0657,2025-02,65.54794529821467,54.27911891470455,80.02467561844449
C0658,2025-02,78.35665150962164,63.89229536094824,74.1035567669581
C0659,2025-02,66.00424213761517,70.12608482101763,64.96079154469797
C0660,2025-02,57.85050307497931,56.928975725584024,65.64531772736856
C0661,2025-02,80.41135635587473,53.638997494440105,71.76786598168535
C0662,2025-02,74.98778623969059,24.673661645823337,81.891159741508
C0663,2025-02,89.29566122851516,100.0,82.5243977323469
C0664,2025-02,64.67403282432399,96.29896528191203,
C0665,2025-02,51.14639931368288,55.7627974103814,83.08811923423514
C0666,2025-02,82.33579338409976,46.79629993276833,68.3348587873872
C0667,2025-02,97.34136045227051,97.58971735351415,72.76222132549155
C0668,2025-02,64.27216454178935,35.387765624857074,81.88220045122726
C0669,2025-02,81.26790793409971,87.97568067819012,85.85325893560898
C0670,2025-02,69.00986894523223,80.5645222925327,76.56221129800169
C0671,2025-02,100.0,66.66672191842402,100.0
C0672,2025-02,66.74732345762654,93.44518839880884,43.98854517069694
C0673,2025-02,76.42095647393123,63.734150663357255,89.55099391602651
C0674,2025-02,45.90327924892112,84.71276161774955,57.22136375287523
C0675,2025-02,96.89102711389151,67.96527124387188,72.61444684522436
C0676,2025-02,69.14659708694143,54.35898798547941,74.99530552207742
C0677,2025-02,95.21559402709984,100.0,74.29355023820638
C0678,2025-02,66.0280989415169,61.19879781746304,59.87090830037123
C0679,2025-02,75.5528113573383,66.98575234716805,54.41385984353751
C0680,2025-02,62.51862116022102,83.47924712916567,
C0681,2025-02,59.786917912414864,89.68902883950805,67.88297768114816
C0682,2025-02,70.2145036938435,50.27688016211309,74.47274337313074
C0683,2025-02,70.47532295227155,92.41255058516823,79.45880544583676
C0684,2025-02,70.58341418856716,72.73185017895639,91.24137077410994
C0685,2025-02,54.032872132460206,71.0534078546234,86.07337681936582
C0686,2025-02,78.19995502662358,68.60336543671696,87.17840572669274
C0687,2025-02,47.64027983046063,71.86980336382709,58.15504804974911
C0688,2025-02,71.39512901605607,48.343890069574016,90.81855298583659
C0689,2025-02,49.24379570361865,74.7575638845878,75.11384841527784
C0690,2025-02,86.03443592154716,73.70344691534177,52.07158850903059
C0691,2025-02,90.37204516975336,64.23266429063608,87.31477007830051
C0692,2025-02,78.72239129132937,70.55308920760444,55.334841748156705
C0693,2025-02,65.4813541183597,65.7958217708725,54.73933331396415
C0694,2025-02,64.46525531333026,70.75271103120674,96.11504219839318
C0695,2025-02,71.60419668980553,78.94728260402364,76.87443073445472
C0696,2025-02,75.56559614184117,69.89853587680204,58.819799929110644
C0697,2025-02,84.65272852955916,62.732619156317426,67.95481863721798
C0698,2025-02,84.25864508961259,88.15156788638818,92.68421026554249
C0699,2025-02,46.35545800489087,54.78434169229893,
C0700,2025-02,85.16529696202251,89.87299755695555,71.89454838501572
C0701,2025-02,82.44565812273034,68.77067247545179,73.0377022096908
C0702,2025-02,65.70685299268133,87.8636343856747,100.0
C0703,2025-02,58.29998798199007,91.76123692582367,48.101762514378734
C0704,2025-02,77.74425076345636,73.14504754920323,53.75823724566373
C0705,2025-02,74.72752829793285,83.09238121036842,61.82035970484322
C0706,2025-02,60.74471577934845,83.42872335315654,64.69114355106193
C0707,2025-02,75.55039101343382,74.74355771696251,73.37752966157488
C0708,2025-02,78.65981953720292,82.88470829882962,
C0709,2025-02,86.55659862083995,67.13862523168632,85.36423646076464
C0710,2025-02,71.39144675517356,96.19276693150599,72.38180213038048
C0711,2025-02,42.485956016189704,69.07923858847707,
C0712,2025-02,78.16076493419366,60.02461695529867,69.1871010208494
C0713,2025-02,49.58136626684572,63.301860926002895,67.32204219730143
C0714,2025-02,66.42287658557976,89.82172039192747,93.60647871971774
C0715,2025-02,58.144619490976346,59.552346528811775,88.16791005123883
C0716,2025-02,77.18631871699343,97.36042839227015,79.11478068035703
C0717,2025-02,55.88798999293583,88.84977137769292,58.33038841323466
C0718,2025-02,91.13476825698758,54.674196721729345,79.98449587902826
C0719,2025-02,58.60407985161441,84.27719027607777,55.68912193495537
C0720,2025-02,41.931887573762886,51.44443154380938,78.05811716108899
C0721,2025-02,68.9830585122864,57.54844042326269,90.24735075541362
C0722,2025-02,53.62886391662113,61.649674722852694,39.06668856858821
C0723,2025-02,93.48924826290019,60.283095781252854,71.94606432243573
C0724,2025-02,63.34009728684182,81.43205611869602,69.72706557884477
C0725,2025-02,93.37501758648332,78.50675572387631,89.04590164087804
C0726,2025-02,68.48081957670541,76.4917762765482,62.14469047597312
C0727,2025-02,75.51080119226796,67.40385849309594,59.695783930493285
C0728,2025-02,66.79131938340954,62.80853608872857,74.88338178090785
C0729,2025-02,100.0,65.23919520330045,83.78942602974504
C0730,2025-02,59.27418220637506,90.16969966950698,76.73784094027613
C0731,2025-02,30.730419996936867,64.88772596100056,84.97403564549757
C0732,2025-02,77.03401763315583,,82.02328990766279
C0733,2025-02,59.72786137616704,60.954220174918724,64.62062370694017
C0734,2025-02,76.42639649190555,71.31592330855597,72.22680250045477
C0735,2025-02,73.31911124586952,76.29705744719433,80.84216348293867
C0736,2025-02,66.50329495576098,89.86086546842844,60.34900334705545
C0737,2025-02,72.73718355127552,91.25034762156156,66.56202043801358
C0738,2025-02,82.50277278720485,78.89799139294797,53.214397769186405
C0739,2025-02,68.91576710969136,72.20676153108654,90.00907059687981
C0740,2025-02,70.77354738047953,55.34752911255909,100.0
C0741,2025-02,67.5161241575918,68.47560489190558,62.67389165257293
C0742,2025-02,97.92847549840707,100.0,82.11558671105504
C0743,2025-02,90.7550465627866,54.03003444427206,89.51029387543313
C0744,2025-02,57.494264947858156,66.39399230877923,58.958467906228044
C0745,2025-02,78.89914324562139,54.08131720552992,82.45463569972348
C0746,2025-02,62.22348032199962,58.68848300940846,
C0747,2025-02,53.65292523480463,49.02116550149861,65.53410224010433
C0748,2025-02,30.36720539288421,,72.38043847975293
C0749,2025-02,,80.09861677069296,96.85001769516153
C0750,2025-02,71.22233912266329,83.47281189398315,66.82437034303128
C0751,2025-02,96.30420681008846,80.20361754873358,67.19535094650811
C0752,2025-02,85.42832942912368,51.26322708340717,66.49387897270329
C0753,2025-02,81.34080435027732,44.57760169319824,100.0
C0754,2025-02,87.87129286005559,42.073734198937444,88.061573936544
C0755,2025-02,87.70323129016813,53.422509332616116,82.43803444777816
C0756,2025-02,83.71013124329119,57.68112027684221,83.38517266058128
C0757,2025-02,94.17308604932934,64.53213327032086,56.66954618416714
C0758,2025-02,58.15860955685862,77.28484389788521,83.0362662421956
C0759,2025-02,,67.11507499962711,68.49465501330378
C0760,2025-02,67.11015311040202,98.41674017372594,71.80969814396784
C0761,2025-02,64.76841800470667,100.0,67.61913611107312
C0762,2025-02,73.72097249559044,71.29153820431735,88.86026679459151
C0763,2025-02,97.65094085318022,41.25726439676399,100.0
C0764,2025-02,90.56510633963745,66.72219020225617,63.27469903618563
C0765,2025-02,89.96666542401294,65.54502012844247,87.88266456677728
C0766,2025-02,74.02560308217282,83.19920013978185,71.90889117158378
C0767,2025-02,73.35980833874584,50.81205897659578,86.01052358944575
C0768,2025-02,85.5298620859268,48.709386932186355,81.49284528213836
C0769,2025-02,83.24430502233429,78.61998951105127,67.55093692777102
C0770,2025-02,83.24792297395608,65.69090321579597,67.3359539130166
C0771,2025-02,100.0,66.6672781533104,74.76240859571645
C0772,2025-02,80.41660986044029,55.07217076012381,77.21857047259728
C0773,2025-02,64.16506338580778,65.83515884765289,82.26593261178833
C0774,2025-02,64.18139893886107,74.26370340333551,100.0
C0775,2025-02,84.40079525506107,31.12156902977116,80.4666096559249
C0776,2025-02,85.37976513066833,72.02981111172339,54.91539327564439
C0777,2025-02,91.00742008609558,85.545084553221,95.88330724993767
C0778,2025-02,,78.06568398111278,82.5420922162885
C0779,2025-02,58.81750147563859,100.0,70.67060456323463
C0780,2025-02,93.51214983034767,61.91843928370335,55.11369799913396
C0781,2025-02,94.70545665345657,71.57282744777459,71.46746589039883
C0782,2025-02,73.37074373474198,96.47241350960613,96.07976794557507
C0783,2025-02,80.56333309724684,73.42292383001268,82.66386103458495
C0784,2025-02,76.49446308068826,95.01453225988216,94.00275299565516
C0785,2025-02,70.11311176423793,85.50317540338239,94.62831186756185
C0786,2025-02,59.329726815808186,74.99337818890089,78.3992125123658
C0787,2025-02,,,26.890615137308558
C0788,2025-02,56.01711288954816,70.36374798784973,63.11384439544138
C0789,2025-02,66.13205354732747,70.97994582746065,51.08660268845346
C0790,2025-02,97.79250958121006,57.328216392575534,94.83079915123983
C0791,2025-02,83.1007677620318,85.34670835300682,84.72483637282339
C0792,2025-02,82.19662795560767,100.0,73.31759759777077
C0793,2025-02,,43.09742135327137,66.8932554044797
C0794,2025-02,56.151281753013116,94.15257549043983,93.98570879177035
C0795,2025-02,77.19775170542113,72.15378621060077,57.62612910629896
C0796,2025-02,84.13144246543241,91.08637979597758,57.491632657828745
C0797,2025-02,81.27593872271717,57.574390350125604,49.211146971226185
C0798,2025-02,67.99211954160938,67.59621566305238,74.79856524191722
C0799,2025-02,67.42493563022244,90.38371498425315,60.60853809604641
C0800,2025-02,83.97754924217396,72.39706632081214,90.66347973317659
H0001,2025-03,83.46427582585073,82.25055681253562,48.15110668278031
H0002,2025-03,,70.1860706722107,77.93014758354141
H0003,2025-03,65.91285843019328,85.16822684622508,75.27659366167963
H0004,2025-03,67.64746703615977,81.60688812727952,62.86267048393504
H0005,2025-03,71.42333324141343,86.65131804731169,100.0
H0006,2025-03,66.36787369046121,88.27060705367411,61.86515050615862
H0007,2025-03,79.16705890308732,60.01245844271696,91.01258702856654
H0008,2025-03,43.53712133835906,70.90635890069827,80.5590846388195
H0009,2025-03,82.40918900128393,90.08374649431485,78.69374542092837
H0010,2025-03,50.05106150029371,72.09742491714397,100.0
H0011,2025-03,84.57421437079739,62.39184853924308,
H0012,2025-03,87.63887249134781,53.11514254961503,60.848012100057616
H0013,2025-03,60.747272944368916,84.85492417002021,64.92534825753448
H0014,2025-03,63.17597791254102,61.60335528824531,60.07574965894088
H0015,2025-03,87.2657681467811,69.83278845014834,76.42948285966537
H0016,2025-03,72.10742903675182,96.25828661579405,64.06806930666676
H0017,2025-03,63.70091152466252,58.29557020957775,41.20660208443505
H0018,2025-03,66.53924059841995,92.84298473575603,67.6342176556875
H0019,2025-03,100.0,56.42217957651727,87.36378239306339
H0020,2025-03,69.07343415256649,92.37338889904379,94.68882451750811
H0021,2025-03,80.00708801635682,72.6374289049899,83.73115171695324
H0022,2025-03,83.46791349321309,44.09749447607537,70.76855690649464
H0023,2025-03,93.04187830355464,48.53792203041324,85.26803065405475
H0024,2025-03,100.0,56.327171793355916,100.0
H0025,2025-03,47.696310271033674,73.21671411332863,80.23705625598767
H0026,2025-03,96.9720827418612,91.86580869573572,75.57576733583383
H0027,2025-03,75.7747180973166,77.06806516096003,98.28707110007755
H0028,2025-03,63.52100932941653,61.407057234604856,66.70493512603102
H0029,2025-03,91.9719551464818,98.69925315864845,88.13445661709123
H0030,2025-03,57.648558951268186,66.11387337298889,22.38258559437221
H0031,2025-03,92.44275463948495,56.74637259412514,67.02309891462576
H0032,2025-03,68.11387142122749,68.6052384204146,38.280863928685434
H0033,2025-03,91.23199029143474,73.48765923549054,85.9758334090326
H0034,2025-03,86.83139011071792,59.97287154042394,62.91620751135583
H0035,2025-03,54.01568597945996,83.00729385939414,79.232979652012
H0036,2025-03,57.17389791866955,,66.63626331206297
H0037,2025-03,81.87845883554623,63.62147735048573,70.50541231787939
H0038,2025-03,67.32186724230316,80.94150424318116,62.47015330126773
H0039,2025-03,84.6113991687702,78.79603848771268,82.1445808649695
H0040,2025-03,70.34991768899091,83.23624865334688,
H0041,2025-03,64.94407572255028,86.5568800637919,62.16992549294231
H0042,2025-03,80.9001767300356,62.64513736720581,73.18868590604785
H0043,2025-03,44.05688638967088,68.23253121696828,61.22499333599393
H0044,2025-03,61.092428191962895,41.09597448503765,71.01887418298534
H0045,2025-03,60.60094827759596,74.39317947334685,66.3646790267087
H0046,2025-03,36.001907556926554,70.16694233621848,59.59888135533738
H0047,2025-03,78.89580379386888,67.6076052128685,82.63807031517405
H0048,2025-03,68.22996321482493,62.2648788479206,88.82739337853556
H0049,2025-03,77.02161505695378,87.65447401840737,48.59039356084357
H0050,2025-03,90.1087704253216,57.677980619312166,74.61764050090122
H0051,2025-03,92.23418133361832,95.60000990848916,100.0
H0052,2025-03,85.88196763364137,47.477987956064844,92.62279142666908
H0053,2025-03,53.551956932942055,68.89552982617022,100.0
H0054,2025-03,62.85381348288763,36.14324237924202,
H0055,2025-03,49.621702294318524,58.8852145047244,66.93838408752406
H0056,2025-03,62.67506979762179,76.5098363313379,61.35469531566637
H0057,2025-03,93.48230624597308,74.97112363470535,
H0058,2025-03,76.2019801925148,,74.5885548561765
H0059,2025-03,91.60423375472668,66.88197797513592,83.97726097859406
H0060,2025-03,57.79480015346431,100.0,68.2896962748321
H0061,2025-03,71.84270766160473,70.489143258945,63.431305899381066
H0062,2025-03,82.72421417278372,100.0,59.55568948261128
H0063,2025-03,59.305334464390135,94.94953747401027,69.58574277760536
H0064,2025-03,74.16359105034775,63.82656718594254,85.03220680238587
H0065,2025-03,85.41882749580247,61.338250699559254,
H0066,2025-03,88.28273022112799,97.19986463145727,91.96783037115647
H0067,2025-03,81.23684057628353,,77.819951165151
H0068,2025-03,76.9869725022976,97.21533778163815,87.94926265054747
H0069,2025-03,78.61872155155378,72.49855694978253,54.28406658002187
H0070,2025-03,60.254510974044265,33.32621361834625,89.78608746286633
H0071,2025-03,100.0,56.673984181616085,93.15763665752885
H0072,2025-03,54.84331913711476,66.00231642690035,98.07944999379936
H0073,2025-03,90.34175822789095,60.88144511463835,100.0
H0074,2025-03,48.69524392884952,61.28317279534002,57.03524875309793
H0075,2025-03,71.75368726976768,49.006749394007336,88.10728260589441
H0076,2025-03,83.46672964486467,74.91362561129955,71.55136133212359
H0077,2025-03,66.63277452235737,98.49211751904788,68.40325134631337
H0078,2025-03,53.637763024201774,95.81929043358876,67.97473309116279
H0079,2025-03,60.03396642413387,87.80093835349402,63.095912310629686
H0080,2025-03,69.93586549535826,67.61879927729214,69.95839049902031
H0081,2025-03,77.16783186931256,91.3893439005562,67.24189610459827
H0082,2025-03,74.1065936544551,47.73098513198816,81.69249963772704
H0083,2025-03,,78.1202738649923,80.65753061067849
H0084,2025-03,84.39541600511511,100.0,96.36342222082499
H0085,2025-03,88.89693219881097,88.77177632013544,86.4533182688086
H0086,2025-03,72.30520976862562,50.158471718664,76.35773111921546
H0087,2025-03,80.96214216920977,59.06823315868051,85.58495817248577
H0088,2025-03,56.86471851493408,59.9188778173125,87.49337689690536
H0089,2025-03,53.05567424783487,55.453101911913,83.48655571408653
H0090,2025-03,67.62019696175898,65.92540267891778,
H0091,2025-03,100.0,73.16574157577627,100.0
H0092,2025-03,72.71638858488305,66.18851237063637,62.963995547299106
H0093,2025-03,86.79352092171086,57.67901305331942,87.67019172320191
H0094,2025-03,93.07570341483354,91.35835159475374,77.8115372912916
H0095,2025-03,74.20486054051018,72.94664397635592,52.611765311690306
H0096,2025-03,94.88299966267078,48.31079800579265,47.31636787522599
H0097,2025-03,76.6595346669228,59.35095498449182,40.41222708199787
H0098,2025-03,89.59424860936137,62.395282055260694,73.73961747093313
H0099,2025-03,79.59089733790097,44.869269692730086,51.606326095036394
H0100,2025-03,78.66056707584677,66.07484211818456,72.60090225937847
H0101,2025-03,91.46577087491141,88.92399615205497,72.72752730816988
H0102,2025-03,67.34347963988368,67.14923599191025,65.80188629751642
H0103,2025-03,82.89745729999952,72.54766878332515,73.31004351747197
H0104,2025-03,75.23425463279082,79.69655472240446,86.57719332331826
H0105,2025-03,74.8687742803583,60.33373046917455,58.58219452978314
H0106,2025-03,81.22614358550241,50.809751332224835,71.23414554958512
H0107,2025-03,80.1020466655224,83.68136220038636,40.60577589562503
H0108,2025-03,75.04243045731431,72.6666342311171,78.54999251715083
H0109,2025-03,100.0,49.83510461546825,98.3578159377531
H0110,2025-03,,77.90342702089218,85.12270876392606
H0111,2025-03,65.96313030133676,76.78058242042661,69.79863925525137
H0112,2025-03,78.8447688544095,47.759038699591265,71.12226932322838
H0113,2025-03,76.69113612967699,35.262261958809894,100.0
H0114,2025-03,67.34256972879754,61.21660334075447,83.23167742211442
H0115,2025-03,69.84865347366812,100.0,75.75961399844071
H0116,2025-03,71.22498264707484,100.0,81.31131773601295
H0117,2025-03,79.6539796786223,93.55716204427655,62.87063207287492
H0118,2025-03,57.50309463953646,58.041274258585105,69.78427787842587
H0119,2025-03,85.76482826680859,61.5618100351264,65.43749261745356
H0120,2025-03,69.71724616266721,48.57357306951977,84.55972313676307
H0121,2025-03,60.03877462954383,52.391980082354124,59.71119281479554
H0122,2025-03,81.02753169291861,80.53248742176709,64.78976874817802
H0123,2025-03,79.53839602396944,99.87442804646489,79.86649022188816
H0124,2025-03,83.5899540731015,68.47165802188579,35.4558784839765
H0125,2025-03,91.8123312138076,64.5190139107088,62.70838372464137
H0126,2025-03,99.06792595756188,55.42075718250153,57.853110825832246
H0127,2025-03,80.2524359339949,72.75560503775944,79.9056444428628
H0128,2025-03,,,77.31885097803371
H0129,2025-03,75.93229546508377,52.08467954632607,100.0
H0130,2025-03,69.24365327942341,73.87423688244473,58.1068059539801
H0131,2025-03,69.42414838942499,61.16763239993824,52.18069622558614
H0132,2025-03,,60.18228853477525,87.86089563915608
H0133,2025-03,54.374202706546015,72.86168467068443,63.84110521765197
H0134,2025-03,89.37759778096685,41.50445674799274,77.34687655353672
H0135,2025-03,80.6769922356571,48.03427702008931,
H0136,2025-03,98.71065936971183,76.53078963689303,84.37045060904765
H0137,2025-03,64.07793608607817,54.379483411035835,79.00299251075236
H0138,2025-03,94.6624136463516,72.09286446815054,66.64029159831406
H0139,2025-03,89.95834477417993,61.84010140715941,74.70449661466571
H0140,2025-03,62.405682129049595,77.00723306928658,66.07664035436228
H0141,2025-03,57.59777326440433,43.959617439260384,71.39993421734465
H0142,2025-03,82.11267019424852,61.07764770441452,68.31898271699204
H0143,2025-03,83.89230836475276,98.23702120010313,95.36847943730294
H0144,2025-03,88.59040687762196,80.39801519798984,
H0145,2025-03,66.56561125927405,87.01041394849405,66.1864595401945
H0146,2025-03,100.0,73.84290270821543,47.49676298002382
H0147,2025-03,64.85836349519883,57.34069277649189,61.96826533563751
H0148,2025-03,87.46604925334326,55.828982345194305,77.73746502898081
H0149,2025-03,51.37565536701008,62.04213707154972,70.94089351609902
H0150,2025-03,61.89160623625136,59.08072079253557,65.57181091180249
H0151,2025-03,89.32370527199592,94.7755924619671,85.6628841698177
H0152,2025-03,96.97521229293726,65.4901757992953,89.81782837660275
H0153,2025-03,92.45588780965747,51.37243025649725,61.727320645020924
H0154,2025-03,70.33746861148143,58.33710197987163,66.79221505815276
H0155,2025-03,62.19701790774812,81.79485862513928,44.66441599530604
H0156,2025-03,91.80571058726059,46.432835534957796,
H0157,2025-03,77.25278404217651,94.18923528246277,100.0
H0158,2025-03,93.45115707304922,93.07522780365024,65.55583752073588
H0159,2025-03,88.29890058947045,55.32805659676272,64.26443442800124
H0160,2025-03,80.90647929257403,78.57571917640838,69.94813637456427
H0161,2025-03,68.85359512376348,,81.44282541043452
H0162,2025-03,,56.6093093348743,78.0432059557989
H0163,2025-03,87.82032439127872,69.61234668616277,81.20573569859853
H0164,2025-03,,68.77107902412861,53.17086823484021
H0165,2025-03,98.5632997077835,74.50920409162754,68.85899118702702
H0166,2025-03,85.5885877616784,96.97898094907546,84.08915928162048
H0167,2025-03,79.51611705380066,64.1873609790793,51.69146637732709
H0168,2025-03,96.31069039991354,46.51672680803462,51.59742951781954
H0169,2025-03,67.52824291738385,44.51929617183487,65.48789104869873
H0170,2025-03,82.08083231552877,58.67914159440261,74.72946781924223
H0171,2025-03,62.712458365517364,66.24522049979889,81.33916265744725
H0172,2025-03,88.7288646773676,91.50039636081354,85.19923892905328
H0173,2025-03,100.0,48.67119035186851,64.43318425891233
H0174,2025-03,79.22639887025825,69.75248312123321,45.611760173805735
H0175,2025-03,52.16521862251136,95.53204846984325,96.6270366450068
H0176,2025-03,92.6784740740248,81.04457753028909,94.31791943292578
H0177,2025-03,95.61753787824318,50.558773187682235,65.00416218982774
H0178,2025-03,64.35787132063685,73.413705967136,83.45211250017978
H0179,2025-03,68.31823041601558,72.84084077138334,79.13463803758829
H0180,2025-03,87.73009574365284,89.64905718196539,68.54005109949948
H0181,2025-03,63.037791162164105,83.34373542586772,100.0
H0182,2025-03,56.11918445004174,71.55657777751775,59.177678983005706
H0183,2025-03,62.31138633707112,79.38926880964655,51.061177781013775
H0184,2025-03,73.14589647677411,75.81609890696718,78.85362752096633
H0185,2025-03,84.98908309378336,57.6860969392214,63.02446354193759
H0186,2025-03,,82.89538807789619,75.73143687767451
H0187,2025-03,86.74908917893073,57.91179424833574,66.17944283034556
H0188,2025-03,85.01368970628728,78.25995757509847,63.591154199254866
H0189,2025-03,93.48538048466291,81.11295665371597,68.48055768905759
H0190,2025-03,91.55514092580911,52.28566850429358,51.1680675997321
H0191,2025-03,60.870687331140715,68.22728849148044,50.573775604643515
H0192,2025-03,74.87971151564805,100.0,73.1011100477982
H0193,2025-03,96.84825105954901,95.8629898835051,82.01463109531807
H0194,2025-03,76.06719178321556,72.31409587047712,42.39571464528838
H0195,2025-03,69.9013397374664,69.80942523349698,81.24514984497661
H0196,2025-03,74.0398302602845,70.4803673888023,69.2052744411431
H0197,2025-03,86.68449928898698,59.05918269409045,77.57530683635608
H0198,2025-03,69.25099259869629,68.52699552674326,75.13897783924963
H0199,2025-03,95.30579229648778,95.64095300209817,91.27539514347315
H0200,2025-03,76.57509263828794,64.99167090576128,74.51242104718384
H0201,2025-03,96.59149852727343,50.7791060536195,48.43630058913568
H0202,2025-03,88.42279749182322,,99.93837748834298
H0203,2025-03,64.69402636497901,62.09498303765068,71.53858960611393
H0204,2025-03,89.1111944362606,58.1509737404366,77.96711152235706
H0205,2025-03,54.67790859474677,69.84523066353289,69.316398812472
H0206,2025-03,81.16251949911715,70.8743788808332,98.91561621705128
H0207,2025-03,77.3934622654398,74.25893776321482,56.88912943876494
H0208,2025-03,49.30609236677031,76.5093527408927,50.03561941266544
H0209,2025-03,51.61570197129229,77.82410222952316,63.5887606490916
H0210,2025-03,93.07420673291658,79.35060141785463,79.99812669505371
H0211,2025-03,71.41619160436873,69.63121137845306,58.95304597873256
H0212,2025-03,72.91923096932439,37.70419553313782,57.17608215604743
H0213,2025-03,71.23548192070115,72.38787665962442,56.54547856598039
H0214,2025-03,92.25773929575422,,85.35072753868161
H0215,2025-03,55.84956256348681,61.13400286374384,80.16730695732288
H0216,2025-03,87.98523650182497,60.658758578272305,
H0217,2025-03,100.0,81.19892106621145,66.14130155715512
H0218,2025-03,66.26648928502887,44.77151240330785,74.39498563125801
H0219,2025-03,61.08098928457039,67.13436721495961,83.88787043601445
H0220,2025-03,79.82600799948521,68.55449553073109,60.239402973258464
H0221,2025-03,82.68222704615478,81.58338957517361,86.60854169434648
H0222,2025-03,55.51469429727911,,77.92185513832551
H0223,2025-03,70.39582708657254,79.84775371564261,92.73576997395247
H0224,2025-03,98.5381020250316,74.95051886625517,89.33867491434304
H0225,2025-03,100.0,100.0,51.1426739991857
H0226,2025-03,73.64352151167334,64.74753674633689,65.31914391102373
H0227,2025-03,80.40470222689177,100.0,41.46800825104865
H0228,2025-03,77.82263151045373,60.095845137029286,42.03846948321597
H0229,2025-03,32.70869280664633,79.7082222014252,54.85277062557701
H0230,2025-03,68.45059302370957,99.41939579621582,97.007906766493
H0231,2025-03,79.55048131206912,73.38608980857524,77.91806350449737
H0232,2025-03,100.0,67.82644223850062,77.87871276492136
H0233,2025-03,82.03458669455654,50.481865518870265,
H0234,2025-03,94.70087092929242,100.0,67.31395681989883
H0235,2025-03,68.9391477186696,63.96617742781997,79.55985217481592
H0236,2025-03,80.3819089444254,92.82697840483041,69.42449420047204
H0237,2025-03,59.561925959948965,57.68154102513725,67.70190859193414
H0238,2025-03,54.049904506763404,48.552823985591914,80.48932276071204
H0239,2025-03,61.83106223570968,63.96389962058585,59.534110198639226
H0240,2025-03,69.60110512078808,75.15200222799544,76.55291591263979
H0241,2025-03,70.25704168407846,69.7990131372153,73.12044196795854
H0242,2025-03,64.1141271193281,58.99583922652683,44.54598871757801
H0243,2025-03,46.54480274177605,69.19835594456048,61.05587679756802
H0244,2025-03,80.99906460429415,70.5280774645548,60.044368141844814
H0245,2025-03,62.537245342323914,59.1955325056971,65.86387165892806
H0246,2025-03,,64.04911649468482,80.32377103509252
H0247,2025-03,61.47311451678675,52.117553726944436,57.15833534480355
H0248,2025-03,85.27182451853231,81.58096241035852,56.3905439950839
H0249,2025-03,49.12755762049243,50.58781415274084,82.47484925521502
H0250,2025-03,,65.63316715374218,86.18082293581926
H0251,2025-03,65.24018281868132,78.24562198531268,85.86400242140147
H0252,2025-03,68.50652537958595,81.28038920560766,55.87250514676848
H0253,2025-03,75.64336504793928,55.50724935601945,60.95924280878429
H0254,2025-03,76.3776882103267,88.74709337616912,51.44637413592257
H0255,2025-03,94.94127258815772,81.72040672981541,36.1142937327026
H0256,2025-03,75.3308805724812,75.21754694075308,47.27777399992408
H0257,2025-03,90.39169174676084,68.6174371707885,61.62368849272412
H0258,2025-03,80.34444259785228,79.39044553131144,76.18858115965645
H0259,2025-03,,83.34232921227036,
H0260,2025-03,69.8351443911982,100.0,69.68356878571683
H0261,2025-03,52.16436253948923,46.056889465401575,95.7777130931552
H0262,2025-03,100.0,,60.18517759944908
H0263,2025-03,72.83972441879776,85.40191913864257,94.92452014188652
H0264,2025-03,49.679002525225954,78.44522348045322,61.85287564542384
H0265,2025-03,58.49095195483008,88.10280238661898,79.99426562182823
H0266,2025-03,51.18597561791394,87.59374719738422,76.3004164509049
H0267,2025-03,64.32839000665753,79.32200824389642,92.05443546347476
H0268,2025-03,80.40959804181176,70.0767706979943,94.69921300932928
H0269,2025-03,47.212595003960175,42.447747868402125,60.8323483665213
H0270,2025-03,93.88715329304094,100.0,40.75214358949227
H0271,2025-03,69.81697262294709,41.203250465973824,
H0272,2025-03,69.12095640797062,81.85759673194022,77.95752744907138
H0273,2025-03,75.66030111904094,82.3587823859425,76.49250058860356
H0274,2025-03,,47.44706909362273,100.0
H0275,2025-03,80.28677767069004,100.0,78.40005633162517
H0276,2025-03,48.52154700549084,82.45198891271372,76.33915204449616
H0277,2025-03,96.68890692307393,80.19888320341086,55.60380109229972
H0278,2025-03,57.6222114349668,51.76414733870679,64.22092715418407
H0279,2025-03,70.90655526573336,96.13181764465371,78.55594950263995
H0280,2025-03,58.57429056181995,93.77019253228656,72.85470348407469
H0281,2025-03,89.37027597191974,76.90808386031841,75.07487014231941
H0282,2025-03,59.3157127092104,100.0,94.10893220543318
H0283,2025-03,93.05106579291962,77.10503666492079,63.22561939442576
H0284,2025-03,100.0,,81.27704201050236
H0285,2025-03,54.45545983249402,73.13318196123,64.11139665719354
H0286,2025-03,44.537330747617276,83.05092595963977,100.0
H0287,2025-03,69.30339565493735,82.12254277647338,61.690898058528006
H0288,2025-03,73.94228923179047,63.229717368393175,100.0
H0289,2025-03,72.08358556734561,56.86846397174712,
H0290,2025-03,72.02553700718076,,66.22807524611493
H0291,2025-03,79.07780896623501,80.4756330484044,68.85050715770836
H0292,2025-03,82.45467682575135,74.44978968082165,60.29709386204395
H0293,2025-03,49.01625994109424,55.79823318120382,57.552934984985086
H0294,2025-03,,73.03413075722956,99.17464200489397
H0295,2025-03,88.50757795863751,50.2471703565964,
H0296,2025-03,74.6978471962137,62.81999891788108,86.18372768870576
H0297,2025-03,68.24198312340668,38.66042549896668,61.646988674082145
H0298,2025-03,52.53528391976088,71.22213316283363,80.51914439372855
H0299,2025-03,83.80363941309923,85.04439647817932,75.23105460808533
H0300,2025-03,72.46953793140483,72.08593101082657,61.630682420905444
H0301,2025-03,70.91467827315094,76.29538288131121,100.0
H0302,2025-03,88.84555361960258,76.6550264364322,
H0303,2025-03,58.971324091675044,80.18841982917967,74.52734542243738
H0304,2025-03,89.60124240055754,81.53855611736607,81.10745263668731
H0305,2025-03,77.90013199482875,82.39315569466707,77.84490714349845
H0306,2025-03,86.63605537903184,87.43968728122354,63.280556659514595
H0307,2025-03,67.29483000745095,44.03102757153325,61.12959886719151
H0308,2025-03,93.8630881966044,87.2037067134327,80.66026162564911
H0309,2025-03,35.29090779211279,69.98689707117599,63.35010308979396
H0310,2025-03,55.42973108970554,65.7613095225782,91.6193661397631
H0311,2025-03,59.79671642694077,40.329823689707524,75.8159116321823
H0312,2025-03,62.293238352377045,,69.85046367495005
H0313,2025-03,89.1679915478162,64.33175229255903,75.14459399836473
H0314,2025-03,40.91764482104024,53.127586921209605,75.65360025021273
H0315,2025-03,84.46318622632337,86.37439371030128,91.35990199947001
H0316,2025-03,75.22666925065906,85.97248262138335,81.10536444600012
H0317,2025-03,53.63480204202532,91.80889840181234,72.07502019892026
H0318,2025-03,97.5361721003527,69.08241637696418,86.2534972951534
H0319,2025-03,57.17000559597814,85.31586477805335,54.324973330698676
H0320,2025-03,86.81359277890991,47.65071101896122,65.6597218551717
H0321,2025-03,89.0297015427687,100.0,67.88334575157985
H0322,2025-03,46.95931023116566,100.0,59.61023954518163
H0323,2025-03,61.87664348613254,61.98461823222591,86.96700069532035
H0324,2025-03,94.02108702994465,99.4034684010463,75.0946312104583
H0325,2025-03,76.46031069220076,54.218096436796486,56.62680193492459
H0326,2025-03,83.74267771515396,62.219707647434774,55.308600568210025
H0327,2025-03,73.87404856710658,71.47615338434068,72.22256108258914
H0328,2025-03,82.70980290130217,56.177741942324104,81.16116814384652
H0329,2025-03,57.92061457217709,83.0828893405145,75.63803833029168
H0330,2025-03,83.82276433362642,90.06449538635087,100.0
H0331,2025-03,72.98638024324597,51.15995668617889,71.84841043103523
H0332,2025-03,74.08772936874502,,67.68256838176592
H0333,2025-03,53.02113484549153,54.57206152012733,91.10569925499688
H0334,2025-03,48.127668973668946,,74.16820126010815
H0335,2025-03,73.54886060502218,78.86035486036995,
H0336,2025-03,88.74076347223328,59.66778802491524,92.369592575487
H0337,2025-03,75.69671284574127,68.65670980193151,67.01078910145519
H0338,2025-03,58.02591215281528,71.63147929384954,62.189552582925245
H0339,2025-03,74.79093873231501,64.94750723662177,87.57660079787965
H0340,2025-03,68.76823647291035,44.2305026524963,59.86144063879537
H0341,2025-03,63.708216771528676,86.18432519315675,67.55367376267041
H0342,2025-03,75.77627302742604,80.42524059637978,40.27651461211151
H0343,2025-03,58.80752277222457,82.25576354976293,69.4819877457408
H0344,2025-03,65.86087609426684,58.07372067988436,96.94856017783741
H0345,2025-03,57.43944295399535,67.3877434642232,72.58792208341015
H0346,2025-03,61.4558967986071,44.27940305317857,46.6325056268208
H0347,2025-03,95.5060111484527,100.0,100.0
H0348,2025-03,68.05378472535287,55.309535959578994,67.527406574034
H0349,2025-03,68.43284163831757,93.62874314636815,75.15818936658201
H0350,2025-03,87.5397653858404,62.44067945035236,80.6509230869735
H0351,2025-03,84.43778345730402,72.83796861992565,82.15764954070357
H0352,2025-03,70.42023029312512,71.95033625425162,83.8575378991868
H0353,2025-03,89.66541600768151,64.14391694721968,69.23794106866141
H0354,2025-03,,76.56677878200469,70.90974388548507
H0355,2025-03,80.61138817992092,60.40330165252616,59.839632772852546
H0356,2025-03,72.71991813725998,46.23087171595511,57.37035097945983
H0357,2025-03,,70.16290902579082,69.11207555398613
H0358,2025-03,80.11070944338503,87.63255577137845,94.0926651078272
H0359,2025-03,73.01652914856702,72.4963691560852,57.19272557077993
H0360,2025-03,82.09479457011544,58.03743341740698,54.0985751717125
H0361,2025-03,84.45953514714057,100.0,75.33485206546568
H0362,2025-03,53.16930253612068,74.3538443758576,90.35718053321239
H0363,2025-03,63.33728740520819,60.330744537590675,64.63622512572411
H0364,2025-03,87.5140799060591,100.0,59.24514879499128
H0365,2025-03,47.31133728841285,44.73844065654443,78.83622301611388
H0366,2025-03,59.02626452669078,58.23808950896012,76.52285303216807
H0367,2025-03,94.73968908656734,87.62945309334762,95.00935959802453
H0368,2025-03,66.92550600378085,55.03543012673861,89.29907879634602
H0369,2025-03,79.58040505574692,86.82321628299161,
H0370,2025-03,77.08279013605049,83.09764144478108,54.928143091035494
H0371,2025-03,81.50209020760977,100.0,32.3405566697474
H0372,2025-03,70.82259173214152,93.34277487365488,79.90792148799338
H0373,2025-03,68.91015043398059,64.63260522101945,61.37597112919687
H0374,2025-03,100.0,61.64237209802201,100.0
H0375,2025-03,57.12578320173496,56.96917174911867,67.14673330997228
H0376,2025-03,63.26001444170707,53.128512061164216,66.97844863723155
H0377,2025-03,55.387141670412596,75.92439517357121,60.12282636405915
H0378,2025-03,71.50563818385118,43.966096275622206,74.6262307288779
H0379,2025-03,58.67649495486627,72.18520375042577,90.89453069328277
H0380,2025-03,94.92403019374296,44.60318359957614,44.56475069101531
H0381,2025-03,94.33302219341954,74.23433341100483,87.90216651066746
H0382,2025-03,70.82979956418023,60.559158148519344,40.93981288754336
H0383,2025-03,59.27945878865786,81.79208341998572,68.1605882757525
H0384,2025-03,99.15641479917645,28.527241592142808,56.40141692117578
H0385,2025-03,64.70410974561221,88.72022071782554,58.89981305524389
H0386,2025-03,75.58046250255438,70.73442784333041,50.73272350609635
H0387,2025-03,76.52501468996175,61.8983422013025,76.3121296540456
H0388,2025-03,58.151028392208566,78.3286309726494,64.24013151334808
H0389,2025-03,72.13296752453631,83.57772658518321,85.10152697168151
H0390,2025-03,100.0,52.04554497568539,84.73797847149108
H0391,2025-03,75.69789368159338,72.44684580730409,66.78464196723408
H0392,2025-03,,85.65674156285453,84.54705900011594
H0393,2025-03,86.73718305288979,48.116731890040384,75.49866745205259
H0394,2025-03,80.19204597422684,75.66943255145999,66.07365033913706
H0395,2025-03,89.00945036868136,92.39412538793746,87.68979534065011
H0396,2025-03,78.44360629294277,71.57191995452301,92.03829514663356
H0397,2025-03,69.88080312941577,62.26142030453507,89.66486070070165
H0398,2025-03,100.0,53.83911138455964,50.90202234146751
H0399,2025-03,62.05939414025249,50.62407263427339,70.28171100628535
H0400,2025-03,67.92132391351885,,91.85682224836937
H0401,2025-03,94.75635109112523,85.91794227556932,55.89993063967534
H0402,2025-03,82.77947646792127,79.11680557954179,69.24146878144029
H0403,2025-03,66.46473203848514,63.68188800363741,59.83604236664557
H0404,2025-03,70.7930430804479,62.56293937592289,80.51281064168005
H0405,2025-03,74.02383615867227,62.19939205567354,100.0
H0406,2025-03,79.34180571671737,91.39063747752917,73.62828508049645
H0407,2025-03,74.76653838134064,48.22421611750346,71.01036155597978
H0408,2025-03,62.981499624528645,,100.0
H0409,2025-03,86.01144190163515,65.78360515391864,78.2417596400786
H0410,2025-03,74.09686961018481,81.1428963735192,62.50922908116543
H0411,2025-03,84.72777443608648,66.11825581580983,46.32657251462688
H0412,2025-03,71.89666488265254,46.53755077591788,84.76446144488962
H0413,2025-03,56.62377423353694,100.0,58.627710935389146
H0414,2025-03,75.03690918019346,68.28677366707595,
H0415,2025-03,91.30017950478607,77.33408669971253,82.63551758693227
H0416,2025-03,83.12583119529002,52.29240977618766,85.62798292741473
H0417,2025-03,55.328056323841324,69.28375908573138,51.341745757935485
H0418,2025-03,77.41417607188895,58.327942923099826,55.61666596348047
H0419,2025-03,65.97429851495014,67.70390161420642,74.25055804243569
H0420,2025-03,71.57904909472133,37.13901406750813,45.33323241790223
H0421,2025-03,79.047305665689,70.66052788216686,80.68650166355718
H0422,2025-03,76.41282449787757,90.07555070926844,58.16769908145967
H0423,2025-03,87.12273227890266,,72.17292486370984
H0424,2025-03,83.0235321350271,77.36104548985558,66.95700124559185
H0425,2025-03,77.50554079957591,52.42099653751121,82.69313171062407
H0426,2025-03,68.84106584348602,97.34423959063449,64.26724569694825
H0427,2025-03,92.08278713547872,58.59286522350979,87.01129400223684
H0428,2025-03,94.7871419644957,67.71468766823018,89.6590145566956
H0429,2025-03,,57.922798247142204,71.83163265744072
H0430,2025-03,69.52348971700248,57.90597679604947,78.04529626818272
H0431,2025-03,68.9712883627183,96.50407984143249,62.26471305105345
H0432,2025-03,84.030489940491,92.94066369294472,54.37599705669146
H0433,2025-03,75.85865880304074,63.06488080768857,53.18754242300515
H0434,2025-03,72.64512227697244,100.0,75.5182101966287
H0435,2025-03,67.19250908241546,92.12335535872721,66.94660127509458
H0436,2025-03,83.12935021287417,90.86824262382653,81.99544376259313
H0437,2025-03,88.14906527780889,,73.14968282104202
H0438,2025-03,71.75701944135584,88.55938000349013,63.256690304814924
H0439,2025-03,76.04036641749099,70.89582607102226,67.29037863607698
H0440,2025-03,80.0674908517065,54.080822098358105,39.18407121029294
H0441,2025-03,88.3007009838865,71.96754061639808,87.17287471681095
H0442,2025-03,66.32573364933023,68.60493793167578,71.21365425390255
H0443,2025-03,,51.32179034667545,66.31751098915082
H0444,2025-03,69.80418234243179,88.57330204809953,97.33217940228731
H0445,2025-03,80.4397438412733,80.07649375146866,73.26142533150426
H0446,2025-03,65.38502988391926,67.55611508458071,78.71190427006434
H0447,2025-03,69.1735933980748,98.02006926344941,41.601619394382226
H0448,2025-03,82.7494417004939,72.27425613632865,61.16612904043171
H0449,2025-03,58.501721877164684,95.86023769644817,94.06685886356428
H0450,2025-03,62.51966522122618,53.76638287888848,84.69563122269403
H0451,2025-03,70.21018360493213,64.59545086342905,87.91747739051124
H0452,2025-03,92.79019597516249,72.50313830634774,61.19668739973541
H0453,2025-03,73.34867250206297,70.83428272172279,73.77367300914821
H0454,2025-03,79.49689117097643,78.37466919963167,68.55123870362252
H0455,2025-03,64.23974541338278,89.25965161110827,79.2105128607717
H0456,2025-03,72.41691349386194,100.0,90.65064311946422
H0457,2025-03,39.34511949645584,46.79027136484092,76.38577532415361
H0458,2025-03,71.84195664312672,58.296450282263685,84.94362813143401
H0459,2025-03,65.31755435342747,78.414223679817,89.55289771001216
H0460,2025-03,51.04139645806606,100.0,54.09565988450527
H0461,2025-03,75.7741629813108,,40.69230780745587
H0462,2025-03,62.25033804163701,72.32660031259825,88.97917501562168
H0463,2025-03,74.72262864873693,64.04793736683283,72.82231906337107
H0464,2025-03,76.84469264557644,78.55816575404543,92.28175674334993
H0465,2025-03,100.0,70.9477233615453,77.57678681127554
H0466,2025-03,68.38785862119914,84.23673050197267,96.04405377840239
H0467,2025-03,,90.12849702410786,83.03942022718874
H0468,2025-03,73.10036176457051,64.97500625246859,77.94975449010892
H0469,2025-03,65.6191209577859,89.04499412809024,68.61166447703147
H0470,2025-03,74.58167530041065,56.890251372395824,62.16824293146027
H0471,2025-03,83.36896475247339,,44.163595674848835
H0472,2025-03,79.96992249665483,58.785809207034234,80.06107911712245
H0473,2025-03,87.49169234097228,48.76208028918428,
H0474,2025-03,63.71936313365581,86.91118359811615,69.01577774419307
H0475,2025-03,76.7837651755566,56.757676463005296,73.4054908509335
H0476,2025-03,54.46718104440649,62.37968115514321,66.72350876314249
H0477,2025-03,46.875479458363756,,72.01481467956665
H0478,2025-03,96.70005882321371,100.0,34.4515923389469
H0479,2025-03,75.3281098555929,97.04891968126432,72.37314929744683
H0480,2025-03,82.80598031003457,44.41482119745278,82.15769052510092
H0481,2025-03,83.17683448340705,51.84552661585125,45.86446507799329
H0482,2025-03,,100.0,63.00558836985197
H0483,2025-03,90.44703208672847,100.0,91.03678523774288
H0484,2025-03,,80.98528350921625,72.65599075393348
H0485,2025-03,46.85470886796618,76.75461452643327,64.42368287532092
H0486,2025-03,75.64154253025633,69.48152609784339,82.93408066125777
H0487,2025-03,84.85700218361625,65.4373532960547,52.72811786430201
H0488,2025-03,60.825421553437444,58.338797213430595,62.90992632119729
H0489,2025-03,68.36458492899484,82.79112686371752,56.05432230084652
H0490,2025-03,86.91809447688736,53.477180017220256,90.71147549482558
H0491,2025-03,84.9120234446634,80.18123891568493,54.90017396054874
H0492,2025-03,73.39044354311693,73.19199067274921,72.30559609552822
H0493,2025-03,63.917804547648174,89.61574037935364,90.52884302316187
H0494,2025-03,79.72708875861521,66.5595060641608,62.537507697856284
H0495,2025-03,75.32597396077166,48.74282103543983,43.12534247588499
H0496,2025-03,83.54098416094543,54.29507650810881,100.0
H0497,2025-03,73.44792389009105,72.57445721219639,75.75321746082439
H0498,2025-03,93.60666755468965,66.60754834890942,60.19445702911543
H0499,2025-03,78.96497482314109,52.67344078095026,71.53019525925227
H0500,2025-03,68.80427585859195,62.573707748493774,83.51371401899375
H0501,2025-03,64.51591281970691,70.8163531717144,46.59703697945227
H0502,2025-03,58.6792079924442,79.1658006726533,61.68645882974394
H0503,2025-03,88.8934135935103,71.64387254283157,85.19955959065047
H0504,2025-03,73.44540135670032,85.00397572150975,97.17793154789184
H0505,2025-03,34.27300336043655,72.34629341201224,95.03781603081826
H0506,2025-03,68.90268458631222,72.5453608341585,74.34854943152033
H0507,2025-03,94.34389079961349,82.71391725177779,98.62421656247811
H0508,2025-03,68.81950906972604,53.6767726534175,47.412558682843276
H0509,2025-03,56.92386874215738,100.0,76.36714849098949
H0510,2025-03,64.93653520187637,70.10938274292697,29.53926837522515
H0511,2025-03,84.32408443937096,,
H0512,2025-03,69.11873899129046,73.87872454964388,77.65545054328041
H0513,2025-03,63.84799588782978,92.79823421641028,100.0
H0514,2025-03,84.06601408047516,,65.01067365887212
H0515,2025-03,93.49261036800264,85.24069705324648,55.09731239450425
H0516,2025-03,97.62171934941327,76.2618508813057,87.72491350152345
H0517,2025-03,76.07042722882437,53.369158257924525,
H0518,2025-03,67.29647051584809,25.47054642947635,84.87579173995105
H0519,2025-03,83.97609908454947,88.89528012150097,88.23265130881575
H0520,2025-03,89.7153697458448,85.64331796063328,65.87631803063775
H0521,2025-03,91.13520417539274,55.058480855230705,74.52347700923106
H0522,2025-03,74.06195359574461,51.55006726990586,69.90506296715728
H0523,2025-03,60.17187413542746,52.17248976121813,72.2769178419724
H0524,2025-03,75.64214587746358,59.301778417422256,62.89076929933445
H0525,2025-03,76.8749826131302,59.39177619549983,84.59452205762781
H0526,2025-03,79.223233471044,71.43087895904193,45.08502339997198
H0527,2025-03,58.03861407468252,72.4685887598473,42.56458261594837
H0528,2025-03,62.508429015293146,68.80392246546559,63.27254682241061
H0529,2025-03,86.5648557809227,62.2540385122614,63.10027302118395
H0530,2025-03,79.30758261619218,58.601515179839,67.08821658707772
H0531,2025-03,58.50907625369257,47.61603309071822,91.90545505322532
H0532,2025-03,91.8989151780539,60.55111807526005,73.82541209646767
H0533,2025-03,68.44621689628136,78.73071986189116,82.50276522271395
H0534,2025-03,79.2321247399647,44.061680854753796,79.99997250429263
H0535,2025-03,70.4986489008061,72.47640305237863,98.24534342371928
H0536,2025-03,80.49427438579622,55.98483516377439,65.35388843313581
H0537,2025-03,94.15836434418523,51.191972673547724,82.73484516299673
H0538,2025-03,93.18415622799907,86.36799019685706,69.8155781568224
H0539,2025-03,99.9201835031028,94.33553803552948,59.89874388863743
H0540,2025-03,,75.50475745387038,51.55337646020271
H0541,2025-03,83.8734283840983,51.96809376659499,69.78808737098076
H0542,2025-03,46.692945504980614,79.36178227387788,84.19619254808816
H0543,2025-03,77.729673102382,81.14005602693192,62.68575588216452
H0544,2025-03,100.0,100.0,66.03939523162772
H0545,2025-03,59.03454334057574,63.716631844989124,63.82006266634374
H0546,2025-03,61.86319128039285,75.6785435608481,53.768810760297
H0547,2025-03,72.16040096208685,56.1097615101583,65.14028431927304
H0548,2025-03,69.22217956995961,38.32376098015656,87.84084741327494
H0549,2025-03,85.77119803978138,41.0891281708939,76.40801944266984
H0550,2025-03,82.64396794711884,69.03280404519076,61.70240096449339
H0551,2025-03,46.897780724085855,59.76256457423423,67.89076344013026
H0552,2025-03,61.921788059030256,81.21222175232359,79.76413633700712
H0553,2025-03,75.04693745839762,83.91375973700671,66.33233270028214
H0554,2025-03,63.63814131049641,67.9802676860215,83.1586546316554
H0555,2025-03,83.22128218465333,49.776206811303105,94.90478834335615
H0556,2025-03,82.42307468192143,57.28264104196056,57.52530540423177
H0557,2025-03,42.66188052280602,74.09195176046018,67.71089559133682
H0558,2025-03,68.4975145740947,74.3654671500621,77.00977268476396
H0559,2025-03,63.020536712474204,76.77840542219147,92.60003511555148
H0560,2025-03,75.65740598819636,84.0476339837636,33.00435357369117
H0561,2025-03,87.40500540137266,70.57320019926824,66.56289192636604
H0562,2025-03,73.23363634020305,75.79366135811811,36.04803535358146
H0563,2025-03,58.02016887188118,81.10846186153844,85.37814386331762
H0564,2025-03,94.79518974997877,88.0336195207809,74.3842947114008
H0565,2025-03,59.781092529698384,66.46613160561232,84.22489465488917
H0566,2025-03,67.55105336389737,70.25381611049937,69.35543811311649
H0567,2025-03,49.88032419005335,77.66818987963424,71.11565434437378
H0568,2025-03,85.18248577912105,,81.10124939722971
H0569,2025-03,74.04986609871507,65.49757294247266,73.03081064493557
H0570,2025-03,78.46454249477405,57.322236448473085,
H0571,2025-03,65.04861135891557,45.05406608393776,87.46348424139566
H0572,2025-03,82.10903942522825,77.54443279609416,87.62464913709687
H0573,2025-03,,79.00214581467038,78.26432028060051
H0574,2025-03,43.603795900515486,,94.37693601384537
H0575,2025-03,79.83484894619161,76.19248292963808,93.7215679537659
H0576,2025-03,51.75481736756654,65.52552493626565,61.278258068013145
H0577,2025-03,76.50049231256956,95.92812205390328,68.38587799041362
H0578,2025-03,89.92884730960459,85.21012098625252,78.50011792797255
H0579,2025-03,60.30035698815169,100.0,48.747503359912415
H0580,2025-03,61.90315819908156,58.703120127742814,72.73825176822221
H0581,2025-03,76.72269312968581,70.03421151504699,70.76348803142928
H0582,2025-03,75.21548652426472,70.68782689840408,62.20309062685621
H0583,2025-03,52.93985783745249,91.26889696758583,73.69005655747617
H0584,2025-03,64.18583283799006,35.05895938637563,55.8844800874317
H0585,2025-03,67.45882577630678,84.46797634764472,52.84364700007724
H0586,2025-03,70.84092864162194,73.63311280207299,36.08584842299627
H0587,2025-03,100.0,95.10524787197217,52.982069124618384
H0588,2025-03,79.53992087334063,65.63016267254572,56.98962928286777
H0589,2025-03,63.83155866595945,48.42736075366838,77.12520660953126
H0590,2025-03,80.22615988968222,100.0,79.12556753328131
H0591,2025-03,69.18638429631754,69.57707569106513,
H0592,2025-03,91.3009309704686,83.32608678847481,78.02799552286632
H0593,2025-03,71.66624605475965,70.26449306986328,80.40197743653587
H0594,2025-03,68.2354191226204,87.64941372112592,56.718744761512795
H0595,2025-03,90.86048583409067,84.8018777989151,58.60784049982331
H0596,2025-03,62.3749305953296,90.86457312134146,90.39530027078861
H0597,2025-03,57.351316573858895,65.83153826695904,63.907517571883105
H0598,2025-03,79.11281585710528,94.11059809059816,
H0599,2025-03,75.936794555637,79.06459181090277,52.230564082429765
H0600,2025-03,54.805100404082395,41.432136490843085,67.27736793177769
C0001,2025-03,48.803095833298975,95.72944507675652,51.481887140465346
C0002,2025-03,75.65776274191195,77.33994427276227,38.9158766980455
C0003,2025-03,81.56360108073564,,64.47584997017115
C0004,2025-03,79.20483332775945,,79.97038848608386
C0005,2025-03,87.88930145338192,54.771365385145,61.69130708684805
C0006,2025-03,76.0385786310326,74.15839423554263,80.89938466598188
C0007,2025-03,73.5459307492388,81.78390014808672,59.97998202372154
C0008,2025-03,84.2438244590558,73.14861296043881,91.95823807832933
C0009,2025-03,75.71488653498604,75.108470010978,
C0010,2025-03,51.975516852532735,61.22287366771587,92.47743138190154
C0011,2025-03,79.00515973910942,58.21554849771479,73.97215841143378
C0012,2025-03,82.0182399387522,70.46926276764712,54.819699304070724
C0013,2025-03,57.8572564780783,71.64795675235479,55.16252210422657
C0014,2025-03,98.60406250405927,65.20472339792553,77.8631876266753
C0015,2025-03,72.50955930671948,81.78917777906959,57.314046632435065
C0016,2025-03,92.1372669053243,88.2176925087069,78.69426052772627
C0017,2025-03,61.92261994568115,88.46967349802705,62.20781586612361
C0018,2025-03,87.02895385328995,64.84561935167385,56.54741417645123
C0019,2025-03,97.94800216584161,49.495829906214155,63.349029099803914
C0020,2025-03,65.96267372099122,81.36911268641826,51.016905777069766
C0021,2025-03,79.32205404128341,67.81058252808134,74.43727366557442
C0022,2025-03,69.34922042473114,70.05969755934538,72.92004403771337
C0023,2025-03,58.97647470066309,62.65383075121397,59.10500931340521
C0024,2025-03,76.71161623132701,98.43647899253857,60.40372163535703
C0025,2025-03,70.74649017363438,65.77085387736201,49.90066666241761
C0026,2025-03,66.62756647624967,97.13095718505998,57.7639914138294
C0027,2025-03,58.65508886753204,84.61792655393715,78.7823339199022
C0028,2025-03,87.50776672002297,89.51962188118341,61.983907546849366
C0029,2025-03,68.53708203908468,69.42195269376988,75.03132909674494
C0030,2025-03,66.96233163152296,54.68858327676206,76.80813643936807
C0031,2025-03,60.9128640353612,83.92330575793795,54.57239825115512
C0032,2025-03,90.2860247489912,77.82405272343347,100.0
C0033,2025-03,57.213364978430285,64.65866327320788,86.19766076271242
C0034,2025-03,52.2339033051514,83.1903465009225,66.27578951673028
C0035,2025-03,78.89604457431916,83.58603821774744,47.52474650934725
C0036,2025-03,71.10863127490184,47.81496530074662,59.612433600890114
C0037,2025-03,80.35878503339134,,97.81702162059084
C0038,2025-03,93.59057320447353,84.25312868809836,75.62613095983014
C0039,2025-03,90.69405850160969,45.35123681275537,61.50667704709146
C0040,2025-03,87.30714526908258,100.0,64.18731410802206
C0041,2025-03,64.08657065421495,96.51742256545235,94.92610860464481
C0042,2025-03,88.94172863150595,43.88114488156218,77.78661116515973
C0043,2025-03,72.29500020354482,70.25206856587721,69.77861090335738
C0044,2025-03,59.49731292212455,,47.87973311552115
C0045,2025-03,80.6005040472306,51.00671255696484,67.2033181469408
C0046,2025-03,66.76956919661755,74.81921657827702,78.84821009312337
C0047,2025-03,74.44726459931957,,81.26276418609282
C0048,2025-03,84.6100360359681,57.727682861849374,57.02701356347199
C0049,2025-03,84.3173498868123,57.71449280720895,70.3159019734148
C0050,2025-03,72.1877997454711,73.85161450468074,82.08688730667741
C0051,2025-03,76.92542416079364,78.70536727393639,93.67494864561914
C0052,2025-03,86.02999430821758,,64.87639642467875
C0053,2025-03,62.511807912523004,70.7227481493392,96.80284031749352
C0054,2025-03,54.204609552846506,82.44507915086886,81.25860472384836
C0055,2025-03,70.32059126026202,89.09554005067768,65.78294345814943
C0056,2025-03,73.98372753038063,80.57594596323828,60.66638808399979
C0057,2025-03,75.47660750165609,77.12788629749394,41.87397443322058
C0058,2025-03,100.0,67.9857403652822,56.99580663276062
C0059,2025-03,64.50657982481899,65.23917194418584,94.57961782704436
C0060,2025-03,71.03069123566435,73.2141693295495,63.991773980493726
C0061,2025-03,64.37693374141547,,49.36194864950323
C0062,2025-03,74.60217411896512,74.8000495407809,56.02977748992676
C0063,2025-03,86.58864374709289,64.40516235889206,77.26476953508903
C0064,2025-03,84.61915101326831,81.4723256941623,66.33702328238874
C0065,2025-03,82.08515769155359,51.56917569099603,81.56023101967612
C0066,2025-03,74.63159325789493,81.23276074461359,65.64383613816848
C0067,2025-03,38.45703129453191,65.96182015424357,60.81384874670382
C0068,2025-03,82.35286971077265,51.17933696862464,68.67391842977229
C0069,2025-03,96.34542221297272,56.32265105450552,57.393137653943654
C0070,2025-03,62.402703114062895,79.15271988176102,73.27468727858025
C0071,2025-03,64.87828182745957,76.22682236361952,59.390221341654474
C0072,2025-03,55.198918860896484,70.66126052621877,65.0159769711325
C0073,2025-03,,64.16832285152731,72.41355642637801
C0074,2025-03,,61.16049380966102,62.590060704388584
C0075,2025-03,73.65114066425588,74.45059335382025,72.28406111945348
C0076,2025-03,55.72337932002547,73.17574694201102,84.13838212615423
C0077,2025-03,79.35531985211196,58.340739962408506,59.94644187049347
C0078,2025-03,69.22449070759389,45.56825968937045,
C0079,2025-03,80.59363167500324,63.63862658054829,55.90072956077958
C0080,2025-03,64.06941312567382,75.6586976276473,91.72996197682075
C0081,2025-03,69.13037860512323,89.68681900030305,82.79467813354084
C0082,2025-03,66.81448962560127,39.94258468845523,79.10362855312816
C0083,2025-03,65.43203651339394,66.52298174387221,89.75322992979635
C0084,2025-03,62.900277964480864,75.99902950475209,73.0673302236367
C0085,2025-03,57.59096483574826,74.5500619894861,75.81538046013883
C0086,2025-03,84.94550306216647,76.45265687182467,76.93885103477064
C0087,2025-03,78.15048586641656,62.53259091169087,84.24249684935455
C0088,2025-03,69.272658204063,59.798102705712324,88.17560179090808
C0089,2025-03,82.0775860844857,75.52186861867476,69.06543693700058
C0090,2025-03,92.28752440444015,72.11571670555938,63.88131481407687
C0091,2025-03,69.7250755289287,75.76883856430281,61.595860350517356
C0092,2025-03,78.84287726936206,100.0,76.47246431752856
C0093,2025-03,,96.57562233184177,70.14869003457027
C0094,2025-03,,81.77701550623927,47.66920798880169
C0095,2025-03,54.07169261288722,83.99750008279841,67.9489441777496
C0096,2025-03,100.0,81.03213819941737,72.05097372633206
C0097,2025-03,82.19742239839997,70.23817977058842,86.96440089537123
C0098,2025-03,72.96098172803364,51.66667887286425,69.73281250536057
C0099,2025-03,78.26495947168793,86.13622659920587,55.76220677198288
C0100,2025-03,100.0,76.24211270880376,91.95604020301197
C0101,2025-03,74.09567282458954,88.76891545655175,43.44550632506791
C0102,2025-03,77.00161819285556,86.59407892108305,50.71469893104525
C0103,2025-03,,51.61334563721921,71.77999537135604
C0104,2025-03,88.43768531036125,80.19532772227936,65.80201129708017
C0105,2025-03,81.61771360246368,100.0,71.39376356686283
C0106,2025-03,48.04785535222361,63.706025882739574,54.418718456377746
C0107,2025-03,46.221701113791426,73.35629227890674,82.21676476756676
C0108,2025-03,88.07837504147804,87.25910197665202,67.57470691675239
C0109,2025-03,79.80062732039846,50.10975289933333,52.66455019150328
C0110,2025-03,69.05462912084099,,76.14846791459462
C0111,2025-03,62.82207110265857,68.47692505370564,58.9467964657303
C0112,2025-03,98.89447588800098,46.45946405105586,56.92922536189337
C0113,2025-03,76.50969114594459,91.82708198031011,68.68798967819733
C0114,2025-03,78.4818416844709,81.84465566883742,91.99673975408237
C0115,2025-03,,93.15103852659288,39.324335439505475
C0116,2025-03,83.47014485222884,74.01395248293997,49.395358538228706
C0117,2025-03,68.36561419251316,89.63519596664553,57.43931729229262
C0118,2025-03,72.2345574486918,73.65028083323445,96.43764408536227
C0119,2025-03,85.72217701281701,80.29399851924833,56.29179628859225
C0120,2025-03,85.67415044560424,100.0,85.06726744067242
C0121,2025-03,91.30893215717829,53.62660717708091,85.72819675585134
C0122,2025-03,59.145294099244154,94.92839785666996,83.29995620047748
C0123,2025-03,78.81121165128438,43.401293680081665,
C0124,2025-03,65.38166859932812,73.62727831739346,74.2368015357374
C0125,2025-03,75.0656194166744,82.92665999147296,83.45651867762069
C0126,2025-03,69.12685390311074,61.79076121833471,74.79603220626919
C0127,2025-03,,77.03916624559969,100.0
C0128,2025-03,90.41427219239714,80.653774699247,100.0
C0129,2025-03,64.60629489129387,83.63706360231619,90.4306623695647
C0130,2025-03,100.0,67.32616256571954,
C0131,2025-03,96.40424225494758,65.39630361079438,87.25547936845923
C0132,2025-03,55.10470908855266,77.97889150691206,90.77891889627833
C0133,2025-03,80.58828168392729,68.32081575817291,99.62641304346268
C0134,2025-03,59.064958488878204,72.96859715083633,60.45584818766469
C0135,2025-03,83.52458353048824,71.05591805351973,93.49753793302438
C0136,2025-03,53.386904900413946,73.71770242724189,74.62329377149808
C0137,2025-03,91.80682346365482,63.2004678344604,88.6924770813977
C0138,2025-03,,63.579985738015736,72.71641393235262
C0139,2025-03,67.9788700153237,54.075233651870725,65.32105032021714
C0140,2025-03,75.24372079789592,72.48504232669947,63.83775868267254
C0141,2025-03,59.88270712267095,60.79769090814144,77.083958606037
C0142,2025-03,69.53125586715501,79.71629017134958,82.86596008120505
C0143,2025-03,72.11421346110296,88.00118985436208,65.84370116629204
C0144,2025-03,54.48152754854432,98.99188261022923,52.29712866795178
C0145,2025-03,94.3401052922595,66.92065848071972,79.30990017560165
C0146,2025-03,76.44008479156399,100.0,70.66089219359176
C0147,2025-03,95.58890668866013,85.64294706405624,44.826954286455084
C0148,2025-03,75.21677586249706,77.39738837141475,51.59901798750326
C0149,2025-03,62.85537191826351,100.0,74.81704381431842
C0150,2025-03,73.23022482762352,54.98005415259981,79.59206867694475
C0151,2025-03,87.94921036085923,71.82119749547458,89.28853155039172
C0152,2025-03,67.11345367336439,69.36949158708182,66.78404851653116
C0153,2025-03,81.6628771129027,55.05924153254516,66.42766840891359
C0154,2025-03,66.96079173776448,88.5406612518839,81.4722973128102
C0155,2025-03,46.50868378319697,78.67098839882675,61.54300330632283
C0156,2025-03,72.27570978441504,85.62206994269334,62.96403613794645
C0157,2025-03,,82.42139085121678,75.41813511115892
C0158,2025-03,74.09806900553055,44.43521729497063,76.13693745860974
C0159,2025-03,68.97455836065161,89.44429359987413,79.16642884185265
C0160,2025-03,74.33092306874987,58.39764533217787,72.70838521033885
C0161,2025-03,63.84522196951911,85.89636485850153,55.864730365627764
C0162,2025-03,84.37765688842092,55.07535926032965,70.06179495872011
C0163,2025-03,71.13053724985828,80.8872516655888,76.58608120448267
C0164,2025-03,86.77116854646974,62.82013936475466,92.33099227832685
C0165,2025-03,52.929863524293935,73.36985369986265,80.71333849934994
C0166,2025-03,77.89307908940181,71.8796485577265,77.26623135629363
C0167,2025-03,84.25852744832797,79.75484566285398,85.1970223263327
C0168,2025-03,95.31075605228634,71.99278011784287,95.29529336635217
C0169,2025-03,68.2117955050191,65.68896823399886,54.42683933727021
C0170,2025-03,89.82456920760427,90.99397134843191,72.0966745004872
C0171,2025-03,80.80347979454812,92.32674920137843,48.50161395174827
C0172,2025-03,95.88918414814634,99.60172164107692,70.12953638149176
C0173,2025-03,49.52158883441421,68.31475281132893,61.14829606098799
C0174,2025-03,75.67272781403109,68.6350987614126,90.92568194510625
C0175,2025-03,78.18708128968908,78.33445870378071,94.36551024516751
C0176,2025-03,78.20912189067474,63.33074917732418,100.0
C0177,2025-03,86.63953941858426,52.97096335330335,68.71707368400253
C0178,2025-03,97.7127963626526,,80.45350025762751
C0179,2025-03,79.46038620882764,61.43930636759177,72.57924274593391
C0180,2025-03,51.25620563785615,81.01976237197267,92.04242849304887
C0181,2025-03,66.86678068042251,82.91156646551629,70.31587160052183
C0182,2025-03,100.0,44.64582875540977,61.62244953323626
C0183,2025-03,59.70490481449255,58.66696833060655,46.13650050825473
C0184,2025-03,75.57232510625553,77.62459922884588,90.53539902547847
C0185,2025-03,86.17625898564546,76.78324931521888,79.5051759504649
C0186,2025-03,87.66209935452474,68.74807221177463,75.1956360569427
C0187,2025-03,69.37554230776792,72.65707611657668,99.52946635368576
C0188,2025-03,95.1742322395559,78.84778208537992,75.79097331656334
C0189,2025-03,92.32968480461261,80.07352949354583,51.596853264452406
C0190,2025-03,79.1221644453173,50.42558030765866,52.81612808047659
C0191,2025-03,63.768528044782194,46.511559489029295,84.27503180193233
C0192,2025-03,64.01496593991207,68.74535973582333,81.20418423375074
C0193,2025-03,65.9946495733682,85.42514934499242,100.0
C0194,2025-03,75.2204980299221,70.21676911116587,78.50862885837927
C0195,2025-03,,100.0,100.0
C0196,2025-03,81.17974023383324,88.901238439533,59.486296238464384
C0197,2025-03,82.17358534560753,64.3761268233943,61.760174385402145
C0198,2025-03,75.72446071673517,44.223240478396875,56.519681163076065
C0199,2025-03,93.05430231430256,81.69650187877167,74.4743222457329
C0200,2025-03,50.74456500132951,57.553000418791804,90.25591190663393
C0201,2025-03,20.284935514687795,62.29220616606938,70.11823052354576
C0202,2025-03,76.16667127752406,63.13736805016586,62.31907970466842
C0203,2025-03,74.7523603851111,53.16637662404746,84.1996660656189
C0204,2025-03,75.12279713753291,65.86331926823875,73.6279385262853
C0205,2025-03,66.82823865240695,66.48574194383167,86.02109192766439
C0206,2025-03,56.39235254913383,59.63604741498865,73.16577763188971
C0207,2025-03,72.92183615507172,62.672174497031435,72.85382878197626
C0208,2025-03,,100.0,100.0
C0209,2025-03,,,58.03097311951819
C0210,2025-03,84.93110171521126,,81.34239116472138
C0211,2025-03,91.89146904501109,46.280661668652186,86.09274509958863
C0212,2025-03,90.24984149362572,85.6067583410167,
C0213,2025-03,70.36418648231076,97.74869743209604,54.04227517967158
C0214,2025-03,80.84842365363188,,80.12878929492803
C0215,2025-03,58.65499453534907,70.86302900075998,67.64625088239833
C0216,2025-03,61.88092965439186,77.0015884229621,72.18323344925918
C0217,2025-03,97.72570204026013,53.944550314497235,66.89273454496909
C0218,2025-03,87.23584225219062,74.62902245589706,64.36520829617963
C0219,2025-03,51.66083725983256,80.83486250638337,94.97397236702737
C0220,2025-03,65.0237510814004,80.73981733579352,89.5528203092897
C0221,2025-03,100.0,93.56133716315057,55.40978284027064
C0222,2025-03,63.64177732328432,82.76831667975895,69.70231331194915
C0223,2025-03,53.63830141793823,51.47063785802082,76.96740227019349
C0224,2025-03,65.7163636154706,64.44761484768514,92.64318454856044
C0225,2025-03,63.8418740468612,84.1177309787837,52.58969179651126
C0226,2025-03,,48.99086421576352,66.04536031219182
C0227,2025-03,,68.91081639470622,58.27642633903741
C0228,2025-03,72.78798458448232,70.38924017080379,
C0229,2025-03,74.22207214499296,52.63875467106493,
C0230,2025-03,79.18462193749255,87.401092726483,77.36619136289278
C0231,2025-03,81.27501566169789,55.54356136958775,58.231813544627336
C0232,2025-03,67.21394047267043,100.0,74.1115898084135
C0233,2025-03,78.983709645388,68.59607398698066,48.93966780035468
C0234,2025-03,92.64862699533863,86.81118841127584,53.65296433537006
C0235,2025-03,73.24577483272402,99.26441226212876,66.94904769213868
C0236,2025-03,77.58511228913852,78.04621613946924,51.36901693121551
C0237,2025-03,81.52977628594564,,66.48759365390444
C0238,2025-03,67.55143770116268,84.97043860277736,68.81694316430192
C0239,2025-03,63.731374238829275,99.77507135967633,68.075421461353
C0240,2025-03,80.50807731260976,77.30240987263593,52.38764419094059
C0241,2025-03,86.1007764754806,64.0309761998407,93.5375027854191
C0242,2025-03,71.87363256874795,46.949918008031545,52.815607855831075
C0243,2025-03,68.6416173013308,80.32706383204692,72.83055675822801
C0244,2025-03,65.76365679878117,53.097268900425746,67.64636776343255
C0245,2025-03,79.87077865557916,88.21062768661382,74.62567656283036
C0246,2025-03,59.17061774150508,92.9749132299575,52.79751798871605
C0247,2025-03,87.99676465470498,79.67411563995992,75.34348706765827
C0248,2025-03,95.38507820825168,69.55756899475244,60.88508174008368
C0249,2025-03,,81.57435553056091,80.48625728524928
C0250,2025-03,80.96159939597653,70.62226959463892,84.64837719941875
C0251,2025-03,92.3292342118917,74.5217503647855,79.85845118984903
C0252,2025-03,88.59238831113291,66.55867297000822,65.70975421147435
C0253,2025-03,,75.28054503014584,98.1954388695405
C0254,2025-03,68.59208061339389,70.41644947833811,
C0255,2025-03,67.17654412835171,92.16207474751477,61.338839368829824
C0256,2025-03,69.22516790071097,78.78626800568416,
C0257,2025-03,57.98229193264352,51.225586149951454,78.85787004493925
C0258,2025-03,94.33711657864403,75.0145497230132,63.10812592522259
C0259,2025-03,83.09139851360084,75.7603125587669,58.3544615617882
C0260,2025-03,60.60320711042375,76.51643086055797,73.99880064992003
C0261,2025-03,65.62646890876447,66.44471919862671,52.46240661379945
C0262,2025-03,92.23438117917713,70.21412863659266,71.77526280471615
C0263,2025-03,71.68202678424593,96.48950346503476,75.02977593559497
C0264,2025-03,93.91921914897927,67.38777986882313,61.1672936384955
C0265,2025-03,83.69933319032796,61.177484034121946,77.1964930217356
C0266,2025-03,54.89861936066051,59.80381568566644,60.36494318543107
C0267,2025-03,62.12372365370354,56.12539528631917,73.3096848492193
C0268,2025-03,54.028801282473935,76.9735147889039,44.92148635098209
C0269,2025-03,82.43051324080842,91.91578454613705,75.00405977309414
C0270,2025-03,100.0,61.95897130960735,88.11283501840097
C0271,2025-03,74.16838859298848,77.19147125191589,47.022966591951146
C0272,2025-03,75.87559634305987,91.25418854132451,86.13847686976854
C0273,2025-03,82.65339164881276,75.90734400899642,64.44361253917167
C0274,2025-03,72.22529459885598,70.61123671473158,84.48506726318641
C0275,2025-03,66.6554478567456,57.77097205500786,
C0276,2025-03,75.1891327160754,79.41085886421166,71.64638082493359
C0277,2025-03,85.32613688618886,68.00724966367017,80.69304366122093
C0278,2025-03,69.80632986486073,83.79286194406039,80.33640494018157
C0279,2025-03,57.94737449567113,60.66864392262972,84.2395139140037
C0280,2025-03,86.4117983524453,75.34289595742857,67.65962735070691
C0281,2025-03,44.298472963789905,89.92971963749163,83.25430075273368
C0282,2025-03,55.823833530718034,79.15409377911834,61.68735524427865
C0283,2025-03,72.29812202889215,58.92349483288192,86.89456109442767
C0284,2025-03,86.87655887896886,53.99404467100478,56.44146449116802
C0285,2025-03,78.84572286622247,74.32090079041566,66.92848679169259
C0286,2025-03,64.84484257026772,92.05808522223899,61.21583603519207
C0287,2025-03,85.53334791272309,83.95244532841355,77.88367452774294
C0288,2025-03,64.081979985419,100.0,84.49628342529743
C0289,2025-03,85.5376121641124,100.0,82.16137107503229
C0290,2025-03,69.50294229015725,71.38842580886282,65.80906340559218
C0291,2025-03,64.6292946095608,88.96096579744633,100.0
C0292,2025-03,80.95748246582582,67.80984380916028,86.45907685621329
C0293,2025-03,97.55498574026134,63.897641019694,77.42090922537041
C0294,2025-03,73.37252005516308,83.39547422534329,67.78665745861305
C0295,2025-03,85.71473009401244,72.79351580343031,49.480532464390734
C0296,2025-03,46.01468127305975,70.04921543194328,82.22717673296911
C0297,2025-03,60.96789703935869,71.93411272873198,73.43243986816546
C0298,2025-03,61.883410558825446,75.05469011076575,88.0283436196062
C0299,2025-03,74.07103401351631,67.89904420743993,89.96316325715561
C0300,2025-03,78.22312177348942,,63.080383616226
C0301,2025-03,57.829863298693056,54.66628724192378,73.35653970348618
C0302,2025-03,60.4831024778077,57.93808423704957,71.40857065451233
C0303,2025-03,86.82317442347883,64.34624376149412,95.46491270950492
C0304,2025-03,59.46509404882214,71.84998966650701,64.18407177283238
C0305,2025-03,92.34827698058999,71.74218112137386,81.16723629164274
C0306,2025-03,66.57658508290558,65.03765599031264,76.27979317384387
C0307,2025-03,90.44780807796934,63.755309101437405,95.84471515315508
C0308,2025-03,88.31763696644535,78.01774753235446,65.44313089557082
C0309,2025-03,78.17461330266251,67.13590787005093,59.87009391706691
C0310,2025-03,79.53973839072844,58.920344759501695,46.72032894957887
C0311,2025-03,77.55040741230357,84.34259210717455,76.70183076970166
C0312,2025-03,90.71226590808006,50.683770506405835,76.9048797240566
C0313,2025-03,40.70989766339345,51.99664509834054,66.44899993153535
C0314,2025-03,70.48641421585106,90.79448487153348,87.30161162029688
C0315,2025-03,76.59252779269313,52.974560325984214,95.19801924957382
C0316,2025-03,91.22004827840352,95.80396215034357,61.13733798957069
C0317,2025-03,65.01006115998698,51.96427704390655,68.04198351036165
C0318,2025-03,47.30499578252583,58.79636983491616,49.60420884059339
C0319,2025-03,41.04823074776548,57.14507697250415,75.63045966970904
C0320,2025-03,73.33045167477626,48.804828825623154,61.20672272375947
C0321,2025-03,60.01927513611163,98.57888287977961,70.40526174365169
C0322,2025-03,67.3967148216192,87.23121901654807,66.81182793822674
C0323,2025-03,60.954430271994525,54.39597299638115,
C0324,2025-03,66.54742142289761,,65.91214610480922
C0325,2025-03,100.0,55.52300805400587,100.0
C0326,2025-03,94.69584212450393,100.0,73.59431592975149
C0327,2025-03,78.3535487548423,74.0670572664863,55.41417524893322
C0328,2025-03,72.59395374520707,64.5695534796776,63.345272775783926
C0329,2025-03,60.284134192045094,78.25316164183467,79.9322943240373
C0330,2025-03,81.66302373642566,57.33387950102918,81.66310630714375
C0331,2025-03,70.76895723008847,50.85105269380784,73.43424570603021
C0332,2025-03,,62.30753983254302,69.54639474746297
C0333,2025-03,75.20633716011056,72.44488652643992,74.14493619477184
C0334,2025-03,75.68095050943843,36.43185049052357,81.18460809002374
C0335,2025-03,50.12772913881325,56.75684152924756,70.73153582623299
C0336,2025-03,67.84156762055918,100.0,54.74620070885148
C0337,2025-03,100.0,71.56498664176152,61.145185043737776
C0338,2025-03,56.31000729135246,37.34462952205511,66.7091581561654
C0339,2025-03,67.86442956365357,68.85833263086911,51.397368001296556
C0340,2025-03,74.36478121901688,81.11863401927756,56.88096114690297
C0341,2025-03,82.7630667738395,76.86317832234455,81.71857294956668
C0342,2025-03,76.62997998435817,81.2608942146536,
C0343,2025-03,69.04209506599244,,84.48371498072234
C0344,2025-03,86.30104538121599,88.16785849290477,97.84435032080178
C0345,2025-03,65.98174980232743,72.30700320620711,83.73603702002714
C0346,2025-03,85.94256289915158,77.76027380097409,85.55105738698884
C0347,2025-03,53.674268320781344,78.83677649723256,50.838248553193324
C0348,2025-03,62.71642829253736,82.44205530184495,79.7889420955029
C0349,2025-03,50.25211494760175,74.9020983373447,68.61059399016601
C0350,2025-03,79.35302930816448,61.667662669436936,90.85769525338988
C0351,2025-03,80.08332789546586,99.36182472034184,54.68921191556727
C0352,2025-03,69.00432780116878,60.06679421026514,85.49116404272175
C0353,2025-03,80.81931421209487,61.30171753935681,66.11434425529423
C0354,2025-03,61.05174482376229,44.673613928546864,60.388804150007935
C0355,2025-03,91.54543223374961,68.1035898491435,100.0
C0356,2025-03,87.341272547732,64.79649228580342,73.747166642338
C0357,2025-03,59.95832036507056,72.06779248887251,69.28224050920765
C0358,2025-03,56.2395996426996,57.5849673096624,62.79945662390024
C0359,2025-03,69.47868285337569,100.0,
C0360,2025-03,79.85082670472171,65.30983120606884,68.45524838802591
C0361,2025-03,77.38172481382615,64.3321748133296,69.87227928895227
C0362,2025-03,59.31338280355037,70.91647488493656,69.78072306250365
C0363,2025-03,69.24066925385057,79.14325091506913,69.16203266215892
C0364,2025-03,,93.82776196929598,58.14780729529605
C0365,2025-03,67.33419350505719,79.20759171065752,70.98022826720597
C0366,2025-03,76.57891513970033,81.206969142567,76.91082910308906
C0367,2025-03,87.79204301196759,73.67481502471372,83.27871013960014
C0368,2025-03,68.52563134938106,62.19486118408701,91.27864728473531
C0369,2025-03,85.77434203814816,61.113304414961675,66.05374684466707
C0370,2025-03,71.35724938125387,34.09914897544885,74.71076562442167
C0371,2025-03,76.89108233855008,71.64154170884542,87.4066616993241
C0372,2025-03,57.3322198065342,84.3385004448935,65.50532463529007
C0373,2025-03,89.04808586462606,71.8633193499133,78.88030148861687
C0374,2025-03,100.0,77.33514208107661,75.36252894340643
C0375,2025-03,64.90404003020397,100.0,49.849179729740285
C0376,2025-03,59.645937794631614,71.74751778293171,69.9533740936569
C0377,2025-03,95.31633037310588,80.09689418669873,72.93189232489182
C0378,2025-03,82.84752018356902,72.93388211732669,60.708164441530016
C0379,2025-03,61.69927534560969,55.159162097543344,82.3676700145826
C0380,2025-03,100.0,71.56779763890844,100.0
C0381,2025-03,69.0065718869543,55.14540712544938,77.83087899490951
C0382,2025-03,75.11711935231175,85.39212934707712,54.42154206365039
C0383,2025-03,82.7779944813481,90.20585468956082,72.10031139848512
C0384,2025-03,83.08807339516508,67.90518264875793,56.15096817489468
C0385,2025-03,80.15671030898945,99.3352785721256,100.0
C0386,2025-03,100.0,65.21267029506602,61.19343228991417
C0387,2025-03,96.36753012950554,88.34072912303154,77.07503644817903
C0388,2025-03,100.0,72.48524569172045,92.86126705437525
C0389,2025-03,68.04068758457564,81.69360514878086,62.080984544315605
C0390,2025-03,77.66845151591998,47.82345600173815,59.653287263843396
C0391,2025-03,100.0,65.89744246451168,92.34243825115641
C0392,2025-03,68.24058717299721,71.88609469632281,89.04738795364797
C0393,2025-03,66.14962727137711,82.09608113402766,54.575248817794005
C0394,2025-03,91.66000976859385,,61.04606161166083
C0395,2025-03,81.68428451393982,94.10046276959005,81.17812299287921
C0396,2025-03,74.15223946014446,65.68721269963025,80.34068924639612
C0397,2025-03,80.66147073185273,59.23717834265023,
C0398,2025-03,51.318687007601525,100.0,78.45797012066846
C0399,2025-03,69.80176103707208,47.28993516220924,55.38184256576285
C0400,2025-03,63.40088980114496,60.65450771279443,80.4760257641546
C0401,2025-03,98.22394407273633,72.78146524856636,76.95091621059169
C0402,2025-03,70.67689059789592,65.46316125757487,
C0403,2025-03,79.39657168170898,77.52734522008133,70.23351034251186
C0404,2025-03,91.23811519381849,74.53917368918029,68.5574146563625
C0405,2025-03,95.5612018013974,100.0,80.76089875509676
C0406,2025-03,77.34508271092476,66.80541212681356,55.67517390255091
C0407,2025-03,61.98667246231844,76.70297756022178,
C0408,2025-03,67.98064185622113,73.63878622462272,73.97954161570533
C0409,2025-03,77.7549692123303,31.771194416787445,86.86743404815061
C0410,2025-03,76.50614444960712,49.69470271832658,48.9547659513805
C0411,2025-03,62.60084775889046,35.56335901518381,75.58983011216748
C0412,2025-03,45.0972633581228,53.0774276478455,74.058661795642
C0413,2025-03,51.42512657315001,67.97845994681845,74.7392909858881
C0414,2025-03,58.37399430794147,85.39203565852453,77.74810905039831
C0415,2025-03,77.09531179339726,98.56357699115289,81.84605027362751
C0416,2025-03,69.64522446596827,100.0,38.4157253556579
C0417,2025-03,50.066032192951546,71.24935921253424,95.88425356735576
C0418,2025-03,68.98270564391694,69.34387939817128,60.53369229322229
C0419,2025-03,100.0,51.11609253391727,66.58962332465772
C0420,2025-03,80.22484487477449,55.80318091022471,74.08643315319406
C0421,2025-03,,81.19230869514308,
C0422,2025-03,74.62480615908298,100.0,52.71122476470479
C0423,2025-03,75.15301462812667,94.44988703779345,51.04618938340589
C0424,2025-03,78.70282685784417,61.46226655579814,94.8344805230261
C0425,2025-03,98.89967746011905,51.38295290619103,
C0426,2025-03,100.0,45.879140084374086,80.62468676407683
C0427,2025-03,84.16890085401944,68.73219095918783,56.26909500882702
C0428,2025-03,81.56988283061466,100.0,97.73328239336257
C0429,2025-03,,62.93141028401441,85.09512329606183
C0430,2025-03,54.88757348847781,59.974638309823064,63.25947401851263
C0431,2025-03,65.54155290970077,64.07893214441434,
C0432,2025-03,95.46722256186703,66.04518991928579,82.0151791008229
C0433,2025-03,97.13148452177126,69.73922615839984,82.29453589087542
C0434,2025-03,49.569972116405694,28.108259888233597,
C0435,2025-03,92.28450849682439,53.97034820719784,65.80360087402005
C0436,2025-03,99.44571533124886,,98.91908084178047
C0437,2025-03,92.38989844090044,75.7106366493734,99.21323559592268
C0438,2025-03,67.3660971261848,60.99311861826972,98.58986489571681
C0439,2025-03,85.08116897730105,73.36040540971469,36.913212375112224
C0440,2025-03,54.36430900122402,62.44553144963855,
C0441,2025-03,56.923357981922486,86.58783680295518,80.00609885927179
C0442,2025-03,100.0,76.76708587625562,68.39847681258789
C0443,2025-03,66.96619021176541,72.77311428289659,71.50481595314507
C0444,2025-03,59.08628170530953,84.5368253801383,72.59186313045132
C0445,2025-03,71.90611002920079,82.84439523934657,95.07971936782873
C0446,2025-03,,66.50443881893094,94.94195814682087
C0447,2025-03,94.75389900547344,62.32428896432202,81.68827898735977
C0448,2025-03,64.36256434825115,91.76953972658798,78.3091343657785
C0449,2025-03,71.93664153850584,100.0,71.30092469872885
C0450,2025-03,84.89176784219102,93.56253710101419,100.0
C0451,2025-03,82.66199033683692,88.10125366546905,76.8350408795275
C0452,2025-03,81.51740874927705,54.68729110545469,98.52697084997108
C0453,2025-03,65.17779428257518,72.80777238579577,90.9650138135046
C0454,2025-03,72.88471407699578,68.23368682433752,82.88818417188433
C0455,2025-03,58.073745976071656,64.96694835374859,48.69759755273843
C0456,2025-03,87.44011232924913,57.86178433821083,
C0457,2025-03,74.51767565211831,78.15090780266398,47.853602519761466
C0458,2025-03,80.89032049479542,78.6900372330672,71.21291209649338
C0459,2025-03,64.29313820166931,55.68435576584406,51.003298201833644
C0460,2025-03,84.05991474483535,60.03338212833345,87.65390638425
C0461,2025-03,82.87018933603555,73.2886299028989,65.18456773903
C0462,2025-03,54.096810867500885,70.2477095171979,81.76085879035512
C0463,2025-03,89.91340821370925,66.15718970628944,
C0464,2025-03,59.23188840792392,68.96794819932373,86.75038988545217
C0465,2025-03,68.0970708910339,,88.05982547976515
C0466,2025-03,,78.5327079806781,53.81358588974486
C0467,2025-03,,65.73009896510034,64.95631751191632
C0468,2025-03,75.23455070609886,63.362805175383116,91.52129163323886
C0469,2025-03,76.84016495379922,,80.12933183907819
C0470,2025-03,51.48719011706097,,82.24082163273933
C0471,2025-03,95.71995668286326,72.80511838385065,47.24783539170643
C0472,2025-03,92.79052480637097,59.43438841104895,68.18538031400193
C0473,2025-03,81.54547363621299,78.22570660454707,88.31980267437001
C0474,2025-03,71.74294257642914,73.69459122996169,62.83319937048771
C0475,2025-03,76.34257140566099,76.75256621228917,63.09261186213034
C0476,2025-03,96.73463048211201,87.87169673738684,75.67215550527824
C0477,2025-03,67.22090063872807,68.37061601017098,60.79801684308217
C0478,2025-03,66.21274098505054,85.12044070563869,91.39153210498807
C0479,2025-03,73.55923780521974,64.24244593444497,85.32840575390449
C0480,2025-03,48.721634983914385,65.26963322826586,77.03071214052244
C0481,2025-03,86.48016885054932,87.83317977036062,100.0
C0482,2025-03,71.1084072747002,71.73688768979878,64.45278293740002
C0483,2025-03,87.78941237581486,70.35754043728666,81.52671831422559
C0484,2025-03,64.63589496623811,67.40680943825521,55.334730451943756
C0485,2025-03,55.08359174721964,67.24780080440348,72.62379283622056
C0486,2025-03,75.07468434455954,66.4745091335551,81.43497891109857
C0487,2025-03,58.99453359135846,,83.04612544008992
C0488,2025-03,80.68467359943385,56.7745474934647,56.95280776513462
C0489,2025-03,83.65096713404927,68.57974076299827,52.775360538540866
C0490,2025-03,100.0,42.77875798962177,70.47796569484929
C0491,2025-03,97.16328454855704,39.70186552352198,81.21202144863551
C0492,2025-03,78.28804958673712,45.20981271641364,42.697719364715404
C0493,2025-03,75.15828092948325,94.37822645797903,100.0
C0494,2025-03,89.00175542184363,100.0,79.10081105702541
C0495,2025-03,79.22753493923105,75.9943033794846,42.34176182635861
C0496,2025-03,67.20547438216494,67.46662786551407,77.86499002613931
C0497,2025-03,49.366637208823946,93.40075107862086,51.85502631711682
C0498,2025-03,100.0,54.192543219085316,57.50704806258703
C0499,2025-03,90.97738572977805,77.5437005234983,80.71137856272821
C0500,2025-03,84.4481825427106,77.01789842874801,
C0501,2025-03,78.16033101272457,69.9521122439578,60.772782341566675
C0502,2025-03,100.0,45.02642959078486,88.4773070100769
C0503,2025-03,90.10596101833606,92.16497008900741,73.70349905782629
C0504,2025-03,58.449533268363595,65.53345846831414,68.85832796758775
C0505,2025-03,71.51028261095729,60.43382434166043,70.22869109762786
C0506,2025-03,83.97829220189357,45.70958283040255,96.61672518825466
C0507,2025-03,89.99689953911404,79.03182187312433,83.44270137022498
C0508,2025-03,74.20550277493359,80.98288073001794,55.2405140483379
C0509,2025-03,96.40955667294182,80.27563555401628,95.23132837769501
C0510,2025-03,59.85761259742413,67.94878483324817,69.78328305185819
C0511,2025-03,73.28752353952012,68.75493343936715,73.28872053855896
C0512,2025-03,71.41931203425982,59.821485319140045,57.546637871604325
C0513,2025-03,89.7320287788644,76.9002394529632,67.11886436965594
C0514,2025-03,90.87412876616563,68.84596718830666,73.19830675519148
C0515,2025-03,90.3901010641753,63.81113074937715,71.20460296145103
C0516,2025-03,57.55968294287476,53.907234301970774,100.0
C0517,2025-03,79.46994223885984,69.04927812820178,58.05613792197521
C0518,2025-03,53.961261707028214,48.2953947929897,70.81007665270272
C0519,2025-03,78.0133113617427,64.1009499795748,43.704460049847846
C0520,2025-03,96.29496154439491,56.20006270865616,61.9843484144441
C0521,2025-03,100.0,66.4590861780268,
C0522,2025-03,84.48073597636478,78.74158646345474,97.96553591485666
C0523,2025-03,79.67832839656442,69.60110507594622,97.07179279057488
C0524,2025-03,76.7815252038215,66.40978132171054,71.065730314913
C0525,2025-03,73.67023687822811,66.19563263466517,66.87772173839546
C0526,2025-03,93.57944956951792,72.07827887862939,56.256857371493204
C0527,2025-03,60.74806984143648,76.10694544922859,67.52581404996552
C0528,2025-03,72.70209177283272,94.66458871962985,91.75120648256281
C0529,2025-03,73.876947975296,100.0,83.73733436923264
C0530,2025-03,63.10806027553158,92.83602435325038,63.05788209446845
C0531,2025-03,81.70070819422307,71.21351446132219,67.43834998655616
C0532,2025-03,98.83919393524619,59.082720000852206,70.51801615456938
C0533,2025-03,84.50177278329816,66.59622656481267,65.18968873611945
C0534,2025-03,65.46867722577275,75.33007047894287,76.53561664848924
C0535,2025-03,62.92218244126897,63.42499976376265,82.31130796821782
C0536,2025-03,59.57277875312094,69.14213867475604,100.0
C0537,2025-03,74.00978760314872,82.8663324656562,73.59957117539683
C0538,2025-03,64.58160527809423,70.0871486790324,84.55971404175305
C0539,2025-03,,78.32410748854262,58.92108403761668
C0540,2025-03,65.5759787899562,68.82237068728098,74.91336358716536
C0541,2025-03,54.78131279702218,39.34437409416913,70.0817722326284
C0542,2025-03,47.6051735950846,39.623703862683165,82.69828022985664
C0543,2025-03,84.96491325603873,79.37388400122546,81.51457311234739
C0544,2025-03,53.30440537030516,68.27170759847435,81.0906717539626
C0545,2025-03,82.30666860346062,74.71428199805284,71.27976776521162
C0546,2025-03,68.16216961066567,78.92091344001524,70.1303409258079
C0547,2025-03,79.73454992966836,76.69908570950477,56.03661819683409
C0548,2025-03,74.04155404239165,70.9710383915658,75.84312625470565
C0549,2025-03,75.80588057623007,91.2002952857847,70.25278864000614
C0550,2025-03,88.88678750339422,76.03677470688497,
C0551,2025-03,66.08656566945892,76.98196699550238,71.56823371350585
C0552,2025-03,,62.028461089618105,63.20674279566837
C0553,2025-03,86.37278425748727,54.30308020724506,82.22631431149412
C0554,2025-03,71.17206849928021,100.0,53.31657708092407
C0555,2025-03,65.94966220434154,79.05974433833968,71.55390286121208
C0556,2025-03,77.69476647460885,77.23342918925435,64.77096686191078
C0557,2025-03,70.87088096671188,70.31351047681986,56.64544353168301
C0558,2025-03,53.94985492333452,85.56310971086563,78.30715459527164
C0559,2025-03,58.634283024291335,61.19822510351651,34.561940060133544
C0560,2025-03,59.32410635877201,81.32575276763896,79.75789371030608
C0561,2025-03,73.89931247053954,,75.99912662994568
C0562,2025-03,58.256090471414396,71.18299403364641,64.32476369473346
C0563,2025-03,85.8995296310885,96.15613712513432,86.5233293801402
C0564,2025-03,79.42572729293674,70.67264613016542,83.29148149069333
C0565,2025-03,72.69495169523704,47.358344981957416,57.46880603394992
C0566,2025-03,63.378359732902574,85.12132749040678,81.76732664436025
C0567,2025-03,73.18832152459657,68.30432173392381,78.58806627472009
C0568,2025-03,90.10389665574905,87.45556975633357,68.35131944424946
C0569,2025-03,44.29721522838487,,65.33600384813641
C0570,2025-03,57.51700016695261,68.11068915945926,100.0
C0571,2025-03,60.2897812232394,93.34778180969425,78.94086661280197
C0572,2025-03,57.75748717443197,78.07121047671514,55.709236102627024
C0573,2025-03,56.25746293123875,97.74024443167967,76.51414909800542
C0574,2025-03,73.20689568201311,60.08274222052856,48.231788516976394
C0575,2025-03,71.48742473512601,100.0,77.83079318354082
C0576,2025-03,66.79086635909333,100.0,61.73485783751307
C0577,2025-03,76.46500574396315,82.79981476034972,64.76170999847105
C0578,2025-03,71.36442485665617,71.9332224264873,56.705516940683225
C0579,2025-03,65.07781282563433,79.8413858986518,68.84669756031361
C0580,2025-03,69.0420909543396,,76.7237478253221
C0581,2025-03,78.78034474467523,76.99295681296205,64.1930988689739
C0582,2025-03,58.670825198147774,67.33511719788434,62.48073281016671
C0583,2025-03,81.80614043189183,58.53874833700283,76.93253899205503
C0584,2025-03,31.774932757024658,39.2443009524923,70.19072965509484
C0585,2025-03,77.11841184618697,,72.00773884974315
C0586,2025-03,77.96282203895386,37.602385821863,61.31439963063368
C0587,2025-03,61.79977445252434,70.04342448487543,59.144722490313185
C0588,2025-03,89.95325732372008,97.16450751848659,71.17064949846521
C0589,2025-03,95.12480498945898,,87.97722982682366
C0590,2025-03,75.76468252620145,54.72078998215053,69.77560621850088
C0591,2025-03,95.18116483387561,61.274632235792495,65.99196146198712
C0592,2025-03,62.09554977609264,57.28499842801675,49.894477998949824
C0593,2025-03,86.5151910834992,98.47253969821858,65.06533075725932
C0594,2025-03,94.6853794071719,61.510824589023606,64.87851579746471
C0595,2025-03,56.91331559956186,41.27776399077382,72.18900322560908
C0596,2025-03,,100.0,76.04414117868933
C0597,2025-03,55.98071465462317,70.83344380600792,100.0
C0598,2025-03,85.22533227956785,56.469863632692054,66.12683117003591
C0599,2025-03,100.0,74.34687805787458,87.04787736276646
C0600,2025-03,68.96919274942024,70.0379495501224,87.12274305732329
C0601,2025-03,74.9074926378357,80.01587861298117,82.79661779497843
C0602,2025-03,68.67441194921979,70.38177480418915,73.94000981445764
C0603,2025-03,100.0,37.44238296549967,100.0
C0604,2025-03,64.36177725350919,71.43662285023592,62.3579204266697
C0605,2025-03,65.78553680564472,90.0490336056564,83.83553024580404
C0606,2025-03,82.31318702877077,62.973163654482555,83.38838821467279
C0607,2025-03,74.03178961383004,84.0356897610441,48.61319557895045
C0608,2025-03,100.0,86.77479064684624,51.42692089674502
C0609,2025-03,100.0,94.24156203757245,94.616103041934
C0610,2025-03,80.00470871339628,51.67047017020541,73.88770324314905
C0611,2025-03,84.47966094388153,53.3939775662803,52.214838532324634
C0612,2025-03,84.07021854501829,71.21728364043803,90.06399428005302
C0613,2025-03,85.56189973003241,38.754832594732065,66.25957676495646
C0614,2025-03,82.56369591325029,55.06167937345505,87.36305988550103
C0615,2025-03,63.13296005254955,79.25674124304707,100.0
C0616,2025-03,65.88839937210403,41.29845336102622,72.51388465716188
C0617,2025-03,91.24794223127506,46.197116980248865,46.64616618939921
C0618,2025-03,68.19287466240496,,61.578608513619365
C0619,2025-03,93.80145067049892,46.17440684335841,42.911013409068005
C0620,2025-03,87.30738746336924,100.0,61.52030573624699
C0621,2025-03,60.59266000322732,58.123419087890255,95.9151445404087
C0622,2025-03,60.833616459598844,56.774391795829644,63.88102990170094
C0623,2025-03,51.539522163270625,43.89656549125492,
C0624,2025-03,86.9529098357445,72.51451957260585,97.1716423630131
C0625,2025-03,95.27615687279638,72.79584450286266,73.991051295176
C0626,2025-03,70.059277407649,78.53307680068077,76.85438025339154
C0627,2025-03,74.09087619757096,66.89242515149932,55.68168708563724
C0628,2025-03,78.24461572377717,,90.11157192524365
C0629,2025-03,84.27231231406017,64.88477731743744,70.47145610321974
C0630,2025-03,69.92115338459514,65.56310116663049,84.48990288242351
C0631,2025-03,82.03256315775434,76.41995332555192,52.05455081711671
C0632,2025-03,73.33131288275125,39.702209583322485,91.66016274811088
C0633,2025-03,55.8181521878762,,80.34297397829152
C0634,2025-03,92.2519949991068,96.97426015303978,59.965697896487455
C0635,2025-03,79.14423906751742,42.931321839588115,66.20559975139028
C0636,2025-03,73.16208057442256,86.74108658785444,65.72510472578172
C0637,2025-03,66.1891769722954,35.367310743772165,78.46978793983303
C0638,2025-03,61.353243967361514,41.97160026647208,70.89186474180927
C0639,2025-03,57.0747423218003,61.58028560061348,99.03963047714853
C0640,2025-03,64.09070855435517,83.58428395554849,47.18712029978784
C0641,2025-03,59.46577026625914,66.69594718213818,79.51297754018329
C0642,2025-03,72.9344897364527,83.94028186323112,54.25787254797091
C0643,2025-03,91.2764893255763,60.63880673315237,100.0
C0644,2025-03,84.9605121544829,70.65406041053558,96.90776062358272
C0645,2025-03,61.97484481046937,71.92585421904455,72.0578015799029
C0646,2025-03,54.60604770587794,88.76212051732992,81.10653967212919
C0647,2025-03,58.189232325144815,95.05882115086072,69.92449395141371
C0648,2025-03,97.6746233493406,56.94598197521633,66.0250198639355
C0649,2025-03,83.42990544404893,68.08200080136304,60.97773356164589
C0650,2025-03,71.01450950097228,63.5800857598185,70.81677884740259
C0651,2025-03,76.88725261872496,78.81460548640112,34.97150984143301
C0652,2025-03,93.8064110544704,97.06745403655151,95.34104968352496
C0653,2025-03,75.13639169175882,73.69898353633616,98.9505001935581
C0654,2025-03,100.0,62.58605303639354,68.92497825777713
C0655,2025-03,77.0822228015048,89.2238604885469,95.43948754508298
C0656,2025-03,63.64330443683067,69.67215096808192,66.88296296301185
C0657,2025-03,47.534119585449794,70.26122630903554,65.22349131017008
C0658,2025-03,78.44112998436705,78.56323467521355,73.17465778152486
C0659,2025-03,,51.93343035176973,81.84999148208568
C0660,2025-03,61.59059232314712,49.38630354884323,59.904351922808985
C0661,2025-03,87.6120789083732,58.950158505956594,80.84145422214961
C0662,2025-03,77.46361191862626,65.97246810926116,75.82248500591402
C0663,2025-03,69.96695957954407,89.9956233843828,40.43208273281702
C0664,2025-03,77.80843190060818,59.67220041843222,
C0665,2025-03,70.40956154522468,60.87148325702704,66.8280782647826
C0666,2025-03,83.66515844627973,70.29725532641676,59.42650690138477
C0667,2025-03,77.15085415274379,58.001142548288556,64.63172956356867
C0668,2025-03,67.523365512986,,77.99023345017073
C0669,2025-03,89.53329255487091,68.34337204406759,46.020041089961595
C0670,2025-03,60.05764903596854,81.17246718865835,89.17784115997421
C0671,2025-03,54.717395059202055,86.56343430235273,70.40834639104888
C0672,2025-03,64.58703336651648,67.36782697612864,89.48559485573918
C0673,2025-03,48.469264661476714,65.69607063300568,61.915594109787136
C0674,2025-03,52.878454090850504,68.02183869609378,86.87512052479599
C0675,2025-03,,76.13628194008137,81.90548499195316
C0676,2025-03,73.36519045488822,92.97050227028521,43.69011411333782
C0677,2025-03,75.39777604102147,100.0,74.27937005210974
C0678,2025-03,83.84987700637541,100.0,100.0
C0679,2025-03,67.92547156758056,88.5971652254409,85.16019790401513
C0680,2025-03,47.72646380630829,55.00461851160119,55.729028968380575
C0681,2025-03,81.92983166390265,71.84326704485082,62.39929866277156
C0682,2025-03,71.63671459227177,63.91872341776168,83.21411409913226
C0683,2025-03,83.73680855835983,68.82539179949158,77.04924199803567
C0684,2025-03,82.40876462068536,98.51339920867485,48.91789751030079
C0685,2025-03,87.16715240023751,90.19380322358796,43.614336288199326
C0686,2025-03,62.19222700336016,85.22845169816095,83.25942409138335
C0687,2025-03,58.36420799604845,100.0,68.7647639652302
C0688,2025-03,,86.73559226071988,90.36651385184082
C0689,2025-03,73.65981335339572,96.69669526466836,78.89140949386926
C0690,2025-03,92.40328918917966,80.92338977435581,60.65380708471833
C0691,2025-03,81.83418731327158,74.92883627753466,72.07798922292936
C0692,2025-03,75.19951000063749,100.0,64.72371719604003
C0693,2025-03,56.70064905913212,58.19028377130512,76.03373034360582
C0694,2025-03,68.58028507281266,49.96989609564683,62.976332924464245
C0695,2025-03,51.85395081731757,56.15371628594183,49.683505549810604
C0696,2025-03,60.13029737762886,61.1624840353277,67.17512124158631
C0697,2025-03,78.85313657095824,88.130346513011,61.4167495106517
C0698,2025-03,83.28321221091397,94.31386171236122,89.13850582400039
C0699,2025-03,82.81678876381959,58.304147695408055,68.24331789104463
C0700,2025-03,85.6254908428599,62.28875094948341,76.83204359980637
C0701,2025-03,85.39847262790634,67.61242653663552,69.76763966562734
C0702,2025-03,65.62686216167819,71.83810491582642,74.43678825509267
C0703,2025-03,62.78324286582727,70.57040291647296,80.57427319299305
C0704,2025-03,96.63137118416537,81.59345648905587,80.01347405854648
C0705,2025-03,70.64344405618158,58.194240555838114,49.5577254682871
C0706,2025-03,68.6530122461064,53.35256034200073,64.80880394555805
C0707,2025-03,73.04477280185664,57.88568844009289,100.0
C0708,2025-03,52.67360155849033,71.26807072579032,77.1308909243245
C0709,2025-03,72.32186115260863,52.464026000552835,66.16016280930333
C0710,2025-03,49.19438840034549,53.533097315543486,61.42376148399038
C0711,2025-03,84.86575298398478,81.42664508667397,95.10093241935401
C0712,2025-03,,96.04172262641947,81.3228996020221
C0713,2025-03,66.55047993666389,78.00683255101303,53.746257207201054
C0714,2025-03,51.89393067615415,58.67342907579797,
C0715,2025-03,80.09137240459057,83.81188460498781,77.83387331823711
C0716,2025-03,100.0,63.53259678107079,77.44205373339739
C0717,2025-03,66.60604813105144,94.13851622855424,94.80750458469872
C0718,2025-03,75.57028214269106,80.31561432081347,76.68664252536938
C0719,2025-03,92.07374848732626,53.18129469729683,74.35334540520444
C0720,2025-03,100.0,70.31650704945083,
C0721,2025-03,60.08416287238493,51.81452314898158,73.67323049636167
C0722,2025-03,93.90464471465555,76.9485514334848,56.009380088692254
C0723,2025-03,35.66425678355149,67.33883834221525,64.73687920355997
C0724,2025-03,26.42510346332243,100.0,72.25073641454944
C0725,2025-03,54.24278077641833,79.99191244031152,43.657756216655514
C0726,2025-03,68.66652783354967,71.85004021699858,76.72660944570563
C0727,2025-03,44.7801966782049,31.514010383657308,83.32251719258628
C0728,2025-03,90.18149086890752,78.87133321429617,42.35723637897398
C0729,2025-03,75.41288473374806,90.61734958282396,62.636733050449706
C0730,2025-03,87.95251666669462,95.4535251364542,54.5685521534742
C0731,2025-03,69.58512321009394,69.52200672844126,80.22001335812335
C0732,2025-03,62.56786899643383,,61.32477542359529
C0733,2025-03,71.5967645787923,89.62121974651996,87.63252156571897
C0734,2025-03,100.0,72.58744909093275,55.09289958232848
C0735,2025-03,77.3217355513735,71.02077958396191,75.48347627698432
C0736,2025-03,73.82099191480417,63.148649769604575,57.021450227101134
C0737,2025-03,61.12914117839699,37.06308463554357,74.11217401495642
C0738,2025-03,59.760904291544996,57.700410987390796,66.8893239780552
C0739,2025-03,66.17383608886814,74.3723757050818,84.2059751410243
C0740,2025-03,82.44217544885622,80.4512015359255,76.14935598378966
C0741,2025-03,83.96952096189035,76.27962537731521,94.62739313691577
C0742,2025-03,46.79292926489849,80.14928479521599,71.01150030469768
C0743,2025-03,,39.38292316165541,54.29627686292118
C0744,2025-03,85.00762307857312,56.758941988523176,82.13555426819426
C0745,2025-03,81.93411612327115,100.0,70.5668467249073
C0746,2025-03,81.09759789026896,81.41200327288365,67.12257476696686
C0747,2025-03,83.02722799120531,93.44020167849952,77.79306775559175
C0748,2025-03,78.70363916963335,66.2316923806562,60.186564740290265
C0749,2025-03,55.662664199755056,87.910408100993,99.05700729023555
C0750,2025-03,89.63263826305486,89.1219217097768,89.84796519110546
C0751,2025-03,97.12308563867745,100.0,76.49841624387903
C0752,2025-03,93.6630030739499,80.22349616707366,77.77471356139071
C0753,2025-03,81.03866178149804,,75.8291092243308
C0754,2025-03,76.68304986803318,62.75752847569049,67.93008047900008
C0755,2025-03,64.20416278805772,74.84068082477859,78.57616902889701
C0756,2025-03,52.6246003848006,34.476211117456245,70.5080739268861
C0757,2025-03,87.89673501961829,78.03115328018487,96.98852808222142
C0758,2025-03,52.65328613887705,79.40924635889284,92.93795345683968
C0759,2025-03,71.19365684144141,97.09303686409233,77.52504517550936
C0760,2025-03,71.08315453636325,44.525585693363865,88.28488830854675
C0761,2025-03,91.9046633470708,53.61189333343755,49.74802115216086
C0762,2025-03,81.19689544380212,70.66660988208186,72.38658428358184
C0763,2025-03,64.30162028529573,69.18597602057406,44.61494520431903
C0764,2025-03,76.77176973279713,75.98579978028752,77.91232736608646
C0765,2025-03,70.99952068934866,86.54804006291164,59.83398480104462
C0766,2025-03,82.89541569350328,76.75542389429981,
C0767,2025-03,62.69417757667071,98.6216808840239,76.04850129600808
C0768,2025-03,81.03611574708475,93.38857982097872,69.31437326410182
C0769,2025-03,73.21267748886922,62.444686030672145,68.70227735515914
C0770,2025-03,100.0,78.1716777434749,41.22429149199415
C0771,2025-03,65.4325024561582,82.7917545806137,87.74279173072364
C0772,2025-03,90.63096139230805,100.0,92.17132809857752
C0773,2025-03,68.88590755876693,75.63260884283788,84.50600948099905
C0774,2025-03,73.48660901216742,81.27068171522478,65.29670728285873
C0775,2025-03,95.29907387042832,66.09314252934938,61.27662670200515
C0776,2025-03,85.91150287021233,84.33067010022825,51.08053099402996
C0777,2025-03,70.92117001646187,52.352899040280434,64.64456165534786
C0778,2025-03,67.90763229341799,59.41347966221712,36.18560365163709
C0779,2025-03,95.13338472853928,93.15996798550296,41.56652102989524
C0780,2025-03,70.18584937669895,86.14216168416034,87.66060862224285
C0781,2025-03,70.82340128690578,94.85526476733358,97.842662157667
C0782,2025-03,67.50285799900155,100.0,65.66000131361587
C0783,2025-03,98.88724754204307,85.77696897909583,78.61374170122633
C0784,2025-03,57.024536101648636,75.77027799123435,65.19634889424219
C0785,2025-03,75.63167526627626,59.71239144833797,87.25991822557316
C0786,2025-03,81.36018329763596,65.3787012470305,78.06280995193758
C0787,2025-03,,75.09623886362749,
C0788,2025-03,72.64411062330215,72.82599776457067,47.16625562721603
C0789,2025-03,68.77367237621534,85.0405111105166,70.56796272680806
C0790,2025-03,68.19965581695057,59.882242815447306,66.7452450124508
C0791,2025-03,78.12354027135986,64.95390709217973,95.18817695025925
C0792,2025-03,,74.70954694939586,61.73920226993384
C0793,2025-03,74.16337366440793,51.95252023600894,72.44620645348779
C0794,2025-03,100.0,97.02319602104777,46.40750870401667
C0795,2025-03,63.663809660553454,83.74847941438091,73.16024339260599
C0796,2025-03,77.7125981999709,74.48897000065321,73.61238572980375
C0797,2025-03,78.71389360851813,57.94268356674403,70.6593444093759
C0798,2025-03,83.80849547167621,70.22336083069884,92.37782095479386
C0799,2025-03,74.66074805175296,80.0672747506414,69.97704436160068
C0800,2025-03,60.0945875855089,58.70925022238684,60.35857991719772
H0001,2025-04,64.98210455981203,46.109577915065756,64.67759813283934
H0002,2025-04,74.21881835817538,74.4272509115025,67.83294486657717
H0003,2025-04,92.5839397030504,75.23065635903583,28.04078078430387
H0004,2025-04,86.13012651285439,46.42066361546153,85.75298077694247
H0005,2025-04,90.45686269576021,72.63426030145996,88.0407015878189
H0006,2025-04,80.83064009896158,56.4001149253101,
H0007,2025-04,72.59169828505763,74.80552351567844,
H0008,2025-04,92.22998431616801,66.29020912031399,80.19520311180764
H0009,2025-04,65.89787283365357,95.01094324265833,77.7318631438329
H0010,2025-04,63.62730856313222,36.921354271143265,88.68052440348097
H0011,2025-04,81.70336420685818,91.99645991462857,66.24892640573506
H0012,2025-04,100.0,48.42034795372473,66.92440663561582
H0013,2025-04,71.53812532723109,83.65207973852446,65.65767802916986
H0014,2025-04,88.80685030897294,48.35361895510493,54.28871099822662
H0015,2025-04,57.115541450915224,76.07101354328901,97.90352056396206
H0016,2025-04,83.8477192140857,92.48142533474693,64.26793681205386
H0017,2025-04,80.96868258041458,61.853334146220654,66.25810798679838
H0018,2025-04,87.16063800271573,80.43170015863674,78.62582386548527
H0019,2025-04,70.86790021234081,59.49908245277212,80.7638358953358
H0020,2025-04,63.76114557575798,86.9312094636602,79.77805091127075
H0021,2025-04,61.680359151707975,59.807380953089975,52.71811628672356
H0022,2025-04,69.76019836170587,55.32729178498458,50.634256892393196
H0023,2025-04,97.92609943908832,72.15555347108811,78.52543198233727
H0024,2025-04,71.62970232771646,85.42211166632903,97.18498188749923
H0025,2025-04,100.0,57.021686176407684,92.7649066296812
H0026,2025-04,76.05098360248158,69.63832176867842,91.07798060750707
H0027,2025-04,86.14143646626536,65.66329444828938,69.66416077243352
H0028,2025-04,100.0,90.50014177738409,
H0029,2025-04,79.87085263220953,,58.37589733380418
H0030,2025-04,100.0,55.467685556081236,79.96922033106901
H0031,2025-04,,24.551764693394915,85.45896767022754
H0032,2025-04,72.7052357733441,44.96508108445974,77.26069513367108
H0033,2025-04,77.51947631822165,94.67165094154814,90.18147686220202
H0034,2025-04,53.169139034781,97.26308187348147,82.69848554854237
H0035,2025-04,61.680988196897005,64.2117635055316,78.58528689118049
H0036,2025-04,60.88902255783615,68.19545811815141,73.45314241750748
H0037,2025-04,78.62974161967436,76.3996654494582,51.83531775306968
H0038,2025-04,79.56536658782372,67.93888215643453,69.46218879776565
H0039,2025-04,,91.49874344926948,52.92226496753909
H0040,2025-04,100.0,91.40648393545904,73.25071447493872
H0041,2025-04,49.609423009437954,48.6772599079094,30.115720968769097
H0042,2025-04,60.27399854913196,60.709246073081694,71.50858371866185
H0043,2025-04,81.77323191555477,70.35550526903266,78.16303749781233
H0044,2025-04,74.68371686148397,100.0,54.19591462636019
H0045,2025-04,47.400766114466194,79.801299379506,81.72653119761661
H0046,2025-04,77.75241453558941,71.6731177610568,56.49065101257854
H0047,2025-04,78.94766450300918,64.93174871158763,
H0048,2025-04,77.61979296134604,55.11056042086713,69.7759967090379
H0049,2025-04,71.98165395494193,55.68389228570476,67.65287500388081
H0050,2025-04,75.96865240237831,60.656926314289606,92.6251088955426
H0051,2025-04,96.86137730546378,88.39236538342368,81.95055217854377
H0052,2025-04,90.30657910767219,92.58303104731831,45.71983677112271
H0053,2025-04,84.06730217464768,86.28256639845291,58.94926422775872
H0054,2025-04,88.99806444988165,61.663023380274076,63.79471288832741
H0055,2025-04,70.61382666071461,67.37400948451568,89.80280553006814
H0056,2025-04,77.82266293268832,100.0,64.76617918436366
H0057,2025-04,29.9452449584914,82.59915833066,55.8872535756813
H0058,2025-04,100.0,66.97567468379249,68.11910119783869
H0059,2025-04,82.06877451572645,62.147107666784116,71.22588265843898
H0060,2025-04,95.55175953002606,88.24784084917418,68.30971160188471
H0061,2025-04,85.21824351608231,74.51026498259704,71.04100818671269
H0062,2025-04,84.3630360600367,57.60176279532809,82.1255008585656
H0063,2025-04,,81.52469358745331,81.17448381611902
H0064,2025-04,94.79446341576414,56.94283071903375,97.47039528944757
H0065,2025-04,88.74317724978742,100.0,81.9830524218839
H0066,2025-04,55.03779371028656,62.552815447322764,77.54421723795379
H0067,2025-04,78.36114975031963,85.71474481231455,77.0064983330035
H0068,2025-04,76.46189410591029,93.50316828884604,63.60598231210419
H0069,2025-04,70.5476129545458,62.84330432425388,66.59284581040747
H0070,2025-04,60.22980594499413,,57.888087965405674
H0071,2025-04,62.31439905543043,100.0,47.14749221402036
H0072,2025-04,82.3830370354307,95.43104485696392,79.47616680378664
H0073,2025-04,72.06044065695642,41.364516720333,79.35612891188117
H0074,2025-04,87.12106005936627,85.30341570946062,59.97618213686539
H0075,2025-04,75.92901197006772,98.44950207823271,80.47312520492846
H0076,2025-04,72.2613768196433,88.07036146342939,76.00257945242991
H0077,2025-04,,80.12512640332731,82.43183228232117
H0078,2025-04,65.8756284699088,95.78492459708971,66.45732115561555
H0079,2025-04,73.80400604595413,74.22662446553086,62.261707496944766
H0080,2025-04,51.53248366601763,100.0,62.73403034354884
H0081,2025-04,75.55485710643603,55.92003417017202,82.12452566541026
H0082,2025-04,72.86631601454077,76.94507572004244,85.05228666454377
H0083,2025-04,54.365253175070485,64.60855609519838,61.029855208419704
H0084,2025-04,75.2902579201532,95.66876041727468,75.0105933730428
H0085,2025-04,36.995488687480446,74.66372497021447,67.75272028204948
H0086,2025-04,70.71133007099736,46.28037103623871,66.72858354644005
H0087,2025-04,76.06049608596969,43.207637346223194,78.88092870985447
H0088,2025-04,86.21540849936541,44.111576572127156,73.5169351378547
H0089,2025-04,100.0,45.296234079705904,39.656896598703554
H0090,2025-04,76.37916838309451,83.34212927026363,74.87359660238725
H0091,2025-04,78.66023871920737,63.651651144630435,94.35698726001424
H0092,2025-04,51.112980579448966,73.56587082610847,71.76158245774823
H0093,2025-04,73.2598189666256,83.06232556511857,94.90610489230414
H0094,2025-04,,45.50432410104301,75.7745006892259
H0095,2025-04,56.75345881664233,70.60894923328274,100.0
H0096,2025-04,95.03371417861246,100.0,98.72847115003815
H0097,2025-04,80.98064111606996,92.1362516601171,100.0
H0098,2025-04,85.69650938891185,85.21835812808129,86.27582890192801
H0099,2025-04,98.52540897804522,80.06032387766028,76.68448724435797
H0100,2025-04,54.206995931494916,70.55127407956904,53.288012843684115
H0101,2025-04,52.291587867695945,50.88041732787237,47.702579042036774
H0102,2025-04,93.7860536843634,99.33845844033809,93.0239478837605
H0103,2025-04,62.512911267791836,45.18727158242798,61.4703444753751
H0104,2025-04,84.29955593612922,47.66276198617646,95.62346703577848
H0105,2025-04,79.16099914477817,,
H0106,2025-04,100.0,72.4170993802177,40.67493680046751
H0107,2025-04,93.02498077999891,94.18033432496277,57.107369827898125
H0108,2025-04,96.2857694662433,38.89749949430907,51.453533354263826
H0109,2025-04,51.656296253546785,79.47080084039052,94.81145732397948
H0110,2025-04,84.12742926022702,75.16079307179703,
H0111,2025-04,89.32707833987965,70.72036431689051,67.93486286459121
H0112,2025-04,72.95983060376803,47.59696618380839,
H0113,2025-04,71.71228382710042,70.46007772120764,77.84776641800553
H0114,2025-04,72.76918114839762,67.27728023522155,76.80497249637003
H0115,2025-04,88.37274094926917,100.0,65.66639235960758
H0116,2025-04,55.14207569288794,79.73990357067898,46.27791189176296
H0117,2025-04,98.13413662069784,51.21722616950603,47.62034455197921
H0118,2025-04,50.04822824708955,99.56827319082294,59.85062384376241
H0119,2025-04,65.93624902053351,84.68135815947802,51.03805071787004
H0120,2025-04,56.85387135026443,69.01861954282957,91.20569623129472
H0121,2025-04,,71.71443550295442,66.8184490929759
H0122,2025-04,68.34548101625185,64.09083994590767,47.35153676685982
H0123,2025-04,95.02624403962655,76.58217250427519,80.90406571516584
H0124,2025-04,72.89375384188153,81.62756722597918,
H0125,2025-04,83.65831712493012,78.01932374496707,92.16654913318368
H0126,2025-04,74.35417810426225,70.02000966050716,63.657530131115465
H0127,2025-04,73.62664783797379,79.43429617128984,69.77802753348205
H0128,2025-04,80.74320405582785,85.97667777786609,100.0
H0129,2025-04,57.1688018813944,78.71658917507507,74.93088651575086
H0130,2025-04,57.28285802395597,78.5284611081823,68.8672611470606
H0131,2025-04,61.98311922164444,60.941254971234905,77.33779284447354
H0132,2025-04,77.98569900698573,80.93259082266394,62.03464395676449
H0133,2025-04,75.3654656745837,51.06261578854127,100.0
H0134,2025-04,77.66149311844258,85.84106382331252,59.20668254515647
H0135,2025-04,75.83997370441044,46.95858306183142,92.20384053742521
H0136,2025-04,82.46355449100021,92.28628082985402,69.25584460164029
H0137,2025-04,66.27930908961977,86.82527058385519,63.363157562734465
H0138,2025-04,70.87359263388205,75.47251736124518,61.66780728310292
H0139,2025-04,77.54183284761699,58.12614648018031,39.593096465481665
H0140,2025-04,66.09760899481431,72.26420546044727,68.31644209508327
H0141,2025-04,80.88928445210956,85.99450587347086,84.3246584726078
H0142,2025-04,91.0998823172734,82.7632344376597,72.16719313592219
H0143,2025-04,73.6745524719639,57.80054750283021,51.546305149399785
H0144,2025-04,94.60478271516749,64.8111345953738,81.4231341781076
H0145,2025-04,69.85955462676694,100.0,67.60366890771724
H0146,2025-04,91.74096212798621,52.90576403948025,70.07921411007669
H0147,2025-04,66.50681174385393,39.05391457169356,51.75743894278108
H0148,2025-04,78.13618883285245,37.720995417379925,
H0149,2025-04,78.43248678543893,66.84236379508278,66.52043943838483
H0150,2025-04,90.14561552843519,61.89011252967646,
H0151,2025-04,84.04508403740316,71.13934346445879,87.39927099860114
H0152,2025-04,97.7919191509481,87.78193803072197,44.632768232094335
H0153,2025-04,91.95410416175534,100.0,65.88843576800706
H0154,2025-04,75.42547932062027,73.94661280839465,66.9707803472619
H0155,2025-04,77.44835558574859,75.2435355726685,80.2851852397936
H0156,2025-04,64.73266631333838,98.80107156824964,72.1046720194356
H0157,2025-04,73.8727841650162,84.32772143612762,72.12363872567485
H0158,2025-04,71.47218442252138,78.79556565500522,86.45828715035253
H0159,2025-04,78.64556227751333,94.34770309288163,100.0
H0160,2025-04,,69.31363502621903,69.93277874137385
H0161,2025-04,55.39315651196553,48.06188932714509,94.20389436682
H0162,2025-04,92.90793561014705,73.07684507296754,100.0
H0163,2025-04,47.44767305219605,60.61655749617119,66.0927976170352
H0164,2025-04,67.80990492171448,70.90443689316916,80.38357082581666
H0165,2025-04,93.73833160824809,62.23604510310741,44.48350182489649
H0166,2025-04,64.88716021166994,73.13810759099796,68.87277104322816
H0167,2025-04,88.020989977448,74.2507938115347,81.22063325306831
H0168,2025-04,75.29847982753283,45.901028569205764,64.54268153304973
H0169,2025-04,86.91537484177331,99.13402819912449,79.68585042367127
H0170,2025-04,69.72294043812688,86.39063345936988,80.78115050523357
H0171,2025-04,76.36692840835357,60.10390339588816,82.25063167921166
H0172,2025-04,82.54779131938633,74.88796875219097,74.95369697003557
H0173,2025-04,78.79404831173231,100.0,79.74380989384474
H0174,2025-04,67.69524227463752,73.931462110115,77.64289289632825
H0175,2025-04,75.5807325353679,73.4705911233897,76.56735391735504
H0176,2025-04,70.1237462281994,48.50609407521743,61.87845419619113
H0177,2025-04,55.77589053484531,58.072076767733485,54.03460004764151
H0178,2025-04,73.96479330379042,71.82093871123749,70.94380626275468
H0179,2025-04,86.06989004174022,83.28013407454137,64.44650512625634
H0180,2025-04,74.54826297231472,62.838632427336584,94.01432987247983
H0181,2025-04,71.27969403557599,72.01077181403534,46.038121956027254
H0182,2025-04,80.71929460386238,98.69147736159859,66.60859809960544
H0183,2025-04,61.36248038018519,75.20171378946492,84.33962756634926
H0184,2025-04,49.77390539673326,92.79636486504117,54.69821801124547
H0185,2025-04,87.35706170484883,68.98054906922751,60.729099322899145
H0186,2025-04,80.88896233119132,86.62724732851594,64.94001744117966
H0187,2025-04,46.429391197291444,79.95099234079667,99.0728104329086
H0188,2025-04,74.51613014910583,61.11430152695806,68.10511984415379
H0189,2025-04,76.02177475604695,56.83428026984129,80.7919769611213
H0190,2025-04,71.73321966057357,96.14947653912567,72.97872876643883
H0191,2025-04,61.26038511458131,80.47693772618295,65.02374852825375
H0192,2025-04,78.53952972017828,61.00898658113186,
H0193,2025-04,65.31290191417409,72.6792733987043,57.623400709896416
H0194,2025-04,72.61177592126691,79.9667625082797,72.2170369032475
H0195,2025-04,58.02975183677078,42.738115061230516,77.72606799010623
H0196,2025-04,85.43242024762748,,95.26999717256278
H0197,2025-04,97.28567564432842,83.00591185468363,69.63209650911149
H0198,2025-04,77.86164446581265,75.49265302497548,53.6349006414808
H0199,2025-04,88.17603279905329,87.5693635875357,57.04588189803828
H0200,2025-04,70.63015230100143,54.88027791659394,57.39732208427334
H0201,2025-04,96.21973613519707,100.0,85.25315069028271
H0202,2025-04,64.86076820124332,23.976898057966146,66.28949483949975
H0203,2025-04,50.30921400878069,44.46721493812604,79.08800299071108
H0204,2025-04,56.58046742312273,86.6845955977892,100.0
H0205,2025-04,62.38078615792685,,83.92343685403854
H0206,2025-04,79.9056633114587,47.10979909240191,88.43835062840975
H0207,2025-04,72.57860430341056,92.89955337475303,79.25176210577848
H0208,2025-04,100.0,51.170847763650066,56.04060592815582
H0209,2025-04,79.7186480764166,83.30906571031696,100.0
H0210,2025-04,77.63881323895977,30.26442821830551,64.40275544545604
H0211,2025-04,76.19541157305112,46.4132993795605,86.1082572183229
H0212,2025-04,91.78479873726636,85.48717872826886,85.99050839281448
H0213,2025-04,52.15643774547377,100.0,53.898885163882504
H0214,2025-04,83.93112652447721,75.03732147833242,50.71399885421955
H0215,2025-04,62.487081875196246,74.64277619134647,81.69558258706229
H0216,2025-04,79.860906689716,48.6124285832059,58.413712525286485
H0217,2025-04,73.43923947710634,64.26152502494115,97.2734354970087
H0218,2025-04,80.22805358408402,60.57806948546955,68.30345842208702
H0219,2025-04,80.44760074370822,58.482240818539296,88.7105890259357
H0220,2025-04,85.29871925061919,45.29096028801817,87.13030041749626
H0221,2025-04,84.65102226706793,86.9882014454329,80.16637360229615
H0222,2025-04,76.24793004263363,63.53318363851591,71.15364999115656
H0223,2025-04,80.55027874486613,93.650655636557,79.38556359234217
H0224,2025-04,73.48354414441818,56.13430628105027,69.6520193195125
H0225,2025-04,88.32746842672965,74.43968937892251,74.35345210631922
H0226,2025-04,91.07779382592888,73.54770768994139,53.83798567572431
H0227,2025-04,100.0,67.59412686796776,89.13065865940524
H0228,2025-04,88.01981165098755,44.04267499608724,
H0229,2025-04,96.3603806626538,77.56237992766825,83.11306202484401
H0230,2025-04,65.16692166780558,87.2364210517249,82.74847192339963
H0231,2025-04,90.3345754034735,79.53789687867356,54.77434330074223
H0232,2025-04,76.93653701636359,87.79374793581422,77.62580280148461
H0233,2025-04,60.57071838613618,56.71024545310874,80.47209765938813
H0234,2025-04,62.471380359652706,100.0,69.72926339774008
H0235,2025-04,88.05120125415331,66.69603979491617,77.08549742647493
H0236,2025-04,93.88186059455943,74.90080604373436,83.49995601517972
H0237,2025-04,61.14454164112489,83.04360988562864,100.0
H0238,2025-04,72.57935618810376,100.0,73.63374819422219
H0239,2025-04,59.5323518595003,70.02322661513494,90.82844458977037
H0240,2025-04,74.34251391290015,98.03311664799081,55.80522605971653
H0241,2025-04,,74.22009162135998,68.3467373815338
H0242,2025-04,70.2991680268329,39.850783941260346,77.51395516251078
H0243,2025-04,90.22059679391259,80.74001199207363,73.69422425857138
H0244,2025-04,62.99364935451972,68.74516723211381,80.11786838885162
H0245,2025-04,60.2605182561202,96.7118143119384,80.75411376469518
H0246,2025-04,74.08961739193268,54.89279510758007,79.64369420925681
H0247,2025-04,73.5237347873716,61.33000527604192,58.61962772704566
H0248,2025-04,58.07136369235951,53.90811139860191,80.4317907232528
H0249,2025-04,82.00386662882396,84.82292891839235,62.020410882421274
H0250,2025-04,61.81379299077079,71.07352401629399,66.96037588362961
H0251,2025-04,91.60129958181079,75.9641281957548,96.7069995649006
H0252,2025-04,88.61371947295491,83.81906373610146,89.65074236031705
H0253,2025-04,93.8526874728857,37.91743453759404,75.41874496388925
H0254,2025-04,75.63125311143332,38.065604242306904,76.0573574463954
H0255,2025-04,100.0,95.63163453065945,
H0256,2025-04,81.49639683045018,60.27729664825449,90.2527805309967
H0257,2025-04,89.03905315449701,83.08392146413809,80.47772986634638
H0258,2025-04,93.4571778344225,76.52937415565873,93.87266095853016
H0259,2025-04,88.49250050060073,100.0,74.90041325083878
H0260,2025-04,57.73538993888263,69.052716076025,80.3891532408785
H0261,2025-04,72.64182849359695,87.70566148762984,66.45910788618464
H0262,2025-04,77.50151662018577,72.28691063262877,73.13462759960815
H0263,2025-04,64.05969158367431,75.32461353573933,47.587202242599744
H0264,2025-04,84.62793686563484,69.35685222162301,66.61846778408056
H0265,2025-04,65.09083986895449,75.1865762887952,66.19268874902909
H0266,2025-04,84.87374249983722,66.09389833386504,72.815243773177
H0267,2025-04,92.2941879848942,56.303549828054365,68.2716334370673
H0268,2025-04,100.0,65.58850924743095,45.02623967978232
H0269,2025-04,74.08197719126015,68.46812747156125,91.58383022770597
H0270,2025-04,79.0361897355907,80.45751397551413,74.17622501170729
H0271,2025-04,72.75860813970492,53.23856446584574,83.29406860112478
H0272,2025-04,90.08531095769307,53.088357413407095,85.78031377501844
H0273,2025-04,75.11402376058946,81.08597325636381,60.37835505031034
H0274,2025-04,,69.2140972637244,67.60623434374288
H0275,2025-04,100.0,97.95210764893605,77.10682067054172
H0276,2025-04,87.2021652827321,49.02747960654695,79.31438742556793
H0277,2025-04,59.78784652342376,67.690537109047,92.68028080072816
H0278,2025-04,68.97173450515724,96.1603200473461,92.04538523806812
H0279,2025-04,78.18903881944739,43.856586699218326,94.81786841354356
H0280,2025-04,77.00824806506589,77.23157040634118,68.15818728785172
H0281,2025-04,53.6553439511694,75.2062907269519,49.6875982532095
H0282,2025-04,73.23451662150431,85.74537761048731,87.57542157201934
H0283,2025-04,100.0,89.09397499257481,81.68537000733531
H0284,2025-04,88.57582990584764,56.90323304797848,58.03014036468441
H0285,2025-04,87.2005291938818,96.67707786894687,60.54691299471246
H0286,2025-04,45.057514506621466,73.42096826701359,66.40009464479488
H0287,2025-04,51.47299035129754,79.40394811885218,73.56049481771294
H0288,2025-04,73.28175787255726,79.7062783605874,61.3814481156921
H0289,2025-04,64.24662684073368,84.54077159966104,85.27331604591411
H0290,2025-04,71.9668716258027,56.414157757916165,86.01063441063144
H0291,2025-04,65.4230651206741,75.27465763410228,73.5926937881152
H0292,2025-04,80.14218896487633,80.98310660347667,60.29842931872848
H0293,2025-04,68.16194347967169,61.059016644289045,78.08885700874337
H0294,2025-04,99.99090243815206,83.08370556195933,72.31524884396988
H0295,2025-04,39.92134478127727,73.84807154133337,44.04108863474582
H0296,2025-04,83.44110043871609,52.64612997218475,82.99461457475967
H0297,2025-04,71.39778180617103,78.80248572261799,59.217829978879294
H0298,2025-04,76.24094695379708,58.64646626907292,62.17890525763061
H0299,2025-04,79.6571252111225,94.49905598393445,68.67889868959023
H0300,2025-04,61.64738855203156,70.9363409946367,45.647698904163164
H0301,2025-04,71.78661642376198,,77.84966263568835
H0302,2025-04,84.75119644074955,87.5769565718634,
H0303,2025-04,65.94747362413919,54.42770899944675,75.06261620210333
H0304,2025-04,82.13045688157234,79.0794048312172,61.49253154070594
H0305,2025-04,89.87401462737373,62.175895637963464,79.07958635764668
H0306,2025-04,54.33944698997773,76.80070639111096,
H0307,2025-04,60.60841654245508,41.329981907651884,71.4546523415221
H0308,2025-04,42.55194113672134,45.500459400536734,82.10118717542818
H0309,2025-04,96.15662327778978,93.658063810594,74.48320889798441
H0310,2025-04,64.27940393370643,87.17481052586166,48.18671483578781
H0311,2025-04,98.37879834612582,79.0990871358765,62.689139659889385
H0312,2025-04,72.71124345456887,91.54029178989943,68.91007945085211
H0313,2025-04,100.0,66.78572987126351,80.09168899563556
H0314,2025-04,71.73469190749917,58.500344699171976,64.31908336008368
H0315,2025-04,59.41419535021214,61.873958141321474,69.99368385101477
H0316,2025-04,77.6321074510369,67.07124285133753,82.28423141549392
H0317,2025-04,66.75009070873703,89.52538607959848,82.07703602294559
H0318,2025-04,70.03770013002152,65.57730340773242,78.13105544023676
H0319,2025-04,91.33521181057462,59.895477860607,78.31123136243718
H0320,2025-04,84.51907448381054,79.13967015418962,76.92091303393319
H0321,2025-04,77.99381758078162,61.85262249792834,100.0
H0322,2025-04,70.29291666512093,73.08623180385028,78.73939731423411
H0323,2025-04,72.1454903263358,89.40065241092391,71.49338289997169
H0324,2025-04,82.64357693570086,69.61659400260913,69.4939594021571
H0325,2025-04,98.34320964003841,75.08498214226793,93.29462226322937
H0326,2025-04,93.6990025012333,88.4226223739698,65.57203898484839
H0327,2025-04,55.295151557897874,84.00822458347419,72.53920683925085
H0328,2025-04,82.81058490188019,55.0961995994371,76.76747235383353
H0329,2025-04,66.65170536580283,58.505785291704726,84.76963731261624
H0330,2025-04,73.08907605643104,56.796335453402904,46.91158377989521
H0331,2025-04,87.21705695035264,73.77350362728264,76.22807612025652
H0332,2025-04,77.94882067012918,70.71379311681075,
H0333,2025-04,84.03517121160867,75.70684146951758,100.0
H0334,2025-04,73.9014107156616,53.352959988874645,71.08152381787222
H0335,2025-04,54.21346872936576,63.018180610386395,69.82623840525285
H0336,2025-04,67.44978502033949,88.11685940895009,100.0
H0337,2025-04,50.70272971015867,69.11714613863307,68.19653688520603
H0338,2025-04,79.85826053717868,68.1188382020172,59.43461996478368
H0339,2025-04,72.09711794760875,54.848315015115624,
H0340,2025-04,67.34038505917182,,100.0
H0341,2025-04,77.750552736086,92.44090188945313,79.90058055323651
H0342,2025-04,88.61982071809351,78.44903939115022,74.6352518707475
H0343,2025-04,81.04408979566254,52.80096384335644,54.92738367518548
H0344,2025-04,28.713344996601897,84.06816738499829,93.56079798461482
H0345,2025-04,41.46017463506053,40.63422392485724,67.30628204204278
H0346,2025-04,84.73152601097568,66.25662740656728,57.112054754447364
H0347,2025-04,78.59132116802718,67.2506401410196,89.93376004986413
H0348,2025-04,76.78599334712065,98.98909595317615,55.56760684701257
H0349,2025-04,71.96240561577682,84.81356493094167,78.392527029787
H0350,2025-04,77.95946366902784,100.0,42.49714224289326
H0351,2025-04,,50.37462134139743,81.39156970785261
H0352,2025-04,89.12800816544122,90.06616041943725,76.61396009713468
H0353,2025-04,,78.00368256285421,86.2757072189488
H0354,2025-04,68.38400678000977,,51.68044320111818
H0355,2025-04,72.99181804802825,65.04389514582297,70.20694383776727
H0356,2025-04,76.71436903265521,95.22978159856044,57.499441583080845
H0357,2025-04,69.3341053799027,67.68344717353094,50.55255470697292
H0358,2025-04,69.71013882332151,52.863018407475295,77.61786437858977
H0359,2025-04,80.39458153657097,88.74796415463646,85.07293578591697
H0360,2025-04,86.91931767359706,82.52346042410034,33.45993827425641
H0361,2025-04,77.10688526918827,74.87569060237198,88.88334034644406
H0362,2025-04,57.941143037251905,54.13250860036649,95.74619187645844
H0363,2025-04,71.06293662591251,40.4749327503296,100.0
H0364,2025-04,53.923318708991545,100.0,44.73531075734737
H0365,2025-04,83.43912852370725,67.46760440160554,93.97886209636735
H0366,2025-04,71.12706995549401,100.0,75.50976835164919
H0367,2025-04,84.70478903120119,74.30449154956855,64.52237943889307
H0368,2025-04,77.6688971212786,81.70410578580832,98.91982327514906
H0369,2025-04,84.27366663661772,54.41841155633274,74.52644047162913
H0370,2025-04,58.02765564964197,100.0,74.38967810075779
H0371,2025-04,62.793645543351175,72.60385615539892,
H0372,2025-04,75.6162755424516,77.88529582029341,49.33354555961125
H0373,2025-04,67.31725264634596,84.54659644222848,73.9121343119728
H0374,2025-04,74.71699082672693,58.950802392461995,100.0
H0375,2025-04,66.14827244762122,100.0,94.66945930257259
H0376,2025-04,86.11118073844904,57.65630464826992,91.05596784861739
H0377,2025-04,71.90810422670478,76.26296702670044,50.91838865697633
H0378,2025-04,88.92686407398597,74.73092628653839,81.90886801138225
H0379,2025-04,50.49773115396524,90.84595641273445,85.60684277057894
H0380,2025-04,93.63563237068607,45.153244997064974,77.20585880396447
H0381,2025-04,,49.410852962751726,40.79728831107887
H0382,2025-04,62.00503635295483,75.93527134967734,99.6310803040864
H0383,2025-04,68.8174144697192,37.167873320112925,76.43008955213004
H0384,2025-04,,36.123502859454,48.469613556489705
H0385,2025-04,70.98207382264435,57.01910945606164,98.21375486642226
H0386,2025-04,87.3906266622848,68.34637286804669,67.88655286230912
H0387,2025-04,69.15563003693813,45.925940186425436,82.36194093857424
H0388,2025-04,76.27817388851754,78.03904385748707,64.09838341884877
H0389,2025-04,68.89712690221215,83.95253698218325,59.420824801297144
H0390,2025-04,71.96033189513955,46.60666082436495,86.09646516556963
H0391,2025-04,68.43450206405761,84.17493182795644,52.366023104637726
H0392,2025-04,60.26991442640538,85.20604634749833,100.0
H0393,2025-04,97.85053598570586,73.25395738686908,69.52010236188352
H0394,2025-04,80.53209428038716,96.4593721098252,74.16780812957813
H0395,2025-04,100.0,87.4370555396273,74.84480785070487
H0396,2025-04,,74.28832922232216,79.89430339498593
H0397,2025-04,48.372776610065785,70.36398869864925,58.117840253254634
H0398,2025-04,79.60394806100525,81.85057589812126,71.58743274168013
H0399,2025-04,73.7935366723336,70.46682115827352,100.0
H0400,2025-04,71.60039900042517,85.6748472783051,84.85264166392263
H0401,2025-04,72.18318122425515,92.13277989744768,67.74382519007605
H0402,2025-04,90.65455603438821,74.64371158372155,56.35684735293697
H0403,2025-04,57.576289370132216,65.34791168565013,47.809382623134724
H0404,2025-04,74.16660601995184,61.066101724074585,87.04490173611138
H0405,2025-04,82.0791145199283,79.11088254685605,59.246120949896905
H0406,2025-04,66.57902171909582,95.983507195188,87.21595010576672
H0407,2025-04,81.32062052918306,88.48955649266745,77.93507875642703
H0408,2025-04,87.3512175186635,38.34891828124168,72.99618362776717
H0409,2025-04,86.32000619632925,92.42943749760256,71.7855135172033
H0410,2025-04,47.25441157996006,63.13066708905686,62.86496830765079
H0411,2025-04,62.653857809518655,76.19781688073435,60.60157026723674
H0412,2025-04,58.488325975130714,54.04146405257157,76.13534492975566
H0413,2025-04,85.22098169592131,69.9704200320973,60.22774061729603
H0414,2025-04,70.0206081193422,37.94562555762277,67.06372413937865
H0415,2025-04,78.16018033028804,69.39989678858282,
H0416,2025-04,68.84135467786439,57.02719250243641,98.12058381774523
H0417,2025-04,73.40338494809617,44.63813679564912,43.56805358917967
H0418,2025-04,100.0,,82.41582906379963
H0419,2025-04,100.0,72.07819347792321,100.0
H0420,2025-04,78.78611922892141,100.0,42.141480665919715
H0421,2025-04,57.77094986850003,65.67551221485839,77.7393881236702
H0422,2025-04,78.43037556550728,78.58776652860237,59.99540092427016
H0423,2025-04,96.3900941968452,77.16843947433475,85.54051241245676
H0424,2025-04,84.31935984292167,67.76443807409407,59.94010442620114
H0425,2025-04,51.088918553457916,,87.37943834122555
H0426,2025-04,72.94598649198616,100.0,64.67108558048238
H0427,2025-04,59.210922591581856,81.90382719555782,56.96218658934769
H0428,2025-04,61.41197278643922,66.52898704274088,71.67284835367703
H0429,2025-04,73.95308822355697,77.1587051317915,62.64439526810073
H0430,2025-04,60.47827636032116,80.79274753260368,34.55792354822129
H0431,2025-04,78.66370074019976,63.67788968333951,50.26968595551032
H0432,2025-04,,66.02873816932453,92.85239362976766
H0433,2025-04,55.33758856441498,64.53657837040132,67.613706873134
H0434,2025-04,86.60796736160361,75.64394246321481,80.48161946334919
H0435,2025-04,89.03092274523968,94.21591909578518,60.80750783338128
H0436,2025-04,75.30241408574997,72.95392808489298,80.4838424759007
H0437,2025-04,79.40533639876149,81.30928894190781,74.934085870105
H0438,2025-04,84.455051541343,79.490421712542,94.09832573723008
H0439,2025-04,90.89931825117648,38.00603581932268,75.70688223566175
H0440,2025-04,53.20543879085426,69.60633346027771,71.35916645932103
H0441,2025-04,86.29591768801023,36.48401263117147,67.41803136800866
H0442,2025-04,92.5611373158215,57.75646037669429,72.05444755806941
H0443,2025-04,79.06430598025864,44.90741754784371,81.06412806467472
H0444,2025-04,86.1429924273665,68.72239061142766,79.28068540778781
H0445,2025-04,48.91201447286506,,56.73862880110397
H0446,2025-04,86.7187891219956,74.37703787676855,
H0447,2025-04,56.72056310552084,80.45137460001084,54.881674886117594
H0448,2025-04,89.76900234153085,65.88761269276276,70.63675655346961
H0449,2025-04,100.0,63.65688332881284,73.42546509513674
H0450,2025-04,95.35270840253446,68.60271844929481,67.25913985478837
H0451,2025-04,98.37811981171212,80.49433456295057,75.72498522800183
H0452,2025-04,69.28009431948465,53.61400546719352,56.60219895072825
H0453,2025-04,91.64175881242349,58.38594495078429,75.47847886577384
H0454,2025-04,75.37144597336317,90.5619945788003,71.30590433810636
H0455,2025-04,98.61939707478261,87.74400438279267,98.21866745755824
H0456,2025-04,85.25455872742387,91.8951418143022,72.53131165759481
H0457,2025-04,42.14189398168673,82.03776722488908,96.84844783352094
H0458,2025-04,89.86507954618278,68.74060642246117,80.83329713544106
H0459,2025-04,52.17438453561432,39.51864797757039,66.36457407032455
H0460,2025-04,100.0,,94.56109343277187
H0461,2025-04,,97.7222067648681,98.49344081316335
H0462,2025-04,75.70441269107715,78.53839204811975,
H0463,2025-04,99.48309511784822,63.316508411812954,75.79486661627259
H0464,2025-04,83.04303499071275,48.98085920908201,88.94210612619267
H0465,2025-04,64.24172416391042,47.63432042708273,76.65252501780246
H0466,2025-04,78.33731352779142,66.12459990388503,67.26155982893998
H0467,2025-04,99.93351642489706,70.08687872764189,67.2801331629115
H0468,2025-04,78.12242634182358,57.38011755297453,92.12569899201587
H0469,2025-04,51.42004941990833,86.33712411754483,97.19952354542862
H0470,2025-04,81.70705823799068,65.40689019426486,68.88236087805664
H0471,2025-04,75.25966397326951,46.830122650027874,63.18840584516797
H0472,2025-04,77.50178035203781,88.84446133204014,64.83883044256491
H0473,2025-04,42.58993865381734,77.88525958217774,99.94560346365425
H0474,2025-04,65.99489450967614,70.98466776416346,70.11953181263958
H0475,2025-04,85.57300796330489,61.88433721318127,81.79744987850708
H0476,2025-04,98.37455423084334,54.950426926441274,91.58643792619543
H0477,2025-04,64.4290008797313,53.455769184768926,46.044738062122214
H0478,2025-04,64.55848510445763,74.16286759210168,74.48314999142897
H0479,2025-04,62.52844919466639,76.90809952466671,47.904813350074484
H0480,2025-04,80.06012121746478,53.1169473948799,93.81148796946665
H0481,2025-04,81.1977220990902,60.10489803618105,45.03568532827619
H0482,2025-04,81.61834396169739,63.44977534147804,40.37464513340104
H0483,2025-04,67.96090245577258,61.239272496227144,98.31915763344585
H0484,2025-04,68.9293735042261,61.2822576478864,66.38305308450111
H0485,2025-04,84.82048033337026,79.21468557634977,55.307440997073286
H0486,2025-04,93.41456651544367,60.406261712425135,49.4311797863275
H0487,2025-04,76.98423180525211,73.12130680925786,77.23578648462232
H0488,2025-04,81.61325332956325,68.68958194674195,78.50633739922657
H0489,2025-04,61.899782985870274,67.61207491883297,80.37425216121613
H0490,2025-04,59.01652324517806,61.18099696316892,69.81931292419647
H0491,2025-04,79.45409419901665,40.552798838823115,99.62892607892516
H0492,2025-04,71.16053863727197,64.33149549709306,76.65116491265925
H0493,2025-04,73.56910178217181,65.79596110093456,67.95999234698823
H0494,2025-04,87.62031512709636,68.6116320298727,56.45629505525382
H0495,2025-04,82.73189941832166,56.52250345082983,51.85522389368245
H0496,2025-04,68.23277152704384,58.8494436624066,100.0
H0497,2025-04,87.59644983284214,85.58280162487384,53.139426626929406
H0498,2025-04,90.34856068878398,,57.195753968532415
H0499,2025-04,91.96028677283638,81.83555623736537,69.68782131728123
H0500,2025-04,71.17184584640364,53.131523159351424,96.62447759146049
H0501,2025-04,73.59852619943504,80.03529752145326,58.078664288225085
H0502,2025-04,62.66930431465317,73.96716133307906,70.88298947534524
H0503,2025-04,82.93713777758587,22.517342084954848,75.53095168528525
H0504,2025-04,,100.0,74.37845474650116
H0505,2025-04,74.75800669893572,95.52512601504321,91.01528483119726
H0506,2025-04,98.01133137583811,47.483162318195205,81.47331402846152
H0507,2025-04,81.7750438930759,83.54861425432054,100.0
H0508,2025-04,64.6516763139904,61.87177868665542,82.00811468902262
H0509,2025-04,76.17306050688897,47.41881956817171,77.93429835994496
H0510,2025-04,76.12074935038063,57.74962081945391,57.50562970781313
H0511,2025-04,85.12867848940174,74.80098362250884,81.32481375159792
H0512,2025-04,100.0,68.70911254831773,60.11326967697523
H0513,2025-04,95.27374675122721,80.07224159491686,69.16422224219002
H0514,2025-04,92.07503089091044,79.894558636619,78.47901521044503
H0515,2025-04,59.72032858437042,83.13155775979627,85.0806828191227
H0516,2025-04,96.52249128049621,92.47942217846747,77.31478716772658
H0517,2025-04,86.13781925268,73.99572218565956,57.66051185871823
H0518,2025-04,91.84758973664006,62.22506451338256,53.72556940421249
H0519,2025-04,50.58137057203154,72.96414567516874,
H0520,2025-04,65.18680652401272,100.0,81.44940313677719
H0521,2025-04,87.54583798374959,75.92706774616303,72.91712020913495
H0522,2025-04,49.03951862267047,51.227726754463134,73.63309847563548
H0523,2025-04,99.4877328712186,68.28254271124476,58.773656327747844
H0524,2025-04,82.52643919993186,61.71786127405556,61.92603280545945
H0525,2025-04,79.38680804143203,87.71042732571682,93.97376719369127
H0526,2025-04,62.599016248517906,57.862353807411104,67.52215434302356
H0527,2025-04,62.42555271933672,,93.70700378411448
H0528,2025-04,58.95269609148483,80.00506990932485,82.21243469724811
H0529,2025-04,74.16102542245405,94.9669458966173,68.18266943958692
H0530,2025-04,90.3334838045922,69.7053660982474,
H0531,2025-04,69.64925668013497,84.78321821103606,76.57151068390525
H0532,2025-04,87.24003398180804,83.40240685013224,55.9214394384781
H0533,2025-04,54.98581767297615,50.58548736070624,72.55864989075187
H0534,2025-04,50.341818413284614,71.96764351366853,74.5271619545336
H0535,2025-04,95.7348488472211,76.75759845738027,66.10450342957427
H0536,2025-04,67.43534911490461,100.0,66.91421855493385
H0537,2025-04,69.45804561277285,83.03736600292805,41.58514328759114
H0538,2025-04,66.81222064712081,86.65274618973173,78.69424611256633
H0539,2025-04,80.70710738063092,50.63027660536642,67.97155800174352
H0540,2025-04,97.61498315569023,64.08836860575889,63.84702094812938
H0541,2025-04,65.01129719935496,,85.02544411401686
H0542,2025-04,51.78889639376843,39.17707739592445,100.0
H0543,2025-04,59.769031615659884,72.19128246730484,67.81247818995709
H0544,2025-04,,58.30686101677671,80.0572099783491
H0545,2025-04,62.570889246550195,71.93518584025392,92.93168925655996
H0546,2025-04,62.74267105116519,,79.27057640355977
H0547,2025-04,44.85746838844099,53.531379669324,72.9357913223288
H0548,2025-04,80.43913627446912,78.73969513311138,80.75491650176329
H0549,2025-04,82.87757448932672,76.66560308978067,75.16401348035379
H0550,2025-04,64.05850474761007,80.56468953476609,66.55760112136988
H0551,2025-04,64.55704091008353,82.42520443404443,83.49280114000419
H0552,2025-04,78.91802519871588,80.49243240803608,76.03131209327479
H0553,2025-04,85.69058553061791,77.58815915812477,75.71841104502398
H0554,2025-04,77.65083241714198,61.496144153886526,70.8614701722097
H0555,2025-04,78.81560077904858,63.25488486594504,84.5778537256886
H0556,2025-04,73.72180370930809,34.905241360373914,74.94514500246208
H0557,2025-04,88.11424927721677,100.0,98.30662793318675
H0558,2025-04,80.7642369139037,100.0,60.30229722843274
H0559,2025-04,61.53705417489468,64.10322635392234,75.07712025872058
H0560,2025-04,70.55971253261093,72.96085007054819,100.0
H0561,2025-04,85.62636134701447,88.63026376102434,73.96183557775849
H0562,2025-04,85.3231211632818,78.6709575101599,56.39011727091663
H0563,2025-04,59.70264380614573,69.21065942400432,82.87197508375111
H0564,2025-04,73.81651162283154,77.40311307570659,56.13571291757336
H0565,2025-04,67.52594338562777,100.0,95.77705717228726
H0566,2025-04,46.91126497723995,69.30146220310488,68.01593464103846
H0567,2025-04,99.64094769126909,81.19369036177135,73.21447296374913
H0568,2025-04,71.83862824595448,66.91318415674887,72.20389768041423
H0569,2025-04,64.132022998941,72.69580812697556,66.9104696154309
H0570,2025-04,72.86276377557147,85.31041343665244,68.8382683997202
H0571,2025-04,73.04207434793982,76.07251717477179,
H0572,2025-04,93.49562800218337,57.92091387226667,71.41041399915464
H0573,2025-04,89.85069089468891,44.36812059128593,78.04287487000803
H0574,2025-04,70.3570245427154,53.02661350221565,65.09280711825588
H0575,2025-04,85.71370524097367,93.69408357343461,100.0
H0576,2025-04,75.72012842820756,69.5943624235818,75.86038232075472
H0577,2025-04,46.68128683182839,38.733590754360456,81.80483818865657
H0578,2025-04,72.71031162959329,40.298136022460405,59.27776464669282
H0579,2025-04,60.58974321621844,72.41509257988494,64.24527774226856
H0580,2025-04,62.85403992058574,41.87322629287487,65.00150333718048
H0581,2025-04,82.5699470610335,49.08325324067798,100.0
H0582,2025-04,100.0,74.49591569271176,75.72246395308801
H0583,2025-04,66.71001864529035,96.9775940453878,67.79082022159257
H0584,2025-04,79.28295737388436,85.14240237821767,50.11949127049499
H0585,2025-04,74.68608121117454,48.179630945944524,81.28377178315188
H0586,2025-04,100.0,81.41137863430117,79.49710305637481
H0587,2025-04,69.76594292198396,93.02750896524707,91.90257382477434
H0588,2025-04,100.0,58.830403400745126,71.4140638238539
H0589,2025-04,51.29197771814239,80.59558796369406,80.37834582348609
H0590,2025-04,65.90472309614869,90.20770816305813,84.7926032039281
H0591,2025-04,85.13113134296344,82.71072014574477,57.228341268531295
H0592,2025-04,46.552713008312004,43.49930385476894,92.50267545994794
H0593,2025-04,75.39431715376975,64.5363903853347,53.08584054109993
H0594,2025-04,54.77336605051009,66.3810196278534,80.43021023383739
H0595,2025-04,52.90326416936779,66.27993872054257,63.55906191330955
H0596,2025-04,100.0,71.3058228414856,72.78407535322799
H0597,2025-04,85.69468633034778,46.69775256105394,
H0598,2025-04,75.32207647217983,58.12224111062362,91.27083374265027
H0599,2025-04,91.80511823831165,59.64455042693476,76.87642873467675
H0600,2025-04,83.41845933627975,76.55483608038489,71.35066278118347
C0001,2025-04,87.10929162493971,62.25121022729375,61.692102716397905
C0002,2025-04,79.08673519270369,68.9207363466536,52.2596740127716
C0003,2025-04,65.41297411443541,35.24682179507854,60.201340598769576
C0004,2025-04,,82.41016666997118,81.47499615907743
C0005,2025-04,72.48944663404008,72.82296826846073,80.68356864674189
C0006,2025-04,50.36467921914445,77.97766325783745,68.94079255940103
C0007,2025-04,75.3341033643832,58.20508565051419,68.26815596413927
C0008,2025-04,100.0,75.66101373335628,94.69815776271923
C0009,2025-04,61.38891223888621,72.12639324481712,81.9409974873992
C0010,2025-04,73.07678623132664,66.16158960793443,78.7507727015804
C0011,2025-04,42.579578431960925,68.99937753106569,52.1080278660648
C0012,2025-04,75.092723689436,83.81052918617272,68.25625500756261
C0013,2025-04,100.0,67.88787096996928,92.27160379605928
C0014,2025-04,73.71279206617834,80.9849517758317,75.98347712074629
C0015,2025-04,89.9504793153696,84.05273457231837,45.74554824201617
C0016,2025-04,69.22625302588096,,76.26589120935569
C0017,2025-04,82.84543553448071,88.31460398426526,84.97336484571782
C0018,2025-04,69.61832525991974,71.88924307894031,71.08329186796256
C0019,2025-04,77.95440389090479,83.26804114667883,78.67939149471428
C0020,2025-04,57.025412812352265,80.81114121371638,100.0
C0021,2025-04,91.36839336617513,59.59587386148992,51.00182201707826
C0022,2025-04,79.19818496797197,19.150072736413506,51.271503248589326
C0023,2025-04,83.22516759629544,100.0,60.866849691220054
C0024,2025-04,65.32507705734983,55.325779234840276,48.81438858219284
C0025,2025-04,77.81660545146454,61.80437542827059,75.5045832244187
C0026,2025-04,95.23165176241095,50.385536037867695,77.71313901428974
C0027,2025-04,59.5298852844093,49.47570968934973,67.34164540616815
C0028,2025-04,87.85023917753921,70.58914562333352,73.20173041488324
C0029,2025-04,72.53954998229929,54.46105518627033,72.06209858729609
C0030,2025-04,96.7439074702219,,73.68794898970164
C0031,2025-04,,67.31194915745398,60.287152634406944
C0032,2025-04,64.11391723108082,81.5016220777206,71.4729670377443
C0033,2025-04,90.2759332200155,78.35063502142359,92.7376653592525
C0034,2025-04,71.93793259613795,48.9016090804667,79.08248923833322
C0035,2025-04,84.0406374233763,92.07324575332945,62.042144579440816
C0036,2025-04,87.46318189685311,61.45198144086592,
C0037,2025-04,79.1239519848246,45.52628559143838,45.082767268478634
C0038,2025-04,51.881999958332955,74.95833488266406,40.321794326854544
C0039,2025-04,81.34015069712333,59.498002887691136,67.53222340944922
C0040,2025-04,62.36184603138483,25.62474808716211,79.66010552621213
C0041,2025-04,50.804411236173564,60.656520579431096,80.97029999906331
C0042,2025-04,97.94448621189628,85.84132334751,27.312132951737738
C0043,2025-04,93.63039557947234,75.09983642140025,
C0044,2025-04,63.271858588963276,55.44249062702383,73.58204126081452
C0045,2025-04,39.6591396204405,76.5988031644597,71.67018435655864
C0046,2025-04,70.66729300085265,79.78103358572868,68.49815483533303
C0047,2025-04,100.0,75.80652279889321,84.84759911376075
C0048,2025-04,61.040728407360966,97.6891687196112,58.29728485065013
C0049,2025-04,67.63507141502674,91.52562696825767,48.417570130131324
C0050,2025-04,60.18785718038108,83.88422868799033,100.0
C0051,2025-04,78.82552885680695,52.559471382023055,75.18546719502142
C0052,2025-04,75.52590080227192,,63.59513027101217
C0053,2025-04,62.84292611306725,70.57434686810178,74.13393044455654
C0054,2025-04,58.99663194919933,70.4666479995342,100.0
C0055,2025-04,77.13210003926385,65.98487137822173,90.87578739000764
C0056,2025-04,91.10673388541618,32.35694513921691,91.16848776184433
C0057,2025-04,64.93820695746875,72.56058249391391,55.35221420547081
C0058,2025-04,86.79239049184301,71.53422180838226,65.20418186104816
C0059,2025-04,75.03594161670232,,
C0060,2025-04,100.0,58.47779685990348,82.40700775622739
C0061,2025-04,99.24792514987625,38.233088333540294,100.0
C0062,2025-04,84.97259561585696,93.872424959355,68.58487709364172
C0063,2025-04,75.51812790014718,100.0,77.72608970885689
C0064,2025-04,76.54431811725748,73.28195604516543,84.82240173038352
C0065,2025-04,74.59275821493956,71.86632170683079,75.54596649187974
C0066,2025-04,75.93757424122686,52.91739279399188,91.94176713073455
C0067,2025-04,48.01833349116548,82.5920970115601,100.0
C0068,2025-04,97.76903913891205,52.29383109219401,83.86918437121307
C0069,2025-04,61.417297010663354,62.77006556587859,47.83156866007655
C0070,2025-04,92.55148598342764,37.24028267077689,
C0071,2025-04,61.95793644632923,74.93481802207354,91.94505279996957
C0072,2025-04,66.92428597797992,53.876845087159495,60.0097923231244
C0073,2025-04,77.85923254838613,38.74270885692709,77.77151454963858
C0074,2025-04,73.49558065720223,46.020033117364505,56.06133441262781
C0075,2025-04,52.511547606564925,99.15711500617357,94.86230074952535
C0076,2025-04,86.33014699621897,85.09822185697702,91.45057394620655
C0077,2025-04,67.2074219781992,84.92265563437422,69.07413430120276
C0078,2025-04,82.60255087259583,37.78093898793092,81.56750587564535
C0079,2025-04,100.0,76.69381238453998,61.768009370433624
C0080,2025-04,72.27123446732855,,45.126906947908694
C0081,2025-04,83.08051064811461,90.8603124763973,89.38677258613336
C0082,2025-04,58.82327047949613,69.20772795880825,52.544964457834
C0083,2025-04,78.94188248906188,77.05042925956435,59.51507574611214
C0084,2025-04,55.115807712112115,72.30125759166097,67.27471623549971
C0085,2025-04,72.28043139175689,89.08859150659777,65.64965509938938
C0086,2025-04,83.37916198088499,,
C0087,2025-04,54.14809280809633,,64.60642580114055
C0088,2025-04,62.39538280485591,100.0,66.3727242701079
C0089,2025-04,81.76827972334644,72.3618546203899,82.44200418221304
C0090,2025-04,66.40334137224912,65.38956154044224,89.81100639574028
C0091,2025-04,74.92013217428337,100.0,88.75018159769554
C0092,2025-04,91.02262190153178,69.08104005315606,56.70682521379002
C0093,2025-04,59.408876605706624,90.73665701407639,83.50288211223845
C0094,2025-04,55.463429663813706,,84.0744462240653
C0095,2025-04,76.75083206698712,62.72340859003005,67.21905034540254
C0096,2025-04,100.0,80.04418313022279,65.4380980531455
C0097,2025-04,84.92125438685864,72.76034590923695,53.61355040844278
C0098,2025-04,71.38976514804187,51.23064381698052,51.71528012579658
C0099,2025-04,77.52432200701408,53.116047556637525,73.01602383069675
C0100,2025-04,71.54616159883436,84.94154425129578,84.97884464079196
C0101,2025-04,91.92083743186643,82.15222063506619,76.48724466924808
C0102,2025-04,66.2485102331445,84.08043486366972,89.99075345153868
C0103,2025-04,74.7189451369936,74.76487137911676,68.99370254301606
C0104,2025-04,93.61560998846089,52.01172248467513,57.01031674184455
C0105,2025-04,81.00432681587813,100.0,79.50068077165609
C0106,2025-04,82.31027477195981,55.15681381745512,81.44470059524673
C0107,2025-04,60.189211235740366,76.76045733861405,64.40112756549996
C0108,2025-04,68.92068103544887,63.68447280473089,56.64633543965621
C0109,2025-04,77.62232841535541,66.25525458043059,93.4632477147448
C0110,2025-04,73.93542801871851,59.46199641702157,61.600058213260226
C0111,2025-04,,72.46725890258507,90.79473855911297
C0112,2025-04,51.57303630147497,75.81700611271405,79.68482751352566
C0113,2025-04,79.62095057369064,83.85937841102381,66.64586528802855
C0114,2025-04,74.8242840831574,45.87185995399791,61.6265205747533
C0115,2025-04,89.47461098135354,48.11962591654515,73.08401588521508
C0116,2025-04,53.780299606651525,,38.70722754356716
C0117,2025-04,58.83580466009919,69.6818601821688,98.31998822270877
C0118,2025-04,66.56072062186291,60.36992922434986,77.34804346454702
C0119,2025-04,46.94634290069104,79.25707694214162,87.53953120492828
C0120,2025-04,80.12412259537392,67.29940099587192,50.40848540883597
C0121,2025-04,64.1216257520678,55.667240589117725,95.68211498411642
C0122,2025-04,68.64321624318399,87.1404526948821,66.72240200844934
C0123,2025-04,74.95978399519666,78.84192170221304,69.91662168837381
C0124,2025-04,58.76784338934063,77.1187475781422,73.53186083288789
C0125,2025-04,70.50889620982099,67.40890387659877,60.53270194932742
C0126,2025-04,87.33659590626267,60.780132658480156,
C0127,2025-04,54.87084173591775,93.52256411024287,93.82947344986343
C0128,2025-04,65.19369065184435,74.95832110124958,88.79991478524242
C0129,2025-04,79.00068518526662,50.86576395978932,76.01549187112256
C0130,2025-04,98.98550685760743,83.09426704443815,56.4915763017936
C0131,2025-04,89.84474013814284,100.0,69.04063105094396
C0132,2025-04,75.49792388991739,58.59056381345985,75.99411217693871
C0133,2025-04,100.0,76.48790573793815,81.40911055989866
C0134,2025-04,58.41943502162246,65.55607708676412,81.08284677058559
C0135,2025-04,89.39366067985543,82.86502788230207,55.130060081257994
C0136,2025-04,82.49445271483668,71.48134207706897,75.65627753440339
C0137,2025-04,91.7305799995383,66.67270936123145,99.36095870908918
C0138,2025-04,100.0,83.69462479059774,76.77738865799729
C0139,2025-04,65.94554152159978,78.92036028481985,87.11088135233778
C0140,2025-04,68.68472622754621,91.50848149132855,56.99866744750375
C0141,2025-04,72.47086527969468,92.08043382314104,83.17357345843678
C0142,2025-04,91.88016733005985,69.55705711510961,71.84841440186321
C0143,2025-04,51.432279665087044,82.10291710798533,40.46316659156291
C0144,2025-04,92.47029421572829,87.05943370452312,100.0
C0145,2025-04,,89.82068891785893,78.47959557617442
C0146,2025-04,80.40548054824934,73.71208274908923,94.5460325350679
C0147,2025-04,59.86828804164345,46.518873110400875,85.46657544375438
C0148,2025-04,70.39092495211626,53.966205224420975,55.01019342331281
C0149,2025-04,68.51028998871021,63.45586447063149,65.99463121145355
C0150,2025-04,,63.79128163352385,75.02632664472756
C0151,2025-04,78.09136572102983,84.53049259314807,100.0
C0152,2025-04,93.99309029238285,78.29390535343597,78.20228308306653
C0153,2025-04,57.926992392144065,76.63235528999122,55.374717646229
C0154,2025-04,75.04596527596003,73.97281001964996,57.91868825651656
C0155,2025-04,76.91893029010049,61.07302602517271,93.51572450607104
C0156,2025-04,71.34783730070282,100.0,68.9505632913316
C0157,2025-04,76.73462614749552,77.10195208056355,63.73205728073661
C0158,2025-04,71.31905744791308,74.15349891196234,74.1712442424448
C0159,2025-04,99.47824450632982,74.10826711180128,100.0
C0160,2025-04,84.2520438580885,49.284264867612094,74.28538460040329
C0161,2025-04,85.59369813930785,94.41932156744161,94.31608058985816
C0162,2025-04,100.0,82.33803966141706,80.70796947196335
C0163,2025-04,73.45642301412688,100.0,65.44357111913016
C0164,2025-04,85.90833742719242,84.11145593601074,69.4024065816402
C0165,2025-04,63.04946496096354,81.52247163024276,81.70959413543697
C0166,2025-04,75.77983553001667,65.35251358601926,32.791924532818186
C0167,2025-04,72.88610519264088,80.00778202569197,61.75695712167998
C0168,2025-04,77.91981495960114,83.8674307303895,59.84089526132417
C0169,2025-04,92.27324061926444,48.461454950534204,88.2890688911523
C0170,2025-04,70.61384824414084,97.16587104473034,59.23483016660939
C0171,2025-04,,81.5601439621658,66.44914607240999
C0172,2025-04,66.01808294175345,91.65114193245688,76.2318641280823
C0173,2025-04,52.88954379525396,83.86829854146134,38.119054795999325
C0174,2025-04,72.59945502826639,56.86843637575924,46.5686774343068
C0175,2025-04,68.74267563625354,64.8374301682015,89.79926439053327
C0176,2025-04,87.43757829221713,68.07000163022764,62.76397457801451
C0177,2025-04,76.69506381114067,64.81914520957088,45.14634714674469
C0178,2025-04,71.57667889961314,78.30529485620333,
C0179,2025-04,76.70845588775866,87.46484342431611,68.39871459088471
C0180,2025-04,73.83023066877303,44.44375932224543,91.39125522366164
C0181,2025-04,61.194996552514766,70.51859999959248,81.28693671947926
C0182,2025-04,68.95261224321199,84.6437213057167,51.93409906832619
C0183,2025-04,73.29653238777243,47.08544526658594,65.18065271025478
C0184,2025-04,84.61234390628726,80.50050328613463,79.46651123707652
C0185,2025-04,56.21977823855106,93.130559322703,86.21140010124545
C0186,2025-04,66.12906649081006,53.454215547387044,84.51053667719677
C0187,2025-04,,78.51711922368416,63.90267410152986
C0188,2025-04,70.83391076736181,84.15638910337316,85.13865490006833
C0189,2025-04,83.84943348684773,76.43071627423149,100.0
C0190,2025-04,80.056325212599,83.04884986796446,87.21207482296926
C0191,2025-04,86.0472313940996,78.15911437035962,82.66663007775941
C0192,2025-04,71.03713424115018,76.57370724959054,66.99466499484745
C0193,2025-04,58.40439509559285,80.49072946594373,90.34126790427388
C0194,2025-04,73.86788005640814,89.78317304194357,51.797773783706745
C0195,2025-04,82.6296431360097,63.75772380210124,
C0196,2025-04,94.52005221708738,88.22716985033713,62.30235934662921
C0197,2025-04,62.99200243069022,51.85858945119625,64.62865199427821
C0198,2025-04,69.68187105347232,49.38004828284042,83.62539858439582
C0199,2025-04,70.23877697256121,31.83282394440579,37.88618180813362
C0200,2025-04,97.48171067332243,62.57187670869503,51.79299437482754
C0201,2025-04,72.04636194117768,56.224255149260124,62.078075137528714
C0202,2025-04,79.5432690172275,69.37800369425392,34.005723368217346
C0203,2025-04,77.94830886495834,74.34562504515989,75.21799780126467
C0204,2025-04,44.220771516341735,60.62336017427148,64.54435569387617
C0205,2025-04,77.57422590205218,83.32401526641088,81.83926893164798
C0206,2025-04,80.11174021739606,87.58825540770728,83.78867523468267
C0207,2025-04,56.766916663501064,49.75854447465758,65.42129192596856
C0208,2025-04,100.0,40.07182452322137,61.37474652663256
C0209,2025-04,93.99156522670437,69.01363781197286,88.92369741225664
C0210,2025-04,74.80596466428099,51.10213616888055,77.13610729286256
C0211,2025-04,77.4580964995633,88.72470444692414,90.66877159319269
C0212,2025-04,97.21925111204118,82.02045557076693,70.7869944010279
C0213,2025-04,89.09803007653446,61.46732479637221,64.05752105192211
C0214,2025-04,68.4531102605542,75.55250509306995,62.66990440078794
C0215,2025-04,80.96442934120262,78.95454042237297,100.0
C0216,2025-04,83.68547589806016,88.11604041394138,100.0
C0217,2025-04,66.14268226873058,60.99979193802784,77.71486606224806
C0218,2025-04,100.0,100.0,49.31406551893545
C0219,2025-04,86.87483317545285,81.230048432677,76.34509928766907
C0220,2025-04,71.11176276984078,77.34575211860022,80.45346969688951
C0221,2025-04,100.0,84.25613348946084,91.07569568572687
C0222,2025-04,65.40804136640102,62.09732215957889,52.95745610958871
C0223,2025-04,93.78732543704336,74.06327263663943,83.46973462543082
C0224,2025-04,67.68179050271323,56.04009277734017,100.0
C0225,2025-04,67.71976025198322,87.08711639199565,53.41841569045673
C0226,2025-04,85.70286280331315,73.60950459296642,88.13784626474194
C0227,2025-04,75.49486918547062,69.51404086028393,82.5979876029699
C0228,2025-04,77.24002792519413,69.21133408247158,57.42264627808411
C0229,2025-04,79.79624525773282,69.62535893258146,85.27371421976655
C0230,2025-04,89.55180941909266,61.77430523111504,74.06981328660706
C0231,2025-04,91.4052304414659,67.61208833457063,81.48261693744823
C0232,2025-04,100.0,26.681334142538404,66.62999166377003
C0233,2025-04,88.98909273081816,88.93036167464437,75.32181188969574
C0234,2025-04,72.51210813762985,68.56389313768966,78.88949589473401
C0235,2025-04,65.52039516732786,62.04767894354718,68.6998974130086
C0236,2025-04,84.86170165530088,85.57634925905998,66.54192067605048
C0237,2025-04,,98.7814464995483,69.71105782171296
C0238,2025-04,61.70647490675114,47.99818258325651,64.85059226922311
C0239,2025-04,57.01538079429878,92.25475758713299,67.55155573881046
C0240,2025-04,72.07066717287157,52.00645912870371,51.76968157859591
C0241,2025-04,54.91091003196396,75.04560086563986,62.985260839831355
C0242,2025-04,81.30752890895344,,46.209995753131366
C0243,2025-04,54.21054339400398,52.05172044344308,84.73148246463855
C0244,2025-04,88.71940596043221,59.85355403292377,81.54537937678025
C0245,2025-04,95.61055723298372,94.25142412984601,81.93416002991826
C0246,2025-04,72.60171110582597,29.127665278545663,65.42373200629953
C0247,2025-04,44.494043956577045,91.90084803351715,56.560177820247006
C0248,2025-04,99.10358931524958,49.15831140574464,64.36478917185732
C0249,2025-04,75.6493306099155,77.36984657076563,61.51024921248644
C0250,2025-04,87.02566638761019,50.61763923149569,47.259566681551114
C0251,2025-04,60.6929845680712,74.16352812713099,75.78507616993875
C0252,2025-04,100.0,,66.54903848185702
C0253,2025-04,42.08051310386714,61.77558665765027,71.17648082711405
C0254,2025-04,53.14396936535927,,57.33108219132634
C0255,2025-04,94.24033190908278,76.55164852243004,52.033446490252246
C0256,2025-04,58.55523018522783,63.60010503472233,71.9126967377461
C0257,2025-04,88.01690955010326,81.93289180618348,41.95529057299155
C0258,2025-04,82.03537796697641,74.41089836176425,87.67946337283287
C0259,2025-04,84.53365965960153,69.70773385447502,73.31240361477029
C0260,2025-04,,76.82619654390962,63.483110222376546
C0261,2025-04,57.63545819423685,70.73159234562081,67.98998696220346
C0262,2025-04,97.55196064765917,38.01737122978477,90.729231154546
C0263,2025-04,71.17343848123701,75.58428262532597,
C0264,2025-04,86.61078171083165,64.3788876260878,74.30956550472145
C0265,2025-04,100.0,56.84594450266621,62.58393986663709
C0266,2025-04,75.92708145409246,51.49933396415449,92.84475661670864
C0267,2025-04,100.0,58.82752823021427,79.0600270906448
C0268,2025-04,46.51023834655162,80.84133617555507,91.98038569804334
C0269,2025-04,100.0,46.746164027169414,48.96614198481714
C0270,2025-04,72.04956198778908,84.59047722189325,59.28521809527133
C0271,2025-04,56.72533892082936,48.30011845585574,71.81726255899487
C0272,2025-04,100.0,71.19127555221652,84.004301857402
C0273,2025-04,58.40329202764383,100.0,89.5838664057244
C0274,2025-04,,75.83033125713652,71.06729710142744
C0275,2025-04,87.12094258647107,60.82241409197978,57.53635079437567
C0276,2025-04,85.62303676081383,41.759916131153204,57.561445739454854
C0277,2025-04,69.05911027163954,73.17487377114529,
C0278,2025-04,59.332357761648524,60.729644815095824,82.89879169681349
C0279,2025-04,69.32591157272886,58.27897223160069,86.17953946724597
C0280,2025-04,70.02962843546811,100.0,100.0
C0281,2025-04,61.82091076124859,73.53679591109945,
C0282,2025-04,,55.5380147947147,56.608480420529645
C0283,2025-04,95.04241954286158,69.51544293324272,56.232017842455576
C0284,2025-04,82.85260581647353,55.77526970608927,39.47523284483981
C0285,2025-04,87.89269483454079,68.86971292059692,81.54636490621769
C0286,2025-04,63.489216290712925,57.65757625823149,50.40166918513792
C0287,2025-04,62.76968182133072,76.95990035527791,63.758420531121615
C0288,2025-04,99.08773981421632,65.93538694523244,72.97777106664684
C0289,2025-04,68.89762512221746,98.77496017655646,76.17519930507642
C0290,2025-04,52.63727120082085,83.53596191266352,90.39246794202951
C0291,2025-04,80.60072699469384,59.235360975609645,80.0162067099522
C0292,2025-04,73.96281989445802,62.05119870004178,39.725133391862244
C0293,2025-04,67.16281501095447,59.3428543489899,64.04262824823807
C0294,2025-04,60.33928566400499,74.16396913063559,60.75373356288131
C0295,2025-04,58.41417398441011,84.00923065571114,100.0
C0296,2025-04,80.59606252501369,68.81844508203227,94.9055505347231
C0297,2025-04,62.247296858846724,93.05898716703453,70.90556594439113
C0298,2025-04,97.47357468544453,86.29748727294316,64.33339956953019
C0299,2025-04,92.07876319428591,87.16686172619802,83.22378457925063
C0300,2025-04,78.59415387374578,94.8968226610703,80.86690581107544
C0301,2025-04,75.42779413137112,74.65207983503545,70.10121783448912
C0302,2025-04,,80.70421071571414,36.661122731903674
C0303,2025-04,98.15851154143684,81.08119688606688,68.6887592034334
C0304,2025-04,93.54892945323394,69.35199880492571,62.92687137339265
C0305,2025-04,91.68007195315903,62.22583800758902,63.395093683268705
C0306,2025-04,,91.01107168653431,49.98010077941724
C0307,2025-04,100.0,59.30046898749963,
C0308,2025-04,79.38372241943428,72.76733075431913,75.10322752087973
C0309,2025-04,77.86247088434963,92.34737325637778,63.68439886675081
C0310,2025-04,68.29413349705142,100.0,50.676078979357
C0311,2025-04,65.3819160599423,100.0,61.54599686527355
C0312,2025-04,75.92153441738299,81.7012067568097,75.7351139644045
C0313,2025-04,65.3625158288505,76.58576960537127,90.46307385018923
C0314,2025-04,68.65270928788742,88.40067068610492,91.09512912154439
C0315,2025-04,93.35307873883565,61.62095781451745,58.15258356343936
C0316,2025-04,84.4792241264146,73.28903387285482,
C0317,2025-04,82.92491759066603,99.99959972809191,100.0
C0318,2025-04,56.71068698800582,76.68204346438142,54.84036934472697
C0319,2025-04,100.0,77.56620871859877,60.26779479710433
C0320,2025-04,65.66741581173174,71.89079537078037,70.91759763078144
C0321,2025-04,75.12450466776956,97.84175353932747,91.54980184413245
C0322,2025-04,76.20929052746885,76.41832771056906,93.15568316420793
C0323,2025-04,77.58876977021751,56.60995718595028,77.2129998542795
C0324,2025-04,78.52006366230466,67.43915603958924,85.78109666555991
C0325,2025-04,72.47216640559813,78.74865800437948,78.34447169011453
C0326,2025-04,66.17251829734656,56.17274109140074,81.07408894648593
C0327,2025-04,70.81601108630588,73.66147092641978,82.43444315151878
C0328,2025-04,38.28292252117524,63.11385538424463,63.51906404806156
C0329,2025-04,97.42519069842633,50.33368535903476,100.0
C0330,2025-04,100.0,75.2583959399458,88.35355335723719
C0331,2025-04,100.0,87.48340639534491,89.037402325896
C0332,2025-04,89.49459516292784,92.71921935915103,71.8360733107722
C0333,2025-04,86.32579454267385,72.49976310972116,64.46693491388629
C0334,2025-04,78.27577031200921,63.881566523909285,46.90678852041682
C0335,2025-04,,67.08112927144597,67.20553424767759
C0336,2025-04,73.58670670092766,100.0,78.99104314391337
C0337,2025-04,68.93078666711904,59.368514341781236,56.21097662359912
C0338,2025-04,47.736523470789095,74.01521460152765,69.86335771834736
C0339,2025-04,71.45260092407565,56.23266538240565,63.280663229690916
C0340,2025-04,73.33113424099572,87.57251467585917,84.63842759826932
C0341,2025-04,77.49460937836693,63.929715722693956,83.64585082595956
C0342,2025-04,82.96149254151197,46.22743867332266,60.9911845687918
C0343,2025-04,78.46827220582189,64.56786659993227,67.32369992828367
C0344,2025-04,79.03079670690897,76.04024279466951,66.70161177456373
C0345,2025-04,68.66772424219899,88.13536209199465,59.473811198087546
C0346,2025-04,79.74141705384051,92.98415597106721,68.77688591627873
C0347,2025-04,75.199472274814,53.00650569740807,71.83707924150931
C0348,2025-04,64.24102267358083,62.55101750462567,47.23837096808759
C0349,2025-04,69.6054496708958,68.89007916953942,78.76980627968814
C0350,2025-04,,71.36303445332531,59.56400500547706
C0351,2025-04,100.0,43.61441018264873,49.18846452957391
C0352,2025-04,58.178029453860134,70.60452060916649,63.68204457962101
C0353,2025-04,87.96802371153413,61.97871040734703,72.515004437237
C0354,2025-04,85.51128959243833,83.6850230456389,80.67534157192587
C0355,2025-04,62.35353380198245,96.81808533491758,61.841315636895395
C0356,2025-04,88.84072908690632,81.50191871240574,80.00771416858032
C0357,2025-04,77.30623528697708,60.20500608564515,70.66288640266383
C0358,2025-04,54.761934873652706,65.87302484852637,86.66988519785643
C0359,2025-04,67.86020187365116,95.81737230295332,67.3202388728408
C0360,2025-04,67.24752878756017,43.62844964124577,62.64984259383941
C0361,2025-04,80.64392768176458,73.11418658687167,100.0
C0362,2025-04,83.27452130999896,,
C0363,2025-04,68.50138111059806,93.12314354425062,62.7838129995045
C0364,2025-04,87.35112873246906,46.14500881104415,92.48366005232526
C0365,2025-04,69.00304085942082,55.329681171758715,100.0
C0366,2025-04,78.01026268058759,64.00989134157672,74.68067016911596
C0367,2025-04,81.3556207428758,66.61021654890587,73.9278252334258
C0368,2025-04,87.35578477930896,65.14390734845966,64.08496962893962
C0369,2025-04,66.96333067143915,65.20104810981798,88.3211058944205
C0370,2025-04,57.947943752982994,72.67558587693787,83.614356081492
C0371,2025-04,75.50279927012772,73.06471211075609,52.02021751053317
C0372,2025-04,76.40926201488791,68.8172953583965,70.73009492588436
C0373,2025-04,51.217739770807434,84.78381332648466,75.71259834094981
C0374,2025-04,70.52312724880184,90.66452744565294,68.67597844307211
C0375,2025-04,66.94867316020068,99.70513773395591,70.5987664100121
C0376,2025-04,65.66564654975525,69.60024404139575,47.784029984410445
C0377,2025-04,60.18733011014886,88.55627378892864,100.0
C0378,2025-04,82.1593408124308,74.6169727448274,68.82892152326961
C0379,2025-04,54.12139478559912,,93.1385457190053
C0380,2025-04,86.1963302872608,62.869221459662015,69.3577615715725
C0381,2025-04,88.50565501025534,87.37152825238071,50.94330446688466
C0382,2025-04,92.40489877884715,84.12079959100907,73.11195934944274
C0383,2025-04,,91.45208458531701,87.18484490086738
C0384,2025-04,89.03805322458246,72.03937603721137,58.869528706824106
C0385,2025-04,73.82049419480597,56.19190177567292,93.75487092244164
C0386,2025-04,72.14520300762025,98.78190456505915,63.12491083951319
C0387,2025-04,91.89866101879981,78.20614553515958,59.93899855041697
C0388,2025-04,78.28629252463838,67.19652530647457,79.59994864749493
C0389,2025-04,64.92406436805712,53.09713117176197,93.70905463090746
C0390,2025-04,62.34281589285493,62.28814300107841,100.0
C0391,2025-04,85.97181716059598,82.41967178472598,52.12979212576561
C0392,2025-04,74.21938828814591,67.42523071038103,59.89731891872896
C0393,2025-04,74.61655538847792,41.33024644650011,63.78463677567228
C0394,2025-04,86.27691337809406,65.45015526553776,69.82674412152976
C0395,2025-04,54.20026527229467,50.851433049144205,69.09599031986075
C0396,2025-04,,60.15616604672027,100.0
C0397,2025-04,72.94946889990057,73.30465171600414,100.0
C0398,2025-04,62.0732516566294,46.62826129759209,100.0
C0399,2025-04,64.33228955968075,69.10182926630632,84.57105751139362
C0400,2025-04,94.87370279085039,100.0,73.35114171602845
C0401,2025-04,66.22015898209749,59.3273697338168,
C0402,2025-04,78.0976607428386,92.36563057557852,42.66766805355731
C0403,2025-04,87.4934471443345,64.4273637214351,88.80086740073364
C0404,2025-04,70.18743448433814,53.48485417115748,76.77913126931982
C0405,2025-04,100.0,32.197437499813056,100.0
C0406,2025-04,87.16264163588608,88.46987010224477,69.02495678373883
C0407,2025-04,66.66658968538371,74.89897159596235,92.41669790203969
C0408,2025-04,78.51994196454169,31.984328585449035,92.11910277399375
C0409,2025-04,10.0,71.6726240482159,33.84458108055705
C0410,2025-04,81.7649969023702,48.5881428966608,78.70479770222754
C0411,2025-04,100.0,100.0,70.56694707439404
C0412,2025-04,77.1690724571091,71.91496905817043,53.105234664189645
C0413,2025-04,68.16673279271053,65.88390207394193,100.0
C0414,2025-04,79.72208621566816,64.27745164531527,80.42823957995307
C0415,2025-04,53.77031975222249,80.94171264787104,100.0
C0416,2025-04,95.53312507866704,68.59964735627183,79.86299135967917
C0417,2025-04,68.45357517884625,49.87289704424797,73.56733425386284
C0418,2025-04,63.97997288320781,80.36961816277751,78.48563238722612
C0419,2025-04,69.58198811049711,61.28890540108814,79.72631748521896
C0420,2025-04,80.15371893309562,,88.66627454767638
C0421,2025-04,84.42099256913322,89.31506977320575,73.59462534097844
C0422,2025-04,71.79641695341408,63.52864126451613,47.43474151483234
C0423,2025-04,82.31319015144963,42.26966527641589,99.81726493551872
C0424,2025-04,81.0159212347045,66.61538963746561,59.12748785948342
C0425,2025-04,58.23091103291738,71.81173215966118,68.4899926522334
C0426,2025-04,84.29181758611912,47.54047391106499,70.23431650222464
C0427,2025-04,78.84996044784599,37.03814452517454,46.269269707828514
C0428,2025-04,71.39737429224743,38.3767253156722,68.90865627991766
C0429,2025-04,90.66665647764202,89.81621726135329,63.045746116878185
C0430,2025-04,71.68084299047398,82.21158231564016,76.98743579999167
C0431,2025-04,83.03428843584796,49.26392736477911,88.26299944348747
C0432,2025-04,55.3967959839499,87.9324079313057,49.29116362787348
C0433,2025-04,92.44570589287132,73.81489281464819,62.14845137638146
C0434,2025-04,95.82590381712946,77.26796408116437,67.91198551752413
C0435,2025-04,56.53901237466003,9.449068749885726,100.0
C0436,2025-04,58.30121372084275,,66.61645518179127
C0437,2025-04,78.29013574762511,89.93396713585781,37.059303431355836
C0438,2025-04,97.31384067442679,34.43511238845286,72.83577837307294
C0439,2025-04,88.35811861897201,96.18185968227442,83.36020783698957
C0440,2025-04,77.45892955073714,85.12509248505508,61.461442847360985
C0441,2025-04,78.11903205315075,70.00140831377398,59.509717818575986
C0442,2025-04,61.44444482968555,53.2807189264996,66.20222181868985
C0443,2025-04,82.76808832604485,82.57286912528424,75.34116004637887
C0444,2025-04,59.69272065788209,74.96640439573599,63.85870473141463
C0445,2025-04,96.25120750410488,67.871692285228,91.62886006841582
C0446,2025-04,79.41222655535063,79.07272501228326,67.84903498629843
C0447,2025-04,59.268552358744806,58.486330031592686,92.79638527104332
C0448,2025-04,78.27904527615259,60.39789266706021,59.87368008308884
C0449,2025-04,74.82630712196404,65.9795313963718,90.4206861293476
C0450,2025-04,54.628350057522525,60.77803052208119,54.82027804851633
C0451,2025-04,68.08791744496752,72.23344449457427,80.40325948740187
C0452,2025-04,88.09948215474394,70.64778152144278,71.79302476220853
C0453,2025-04,,80.52006070095129,48.63728840028479
C0454,2025-04,80.39981509512275,82.56879214335662,86.04468302560244
C0455,2025-04,77.2068008398153,93.72383676566504,87.05655735099621
C0456,2025-04,59.20683589571564,45.411565034825315,69.6329073131629
C0457,2025-04,72.20470110432706,,86.16558590081321
C0458,2025-04,83.59330238667879,66.00081214502998,89.47844953748884
C0459,2025-04,68.2048685468937,,67.27382939999968
C0460,2025-04,82.9348989497984,54.61963093611006,64.5235693919875
C0461,2025-04,57.68323684199934,53.824511798143305,88.57643935107632
C0462,2025-04,74.51863618458857,58.672010415423046,59.890667245154695
C0463,2025-04,83.8667617254662,82.87926429424428,100.0
C0464,2025-04,86.01223456374825,92.3503171064022,62.030704331272915
C0465,2025-04,84.87449906926994,79.1528661459594,98.9584223589861
C0466,2025-04,63.03362703549386,57.37810251606059,63.72554720645759
C0467,2025-04,88.44901736188353,49.53789167151065,57.77653990233262
C0468,2025-04,67.5323114198857,,83.59196456582565
C0469,2025-04,67.39294561972218,70.40497568974861,68.18903877985002
C0470,2025-04,74.24563922686231,62.72022780044859,39.67003769298291
C0471,2025-04,73.83237690066747,66.39225845601861,85.89780282901303
C0472,2025-04,95.53296483987471,70.3950234447851,84.97471170845961
C0473,2025-04,79.97513534269228,92.25247381527609,
C0474,2025-04,90.19214672772789,45.086264814644395,53.7490330549813
C0475,2025-04,86.21894332014728,72.9911680332871,71.58792591459422
C0476,2025-04,92.41014041530687,69.97408876414042,67.89155658062123
C0477,2025-04,69.2392132421879,74.80042955800215,85.96536934321328
C0478,2025-04,37.482514266413496,78.24193511926313,80.57822616057437
C0479,2025-04,94.68743935796603,89.1829933707757,63.91562685243843
C0480,2025-04,78.67442408855126,68.44794678803102,54.41164517344811
C0481,2025-04,,67.6889367395532,54.75930239685602
C0482,2025-04,,74.27407894790412,83.33454206925666
C0483,2025-04,95.61137598642408,40.54184241346756,56.606980960724044
C0484,2025-04,100.0,71.5311305496775,69.14826828606145
C0485,2025-04,100.0,76.7510888839968,72.43000172086839
C0486,2025-04,59.928002738887926,74.52234666063374,53.684876861788126
C0487,2025-04,46.968762627235826,64.57829919694369,77.58093563161874
C0488,2025-04,62.34881079562516,77.46664742792359,87.85144731316315
C0489,2025-04,74.23028497705559,72.84761429939907,70.28794651568461
C0490,2025-04,85.30226201993537,,54.346059452165186
C0491,2025-04,70.470835352774,82.69788571146502,87.46752358289933
C0492,2025-04,85.58339770504173,75.4703188121623,62.66528006738951
C0493,2025-04,73.82743931019341,77.40006246733856,63.021526179412696
C0494,2025-04,76.80818721460514,69.05028159126834,100.0
C0495,2025-04,73.63366813358844,79.355535303796,45.61789465671633
C0496,2025-04,52.02662406064799,98.56125915626917,50.832758192909814
C0497,2025-04,74.2732579418605,92.52968405879979,82.77497115559235
C0498,2025-04,71.96437258696123,63.015047005321776,68.82949712336813
C0499,2025-04,66.68881151619262,54.76224860798583,75.90465584912144
C0500,2025-04,69.58874175871571,80.7850043137712,79.18400864636422
C0501,2025-04,76.26276686630406,85.0587159934727,69.1203839654735
C0502,2025-04,52.900402353041876,68.88175234957583,90.49606394057149
C0503,2025-04,,68.28532738660539,
C0504,2025-04,99.25493282466692,70.08596835058691,74.18626418011264
C0505,2025-04,74.51462878802243,100.0,73.06649035796156
C0506,2025-04,78.81266963100747,71.97047758825299,
C0507,2025-04,89.0639352071113,88.4315994208136,74.45243347409185
C0508,2025-04,92.06493866348741,56.89854495853585,94.24795190228855
C0509,2025-04,73.4585730733849,65.76632239269469,86.07337202533623
C0510,2025-04,90.50522118658168,100.0,83.35300339555785
C0511,2025-04,87.35397687368959,74.19348906568656,96.71097121971572
C0512,2025-04,,83.39832991031857,81.22115303312148
C0513,2025-04,61.20792580506596,51.67186659926432,74.18927164008403
C0514,2025-04,57.22570536225336,69.28534400885309,70.092944144339
C0515,2025-04,50.44441285354688,35.76922681310497,72.24807823318336
C0516,2025-04,70.64076372554793,64.22940380641218,96.615296358088
C0517,2025-04,78.43814209876872,72.7641846248285,78.88902773044687
C0518,2025-04,63.15585009217116,86.88992379146936,52.376713955575454
C0519,2025-04,69.56904235639348,72.80416214483535,66.3153003940728
C0520,2025-04,57.16592224515044,68.06921872975934,85.35081391472406
C0521,2025-04,84.37936079321,54.262096457928465,59.63535463040989
C0522,2025-04,80.89966378010199,72.55036016568206,79.43547792361387
C0523,2025-04,79.56927768492683,81.40323308515282,79.77857311287785
C0524,2025-04,70.95779108252644,31.120281833892413,76.93611899367446
C0525,2025-04,69.13364232657251,,70.20483980977863
C0526,2025-04,73.78542486381136,64.61244996296975,57.92354748213175
C0527,2025-04,52.67105033301859,66.01378422941627,80.51319213609871
C0528,2025-04,75.33881925911044,,57.99526464318854
C0529,2025-04,71.81808144721747,62.827204165078406,80.97473956069861
C0530,2025-04,53.865945912188245,50.59515719858571,41.073279896296945
C0531,2025-04,70.353358166728,60.57915903546644,64.24510619194888
C0532,2025-04,66.71000596460532,51.786275657537985,71.69156102275625
C0533,2025-04,66.0174160320816,83.86365283945877,73.49318741653359
C0534,2025-04,90.66468972640533,92.10630082141856,80.81290935694267
C0535,2025-04,87.84873665656855,63.53284961047461,43.281261755081005
C0536,2025-04,77.33776793643476,68.42839269198437,66.52084161526695
C0537,2025-04,79.67291534025308,69.38298812703191,56.94190758642437
C0538,2025-04,69.53968592758324,52.814711786135575,87.85711334271471
C0539,2025-04,74.73031291270402,78.31373967539773,60.31209495094353
C0540,2025-04,81.77298708418635,66.20341750974936,66.61318021197735
C0541,2025-04,62.03248324910351,38.71181315345555,76.99222706133189
C0542,2025-04,68.17578478938627,,
C0543,2025-04,73.44914303803738,47.93971306370722,78.32857426481132
C0544,2025-04,57.811588712162084,65.49809386922158,61.285772568706825
C0545,2025-04,79.49285823464714,65.56450999662103,45.96022363013843
C0546,2025-04,94.9007824044347,86.96675903366952,62.0839855548216
C0547,2025-04,81.65306513317299,60.00892566509465,41.65134638823327
C0548,2025-04,84.53722762981371,92.7668096062547,74.04019902970572
C0549,2025-04,63.44452241947927,89.03530781130128,70.46239105405802
C0550,2025-04,73.75157784354846,69.86514932465849,68.01256403251111
C0551,2025-04,91.20257049571339,100.0,82.4900700827288
C0552,2025-04,56.51625264545955,61.57098749164759,78.14533895233852
C0553,2025-04,59.180390243434225,61.802586761902795,60.05207073356778
C0554,2025-04,78.61104168354235,100.0,
C0555,2025-04,69.06075437260216,81.18758490938193,53.43981878617314
C0556,2025-04,94.18490417575883,88.77761543410826,51.04582540172997
C0557,2025-04,92.88196434811502,87.10275754035843,93.29952290247546
C0558,2025-04,75.70592196042647,84.7088885399122,70.99222712332681
C0559,2025-04,69.751563229071,73.72258943918585,78.40743642042665
C0560,2025-04,,56.56319360775856,52.262664415047055
C0561,2025-04,,50.28248101960682,80.32986002476609
C0562,2025-04,63.96018376213821,61.35293227252644,66.3998719820112
C0563,2025-04,53.27201216613517,71.85332737718102,68.01669897501995
C0564,2025-04,74.75184561758208,92.7490888398384,100.0
C0565,2025-04,71.0971689657338,69.11973286175291,48.62010080964547
C0566,2025-04,80.31664096247263,42.35520969144185,79.72532997791237
C0567,2025-04,84.22243897566365,89.72866908764192,86.01867029549223
C0568,2025-04,78.3842269662009,88.5653364274405,77.40280381369493
C0569,2025-04,79.1898173591446,64.00520587121235,86.90977752720563
C0570,2025-04,89.15211847701507,79.83836875466064,63.34723162336441
C0571,2025-04,73.164380320939,62.925540970974474,70.13991440012921
C0572,2025-04,100.0,53.220427913949045,85.03381548661596
C0573,2025-04,84.8473556520731,70.32746823158571,64.50499908315662
C0574,2025-04,69.04775457508609,47.796143161235214,52.01264006752513
C0575,2025-04,64.1563695854892,71.2267171532199,100.0
C0576,2025-04,62.364865711551296,76.15738681560678,81.52585464920921
C0577,2025-04,73.28009101572817,56.32738925241706,82.16658879196326
C0578,2025-04,55.13576440030299,85.39076846542373,72.7326280589148
C0579,2025-04,71.6197035891087,48.8047313879552,81.63050969896418
C0580,2025-04,40.48272882082995,56.073721175549764,67.97031188094743
C0581,2025-04,90.71287233338172,81.96385558397759,72.7336840120793
C0582,2025-04,75.98409833181113,81.04636240257658,78.13692056225652
C0583,2025-04,100.0,64.44352567564844,80.02186466575519
C0584,2025-04,78.71459037345036,77.95662748219239,70.97499916154119
C0585,2025-04,74.9763198572775,65.6857834185411,70.71433249055906
C0586,2025-04,58.316960426584174,61.17409554883662,81.53156039925747
C0587,2025-04,70.75527819119868,74.6130876046119,76.35079557181885
C0588,2025-04,100.0,66.58665515973563,84.7364546726354
C0589,2025-04,81.37787013010846,68.33740640249904,58.356041522044045
C0590,2025-04,,64.85193716323458,81.82798193159181
C0591,2025-04,74.03229768709336,100.0,57.00744098422887
C0592,2025-04,96.54444419182028,83.3737198860935,94.7766913348153
C0593,2025-04,89.16197522467667,66.14698531507804,76.65752535674835
C0594,2025-04,62.326469163441416,53.49669726313712,70.18528214717969
C0595,2025-04,82.69466096857315,69.794610907533,75.36653486848195
C0596,2025-04,91.02106225271243,45.141426910797136,79.30706858127418
C0597,2025-04,48.696108846442755,96.07866710786767,89.73893037083906
C0598,2025-04,66.85652403557388,62.59094626738259,92.67311574786419
C0599,2025-04,51.394331961250586,69.9889818817931,46.91401279686092
C0600,2025-04,87.43188293472262,86.61949131676357,69.1678525987519
C0601,2025-04,79.9282068430825,92.49734558680004,62.0459471149211
C0602,2025-04,70.91384672601338,59.5152192900699,60.52080911575229
C0603,2025-04,,81.58472664842351,52.784027247233865
C0604,2025-04,78.45300386113885,100.0,73.80865437407178
C0605,2025-04,79.65536236020498,46.90937952358229,54.5735289689797
C0606,2025-04,100.0,59.87969909370704,87.2118311088951
C0607,2025-04,69.5671230272103,74.40544664701169,59.70544163274055
C0608,2025-04,76.06162280416363,57.42896500474278,78.31086418243872
C0609,2025-04,83.10494285058704,62.626020297142965,60.688320485895986
C0610,2025-04,91.49073058002216,84.74568836281632,63.743381463267895
C0611,2025-04,74.67884845244193,91.93624750382318,64.89937862366364
C0612,2025-04,77.18493683006885,89.49292702250114,55.97450655618446
C0613,2025-04,71.34809017490473,56.01282849437109,86.0126002140683
C0614,2025-04,71.25518309220158,69.04056272663445,77.59360887903166
C0615,2025-04,100.0,55.80497724277211,85.2752779257002
C0616,2025-04,76.94261681292059,98.30631877232574,67.8706257567275
C0617,2025-04,100.0,81.68168073353621,91.56339342440866
C0618,2025-04,73.607482709177,72.61937016542204,83.75930031515155
C0619,2025-04,57.762697055836774,68.85811548952633,56.8202601113712
C0620,2025-04,57.628670585790864,71.47816583479904,77.00705953373412
C0621,2025-04,72.1386713318699,65.19918729337839,85.80282642016033
C0622,2025-04,45.3713670585061,66.03627203900616,64.38391166222686
C0623,2025-04,93.56157061089351,62.941876664395004,83.53312654413881
C0624,2025-04,71.01190933322106,78.5295881098883,49.91927085500496
C0625,2025-04,80.70396177416373,56.9119166964215,74.26699903661948
C0626,2025-04,61.05313531069016,75.72388444665724,66.17175788218991
C0627,2025-04,54.198960342052715,42.607576689657115,93.65830548556347
C0628,2025-04,61.43615161814074,83.90074912174194,60.722936889068265
C0629,2025-04,89.2321883738025,52.73264260737416,71.98551947081991
C0630,2025-04,91.54526105982359,66.65213703771363,97.37302409549832
C0631,2025-04,76.17539548811831,70.01742478882156,79.47753331485211
C0632,2025-04,59.773025261467104,67.05206000073248,62.262932557907796
C0633,2025-04,77.93914553217296,100.0,85.86625204986966
C0634,2025-04,94.80889718341024,61.77287461041092,100.0
C0635,2025-04,100.0,70.50315871983389,75.48277076789991
C0636,2025-04,100.0,54.95688677889077,100.0
C0637,2025-04,80.99780588142555,100.0,82.61925105539441
C0638,2025-04,64.8161094832967,69.79238728874319,100.0
C0639,2025-04,79.89059143330581,53.02270308034288,82.57644181314187
C0640,2025-04,71.59169385867797,100.0,100.0
C0641,2025-04,91.67565323971894,81.5176578380169,66.61277567318695
C0642,2025-04,96.74887592646677,73.54904407378228,77.70892518137386
C0643,2025-04,69.94635126744924,69.05048752200038,55.96642389348054
C0644,2025-04,83.90950405257229,71.19216081763982,83.49586832859534
C0645,2025-04,91.40932484575944,88.9454373304988,76.20509339311545
C0646,2025-04,58.6329975792237,92.4117566650417,83.85009728200743
C0647,2025-04,90.77601451622479,31.814052241501926,81.8174787929257
C0648,2025-04,75.2026617668944,59.240158137405004,77.99995919632661
C0649,2025-04,65.44211406864446,69.66370091840199,83.37283540283093
C0650,2025-04,55.43988364002443,58.907685842137106,87.24898837416158
C0651,2025-04,84.84761724428496,62.78206471666202,84.23330187913506
C0652,2025-04,86.50797207340669,82.04241498429266,79.47973798411269
C0653,2025-04,100.0,99.16571811479025,63.560480645720695
C0654,2025-04,60.410219379460315,69.09633360918555,86.54937974750722
C0655,2025-04,93.73098898246127,68.69882587491234,62.57765467182254
C0656,2025-04,92.35478611267877,50.32783700582122,68.7112587805687
C0657,2025-04,71.7045493632406,97.89810808999641,76.20999161446133
C0658,2025-04,84.6854533189592,73.33607307901148,49.090627259131054
C0659,2025-04,56.15394597961367,76.37782669543971,55.03120925324143
C0660,2025-04,,73.45234130223554,60.03059420910899
C0661,2025-04,74.34799764766723,89.7983580419129,82.46709797360313
C0662,2025-04,62.9916799297463,65.06974641902136,77.15673932428768
C0663,2025-04,75.25408408986009,83.66597609746921,65.99669908126278
C0664,2025-04,73.89003251955829,,90.76235661009486
C0665,2025-04,59.34459306287235,57.26002375679722,63.9140818427899
C0666,2025-04,96.51781470318845,61.331749715058706,99.79560590143265
C0667,2025-04,82.02332368634586,57.60521156589023,
C0668,2025-04,74.17370617016716,42.3441670779463,60.428213491571185
C0669,2025-04,60.305986054603316,98.03707106683586,100.0
C0670,2025-04,86.54900856059776,90.30138568565664,43.168016892112675
C0671,2025-04,87.55430891909914,66.27713742426538,77.08347517644707
C0672,2025-04,79.72297706955702,68.85228737773437,59.1613211308912
C0673,2025-04,74.93224629242786,74.2971507220772,55.59205119309328
C0674,2025-04,66.97830584744852,79.37162640622115,70.12243550328604
C0675,2025-04,79.0980515330096,88.42042941698732,97.5354044493304
C0676,2025-04,77.98860564247965,81.9020126526468,81.83430471598692
C0677,2025-04,87.72578999191704,54.96624253562143,49.475396985020225
C0678,2025-04,84.58123475323646,70.12763772344412,58.8417549746399
C0679,2025-04,48.88277041801415,63.18266177922354,63.106512995521165
C0680,2025-04,84.60080951238535,19.688399391831453,62.16356857144199
C0681,2025-04,68.48004736225691,73.6427605617381,93.50968078353233
C0682,2025-04,58.86863978793248,30.57807533808493,80.82200549088148
C0683,2025-04,55.366771889050995,96.38831630225948,65.56714967746643
C0684,2025-04,62.80772576085704,46.34186366508064,70.2557514179072
C0685,2025-04,50.40631589917547,71.25409778336568,59.671106784724984
C0686,2025-04,68.50041112962418,90.07916003730578,62.8368738560369
C0687,2025-04,89.87469760160096,54.672306286814184,53.23147072664723
C0688,2025-04,78.62407856188346,80.01580299519854,78.18930546615714
C0689,2025-04,57.70211013250514,56.742381605365196,
C0690,2025-04,63.09740689398833,70.79445823595603,75.85476507344632
C0691,2025-04,100.0,58.555985761934096,87.39734869353187
C0692,2025-04,77.90805470764465,81.73585068046856,70.81287770373459
C0693,2025-04,74.3709334103627,72.36592083510978,32.608325335156664
C0694,2025-04,80.66445425280833,84.5651970230703,100.0
C0695,2025-04,51.457310053307296,74.68603330870492,
C0696,2025-04,51.167783285657116,61.29965774779075,54.888969199280766
C0697,2025-04,62.66792917227486,84.13877415380642,73.93970146234682
C0698,2025-04,68.21846381409047,79.75830178951163,89.788200580972
C0699,2025-04,59.36676735952276,49.61164573461585,65.92648656781097
C0700,2025-04,70.91752089618177,82.72930577223948,
C0701,2025-04,92.79023327608154,87.20345565755116,74.0219041410692
C0702,2025-04,91.33023610960834,85.41686816791083,95.74627469318511
C0703,2025-04,65.54663516683645,76.58641743798715,100.0
C0704,2025-04,73.78885154665372,59.37654133867183,89.30691720569605
C0705,2025-04,78.95317744066341,71.19265653308953,97.39949482409894
C0706,2025-04,76.411371559876,48.47293463895375,49.14014076448946
C0707,2025-04,74.818926284879,80.79150420054657,66.33073980517628
C0708,2025-04,83.52157562400677,91.71296454412177,59.99371703276814
C0709,2025-04,86.21926091069167,100.0,83.654522875243
C0710,2025-04,84.80148260609994,62.33587896586378,88.17699106956047
C0711,2025-04,75.78331928306531,,70.04767922054816
C0712,2025-04,86.624510811822,59.10021120319603,68.64110028578528
C0713,2025-04,33.799117767609445,57.88126611848101,73.01536292710034
C0714,2025-04,78.03483012256383,63.22148417806677,62.97855600609702
C0715,2025-04,87.73964392465983,100.0,51.46766488530936
C0716,2025-04,56.868354204198596,72.19418958785927,84.74364179345433
C0717,2025-04,88.21684000783873,91.51930391941053,62.50693277612273
C0718,2025-04,45.61207872168424,87.54487642809262,69.94201989461794
C0719,2025-04,44.15950156460721,79.64092932406166,78.02096637905231
C0720,2025-04,78.29660066858821,,59.6434446273438
C0721,2025-04,36.04552506589609,61.04690445873461,97.77867346688873
C0722,2025-04,76.29329968978165,81.67603091588342,81.16477366475117
C0723,2025-04,95.76257771676168,100.0,65.15360109114995
C0724,2025-04,74.51191604860517,73.36568516263647,89.84753302319501
C0725,2025-04,69.78868365718921,83.20537200452999,100.0
C0726,2025-04,88.82305136372024,57.6475872592173,46.23605005882463
C0727,2025-04,42.88540170274062,66.23235304631989,22.947247362384964
C0728,2025-04,82.6974752226005,66.99640777293257,71.58287199428034
C0729,2025-04,72.82312856957662,97.68474535750457,71.65482876700231
C0730,2025-04,57.65669247232255,74.10839979866238,81.25251354858031
C0731,2025-04,68.19374155690504,75.09346179254051,95.11480942841985
C0732,2025-04,74.17546918149483,96.98963164903887,76.36637532985067
C0733,2025-04,77.29975832332303,82.38978583760765,68.32896556295867
C0734,2025-04,99.88515361946567,74.42990692945871,85.99975899711501
C0735,2025-04,69.67056836244498,74.81429321944955,93.41080953573339
C0736,2025-04,67.80820978581244,71.69359227502588,
C0737,2025-04,68.57611979403435,92.0936405785759,94.02617204690934
C0738,2025-04,65.40359645263713,65.88192104913176,68.5081886356542
C0739,2025-04,99.73466364668965,67.47477717115748,88.47658558398317
C0740,2025-04,89.63734568867646,64.35524742273704,60.53057736349981
C0741,2025-04,57.64396072645775,93.67665746147003,63.21743372656937
C0742,2025-04,78.41021378157211,92.09479640149145,85.03097569334973
C0743,2025-04,68.26597029672428,73.56347874253223,90.46992747156396
C0744,2025-04,77.54317364779433,76.65432825521553,95.31801470954525
C0745,2025-04,39.17041477193759,97.81038156491908,50.01575430049635
C0746,2025-04,46.992903898388164,77.61702429400069,74.25703482534006
C0747,2025-04,70.31436654314314,57.74033377815359,83.83003993789407
C0748,2025-04,83.41949377473419,60.1382709721095,48.37129916939731
C0749,2025-04,73.71645571493178,77.41188639780201,49.38191828140407
C0750,2025-04,59.00533608981047,96.54340181226422,78.66357393315738
C0751,2025-04,82.35508490914398,,76.73993302698003
C0752,2025-04,72.67766579812418,65.52574996858975,78.87528323506663
C0753,2025-04,76.81687623668603,97.99204747984025,72.34268646493652
C0754,2025-04,65.88342759979419,67.89572461370753,68.14395573571477
C0755,2025-04,93.67430294754374,69.84907451110813,99.06693341160576
C0756,2025-04,73.89375112879065,100.0,70.00688689421632
C0757,2025-04,90.56324151789457,65.35362359767149,76.59230125122316
C0758,2025-04,67.35598855047986,70.83153346599676,53.21340412730707
C0759,2025-04,51.685908371704016,79.26947821239469,89.61418457122515
C0760,2025-04,81.2280708089898,54.51809527640057,74.37696903454552
C0761,2025-04,82.17712987140263,88.13854114510504,81.09825624215027
C0762,2025-04,51.63252996514219,70.38627173451056,92.68953759526818
C0763,2025-04,90.48928203142196,79.5131759010379,73.537009633203
C0764,2025-04,,70.83400866379685,100.0
C0765,2025-04,91.23494438910133,53.21699231811607,94.3209928119058
C0766,2025-04,76.5903190140755,83.39637630546514,70.61352433719148
C0767,2025-04,68.54958618882489,96.99497127248931,66.8335798999609
C0768,2025-04,69.29592324413653,56.45184922927339,59.20553499412384
C0769,2025-04,,78.68843159985694,67.99948009148649
C0770,2025-04,87.46070401400435,91.27649991751068,52.64738929146715
C0771,2025-04,82.09875821045581,71.69295209779092,90.88517985536208
C0772,2025-04,87.81091405477179,71.52798138813762,83.8982949564214
C0773,2025-04,87.69918778275367,78.01386738353669,74.1624816974679
C0774,2025-04,90.95849058997439,,85.7805129355045
C0775,2025-04,94.10088255403146,74.52956886723693,68.39104510608239
C0776,2025-04,95.475862855164,64.10516858512673,68.06303534536025
C0777,2025-04,100.0,74.95340507971646,82.66471903472602
C0778,2025-04,69.29588106427767,68.4234638983177,
C0779,2025-04,68.09017030836026,76.58250395087519,91.32017298869197
C0780,2025-04,100.0,80.10706744589173,75.2467270340628
C0781,2025-04,,59.70732698293392,100.0
C0782,2025-04,72.97384934106766,65.41777824275815,80.4069440425659
C0783,2025-04,67.37330227994369,72.70806022534356,58.81396780773512
C0784,2025-04,80.59872408989943,51.97907911914251,75.30588453538077
C0785,2025-04,,61.734301683204535,76.44125265069647
C0786,2025-04,62.807173723054234,56.00480421706922,71.62488642151357
C0787,2025-04,74.79630767054758,68.3344968024245,82.7817979541005
C0788,2025-04,78.52506389204571,82.86273673537013,92.21830265688372
C0789,2025-04,79.27194380256067,86.88654819346493,75.64551699375991
C0790,2025-04,63.49074190394377,95.2411640494216,88.07861035253558
C0791,2025-04,65.33370071555673,75.33437162663412,75.43514620053938
C0792,2025-04,83.00998701615559,48.71459981176852,58.469737602431714
C0793,2025-04,76.1864207608531,53.92249847713823,45.886060406636105
C0794,2025-04,100.0,80.812358101268,100.0
C0795,2025-04,76.53203758105172,65.86054653951477,97.36301110924906
C0796,2025-04,74.11185538235881,60.86627692691885,61.6547870313482
C0797,2025-04,53.32939469839668,87.94989104090077,48.787037662991686
C0798,2025-04,63.897190150588116,99.2289999972558,70.6994828947534
C0799,2025-04,62.019087395160156,79.4884658513439,71.36483994429908
C0800,2025-04,77.68152031562312,85.989237983841,54.95491983569117
H0001,2025-05,65.57715778427377,84.99517612056422,87.32385127584787
H0002,2025-05,72.0324452091697,46.76047140709407,54.743748474759165
H0003,2025-05,62.9781028761692,88.05696080082217,69.4409715417414
H0004,2025-05,74.21004748848068,72.18920867759296,94.08287541597164
H0005,2025-05,71.50992783088974,70.46413565969718,70.5971532244564
H0006,2025-05,58.81148322418942,80.61860222807408,51.285961545050654
H0007,2025-05,80.85834335792556,68.45185529556728,
H0008,2025-05,100.0,78.82401633249317,71.42928104192426
H0009,2025-05,73.53440419491224,66.22175365257237,73.06092743662663
H0010,2025-05,68.11581298432095,100.0,62.03974780013168
H0011,2025-05,79.47541118007446,54.56051075497689,33.40927312445923
H0012,2025-05,80.17515174776987,74.82974158680538,83.53226368480948
H0013,2025-05,70.81881072464768,56.159493360164475,
H0014,2025-05,56.71918659028809,79.74138294482037,46.20801136897109
H0015,2025-05,58.55790772288992,53.630401573597254,61.845182791064744
H0016,2025-05,75.86925495527245,81.28132258879039,60.27146902283067
H0017,2025-05,93.79507755481254,87.00128446721132,77.35727600912075
H0018,2025-05,75.62627660350871,75.63703977962444,97.309793231626
H0019,2025-05,59.774913834442785,65.08499021580039,62.52813585463139
H0020,2025-05,64.28602819746723,73.31685160148373,91.6454805926738
H0021,2025-05,68.7582771533493,71.34006941616852,46.6684176488009
H0022,2025-05,72.8034611334547,74.55332608715837,82.57202419394146
H0023,2025-05,69.26236933453401,55.984491662351914,81.63919955197454
H0024,2025-05,99.27832422902819,97.75435711603431,54.55013597540903
H0025,2025-05,97.53757970122514,62.60176030154014,82.01020480909617
H0026,2025-05,72.71311324336251,100.0,66.2728800891446
H0027,2025-05,65.67693355921197,88.24486248597341,47.20155134564374
H0028,2025-05,69.3585379033746,65.79285218024056,61.29004737200405
H0029,2025-05,82.21807018094188,56.11403519696593,
H0030,2025-05,65.6856836819532,79.6711239001268,66.0545721811519
H0031,2025-05,64.41137678882869,78.5188783951172,66.40441022616506
H0032,2025-05,50.16857989800613,22.378173037374694,85.55631765634169
H0033,2025-05,72.40754689099911,59.52639033234108,68.62614190938606
H0034,2025-05,67.92306022848035,58.81303779554787,55.32286986034923
H0035,2025-05,74.23541188806652,18.6040099754088,100.0
H0036,2025-05,63.16592054610973,70.28758399450048,71.99246767278325
H0037,2025-05,79.61247676520688,70.85239278421666,72.99303728443374
H0038,2025-05,69.29712362445574,50.792780170166296,56.02210503975268
H0039,2025-05,95.98789741578061,78.7797947916797,65.99117433770229
H0040,2025-05,59.8297663521122,37.32943084918128,57.058929216004174
H0041,2025-05,89.99218023435228,78.28241505130235,66.60926263537894
H0042,2025-05,81.0381755326099,81.65880962917157,85.589556641443
H0043,2025-05,63.59954610882565,34.63497467798223,45.79001163962238
H0044,2025-05,80.74576032939933,77.57056848288653,
H0045,2025-05,92.6438723998825,56.43350674590642,81.86992482378396
H0046,2025-05,81.79523463571176,73.5092640448716,49.646846028876354
H0047,2025-05,73.98876168980769,72.39189152418689,83.0910991120637
H0048,2025-05,70.25254501971877,92.91089648977899,74.53400570717065
H0049,2025-05,51.64914422142964,55.93286449494068,62.18472504899388
H0050,2025-05,72.02611740573892,43.241094738058706,62.68440009188768
H0051,2025-05,81.8179720732153,70.06994388511082,89.95086680404846
H0052,2025-05,66.97783583891342,96.46644445257151,62.37817561090717
H0053,2025-05,45.241064787591135,84.88182579028445,
H0054,2025-05,98.18265819538894,54.877249608594255,67.17014689916019
H0055,2025-05,82.1976131968479,49.06425681785761,64.50097640311508
H0056,2025-05,100.0,84.76691753265305,62.3378900151793
H0057,2025-05,,83.5910102699867,59.312797700295036
H0058,2025-05,80.96650606439337,80.78675078213462,76.25929951817707
H0059,2025-05,,65.12693762739005,89.97186294456391
H0060,2025-05,83.07904852341815,66.12693301230937,62.96286816018661
H0061,2025-05,75.5168795599572,,81.87250228611516
H0062,2025-05,80.05329860492644,55.82573118940837,88.2933918781225
H0063,2025-05,82.73167569903427,80.02222866797449,77.57796569607201
H0064,2025-05,79.3262698578649,86.78721151226532,77.6419968229131
H0065,2025-05,68.6931916639417,69.12585303656482,73.73909425172648
H0066,2025-05,76.27307617479674,74.88459810065828,59.3225314355038
H0067,2025-05,85.11180694632708,76.78948636802512,44.64055628924528
H0068,2025-05,79.11297475714632,86.07097966602979,84.46324427581405
H0069,2025-05,95.58314598431761,66.90983116901188,60.22757608358266
H0070,2025-05,85.8530661035822,71.11304286046328,63.868974763201884
H0071,2025-05,59.45483376326931,98.4936254890634,83.13322149854814
H0072,2025-05,,40.69020417119631,51.452997842688774
H0073,2025-05,53.693699696767716,71.28687792596949,79.78948582805627
H0074,2025-05,87.69293135946725,86.36256115013211,63.68236186901385
H0075,2025-05,68.56761124776276,51.01116480391525,70.87735689943109
H0076,2025-05,68.37440505128887,62.21441891536893,77.90679736055478
H0077,2025-05,51.6241646257335,100.0,79.55638607008842
H0078,2025-05,64.9973217836857,76.18665289249338,61.38662664818935
H0079,2025-05,85.72958467130618,70.99628804631496,62.10940237695588
H0080,2025-05,63.6344564862556,78.06368978788494,66.83899278755311
H0081,2025-05,67.05352532819228,55.062353678521774,68.6854028592075
H0082,2025-05,71.17217770634525,84.86297395230653,85.73958256722952
H0083,2025-05,62.541932785979576,82.25284567640966,55.91326014908154
H0084,2025-05,96.52453212769292,72.28893995902551,64.72030049303419
H0085,2025-05,66.2896214166718,64.62778023022054,59.247583854518616
H0086,2025-05,76.04377645954496,88.95087746840036,60.61018903320404
H0087,2025-05,86.79172728061636,76.2141563532331,41.40190452599481
H0088,2025-05,50.9298666589168,97.73326403905367,100.0
H0089,2025-05,70.29345967910513,69.11696057915788,91.08533795431727
H0090,2025-05,99.3629228746537,84.83331684722742,45.47479340260034
H0091,2025-05,90.46167946001901,65.05043915392713,69.60197153201788
H0092,2025-05,92.95970617403486,60.10193638823511,
H0093,2025-05,80.98510998365417,61.457281437872496,58.091197958108154
H0094,2025-05,83.77452453132196,100.0,87.32533217500966
H0095,2025-05,82.36310718896087,55.24734640247096,
H0096,2025-05,80.06121435987467,53.52455729656948,40.15496386528517
H0097,2025-05,91.94694306709206,73.17618832359993,89.89739119895775
H0098,2025-05,93.15260506470047,100.0,65.80584736268439
H0099,2025-05,81.61938311974312,78.87144018232523,77.20597135601062
H0100,2025-05,65.99000085578491,59.67353030473097,64.50478822572781
H0101,2025-05,81.2924106510023,64.23975508199797,85.6202195163259
H0102,2025-05,54.36056265360183,78.8823570096979,72.70298958247066
H0103,2025-05,64.41141890432891,56.16142988738986,63.08026269798903
H0104,2025-05,61.04957773494946,100.0,72.78791459466257
H0105,2025-05,73.27242221364192,42.59605194313333,87.04797537038553
H0106,2025-05,79.09443981456896,55.16126379547907,62.222518163599155
H0107,2025-05,75.31319619539144,93.28116041837865,71.67309300066196
H0108,2025-05,84.03954155913786,81.38584173509038,90.42521872011535
H0109,2025-05,86.62825642750522,71.80202704594012,78.67303577664637
H0110,2025-05,92.75622612896034,70.03829950751903,44.171159686599395
H0111,2025-05,89.99769307463707,87.65231185076337,83.14834160828872
H0112,2025-05,73.10025969485613,79.14511700264912,59.752284945367634
H0113,2025-05,96.7436346963733,73.33746685375297,63.547677199906744
H0114,2025-05,72.00706653375455,50.38594699678321,53.28918718801326
H0115,2025-05,78.47279807615574,62.22485163890335,71.06487469286449
H0116,2025-05,83.15670829785383,85.57263052749495,90.26088144369807
H0117,2025-05,65.06780667562889,84.8622699104117,57.01043067648285
H0118,2025-05,41.99816612919609,63.66096232729936,71.46507950732386
H0119,2025-05,73.36033964993352,73.53397825192157,59.40591751256751
H0120,2025-05,68.58707700781932,84.75471181145737,68.63496183022315
H0121,2025-05,57.73064623132771,52.32856720300817,58.18385592708636
H0122,2025-05,85.64854466594728,94.65417953642063,67.45694889038808
H0123,2025-05,63.259350738683096,100.0,65.05601156448593
H0124,2025-05,84.5650687807538,61.69743586260994,70.735692245626
H0125,2025-05,72.79046228061063,100.0,70.3658206265911
H0126,2025-05,80.74425025791192,83.44749325078446,75.00570159029535
H0127,2025-05,71.46614921619764,74.44048426154359,85.75920180360623
H0128,2025-05,68.5917291824147,97.37588648830204,98.6920166453661
H0129,2025-05,31.674770549478026,37.627042707175285,50.92722763361013
H0130,2025-05,88.86874393030263,51.65025830186106,89.45699924078701
H0131,2025-05,77.78549821612421,55.97231570850269,69.46477658290854
H0132,2025-05,79.33358444599001,71.30225915999252,55.05281399225818
H0133,2025-05,64.17898192135515,77.6070063026557,81.7006634532258
H0134,2025-05,63.57433249097894,68.33215737400447,96.87047587069425
H0135,2025-05,89.93299564236324,64.57750638324903,61.47032119953845
H0136,2025-05,80.82730865695694,77.32984150619991,99.42484043625686
H0137,2025-05,65.35083248316754,70.135178192729,85.04241693648862
H0138,2025-05,63.549979585763076,62.74125987121271,60.799063782596264
H0139,2025-05,78.69049153563567,68.30897150915438,81.9032187299353
H0140,2025-05,72.07215455769338,95.13543638798781,76.6929628195312
H0141,2025-05,71.02684121426387,,57.60844812729023
H0142,2025-05,82.24663559240037,84.04489146026641,84.67352575779042
H0143,2025-05,59.58609340753235,50.04145747467061,56.87865275798065
H0144,2025-05,85.10984858190659,97.9687317747235,63.922198734850895
H0145,2025-05,89.67213113689256,40.2743475535536,85.22453647140699
H0146,2025-05,69.23537327078056,70.85823102870472,75.78017635109053
H0147,2025-05,74.71584060233295,60.33732928695835,81.65057600826734
H0148,2025-05,54.538837737092734,92.70018471032976,91.05625398406306
H0149,2025-05,76.99559607091554,73.45713297984659,68.31414639674176
H0150,2025-05,,74.36298792984572,58.7238994583222
H0151,2025-05,65.89757966738128,62.18697228969048,76.07246938449232
H0152,2025-05,63.87128973296558,53.80265217674514,75.73551162802764
H0153,2025-05,87.23526156015038,48.73324358111849,65.59689063058718
H0154,2025-05,72.34155744045728,70.71163910466423,93.13913351973152
H0155,2025-05,62.22374234202168,77.26558985293156,57.25745173688456
H0156,2025-05,63.56872411273995,64.30337560229276,70.97185233923578
H0157,2025-05,83.2853437543504,71.7907548615528,69.41281395120535
H0158,2025-05,67.98383903418208,77.77241413665041,68.05353738253773
H0159,2025-05,62.91115151174611,59.83392744881394,80.78219723343925
H0160,2025-05,,60.90464089999895,73.07817941676527
H0161,2025-05,68.77956348229333,,
H0162,2025-05,62.4371069329577,87.46104732151244,85.82199365852986
H0163,2025-05,88.01171793586497,73.78164847942996,
H0164,2025-05,86.00526404165,59.8909374574644,61.81919503384406
H0165,2025-05,80.11290547254163,77.79191383385607,76.20060755269213
H0166,2025-05,85.75678272518577,56.38062162096611,72.97220965464464
H0167,2025-05,,47.76705450582698,55.44244064992291
H0168,2025-05,79.69671525679242,89.87404730030741,88.28935921263479
H0169,2025-05,68.77389512219327,100.0,81.37915556828968
H0170,2025-05,75.79316104454001,48.219374348740295,59.200731630316895
H0171,2025-05,65.52871749398967,72.59328073167102,99.3517121135693
H0172,2025-05,77.38062839602048,74.85802602664408,98.60482625567427
H0173,2025-05,68.3187785905564,70.167213799297,68.27945635295417
H0174,2025-05,69.03904385023023,78.24069578749992,100.0
H0175,2025-05,85.02172696265006,84.45197385465453,71.13770735994989
H0176,2025-05,41.1279289403798,78.68633829555617,49.451104454531944
H0177,2025-05,58.317528667652994,55.70775130937231,61.23493467677084
H0178,2025-05,87.82999204438781,68.49901914817436,65.5362520866844
H0179,2025-05,54.89068741181897,61.895153795707316,55.97384003939479
H0180,2025-05,89.93682855698694,58.79339425175307,58.461475604832806
H0181,2025-05,64.4710071248748,58.01157681138722,68.6128296184604
H0182,2025-05,,69.12774841499555,72.20445753277174
H0183,2025-05,,45.48649888592335,55.84562855654995
H0184,2025-05,68.27951282576271,57.7400960615591,67.77090536908341
H0185,2025-05,36.4014518955488,100.0,82.0375758443249
H0186,2025-05,75.80592185241682,65.36455386137911,67.35076209990403
H0187,2025-05,82.54247360056866,41.3074006281908,63.67258448318577
H0188,2025-05,80.96553016960976,100.0,54.25699208982658
H0189,2025-05,93.8089804171886,73.76826129959227,60.5144080914184
H0190,2025-05,83.99429626078668,57.312967815582894,100.0
H0191,2025-05,77.57958178622631,79.44518257000743,94.37106748024752
H0192,2025-05,70.01048684789008,79.61262401270106,78.97461446844255
H0193,2025-05,76.37171944879472,65.97092164706388,57.8949716165999
H0194,2025-05,69.8887709893438,54.14853752969377,65.01815459879937
H0195,2025-05,74.4106451572639,55.60104092323645,81.79591525493025
H0196,2025-05,56.22077032110812,82.66891058135481,82.53088337451656
H0197,2025-05,73.93792154147462,70.63674211185007,74.79972416133864
H0198,2025-05,60.92351250905779,81.82547743991147,92.06046140459021
H0199,2025-05,58.77606649007626,94.53444321380141,58.24633025872567
H0200,2025-05,76.19837490691621,67.18133390437124,87.63009816551366
H0201,2025-05,80.86611378465385,100.0,76.17303133772091
H0202,2025-05,78.78790145988654,68.09574507086903,85.28658612691532
H0203,2025-05,55.94464241915134,79.95736087950067,65.28383836559067
H0204,2025-05,95.55475719948755,69.54902943978288,89.40826735298742
H0205,2025-05,65.86391644281632,81.55199151744743,84.43629353380717
H0206,2025-05,76.49514668811295,100.0,71.75362792967644
H0207,2025-05,73.29844944437644,100.0,83.62099971269636
H0208,2025-05,63.90345380248148,86.88734799175631,77.69406173869345
H0209,2025-05,71.8046729595392,86.9201066594262,93.09701265319575
H0210,2025-05,97.660851665578,52.97650716356905,64.3707408517229
H0211,2025-05,98.09556565212054,61.35557305155949,80.35307499010794
H0212,2025-05,76.29109722491927,52.10612188362354,87.09329450081081
H0213,2025-05,77.15372687753104,,84.18840393932396
H0214,2025-05,78.81767678759506,71.986740502674,73.63747181160056
H0215,2025-05,,64.4585479849963,88.10668446250759
H0216,2025-05,35.13544410993649,88.31030612806038,62.832364740583316
H0217,2025-05,68.1215728211159,75.53317922170797,67.09856321351353
H0218,2025-05,62.15442617326667,73.83558587455019,81.97677872041378
H0219,2025-05,50.46814735728445,86.59759852107761,92.26038341340617
H0220,2025-05,75.09715202844814,64.38115584863799,66.14158667617394
H0221,2025-05,89.84324125552001,60.93568249399624,71.43714573804365
H0222,2025-05,76.47031054402359,84.56144344509964,
H0223,2025-05,62.695285057369695,100.0,75.43940959252235
H0224,2025-05,87.9441204363708,46.68848503448652,80.3989334603077
H0225,2025-05,52.80394920476915,66.05919558678056,
H0226,2025-05,66.44000156973762,80.94297584325315,46.12896266766887
H0227,2025-05,,79.11171500531609,84.80413104495742
H0228,2025-05,57.01284277001692,44.9560070916133,76.84328072969534
H0229,2025-05,93.43568221262308,59.9720327487477,77.37067140094558
H0230,2025-05,78.7383288189206,86.26527882171979,73.67405278002148
H0231,2025-05,73.99226444445826,84.45668640873144,89.87801093370908
H0232,2025-05,100.0,65.55933347574123,64.06039345620061
H0233,2025-05,81.50960331023046,77.62337663704395,78.36732473322002
H0234,2025-05,75.93194020054315,23.977313862161104,51.997135521987914
H0235,2025-05,57.719903810772635,69.88834641154205,96.14150323439445
H0236,2025-05,67.37279545885931,,36.57541773870793
H0237,2025-05,85.76594033987762,49.40199129372594,65.02170472534571
H0238,2025-05,92.96409805276508,83.2335057625334,49.837826073169886
H0239,2025-05,89.90803251631306,72.26541028056975,65.98131527641652
H0240,2025-05,93.62554584805262,66.84818061206633,60.216118608195956
H0241,2025-05,70.70160938878996,70.56608737718749,63.163718612776904
H0242,2025-05,64.4308688084997,,77.31221969317448
H0243,2025-05,76.32673316070452,85.04066114878691,64.75562896890125
H0244,2025-05,74.44226770782551,93.54711173145687,58.24884520643843
H0245,2025-05,62.085497264807756,,85.5777551909971
H0246,2025-05,84.09944780478074,59.35491475798866,87.99917847913643
H0247,2025-05,62.96858057483935,76.11006806908564,
H0248,2025-05,95.73883858691144,94.27621405989694,77.8906265143382
H0249,2025-05,87.96851980888059,60.752662108795505,71.69887680855162
H0250,2025-05,71.1470246830928,76.9986505774205,66.82607340765816
H0251,2025-05,50.75988914178792,67.90585581036711,97.2338704416184
H0252,2025-05,100.0,66.98173045194007,82.73774408140712
H0253,2025-05,76.18266152857855,100.0,75.50092331715281
H0254,2025-05,72.55713501631075,66.4072943937251,44.14672554006262
H0255,2025-05,54.90496536716708,,77.94858319931258
H0256,2025-05,68.50509145405297,80.05666138232455,48.107938136561444
H0257,2025-05,68.1772473669768,100.0,72.63289096808816
H0258,2025-05,84.97604024416611,59.70523670687827,84.95244567843748
H0259,2025-05,44.514516816590074,58.724527019639275,88.83587711213418
H0260,2025-05,60.70577966481148,67.0146606120062,61.88782982005273
H0261,2025-05,82.76104187488083,64.85407765091597,66.34245303056362
H0262,2025-05,53.084619213606096,82.86372203034855,48.076046549225666
H0263,2025-05,86.2911159552973,78.84790592179056,63.56053149014892
H0264,2025-05,75.9526546528444,55.77066970480445,67.97461615376238
H0265,2025-05,63.993574465550005,65.60834918363575,51.854916527049895
H0266,2025-05,67.42025077801681,78.94460193023755,68.48184685717452
H0267,2025-05,71.49662501153698,100.0,74.27957463746532
H0268,2025-05,74.95540299865888,74.96779180858556,66.13865433882061
H0269,2025-05,100.0,65.66942568151075,49.53466465228915
H0270,2025-05,91.39048641790967,,33.94658424946384
H0271,2025-05,87.26120434923193,66.6690400371597,97.3923543448269
H0272,2025-05,52.619413923292335,84.18632692808322,70.83740355104968
H0273,2025-05,90.78990752646895,78.64174711532188,59.09662965704692
H0274,2025-05,72.21978002720476,,50.72413454555837
H0275,2025-05,68.82117736999768,100.0,64.25315288681334
H0276,2025-05,80.69994299498973,79.12390150698793,73.1535079615998
H0277,2025-05,100.0,63.811974990201094,75.34655372468923
H0278,2025-05,73.82812087064842,62.95096319255348,88.84929687453723
H0279,2025-05,47.733003379860136,88.67323193945566,56.80614367291389
H0280,2025-05,88.29219517441582,48.87050357840838,72.1133193435306
H0281,2025-05,72.72213542641732,77.66304324991899,93.56619098919421
H0282,2025-05,65.18124040008087,75.65669469269473,58.3065068137537
H0283,2025-05,51.7484643423592,89.41966922912151,82.93867129074873
H0284,2025-05,67.36144088901835,76.31020404505695,72.62677157202118
H0285,2025-05,76.75275855986675,73.6663370049157,72.19543182414172
H0286,2025-05,59.21287013297239,68.27219821426277,70.11307536703
H0287,2025-05,58.582645808230936,70.96612439590935,
H0288,2025-05,,86.2017577337039,57.827067097210325
H0289,2025-05,71.8785731034872,60.733019350622584,76.19477705348801
H0290,2025-05,75.73061891620229,79.84127504949188,83.47139150428572
H0291,2025-05,76.08703575217329,88.22551135495203,90.99819986213893
H0292,2025-05,86.18682804255421,56.382425922681925,70.99028451753878
H0293,2025-05,78.0860053578951,80.74766720909082,64.61874052949605
H0294,2025-05,78.43665718163888,80.48445424859125,83.70559779931831
H0295,2025-05,66.13855036179973,81.48203610569688,78.3192349253976
H0296,2025-05,82.97330791602869,64.60473318041097,87.77470408154063
H0297,2025-05,78.31202296977558,100.0,49.805161747611855
H0298,2025-05,70.91885632405452,65.7740379140203,74.75315527746004
H0299,2025-05,62.92279226577122,100.0,73.34534278933828
H0300,2025-05,42.706275587554515,80.70367951314579,58.99845952483474
H0301,2025-05,63.2855407968203,100.0,58.25618628280913
H0302,2025-05,68.57021408369883,100.0,67.25200325009487
H0303,2025-05,84.94133000422154,77.49807349681294,71.7660767630184
H0304,2025-05,74.43991280026646,90.97250059899383,39.02192877892811
H0305,2025-05,70.49460444279259,100.0,82.11625044253388
H0306,2025-05,72.79397689643137,96.78619358221233,78.545218986057
H0307,2025-05,45.27264321768623,51.54145460208679,75.07022197009765
H0308,2025-05,67.10627469060113,63.607360755222984,90.63378534871356
H0309,2025-05,67.95369705871121,75.3637385692505,65.91809568553457
H0310,2025-05,61.971167950121014,89.59101240407469,76.37662646451854
H0311,2025-05,61.038939611176964,58.5584423055909,86.29045767252985
H0312,2025-05,62.709795748911276,57.89507662942141,67.88170427049651
H0313,2025-05,77.2246317908182,,77.36906236845226
H0314,2025-05,100.0,69.02741012301229,84.08599235792825
H0315,2025-05,,56.486582885214524,81.51240358962397
H0316,2025-05,66.12268328848813,,60.36624700980465
H0317,2025-05,89.2489242881148,72.27489492005928,80.25146403778407
H0318,2025-05,71.94877151422051,91.73798910251551,94.5630666770028
H0319,2025-05,76.43506971462472,68.93616615445065,
H0320,2025-05,98.57350449200595,54.662293214021034,71.94670961138975
H0321,2025-05,88.4906285474946,90.49732548126545,70.40783575437673
H0322,2025-05,69.66362420634711,72.2228087601143,71.53300030324735
H0323,2025-05,42.51674706571491,77.21974993986487,69.61078358536747
H0324,2025-05,64.89971498744322,51.956288206248075,87.8644604788457
H0325,2025-05,78.84191846262524,72.96963872307458,54.643255184504824
H0326,2025-05,86.82489898613949,67.05017365949186,84.7663945880698
H0327,2025-05,90.33785844297286,61.980872756039346,26.168734891857355
H0328,2025-05,50.38953843256597,66.24516430156189,52.55765589335353
H0329,2025-05,89.75703671886868,40.94042107976509,69.90227778968666
H0330,2025-05,61.19950113145856,79.28311277230019,96.37029435971343
H0331,2025-05,,52.161497445154204,92.67869367728558
H0332,2025-05,81.01569489769656,49.1836269703601,87.64895233648062
H0333,2025-05,84.69272292333874,77.48252779276548,78.52845141670173
H0334,2025-05,84.54033439265655,64.66955670648869,75.60669397217863
H0335,2025-05,78.64877417797034,,70.96936748192189
H0336,2025-05,85.05074451773633,100.0,48.82701646986497
H0337,2025-05,57.78256457710499,81.91090357124737,66.92682207179847
H0338,2025-05,77.96583312387162,48.1100856695807,65.79714787369856
H0339,2025-05,94.08200760003027,76.56080322284397,63.12506236280914
H0340,2025-05,89.1904007102681,34.70825148732384,56.2214696860777
H0341,2025-05,77.1907963475746,79.08337688817139,66.4222378867314
H0342,2025-05,56.238393530038955,100.0,56.42112495110139
H0343,2025-05,75.11568441627097,69.07180864560605,97.81884387628992
H0344,2025-05,95.46628961684755,97.14964104910494,82.57613629246016
H0345,2025-05,59.11579601350409,69.91053903122518,64.56655208703923
H0346,2025-05,72.2299272276929,53.58722811899491,58.81364865149037
H0347,2025-05,71.94423065786971,74.26238398943072,63.15434592285924
H0348,2025-05,46.162225346351036,75.89777775416096,91.67449116498696
H0349,2025-05,81.11726385960542,100.0,35.934223253612686
H0350,2025-05,87.48237172460018,75.42702914537894,90.76854310729576
H0351,2025-05,70.17090387861154,100.0,91.49607080304261
H0352,2025-05,86.50795283236762,79.2466532501009,85.93072146436229
H0353,2025-05,63.76438317762879,68.29674497265205,61.427210021236355
H0354,2025-05,86.95075744752272,45.504947291574695,71.55132679900501
H0355,2025-05,75.7772827988128,95.84421689681861,39.294982611155675
H0356,2025-05,73.38770873000875,52.814348864892565,71.17603305302161
H0357,2025-05,96.61120657281367,72.77832974574427,66.48788268258178
H0358,2025-05,39.33202445537905,65.33625678749469,82.29588365875375
H0359,2025-05,59.1603660959859,75.24977389799128,92.40671089524903
H0360,2025-05,78.56135190208165,76.03769858893853,83.88828659541926
H0361,2025-05,71.17454925813907,81.22572893249318,
H0362,2025-05,62.56481668161362,69.09121548322618,80.43326752329008
H0363,2025-05,75.36653570999094,86.84961598355243,70.85080513602334
H0364,2025-05,78.14217968521065,78.52090231519772,88.38086315603992
H0365,2025-05,77.06834722478344,65.29725047397037,71.69719395043545
H0366,2025-05,80.91161257143098,82.8480541098531,90.30222345252821
H0367,2025-05,99.89527248088002,100.0,71.27562573544091
H0368,2025-05,67.56704657601742,89.38238697920539,68.21593319705559
H0369,2025-05,88.61124628481372,87.32322377273238,64.49706300239785
H0370,2025-05,71.94896254221906,71.12713970167353,98.08955831095307
H0371,2025-05,71.98349303184246,22.956822852654994,85.28644942719889
H0372,2025-05,87.29432642475766,,91.83471316849457
H0373,2025-05,96.157881185401,66.63661852666594,88.08065810782182
H0374,2025-05,54.08243823082776,64.4602538625279,67.74886450570953
H0375,2025-05,75.67368752545036,61.63164050506151,62.536560437609616
H0376,2025-05,78.82070397756452,90.91576796409865,92.35118141879198
H0377,2025-05,92.06274586197785,57.363160769763915,70.40418007306307
H0378,2025-05,54.314899818887795,64.76423714979332,81.39112506037102
H0379,2025-05,99.211300087998,90.11384941451915,71.8312171295178
H0380,2025-05,65.48229480575068,100.0,85.42522723698255
H0381,2025-05,67.0499162076326,75.15114084114884,75.58032046297863
H0382,2025-05,74.66006811269091,37.999678547516275,62.49402529839626
H0383,2025-05,78.94583795301563,78.57335624055924,48.60621823371125
H0384,2025-05,86.86626195029052,95.10733991128507,67.69080215704334
H0385,2025-05,64.09103327219027,75.51248801168342,76.82127394175605
H0386,2025-05,56.468294575930514,95.38484762801293,57.534756022387725
H0387,2025-05,,76.54856012300908,71.41367359960867
H0388,2025-05,67.38569595945484,,73.78751731390146
H0389,2025-05,96.01044012359735,87.65177582495632,50.44037792703375
H0390,2025-05,60.753620508646264,64.40600061876006,47.840588095324065
H0391,2025-05,67.14257924975348,73.27534518887296,83.46901814772673
H0392,2025-05,60.24630547894898,78.02145760844198,46.37338945649499
H0393,2025-05,65.66567296796114,65.22630304507372,69.95451165132658
H0394,2025-05,61.421397193306625,56.724167531630236,85.22536292013197
H0395,2025-05,62.36152964311459,93.78197381786669,52.73741534904059
H0396,2025-05,73.25492983114226,76.66884731914693,75.63460582812706
H0397,2025-05,60.94131035932938,76.60301067213172,52.71409383529846
H0398,2025-05,56.93107055561981,68.40272052737227,77.9444584412339
H0399,2025-05,84.84559612989547,92.48953248900892,63.84309940212232
H0400,2025-05,91.77897171234359,80.38842039028194,61.922770337850366
H0401,2025-05,82.17535268012384,93.13062395744373,62.52574817811343
H0402,2025-05,95.59369539876512,75.93202596546601,62.58837529030313
H0403,2025-05,70.57170885060522,60.60270473072994,52.42491813467288
H0404,2025-05,73.94023438432984,76.3473377566297,63.43333329582402
H0405,2025-05,79.9479770048317,63.05059957610463,49.37724831635343
H0406,2025-05,86.51576284715918,87.41063809872563,88.04896733686026
H0407,2025-05,100.0,70.25681632739371,71.99096641024963
H0408,2025-05,,79.0914508286053,90.63142093775318
H0409,2025-05,87.6118885564994,67.02127880276328,81.89980654402142
H0410,2025-05,100.0,65.03190735455276,73.29348048163837
H0411,2025-05,81.05302139826405,68.59909762553637,53.85071838929804
H0412,2025-05,73.14146490061691,80.908568659984,54.79948958538108
H0413,2025-05,57.830870083841376,45.23272920703081,75.57015625787639
H0414,2025-05,,55.945492103343426,99.18917624555934
H0415,2025-05,75.15961194900453,64.52220965297775,51.107254170943555
H0416,2025-05,98.79194538300302,65.75424143084298,87.71158594399834
H0417,2025-05,72.64542580507619,63.358014030705355,100.0
H0418,2025-05,68.0240382055993,84.05976993823131,91.99470339976601
H0419,2025-05,78.27456833396957,87.07587991732319,72.94393603533167
H0420,2025-05,73.78306040414361,71.10778463911615,70.44400990233858
H0421,2025-05,83.99350677869288,64.14380841343271,77.08230293296437
H0422,2025-05,95.68487267824867,50.91371147550368,76.17205436790942
H0423,2025-05,61.33474850703726,98.48226537700256,99.78680676948699
H0424,2025-05,98.18424150126927,79.84821502960206,81.60512699242923
H0425,2025-05,66.65134522455286,53.46937400074751,78.73884836568165
H0426,2025-05,92.01637752741725,77.61133774819153,66.85284251529778
H0427,2025-05,85.98876187551387,79.47302221102171,73.7941395964242
H0428,2025-05,66.61513290094135,61.835742985186236,63.99872599962985
H0429,2025-05,75.10547768486727,75.239993116116,91.14979916217274
H0430,2025-05,62.547168686561015,77.8377626310438,64.95651885839244
H0431,2025-05,43.30810515516221,60.306323270539224,63.99700044682013
H0432,2025-05,65.683149752989,54.82060736011378,100.0
H0433,2025-05,77.1035059681677,78.7329364085538,64.52167201837293
H0434,2025-05,64.84977926313427,77.09147927362648,42.92080082510864
H0435,2025-05,63.76560687051904,51.15765348420187,99.5937908588019
H0436,2025-05,63.455802621995865,54.29793550528301,70.11167951885422
H0437,2025-05,48.65492189532806,35.94279119049474,85.32187874483985
H0438,2025-05,66.42006546155666,44.82107985399192,98.01305163138828
H0439,2025-05,91.67526593497973,65.64180943798422,49.17843021713733
H0440,2025-05,82.60770875528273,58.641023043874966,63.99756020378348
H0441,2025-05,83.49983337628834,75.01320371912676,75.79774975914034
H0442,2025-05,81.11376313521242,58.258860229723275,51.00498783669709
H0443,2025-05,87.60012773404517,48.397054885945536,61.853844424322325
H0444,2025-05,91.06922029999313,55.42063332768622,76.00628775404113
H0445,2025-05,63.01101379570487,79.19561668930616,82.13821436303536
H0446,2025-05,93.44796389963994,83.83831534062944,68.25181160886775
H0447,2025-05,43.99910317226902,29.795196613221492,53.4565746555722
H0448,2025-05,57.0021861690022,64.90062100302656,43.906347317531576
H0449,2025-05,84.21229197759091,89.51134229640422,84.16943271033371
H0450,2025-05,72.56743646809359,69.77347229755995,88.64976702413402
H0451,2025-05,73.45812162444582,71.2994414673796,77.1310383666327
H0452,2025-05,60.38308251232969,100.0,75.04283377855369
H0453,2025-05,86.14526079056753,65.85748129271073,73.0602451416484
H0454,2025-05,97.49783730862175,100.0,59.47701563880123
H0455,2025-05,64.11677022644301,65.46303544851664,82.47166713313887
H0456,2025-05,62.58444736424002,82.34631809253423,97.0580204207493
H0457,2025-05,100.0,63.940393884572856,72.86066918967961
H0458,2025-05,87.21402401383634,100.0,85.04156696272354
H0459,2025-05,65.40283578414223,59.764337831258985,54.92545997579775
H0460,2025-05,90.39172966063694,74.42637150592255,67.8229399729614
H0461,2025-05,93.12648530052789,59.64006697106657,71.8909559515576
H0462,2025-05,88.41096035991586,96.80766878349391,93.67794369923783
H0463,2025-05,83.4160909992645,74.66851804830192,
H0464,2025-05,73.6192547020861,62.731635270435284,84.53367935055664
H0465,2025-05,89.61911836565127,73.06559802196942,80.68447289599368
H0466,2025-05,89.87931207533465,66.11838110525643,84.64240945363704
H0467,2025-05,72.80178864193846,85.84382837413892,64.36717963567585
H0468,2025-05,60.76683980314161,53.261379235051336,79.32952688510849
H0469,2025-05,76.76590934672265,34.0167668672327,82.59837146684211
H0470,2025-05,66.67966010332988,82.03502335741973,78.07664529927415
H0471,2025-05,77.79355688680012,90.77718723740232,89.00789506501052
H0472,2025-05,42.11549592379447,75.4966367722073,93.87141893081261
H0473,2025-05,82.91882650126718,76.63138551764182,80.72399752285202
H0474,2025-05,83.966674422791,52.687264514682575,64.10432304441856
H0475,2025-05,59.52286456997419,69.81173575183904,75.89489600932356
H0476,2025-05,96.62993994250137,67.56030761489606,56.66368262562277
H0477,2025-05,69.92346802227942,77.98317302266398,77.91526139614737
H0478,2025-05,73.04751459517048,57.76091082032558,96.75284731872222
H0479,2025-05,100.0,90.99169732106212,69.42761735315841
H0480,2025-05,80.35280523868434,75.74526068267178,79.43472696050912
H0481,2025-05,64.91342173682744,90.18950749947425,71.10485248202014
H0482,2025-05,94.55746815036159,82.15308850907927,72.53046602868375
H0483,2025-05,100.0,50.25945526282875,78.39251924281888
H0484,2025-05,93.79816521495894,75.553016020925,60.830608391588456
H0485,2025-05,90.45017022647275,74.98637733278883,60.87333515950981
H0486,2025-05,75.32173010016857,83.58166184578278,95.24786945868757
H0487,2025-05,83.71424018473306,55.29664078132012,50.39518131165005
H0488,2025-05,96.01443124823072,100.0,71.03975197550963
H0489,2025-05,75.28734159675543,70.63315457072497,100.0
H0490,2025-05,85.15638679274751,58.90450242326396,97.35247524473945
H0491,2025-05,97.86109254118458,55.74902016390574,69.978205011464
H0492,2025-05,62.23266251038932,67.81931115206227,86.28400141152777
H0493,2025-05,77.28658201727299,58.82538662573407,
H0494,2025-05,86.6356490345579,71.80608187657758,59.7430722011578
H0495,2025-05,84.79367190289993,84.48444114116315,66.4656610608977
H0496,2025-05,90.4603998654874,65.1566568985479,
H0497,2025-05,74.3742108856834,69.87311359618987,
H0498,2025-05,85.12278015417327,75.80757112418884,87.8807635271645
H0499,2025-05,71.74625446084134,58.45037267692477,90.76249821710161
H0500,2025-05,69.09175457554313,27.770881723797288,66.04129039983177
H0501,2025-05,75.87567923509619,59.700500043867805,50.63070707770828
H0502,2025-05,70.73058350122913,,95.49561929461987
H0503,2025-05,85.22490020640389,44.364392468839235,68.93008647579578
H0504,2025-05,58.72084257433491,35.191297899040926,68.0189220699175
H0505,2025-05,60.655321613597344,77.0912040191575,52.80954115030839
H0506,2025-05,76.2032523174801,65.58559934941962,65.4142793276557
H0507,2025-05,100.0,,96.04108150297292
H0508,2025-05,34.92582846057943,47.882399391852545,71.2126981871678
H0509,2025-05,67.89562564366331,68.11023439433775,63.42776720177706
H0510,2025-05,56.68983943300309,87.89416212970322,81.36719271118602
H0511,2025-05,100.0,69.88924991910056,56.41259637385767
H0512,2025-05,65.66443427262526,57.53106893092209,82.71053485748125
H0513,2025-05,60.79222387202521,76.01452245159228,73.02011325353531
H0514,2025-05,83.93652571122425,82.75922286139378,83.36340581858971
H0515,2025-05,91.22046882741492,58.20771326019434,73.41624652906818
H0516,2025-05,71.02013158082299,86.47242355884502,89.2190244839434
H0517,2025-05,91.86780507888841,52.486702714435005,77.16923274357558
H0518,2025-05,90.06378771416762,74.71919514418067,64.31451892238773
H0519,2025-05,96.16250587492524,61.02208737471233,99.60584630518314
H0520,2025-05,56.060912366268525,58.17721421005902,62.61447278813403
H0521,2025-05,70.41466368066621,67.23035076302921,85.18050899265765
H0522,2025-05,74.107714761432,80.48201814959023,37.63411017274694
H0523,2025-05,66.64553765216675,80.22476337918131,82.68339255950175
H0524,2025-05,80.93882393576324,91.20084605546192,52.31723362818692
H0525,2025-05,,60.65077999749236,84.8191214203227
H0526,2025-05,88.21398681847108,,87.72010891160613
H0527,2025-05,93.56253183186095,68.78230288773462,84.00613587459074
H0528,2025-05,55.58066377651989,84.16346572191745,86.64083446700286
H0529,2025-05,100.0,50.84057863059018,89.96556204502585
H0530,2025-05,83.55795546633287,70.73385790138161,63.257613227502326
H0531,2025-05,81.7788745177185,45.84269051512939,78.59494567649307
H0532,2025-05,91.91912457955347,79.31977451542802,88.50232669287601
H0533,2025-05,76.62518721825057,49.5954219179349,56.61615322773635
H0534,2025-05,64.30568637138202,40.105277674970246,55.093800954986406
H0535,2025-05,72.95155482873223,60.49447067986702,82.63137113383632
H0536,2025-05,94.81314972607773,92.00387436305839,83.68372060823592
H0537,2025-05,80.48737022386972,65.49639117669113,94.54563010342272
H0538,2025-05,53.27508496486533,100.0,73.81830926043804
H0539,2025-05,93.42533140296305,77.88128441336973,75.09123129733909
H0540,2025-05,57.991852699905856,81.31782147579099,58.229998191166864
H0541,2025-05,65.3376422902494,92.96285382693762,59.92268454589953
H0542,2025-05,79.79566886174112,68.42824090928606,58.86467362375569
H0543,2025-05,100.0,75.33580757125543,76.25139929041404
H0544,2025-05,100.0,52.094955205433166,83.57428193419625
H0545,2025-05,66.903926738171,69.74419273424874,74.361560146989
H0546,2025-05,87.93633683549186,64.8964886771503,80.59124643624251
H0547,2025-05,81.3936570526092,82.63031881425775,51.26285968836151
H0548,2025-05,59.04843914804782,86.96161554203891,98.7597320555974
H0549,2025-05,92.41362538560394,92.45971459229588,59.87020193277939
H0550,2025-05,52.343108436253864,48.5050964486115,84.2681506922343
H0551,2025-05,100.0,73.9361257459855,58.887574582782975
H0552,2025-05,53.8512737302453,70.69540618006003,80.89156168886406
H0553,2025-05,78.3771094870843,66.7479055476842,82.9541966153485
H0554,2025-05,89.22265523335317,72.88677162010849,50.60951728522298
H0555,2025-05,92.79434327938992,67.31273113176948,65.16130591373609
H0556,2025-05,73.65045952572402,67.94009008870562,84.96579055055354
H0557,2025-05,88.47510418988837,80.86684912382982,88.1157525296987
H0558,2025-05,75.68275146304646,60.08603084475476,76.59147591507983
H0559,2025-05,97.59320308268626,58.58439790013654,83.85585263223544
H0560,2025-05,71.55417113667608,40.602768567975666,85.22855149790897
H0561,2025-05,78.67898905105861,75.29957077160726,94.1774912236235
H0562,2025-05,82.6456332009353,80.95447270437647,51.46138735990456
H0563,2025-05,66.53035325550316,61.879539249971295,90.03149727656452
H0564,2025-05,78.95753530491587,52.09467770227966,88.23060982291965
H0565,2025-05,68.45322253288998,68.03498054878946,83.2623801216743
H0566,2025-05,56.0613054690288,58.873811940600454,65.24059863794257
H0567,2025-05,70.69070913149004,69.05858487510645,74.12742945535442
H0568,2025-05,82.08369583426455,64.24594030444966,60.22679139700648
H0569,2025-05,71.53358975329196,80.52823143752883,84.60367343650978
H0570,2025-05,60.612458699447586,62.02453983233308,71.30341035936118
H0571,2025-05,93.20214481663106,100.0,80.41930458624559
H0572,2025-05,57.48335102392499,68.55477894887717,58.12922371343514
H0573,2025-05,71.87118847502929,49.610022652394235,75.60729419429916
H0574,2025-05,57.95446399167035,62.21560418663448,45.4606883841885
H0575,2025-05,55.138321130082936,90.69931845568902,62.701980358594064
H0576,2025-05,80.23144234458668,91.73270333019485,86.7171979808922
H0577,2025-05,76.99049820760288,73.77654496882342,63.50641443473668
H0578,2025-05,47.246322323599465,45.45214770564323,
H0579,2025-05,55.89839050609879,52.85951920572857,100.0
H0580,2025-05,85.00515553089585,94.08278323874154,79.27765581536502
H0581,2025-05,69.43640379655068,65.50846063329642,92.17994964742475
H0582,2025-05,,76.32731872278082,59.316544900371206
H0583,2025-05,83.9412588188641,81.66291023513884,70.57733931906138
H0584,2025-05,,56.8785365204336,89.16005830769777
H0585,2025-05,96.51862317180856,,80.70030233434275
H0586,2025-05,72.66239682153649,65.61833621734151,41.944596681956725
H0587,2025-05,97.39704442206786,63.74480229518176,100.0
H0588,2025-05,,73.4282531328647,71.34203403437877
H0589,2025-05,72.22077713839322,76.15365239058615,58.46209188533204
H0590,2025-05,85.51994210687023,74.92721635310669,86.2734177395951
H0591,2025-05,96.15661452966171,,54.11166490412512
H0592,2025-05,68.91331264310566,61.420231448072656,35.75409031923973
H0593,2025-05,88.72984731535247,94.05071294702782,64.60041617646775
H0594,2025-05,74.25020633364541,68.40883140822561,60.1490532030009
H0595,2025-05,76.70868672612839,75.67521343731016,93.0202399895004
H0596,2025-05,75.27632541036532,60.720082291482385,68.77895670241813
H0597,2025-05,67.2134012025145,,70.11428774044491
H0598,2025-05,68.61479022396017,64.59900610134318,100.0
H0599,2025-05,100.0,51.943823406650694,63.776228772167606
H0600,2025-05,71.58708123821019,88.62851148076615,
C0001,2025-05,70.91032188557706,75.5452426417479,64.48853959035773
C0002,2025-05,100.0,100.0,80.97721020900084
C0003,2025-05,81.32196460430144,100.0,74.5634388601008
C0004,2025-05,76.93234447541826,68.69750565380154,62.12372916857034
C0005,2025-05,84.03587336722669,67.29900597501141,85.67911426150373
C0006,2025-05,75.91282121374086,54.19248952670988,53.52129367050729
C0007,2025-05,71.61064511456381,42.63577331390854,72.1608987883641
C0008,2025-05,91.76173225813443,76.05595167854257,44.94944601057277
C0009,2025-05,46.49785989798518,68.13543905516279,96.98446571405337
C0010,2025-05,69.49878671215306,,51.51614408536378
C0011,2025-05,72.87735239833722,52.704529790030165,79.60590071077027
C0012,2025-05,76.73800853952449,100.0,87.63208756536254
C0013,2025-05,87.46860741359463,91.72364991695257,53.390863866979196
C0014,2025-05,81.559770163432,52.555843445809785,57.33866846100252
C0015,2025-05,75.80864272889502,55.108530227244074,62.649575141283016
C0016,2025-05,72.62329559583901,63.469455452025144,67.12139274250026
C0017,2025-05,74.39436916263571,69.04073517714048,64.72957585350613
C0018,2025-05,,,70.76274587584292
C0019,2025-05,77.8217106326724,75.85418852449817,80.59995859923609
C0020,2025-05,65.32279110982384,,83.93861897766155
C0021,2025-05,72.62123321772623,48.906821188478254,91.08468379355493
C0022,2025-05,87.29342348363475,60.625717563999814,58.224975817925575
C0023,2025-05,,82.21014919141444,86.4776900654964
C0024,2025-05,68.56681777763922,62.7632174081118,43.06409900768338
C0025,2025-05,72.35741451873498,49.514105999119735,41.84574018878864
C0026,2025-05,83.09724548303231,70.56141130868825,81.39540413514182
C0027,2025-05,64.19031765044252,80.25738592819322,91.71212003369243
C0028,2025-05,65.7071286136826,79.79657198761221,79.12854909094004
C0029,2025-05,93.81589577268551,88.66783970918132,76.21463785139514
C0030,2025-05,73.46788205240135,68.08705995343627,50.67294541123893
C0031,2025-05,,89.713392334124,57.79860244893595
C0032,2025-05,87.00128604701763,59.27957033712928,61.97275174735508
C0033,2025-05,79.49625903535532,69.91117555318603,73.56695127520618
C0034,2025-05,81.838009600693,76.12794997955652,68.95879794951368
C0035,2025-05,71.46945428473241,53.414442764727795,85.8104787571264
C0036,2025-05,85.18815095351607,75.72259032643574,81.55945534204818
C0037,2025-05,54.21800305625308,56.60307415643697,60.316977163499196
C0038,2025-05,69.34674833958415,74.86416383906806,68.37935508690882
C0039,2025-05,58.94931656381227,75.89809847909905,68.33793506834493
C0040,2025-05,90.92355929259028,38.141787493485616,
C0041,2025-05,39.5100457013925,95.61008177136335,52.7326511554169
C0042,2025-05,62.56575437519075,62.59406866840233,98.46099034498393
C0043,2025-05,,,83.0525693040936
C0044,2025-05,100.0,50.643154904619166,97.1297580526196
C0045,2025-05,80.66978142472604,60.445438500033774,83.61699302910307
C0046,2025-05,66.1346504763663,82.75398001761071,91.54510486949785
C0047,2025-05,88.96111697808361,53.08068701587605,64.62314624925408
C0048,2025-05,55.19233495109017,75.39429053602775,83.576268950875
C0049,2025-05,71.9722740969352,70.74978812105832,72.83946967902928
C0050,2025-05,78.37827259520738,84.88106987433807,100.0
C0051,2025-05,81.82116216465356,39.107860126077036,55.055804702909136
C0052,2025-05,57.824546738525655,93.24469674299607,72.97944415695066
C0053,2025-05,63.916694674042105,89.62289678237785,66.96695168150455
C0054,2025-05,,72.30295720741513,87.01852270986362
C0055,2025-05,87.84472817639079,93.74431035582246,54.268831015607674
C0056,2025-05,60.23995452457305,88.6659857977152,66.5986679988437
C0057,2025-05,76.88620696761882,86.52762928691641,66.74208064157804
C0058,2025-05,61.99011249031449,89.64321388021118,92.17734904935895
C0059,2025-05,100.0,54.10812519237694,55.18013986741297
C0060,2025-05,86.83940474152189,62.557054135568706,71.03806003311733
C0061,2025-05,91.01691707447031,73.47484647030754,90.53115360167239
C0062,2025-05,63.671759600287466,60.654136828484134,62.5440047591048
C0063,2025-05,72.37774510438268,78.52825720185855,
C0064,2025-05,90.34263922599979,77.37334486524192,87.96212891280686
C0065,2025-05,71.71950282952919,78.70033224066941,
C0066,2025-05,71.33492481185554,52.411123448172006,55.529909513069356
C0067,2025-05,57.3900717831004,47.36016930449412,87.81869876193132
C0068,2025-05,68.33068783985115,74.21850471262897,91.13809486168381
C0069,2025-05,79.92488018518387,68.44964508663902,86.03014269580498
C0070,2025-05,64.5150822205991,54.171095172338454,75.57825924196372
C0071,2025-05,90.10105562090027,68.41353389489633,100.0
C0072,2025-05,92.1887304869132,70.89547035373919,58.710854038504884
C0073,2025-05,81.11875117818923,77.88687049488831,76.9683338255951
C0074,2025-05,72.189456705228,75.26679709440964,64.56330475273131
C0075,2025-05,93.70693670244918,,76.08513465430688
C0076,2025-05,79.20818737525535,62.42979999602011,71.68925563931245
C0077,2025-05,66.8732386129087,51.155353533102144,65.7853570126724
C0078,2025-05,65.59178454878932,61.64191341497168,87.54978668827107
C0079,2025-05,98.79639262783593,65.43566362358725,89.47541452772609
C0080,2025-05,94.17007697884084,53.321269905265964,89.17768593493801
C0081,2025-05,88.75580857143066,43.50967117342145,100.0
C0082,2025-05,82.79984939539042,,71.5240035459173
C0083,2025-05,73.94580090097031,,87.74139159329987
C0084,2025-05,61.329572140993605,71.64493156144012,65.81761534747716
C0085,2025-05,82.88355064793323,80.35303900370292,70.48818533685777
C0086,2025-05,59.53972821057056,68.07198515453848,100.0
C0087,2025-05,100.0,59.96234330308581,92.68153734270422
C0088,2025-05,96.99371611585528,,59.96596083791308
C0089,2025-05,,83.55100967464459,62.74362809816914
C0090,2025-05,64.69607919287198,89.6511695030915,
C0091,2025-05,89.69778077017291,44.48241805029532,71.6242466668744
C0092,2025-05,95.70002612365572,94.89369386478096,59.82781327487413
C0093,2025-05,67.51464792334362,78.18362203750505,96.87356820924471
C0094,2025-05,75.07190882065169,69.72979580304423,
C0095,2025-05,73.2807057030525,77.36690314339839,89.67270875256435
C0096,2025-05,100.0,89.7451135420944,58.27938902417564
C0097,2025-05,43.79660411943575,81.80554761683318,61.66778352395642
C0098,2025-05,92.83311989821303,81.278648572491,
C0099,2025-05,95.42514352209272,65.77585430184203,87.20102495428331
C0100,2025-05,94.47268688750877,54.301705933177715,79.09213165400023
C0101,2025-05,69.39805218098965,72.17749399095769,86.757262355133
C0102,2025-05,67.4459658071368,100.0,84.43989547180819
C0103,2025-05,57.1838276684663,59.764345917132104,45.51233627603005
C0104,2025-05,87.50621628773895,80.60584018604796,68.45474275787302
C0105,2025-05,81.66244426783847,44.502219616198644,42.654695478200026
C0106,2025-05,42.37371293013402,64.88243059290578,85.7879819849054
C0107,2025-05,86.6064896695049,86.51709303983534,55.80442962315019
C0108,2025-05,74.33064747742574,48.41270853239284,71.12293553914323
C0109,2025-05,87.17447448098548,57.240449049538405,76.72496666279714
C0110,2025-05,85.37369731758122,78.49370393694561,61.187237439687095
C0111,2025-05,68.0315650863424,66.10353550580555,67.83753622616842
C0112,2025-05,77.29216705313529,78.67022883936608,87.67941568128155
C0113,2025-05,71.0935626617316,82.45753047333285,81.92771779144778
C0114,2025-05,77.99344075145437,44.39670724450467,63.63368244629723
C0115,2025-05,84.35846144768013,51.49904437941673,93.72278798057044
C0116,2025-05,62.04216342679137,91.7134600374988,52.85671280535612
C0117,2025-05,69.26642211532194,,79.79740882113134
C0118,2025-05,78.03025650198799,86.32909526781404,83.21587966429279
C0119,2025-05,60.87352116117977,68.69432338868783,52.459013840978116
C0120,2025-05,71.29971139253122,100.0,77.09075096201697
C0121,2025-05,70.14863523274629,,89.91970419907928
C0122,2025-05,68.31315031222604,88.96608985735054,70.80326155707797
C0123,2025-05,82.50105068172259,65.82468099042197,82.6049432365497
C0124,2025-05,63.69007464642724,68.09546871039173,77.75765085201941
C0125,2025-05,86.48980020184571,78.28766558521322,60.22015440222527
C0126,2025-05,64.74015709174479,88.08791828897596,91.64077825820135
C0127,2025-05,,76.952328745584,70.24253013274442
C0128,2025-05,73.76021099546114,100.0,79.48394055013114
C0129,2025-05,85.58647282734135,94.94889557350261,57.77976262865062
C0130,2025-05,89.87956089198374,88.04488420972113,60.03699602752442
C0131,2025-05,56.491758383957155,90.3511386777736,72.7371236463222
C0132,2025-05,77.62287910025366,72.72184654845628,72.11371317710903
C0133,2025-05,76.18097217464309,72.7499967049981,
C0134,2025-05,78.89249216962986,78.78233880286129,81.61000837972583
C0135,2025-05,100.0,95.0917978219744,70.98342852073503
C0136,2025-05,74.06183869128807,69.41604612608846,79.97474173551471
C0137,2025-05,98.43783931764314,80.13060203156721,96.77064473333903
C0138,2025-05,69.6759459638122,69.78115030074515,66.93336342017582
C0139,2025-05,67.84993013950849,63.96780403117715,68.14498212110864
C0140,2025-05,61.69432335306573,68.41871923941603,61.66960713190865
C0141,2025-05,91.02442817072716,,59.39967676678231
C0142,2025-05,67.37003301648073,57.309065448692294,81.0455287590044
C0143,2025-05,42.45309530184109,86.4397429101156,70.8580303790958
C0144,2025-05,82.46307640261942,80.13813849652635,76.27144108799756
C0145,2025-05,,73.6639858632601,62.063061925065675
C0146,2025-05,82.59610443341236,88.53062077948809,52.00895046015978
C0147,2025-05,58.04610970402834,85.67280367811179,61.43275533424992
C0148,2025-05,52.42591930398663,87.12494329931177,67.9539285002436
C0149,2025-05,67.99698571942798,80.7403728007426,93.046854533067
C0150,2025-05,68.69908261465548,71.46875779280815,100.0
C0151,2025-05,54.11014872394934,90.22441533797414,74.338140393033
C0152,2025-05,71.6866107911959,77.34606290487577,69.92460228838463
C0153,2025-05,86.09853685239236,69.57919148404861,78.86660140731993
C0154,2025-05,60.98198590716511,,73.08805099527864
C0155,2025-05,77.34668625236762,37.09537029981584,57.52985194277282
C0156,2025-05,87.31892429219855,75.86075326089215,76.48008300318679
C0157,2025-05,54.92390677230338,70.69282290818647,83.24032174386093
C0158,2025-05,72.2970350341313,68.58824070614571,81.09754680464734
C0159,2025-05,76.36641135947063,89.31935148978535,76.56220208955146
C0160,2025-05,34.04313143499544,84.18715284928638,64.73348494912712
C0161,2025-05,89.48152417736547,41.097291839087745,80.91874617126633
C0162,2025-05,86.4874451275603,42.765468305058555,91.37027693266533
C0163,2025-05,71.98045512528266,74.76706006095513,71.95424679144186
C0164,2025-05,77.28979188497513,47.8862290152141,100.0
C0165,2025-05,62.47975169601342,70.27872551616716,85.81134598788951
C0166,2025-05,76.99683971914895,76.74287619523388,93.03641227763993
C0167,2025-05,76.57061021205884,73.65879114395428,87.96574837770314
C0168,2025-05,72.65738200361903,61.574759311287025,69.40267603306188
C0169,2025-05,84.61686012842625,99.28708000627161,56.77316056150764
C0170,2025-05,97.5279320693628,32.008979622084226,72.59307140302506
C0171,2025-05,96.88948467527533,96.9096584342262,87.67873141372593
C0172,2025-05,70.47004324145988,73.70278331005122,71.7862702034696
C0173,2025-05,76.5534484549423,38.51343845826867,65.06984771999431
C0174,2025-05,,48.562160634176976,86.1106186525806
C0175,2025-05,74.65622284774693,72.74058573284776,99.10611524737529
C0176,2025-05,63.727378786501866,94.67852963573954,90.66715983199
C0177,2025-05,78.86824379929996,73.51730074685528,95.06324987445745
C0178,2025-05,81.80107048686547,72.792477877437,64.6464863492653
C0179,2025-05,65.87316125583504,71.62249673915584,57.821888408127094
C0180,2025-05,100.0,48.83889720353916,60.09728702860165
C0181,2025-05,85.24562213067979,63.67972844701641,61.23432640549261
C0182,2025-05,93.56733120872266,,60.76323982467879
C0183,2025-05,65.79987842423478,73.45026800900467,80.43525755175057
C0184,2025-05,73.57911409827719,81.64516734066791,79.46065699872324
C0185,2025-05,48.310981723139676,59.79584143222749,53.75001489069328
C0186,2025-05,60.7560511807025,68.69639546954494,80.20007310854756
C0187,2025-05,92.01911152899233,75.4496490040269,65.00097304944545
C0188,2025-05,,44.3426063200001,83.9912951856241
C0189,2025-05,50.348335911679484,88.89400973835103,64.56613866867531
C0190,2025-05,67.59865218507626,85.0314882261659,88.77423200446036
C0191,2025-05,71.85415010468756,64.09607526289318,60.28532238058571
C0192,2025-05,71.36885328598721,86.07526295546322,85.07450130170598
C0193,2025-05,66.67891367637466,75.76812947564208,66.9833929563708
C0194,2025-05,,76.2815583873864,80.05333195473997
C0195,2025-05,79.54354158202273,,58.48787475121074
C0196,2025-05,71.5002499601959,96.517790955024,70.66241195749579
C0197,2025-05,52.41882216779779,77.14523361008389,82.68177246506751
C0198,2025-05,87.90999399823284,,60.71076102535917
C0199,2025-05,71.49585222759818,72.03407568440346,55.518271692893805
C0200,2025-05,85.31888283378578,55.170044654548256,82.93051484227709
C0201,2025-05,79.24620734819098,,61.17813896365546
C0202,2025-05,93.3645262707151,81.3866915323567,69.9957092308794
C0203,2025-05,56.77772740233848,85.82122680140682,74.72091976584838
C0204,2025-05,75.02264361483644,91.4254100260033,65.30394691667856
C0205,2025-05,83.1644498529818,53.60947390152471,98.86148591204416
C0206,2025-05,79.78370598869417,90.33390318587053,67.82734706577511
C0207,2025-05,68.88308858688735,100.0,73.08207819954225
C0208,2025-05,71.71985259373913,59.973360016200246,55.05394118276254
C0209,2025-05,54.824590845831565,89.2740912444763,86.4031458880767
C0210,2025-05,91.14593036911037,61.658728029545685,43.14533594142711
C0211,2025-05,69.80835325619638,65.30716210112678,65.26076758127232
C0212,2025-05,83.438222111153,99.73397512698902,
C0213,2025-05,78.25546376359281,93.50703213119425,60.82741799739779
C0214,2025-05,89.51197343676971,89.93831294205589,62.68175523176381
C0215,2025-05,100.0,88.46780506488689,64.10677900976809
C0216,2025-05,61.07916111117761,53.061938344256404,81.86555411294528
C0217,2025-05,94.885866517822,84.01382848200134,78.25965576273778
C0218,2025-05,86.40275116111722,52.386088636475705,39.563901912322045
C0219,2025-05,51.962431428914826,61.36104325278158,
C0220,2025-05,70.71297231772049,78.56722442182833,86.50821666715422
C0221,2025-05,95.29441827653261,76.68169194954831,
C0222,2025-05,69.77269063713777,60.857968077900416,67.66835711432849
C0223,2025-05,76.29622068555824,65.24380077229426,100.0
C0224,2025-05,94.1433465644732,62.34085786685142,84.36819937871519
C0225,2025-05,80.35134450309707,67.19206466577344,100.0
C0226,2025-05,98.28202622286435,67.34100021787896,94.5969709231653
C0227,2025-05,87.88607558773884,100.0,31.82739524942928
C0228,2025-05,94.25377906340005,50.109310384982685,92.90720752474373
C0229,2025-05,85.0142113424149,57.850539309815794,72.88248578817091
C0230,2025-05,90.56791710134469,61.79649165592098,68.91336188069353
C0231,2025-05,74.70603205728663,78.18143554001739,51.61922909572512
C0232,2025-05,93.03911341079895,100.0,66.19474595715594
C0233,2025-05,66.52475104161883,73.84854976772974,100.0
C0234,2025-05,67.56930840411601,68.817865579701,92.72037117421446
C0235,2025-05,61.55171233490348,64.941085076348,54.136793750499905
C0236,2025-05,83.4728145253354,75.25119400548527,51.26103014426589
C0237,2025-05,68.70760021567312,56.91604743079336,89.62969995058081
C0238,2025-05,68.5556629272321,64.34511082909201,57.27270717448457
C0239,2025-05,56.87665678084026,66.2409988501688,68.28979043250412
C0240,2025-05,76.85544510545981,84.30542906976784,65.89122488366034
C0241,2025-05,92.06631954957092,67.57549281679968,91.34981816369795
C0242,2025-05,47.516316970184576,75.15505484939128,74.67846410282901
C0243,2025-05,80.31127483319145,71.6081376442786,43.974463215058286
C0244,2025-05,58.74709307258527,56.830464962518576,62.75104350850521
C0245,2025-05,74.60771024297507,89.15152152396169,85.19119584266639
C0246,2025-05,,53.43254673314641,63.94019674901204
C0247,2025-05,88.86275713592704,92.25025513586223,73.93370176805325
C0248,2025-05,80.70562461345493,89.96626592352104,84.72149898392492
C0249,2025-05,79.3388427139629,100.0,47.35504259868809
C0250,2025-05,,62.807506931914745,56.28943563799612
C0251,2025-05,91.31126496061873,84.95137130863901,100.0
C0252,2025-05,93.59063432890886,59.553536932461625,
C0253,2025-05,89.11850615470959,77.59752391461075,72.58194852919713
C0254,2025-05,74.49297440792301,65.76686246862991,65.78581066032662
C0255,2025-05,68.23111268511603,68.10279591725785,64.03882692042768
C0256,2025-05,79.60108336700291,60.64660613329225,59.85124471595081
C0257,2025-05,89.34967083323434,95.2544933168607,83.34429479231476
C0258,2025-05,72.64033724237407,68.34941724964659,
C0259,2025-05,66.22180896013943,,63.408715556210424
C0260,2025-05,90.93428869121661,82.23530176039816,67.67485228791574
C0261,2025-05,67.88875411615612,50.650679547259095,69.6205963551254
C0262,2025-05,100.0,60.068966612890335,35.49359241939722
C0263,2025-05,68.27431202177915,63.79082374338827,75.55914382009553
C0264,2025-05,74.66937922733297,89.05788704238645,56.427926394989
C0265,2025-05,75.42215183597517,68.00838551344876,92.82514931966101
C0266,2025-05,48.494568629934115,100.0,78.64080087629378
C0267,2025-05,81.89006608271993,80.06286969029088,65.71749125639653
C0268,2025-05,74.87449399193687,68.75145227473448,75.69709388374899
C0269,2025-05,62.930860032424775,60.370187593360264,92.77326968291351
C0270,2025-05,75.61466309766647,100.0,39.68369029669308
C0271,2025-05,77.34648213345422,,78.04751452312736
C0272,2025-05,66.28601021308555,,50.61579507167222
C0273,2025-05,82.4002872866437,100.0,75.1012857052643
C0274,2025-05,74.61321726420265,92.56656768502067,91.90883820132687
C0275,2025-05,93.64893460700131,67.1249390480256,67.10481766376448
C0276,2025-05,82.75356703794586,55.81971404188391,84.3353574773128
C0277,2025-05,68.73230196436884,55.165024901022704,75.10124395518918
C0278,2025-05,48.81000793816884,74.49342152973094,78.67703907423211
C0279,2025-05,75.18898420193513,70.6327233485882,72.6068120593574
C0280,2025-05,71.49473435678367,74.30073809658185,59.28933497708089
C0281,2025-05,100.0,35.96657128368166,75.57838913289152
C0282,2025-05,62.69811815435011,59.339657039776995,81.76428071302365
C0283,2025-05,85.13471240767164,53.664976171064,79.90818782543593
C0284,2025-05,,81.35692805459709,71.5171202484395
C0285,2025-05,63.09988709240942,78.87430013818287,72.6261449440681
C0286,2025-05,77.66686566958214,,79.13308542468945
C0287,2025-05,74.23778140916562,47.838202434205954,85.0181227979297
C0288,2025-05,77.2108601907496,75.6235196586505,66.68375500194257
C0289,2025-05,90.93052427049946,88.283265334768,65.44876926866512
C0290,2025-05,82.1540364343933,67.60216755709219,94.27462492309037
C0291,2025-05,,74.82710033288132,62.119741587581984
C0292,2025-05,100.0,67.48963116745703,61.20028562033605
C0293,2025-05,90.4934039436986,77.55528468047731,90.66364102410868
C0294,2025-05,52.352092038876584,72.52868815165704,59.64865632995557
C0295,2025-05,59.227277887757026,79.29865498275635,77.53371738546275
C0296,2025-05,83.77475607415427,69.58603696807404,74.564158474251
C0297,2025-05,89.90758881784507,77.32945780809062,64.5021248559225
C0298,2025-05,78.34535040046889,67.57119119660697,69.94653834031273
C0299,2025-05,67.03880336057449,100.0,100.0
C0300,2025-05,89.76839950906742,52.14914269114119,94.58579716720524
C0301,2025-05,90.65588859282994,76.51710687297144,91.86582406043495
C0302,2025-05,80.03898786434529,43.88503313886513,100.0
C0303,2025-05,94.08012295323879,72.27028655970939,100.0
C0304,2025-05,100.0,61.45592243836438,
C0305,2025-05,64.40793458235083,63.2454649698226,80.31020195643691
C0306,2025-05,70.10341008827774,57.81334607670433,71.82212564389418
C0307,2025-05,49.518770282323615,51.35307827717718,65.18253782226553
C0308,2025-05,48.598861653754156,64.87554378008286,57.8498604694708
C0309,2025-05,83.56542539413523,68.85157173902098,82.11332952707865
C0310,2025-05,100.0,100.0,86.79132062315504
C0311,2025-05,77.7708779695049,71.5565103328916,72.95676248120449
C0312,2025-05,92.58080983048582,95.47971953965953,75.75899599976758
C0313,2025-05,100.0,,77.75170745817817
C0314,2025-05,,80.08472484886875,61.25103067796183
C0315,2025-05,59.0268619097757,93.41178683629715,71.47875907318307
C0316,2025-05,92.34568850794167,,62.304373288953926
C0317,2025-05,88.60842640948513,98.46149103682409,77.79112769423536
C0318,2025-05,100.0,54.58058886114882,84.70503106308338
C0319,2025-05,76.76889644376608,100.0,85.00009648753006
C0320,2025-05,76.48649776780083,76.95339225233091,69.77273558471668
C0321,2025-05,48.8764448329988,70.35645620379918,85.93144753674618
C0322,2025-05,65.69715958178301,96.47027625577924,67.8972979291695
C0323,2025-05,78.86993989945016,60.575126866295754,63.80029993361429
C0324,2025-05,73.03522223703582,80.91402304643114,57.34191521566367
C0325,2025-05,72.01580208898667,,83.0551022427834
C0326,2025-05,60.97984729989247,78.55033043623385,71.37168521387878
C0327,2025-05,68.13248919000944,86.87069618405009,77.02087711407937
C0328,2025-05,57.14824289622135,44.33964023554282,58.856662465213816
C0329,2025-05,78.15548415672333,76.14989268633697,82.15470799688963
C0330,2025-05,68.6853696445364,100.0,69.23666964899913
C0331,2025-05,76.62048739550869,66.6955353012997,62.59124460812963
C0332,2025-05,67.39776282965848,95.42782010475077,68.76652902357088
C0333,2025-05,75.67225373368889,92.3018369941129,70.44003003436855
C0334,2025-05,88.10633934483917,58.924496991050674,85.71264836050563
C0335,2025-05,78.28853438548546,46.666201233800955,85.17972302550402
C0336,2025-05,61.225770327685694,82.75200081590489,56.08138414977741
C0337,2025-05,62.91614361021939,68.723737299844,69.31563759150758
C0338,2025-05,100.0,88.47574473206653,80.46109572433224
C0339,2025-05,67.61201743933104,58.79444321973939,72.55846208800665
C0340,2025-05,86.44922593534683,79.23222422558689,60.56741468541479
C0341,2025-05,71.12212798956482,63.46725164929705,67.53962259099673
C0342,2025-05,43.894587891224994,81.57184547893485,65.14145496475942
C0343,2025-05,63.75437381214194,69.41841089322172,65.13824379482865
C0344,2025-05,59.434332203417696,55.60236425033955,63.80555514545155
C0345,2025-05,100.0,83.98409193133017,
C0346,2025-05,65.95278564931054,58.29435544104076,83.24416437704306
C0347,2025-05,96.65835381998748,78.86493412877883,
C0348,2025-05,87.94788292602455,73.3833312545483,95.36408968855996
C0349,2025-05,,72.93064127925061,80.06425407135826
C0350,2025-05,75.22160520191255,87.85800127703715,86.20733009742165
C0351,2025-05,80.7270853074867,52.90851913669033,65.33126903987893
C0352,2025-05,52.97189248862686,77.29830491569548,61.07382036629638
C0353,2025-05,82.26913464777562,65.18451151705366,39.4082794902043
C0354,2025-05,85.96432037870402,,67.87876373565474
C0355,2025-05,100.0,96.7084530235065,75.53808299857272
C0356,2025-05,82.88921008677056,57.98978378006481,67.78541817285057
C0357,2025-05,60.20580326159791,91.0120083186068,69.68450081020578
C0358,2025-05,71.82449704338252,100.0,75.43278583250894
C0359,2025-05,78.76702821836496,100.0,83.87874214649345
C0360,2025-05,65.5663997932291,46.03141042104507,100.0
C0361,2025-05,57.58546660139645,76.3852575568158,67.29990632530976
C0362,2025-05,50.94187471814416,58.236683548586626,78.30932374128277
C0363,2025-05,89.54623351340248,96.61362642831165,45.94987218144995
C0364,2025-05,73.18450781393464,77.22426371598401,55.21543360662383
C0365,2025-05,66.43815093207826,100.0,60.17391633067706
C0366,2025-05,67.14732732216008,,44.91164002260548
C0367,2025-05,100.0,78.82237300870047,73.96583828860038
C0368,2025-05,77.4995132122436,79.68554679579425,66.18399099493645
C0369,2025-05,75.4231788728066,46.00096009272406,71.49293817663533
C0370,2025-05,100.0,65.16140000830619,88.73119285739159
C0371,2025-05,72.92038304417737,85.32150252807176,86.09571160870097
C0372,2025-05,92.69899108915227,83.6096282003519,55.95448275266907
C0373,2025-05,84.42996289375223,60.11910399747066,66.86118766613481
C0374,2025-05,72.28949153422224,79.78335196133409,65.32255366570084
C0375,2025-05,74.94710660077828,46.10891781493268,61.503633668663156
C0376,2025-05,78.02319224343724,83.95286906491285,55.65649019747093
C0377,2025-05,53.82914268008585,89.91851438373752,65.09828640692393
C0378,2025-05,78.1724881825875,89.21557996902524,86.45054247877944
C0379,2025-05,92.31801398550571,93.44628384515386,73.36703998555349
C0380,2025-05,71.80602304762937,64.6587250531919,88.73774793927973
C0381,2025-05,77.74110477379396,100.0,82.03049603050769
C0382,2025-05,82.02614346027103,69.92636755427255,66.01478442615867
C0383,2025-05,75.57350565087951,91.74479390136509,52.446924459499144
C0384,2025-05,59.020389258974376,43.03543161127733,40.24480387392627
C0385,2025-05,62.52315611413791,88.43330553862673,53.82205828660419
C0386,2025-05,92.80166740201442,86.46310927388384,51.81549053178022
C0387,2025-05,89.7225270338062,80.80217672073432,99.90537742774313
C0388,2025-05,85.43881804488292,51.49729543924564,68.77672811691578
C0389,2025-05,85.86400772128681,82.61642590888712,
C0390,2025-05,63.879825259313435,41.71605755180519,71.95472533914457
C0391,2025-05,95.22311102498372,,47.453199158835936
C0392,2025-05,48.18268544262748,72.03725581277622,47.256136292720086
C0393,2025-05,81.29609082990287,75.42837494592325,81.35045183519503
C0394,2025-05,67.74910438414487,100.0,95.49817051485157
C0395,2025-05,81.6524005945385,80.80503767625274,56.70546632251715
C0396,2025-05,55.926073603718976,81.77566797748571,72.43022800325268
C0397,2025-05,93.10442653843054,61.70713600278606,56.089424061751785
C0398,2025-05,70.43421604756212,80.41817793110219,92.39253253426138
C0399,2025-05,68.08733427094161,52.39270039575595,81.50069089848216
C0400,2025-05,86.47768386422908,87.90914155805653,83.01401298557487
C0401,2025-05,100.0,96.06155724149345,55.12749007576643
C0402,2025-05,61.99726756659625,75.19837669151299,67.11694254181089
C0403,2025-05,59.07563100072146,59.457614959372805,95.7610779057217
C0404,2025-05,69.16685304794639,71.97563566581705,75.40388856627918
C0405,2025-05,97.98673735086214,89.375273519602,
C0406,2025-05,64.34584764007616,65.06645080466261,78.19613979242777
C0407,2025-05,59.24752085915013,62.59390964876021,52.84782570400573
C0408,2025-05,41.27921707533559,57.18037951209171,65.62395225831338
C0409,2025-05,66.06565555754744,83.95366176056162,49.48804820228604
C0410,2025-05,64.48518998690241,78.54653171063276,90.44634603418623
C0411,2025-05,80.74930085315387,76.0599202437777,73.60605021673038
C0412,2025-05,75.56591367972767,80.53856544064075,81.9633735741089
C0413,2025-05,60.53582909373906,47.282547848976776,82.6092654565602
C0414,2025-05,56.28301664630993,68.74684400683353,62.734766484252006
C0415,2025-05,81.90605501687904,62.944324006090824,60.27522087676854
C0416,2025-05,69.96537794400558,52.669076914416294,100.0
C0417,2025-05,79.87768732715577,69.2450783215445,66.00161087921957
C0418,2025-05,67.74566767653252,77.24809576429581,72.05346682161215
C0419,2025-05,75.79156625751077,76.52261224948867,73.68855277523657
C0420,2025-05,74.74790380369944,62.68750107398459,84.31628700424321
C0421,2025-05,60.36171972010948,73.04698025734704,48.38372645632417
C0422,2025-05,72.31674756817014,,84.32485610951436
C0423,2025-05,89.68044695625049,74.88870624085024,
C0424,2025-05,78.7952078853707,57.37829916351174,68.10220003074589
C0425,2025-05,73.08430632812072,35.18751569248962,52.037308404884115
C0426,2025-05,93.19973144323188,79.8717222124489,49.710249530211314
C0427,2025-05,51.97313680928987,75.13666675053159,80.92411700685523
C0428,2025-05,88.77116320892367,54.956626217284075,60.738254742680404
C0429,2025-05,100.0,59.511528280235424,81.53403210581463
C0430,2025-05,83.35640856240916,23.860187314955994,
C0431,2025-05,56.023462235134964,69.93973515730319,75.4342621850834
C0432,2025-05,100.0,75.85734002228597,88.60027503918812
C0433,2025-05,64.0743075827067,71.32562629031219,61.78347042440405
C0434,2025-05,82.26226582412166,78.03981180387864,59.99102016312381
C0435,2025-05,61.67263083157462,82.0299126537864,69.9192968413537
C0436,2025-05,74.47971331189353,44.63271862761296,71.31563676822617
C0437,2025-05,87.56819341816853,65.9699440941724,69.09038922390285
C0438,2025-05,65.22693192016821,77.79797346454477,99.79464133433017
C0439,2025-05,68.54067849507939,46.43298891137056,
C0440,2025-05,75.37957599891013,62.81694090134427,81.36611321563002
C0441,2025-05,81.87726250798065,97.19091265178365,54.91654091197602
C0442,2025-05,59.40863785506309,56.97187644884587,72.62164227137922
C0443,2025-05,64.67525915438584,69.15883759796274,88.71909270116888
C0444,2025-05,40.12601079836513,75.93851650667679,36.945965281992365
C0445,2025-05,70.32955890356114,78.93536184247819,75.80287407276523
C0446,2025-05,81.27048184826496,83.7202000112829,81.5442926188002
C0447,2025-05,59.81699198313485,55.89127628955139,71.04376106436847
C0448,2025-05,79.96673843989308,61.40855829098855,64.43132492216442
C0449,2025-05,98.43490764877771,82.22965270710603,68.18375241245785
C0450,2025-05,62.26923502395964,77.39101891796689,80.87651986333434
C0451,2025-05,,74.46214199363845,46.073931334996686
C0452,2025-05,68.22927932525701,78.34906192816443,71.67513883209463
C0453,2025-05,80.81314190285417,45.286040005768896,77.81520278220108
C0454,2025-05,67.51348351839056,49.43368269740239,85.23495880358387
C0455,2025-05,75.47339658808404,74.73634508793367,100.0
C0456,2025-05,55.36113961616765,76.92462337251345,84.80356200576732
C0457,2025-05,75.4734442770482,55.116252136659696,70.0214321348625
C0458,2025-05,64.37180495612643,99.46139253825822,68.78159620899291
C0459,2025-05,71.43761464228052,70.23491685839089,59.425194918425134
C0460,2025-05,64.4252992058234,75.16446087841548,71.7523890680273
C0461,2025-05,56.51005483775882,52.23368580944842,65.29770033645899
C0462,2025-05,79.72571126747363,69.9271278792928,62.359715388257435
C0463,2025-05,79.1015659870652,53.67703701244121,80.90695716880232
C0464,2025-05,47.58040360977607,55.45861829042452,96.77089372291759
C0465,2025-05,53.65109660753534,85.21272540041166,90.79579928416408
C0466,2025-05,58.933025703892426,65.68983407657181,82.03358934974702
C0467,2025-05,96.4623887825226,56.71552341499233,90.99921840889988
C0468,2025-05,82.54499808237789,64.8434887284859,
C0469,2025-05,81.31150739092607,92.8136650246159,65.69737048167622
C0470,2025-05,77.5635308728809,100.0,85.43772085603638
C0471,2025-05,67.35337891892463,57.60718844288351,64.88810156846529
C0472,2025-05,90.29868772406687,40.34505775346787,60.59315902178717
C0473,2025-05,82.913252603003,71.92990751427755,94.28295172917439
C0474,2025-05,61.484751728481505,55.908373005867794,52.80192071136895
C0475,2025-05,72.75195528696683,96.517175821115,67.888110428027
C0476,2025-05,56.476624344332905,65.29654258936634,83.10648683793931
C0477,2025-05,68.4465956957041,83.94941863636608,80.79084955613652
C0478,2025-05,48.52734686218567,75.98982006819801,63.73950952943027
C0479,2025-05,60.24671678493203,78.755135622892,77.29588711676828
C0480,2025-05,48.77390164836004,71.33960580876824,58.35987016396798
C0481,2025-05,74.35993738427321,100.0,87.95285710099553
C0482,2025-05,75.39391213944164,51.68305841306569,67.21336642689452
C0483,2025-05,56.30615966146582,68.52335130174397,88.45904454493251
C0484,2025-05,66.19700278834506,88.33387320799694,80.63373338654867
C0485,2025-05,68.85616481263386,69.10049670092606,98.12519861454338
C0486,2025-05,84.35937489319274,53.94649765232015,69.34981516306227
C0487,2025-05,54.00147645344556,58.40277668470644,84.95480613525211
C0488,2025-05,91.75080991525643,62.228078292844025,87.06832789570532
C0489,2025-05,98.60170593606364,71.07202767602763,77.76096837736415
C0490,2025-05,72.57337866267353,72.23770391260172,63.226551280935965
C0491,2025-05,93.09850784279865,78.03104095598292,
C0492,2025-05,68.70154184034973,100.0,53.35611691831825
C0493,2025-05,79.28428689229274,82.00254664677848,95.28019148854635
C0494,2025-05,86.20795475208031,97.95557834788714,64.88154193809231
C0495,2025-05,100.0,76.81031014894597,65.27322376872722
C0496,2025-05,88.8654818722052,67.3318891333433,78.37257679834832
C0497,2025-05,68.78177756439855,72.86439254260259,84.55259363047674
C0498,2025-05,100.0,92.54377610249072,76.00658091683952
C0499,2025-05,85.94945349786144,91.48330201636432,78.32042304026402
C0500,2025-05,74.19092384051044,80.92342032309007,86.13154067597334
C0501,2025-05,76.3758077942238,87.09819719396717,88.22743608786794
C0502,2025-05,82.39486189403944,81.97368159615512,70.02531022450553
C0503,2025-05,69.46030566550141,83.16331894931729,62.249007553978515
C0504,2025-05,75.74690869256001,66.37695477702195,81.5154499764163
C0505,2025-05,71.2122232949505,51.30095696866576,77.60628396513934
C0506,2025-05,81.03574808360308,61.88063080920314,75.04325669305146
C0507,2025-05,68.8665006271687,75.22642020678445,65.9667279130477
C0508,2025-05,80.04007887932029,44.98968779717096,87.64305933453936
C0509,2025-05,100.0,85.91439677274107,71.19828774906465
C0510,2025-05,96.15848863812168,66.83244976620652,86.24845924425087
C0511,2025-05,72.92497676180425,85.35365819782905,81.84555875870309
C0512,2025-05,72.76982489249532,82.18988252957428,49.25846399107806
C0513,2025-05,41.45455218245551,77.28616541322003,71.74343812665789
C0514,2025-05,76.65314883373354,74.53067651082083,68.017364052015
C0515,2025-05,74.53068235726514,86.538561873747,63.991204843883686
C0516,2025-05,85.07816435062674,67.92681678024367,51.00524238147803
C0517,2025-05,86.06731417581413,67.31032854724008,98.22244287984387
C0518,2025-05,55.98003700606685,63.13302254560581,80.31860198521753
C0519,2025-05,86.78777495838564,96.56817022021329,76.76427144606234
C0520,2025-05,71.74520516510677,61.798437289409996,57.55304063275263
C0521,2025-05,54.591538621335545,92.19039231172634,54.47802168487122
C0522,2025-05,75.73271545628243,75.94361919734179,68.55304617096756
C0523,2025-05,80.34756437056481,68.81457432935919,72.71430491527336
C0524,2025-05,85.52962366964925,75.52118222953379,43.224649908076536
C0525,2025-05,76.19481861939587,85.5345282084223,83.98204792279122
C0526,2025-05,76.19022824998225,90.61403137888196,75.03106976088625
C0527,2025-05,91.98194180138789,90.2422163392707,64.08245730761601
C0528,2025-05,47.995406438335834,100.0,86.96552482333841
C0529,2025-05,63.101512559449475,43.94851856607677,81.20833215345485
C0530,2025-05,40.62887609301593,72.95969208145789,92.23712757135209
C0531,2025-05,71.60311266296144,78.90964399759467,64.48384085785104
C0532,2025-05,64.68409365079944,89.74393602263028,74.49821879539529
C0533,2025-05,58.1846887960976,75.29417200193807,89.15880588523197
C0534,2025-05,68.05458186591302,83.3234578566928,85.71624701759163
C0535,2025-05,98.79023815860529,68.94066521001602,88.7553813976374
C0536,2025-05,89.4727292510724,81.07510491669625,61.218847170956565
C0537,2025-05,88.99898984633144,58.34977704636826,100.0
C0538,2025-05,86.1333671050118,51.44542804619442,66.66035752372709
C0539,2025-05,61.19745353239256,67.79112176844623,46.76151828528316
C0540,2025-05,53.037899283999124,82.11024456964047,65.25389827935466
C0541,2025-05,53.45900584432791,42.459672175385776,60.84866346586514
C0542,2025-05,71.74780937521525,83.99294796158802,56.949719079077646
C0543,2025-05,76.02979296392637,55.41230711266882,100.0
C0544,2025-05,72.06833652246556,78.23552417748498,56.69919505857808
C0545,2025-05,73.0035398829761,71.87049371707582,69.08744505094042
C0546,2025-05,86.57955245775277,50.03704963143157,62.96069124141058
C0547,2025-05,81.71053450460158,47.76133127660289,77.62394937949996
C0548,2025-05,78.01594473667518,88.78439121335748,
C0549,2025-05,72.40757789116434,88.37344702285054,49.534294068484954
C0550,2025-05,86.28881588073732,56.316963893483205,66.34139948357202
C0551,2025-05,71.71795833242791,67.80978758499023,86.5577103372412
C0552,2025-05,63.67536107295535,80.11289355232235,79.40804645037593
C0553,2025-05,62.154545592237966,65.86322818073432,79.35114313626043
C0554,2025-05,84.02545530670605,71.38448611280835,51.853278996947985
C0555,2025-05,87.38320313707733,82.22600785089757,81.83531164212854
C0556,2025-05,83.18544266014129,55.43098100763682,79.01789553668178
C0557,2025-05,51.657750400354416,69.68755678282815,83.98978295558724
C0558,2025-05,91.39252066222242,73.69443603859793,74.9804192630573
C0559,2025-05,54.266024832177514,72.29523772121641,67.39405054172659
C0560,2025-05,52.84313864549931,76.62278906387758,74.62032293239618
C0561,2025-05,97.99261544672841,74.29186906972032,50.42585327754473
C0562,2025-05,75.87149984595818,62.87424403145551,86.24157239975203
C0563,2025-05,85.88857985020377,96.9281920884024,84.20317956942398
C0564,2025-05,94.64485706365649,66.34887923694484,77.74261732001885
C0565,2025-05,63.14066802549557,44.172367202544294,78.61664127669762
C0566,2025-05,87.69315672125074,38.84252595872317,81.58983140317822
C0567,2025-05,87.61814814653539,62.11917525998119,76.9920366997885
C0568,2025-05,90.25942036995373,90.14945324293139,56.15777629965891
C0569,2025-05,69.31111486227701,79.07482248397095,96.22060003284572
C0570,2025-05,76.64990104092178,79.36426954032919,84.01164069070974
C0571,2025-05,79.14294711172525,100.0,94.73587284595064
C0572,2025-05,100.0,62.07214073017216,76.10589279561758
C0573,2025-05,78.74017022656369,91.73899487605611,79.92095831576958
C0574,2025-05,77.3572756940596,64.3268679561197,66.84246726828947
C0575,2025-05,50.12417211416146,68.15337415184263,81.25662923408015
C0576,2025-05,79.2888885260617,77.44734607809926,60.99651469036444
C0577,2025-05,85.66350750383789,89.89478747119146,68.05074011999191
C0578,2025-05,54.87931413773039,80.047473550104,
C0579,2025-05,98.67621713706104,46.95053418087781,60.335739897642746
C0580,2025-05,100.0,73.56054711202619,79.24422551339995
C0581,2025-05,86.47208680287497,79.01519940533305,57.67547721040329
C0582,2025-05,82.45762712040549,52.77293774938612,56.021666755090266
C0583,2025-05,80.74757748301462,74.54424954089853,69.80928028605287
C0584,2025-05,66.57157507709775,93.17035039648057,83.95776098304913
C0585,2025-05,80.171965175844,85.51316359143713,44.74800437096464
C0586,2025-05,93.47453729989411,58.28554900074803,87.64351638441184
C0587,2025-05,76.00224014082173,70.78932949425123,93.17349754343725
C0588,2025-05,66.12981015128125,97.18177881176285,48.17453887036934
C0589,2025-05,84.00405886142417,75.4764838741318,87.65946834155429
C0590,2025-05,81.80092356748116,62.470862794088966,
C0591,2025-05,52.5776245678594,74.44067688924288,100.0
C0592,2025-05,86.40510345030471,84.25478182488081,51.597700584525825
C0593,2025-05,62.6808674897025,50.880543015298755,60.967488009962786
C0594,2025-05,63.57884242347719,67.85131610419106,60.16539097831166
C0595,2025-05,84.76763971326109,71.4701169234882,66.89491638956741
C0596,2025-05,72.1764888908993,94.34336933325592,53.44639033702549
C0597,2025-05,55.92120986006904,74.82535198609109,91.31915333008646
C0598,2025-05,51.32060557760951,78.62020981942578,71.8359922859386
C0599,2025-05,79.13899634785594,59.27414727845824,55.25144851601452
C0600,2025-05,50.131335311472085,72.82803542696291,83.84403096528885
C0601,2025-05,76.85882103704552,90.52743285305522,93.96211572522499
C0602,2025-05,82.96666625820266,57.128690572509754,70.00979364574151
C0603,2025-05,76.60560944986968,90.71359715851185,79.8765870609011
C0604,2025-05,67.97231580345527,86.7477901482171,63.31144689124128
C0605,2025-05,71.17094478704529,84.24521392820212,66.567148176061
C0606,2025-05,67.35609415837581,100.0,84.65594140421229
C0607,2025-05,90.18894432461971,55.10202990886982,70.978748164685
C0608,2025-05,81.84531266007887,68.81249326604828,61.4589618123417
C0609,2025-05,82.2258150496989,80.51566476517834,55.73172972042631
C0610,2025-05,68.45939167875018,,89.53018031309546
C0611,2025-05,81.21973662641487,63.57941569468401,83.36469313678025
C0612,2025-05,74.46332045927679,76.20984300088145,83.48487710812641
C0613,2025-05,85.8516122667562,81.09387210434049,95.45811728311463
C0614,2025-05,82.40029092429435,62.71896015771314,90.15252109781107
C0615,2025-05,74.17895592798462,61.72954939292,57.91014518319554
C0616,2025-05,,59.97230225623794,72.71265393958154
C0617,2025-05,87.4223304414849,81.30771828755567,78.26402301555915
C0618,2025-05,64.73088693914981,98.94276876135527,24.744800046745453
C0619,2025-05,89.93327096141745,,50.166884284047875
C0620,2025-05,65.74393412896133,62.50308188292982,56.525707760995445
C0621,2025-05,75.04563183672747,69.71613322824524,82.3335540354155
C0622,2025-05,80.37101146582161,86.55635471615301,81.47164049054788
C0623,2025-05,81.28143692766554,55.458075116700286,72.76152584461421
C0624,2025-05,79.95947024882985,96.90201201614532,100.0
C0625,2025-05,61.810655522405625,100.0,75.4283543541812
C0626,2025-05,51.361560578380235,81.08123300915136,85.75555204537501
C0627,2025-05,84.03426576856438,57.386686977562405,70.55419929921045
C0628,2025-05,77.0374523975761,72.8806940758019,65.82066570026191
C0629,2025-05,86.35435750898603,86.07014247643298,78.82459807884891
C0630,2025-05,92.2953456136528,42.53885955972058,87.14515898015225
C0631,2025-05,86.09558354809081,100.0,94.80148121740397
C0632,2025-05,70.33422753771279,89.89193899219096,58.122817495844885
C0633,2025-05,75.17177825223361,98.88714711247694,72.1517033233769
C0634,2025-05,53.96102205794675,94.27633784364066,57.08525220159304
C0635,2025-05,78.4763044725064,75.3221398112728,74.77722148668411
C0636,2025-05,93.23896807280322,75.07500261026466,100.0
C0637,2025-05,68.80107291731383,69.63730815826153,86.11739218051696
C0638,2025-05,84.07402236516465,60.00828814376763,79.26173624321332
C0639,2025-05,64.82739142427823,96.5318614015658,100.0
C0640,2025-05,93.22208058993864,66.23859525740548,59.735015009209924
C0641,2025-05,69.41693557219742,71.98049502101672,83.14896039818163
C0642,2025-05,65.84485295312075,84.80682144328848,72.65824053206882
C0643,2025-05,69.58637012109236,88.34388652791566,57.03697244962617
C0644,2025-05,47.22371214644592,53.23521667258044,68.05453711814188
C0645,2025-05,73.43366214873895,94.87933770545384,75.06475653595903
C0646,2025-05,88.95809957187174,92.79114563080601,71.3201203374074
C0647,2025-05,80.41636124025808,90.98752425600216,70.01261241486701
C0648,2025-05,,78.79171835839365,57.615349306073895
C0649,2025-05,72.29063000780744,62.42997009332848,100.0
C0650,2025-05,74.1420604152739,69.30593653420318,90.59730219901967
C0651,2025-05,62.2096153215802,56.60195586192031,75.16568154116304
C0652,2025-05,85.94127455940612,62.15710073747673,97.31050009309442
C0653,2025-05,71.61678552731372,92.92503446777373,81.64609637746483
C0654,2025-05,59.433589645453374,76.53992961528134,67.52663892046795
C0655,2025-05,92.09975669398517,92.50059628757622,64.92913779143228
C0656,2025-05,70.0805816930713,68.29892593204356,71.52637616948437
C0657,2025-05,,70.05358564507966,69.75000968621603
C0658,2025-05,61.79265666958526,70.52197836130883,74.64520566089018
C0659,2025-05,86.0142856358892,90.77491987746826,64.09213568945958
C0660,2025-05,63.40971677268865,96.58809677192363,88.47105475078818
C0661,2025-05,72.44650234250383,95.56375628306037,79.33166614932861
C0662,2025-05,80.26457245835608,40.64613726389106,74.46228433143386
C0663,2025-05,,100.0,47.37797224750963
C0664,2025-05,55.83627982876507,83.92100849576128,75.63572486059307
C0665,2025-05,57.08606411342135,44.27143761054577,44.2175986794322
C0666,2025-05,79.90631603537827,65.88260726631886,61.92645715187964
C0667,2025-05,77.10449093608183,100.0,65.92551214101678
C0668,2025-05,70.20057540472077,69.16685026552247,47.05755715591697
C0669,2025-05,70.22490169068372,64.62314896616867,64.00078886824832
C0670,2025-05,,43.85636808891118,45.39308283097398
C0671,2025-05,66.53232255584562,97.85100682375699,69.8769502783578
C0672,2025-05,,74.98973570665987,62.13744280793718
C0673,2025-05,56.294423557660544,74.5617229485573,90.07228993627704
C0674,2025-05,89.20223730886838,64.03013134704942,70.90090751388391
C0675,2025-05,68.43387850150104,96.11876256233668,84.79403683066478
C0676,2025-05,89.89416627705783,77.2889197238301,65.26479122028668
C0677,2025-05,63.668399880534324,56.27941408191086,61.193720225860645
C0678,2025-05,70.99775565178074,81.21074333511856,52.82225951977887
C0679,2025-05,66.14664759074944,81.4133181775122,56.79524001436227
C0680,2025-05,80.07590968505883,43.89231846320692,82.75401481209946
C0681,2025-05,81.8445059180308,89.74476917254647,63.08819436935186
C0682,2025-05,77.64469266896867,57.902309544483586,84.89868767960196
C0683,2025-05,97.95317032476663,65.74191112765325,55.99169506620562
C0684,2025-05,80.50889582372957,48.2472352736189,29.17434720715056
C0685,2025-05,62.12369579271298,77.24614198814582,80.05067828165522
C0686,2025-05,90.76189058745626,67.71823643622588,60.87990705250594
C0687,2025-05,80.03774454037492,85.61651005233183,77.6893676624543
C0688,2025-05,53.49745763380474,54.281928212550326,55.15393046525554
C0689,2025-05,77.18302863226329,66.31547228118718,82.56659537977576
C0690,2025-05,68.2175861955109,91.99302680031894,46.972259119141995
C0691,2025-05,,43.39013048073031,62.67908395257082
C0692,2025-05,74.12312284863677,82.1359311952524,43.21264805680325
C0693,2025-05,,99.83156170168735,81.47217260334506
C0694,2025-05,37.71760437641279,72.04204949881039,51.44228148728805
C0695,2025-05,,87.60095416973458,71.79455300297835
C0696,2025-05,66.31076931991527,,92.98189492639025
C0697,2025-05,68.87136134821841,77.80773786118289,52.18324905679387
C0698,2025-05,91.88475011225563,65.09620312913864,80.7108590972192
C0699,2025-05,70.87048493611147,55.41572234687485,71.41128664198
C0700,2025-05,43.20384715440872,54.620805241475146,80.52367228252132
C0701,2025-05,48.24541692093928,84.97627981920871,69.48980966734666
C0702,2025-05,52.18141403528042,67.79224387068587,69.41045065319427
C0703,2025-05,100.0,62.505047597599486,
C0704,2025-05,59.99710089214609,72.89860817175042,82.02904564589139
C0705,2025-05,87.7672459556354,87.73718453070781,76.3414590787269
C0706,2025-05,61.00508833306394,75.50047178502139,84.7196462817873
C0707,2025-05,85.85615360864412,47.84338439036577,48.1290883962228
C0708,2025-05,98.9398973973313,76.715259549671,71.37078275504419
C0709,2025-05,73.3094707831934,53.23974125750217,75.72164992246643
C0710,2025-05,95.59491878395636,100.0,65.31906189025001
C0711,2025-05,100.0,68.55454321256857,77.07568189649771
C0712,2025-05,,80.46706145931964,79.6086073749366
C0713,2025-05,66.2170649192775,36.39775733576061,59.22033896324992
C0714,2025-05,79.56832605112884,73.29197275106777,78.96534729953343
C0715,2025-05,63.153325302261116,53.22051441633673,57.392053335644086
C0716,2025-05,81.09358668548956,55.28965694516401,82.71559323656804
C0717,2025-05,81.23133239954439,75.40922535352011,76.20244645883275
C0718,2025-05,56.90841633268775,82.89203502574071,99.09709690820708
C0719,2025-05,66.33811833536203,75.65658264463812,82.30255970434888
C0720,2025-05,57.04722851821511,66.10325910530233,100.0
C0721,2025-05,36.75547548561848,59.69145340937138,82.32277351157283
C0722,2025-05,72.15429148934224,79.35884676024855,72.340298683563
C0723,2025-05,63.85163566526379,77.20041355478796,65.81043494864755
C0724,2025-05,,100.0,69.03202158031462
C0725,2025-05,100.0,74.91870916870292,100.0
C0726,2025-05,73.49587475644115,77.75210833455166,83.88505654240275
C0727,2025-05,93.89696350694294,91.24623078266757,48.565581917700186
C0728,2025-05,77.08353002174053,65.77968015338887,100.0
C0729,2025-05,81.31233491242901,54.4817069404517,96.0600688478344
C0730,2025-05,92.2711942989527,46.89621330654093,62.14226058753461
C0731,2025-05,75.89587534435684,83.88147794690082,63.436476169027614
C0732,2025-05,68.13016535540578,80.92824154481755,
C0733,2025-05,60.008889574299445,76.25498338757049,77.03484298094654
C0734,2025-05,61.61141983969286,55.94112911440821,93.78072761435413
C0735,2025-05,69.50020778662847,72.63824770911258,87.13383758875301
C0736,2025-05,72.23046146347752,83.79584378029105,70.48799393885449
C0737,2025-05,70.42588458826437,51.442326785985806,
C0738,2025-05,71.42862611089055,81.61944179586048,35.76102760950488
C0739,2025-05,71.08769333082755,68.47273304559738,61.071431215385545
C0740,2025-05,80.62152382890346,69.071567466826,89.81709376524367
C0741,2025-05,81.39690852338884,57.43492339735703,85.7414634578955
C0742,2025-05,99.2426266363409,78.84541849357892,72.30056414436767
C0743,2025-05,71.07973795825374,48.05410662985468,74.51722896093592
C0744,2025-05,90.8935023435425,77.05422442216818,62.965285360531766
C0745,2025-05,65.96705040303502,80.84693831357924,45.651318740371764
C0746,2025-05,95.0429504088022,66.5336841233673,83.53990979962262
C0747,2025-05,84.20728947235645,89.79280599382716,39.13435193621059
C0748,2025-05,70.94413029955284,73.06127485753838,81.67774056188364
C0749,2025-05,64.97857505980794,65.00700367575111,100.0
C0750,2025-05,64.07147991117594,,53.83601034833099
C0751,2025-05,90.63612822429275,73.28870133723697,72.3158210333849
C0752,2025-05,58.466475469882376,,58.63886273830449
C0753,2025-05,75.69453549413925,67.1352045591464,58.54723994488526
C0754,2025-05,86.87264821918606,53.63883411828981,50.331466632217186
C0755,2025-05,64.62287233094847,64.39551969221678,59.03506058880682
C0756,2025-05,76.31044533548115,66.74827673516236,85.65672452086636
C0757,2025-05,84.51239978067592,72.69530646521525,
C0758,2025-05,91.98746545452512,83.66111589628578,63.57139683418933
C0759,2025-05,,75.82897119444365,87.96435885347802
C0760,2025-05,84.40844325314274,92.73274280895652,76.47260367251754
C0761,2025-05,76.20669793369639,78.37661476633238,92.64720699735199
C0762,2025-05,65.78407048782772,60.39639540588914,90.63345879382801
C0763,2025-05,78.11701052896215,79.6219825831736,65.60084763045184
C0764,2025-05,56.2552910796405,97.47670534347884,89.75348949885968
C0765,2025-05,47.41120259543701,59.68068357883056,65.7963919453553
C0766,2025-05,79.0811958599875,74.83433188773772,54.84346959444928
C0767,2025-05,77.23908609143756,,70.60630337339138
C0768,2025-05,90.88380672418387,67.91655460773964,78.53156781202509
C0769,2025-05,90.08906938939295,52.00969675064725,73.68081603486296
C0770,2025-05,47.48189830036485,64.68871170863352,72.50371608777942
C0771,2025-05,94.24721764924996,100.0,85.89105901867643
C0772,2025-05,92.68124818810483,66.1680727853037,49.20605983963747
C0773,2025-05,74.68473956706563,61.175928008487226,83.26408452357416
C0774,2025-05,76.60827124062989,77.54625311921247,78.2087925038356
C0775,2025-05,62.97490517312395,68.08450683937028,69.76848805024424
C0776,2025-05,98.51556782224037,68.25908368468316,100.0
C0777,2025-05,74.56285125281553,68.01992190151947,71.35580616228783
C0778,2025-05,61.34955566586671,69.36993247450424,48.23595170022686
C0779,2025-05,59.28841334714187,39.311762837393985,24.544802963471604
C0780,2025-05,66.59240933297005,87.08640931752922,87.01726246371086
C0781,2025-05,96.64455435434317,80.3938136355693,64.26455156120653
C0782,2025-05,,100.0,79.57214424561838
C0783,2025-05,73.82127987346274,,94.47387650269692
C0784,2025-05,58.45880155327026,72.31853811207223,90.23795340759607
C0785,2025-05,92.33074674444134,68.26692957413462,73.20617290832634
C0786,2025-05,59.5237944573383,44.73438139458434,82.61999480028466
C0787,2025-05,62.245699748853134,65.71103834077732,
C0788,2025-05,58.14670580634776,48.546890693623766,77.00075710447538
C0789,2025-05,52.37012801680952,93.55602653375446,68.83445747694073
C0790,2025-05,88.23610746301037,82.59070016059876,60.18764746016319
C0791,2025-05,76.93234425780494,65.91057104905464,67.514432467216
C0792,2025-05,94.4570737414162,71.61060953535653,64.67441264626815
C0793,2025-05,69.1039552879605,76.18650466154891,69.99075982679882
C0794,2025-05,96.03952550883953,89.5712234273317,68.26391689952068
C0795,2025-05,58.30682155052669,69.13368349084627,97.96143426532907
C0796,2025-05,70.72977416019366,71.27503516719072,84.54704760660819
C0797,2025-05,93.40266868414625,63.45179138458054,
C0798,2025-05,87.28663869106857,90.56557872026787,75.45273081939324
C0799,2025-05,97.32300574189314,62.61822042095321,89.79403976319186
C0800,2025-05,67.12298103408396,49.83504414626553,39.445136043272974
H0001,2025-06,66.12468528590946,52.2153963952444,94.82488799337315
H0002,2025-06,67.95072200240598,61.23985286211953,99.09232484060955
H0003,2025-06,,48.32393403287236,59.10228775871886
H0004,2025-06,75.24192939878978,29.13052640360383,56.87486442117884
H0005,2025-06,86.87882052258817,74.19336640671547,58.1262130594056
H0006,2025-06,,66.0598606291397,70.44686416482666
H0007,2025-06,88.54850518793376,74.72899219106516,58.087618897153746
H0008,2025-06,67.01386073836179,71.74756642661103,71.45721535371007
H0009,2025-06,84.05379764583604,58.49143481617658,50.79425731578333
H0010,2025-06,100.0,42.96502226611386,52.111047558578136
H0011,2025-06,63.064084213553784,65.92585530863703,66.63967840361082
H0012,2025-06,59.21068826338155,61.717693959343244,71.4768822849265
H0013,2025-06,58.787434557906224,95.66380365507386,47.79744885267125
H0014,2025-06,47.0218694956835,,76.2900018426919
H0015,2025-06,57.210485457754515,85.0770768198093,99.60554364392765
H0016,2025-06,87.06821802926962,59.15551926229257,
H0017,2025-06,,60.8167507211719,71.9622995859536
H0018,2025-06,65.95186308076356,60.29203267412308,66.21489333501154
H0019,2025-06,82.743670401066,46.00263921860415,74.96443871361714
H0020,2025-06,40.81156811101829,51.952312969174585,83.84057068128733
H0021,2025-06,93.58353313871547,81.00852202739321,85.15316211029344
H0022,2025-06,69.01163854045085,72.69999041965646,95.06045106680054
H0023,2025-06,70.51160979800908,75.87424032213873,65.85563870397993
H0024,2025-06,,,68.45473696193906
H0025,2025-06,60.57402726175854,75.06920941690117,67.09068853609965
H0026,2025-06,74.42141992900389,71.07082089303937,41.95556446656916
H0027,2025-06,72.70056775198881,64.34397316641319,61.06236421208919
H0028,2025-06,87.75753608462792,71.29402908051918,68.96201341010928
H0029,2025-06,100.0,39.652030641213905,69.45756202645119
H0030,2025-06,73.81503807741919,61.784525908900704,74.88561466370889
H0031,2025-06,100.0,66.47602746735441,88.88536016459597
H0032,2025-06,67.85516388193977,61.109273132562976,99.16397930567938
H0033,2025-06,64.80820421460636,,61.430985837165636
H0034,2025-06,100.0,76.82632969170831,74.86125363643076
H0035,2025-06,71.70475357461763,46.99325662720633,
H0036,2025-06,84.72517278549388,71.96357023236567,77.01470360484102
H0037,2025-06,77.20594976764241,77.12390031702874,70.7066875194112
H0038,2025-06,68.24453008506389,46.64000249617462,61.374276957800554
H0039,2025-06,72.98049214948666,,70.80269721163776
H0040,2025-06,57.46525212908434,70.20129752924049,63.23795593478645
H0041,2025-06,65.6340110033403,56.05926913079559,77.79731098021593
H0042,2025-06,,,80.35850488721876
H0043,2025-06,71.59092902778734,69.78789400648785,47.26936905167352
H0044,2025-06,72.20225843576978,71.44760159308902,58.768796803677716
H0045,2025-06,96.85757478332356,71.04460902971097,73.53480339011226
H0046,2025-06,67.70587008504451,83.82362293346462,57.935424037540265
H0047,2025-06,92.26558675650465,82.33360095307269,61.300401906492
H0048,2025-06,70.62730500623596,62.571014792707395,92.15577415183921
H0049,2025-06,68.29940652412398,60.41877460146704,77.83949400959573
H0050,2025-06,78.84034506457648,56.880972927688774,84.77949973873834
H0051,2025-06,82.695632872723,80.43435405146951,59.06893761195755
H0052,2025-06,71.18911501396602,82.08474883132338,96.53784848316066
H0053,2025-06,93.0523604386537,76.61261943968613,58.63574634314469
H0054,2025-06,62.695988086887105,75.82589051405267,39.820674414833036
H0055,2025-06,77.14432891156775,77.61597448202163,72.70540441313078
H0056,2025-06,86.38611594301639,75.64320604507999,74.11432560253019
H0057,2025-06,84.06538094676446,100.0,56.70756961586457
H0058,2025-06,66.85301288222924,60.1538223091967,
H0059,2025-06,63.25949242505243,59.80221371766421,65.13824886907322
H0060,2025-06,87.65374402303706,46.34028875194191,88.89733379195147
H0061,2025-06,62.92330836878064,64.72897283785204,60.560326327931065
H0062,2025-06,84.52558880417168,,69.50036006349595
H0063,2025-06,57.19511552421387,79.44637755856614,45.391503830223655
H0064,2025-06,70.71572678079063,55.81735787329269,87.76648264428263
H0065,2025-06,59.478716324661434,83.79404439388242,82.00065629374299
H0066,2025-06,64.51991803023543,75.50634949896981,68.79379044101181
H0067,2025-06,56.516062343761774,56.29079329957631,57.5836720164813
H0068,2025-06,85.82305579228715,84.59181179230524,64.39563788639207
H0069,2025-06,62.014377767859614,93.97714417686448,72.21825907516272
H0070,2025-06,80.80483057744166,51.93502943251897,60.1947662636813
H0071,2025-06,71.69850526232389,91.40936968958,74.73440688524994
H0072,2025-06,72.24008439156191,76.83581796169354,78.52389113083835
H0073,2025-06,77.76441681579055,87.33413100756916,85.00359580675881
H0074,2025-06,83.2414026509945,71.89996799602518,64.52466853665743
H0075,2025-06,,69.79697133312818,63.368381319928076
H0076,2025-06,,82.83215667610246,74.63263772349507
H0077,2025-06,48.698167845830056,54.15472691860611,72.30854485223746
H0078,2025-06,77.9023291981328,72.56840461335855,48.22203272491015
H0079,2025-06,56.12256555681562,69.36468631695169,59.50653789660629
H0080,2025-06,60.96895645842504,57.26511300509236,
H0081,2025-06,87.69028516792258,40.785318430189164,54.05942488600063
H0082,2025-06,59.785200152426334,48.215210818941785,80.17284570820104
H0083,2025-06,73.1713499873697,61.284015407804674,99.69473115910577
H0084,2025-06,85.89874397294938,82.29692349069832,76.66037224078455
H0085,2025-06,64.3135139185634,56.09698024700157,70.1088883609953
H0086,2025-06,57.88660529860457,63.7183387652309,92.93844309729076
H0087,2025-06,78.83396102454037,36.43002334934166,70.83671529306471
H0088,2025-06,60.958289726660354,61.892511851653516,75.41392179733764
H0089,2025-06,60.455612003165,42.130737211251244,68.30646281784837
H0090,2025-06,79.486489195888,84.30026916282718,100.0
H0091,2025-06,100.0,68.3546970164815,57.7536286245183
H0092,2025-06,53.20290744438752,77.05617414222299,70.15110013415807
H0093,2025-06,70.93853169818362,62.49998504352875,56.47608777611197
H0094,2025-06,52.7939303810692,92.41231030473332,76.54694999003475
H0095,2025-06,80.17030882814875,48.100977072338544,87.20055950468986
H0096,2025-06,60.12475929410431,85.73505708656428,59.64764911591586
H0097,2025-06,60.05718463487005,70.31402128911803,54.551509945641406
H0098,2025-06,69.89695936601188,76.62294521734304,
H0099,2025-06,62.69966259709577,58.47190165566415,76.6769452489268
H0100,2025-06,69.49756943834898,75.22583644600664,83.67095016652083
H0101,2025-06,77.88355839786342,87.99139712530953,79.29920536106444
H0102,2025-06,65.59104251530366,54.08077050827522,76.65667367659206
H0103,2025-06,79.3550011706698,53.49077340129935,79.78365520567482
H0104,2025-06,89.06489800396322,93.70079909655645,85.98229764699241
H0105,2025-06,69.42178985473008,,76.43709072283038
H0106,2025-06,52.297882540933244,41.28111997983444,65.21564043065527
H0107,2025-06,87.83017064327339,54.11831781412317,71.19199751797383
H0108,2025-06,82.70449655782747,58.03400575007806,70.9916598838142
H0109,2025-06,89.01671121176201,77.72693211130294,65.32344247144847
H0110,2025-06,66.0769420413386,53.851536633615254,66.54698066278027
H0111,2025-06,75.08733187380457,76.0609244476147,52.95452826179288
H0112,2025-06,66.68149089979754,81.4692513840485,69.58228278883723
H0113,2025-06,97.24399938030572,80.68387234322371,74.37247829641814
H0114,2025-06,72.11001804400699,70.63022360878843,75.0737169318371
H0115,2025-06,68.30471331586604,80.40760374353569,
H0116,2025-06,86.20379470402152,68.7454923313828,57.52175692307263
H0117,2025-06,75.48183887871713,71.22857351722276,83.87328354309135
H0118,2025-06,79.71343240871892,59.40433859451942,87.33466966355675
H0119,2025-06,72.25896259893047,37.22924405354743,54.44605616162228
H0120,2025-06,66.66700646696309,66.18943968852915,68.0318358731863
H0121,2025-06,65.40092616662497,77.49668638267538,55.454031326862534
H0122,2025-06,93.5177826613074,80.3764601906547,90.4739193139698
H0123,2025-06,81.67165882993963,,
H0124,2025-06,98.06713606250352,46.54772132110823,72.60875225930583
H0125,2025-06,,79.99445990192612,63.94211483603719
H0126,2025-06,71.78061930466464,94.27620726094673,86.70363052795727
H0127,2025-06,73.11915268851632,62.47193109635675,82.33362288679729
H0128,2025-06,74.86186624044026,59.20757108382328,91.9164042195171
H0129,2025-06,75.37335719674812,96.69780471657444,88.61951369786203
H0130,2025-06,95.20819457489188,72.7329156457183,64.7527612577249
H0131,2025-06,75.08519017178946,90.91620316531412,51.125184380492826
H0132,2025-06,47.02975106619225,63.086318269758365,
H0133,2025-06,,92.45471932838956,75.95865873780778
H0134,2025-06,82.84334578936893,70.78477286693767,70.40559851910893
H0135,2025-06,82.98317872251553,,64.86033126751886
H0136,2025-06,67.86788005989523,46.541991604303156,76.05967845628298
H0137,2025-06,59.15863604155632,37.05731505895893,76.57927120709209
H0138,2025-06,73.43724341236855,93.3365313436445,60.07114742128658
H0139,2025-06,80.67307298566672,58.57988502004688,63.32874307060543
H0140,2025-06,60.59818810112063,84.97607725870623,61.18686911748198
H0141,2025-06,65.98406226541708,92.67865440936589,60.83353061587549
H0142,2025-06,,84.0668919149974,93.64771764302994
H0143,2025-06,63.95118645661422,,70.10608547981843
H0144,2025-06,75.7799697526013,44.42538746489846,49.10126165513827
H0145,2025-06,73.1955580039653,,87.16804846307409
H0146,2025-06,38.40874910614175,82.30128135768902,61.95570621938742
H0147,2025-06,100.0,97.5880782157388,74.99295318770368
H0148,2025-06,77.95139322509083,44.55113065489074,82.79629103602758
H0149,2025-06,82.18583904444483,81.01498266886267,76.75250976913381
H0150,2025-06,78.44578129776355,95.91987694527177,90.77367664711707
H0151,2025-06,70.5382218711132,61.71361434844358,42.070297277780995
H0152,2025-06,75.01845805036177,95.35215285819706,75.419595636864
H0153,2025-06,96.79849928077165,77.93013904455354,87.82048218201184
H0154,2025-06,75.68264681004307,71.20093410269715,78.16054609409049
H0155,2025-06,56.43124987055178,47.50595571293244,50.25393367770154
H0156,2025-06,77.88761007503322,83.50877489382434,80.09170258934455
H0157,2025-06,80.13262603633096,72.7478799719751,50.63089005308957
H0158,2025-06,76.74766645512922,84.34194796521112,81.1487891328795
H0159,2025-06,80.75865546717831,83.5057160887065,77.4890301189862
H0160,2025-06,96.15061563020124,74.57853710271561,100.0
H0161,2025-06,93.82366680295343,85.62350415987605,55.29854878862267
H0162,2025-06,75.88531231352744,44.79312401917521,37.52540365628424
H0163,2025-06,61.31638804570704,69.77890247788405,42.77450586256928
H0164,2025-06,74.02956868548571,44.68356245089134,86.29457678352253
H0165,2025-06,55.91455209872001,88.3494764829734,46.98264173328822
H0166,2025-06,33.61966639385117,65.26521514531797,66.12781582660477
H0167,2025-06,80.26786616396777,71.20470825488283,60.486469881019396
H0168,2025-06,57.425619649971495,99.19896631611265,88.62664919879658
H0169,2025-06,77.14788862043035,80.13366273045432,76.18849811028588
H0170,2025-06,47.59660039388067,78.87596920836349,79.07704823333732
H0171,2025-06,86.7171349359069,52.19359026126035,72.14606705790997
H0172,2025-06,56.08196616142799,78.6641918984625,69.20515946147891
H0173,2025-06,100.0,65.70592996110918,74.05037291462514
H0174,2025-06,81.92213445363919,32.07540838830898,82.5369329845556
H0175,2025-06,75.19882771021958,59.32000991142361,68.81597231692179
H0176,2025-06,88.44291087926626,80.920172884488,86.9223986333267
H0177,2025-06,64.40128323520062,42.553541756552185,74.46409337405717
H0178,2025-06,85.20237232119624,76.95352097313777,63.382521823926986
H0179,2025-06,72.319377877034,80.30302059825847,75.16102234269621
H0180,2025-06,80.70462242000534,90.3838314077116,77.5754167845433
H0181,2025-06,87.44611387131,87.66205608912705,81.74346056952832
H0182,2025-06,50.06669576112435,64.86660517425963,60.55296009068372
H0183,2025-06,62.60106060765895,65.18429746932208,82.47181558429165
H0184,2025-06,80.312530201785,68.8140022945134,72.24158243490808
H0185,2025-06,58.071799689433384,82.53531390568138,96.92407018500772
H0186,2025-06,88.31664919454833,73.74455465534254,76.19890349246704
H0187,2025-06,65.86052279257788,71.49604189595092,67.59791504803692
H0188,2025-06,71.07633028403372,85.56780627376003,73.00927560881541
H0189,2025-06,73.29762476027071,35.77122338741363,88.03754477189939
H0190,2025-06,93.81159947047756,80.38563987275332,92.07922977529796
H0191,2025-06,99.12245324165556,80.34867983880979,85.85604779530306
H0192,2025-06,64.43693354240746,48.12870091207803,43.412994696814565
H0193,2025-06,86.58497728782383,90.603348289601,66.05748892827197
H0194,2025-06,75.73766088753437,62.3910839130058,63.781411785170285
H0195,2025-06,80.17299753155234,64.16630663499265,91.1355947068094
H0196,2025-06,72.71823184290314,84.31717366208584,57.9184847196983
H0197,2025-06,63.17754593057985,69.19668225775672,73.77293840847065
H0198,2025-06,82.1993749826707,99.51887928835777,53.36763268208411
H0199,2025-06,56.13764505363278,100.0,75.10633919495538
H0200,2025-06,59.039525021191636,100.0,82.05164048014898
H0201,2025-06,29.401462122138057,54.21900331207752,83.92788782569497
H0202,2025-06,72.85535644694312,86.03925143573285,87.42491467556029
H0203,2025-06,,93.47797723318726,71.00327178421298
H0204,2025-06,78.32322655121155,50.85937981237076,46.28838773879272
H0205,2025-06,68.6892614874639,39.767715088014384,64.36226701039743
H0206,2025-06,78.19671406386094,81.45247745196706,59.36040826245471
H0207,2025-06,81.8680746329596,53.972274621293074,88.55749729646904
H0208,2025-06,83.1445800626984,100.0,85.20375871758277
H0209,2025-06,59.06860238745066,72.65456608616572,81.41499763899976
H0210,2025-06,71.52827999896836,67.30278799536583,
H0211,2025-06,73.66060983611106,75.00212126391622,65.79994855181198
H0212,2025-06,72.40278131330098,60.61473711446625,99.88417104330196
H0213,2025-06,76.67038322355427,61.81558931867624,59.381083623465685
H0214,2025-06,79.41546912612803,58.05062296337301,80.3725814532963
H0215,2025-06,93.19009512309282,67.37494099947493,75.40142046019875
H0216,2025-06,98.02634366115507,75.98134010690701,79.60268709637523
H0217,2025-06,,72.66087169505056,72.11523559847295
H0218,2025-06,,98.20935439443804,54.41318586200886
H0219,2025-06,100.0,79.2071330888531,85.90254242329117
H0220,2025-06,46.76613853777452,56.26560486400539,58.550300485657694
H0221,2025-06,79.0696981117933,70.1775994729569,97.32861476822238
H0222,2025-06,74.99263147518228,47.88426022336708,63.744918228283275
H0223,2025-06,85.79571240891481,45.67889153831743,73.4142499351459
H0224,2025-06,49.97218296017907,94.19985179947722,84.53449364485004
H0225,2025-06,100.0,56.27637539705622,100.0
H0226,2025-06,68.43883360346163,70.56334978766873,68.69908842160712
H0227,2025-06,72.56813504529583,79.54088469936354,51.85855134178465
H0228,2025-06,89.11456618627264,65.43037742649676,65.88783132449586
H0229,2025-06,57.736205415380965,65.44291159777161,80.3697476888418
H0230,2025-06,70.78960816747681,80.7813608532753,74.77099322348408
H0231,2025-06,78.61660634246138,78.76558248548893,89.7124151382837
H0232,2025-06,89.6727897916902,86.9150729784405,75.28500520396125
H0233,2025-06,64.45481578324723,62.64176664548343,76.81501959997364
H0234,2025-06,100.0,70.70249426047958,85.9549448788876
H0235,2025-06,89.3343351852598,,
H0236,2025-06,71.25314649457643,34.347798585254885,58.35764409783095
H0237,2025-06,79.86048986351715,,71.20714372420596
H0238,2025-06,74.69654233705043,100.0,
H0239,2025-06,67.75031843216931,99.92200110991382,61.9222216745078
H0240,2025-06,97.38079868816965,68.84372273360982,54.171326799978175
H0241,2025-06,94.77368370896569,71.25980297224312,52.44313015743815
H0242,2025-06,79.79028935319901,64.8795711957322,60.162952193349746
H0243,2025-06,76.31109431726834,69.08559558386719,91.66319938884783
H0244,2025-06,78.75100195286815,70.83927062777757,61.56966046532236
H0245,2025-06,56.96716240546826,60.90961375021545,
H0246,2025-06,75.85974694052638,44.945697580978965,68.78246001428236
H0247,2025-06,84.4446217781053,58.146497633560806,61.97867541080046
H0248,2025-06,80.61842654519299,79.67822663110638,62.08901968087168
H0249,2025-06,49.96879162593976,95.37056132892735,95.2712456199188
H0250,2025-06,89.69825521332801,51.16194305364303,89.9801027703285
H0251,2025-06,56.62341838750544,70.97433926992231,64.03827916267943
H0252,2025-06,100.0,,100.0
H0253,2025-06,76.7897568262926,51.70914808720909,67.46331337571124
H0254,2025-06,70.53312637440375,65.57465366875304,100.0
H0255,2025-06,73.41110428936074,73.6679268746628,36.96168391131602
H0256,2025-06,82.46596644003868,91.6530172940798,74.770090757108
H0257,2025-06,79.91688988440735,45.37967586395206,75.53781643791854
H0258,2025-06,,67.19857703896957,72.62158720144673
H0259,2025-06,100.0,54.033843919835405,28.067766112788945
H0260,2025-06,83.05515105835643,78.31185757282547,69.5365972834669
H0261,2025-06,63.84661417529978,80.7585237026228,46.13714644671534
H0262,2025-06,42.652191674061314,72.4114472221514,86.08693790954253
H0263,2025-06,100.0,71.68001925519229,79.64118392705201
H0264,2025-06,78.56798507967068,80.86977142989511,75.33683307955958
H0265,2025-06,77.65689131760519,75.21763297747202,82.73445434078232
H0266,2025-06,68.73353882326904,73.36075841124139,79.68195435515486
H0267,2025-06,62.88990498658263,59.09240203230175,69.13819740939334
H0268,2025-06,89.97337404192137,65.3447936650932,74.10861863131302
H0269,2025-06,80.41290803036195,69.38694889258961,74.38258287785239
H0270,2025-06,71.43001573654102,80.77190102422878,84.47799298261457
H0271,2025-06,94.33505417038462,99.0913463212776,55.991661279838624
H0272,2025-06,73.23279855549866,74.95467133315644,63.35786356347243
H0273,2025-06,56.7712647139729,100.0,52.04681399991469
H0274,2025-06,54.92416655926646,62.133950667109296,81.15707973550289
H0275,2025-06,60.975308383913955,97.79252865295061,79.43405474284458
H0276,2025-06,66.9616830099966,65.64933058649434,72.34582501449316
H0277,2025-06,81.17712885942764,74.74365576468874,67.10486512350712
H0278,2025-06,69.0987160170403,62.4965472639069,
H0279,2025-06,97.39983074884276,76.70837844436495,75.42839852680954
H0280,2025-06,72.37825917697444,59.6198830684558,76.19553194493622
H0281,2025-06,89.62908198944348,50.93688192508559,81.72798073303252
H0282,2025-06,73.61007221264572,52.15619632164913,28.06252832297382
H0283,2025-06,83.80403786248499,96.11494172500952,88.0158906423293
H0284,2025-06,,80.09355517339989,91.53455568698823
H0285,2025-06,74.21657394517896,81.88312106977527,83.07726901501611
H0286,2025-06,88.16833108147335,65.52980812580006,38.048703114282496
H0287,2025-06,55.31621306197785,99.1632224020438,72.27594405950433
H0288,2025-06,73.08135634735089,,80.07317942759981
H0289,2025-06,67.08557936555093,75.14959501350177,55.924267025427696
H0290,2025-06,70.7124401541771,78.8543331228928,56.08002316661346
H0291,2025-06,66.79787075514267,100.0,81.55818167549572
H0292,2025-06,65.82793485222416,59.95038488694394,45.65002865568035
H0293,2025-06,57.29917855765932,84.4712782721557,73.49621651231797
H0294,2025-06,54.81930828648912,87.9181255477082,85.04285372827022
H0295,2025-06,65.16022376932814,100.0,71.50186317945439
H0296,2025-06,90.22026266155471,94.6699945487906,78.65040985569824
H0297,2025-06,80.20735797013434,56.65956461793837,77.04764823368949
H0298,2025-06,,97.20865327278636,74.67974803285634
H0299,2025-06,66.49188393745308,54.61300001833269,58.94236469725246
H0300,2025-06,89.84734268823703,48.58781692554358,74.45674752610721
H0301,2025-06,81.38901156428275,70.40229219176449,77.11743874277248
H0302,2025-06,74.87261590749812,42.06859358644381,87.6789011470673
H0303,2025-06,87.13020293664889,70.9585110728939,85.9728109347926
H0304,2025-06,83.04178623941958,55.23546309776253,84.34405726946814
H0305,2025-06,75.8694605834315,77.07912193187437,92.02924874805008
H0306,2025-06,81.4430158180348,61.01442630829399,72.33473736783512
H0307,2025-06,79.06455492454195,44.51217529521415,63.76086208589503
H0308,2025-06,49.38817434548692,74.02142403170588,85.08570780000433
H0309,2025-06,77.38718315189598,76.08259333553379,47.57238321154755
H0310,2025-06,77.71140954009141,60.008369925414456,63.015101935955585
H0311,2025-06,73.28936688324556,61.34816046027234,38.446038599453786
H0312,2025-06,88.46366377200887,58.77834242478852,66.81850725712523
H0313,2025-06,92.38857256673177,59.61909345722057,77.47169734409853
H0314,2025-06,77.81071822637776,97.85301969445914,69.57237356236041
H0315,2025-06,80.77059293785341,78.20417925087825,60.4409886270875
H0316,2025-06,98.27608557000403,100.0,66.60406603140908
H0317,2025-06,78.76816777251575,66.8776496274414,71.76080982288335
H0318,2025-06,92.9734293905255,76.60545052800438,94.44623384813228
H0319,2025-06,86.2857741174377,71.07364378025689,59.88118911827639
H0320,2025-06,54.321457241182245,60.398518214039306,61.69766964369154
H0321,2025-06,78.0423151910728,90.67854766580214,95.01008556471723
H0322,2025-06,70.3555877401171,88.73862667370108,79.47452393108215
H0323,2025-06,87.45222575088859,67.21678999362128,72.54238297509576
H0324,2025-06,74.9430487700224,80.44924836334364,91.90496171819407
H0325,2025-06,42.0800894516957,47.0034519476678,78.0273836302172
H0326,2025-06,79.25343194813289,63.210897036006976,65.9666053928945
H0327,2025-06,77.35286927384283,78.97405550315203,100.0
H0328,2025-06,,89.1809463532817,85.40600195745554
H0329,2025-06,94.12569535233979,95.05425989618799,63.31844328956635
H0330,2025-06,76.56858373429277,56.83272001117736,
H0331,2025-06,69.52545515812648,75.24478638311899,89.99829054665123
H0332,2025-06,84.22276722242583,84.07639776384957,72.85070955710952
H0333,2025-06,53.546506822635095,62.26852918986343,
H0334,2025-06,67.31991382812575,68.68688635971813,80.95074960433058
H0335,2025-06,81.95111055762543,52.695881759608255,98.72294481445147
H0336,2025-06,56.72018626724092,58.49781780924056,74.2171942075433
H0337,2025-06,81.00937174121975,61.25307282564068,80.25449964835214
H0338,2025-06,48.43732684757967,66.526239164775,62.07069713325956
H0339,2025-06,96.00741838225345,62.65039550898992,78.51464469196699
H0340,2025-06,61.602544985185446,79.63054388825981,51.110519921570074
H0341,2025-06,65.90809801202978,,93.35441964057557
H0342,2025-06,65.10787842680308,62.77181360620605,74.46537057351655
H0343,2025-06,86.64018045273181,55.09600924432375,60.864299065319926
H0344,2025-06,57.103553391981784,91.80020972559092,70.77612643599244
H0345,2025-06,75.92328362275663,54.08739326868495,76.65525867343705
H0346,2025-06,77.67325433651327,53.702515463890435,81.39017146516423
H0347,2025-06,82.4455855157494,55.82061616513193,76.03715958940978
H0348,2025-06,88.08089978772826,67.91225114792636,100.0
H0349,2025-06,79.57419687122905,74.82873458496584,98.64398395004969
H0350,2025-06,90.26400356323882,63.78957879450081,100.0
H0351,2025-06,61.426501651217635,96.9722628621783,79.57563435759508
H0352,2025-06,84.92452609360554,85.13777291762396,
H0353,2025-06,77.96415539970309,88.3031365824601,69.95147410398982
H0354,2025-06,97.4427786674654,88.33278566604105,70.75667852176372
H0355,2025-06,61.698288633672036,49.195423882450626,73.92127742872849
H0356,2025-06,85.97948292690812,68.81314027062729,57.54980335875123
H0357,2025-06,64.69561360879129,59.57370245628047,47.90269199041873
H0358,2025-06,68.93951063933191,67.82066094152772,70.9396776172828
H0359,2025-06,,63.010828615794566,80.8797363689079
H0360,2025-06,59.780864908741115,91.56306137570773,70.63248308787496
H0361,2025-06,68.56027658615152,97.90458215888205,76.1250937876659
H0362,2025-06,56.23714244159098,61.00136339302273,88.35396273942783
H0363,2025-06,81.11176564981,86.60119769197765,97.80016396418495
H0364,2025-06,69.06343491928287,70.68013497513476,81.73551654234335
H0365,2025-06,45.45154440417326,70.654603084582,69.91140617436437
H0366,2025-06,75.63852086234009,73.32374416893491,79.74446935410529
H0367,2025-06,75.08724714720238,,62.9346711516417
H0368,2025-06,67.24197232210322,66.38199865695589,64.76314360956276
H0369,2025-06,49.08633115626156,76.04084515312137,94.49138405530884
H0370,2025-06,53.795625907100764,63.25188579080879,
H0371,2025-06,86.41004286464732,84.8814462226827,67.8235301545862
H0372,2025-06,78.59452292031467,59.03957314278828,81.69511363686284
H0373,2025-06,44.70235202690234,71.26820508261957,70.0581406157867
H0374,2025-06,84.2222811649213,100.0,70.31737793256617
H0375,2025-06,75.47993447794282,100.0,67.67124625483378
H0376,2025-06,98.83202663729527,64.92269692472219,54.256229495097564
H0377,2025-06,67.80838445367739,51.69812866323454,54.94199914625965
H0378,2025-06,65.94756984798222,53.32056402664758,82.12247935319311
H0379,2025-06,92.99770858725478,85.43278696052616,80.31462351852477
H0380,2025-06,90.2115657345944,,88.83267712370088
H0381,2025-06,91.64965857456939,,55.91672923914572
H0382,2025-06,74.62109885451692,75.7806370450722,80.89478578033344
H0383,2025-06,91.85798542335755,75.6066225405389,79.95576525931388
H0384,2025-06,77.20614161626193,86.17639146799578,65.75694614086835
H0385,2025-06,60.10247573119299,70.5773942475057,
H0386,2025-06,78.39737643615044,54.02957447349833,78.16090820722042
H0387,2025-06,62.656113220833625,83.24791756837035,65.81834989622268
H0388,2025-06,49.44142738824567,88.0466272447959,66.67843846000511
H0389,2025-06,75.8563871712034,48.51122363215855,59.82854034911945
H0390,2025-06,79.37058804816579,69.1419869250121,80.86385093492495
H0391,2025-06,78.4563582925643,74.86209129635343,69.88101279308466
H0392,2025-06,64.64643401507462,89.49678883543382,100.0
H0393,2025-06,72.20246580295165,83.63184605624657,70.45839532545432
H0394,2025-06,43.860291743434225,53.79050562835751,85.75966518641748
H0395,2025-06,70.14137024389693,57.271281644526454,76.84437447745802
H0396,2025-06,90.37780631599493,78.51311292074504,64.43368589204164
H0397,2025-06,78.1676169009726,79.05877719251757,82.5095887489955
H0398,2025-06,82.18014171320435,60.88590485395805,
H0399,2025-06,82.57949368849141,65.30832941660238,63.0195225617974
H0400,2025-06,65.49538035492878,100.0,69.0222564007102
H0401,2025-06,76.51002934154484,74.00154141534121,80.12389251486763
H0402,2025-06,,58.68791442271336,49.86319860538455
H0403,2025-06,57.22866504951905,99.60528030188254,79.38088984336451
H0404,2025-06,86.22672413537754,55.00516341701252,67.73493180257809
H0405,2025-06,84.72009276722495,59.503278900940785,74.80495743709852
H0406,2025-06,62.12312207406875,67.1960605413502,76.54730316171474
H0407,2025-06,81.32553459271601,80.3951605999909,63.45673871753057
H0408,2025-06,,64.68515058267207,67.39532309404602
H0409,2025-06,64.53601144541804,78.99295929197814,59.219537568264684
H0410,2025-06,89.6546808526033,40.20928066520525,83.94919677940321
H0411,2025-06,,87.32918037479433,66.40622308208627
H0412,2025-06,36.24171095366966,89.16168025805827,77.19874371959216
H0413,2025-06,65.45332180929552,17.05015368741411,37.7414841323773
H0414,2025-06,91.79337714158258,49.402874555700855,76.264555909503
H0415,2025-06,85.9064593796031,64.59514620980386,99.8311436074265
H0416,2025-06,75.89314212138034,57.23924502766524,84.87217337503552
H0417,2025-06,98.90242668496079,64.83219451667716,71.93353448375048
H0418,2025-06,52.50158994224081,81.22210984431344,
H0419,2025-06,77.75964845962856,71.42379438508945,82.80937889890899
H0420,2025-06,92.79533520991347,53.522711772101765,84.28041195368093
H0421,2025-06,70.58231689053267,76.05280032093019,72.60462487733695
H0422,2025-06,65.64094801684111,66.13569921931956,82.17293294412204
H0423,2025-06,64.37713267208223,77.22987904428054,54.02715320007623
H0424,2025-06,82.3456782522037,91.44726759405228,47.78216841776458
H0425,2025-06,78.96797810116813,44.985858179470085,66.82635685844772
H0426,2025-06,86.57959856010582,77.38627485986468,100.0
H0427,2025-06,69.1583323510672,30.381462871990664,63.840389163014166
H0428,2025-06,73.2093144874232,60.70196829678287,81.65150950129191
H0429,2025-06,74.64132915719502,80.63310408285321,100.0
H0430,2025-06,54.104460088545366,,64.11379009940501
H0431,2025-06,62.913447776531626,62.10130697846873,82.39562314099327
H0432,2025-06,85.26870450224439,73.83818553673028,75.88299833345648
H0433,2025-06,57.96676555272255,63.46284551850697,59.413438995042384
H0434,2025-06,79.69463897378488,63.43624550644963,73.74666540347835
H0435,2025-06,69.77588066824273,65.3730024481157,74.03545192853156
H0436,2025-06,66.30361593722183,86.26319649508542,71.0895437134927
H0437,2025-06,73.00214499026531,48.8890827167639,40.09772805208441
H0438,2025-06,82.11714211380831,77.47021562224855,54.85705812519998
H0439,2025-06,77.34635961131738,40.32434690915147,60.7461095517002
H0440,2025-06,61.72895256935358,72.85489375538155,78.14636058863809
H0441,2025-06,62.69985778402187,72.83052123397056,77.07441925168015
H0442,2025-06,61.98766819240519,71.45852657109387,80.56176266016907
H0443,2025-06,82.7460979125082,100.0,64.9582694710196
H0444,2025-06,78.75960206122156,90.77309791466004,85.28004397904475
H0445,2025-06,79.28067584901518,100.0,98.61393766257001
H0446,2025-06,63.50842182607662,60.62473093683434,85.48016809556366
H0447,2025-06,94.98786416264662,29.960567747563815,62.10040133427724
H0448,2025-06,77.12090921988562,60.87707920453751,73.22906289768646
H0449,2025-06,74.73921455865431,82.13345537729296,95.01204643169551
H0450,2025-06,78.87304906653193,65.12428567894283,75.51022661781796
H0451,2025-06,81.8716007596104,94.99010894332565,63.355205456514746
H0452,2025-06,72.96776734949268,84.00098064875283,69.62366751208467
H0453,2025-06,67.8158227324916,76.58124679121283,55.10139174023219
H0454,2025-06,79.66030121917842,75.64144482616935,66.720052456466
H0455,2025-06,66.82470233076914,69.21484325875501,82.7795622578295
H0456,2025-06,77.91312025302013,60.733776966808676,61.88352314075371
H0457,2025-06,85.45824297335967,45.42752204033887,77.93687517345266
H0458,2025-06,70.99170864188521,80.38397745176945,78.45810243562877
H0459,2025-06,58.44294030577954,58.73228345662563,81.81766283070147
H0460,2025-06,83.57360337854792,,82.01726473830607
H0461,2025-06,73.73378198288191,49.26631865161846,85.21345827274426
H0462,2025-06,59.8249078986465,42.93387776601242,63.47230584287623
H0463,2025-06,100.0,89.09006889004847,64.86059892810695
H0464,2025-06,63.59345519663589,85.0436380203854,80.24372496786044
H0465,2025-06,57.127455775933896,57.26779598313374,97.13423666390915
H0466,2025-06,46.93112310852571,58.2612213676771,87.1206186639638
H0467,2025-06,85.97712920457838,51.925302584254624,67.74028244830033
H0468,2025-06,44.71154655373113,81.4383890584468,66.17721177213612
H0469,2025-06,63.07950238842216,69.47380885614795,81.79736192773512
H0470,2025-06,79.59910115066853,,71.6088390947194
H0471,2025-06,77.8629078571928,71.6242902046319,72.35169487987136
H0472,2025-06,89.06424471946897,58.46072032842318,65.5035222940679
H0473,2025-06,73.87242846838664,60.791453132365376,
H0474,2025-06,89.6331953170831,75.16355163853126,61.836950285024514
H0475,2025-06,74.86197359893349,53.542620349805475,88.4458287857318
H0476,2025-06,63.69742348563361,,77.54723513743778
H0477,2025-06,74.78189523248427,54.394771336095374,61.20177435451957
H0478,2025-06,,83.04596912405195,73.67284443600387
H0479,2025-06,82.19481389697374,72.50636506985268,70.44441464711579
H0480,2025-06,98.00477977310257,75.94641089064736,70.70929189280339
H0481,2025-06,88.42539887869471,69.79725198416449,68.91138072675166
H0482,2025-06,89.3430796572313,64.32982369824316,76.67349615698909
H0483,2025-06,65.13771495079261,70.59008147093785,68.46500597234993
H0484,2025-06,69.1375773529478,61.67270701099274,81.89776579724003
H0485,2025-06,89.23732040092486,86.7905047216361,97.18143392323955
H0486,2025-06,83.99911676906878,67.26590102263818,61.21619674113281
H0487,2025-06,82.96907283205186,72.31583737810843,41.02389501166091
H0488,2025-06,89.1448254413404,92.71216831855054,69.59000414884959
H0489,2025-06,61.06386486600548,78.03225290416269,78.8004597584951
H0490,2025-06,88.08227270710313,61.11152469659447,72.07544583647488
H0491,2025-06,84.18887461810948,62.94213408240212,81.18865340257452
H0492,2025-06,73.09615591022569,96.75027440694248,58.52278698986987
H0493,2025-06,100.0,,87.52199585143589
H0494,2025-06,84.17174001441376,100.0,85.89992673039067
H0495,2025-06,70.08099774901112,80.10814053897542,43.99342652236485
H0496,2025-06,79.81390821135248,89.9430961810974,47.59398095818677
H0497,2025-06,77.25119906784971,59.87164277711056,74.09177143449523
H0498,2025-06,,79.72024673637833,75.506892217149
H0499,2025-06,56.30974919249902,63.390871185784896,87.21952015533685
H0500,2025-06,76.47134772966346,39.87053247749621,91.39770932912884
H0501,2025-06,60.202379661552506,56.64496397965174,53.3672770332156
H0502,2025-06,,75.49480307763193,74.35978206704243
H0503,2025-06,65.50297145634121,90.90156774364864,72.26286664610627
H0504,2025-06,99.89512329397722,72.85508354171573,68.79805177062896
H0505,2025-06,76.66788686226515,100.0,53.232171046464636
H0506,2025-06,95.39696309538208,73.78442354700078,35.971581919573566
H0507,2025-06,67.40404452449829,,79.25396803044016
H0508,2025-06,,63.3741563870533,64.95188111175149
H0509,2025-06,47.70898990095463,96.19465897689244,70.1706527920591
H0510,2025-06,100.0,80.23981148349208,94.9752888487958
H0511,2025-06,72.96909025236486,72.18213739094436,75.26614326946432
H0512,2025-06,96.19223723896938,,52.119591892367524
H0513,2025-06,79.38746716276025,100.0,81.67517496745876
H0514,2025-06,83.68966928421179,77.73214471572162,80.97264409455889
H0515,2025-06,95.64368473739366,68.58228657656225,93.18712035266226
H0516,2025-06,54.76548336215984,62.46657161690513,88.2655204577318
H0517,2025-06,69.43790645662895,72.21044787263995,72.27661898276462
H0518,2025-06,93.24640593160328,65.12829639429081,88.41432196356463
H0519,2025-06,71.4856348068693,88.43284627627668,63.33854194949872
H0520,2025-06,63.50888791759898,47.29624749237986,66.87429826306482
H0521,2025-06,64.70843529202944,62.377487801491625,71.70226033679465
H0522,2025-06,87.38065055573759,52.77155641580284,61.02638805687767
H0523,2025-06,63.84805366105775,58.903626377326454,69.97721928656854
H0524,2025-06,75.6021552963992,94.76696028218728,48.19895125757047
H0525,2025-06,75.36489055818228,68.00207064638337,75.44623993834622
H0526,2025-06,64.39303758503873,58.0741147639162,78.88188628867012
H0527,2025-06,82.61660769485755,47.03422719630123,28.770748464428706
H0528,2025-06,57.43332737045642,74.52477548362191,57.612881178968955
H0529,2025-06,74.91819159622071,60.781543090862506,74.4401142590723
H0530,2025-06,57.624488242258,93.97451496006427,
H0531,2025-06,52.00383116930752,88.779171393431,87.19040533079192
H0532,2025-06,80.24558965943567,72.40264403960026,62.00968397838365
H0533,2025-06,76.80223917262349,59.88697797141005,67.24595984793902
H0534,2025-06,80.88409449325566,82.94576485085167,57.925153781665244
H0535,2025-06,51.96510137403335,76.14144095918648,59.53001548199981
H0536,2025-06,75.50372818208042,74.00777745643103,83.00308784981448
H0537,2025-06,79.95798990578214,73.51254510710623,66.99149921965267
H0538,2025-06,71.09687080439043,72.64207316372088,60.09656680247004
H0539,2025-06,64.28442613409169,54.47387192573788,98.60347767652055
H0540,2025-06,87.65190424384616,84.3152973983922,42.593880745077435
H0541,2025-06,78.82076125567279,83.66639990124271,67.72878618998283
H0542,2025-06,72.10978057794296,86.45402171574867,92.9238879479726
H0543,2025-06,64.43922849837449,49.49554967413003,91.12276868097887
H0544,2025-06,65.46724149135582,86.13428944642125,78.86617753425207
H0545,2025-06,70.5124467283763,71.57103070525564,91.25397897401216
H0546,2025-06,100.0,72.46537780386281,60.50880122373248
H0547,2025-06,44.259214599373664,70.59980440334606,58.96664492565108
H0548,2025-06,65.02181323971129,69.4042713087555,86.82518912238969
H0549,2025-06,50.37192168634527,100.0,93.70269956856616
H0550,2025-06,100.0,60.015645752153475,96.9164108144681
H0551,2025-06,72.24935311871768,46.28804840296512,75.57593387779481
H0552,2025-06,91.55083507343255,54.311152229674825,71.94009991835001
H0553,2025-06,74.86680149751064,65.76896788147924,83.70099863422641
H0554,2025-06,71.28105160987342,55.72548155404978,53.08311976141384
H0555,2025-06,94.2541824051199,87.06948579365667,66.89761563828914
H0556,2025-06,89.5956357708882,50.45266912451656,62.40523871309287
H0557,2025-06,64.82851140328339,36.071497433855264,62.651795073257844
H0558,2025-06,96.09452273057121,75.69013249532591,75.21565824882038
H0559,2025-06,90.88354238072434,77.62311733642004,71.13045548553082
H0560,2025-06,74.76325457355371,61.60957540138833,100.0
H0561,2025-06,55.81583832847694,69.8605397559208,83.56078799362717
H0562,2025-06,55.62405423945147,,85.59168108971751
H0563,2025-06,63.08929165764151,63.53268987018725,86.47578744936219
H0564,2025-06,76.30634498040071,65.58846217701652,57.501028003700085
H0565,2025-06,82.54774018764984,57.419086705459335,64.75936682207926
H0566,2025-06,74.98608878052603,100.0,74.95212670024864
H0567,2025-06,88.15291101517087,80.11064870002923,57.90093476804463
H0568,2025-06,69.80222645696756,84.64235364251596,71.40740001856899
H0569,2025-06,47.6476063187129,67.48437992338741,94.39201392069734
H0570,2025-06,93.01696002578878,71.70993693788442,62.40265639898984
H0571,2025-06,100.0,86.65711889201413,70.67641738429933
H0572,2025-06,63.30516724103468,69.09264538304686,100.0
H0573,2025-06,100.0,94.20919340662503,95.9764163577194
H0574,2025-06,75.71267550091687,56.35023473649035,93.08722773542868
H0575,2025-06,80.9503741974746,75.16473798390358,70.35577071993217
H0576,2025-06,76.90018506683879,70.48161657659402,46.52380888628709
H0577,2025-06,62.857547178241084,41.42119827464931,79.15178574749515
H0578,2025-06,95.4991931118228,67.45694576176624,91.35388389911361
H0579,2025-06,90.28382178765439,64.17439195081795,64.36230752210172
H0580,2025-06,90.87362228844796,64.9048236084357,53.821815036263104
H0581,2025-06,60.4727169859938,34.55534229496727,76.31784598893253
H0582,2025-06,69.39927903670925,83.47434464576301,82.96809734123663
H0583,2025-06,,78.01032635215634,75.50463895713371
H0584,2025-06,76.0812806984393,79.0622349722725,99.9328646281069
H0585,2025-06,81.36054395112271,60.15112985160552,62.23322130203105
H0586,2025-06,71.83237888776631,77.32068009207049,63.90222056851357
H0587,2025-06,100.0,61.23898895815134,80.07050551737491
H0588,2025-06,64.6725638912008,59.407270438827425,80.4605952400726
H0589,2025-06,84.43672333117078,43.306238079619625,92.6471049968674
H0590,2025-06,87.11912278223708,66.38121225268358,69.33088849568162
H0591,2025-06,60.362960456242604,48.12368553930876,93.02398401992866
H0592,2025-06,60.96726310405884,59.16064446411986,94.96582585121267
H0593,2025-06,81.61968051576225,43.904901119248066,67.21855583133677
H0594,2025-06,73.73970132277013,34.59872576405927,89.49675041989792
H0595,2025-06,85.3523187157227,49.77189918110447,100.0
H0596,2025-06,85.53277064465858,78.3068265810087,
H0597,2025-06,65.40670618125213,62.73084391572019,56.006191798671175
H0598,2025-06,69.99375955123467,79.69936268429585,69.77635200979489
H0599,2025-06,72.33890130287342,55.85534853533427,67.61849490617534
H0600,2025-06,88.78878627474835,57.68641670397836,64.93294678468726
C0001,2025-06,79.25835950003435,78.77902249782127,61.706181939331515
C0002,2025-06,64.21319291174049,86.03993711751801,58.41120894723616
C0003,2025-06,60.67645995159713,76.91785749456994,78.18529688785199
C0004,2025-06,72.8249930388139,79.37339630987967,63.85108036600115
C0005,2025-06,85.4787763884571,64.93705838329176,
C0006,2025-06,69.86111785769782,86.18596376316073,
C0007,2025-06,75.51110993042705,64.38599884243156,80.38390383547215
C0008,2025-06,55.95541471666941,,89.53298511683406
C0009,2025-06,84.11855731103167,70.505518733803,83.92884582478943
C0010,2025-06,71.19187709361955,58.10068764335459,77.1444213988735
C0011,2025-06,64.03521725056869,77.25714635154034,57.72237404864672
C0012,2025-06,66.24424465163291,100.0,50.35839971507317
C0013,2025-06,92.1161338211308,68.02887286414729,72.12540364722862
C0014,2025-06,86.05873273869996,59.217845957400876,49.794987815937226
C0015,2025-06,83.94669243958711,90.47899682307818,100.0
C0016,2025-06,67.51435123923017,65.20093351550364,87.27061701609304
C0017,2025-06,83.07362360949145,61.42100202451408,83.04128874798069
C0018,2025-06,76.50097733691364,85.82542626273195,74.28548782164313
C0019,2025-06,100.0,85.66140342797715,95.83779019906953
C0020,2025-06,63.41007150399077,70.23327373893123,89.41667751398191
C0021,2025-06,79.77917145556279,68.00744974129151,58.31664418810431
C0022,2025-06,81.70274466480616,52.767450096389865,93.43831130530367
C0023,2025-06,60.948565521970096,73.64045375858915,56.252137346190295
C0024,2025-06,57.55343219189854,62.99918078103545,55.14435401536083
C0025,2025-06,72.71557368875055,85.88444001766888,84.0302997229112
C0026,2025-06,72.5193801230137,,38.9359437076048
C0027,2025-06,91.16464928139901,59.340393047555025,93.62911922206337
C0028,2025-06,78.85059276970418,80.86811240959247,80.70653259211133
C0029,2025-06,81.82432415686034,68.3971670324383,94.94939583103996
C0030,2025-06,,43.51263936263598,51.08535055299268
C0031,2025-06,60.78634296102907,87.60162468981994,80.81136422386777
C0032,2025-06,62.99357908068217,65.44283299145147,78.76498921812868
C0033,2025-06,39.71169385886752,43.90207323547533,54.4761674345008
C0034,2025-06,91.24120378445862,42.83320641962322,77.89263314278895
C0035,2025-06,88.41335062242906,92.08589277883128,76.76451634029522
C0036,2025-06,71.22349572496914,82.56295529979563,67.0840175756259
C0037,2025-06,74.9594621946582,50.317212900473436,79.58320427658477
C0038,2025-06,49.65259369915715,51.729487212952435,49.9524332024116
C0039,2025-06,82.17577635101955,59.78912709244174,67.9453637683149
C0040,2025-06,50.49510285004785,38.17034819532753,69.40580746328529
C0041,2025-06,68.79849201350379,83.5689021804351,73.2068560700032
C0042,2025-06,78.18081708924636,77.20321276963381,60.842079827176214
C0043,2025-06,93.29312415770642,68.25039605276744,68.30558107653714
C0044,2025-06,78.87061679599978,69.49167402243367,84.47763149434951
C0045,2025-06,77.7104321097721,59.86669553230133,65.10012934500446
C0046,2025-06,98.55351606018823,61.46147743927081,73.54182349630024
C0047,2025-06,76.21155292271469,92.23358151961365,60.88346192375649
C0048,2025-06,73.38309405731903,78.20521550525451,72.92080600517812
C0049,2025-06,87.63201516462411,55.80152303791775,91.83232929629777
C0050,2025-06,69.11792736691059,77.98117714932971,55.94081197651595
C0051,2025-06,55.764796081742006,47.36947460604561,73.69688457983567
C0052,2025-06,60.69175960162468,61.11411018121597,65.50438796057216
C0053,2025-06,67.04329492499957,67.041228637233,85.87334258876857
C0054,2025-06,81.6668163071595,24.567629574182284,90.86337009888591
C0055,2025-06,75.52688430837877,84.78813906163182,81.06799239294094
C0056,2025-06,79.22159659643748,64.39568297191316,63.38085907145595
C0057,2025-06,47.63145104144877,80.93830167958471,64.46701010795363
C0058,2025-06,63.862768799359365,52.646056392343624,97.39250308442988
C0059,2025-06,69.41923913530894,82.98532471134604,76.88974899651343
C0060,2025-06,56.694327825148,57.34686472614314,54.743679071524014
C0061,2025-06,72.04907096270483,92.29435220506056,89.45740144167038
C0062,2025-06,65.74890361866322,90.26726307733676,65.61896509484363
C0063,2025-06,81.43496577937702,69.66036741689263,65.49703616412194
C0064,2025-06,73.43411669009396,87.74719341661402,61.554713770674134
C0065,2025-06,84.06464996258671,53.86523600705523,74.43563949309537
C0066,2025-06,92.95038347826676,81.24522408135508,70.8981779742365
C0067,2025-06,64.55431401742935,66.99907852986688,
C0068,2025-06,76.67794723000164,65.12192694102819,81.40118297502816
C0069,2025-06,68.15152025514273,81.19157165829091,60.23343852423021
C0070,2025-06,55.26730127431173,61.75650181242625,52.861321246622694
C0071,2025-06,70.29842200538762,70.35713732717444,97.91377174420145
C0072,2025-06,71.6941261872131,75.02432262531748,65.86251211506706
C0073,2025-06,56.79041767795799,64.32999838908226,50.06209099885222
C0074,2025-06,69.05324134387259,42.02216160032474,65.86885994599484
C0075,2025-06,57.80439821903951,63.650701930966186,56.99528001907558
C0076,2025-06,60.951529765459235,64.96948967304435,100.0
C0077,2025-06,79.63657106106557,93.45621355900087,51.672844836946496
C0078,2025-06,81.86746106354225,81.78607719943767,80.9095607964044
C0079,2025-06,85.01319051917432,87.73111176623897,71.20274330649195
C0080,2025-06,95.90823924511139,44.71629072586347,75.80138729207671
C0081,2025-06,64.2635872361703,53.79003482802888,59.718691800133286
C0082,2025-06,60.67555857645118,63.696134698519856,
C0083,2025-06,90.9370359524502,62.15582811819677,73.77415459915156
C0084,2025-06,77.26541289771603,65.29399252549868,64.0955292385618
C0085,2025-06,65.28043626835415,71.6636437971514,63.81700928679936
C0086,2025-06,54.02724830083875,96.67367195432735,79.19215033381687
C0087,2025-06,56.979969199516844,59.26052296164232,75.41465916115834
C0088,2025-06,77.56947946553538,67.12157869314747,68.3628534891912
C0089,2025-06,84.75588309397574,88.38336293933042,79.8453829521433
C0090,2025-06,81.23966016563502,75.49169047512761,81.63865629142549
C0091,2025-06,100.0,66.18146447244456,68.41210339485175
C0092,2025-06,74.38541211210418,57.36017507721695,58.79001837434668
C0093,2025-06,72.17954217296167,72.25885649952639,42.024568782786986
C0094,2025-06,46.87269431057054,90.51168101022212,68.21037516176891
C0095,2025-06,58.284003777330945,84.2595765451347,84.5555274043982
C0096,2025-06,73.53152578009119,63.929504757696606,86.36690154469393
C0097,2025-06,85.38047623938218,67.72211677153571,78.26340907339079
C0098,2025-06,64.88800360877462,82.204795659361,52.58157831524393
C0099,2025-06,77.34902743833435,93.30768285320121,84.10053237015754
C0100,2025-06,92.02691650493726,100.0,69.92933410674844
C0101,2025-06,90.36712124207926,84.5214572781697,94.1974277316812
C0102,2025-06,94.72933566564166,56.98913909966375,72.90409125161568
C0103,2025-06,50.94475297365025,64.95925356193045,71.19150757313322
C0104,2025-06,75.68346426445194,82.00016800011663,83.63872004453673
C0105,2025-06,69.45501709995459,92.7728279163187,88.74818510748176
C0106,2025-06,56.910677815297376,31.701013026551742,86.70567224631512
C0107,2025-06,72.71990039952432,69.65025225345423,83.22734009504367
C0108,2025-06,82.30442723583604,82.8391884167405,73.27789707411853
C0109,2025-06,78.03337423777089,69.20923384827584,69.2966568371415
C0110,2025-06,50.71065186138271,88.39060231419171,68.44722649590813
C0111,2025-06,93.82700908971532,51.64755676203298,38.14448248710456
C0112,2025-06,83.87641314744988,49.98272617964153,59.30923632215308
C0113,2025-06,55.564665997065546,96.05561781605392,63.975930137523086
C0114,2025-06,63.62831175785285,90.71283363638872,89.12325007296984
C0115,2025-06,79.844367385288,74.3288251168994,77.42092774756041
C0116,2025-06,81.33877516764579,62.24169173535286,100.0
C0117,2025-06,81.08541580072264,51.3159985554293,73.40388674974227
C0118,2025-06,74.95057408388854,76.487325042897,58.58453218073498
C0119,2025-06,66.80343213240346,87.80310678709282,88.26892223930253
C0120,2025-06,83.08409092876438,69.98826239259404,89.03094810708059
C0121,2025-06,78.01636948654264,77.89632976962463,78.68609293798256
C0122,2025-06,60.036555085229615,69.37831760125363,67.16777494530831
C0123,2025-06,70.08912588392276,58.24253950126246,100.0
C0124,2025-06,64.1437073708422,48.47234528169774,86.76308996943216
C0125,2025-06,61.763474723905276,85.43979358906635,45.444929519574465
C0126,2025-06,73.92861201061211,84.80755171481574,100.0
C0127,2025-06,66.89720261228068,79.64510155289781,84.6327366244102
C0128,2025-06,61.296015967884706,80.35783038086319,29.331509823673144
C0129,2025-06,75.03168653878825,40.82155490742108,94.41313559951683
C0130,2025-06,60.10756446494911,55.601237795219134,92.46880801894537
C0131,2025-06,83.75193073407108,82.37739737352865,76.46076308226839
C0132,2025-06,66.30601314095152,100.0,69.54002816562777
C0133,2025-06,91.07913609593409,70.93204574343646,83.10340539821287
C0134,2025-06,95.4099869248886,62.69142138568392,73.8918766380919
C0135,2025-06,,62.54320602584147,100.0
C0136,2025-06,100.0,67.65201834238569,79.76390498306033
C0137,2025-06,78.66245023189877,88.16349439091739,
C0138,2025-06,88.81591472798307,86.28890207603575,67.88996518897241
C0139,2025-06,84.85215492163914,53.45579406670756,55.365649345361255
C0140,2025-06,71.0224373947667,78.88140661861279,65.16250552258697
C0141,2025-06,70.42865529334608,81.39642334372385,100.0
C0142,2025-06,77.25775301257204,100.0,75.31953776772387
C0143,2025-06,69.30237083753795,65.60316581827382,69.80796428337786
C0144,2025-06,97.24663114424673,82.1543155862117,73.18155326732997
C0145,2025-06,99.80109241020571,,89.5076970175519
C0146,2025-06,90.93091303844307,83.60709589434416,45.67538559655556
C0147,2025-06,84.31662815649628,73.62283780418595,97.56604203053607
C0148,2025-06,67.13217041429739,79.96851487428007,84.28285019208482
C0149,2025-06,59.87289292291962,76.88861893384691,94.50607252379297
C0150,2025-06,72.51443554514076,85.386007445426,
C0151,2025-06,57.60165071814018,79.91985007614126,89.87711472565742
C0152,2025-06,79.32081695826486,87.42496744032667,78.8090089469112
C0153,2025-06,83.05232951181694,99.65261313487844,77.77706262079965
C0154,2025-06,90.42338352635846,89.65832235049234,69.83849230530502
C0155,2025-06,38.40803078821955,55.8168171392834,74.37685350156472
C0156,2025-06,62.03821976861306,87.6600863105034,
C0157,2025-06,62.51239699712967,93.60716428316124,48.868232101540585
C0158,2025-06,79.37464824770498,78.03654992008255,62.32448300937992
C0159,2025-06,96.81969717747333,75.36079826004848,76.39939521715391
C0160,2025-06,73.7401247482683,,65.0869691687652
C0161,2025-06,62.27868035385356,66.45183215718822,100.0
C0162,2025-06,84.10785586780293,62.955467625414755,73.27133223329695
C0163,2025-06,88.59964702691312,78.04595598218427,
C0164,2025-06,47.65559402726327,100.0,100.0
C0165,2025-06,46.0306887872385,65.35979434991107,72.45893448834397
C0166,2025-06,88.79572690612603,93.79307658504992,79.41511605688987
C0167,2025-06,73.96363649001081,86.33540272251896,67.41678304975828
C0168,2025-06,65.64717100769258,73.22000935018643,66.89951096105383
C0169,2025-06,,85.15963023524252,73.32809006911076
C0170,2025-06,50.435018254196436,87.70555067776016,83.99246098226988
C0171,2025-06,64.24512819957434,,67.589836409771
C0172,2025-06,65.73544977940156,52.404456155598595,52.39057879360966
C0173,2025-06,,43.88137035961576,91.90276609689104
C0174,2025-06,75.03888959258538,64.43029935303034,75.30069281978473
C0175,2025-06,78.67994693460902,74.01862469379583,62.33242608417957
C0176,2025-06,70.18374516752134,,53.5616871559609
C0177,2025-06,89.79316679192144,80.80964706838922,85.21913491144936
C0178,2025-06,80.10579604502796,62.81913473192316,76.9569811429823
C0179,2025-06,88.6518966263602,72.52225604292735,82.69808810490859
C0180,2025-06,75.81996286738284,93.62594514262547,67.09636662848033
C0181,2025-06,81.79008069364384,100.0,61.9353913853201
C0182,2025-06,61.13139276389452,100.0,61.89849546741526
C0183,2025-06,,82.4062291939547,83.7175612878334
C0184,2025-06,78.24167737615323,64.32289126664935,73.29615504474862
C0185,2025-06,89.97621611580819,87.03292374278978,64.139337794716
C0186,2025-06,92.64817477597603,70.39084693904884,77.8220072121056
C0187,2025-06,76.07133164472174,98.35550964422485,45.42070461821001
C0188,2025-06,94.92313100766954,78.66616370830452,73.47369690159249
C0189,2025-06,50.85810344979372,79.84782603989414,62.579434143572904
C0190,2025-06,64.28545837783435,35.92569642511324,96.25046170292393
C0191,2025-06,48.18021112793478,48.1916374738606,67.38923031397476
C0192,2025-06,54.456944050887046,90.52255661519057,100.0
C0193,2025-06,,77.81163036278366,81.57434884805322
C0194,2025-06,66.99338557212502,50.5687653332205,97.73241065214401
C0195,2025-06,78.54447342887931,84.35381213521372,54.37189368482454
C0196,2025-06,90.17455032523972,90.630987903699,88.99229227858022
C0197,2025-06,64.68288243168881,53.230029821821915,73.79569483704795
C0198,2025-06,78.23315780588872,92.87547318701023,80.10621921408699
C0199,2025-06,84.97796454239813,80.06112860963557,77.0338145264389
C0200,2025-06,78.96010489332804,60.04775075668661,61.33047736038393
C0201,2025-06,72.09755394849995,59.9976830810769,73.96228300748616
C0202,2025-06,49.98038409331869,91.37524078651143,62.90536948725778
C0203,2025-06,75.15267710745117,75.1866836413542,77.78706907859397
C0204,2025-06,77.80296545847425,71.25197151100282,83.2445942747747
C0205,2025-06,68.4800549392635,54.88675980193267,60.14765060407058
C0206,2025-06,72.06460332473358,89.2131843456278,70.13495552950337
C0207,2025-06,,52.1583724179821,100.0
C0208,2025-06,71.77156605315844,100.0,86.03563892212173
C0209,2025-06,81.61040553471008,100.0,79.77865996551783
C0210,2025-06,75.98537542544041,96.5654336675023,61.505221593265574
C0211,2025-06,87.24412008156975,80.37304445381196,70.75891556837388
C0212,2025-06,100.0,,99.39467943036169
C0213,2025-06,74.45614149149212,58.167039592358016,80.70077895817478
C0214,2025-06,93.67622130536049,70.66611723985791,
C0215,2025-06,77.8930992098034,52.65917428300956,60.94448525357248
C0216,2025-06,76.16337988378393,100.0,84.50180938730897
C0217,2025-06,74.82558199982645,80.26261062010215,50.83236609396716
C0218,2025-06,41.36372749098637,,35.8576596950056
C0219,2025-06,63.12226382015323,70.0728720061711,64.84721920697685
C0220,2025-06,76.75765050347266,69.5123919974467,82.46980637315136
C0221,2025-06,76.55773393527828,84.4637911064415,84.62086690036186
C0222,2025-06,52.88206437990917,97.68215843156014,100.0
C0223,2025-06,69.31954931281201,73.58101001899759,73.23003508767408
C0224,2025-06,85.96909022321273,63.89655254943937,53.621033050034555
C0225,2025-06,87.2889865966826,,84.31719379007347
C0226,2025-06,84.74768116293193,69.86646683153617,
C0227,2025-06,100.0,71.80046878919777,
C0228,2025-06,90.84035729928006,33.60768187960815,50.04828545663787
C0229,2025-06,93.32378402098155,78.43551495772208,70.15827751974625
C0230,2025-06,85.2828084043973,54.56074203270385,99.52400715730238
C0231,2025-06,90.75297882609664,77.03671500344227,69.66517157463751
C0232,2025-06,79.5499988367918,45.257866680619514,73.0168049609565
C0233,2025-06,90.43885068125407,81.82174580247758,58.12748040680308
C0234,2025-06,58.70410263197212,88.57118878159747,77.5004677610386
C0235,2025-06,82.08128259869592,,70.18374968807242
C0236,2025-06,83.81588609053662,88.19382059746553,65.48193904152416
C0237,2025-06,71.60922003185398,41.00546482341944,45.09495858838964
C0238,2025-06,100.0,91.31402514839111,74.48024702820771
C0239,2025-06,86.98809671682749,66.74840393345664,90.65893851885801
C0240,2025-06,74.16537961509364,80.71335129911697,100.0
C0241,2025-06,79.91467380979118,77.31889043897232,100.0
C0242,2025-06,68.80539092854079,,69.86522758019848
C0243,2025-06,58.1955694788394,85.28631234454717,59.35010552023007
C0244,2025-06,61.85205830712494,64.67223951824603,77.42903787790058
C0245,2025-06,47.28873554809869,81.34594365784093,66.81883268800541
C0246,2025-06,63.31623801858706,69.84378970245662,81.52448971950548
C0247,2025-06,81.51207877556047,93.87351725785146,86.17725797662442
C0248,2025-06,76.13395205785054,54.88176240459391,56.446674835990805
C0249,2025-06,75.9630876377119,91.40193468831228,87.65761730751073
C0250,2025-06,57.41591132577173,67.78204183554641,72.96614394916669
C0251,2025-06,100.0,80.39510509328316,77.35041291347369
C0252,2025-06,24.699310760073054,62.328532110009704,58.79291955859257
C0253,2025-06,75.41009050736248,45.866058880640495,91.59663968443203
C0254,2025-06,100.0,68.23668569811545,45.6325660007854
C0255,2025-06,85.8387247597579,61.28441848157177,75.489023061358
C0256,2025-06,65.28693025009039,81.11670403915433,72.85790691826523
C0257,2025-06,80.89672267019493,59.17531912605934,62.97738510919217
C0258,2025-06,79.52133597144477,53.07055901291452,70.64632211946027
C0259,2025-06,73.94228059938996,97.42610062800448,46.284791002006315
C0260,2025-06,100.0,77.02831978586937,55.40825242555568
C0261,2025-06,83.53972710151997,78.31549839632834,64.98835774002976
C0262,2025-06,76.64626385377782,94.47840840434903,53.014674052225985
C0263,2025-06,83.18113564904945,56.30182356187234,57.7830126964199
C0264,2025-06,70.48711028772469,52.64492600593527,83.10911218357408
C0265,2025-06,67.91879870425319,100.0,92.4639441454806
C0266,2025-06,67.11616418010905,67.73997929402978,58.62421760154911
C0267,2025-06,84.55950568092432,80.77908009431782,54.69865951668959
C0268,2025-06,,72.19583125498178,34.4645725793515
C0269,2025-06,66.17913285126562,78.78747778524333,70.27478621814305
C0270,2025-06,93.2504685890188,77.4134897024734,82.44598900283702
C0271,2025-06,72.5078872761932,81.5738520132786,58.511690207733864
C0272,2025-06,90.78293166613099,54.28641955923334,79.05784661343033
C0273,2025-06,67.98667771330157,84.3663106758867,80.45361891754409
C0274,2025-06,74.73886342252538,60.3175312542105,84.8364631196509
C0275,2025-06,71.44411833595217,84.11196425232161,69.42764025752177
C0276,2025-06,70.54280907718402,39.42064603656948,72.93589781717401
C0277,2025-06,67.13944955932631,68.93563130257603,65.99560640341657
C0278,2025-06,84.11292148900161,87.73667061882057,76.60522153574637
C0279,2025-06,76.02629983107443,61.91036158646133,51.041967455075365
C0280,2025-06,74.27292755649303,93.10690967987588,72.25530986707916
C0281,2025-06,45.24502545855384,61.229566428055435,62.79210908840066
C0282,2025-06,81.6159657147152,,83.95392983163369
C0283,2025-06,74.63066308855598,85.99412797396042,100.0
C0284,2025-06,63.542446387146015,68.93925964712403,96.67852785806105
C0285,2025-06,73.55450071351247,96.49750570936939,86.29834240173447
C0286,2025-06,54.72825794960353,75.03849894393532,69.81999691131236
C0287,2025-06,74.79968441379064,58.04169739778731,72.78130233183457
C0288,2025-06,72.16841246858891,93.01925766797402,71.93406686246334
C0289,2025-06,64.82416362182892,83.7099674258477,67.43030082271667
C0290,2025-06,58.46181776044972,67.34060140207743,82.32115912310826
C0291,2025-06,69.74222485146356,70.2083720757332,80.44806695182476
C0292,2025-06,100.0,71.87848916115634,46.48159339534971
C0293,2025-06,75.35934025695633,74.7465764328459,79.49948035007804
C0294,2025-06,74.09339773999103,67.35482048445857,75.05352420001181
C0295,2025-06,54.715089316120505,89.74370471111703,45.05485774890247
C0296,2025-06,53.323590341508705,88.12350697010845,95.26476099559622
C0297,2025-06,66.15033752875217,75.34098243959646,62.207199222877726
C0298,2025-06,76.50058534502193,75.0700977697584,100.0
C0299,2025-06,,73.31302124220807,59.767416023362664
C0300,2025-06,57.40385753908221,62.50141910581419,67.35407299500214
C0301,2025-06,76.15517341590596,75.16567098578828,62.31522779432651
C0302,2025-06,45.643757380246136,82.77099793714886,70.62867858355065
C0303,2025-06,76.75551055633507,81.7914849357481,83.99705650749114
C0304,2025-06,55.82120149118032,72.52512548951282,77.77988114325268
C0305,2025-06,66.13712922428181,66.60587484708873,57.55570125238319
C0306,2025-06,66.75182792244117,52.3190911196054,56.613828628409664
C0307,2025-06,99.62375116641553,44.66142380138447,77.6750329865748
C0308,2025-06,63.40493834867189,98.68066324657707,68.63641964887655
C0309,2025-06,91.4711062347715,87.52561073103485,57.71268040101634
C0310,2025-06,82.58901142306334,78.20525014285849,73.08801102091307
C0311,2025-06,78.49225577851259,74.69722025913083,69.16619883747023
C0312,2025-06,56.466789645252035,47.70314389410448,51.239901200003374
C0313,2025-06,75.73328749745747,100.0,65.99062333066637
C0314,2025-06,79.12149236766263,86.18526666522882,95.09012585119712
C0315,2025-06,59.930313148032056,71.60908388355996,49.21920830310991
C0316,2025-06,74.26929475919628,97.76334885702099,76.34849840068465
C0317,2025-06,67.13449552714265,46.73924153391705,71.68483020034493
C0318,2025-06,73.26790708841169,65.96812246043311,84.58092771648718
C0319,2025-06,87.77656184489015,,98.67392328935837
C0320,2025-06,58.94006289534205,63.711369285869324,
C0321,2025-06,75.23334022418274,,47.6452456996694
C0322,2025-06,60.788579147750426,60.97375472659117,63.776405116510475
C0323,2025-06,65.32965834259403,73.39985787760183,70.59945889631527
C0324,2025-06,65.40591583828918,,100.0
C0325,2025-06,54.19806162791592,95.84207923780755,36.54176979413957
C0326,2025-06,93.30931177860754,66.13777772140286,77.33998809782462
C0327,2025-06,70.42357744327818,61.99577426489819,92.42464125183687
C0328,2025-06,78.89037442901372,52.42421965389861,60.635473609069756
C0329,2025-06,61.19521917813918,97.15067536026615,98.32919685701702
C0330,2025-06,86.99503131653822,,62.673381795241454
C0331,2025-06,71.77497703105891,52.324547665914594,83.18905093148413
C0332,2025-06,61.60315100051317,54.67014238127655,95.10863851416288
C0333,2025-06,69.00058550497954,45.26082207779266,77.70771478031129
C0334,2025-06,74.88823922591475,52.67230452668342,65.35490777120842
C0335,2025-06,77.79175212005758,82.78972316223162,94.015806759431
C0336,2025-06,76.54175839482062,62.296805319154565,96.24664064787498
C0337,2025-06,87.8897063426105,41.87627842928147,73.7517241651975
C0338,2025-06,54.729981519659574,80.10640032964974,82.40087073891452
C0339,2025-06,69.92733741304659,62.6885301782816,63.47755454398012
C0340,2025-06,,72.45223127798488,89.18779636874692
C0341,2025-06,69.0155872566045,64.95663013874133,46.12701386538063
C0342,2025-06,73.09004487288762,69.53555068673093,71.5114272983122
C0343,2025-06,100.0,78.04827691874212,87.14259781992759
C0344,2025-06,47.63972775004626,86.27381364774911,71.46941760501257
C0345,2025-06,93.94119761731679,94.38926871713001,78.79165157576726
C0346,2025-06,58.441788239388266,64.79263439396497,59.970396916020974
C0347,2025-06,58.65373388593406,70.01432377958595,81.23541927352717
C0348,2025-06,77.24559973530498,71.58393726289253,78.2533087622258
C0349,2025-06,50.63577369983282,84.98468445991644,63.26409606773967
C0350,2025-06,60.29107919491042,79.61625418437252,90.56714973539913
C0351,2025-06,78.78638670401621,62.38044278480525,92.4220946761554
C0352,2025-06,79.86165122241775,71.17251961856375,64.89816060333006
C0353,2025-06,57.34549080388408,95.8658205943365,88.34409895341393
C0354,2025-06,100.0,73.50487191389398,64.42205211494063
C0355,2025-06,43.208406444694944,71.87619046450091,70.98028633987526
C0356,2025-06,75.12896664696257,73.74216413185057,63.92440015609785
C0357,2025-06,76.02496666960785,49.43140497623516,52.757014389872765
C0358,2025-06,86.7675921614878,75.46402144495728,68.93945560896502
C0359,2025-06,100.0,65.96802311950681,35.732920732201514
C0360,2025-06,93.00859133753407,98.15534452331471,66.00973097640177
C0361,2025-06,71.00908694266877,76.77743622832799,76.26758360416983
C0362,2025-06,67.75550122579406,48.008490127943844,83.56253120126208
C0363,2025-06,89.05310188291067,98.53665139250188,
C0364,2025-06,76.97070471732853,82.03844613657533,62.47290389697894
C0365,2025-06,78.77549781652004,36.30455320544414,77.81231077121689
C0366,2025-06,71.89942980571288,71.99770335688265,70.92667020823505
C0367,2025-06,62.08154838739961,58.8838166847445,75.98061234457222
C0368,2025-06,68.72846855341211,55.8628264158211,58.657751487454625
C0369,2025-06,65.46056822460292,83.15893659413,74.30084194770316
C0370,2025-06,100.0,57.656207089409314,71.23325984031136
C0371,2025-06,89.98207572079963,65.50240708126479,67.95419156799467
C0372,2025-06,81.29718546780981,87.02687459758386,74.01178234773701
C0373,2025-06,63.22456852028625,70.06131378884628,95.97750801983946
C0374,2025-06,84.89279732234242,58.55035940071455,80.24178270559355
C0375,2025-06,65.58710935670484,62.44419087217459,56.35907477501183
C0376,2025-06,62.44756941312623,,91.68919576395153
C0377,2025-06,62.5696788283973,82.67088877832785,97.93111093190636
C0378,2025-06,70.72790203553745,62.292868704981565,71.55818360707119
C0379,2025-06,72.25841353001101,66.2603370393742,88.13434210336018
C0380,2025-06,82.0843448455911,78.29639290010198,54.53778351204828
C0381,2025-06,77.97392232423645,76.98824869323381,69.59316581618585
C0382,2025-06,96.1953744744873,42.707318406553625,64.62638350611559
C0383,2025-06,86.45052632871301,84.20127975662996,77.9614268827766
C0384,2025-06,71.09404698023788,82.20440727349325,72.85279249079636
C0385,2025-06,83.2662003601151,48.09370825103714,54.761422533767075
C0386,2025-06,98.54134127626509,73.72802354652383,100.0
C0387,2025-06,75.9731223134242,85.22939316161475,90.45897905393034
C0388,2025-06,75.85663863408571,54.193845979598876,91.69812867068183
C0389,2025-06,67.18753252411234,87.14844890178374,88.26620108988787
C0390,2025-06,81.63977401467571,77.66151360336656,78.54893542827519
C0391,2025-06,75.90373514968661,65.31220911102677,69.45387392267439
C0392,2025-06,84.8459850513488,80.03809442634433,
C0393,2025-06,56.12849555280643,78.72040590667099,74.62583272607588
C0394,2025-06,83.99627474905556,45.905938443257824,
C0395,2025-06,70.9162973845079,61.30195283487548,54.31601392142293
C0396,2025-06,80.31241272359603,72.00218512019299,65.58162441083036
C0397,2025-06,95.15110781342342,87.76662572136827,81.71736479289979
C0398,2025-06,,87.02113288487855,73.65654920910148
C0399,2025-06,59.22933491401726,82.68131765466545,46.69656083014201
C0400,2025-06,84.80128497758385,94.49890581168123,73.01323369787806
C0401,2025-06,87.70275094907248,85.28058966402808,40.950542065825886
C0402,2025-06,95.8173935203352,60.71016995735385,100.0
C0403,2025-06,69.75818166126963,51.164870895986766,85.22198913143205
C0404,2025-06,65.94044362799461,47.243069249417914,72.94679134266326
C0405,2025-06,82.18275776925356,64.35802062955901,
C0406,2025-06,61.04293899985659,86.75365407793062,53.06475756798818
C0407,2025-06,61.84654568818431,70.39979166500557,100.0
C0408,2025-06,85.52638761988814,94.5636104369261,71.6856721112199
C0409,2025-06,,62.4614109317233,74.83128677433223
C0410,2025-06,57.5460364748262,63.950900539158795,67.39305885214083
C0411,2025-06,62.563447811204774,90.28839185975608,84.60727142163894
C0412,2025-06,30.61279138031668,76.94030459090187,79.753678626501
C0413,2025-06,89.46943242015874,80.52636865986493,75.60809566695463
C0414,2025-06,93.09048019423318,72.90825103863467,78.4243425992983
C0415,2025-06,78.15932472173986,75.7932157123414,70.89004481972954
C0416,2025-06,49.82529669575492,36.85873695418452,95.34381509436655
C0417,2025-06,87.10973352342913,61.300007627392084,100.0
C0418,2025-06,91.78100167276645,85.37297503575071,75.98352039552931
C0419,2025-06,59.33117937850288,72.18489561450674,39.7913820979094
C0420,2025-06,87.80531290097159,80.41820298177535,100.0
C0421,2025-06,57.13388441890372,55.92198900312608,74.99609828361395
C0422,2025-06,86.96079404245205,73.00998782359558,98.49722318918863
C0423,2025-06,,75.26399205303548,80.38042313786538
C0424,2025-06,76.64569551409639,83.36775161834709,78.35998172671466
C0425,2025-06,73.7318560846095,63.68418622591782,69.17561013277873
C0426,2025-06,72.66246459814494,86.00680034406744,65.94427486748596
C0427,2025-06,63.79477262575014,83.07695046369098,74.78414378336294
C0428,2025-06,81.09719280926569,28.57138856655905,91.559895487805
C0429,2025-06,88.84898156348123,100.0,65.09036338229679
C0430,2025-06,98.3663422288813,98.26493171713732,72.86013392131352
C0431,2025-06,82.72107943937485,77.31822547702383,100.0
C0432,2025-06,79.46993554984194,61.97847856052314,64.03342429466065
C0433,2025-06,54.68822632985178,85.11106186316411,70.405183852151
C0434,2025-06,74.57461865847151,86.89753143089749,48.15903922216346
C0435,2025-06,61.04859279505773,,90.03854919035254
C0436,2025-06,75.5744955655111,85.1472831406301,84.41635268594707
C0437,2025-06,48.01005712166699,94.379831850754,63.37180733537818
C0438,2025-06,63.22794008151819,79.78550737939804,59.025851366477774
C0439,2025-06,69.60879018153454,87.18720206819866,87.64184157569133
C0440,2025-06,91.57581944237678,93.07593447086397,85.03301708904392
C0441,2025-06,72.2295527847471,69.68340135132038,72.47023919273217
C0442,2025-06,70.12895016759082,70.8729039018814,87.77999180638557
C0443,2025-06,81.11202629476323,68.30266679951936,86.27982243924257
C0444,2025-06,68.58668859988805,47.5581197950178,70.43030740319462
C0445,2025-06,88.99760835012313,84.79093323242228,92.98984656653117
C0446,2025-06,67.67213060266532,86.30563496330755,92.1052165196712
C0447,2025-06,68.74273808706872,60.31824444957001,77.30198743175082
C0448,2025-06,84.3964922321719,71.11149001599497,67.69250740944419
C0449,2025-06,74.78970254247916,53.9946722420451,86.37394177002876
C0450,2025-06,,85.20503498988282,77.77622782582424
C0451,2025-06,84.32573627889585,62.7595772507904,60.26799156713119
C0452,2025-06,84.49117012733475,30.04913523992628,51.94335282468112
C0453,2025-06,78.39265942034149,84.31145710850365,51.453494402653405
C0454,2025-06,85.14481879393438,65.36967084635408,81.53760273705477
C0455,2025-06,78.89271991177259,63.73512543776388,81.84613062978472
C0456,2025-06,74.65914871561397,73.31502401647884,57.573166424927535
C0457,2025-06,58.3718553670952,86.3477780556852,71.7981770267006
C0458,2025-06,80.9934412858177,61.77434988363009,61.948411010305
C0459,2025-06,77.22002842921391,79.98561654106022,54.078943860607254
C0460,2025-06,77.61239846170304,31.32938789422205,83.20716653636299
C0461,2025-06,87.98941253410707,89.44500145611863,64.79283414370693
C0462,2025-06,80.07204281671625,73.09228462209427,62.09588924112031
C0463,2025-06,69.85289818815323,74.74484239794153,100.0
C0464,2025-06,100.0,55.796314712656965,72.45681940587343
C0465,2025-06,72.55033847064439,52.39107337125063,44.593077700925434
C0466,2025-06,83.77851595675274,65.18734955832404,79.600426244089
C0467,2025-06,86.3000131553031,,83.99896300546682
C0468,2025-06,90.29537839637868,61.49595839247512,87.39547008696773
C0469,2025-06,100.0,69.72300317417987,61.58430157273139
C0470,2025-06,79.00294159469203,64.00858471391889,76.65531400840938
C0471,2025-06,66.28740404050696,64.62361808345602,
C0472,2025-06,88.16418417328644,54.13261392473999,76.53782571606544
C0473,2025-06,91.99879646971013,60.471246429542425,66.17779567173896
C0474,2025-06,66.40154190628077,56.61399392694035,58.29310986617833
C0475,2025-06,78.33631802928555,100.0,81.16464937702334
C0476,2025-06,88.53713809475461,65.92216887574578,77.92065584906481
C0477,2025-06,73.11898487255907,39.96985107529187,68.43605385825103
C0478,2025-06,99.58054420016413,63.42235686359753,77.49424812934951
C0479,2025-06,87.95917551910318,80.22521455563945,66.77921224284555
C0480,2025-06,64.81281301632212,98.99483185727618,88.08813185767947
C0481,2025-06,78.49181841685234,57.21941537441501,
C0482,2025-06,62.564549364125924,72.94919193572086,79.5763676365994
C0483,2025-06,50.5960762634193,79.01254666626275,72.31367854383441
C0484,2025-06,58.79646972897801,76.21512411609214,62.95586547265754
C0485,2025-06,87.2104277199356,44.49483525044991,73.24513383439945
C0486,2025-06,82.61375238246504,92.82886394921097,77.88718631658821
C0487,2025-06,,55.39368951568537,69.45969673185587
C0488,2025-06,57.12037757994932,85.61544340059432,67.97386585091463
C0489,2025-06,66.24818326598778,99.75899483239134,79.82691362271137
C0490,2025-06,86.79635933257218,57.47047249811675,74.29477118939624
C0491,2025-06,91.9949530309804,94.86363179025196,100.0
C0492,2025-06,94.37777991101979,76.38863692892429,58.63476782657002
C0493,2025-06,77.62059870383119,64.94256313906124,98.1052351896575
C0494,2025-06,67.77591030390631,37.61920844266854,100.0
C0495,2025-06,,79.25396627894125,92.37602668442635
C0496,2025-06,92.73717986010021,60.2713668230184,100.0
C0497,2025-06,100.0,71.26794448478384,57.25120703809493
C0498,2025-06,81.46094514769314,71.2436589473304,77.2129741541132
C0499,2025-06,84.23369613805424,70.57184758748727,74.99836188980987
C0500,2025-06,90.11825197774263,62.056036066295746,74.13209585473142
C0501,2025-06,87.352706517462,78.35026330323927,71.94273029532089
C0502,2025-06,84.46761489088485,30.027033427378818,74.54475343247275
C0503,2025-06,58.96441947492283,92.86632227381611,68.71715142579811
C0504,2025-06,90.65610558837926,82.92879652168132,71.86120731749352
C0505,2025-06,84.11629790715871,94.58497134539815,54.38334878932716
C0506,2025-06,77.08133113423652,,72.7213945872304
C0507,2025-06,81.43640107546699,89.08478448156674,91.38039061355107
C0508,2025-06,58.07211855305961,96.83722639377565,86.64859592120456
C0509,2025-06,66.30252061388914,73.86709766357866,84.66488805671348
C0510,2025-06,95.79217875002622,91.07829803617913,67.21300794346718
C0511,2025-06,91.84857150814447,100.0,56.938695654983135
C0512,2025-06,77.1586126058305,74.45716572691798,50.51006325217198
C0513,2025-06,68.05224229780963,76.79525801968454,48.01586586596189
C0514,2025-06,62.638024082835294,90.28390361029295,48.22382564096977
C0515,2025-06,59.39552093883675,78.45152035383046,77.86169514948807
C0516,2025-06,85.66428315217362,50.93861563419635,91.9654301502661
C0517,2025-06,75.25395254125205,75.94535502316447,56.742475445375234
C0518,2025-06,80.31906109549989,78.9599661455791,51.990664947193835
C0519,2025-06,73.2498907316652,74.81350400745828,57.8049058942161
C0520,2025-06,71.48314432530204,82.61726768419,48.59408284357898
C0521,2025-06,69.1314732703683,72.90717321684693,70.32837710424405
C0522,2025-06,85.87689402134819,69.71633789262103,75.39105965087812
C0523,2025-06,66.15800086669022,76.33918787409131,62.13513379797717
C0524,2025-06,71.78928060856506,73.58201841630847,97.52281451528576
C0525,2025-06,77.204103638806,69.70287291215998,69.84482533145975
C0526,2025-06,65.11165103744106,82.31314676371008,34.57620798112006
C0527,2025-06,62.12909498702858,89.50056755134496,96.3070932004718
C0528,2025-06,90.58151245003116,68.83175620768853,82.51094451451317
C0529,2025-06,64.18835934019252,82.52906080215661,97.32379668928587
C0530,2025-06,75.33410111729108,56.7438902404491,67.0018376398051
C0531,2025-06,59.593092265078575,60.273636432224706,83.17892235064592
C0532,2025-06,51.88031438248704,52.0192351951606,51.01937873760136
C0533,2025-06,99.80040695058634,81.4265733432894,69.75853143876655
C0534,2025-06,75.30924734588488,62.08116923407415,79.1406745521059
C0535,2025-06,29.64046910819765,67.74511712004586,70.89888817504374
C0536,2025-06,100.0,73.14858794495005,83.11264718525312
C0537,2025-06,56.56207947262608,61.05408698528866,67.02263316372722
C0538,2025-06,63.13589267101478,17.2855980127051,91.14244754792223
C0539,2025-06,91.5366230099618,85.2647448208128,67.40158004335927
C0540,2025-06,74.575288291574,75.63114998015052,69.671528706599
C0541,2025-06,97.13845024994612,73.28279952495664,60.89195287427201
C0542,2025-06,61.536240623754175,42.91313078082129,10.600443404373777
C0543,2025-06,82.37199316417531,67.75875971308703,71.13883894338345
C0544,2025-06,86.55416212859238,75.3055473576558,79.99785665792432
C0545,2025-06,92.80152365239047,60.835992484356346,57.12873100696034
C0546,2025-06,78.4403127529021,71.65202896923795,68.70746732246114
C0547,2025-06,60.31909054978298,67.6846953757572,100.0
C0548,2025-06,42.01401499106768,82.78371104782948,54.40941267598756
C0549,2025-06,99.15956476690044,,90.65509899804542
C0550,2025-06,78.41879825418228,,100.0
C0551,2025-06,74.72893999587154,71.05120691690098,99.60003445940568
C0552,2025-06,83.61400346487319,76.44838475326272,81.1735658168231
C0553,2025-06,71.18529479796342,,94.568536043232
C0554,2025-06,,100.0,73.45913160554139
C0555,2025-06,89.05028340236898,100.0,65.06648167491905
C0556,2025-06,75.31508203780973,88.07278261172735,70.72579199063043
C0557,2025-06,55.96485711935703,94.74937561779777,76.46660649286366
C0558,2025-06,75.44274441943408,45.122602626107245,78.65275114404592
C0559,2025-06,74.6123515778747,85.65152768737187,91.27614118055952
C0560,2025-06,70.08246145278329,41.52887891448442,62.732100639726525
C0561,2025-06,92.64007750072778,67.84437087644599,80.0485834621527
C0562,2025-06,76.93329989024237,81.86083033545574,50.19795316383829
C0563,2025-06,83.48611317476876,83.6510589277083,90.61881510309779
C0564,2025-06,94.94046470465743,82.0658911634886,88.25718396770573
C0565,2025-06,96.28032309177544,49.13152224597569,87.99129180204093
C0566,2025-06,83.73545164656241,,80.0490137825546
C0567,2025-06,86.73162284055799,78.54831583277686,48.03489580290346
C0568,2025-06,48.5063119068409,46.14568417373611,66.82681021053612
C0569,2025-06,53.56597244504141,66.09340990739906,77.54761279271719
C0570,2025-06,66.3074243055798,50.64169625214348,100.0
C0571,2025-06,70.68685562679977,63.90786740846251,77.06951352247826
C0572,2025-06,65.14566184044837,61.573876936889874,58.31075188331545
C0573,2025-06,85.8680596506976,50.63977092905307,71.24633919601378
C0574,2025-06,79.853196830622,76.8670271237253,70.85411334250887
C0575,2025-06,64.7997783983932,66.73184933530169,71.4943595308153
C0576,2025-06,46.79321411681759,87.85720853781119,46.16413844373159
C0577,2025-06,68.51854963317837,66.50597007580366,65.47219978499457
C0578,2025-06,99.850693087115,58.245735999069964,76.45418050900119
C0579,2025-06,100.0,57.49053037946332,69.2838905593607
C0580,2025-06,86.67324449148565,,64.23724668435153
C0581,2025-06,75.70661536543841,73.98099375891202,81.65708944118772
C0582,2025-06,87.97892324038659,81.65917115142122,78.38269043486255
C0583,2025-06,,,77.59085684316612
C0584,2025-06,64.35853981673573,77.09725282481712,73.01157181273823
C0585,2025-06,70.55990085986754,87.46974270974353,74.23514861052472
C0586,2025-06,67.40835369651515,66.48683321270981,81.93835080653035
C0587,2025-06,85.00947922281883,83.18199809344307,91.52863707323668
C0588,2025-06,77.40326637411387,63.37076857227699,60.551209599187615
C0589,2025-06,82.12450104557063,,84.06212678418729
C0590,2025-06,100.0,46.52077840988957,88.60571928725533
C0591,2025-06,79.49794971519742,76.9191020305626,82.08067086788246
C0592,2025-06,70.47382934869393,86.26611881652852,65.37143226173329
C0593,2025-06,54.85210933929636,73.55079360958196,39.800881135841514
C0594,2025-06,80.35443998191843,50.54997470287202,55.13888070748404
C0595,2025-06,,80.3855361641101,60.277558673825354
C0596,2025-06,71.64358738431827,,96.36379882206873
C0597,2025-06,53.7859653382473,48.1899297847294,78.95205745239116
C0598,2025-06,57.547613773270314,44.49316959758741,73.90112512433744
C0599,2025-06,100.0,67.74188028062491,58.25930617820906
C0600,2025-06,81.79255811020874,100.0,65.71934339120882
C0601,2025-06,68.09785064142007,51.76521007138048,75.921777469172
C0602,2025-06,61.58768682581204,,67.1293026425781
C0603,2025-06,66.01180064793799,83.10879370413147,77.42991674592335
C0604,2025-06,89.23536259482265,82.63318089614168,79.95599740337381
C0605,2025-06,60.60253046884962,87.01001140342287,60.897299295623085
C0606,2025-06,,87.51148556085016,62.87799273751698
C0607,2025-06,85.0672086931081,95.73676952747101,83.92826761951038
C0608,2025-06,73.95424543374651,47.30639036043142,74.06677595839624
C0609,2025-06,69.71631435288029,65.54121411934528,62.462170809126675
C0610,2025-06,88.67866138429291,83.49161668014774,88.54337169390622
C0611,2025-06,70.09921759622341,66.45923092866616,93.01121454310002
C0612,2025-06,71.65424442883703,80.20413101878543,50.22932201820653
C0613,2025-06,69.84133101099938,62.82676993219722,72.44662727730785
C0614,2025-06,71.9712528494841,66.57322319785764,73.05981087398698
C0615,2025-06,84.64754031055993,100.0,84.76938820351815
C0616,2025-06,56.314721245107314,56.91264791407786,98.30224879160318
C0617,2025-06,64.12679617775518,84.03848205924196,61.49705834492977
C0618,2025-06,,69.36900724617784,53.40286591651656
C0619,2025-06,100.0,,86.21750893704777
C0620,2025-06,46.80004214727822,58.66346851483685,86.38016728953437
C0621,2025-06,70.85058333823976,98.17307579407121,43.86087747961502
C0622,2025-06,67.65990479422335,100.0,86.58912062230215
C0623,2025-06,70.33848193591061,66.58857300815438,
C0624,2025-06,64.1411858107031,54.51890138256636,80.33744543458309
C0625,2025-06,90.5554632303322,70.28598097347037,100.0
C0626,2025-06,75.83097813240258,85.7768466637592,68.40473627992942
C0627,2025-06,90.16937742462441,99.79627351487892,67.27691058825097
C0628,2025-06,40.901639827977256,41.59134389815614,83.19728293518901
C0629,2025-06,56.12508146671563,92.46214754330711,87.65633873947414
C0630,2025-06,69.31220857477564,,82.20519508584032
C0631,2025-06,94.85014148692755,65.00636650888065,87.93771631118561
C0632,2025-06,92.56339851335812,72.77051458002502,65.58407220403356
C0633,2025-06,75.76775936421629,97.36880678407287,87.2489632286781
C0634,2025-06,84.11756391375877,69.13711541705212,72.0674947573994
C0635,2025-06,52.39466220351346,,56.55905670936364
C0636,2025-06,88.98585952877944,52.38137272667896,84.04672018541358
C0637,2025-06,79.8165247123405,73.3697253916209,71.9478905821822
C0638,2025-06,79.41551074513117,73.70310758712279,71.3037481127329
C0639,2025-06,77.58694053695758,82.17622155427851,76.61188713633138
C0640,2025-06,87.06190037298634,70.04405708797563,75.29575215745648
C0641,2025-06,77.00129540347764,69.10243962942849,80.26993458434892
C0642,2025-06,78.99501518466685,71.66599599548955,86.98216128197652
C0643,2025-06,72.44028022746267,71.71083651837314,66.18710768735816
C0644,2025-06,69.97447987906048,64.32920628516561,88.99507858780682
C0645,2025-06,66.87190775591574,58.134082564515836,81.70048805402263
C0646,2025-06,65.92799413087052,90.62586979443603,74.30727880425916
C0647,2025-06,81.4562537777673,82.31086240380128,65.091857492637
C0648,2025-06,93.36444019013145,100.0,87.00003894843783
C0649,2025-06,62.827576816982884,66.98264048229814,58.80422558376685
C0650,2025-06,61.61830739067686,77.63691144205285,70.38650667539977
C0651,2025-06,65.45690132998585,87.62161682170542,92.70469152906387
C0652,2025-06,48.578216308268686,47.98425263518962,82.86744815205874
C0653,2025-06,80.92802116799471,65.83744728690388,63.68785166132916
C0654,2025-06,55.835891596732125,53.672243476604464,79.30579936559997
C0655,2025-06,82.07115295511636,70.1805985656602,89.52589494920828
C0656,2025-06,74.7614788076998,85.29032324917891,100.0
C0657,2025-06,70.66518682203234,48.23047746506001,84.22454621798387
C0658,2025-06,67.81963322260741,79.8847850494144,76.03905722471768
C0659,2025-06,71.08881162746817,78.31450284867893,58.29425468767984
C0660,2025-06,86.36131299861314,42.115226489791254,87.88493249988265
C0661,2025-06,,62.67172214644493,45.30170910229472
C0662,2025-06,58.71507338930317,85.42812200979779,
C0663,2025-06,80.09129021671535,100.0,74.86494447934376
C0664,2025-06,61.33377628503651,67.57273515703683,81.46216174585925
C0665,2025-06,75.72430716757144,70.13842318574261,59.4135642745144
C0666,2025-06,21.304524037836288,63.97847376569113,76.7810665223422
C0667,2025-06,63.111008351468854,50.53018974344648,58.16504617552337
C0668,2025-06,97.34620699812997,100.0,55.444808513986345
C0669,2025-06,31.725093431436058,62.06990812652979,67.12766898270785
C0670,2025-06,93.52757034860755,66.85671997635491,79.11843824398346
C0671,2025-06,86.90068261627387,55.36968816377881,74.41727512887392
C0672,2025-06,74.56769600840427,37.24393375010601,93.0121544646158
C0673,2025-06,90.97748383358336,75.116601239798,61.42009533134213
C0674,2025-06,55.77899283612926,57.40770871068081,93.43041600560119
C0675,2025-06,65.1434061342244,85.19116112131452,
C0676,2025-06,82.59437669744078,84.34110567575485,78.81715369903257
C0677,2025-06,67.09720804127465,86.5241684099635,96.82999847483973
C0678,2025-06,56.983158376222086,91.74223746584005,80.45896767738544
C0679,2025-06,92.06830762186237,72.52715909661511,
C0680,2025-06,77.67887102925671,79.2686623871625,84.2176196965779
C0681,2025-06,70.37610456779682,81.07203678372564,61.987740786446494
C0682,2025-06,81.32723642560666,63.556759305765496,90.86428276233389
C0683,2025-06,75.49208596665937,72.977645456852,91.1536046273059
C0684,2025-06,84.31436734808477,92.06349141376583,74.10447162772607
C0685,2025-06,76.94327922416423,63.07225073351235,72.12750020691354
C0686,2025-06,48.96528885266446,58.722262994811274,72.887674542349
C0687,2025-06,83.6977688162142,71.94903422745465,90.96674437034245
C0688,2025-06,69.91804826537295,58.39748580275778,64.63706190478828
C0689,2025-06,71.9753858753024,61.093160884671384,85.20770403216206
C0690,2025-06,80.2298830609963,60.901721197358754,
C0691,2025-06,,66.9234324123325,65.53265837903957
C0692,2025-06,53.03517836328767,88.07113521894196,67.36024791602534
C0693,2025-06,81.60022889534245,66.73257246914818,62.62712697917719
C0694,2025-06,88.5606406619916,92.57339134674969,92.38542384452845
C0695,2025-06,62.485563241157024,99.58167631669163,82.48098007736813
C0696,2025-06,58.207899262732745,69.79466307785857,52.37931070379544
C0697,2025-06,63.70593017723416,91.68835522420505,53.591454155424344
C0698,2025-06,84.5002498942037,88.3257336573775,75.35237174351442
C0699,2025-06,63.40307390100109,59.16207256058614,86.06385793255853
C0700,2025-06,,55.93165138346882,71.44274777968886
C0701,2025-06,100.0,95.42340958223001,93.4506436868293
C0702,2025-06,76.14642906808909,73.61146512281738,79.91532975400276
C0703,2025-06,71.26348713445033,82.53710617298155,65.891569308168
C0704,2025-06,74.49426716873545,100.0,59.09511241821218
C0705,2025-06,89.98524352494196,67.73675055655922,81.42637460377662
C0706,2025-06,78.79841912350498,71.0095987887366,66.7334636469631
C0707,2025-06,71.26783223278181,47.263904778772726,66.75620759317368
C0708,2025-06,57.681877363117145,75.12357634247219,
C0709,2025-06,54.895901909311775,94.05661876528329,84.63588896845751
C0710,2025-06,82.09014028018846,76.95621317623787,74.18024407943865
C0711,2025-06,72.61423871673557,59.07592769012212,54.12629619921506
C0712,2025-06,85.75587590348172,75.98073173526211,
C0713,2025-06,55.79170563459998,71.39289942958553,
C0714,2025-06,100.0,76.26045631080264,95.35319412972595
C0715,2025-06,67.2665491770961,100.0,79.30158414148677
C0716,2025-06,67.08058396661436,65.69643624913468,85.66894688370725
C0717,2025-06,83.2517806552365,61.0165512226031,80.42203557891193
C0718,2025-06,88.42693711987566,78.2493685302807,79.78268115420953
C0719,2025-06,57.658491944860245,95.89787383428217,80.48495604525945
C0720,2025-06,50.06859246742508,100.0,77.31485818995687
C0721,2025-06,71.4245552024834,74.5507458669356,53.307111749542216
C0722,2025-06,73.14817030863922,64.8447300796595,87.66401666659489
C0723,2025-06,79.62099013259947,60.59496247362193,
C0724,2025-06,89.51279528218771,57.54133620507892,55.26586774229529
C0725,2025-06,90.40189975483842,99.3361149469022,72.81824118805426
C0726,2025-06,60.91851622408218,92.1662758538069,58.52408123340119
C0727,2025-06,92.46596972145645,50.30573984945917,100.0
C0728,2025-06,67.74117617421382,,73.44993659422522
C0729,2025-06,71.4455980022247,71.29344642343494,38.225602199422745
C0730,2025-06,86.66518556809095,92.88712169361982,82.44283707866555
C0731,2025-06,85.77334981915959,75.26553593804961,60.98028293385061
C0732,2025-06,72.51130432897303,54.190159803962004,77.21386125869387
C0733,2025-06,87.6734067794574,92.79827889890427,81.4177012556567
C0734,2025-06,69.61864829813622,69.95739897026823,76.85231579988356
C0735,2025-06,100.0,88.73981233576598,78.57917379500692
C0736,2025-06,68.88511888695565,60.11095753441309,97.17245862534584
C0737,2025-06,81.62468900324906,70.01872234198393,74.42751872370943
C0738,2025-06,75.03938936354385,39.521610329046794,
C0739,2025-06,80.99655637448141,,81.98136861487089
C0740,2025-06,60.903877682356715,61.781207069637,52.97123166588227
C0741,2025-06,84.18512278313868,47.583851089053745,63.443815327085076
C0742,2025-06,97.59294091107769,98.77161657534742,79.31969616216769
C0743,2025-06,51.70700093938429,75.68994135604652,95.85878277293799
C0744,2025-06,75.7122573089411,63.54852781964136,56.50703809523028
C0745,2025-06,72.35849796030243,66.02380346093595,84.93147684413394
C0746,2025-06,88.56968854877896,72.49214136267324,53.42038365657504
C0747,2025-06,98.97993661844995,83.6950769462692,100.0
C0748,2025-06,71.3984453073437,,63.21637243330831
C0749,2025-06,75.2239169323663,81.55648250767474,76.20383944984755
C0750,2025-06,100.0,76.05267838671601,62.99902766420938
C0751,2025-06,99.25226725902834,,79.66834618803998
C0752,2025-06,100.0,87.09101684968849,69.59376868701813
C0753,2025-06,71.35153269421946,69.35817580397797,67.58202754757632
C0754,2025-06,66.96239681721799,62.215583473801146,68.51893969219361
C0755,2025-06,90.75821886877046,73.03767727147553,63.75817818848365
C0756,2025-06,92.02735293074011,93.08470979044995,64.51171684714541
C0757,2025-06,76.11056232453518,60.86202188738852,51.78531385543786
C0758,2025-06,95.66845994419691,85.61000257824979,73.50781865352828
C0759,2025-06,59.636996585251595,55.11228623285864,87.36407077859393
C0760,2025-06,67.92321770736862,48.284419735606804,79.41617206374158
C0761,2025-06,70.78910974782781,100.0,84.88308145550037
C0762,2025-06,80.20146008998579,56.99093031200288,73.69473893312035
C0763,2025-06,88.21878205155308,87.5673589872914,78.34041188837831
C0764,2025-06,82.57021842695018,86.2044436168262,100.0
C0765,2025-06,55.75375278936802,97.08002836950716,67.88824328569382
C0766,2025-06,89.18281050279492,49.771707634214685,81.97397642295866
C0767,2025-06,82.6780799253144,56.13323812304017,64.48209084681997
C0768,2025-06,77.63748361512279,68.62608976496301,78.36871134904574
C0769,2025-06,61.48098406282695,37.12446525070263,65.29378952147258
C0770,2025-06,66.86363476306435,65.75627750041787,86.39365185042682
C0771,2025-06,65.83974191739719,87.65157558198673,68.46693226983108
C0772,2025-06,93.43405713879703,85.76650362234328,93.54385656546306
C0773,2025-06,85.82917797175685,61.08072616586501,72.94100032100297
C0774,2025-06,57.465088893741935,,80.28229015598532
C0775,2025-06,88.60024257054239,42.66856333052198,53.941965348746265
C0776,2025-06,82.79360912396434,68.83401976104102,93.63538543849285
C0777,2025-06,64.58463222318542,83.2126495605155,83.64874173927105
C0778,2025-06,75.56742186244352,72.69916378325519,80.24392078993165
C0779,2025-06,95.0490597432744,80.29528441421265,90.92391303178681
C0780,2025-06,58.1388452633324,92.60782740879837,70.96003245097664
C0781,2025-06,75.33956078235455,65.31993749938549,100.0
C0782,2025-06,65.1482767348735,69.25257038929446,75.61650336737723
C0783,2025-06,84.48950949946554,79.02274661365067,78.73154395890177
C0784,2025-06,55.256538810682855,87.82190134323572,
C0785,2025-06,67.52057253800865,42.02371527926955,61.556350224460786
C0786,2025-06,68.76539653465542,70.85449684181769,83.64745661190867
C0787,2025-06,69.44750134996175,69.75950478423293,65.1492386729071
C0788,2025-06,71.40301643430925,51.65660530991123,74.71602958432199
C0789,2025-06,86.76107041963563,90.35404916253268,77.42069543826501
C0790,2025-06,65.1941301559753,71.86590447659545,91.09942715737529
C0791,2025-06,85.71654278162536,52.00907282343255,94.5544835531775
C0792,2025-06,80.15959525004239,79.56342644789474,63.46916528675616
C0793,2025-06,86.36045583985191,72.83168058098886,70.45347565089324
C0794,2025-06,50.07965582991232,57.14374828251718,99.83603306141806
C0795,2025-06,76.98964199856614,81.05949983695592,81.28842489722118
C0796,2025-06,,48.641720057369156,85.28501418165938
C0797,2025-06,79.59909227764157,67.52501239500737,
C0798,2025-06,80.14292446907123,70.99788508678262,52.115816752190426
C0799,2025-06,77.33608996823826,67.9704214394591,82.7333917122422
C0800,2025-06,82.5051477231641,93.35935885858449,33.13629568905925
H0034,2025-01,95.52899842300229,73.84677470643925,76.55959779011532
C0482,2025-04,,74.27407894790412,83.33454206925666
C0113,2025-04,79.62095057369064,83.85937841102381,66.64586528802855
H0499,2025-03,78.96497482314109,52.67344078095026,71.53019525925227
H0557,2025-04,88.11424927721677,100.0,98.30662793318675
C0634,2025-04,94.80889718341024,61.77287461041092,100.0
H0030,2025-02,63.90913415222686,70.15622208662194,74.97163415265247
C0698,2025-01,63.33103900680368,59.453971262095536,75.82456151948988
C0122,2025-04,68.64321624318399,87.1404526948821,66.72240200844934
H0534,2025-01,87.11799883598582,55.67854773988971,91.53219501186236
H0402,2025-06,,58.68791442271336,49.86319860538455
H0278,2025-03,57.6222114349668,51.76414733870679,64.22092715418407
H0304,2025-02,71.41974816463737,73.33267280760145,81.06437271181782
C0283,2025-03,72.29812202889215,58.92349483288192,86.89456109442767
C0273,2025-06,67.98667771330157,84.3663106758867,80.45361891754409
H0042,2025-05,81.0381755326099,81.65880962917157,85.589556641443
H0473,2025-06,73.87242846838664,60.791453132365376,
C0423,2025-01,61.43766720915147,100.0,69.56091605981646
H0136,2025-05,80.82730865695694,77.32984150619991,99.42484043625686
H0488,2025-04,81.61325332956325,68.68958194674195,78.50633739922657
H0319,2025-01,61.356674174041025,61.78568806896242,88.89209155767884
C0164,2025-04,85.90833742719242,84.11145593601074,69.4024065816402
C0167,2025-01,72.03252619409147,66.76439627987325,59.67107885323051
H0098,2025-03,89.59424860936137,62.395282055260694,73.73961747093313
C0362,2025-03,59.31338280355037,70.91647488493656,69.78072306250365
H0222,2025-01,91.20223238789077,84.53816049951845,69.43534712524828
H0470,2025-06,79.59910115066853,,71.6088390947194
C0474,2025-02,96.29344664250586,88.10665584839569,45.83885640902303
C0135,2025-03,83.52458353048824,71.05591805351973,93.49753793302438
H0360,2025-04,86.91931767359706,82.52346042410034,33.45993827425641
H0187,2025-02,71.5876675569733,54.33839040267786,57.30657617743406
H0099,2025-05,81.61938311974312,78.87144018232523,77.20597135601062
H0083,2025-06,73.1713499873697,61.284015407804674,99.69473115910577
H0006,2025-02,67.02175517192215,65.2946371693471,83.08746802422455
C0696,2025-01,80.05199991375274,86.26484740160585,80.41961406243475
C0531,2025-06,59.593092265078575,60.273636432224706,83.17892235064592
H0546,2025-02,83.12785344459249,51.510038235581554,100.0
C0799,2025-06,77.33608996823826,67.9704214394591,82.7333917122422
C0477,2025-02,84.27977824718583,35.78786607784941,63.94645560471936
H0195,2025-04,58.02975183677078,42.738115061230516,77.72606799010623
C0007,2025-02,90.49560479887555,64.55710774954643,87.78998580000747
C0281,2025-02,78.63109927412073,42.35521243063879,64.26966956209036
C0082,2025-06,60.67555857645118,63.696134698519856,
C0134,2025-01,81.08518060958342,90.7051392371398,76.70715119740535
C0263,2025-04,71.17343848123701,75.58428262532597,
C0143,2025-02,86.39648737890015,79.31964588011006,49.781384687045446
C0600,2025-01,76.0371813867039,59.893551092450366,73.46313732117954
H0133,2025-03,54.374202706546015,72.86168467068443,63.84110521765197
H0468,2025-02,74.37837762251263,86.16228134044586,82.52860283647344
H0319,2025-05,76.43506971462472,68.93616615445065,
C0642,2025-02,44.42351675067435,61.079642278946295,65.38130129279095
C0629,2025-02,77.18575762589606,41.444247133820085,53.99345897965867
C0629,2025-05,86.35435750898603,86.07014247643298,78.82459807884891
C0366,2025-01,,66.63145120273934,74.42347800446954
C0032,2025-06,62.99357908068217,65.44283299145147,78.76498921812868
H0566,2025-05,56.0613054690288,58.873811940600454,65.24059863794257
C0403,2025-05,59.07563100072146,59.457614959372805,95.7610779057217
C0688,2025-04,78.62407856188346,80.01580299519854,78.18930546615714
C0784,2025-01,65.46257182952463,58.63834893952133,94.09376021575864
H0018,2025-01,74.05619565111432,75.46953455986178,75.78440037771841
C0251,2025-06,100.0,80.39510509328316,77.35041291347369
C0210,2025-04,74.80596466428099,51.10213616888055,77.13610729286256
C0043,2025-03,72.29500020354482,70.25206856587721,69.77861090335738
H0462,2025-01,,54.57760623142778,50.441212939209805
H0546,2025-06,100.0,72.46537780386281,60.50880122373248
C0761,2025-03,91.9046633470708,53.61189333343755,49.74802115216086
C0428,2025-04,71.39737429224743,38.3767253156722,68.90865627991766
C0309,2025-01,100.0,55.52773542769763,85.42044321468687
C0729,2025-03,75.41288473374806,90.61734958282396,62.636733050449706
C0797,2025-06,79.59909227764157,67.52501239500737,
C0548,2025-04,84.53722762981371,92.7668096062547,74.04019902970572
C0550,2025-02,83.63929927399835,87.40516990587729,65.61974002454873
H0016,2025-06,87.06821802926962,59.15551926229257,
H0065,2025-03,85.41882749580247,61.338250699559254,
H0239,2025-05,89.90803251631306,72.26541028056975,65.98131527641652
C0566,2025-05,87.69315672125074,38.84252595872317,81.58983140317822
C0272,2025-04,100.0,71.19127555221652,84.004301857402
C0333,2025-01,86.30905454190707,85.41598684890677,100.0
C0476,2025-05,56.476624344332905,65.29654258936634,83.10648683793931
C0489,2025-05,98.60170593606364,71.07202767602763,77.76096837736415
C0736,2025-06,68.88511888695565,60.11095753441309,97.17245862534584
H0339,2025-06,96.00741838225345,62.65039550898992,78.51464469196699
H0391,2025-05,67.14257924975348,73.27534518887296,83.46901814772673
H0464,2025-06,63.59345519663589,85.0436380203854,80.24372496786044
C0517,2025-03,79.46994223885984,69.04927812820178,58.05613792197521
C0291,2025-04,80.60072699469384,59.235360975609645,80.0162067099522
H0167,2025-02,85.92638977669655,,57.25676944562916
C0124,2025-04,58.76784338934063,77.1187475781422,73.53186083288789
C0212,2025-01,84.67603313120593,90.39037941142739,88.82250515123904
H0247,2025-04,73.5237347873716,61.33000527604192,58.61962772704566
C0259,2025-01,41.87708725023471,69.47041479961285,
H0056,2025-06,86.38611594301639,75.64320604507999,74.11432560253019
C0737,2025-06,81.62468900324906,70.01872234198393,74.42751872370943
C0393,2025-04,74.61655538847792,41.33024644650011,63.78463677567228
C0664,2025-02,64.67403282432399,96.29896528191203,
C0672,2025-03,64.58703336651648,67.36782697612864,89.48559485573918
C0703,2025-03,62.78324286582727,70.57040291647296,80.57427319299305
H0315,2025-03,84.46318622632337,86.37439371030128,91.35990199947001
C0583,2025-05,80.74757748301462,74.54424954089853,69.80928028605287
C0354,2025-04,85.51128959243833,83.6850230456389,80.67534157192587
C0248,2025-05,80.70562461345493,89.96626592352104,84.72149898392492
C0321,2025-03,60.01927513611163,98.57888287977961,70.40526174365169
H0071,2025-06,71.69850526232389,91.40936968958,74.73440688524994
H0579,2025-02,55.65694585473305,39.0553083650904,77.830336652882
C0383,2025-01,55.15137959618083,69.60062799927097,71.77614248362254
H0472,2025-02,81.55640058116177,,64.33493323040888
H0382,2025-05,74.66006811269091,37.999678547516275,62.49402529839626
H0350,2025-01,68.29273960433902,89.86375643986884,100.0
C0488,2025-05,91.75080991525643,62.228078292844025,87.06832789570532
C0232,2025-06,79.5499988367918,45.257866680619514,73.0168049609565
C0026,2025-01,67.45685587242276,54.61508786697152,
C0104,2025-04,93.61560998846089,52.01172248467513,57.01031674184455
H0236,2025-05,67.37279545885931,,36.57541773870793
C0413,2025-02,71.71896604362742,49.730675446664804,
H0544,2025-04,,58.30686101677671,80.0572099783491
H0526,2025-05,88.21398681847108,,87.72010891160613
C0656,2025-03,63.64330443683067,69.67215096808192,66.88296296301185
H0360,2025-06,59.780864908741115,91.56306137570773,70.63248308787496
C0080,2025-03,64.06941312567382,75.6586976276473,91.72996197682075
H0231,2025-06,78.61660634246138,78.76558248548893,89.7124151382837
H0194,2025-02,92.6896120742864,74.44776416688445,81.69470917616636
C0791,2025-04,65.33370071555673,75.33437162663412,75.43514620053938
C0488,2025-02,83.12572063938052,28.28666284041398,59.91784239389259
C0416,2025-03,69.64522446596827,100.0,38.4157253556579
H0043,2025-03,44.05688638967088,68.23253121696828,61.22499333599393
C0661,2025-05,72.44650234250383,95.56375628306037,79.33166614932861
H0300,2025-02,51.997768177337505,50.81631235881224,54.28097293946875
H0153,2025-06,96.79849928077165,77.93013904455354,87.82048218201184
C0693,2025-06,81.60022889534245,66.73257246914818,62.62712697917719
H0263,2025-02,66.44027546543724,100.0,88.4243145829941
H0430,2025-01,83.82922789647701,88.80917130812253,57.56759271033008
C0683,2025-01,92.12433875623212,93.15143020081592,67.53395974710797
H0486,2025-06,83.99911676906878,67.26590102263818,61.21619674113281
H0240,2025-01,,56.941022892873534,82.51497293828425
H0593,2025-03,71.66624605475965,70.26449306986328,80.40197743653587
C0705,2025-03,70.64344405618158,58.194240555838114,49.5577254682871
C0790,2025-06,65.1941301559753,71.86590447659545,91.09942715737529
H0448,2025-04,89.76900234153085,65.88761269276276,70.63675655346961
C0629,2025-06,56.12508146671563,92.46214754330711,87.65633873947414
C0371,2025-01,85.24569080096096,58.98167037494686,37.95709841420822
H0030,2025-06,73.81503807741919,61.784525908900704,74.88561466370889
H0140,2025-03,62.405682129049595,77.00723306928658,66.07664035436228
C0586,2025-03,77.96282203895386,37.602385821863,61.31439963063368
H0433,2025-02,63.19762382478422,89.23640205872607,78.34027533097435
C0790,2025-03,68.19965581695057,59.882242815447306,66.7452450124508
C0139,2025-04,65.94554152159978,78.92036028481985,87.11088135233778
H0182,2025-06,50.06669576112435,64.86660517425963,60.55296009068372
C0686,2025-03,62.19222700336016,85.22845169816095,83.25942409138335
C0637,2025-04,80.99780588142555,100.0,82.61925105539441
H0084,2025-02,84.52415943327154,76.97501351252993,90.35133701352657
C0765,2025-05,47.41120259543701,59.68068357883056,65.7963919453553
C0108,2025-04,68.92068103544887,63.68447280473089,56.64633543965621
H0488,2025-01,82.012856814116,78.32993622652589,93.14604075222157
H0232,2025-05,100.0,65.55933347574123,64.06039345620061
C0535,2025-06,29.64046910819765,67.74511712004586,70.89888817504374
C0384,2025-03,83.08807339516508,67.90518264875793,56.15096817489468
H0268,2025-05,74.95540299865888,74.96779180858556,66.13865433882061
H0597,2025-03,57.351316573858895,65.83153826695904,63.907517571883105
C0158,2025-05,72.2970350341313,68.58824070614571,81.09754680464734
C0596,2025-01,46.574453233687684,44.362339942824875,76.3657909154823
C0259,2025-03,83.09139851360084,75.7603125587669,58.3544615617882
H0286,2025-06,88.16833108147335,65.52980812580006,38.048703114282496
C0719,2025-02,58.60407985161441,84.27719027607777,55.68912193495537
H0394,2025-02,70.68342127156407,63.6771754052859,100.0
C0495,2025-04,73.63366813358844,79.355535303796,45.61789465671633
H0519,2025-01,57.94327532551057,82.338399958334,84.69900498974941
C0454,2025-01,78.7855620964049,51.331463329592744,77.79511480047253
H0334,2025-06,67.31991382812575,68.68688635971813,80.95074960433058
